gauge_id,main_basin_id,L0_basin_id,fold,split_role
GRDC_1197001,1050012680,1050012680,0,test
GRDC_1197010,1050012680,1050012680,0,test
GRDC_1197090,1050012680,1050012680,0,test
GRDC_1197100,1050012680,1050012680,0,test
GRDC_1197300,1050012680,1050012680,0,test
GRDC_1197310,1050012680,1050012680,0,test
GRDC_1197500,1050012680,1050012680,0,test
GRDC_1197501,1050012680,1050012680,0,test
GRDC_1197502,1050012680,1050012680,0,test
GRDC_1197505,1050012680,1050012680,0,test
GRDC_1197507,1050012680,1050012680,0,test
GRDC_1197530,1050012680,1050012680,0,test
GRDC_1197540,1050012680,1050012680,0,test
GRDC_1197550,1050012680,1050012680,0,test
GRDC_1197555,1050012680,1050012680,0,test
GRDC_1197560,1050012680,1050012680,0,test
GRDC_1197580,1050012680,1050012680,0,test
GRDC_1197590,1050012680,1050012680,0,test
GRDC_1197593,1050012680,1050012680,0,test
GRDC_1197595,1050012680,1050012680,0,test
GRDC_1197710,1050012680,1050012680,0,test
GRDC_1199200,1050012810,1050012810,0,test
GRDC_1199310,1050012810,1050012810,0,test
GRDC_1199415,1050012810,1050012810,0,test
GRDC_1199453,1050012810,1050012810,0,test
GRDC_1199455,1050012810,1050012810,0,test
GRDC_1199460,1050012810,1050012810,0,test
GRDC_1199465,1050012810,1050012810,0,test
GRDC_1160900,1050012820,1050012820,3,train
GRDC_1160913,1050012820,1050012820,3,train
GRDC_1160920,1050012820,1050012820,3,train
GRDC_1160970,1050012820,1050012820,3,train
GRDC_1160975,1050012820,1050012820,3,train
GRDC_1160750,1050013070,1050013070,3,train
GRDC_1160752,1050013070,1050013070,3,train
GRDC_1160755,1050013070,1050013070,3,train
GRDC_1160756,1050013070,1050013070,3,train
GRDC_1160810,1050013070,1050013070,3,train
GRDC_1160815,1050013070,1050013070,3,train
GRDC_1160820,1050013070,1050013070,3,train
GRDC_1160825,1050013070,1050013070,3,train
GRDC_1160850,1050013070,1050013070,3,train
GRDC_1160851,1050013070,1050013070,3,train
GRDC_1160881,1050013070,1050013070,3,train
GRDC_1160882,1050013070,1050013070,3,train
GRDC_1160885,1050013070,1050013070,3,train
GRDC_1160892,1050013070,1050013070,3,train
GRDC_1160894,1050013070,1050013070,3,train
GRDC_1160687,1050013080,1050013080,3,train
GRDC_1160688,1050013080,1050013080,3,train
GRDC_1160700,1050013080,1050013080,3,train
GRDC_1160704,1050013080,1050013080,3,train
GRDC_1160709,1050013080,1050013080,3,train
GRDC_1160710,1050013080,1050013080,3,train
GRDC_1160715,1050013080,1050013080,3,train
GRDC_1160725,1050013080,1050013080,3,train
GRDC_1160743,1050013080,1050013080,3,train
GRDC_1160745,1050013080,1050013080,3,train
GRDC_1160763,1050013080,1050013080,3,train
GRDC_1160765,1050013080,1050013080,3,train
GRDC_1160770,1050013080,1050013080,3,train
GRDC_1160773,1050013080,1050013080,3,train
GRDC_1160774,1050013080,1050013080,3,train
GRDC_1160775,1050013080,1050013080,3,train
GRDC_1160777,1050013080,1050013080,3,train
GRDC_1160780,1050013080,1050013080,3,train
GRDC_1160785,1050013080,1050013080,3,train
GRDC_1160788,1050013080,1050013080,3,train
GRDC_1160790,1050013080,1050013080,3,train
GRDC_1160981,1050013080,1050013080,3,train
GRDC_1160671,1050013950,1050013950,2,train
GRDC_1160675,1050013950,1050013950,2,train
GRDC_1160684,1050013950,1050013950,2,train
GRDC_1160693,1050013950,1050013950,2,train
GRDC_1160695,1050013950,1050013950,2,train
GRDC_1160730,1050013950,1050013950,2,train
GRDC_1160600,1050013960,1050013960,4,train
GRDC_1160610,1050013960,1050013960,4,train
GRDC_1160611,1050013960,1050013960,4,train
GRDC_1160617,1050013960,1050013960,4,train
GRDC_1160621,1050013960,1050013960,4,train
GRDC_1160640,1050013960,1050013960,4,train
GRDC_1160641,1050013960,1050013960,4,train
GRDC_1160510,1050014220,1050014220,2,train
GRDC_1160512,1050014220,1050014220,2,train
GRDC_1160520,1050014220,1050014220,2,train
GRDC_1160523,1050014220,1050014220,2,train
GRDC_1160525,1050014220,1050014220,2,train
GRDC_1160527,1050014220,1050014220,2,train
GRDC_1160528,1050014220,1050014220,2,train
GRDC_1160529,1050014220,1050014220,2,train
GRDC_1160530,1050014220,1050014220,2,train
GRDC_1160533,1050014220,1050014220,2,train
GRDC_1160537,1050014220,1050014220,2,train
GRDC_1160580,1050014220,1050014220,2,train
GRDC_1160625,1050014220,1050014220,2,train
GRDC_1160630,1050014220,1050014220,2,train
GRDC_1160635,1050014220,1050014220,2,train
GRDC_1160500,1050014230,1050014230,0,test
GRDC_1160505,1050014230,1050014230,0,test
GRDC_1160545,1050014230,1050014230,0,test
GRDC_1160493,1050014370,1050014370,2,train
GRDC_1160485,1050014380,1050014380,4,train
GRDC_1160487,1050014380,1050014380,4,train
GRDC_1160450,1050014490,1050014490,2,train
GRDC_1160453,1050014490,1050014490,2,train
GRDC_1160457,1050014490,1050014490,2,train
GRDC_1160460,1050014490,1050014490,2,train
GRDC_1160470,1050014490,1050014490,2,train
GRDC_1160351,1050014500,1050014500,4,train
GRDC_1160403,1050014500,1050014500,4,train
GRDC_1160405,1050014500,1050014500,4,train
GRDC_1160417,1050014500,1050014500,4,train
GRDC_1160419,1050014500,1050014500,4,train
GRDC_1160420,1050014500,1050014500,4,train
GRDC_1160425,1050014500,1050014500,4,train
GRDC_1160427,1050014500,1050014500,4,train
GRDC_1160430,1050014500,1050014500,4,train
GRDC_1160441,1050014500,1050014500,4,train
GRDC_1160455,1050014500,1050014500,4,train
GRDC_1160456,1050014500,1050014500,4,train
GRDC_1160458,1050014500,1050014500,4,train
GRDC_1160459,1050014500,1050014500,4,train
GRDC_1160352,1050014920,1050014920,0,test
GRDC_1160353,1050014920,1050014920,0,test
GRDC_1160360,1050014920,1050014920,0,test
GRDC_1160365,1050014920,1050014920,0,test
GRDC_1160367,1050014920,1050014920,0,test
GRDC_1160368,1050014920,1050014920,0,test
GRDC_1160370,1050014920,1050014920,0,test
GRDC_1160373,1050014920,1050014920,0,test
GRDC_1160385,1050014920,1050014920,0,test
GRDC_1160393,1050014920,1050014920,0,test
GRDC_1160395,1050014920,1050014920,0,test
GRDC_1160396,1050014920,1050014920,0,test
GRDC_1160398,1050014920,1050014920,0,test
GRDC_1160102,1050014930,1050014930,2,train
GRDC_1160300,1050014930,1050014930,2,train
GRDC_1160301,1050014930,1050014930,2,train
GRDC_1160303,1050014930,1050014930,2,train
GRDC_1160304,1050014930,1050014930,2,train
GRDC_1160305,1050014930,1050014930,2,train
GRDC_1160310,1050014930,1050014930,2,train
GRDC_1160315,1050014930,1050014930,2,train
GRDC_1160317,1050014930,1050014930,2,train
GRDC_1160328,1050014930,1050014930,2,train
GRDC_1160341,1050014930,1050014930,2,train
GRDC_1160345,1050014930,1050014930,2,train
GRDC_1160940,1050014930,1050014930,2,train
GRDC_1160955,1050014930,1050014930,2,train
GRDC_1160957,1050014930,1050014930,2,train
GRDC_1160960,1050014930,1050014930,2,train
GRDC_1160113,1050015030,1050015030,4,train
GRDC_1160115,1050015030,1050015030,4,train
GRDC_1160250,1050015030,1050015030,4,train
GRDC_1160256,1050015030,1050015030,4,train
GRDC_1160240,1050015390,1050015390,3,train
GRDC_1160245,1050015390,1050015390,3,train
GRDC_1160263,1050015390,1050015390,3,train
GRDC_1160265,1050015390,1050015390,3,train
GRDC_1160266,1050015390,1050015390,3,train
GRDC_1160271,1050015390,1050015390,3,train
GRDC_1160295,1050015390,1050015390,3,train
GRDC_1160091,1050015560,1050015560,1,val
GRDC_1160095,1050015560,1050015560,1,val
GRDC_1160220,1050015560,1050015560,1,val
GRDC_1160230,1050015560,1050015560,1,val
GRDC_1160235,1050015560,1050015560,1,val
GRDC_1160320,1050015560,1050015560,1,val
GRDC_1160200,1050015630,1050015630,1,val
GRDC_1323580,1050024320,1050024320,3,train
GRDC_1324580,1050024320,1050024320,3,train
GRDC_1322840,1050024870,1050024870,2,train
GRDC_1322880,1050024870,1050024870,2,train
GRDC_1320100,1050024880,1050024880,4,train
GRDC_1320150,1050024880,1050024880,4,train
GRDC_1321880,1050024880,1050024880,4,train
GRDC_1196360,1051552540,1050012590,1,val
GRDC_1196370,1051552540,1050012590,1,val
GRDC_1196380,1051552540,1050012590,1,val
GRDC_1196405,1051552540,1050012590,1,val
GRDC_1196570,1051552540,1050012590,1,val
GRDC_1196569,1051552590,1050012590,0,test
GRDC_1196300,1051569210,1050012590,4,train
GRDC_1196390,1051576090,1050012590,3,train
GRDC_1196540,1051576090,1050012590,3,train
GRDC_1196551,1051576090,1050012590,3,train
GRDC_1196150,1051576130,1050012590,4,train
GRDC_1196175,1051576130,1050012590,4,train
GRDC_1196190,1051576130,1050012590,4,train
GRDC_1196205,1051576130,1050012590,4,train
GRDC_1196210,1051576130,1050012590,4,train
GRDC_1196213,1051576130,1050012590,4,train
GRDC_1196215,1051576130,1050012590,4,train
GRDC_1196220,1051576130,1050012590,4,train
GRDC_1196700,1051576130,1050012590,4,train
GRDC_1196710,1051576130,1050012590,4,train
GRDC_1196850,1051576130,1050012590,4,train
GRDC_1196413,1051577000,1050012590,0,test
GRDC_1196441,1051577000,1050012590,0,test
GRDC_1196447,1051577000,1050012590,0,test
GRDC_1196450,1051577000,1050012590,0,test
GRDC_1196455,1051577000,1050012590,0,test
GRDC_1159805,1051608860,1050015850,2,train
GRDC_1159811,1051608860,1050015850,2,train
GRDC_1159813,1051608860,1050015850,2,train
GRDC_1159815,1051608860,1050015850,2,train
GRDC_1159820,1051608860,1050015850,2,train
GRDC_1159825,1051608860,1050015850,2,train
GRDC_1159830,1051608860,1050015850,2,train
GRDC_1159880,1051608870,1050015850,3,train
GRDC_1159890,1051608870,1050015850,3,train
GRDC_1159900,1051608870,1050015850,3,train
GRDC_1159910,1051608870,1050015850,3,train
GRDC_1159510,1051616230,1050015850,4,train
GRDC_1159520,1051616230,1050015850,4,train
GRDC_1159535,1051616230,1050015850,4,train
GRDC_1159545,1051616230,1050015850,4,train
GRDC_1159555,1051616230,1050015850,4,train
GRDC_1159413,1051616280,1050015850,2,train
GRDC_1159415,1051616280,1050015850,2,train
GRDC_1159417,1051616280,1050015850,2,train
GRDC_1159100,1051620260,1050015850,1,val
GRDC_1159103,1051620260,1050015850,1,val
GRDC_1159400,1051623250,1050015850,1,val
GRDC_1159403,1051623250,1050015850,1,val
GRDC_1159405,1051623250,1050015850,1,val
GRDC_1159490,1051623270,1050015850,3,train
GRDC_1159110,1051626200,1050015850,2,train
GRDC_1159120,1051626200,1050015850,2,train
GRDC_1159125,1051626200,1050015850,2,train
GRDC_1159130,1051626200,1050015850,2,train
GRDC_1159290,1051626210,1050015850,1,val
GRDC_1159300,1051626210,1050015850,1,val
GRDC_1159301,1051626210,1050015850,1,val
GRDC_1159304,1051626210,1050015850,1,val
GRDC_1159450,1051628750,1050015850,2,train
GRDC_1159310,1051628760,1050015850,0,test
GRDC_1159320,1051628760,1050015850,0,test
GRDC_1159330,1051628760,1050015850,0,test
GRDC_1159333,1051628760,1050015850,0,test
GRDC_1159335,1051628760,1050015850,0,test
GRDC_1159337,1051628760,1050015850,0,test
GRDC_1159302,1051629430,1050015850,3,train
GRDC_1159305,1051629430,1050015850,3,train
GRDC_1159601,1051629430,1050015850,3,train
GRDC_1159650,1051629430,1050015850,3,train
GRDC_1159651,1051629430,1050015850,3,train
GRDC_1159653,1051629430,1050015850,3,train
GRDC_1159655,1051629430,1050015850,3,train
GRDC_1159660,1051629430,1050015850,3,train
GRDC_1159670,1051629430,1050015850,3,train
GRDC_1159673,1051629430,1050015850,3,train
GRDC_1159675,1051629430,1050015850,3,train
il_14120,2050000010,2050000010,2,train
il_15120,2050000010,2050000010,2,train
il_17110,2050000010,2050000010,2,train
il_17117,2050000010,2050000010,2,train
il_17135,2050000010,2050000010,2,train
il_17144,2050000010,2050000010,2,train
il_17155,2050000010,2050000010,2,train
il_17162,2050000010,2050000010,2,train
il_17164,2050000010,2050000010,2,train
il_17168,2050000010,2050000010,2,train
il_18115,2050000010,2050000010,2,train
il_18125,2050000010,2050000010,2,train
il_18131,2050000010,2050000010,2,train
il_18150,2050000010,2050000010,2,train
il_18178,2050000010,2050000010,2,train
il_18180,2050000010,2050000010,2,train
il_19130,2050000010,2050000010,2,train
il_19160,2050000010,2050000010,2,train
il_19178,2050000010,2050000010,2,train
il_2105,2050000010,2050000010,2,train
il_21105,2050000010,2050000010,2,train
il_21120,2050000010,2050000010,2,train
il_21130,2050000010,2050000010,2,train
il_23103,2050000010,2050000010,2,train
il_23105,2050000010,2050000010,2,train
il_23134,2050000010,2050000010,2,train
il_23137,2050000010,2050000010,2,train
il_23150,2050000010,2050000010,2,train
il_23160,2050000010,2050000010,2,train
il_25191,2050000010,2050000010,2,train
il_4110,2050000010,2050000010,2,train
il_5110,2050000010,2050000010,2,train
il_7105,2050000010,2050000010,2,train
il_8146,2050000010,2050000010,2,train
il_8155,2050000010,2050000010,2,train
GRDC_6220100,2050022160,2050022160,4,train
GRDC_6220111,2050022160,2050022160,4,train
GRDC_6220112,2050022160,2050022160,4,train
GRDC_6220162,2050022160,2050022160,4,train
GRDC_6220170,2050022160,2050022160,4,train
GRDC_6220175,2050022160,2050022160,4,train
GRDC_6220204,2050022160,2050022160,4,train
GRDC_6220210,2050022160,2050022160,4,train
GRDC_6220300,2050022160,2050022160,4,train
GRDC_6220301,2050022160,2050022160,4,train
GRDC_6220320,2050022160,2050022160,4,train
GRDC_6220330,2050022160,2050022160,4,train
GRDC_6220350,2050022160,2050022160,4,train
GRDC_6220360,2050022160,2050022160,4,train
GRDC_6220361,2050022160,2050022160,4,train
GRDC_6220370,2050022160,2050022160,4,train
GRDC_6220500,2050022160,2050022160,4,train
GRDC_6220501,2050022160,2050022160,4,train
GRDC_6220510,2050022160,2050022160,4,train
GRDC_6238100,2050022160,2050022160,4,train
GRDC_6238150,2050022160,2050022160,4,train
GRDC_6335020,2050023010,2050023010,3,train
GRDC_6335030,2050023010,2050023010,3,train
GRDC_6335050,2050023010,2050023010,3,train
GRDC_6335060,2050023010,2050023010,3,train
GRDC_6335070,2050023010,2050023010,3,train
GRDC_6337100,2050023020,2050023020,0,test
GRDC_6337200,2050023020,2050023020,0,test
GRDC_6337250,2050023020,2050023020,0,test
GRDC_6337504,2050023020,2050023020,0,test
GRDC_6337506,2050023020,2050023020,0,test
GRDC_6337514,2050023020,2050023020,0,test
GRDC_6337519,2050023020,2050023020,0,test
GRDC_6337521,2050023020,2050023020,0,test
GRDC_6340150,2050024170,2050024170,1,val
GRDC_6334270,2050024230,2050024230,0,test
GRDC_6341500,2050024230,2050024230,0,test
GRDC_6172020,2050027530,2050027530,4,train
GRDC_6172039,2050027530,2050027530,4,train
GRDC_6172050,2050027530,2050027530,4,train
GRDC_6172052,2050027530,2050027530,4,train
GRDC_6172053,2050027530,2050027530,4,train
GRDC_6172056,2050027530,2050027530,4,train
GRDC_6172010,2050027540,2050027540,3,train
GRDC_6172011,2050027540,2050027540,3,train
GRDC_6172012,2050027540,2050027540,3,train
GRDC_6172013,2050027540,2050027540,3,train
GRDC_6172014,2050027540,2050027540,3,train
GRDC_6172015,2050027540,2050027540,3,train
GRDC_6172016,2050027540,2050027540,3,train
GRDC_6172023,2050027540,2050027540,3,train
GRDC_6172024,2050027540,2050027540,3,train
GRDC_6172026,2050027540,2050027540,3,train
GRDC_6172028,2050027540,2050027540,3,train
GRDC_6172032,2050027540,2050027540,3,train
GRDC_6172036,2050027540,2050027540,3,train
GRDC_6172057,2050027540,2050027540,3,train
GRDC_6172030,2050028110,2050028110,2,train
GRDC_6172033,2050028110,2050028110,2,train
GRDC_6172037,2050028110,2050028110,2,train
GRDC_6172058,2050028110,2050028110,2,train
GRDC_6172200,2050028110,2050028110,2,train
GRDC_6172220,2050028110,2050028110,2,train
GRDC_6172230,2050028110,2050028110,2,train
GRDC_6172236,2050028110,2050028110,2,train
GRDC_6172240,2050028110,2050028110,2,train
GRDC_6172260,2050028110,2050028110,2,train
GRDC_6172270,2050028110,2050028110,2,train
GRDC_6172280,2050028110,2050028110,2,train
GRDC_6172350,2050028110,2050028110,2,train
GRDC_6172351,2050028110,2050028110,2,train
GRDC_6854330,2050028320,2050028320,0,test
GRDC_6854203,2050028660,2050028660,0,test
GRDC_6854250,2050028660,2050028660,0,test
GRDC_6854260,2050028660,2050028660,0,test
GRDC_6854273,2050028660,2050028660,0,test
GRDC_6854115,2050028670,2050028670,4,train
GRDC_6854520,2050028670,2050028670,4,train
GRDC_6854650,2050028670,2050028670,4,train
GRDC_6854722,2050028670,2050028670,4,train
GRDC_6854104,2050029320,2050029320,4,train
GRDC_6854110,2050029320,2050029320,4,train
GRDC_6854940,2050029330,2050029330,4,train
GRDC_6854901,2050029510,2050029510,3,train
GRDC_6854221,2050029580,2050029580,2,train
GRDC_6854801,2050029750,2050029750,1,val
GRDC_6854420,2050029760,2050029760,0,test
GRDC_6854590,2050029940,2050029940,3,train
GRDC_6854954,2050029940,2050029940,3,train
GRDC_6232101,2050030100,2050030100,0,test
GRDC_6232901,2050030100,2050030100,0,test
GRDC_6232905,2050030100,2050030100,0,test
GRDC_6232910,2050030100,2050030100,0,test
GRDC_6232911,2050030100,2050030100,0,test
GRDC_6232916,2050030100,2050030100,0,test
GRDC_6232930,2050030100,2050030100,0,test
GRDC_6232960,2050030100,2050030100,0,test
GRDC_6232970,2050030100,2050030100,0,test
GRDC_6832754,2050030100,2050030100,0,test
GRDC_6832755,2050030100,2050030100,0,test
GRDC_6832907,2050030100,2050030100,0,test
GRDC_6233870,2050030110,2050030110,4,train
GRDC_6233850,2050030160,2050030160,3,train
GRDC_6233780,2050030170,2050030170,0,test
GRDC_6233785,2050030170,2050030170,0,test
GRDC_6233800,2050030170,2050030170,0,test
GRDC_6233750,2050030260,2050030260,2,train
GRDC_6233116,2050030270,2050030270,3,train
GRDC_6233124,2050030270,2050030270,3,train
GRDC_6233710,2050030270,2050030270,3,train
GRDC_6233755,2050030270,2050030270,3,train
GRDC_6233690,2050030480,2050030480,2,train
GRDC_6233692,2050030480,2050030480,2,train
GRDC_6233502,2050030650,2050030650,2,train
GRDC_6233510,2050030650,2050030650,2,train
GRDC_6233530,2050030650,2050030650,2,train
GRDC_6233680,2050030650,2050030650,2,train
GRDC_6233740,2050030650,2050030650,2,train
GRDC_6233126,2050030660,2050030660,4,train
GRDC_6233700,2050030660,2050030660,4,train
GRDC_6233730,2050030660,2050030660,4,train
GRDC_6233450,2050031060,2050031060,1,val
GRDC_6233650,2050031060,2050031060,1,val
GRDC_6233113,2050031070,2050031070,4,train
GRDC_6233122,2050031070,2050031070,4,train
GRDC_6233221,2050031070,2050031070,4,train
GRDC_6233222,2050031070,2050031070,4,train
GRDC_6233223,2050031070,2050031070,4,train
GRDC_6233227,2050031070,2050031070,4,train
GRDC_6233400,2050031070,2050031070,4,train
GRDC_6233401,2050031070,2050031070,4,train
GRDC_6233460,2050031070,2050031070,4,train
GRDC_6233465,2050031070,2050031070,4,train
GRDC_6233470,2050031070,2050031070,4,train
GRDC_6233551,2050031070,2050031070,4,train
GRDC_6233555,2050031070,2050031070,4,train
GRDC_6233200,2050031490,2050031490,2,train
GRDC_6233201,2050031490,2050031490,2,train
GRDC_6233204,2050031490,2050031490,2,train
GRDC_6233205,2050031490,2050031490,2,train
GRDC_6233402,2050031740,2050031740,3,train
GRDC_6233406,2050031740,2050031740,3,train
GRDC_6233411,2050031740,2050031740,3,train
GRDC_6233412,2050031740,2050031740,3,train
GRDC_6233414,2050031740,2050031740,3,train
GRDC_6233415,2050031740,2050031740,3,train
GRDC_6233418,2050031740,2050031740,3,train
GRDC_6233419,2050031740,2050031740,3,train
GRDC_6233421,2050031740,2050031740,3,train
GRDC_6233422,2050031740,2050031740,3,train
GRDC_6233423,2050031740,2050031740,3,train
GRDC_6233425,2050031740,2050031740,3,train
GRDC_6233600,2050031740,2050031740,3,train
GRDC_6233133,2050031750,2050031750,0,test
GRDC_6233440,2050031750,2050031750,0,test
GRDC_6233300,2050031960,2050031960,4,train
GRDC_6233301,2050031960,2050031960,4,train
GRDC_6233130,2050031970,2050031970,1,val
GRDC_6233350,2050031970,2050031970,1,val
GRDC_6233360,2050031970,2050031970,1,val
GRDC_6233366,2050031970,2050031970,1,val
GRDC_6233120,2050032680,2050032680,1,val
GRDC_6233163,2050032680,2050032680,1,val
GRDC_6233180,2050032680,2050032680,1,val
GRDC_6233367,2050032680,2050032680,1,val
GRDC_6233610,2050032680,2050032680,1,val
GRDC_6233170,2050033010,2050033010,1,val
GRDC_6233100,2050033020,2050033020,3,train
GRDC_6233150,2050033020,2050033020,3,train
GRDC_6233315,2050033320,2050033320,0,test
GRDC_6233325,2050033320,2050033320,0,test
GRDC_6233523,2050033320,2050033320,0,test
GRDC_6233525,2050033320,2050033320,0,test
GRDC_6233540,2050033320,2050033320,0,test
GRDC_6229100,2050033330,2050033330,0,test
GRDC_6229110,2050033330,2050033330,0,test
GRDC_6229120,2050033330,2050033330,0,test
GRDC_6229140,2050033330,2050033330,0,test
GRDC_6870630,2050041120,2050041120,0,test
camelsgb_41009,2050048790,2050048790,0,test
camelsgb_41014,2050048790,2050048790,0,test
camelsgb_41019,2050048790,2050048790,0,test
camelsgb_42001,2050048790,2050048790,0,test
camelsgb_42004,2050048790,2050048790,0,test
camelsgb_42010,2050048790,2050048790,0,test
camelsgb_42024,2050048790,2050048790,0,test
camelsgb_42027,2050048790,2050048790,0,test
camelsgb_43006,2050048790,2050048790,0,test
camelsgb_43007,2050048790,2050048790,0,test
camelsgb_43008,2050048790,2050048790,0,test
camelsgb_43009,2050048790,2050048790,0,test
camelsgb_43018,2050048790,2050048790,0,test
camelsgb_43021,2050048790,2050048790,0,test
camelsgb_44001,2050048790,2050048790,0,test
camelsgb_44002,2050048790,2050048790,0,test
camelsgb_45001,2050048790,2050048790,0,test
camelsgb_45003,2050048790,2050048790,0,test
camelsgb_45004,2050048790,2050048790,0,test
camelsgb_45005,2050048790,2050048790,0,test
camelsgb_45009,2050048790,2050048790,0,test
camelsgb_45012,2050048790,2050048790,0,test
camelsgb_46014,2050048790,2050048790,0,test
camelsgb_47001,2050048790,2050048790,0,test
camelsgb_47005,2050048790,2050048790,0,test
camelsgb_47008,2050048790,2050048790,0,test
camelsgb_48011,2050048790,2050048790,0,test
camelsgb_50001,2050048790,2050048790,0,test
camelsgb_50002,2050048790,2050048790,0,test
camelsgb_50006,2050048790,2050048790,0,test
camelsgb_52005,2050048790,2050048790,0,test
camelsgb_52006,2050048790,2050048790,0,test
camelsgb_52010,2050048790,2050048790,0,test
camelsgb_53005,2050048790,2050048790,0,test
camelsgb_53007,2050048790,2050048790,0,test
camelsgb_53013,2050048790,2050048790,0,test
camelsgb_53018,2050048790,2050048790,0,test
camelsgb_53022,2050048790,2050048790,0,test
camelsgb_53028,2050048790,2050048790,0,test
camelsgb_54001,2050048790,2050048790,0,test
camelsgb_54002,2050048790,2050048790,0,test
camelsgb_54004,2050048790,2050048790,0,test
camelsgb_54005,2050048790,2050048790,0,test
camelsgb_54007,2050048790,2050048790,0,test
camelsgb_54008,2050048790,2050048790,0,test
camelsgb_54011,2050048790,2050048790,0,test
camelsgb_54012,2050048790,2050048790,0,test
camelsgb_54015,2050048790,2050048790,0,test
camelsgb_54016,2050048790,2050048790,0,test
camelsgb_54017,2050048790,2050048790,0,test
camelsgb_54019,2050048790,2050048790,0,test
camelsgb_54024,2050048790,2050048790,0,test
camelsgb_54027,2050048790,2050048790,0,test
camelsgb_54028,2050048790,2050048790,0,test
camelsgb_54029,2050048790,2050048790,0,test
camelsgb_54032,2050048790,2050048790,0,test
camelsgb_54038,2050048790,2050048790,0,test
camelsgb_54049,2050048790,2050048790,0,test
camelsgb_54057,2050048790,2050048790,0,test
camelsgb_54095,2050048790,2050048790,0,test
camelsgb_55002,2050048790,2050048790,0,test
camelsgb_55007,2050048790,2050048790,0,test
camelsgb_55014,2050048790,2050048790,0,test
camelsgb_55016,2050048790,2050048790,0,test
camelsgb_55021,2050048790,2050048790,0,test
camelsgb_55023,2050048790,2050048790,0,test
camelsgb_55025,2050048790,2050048790,0,test
camelsgb_55026,2050048790,2050048790,0,test
camelsgb_55032,2050048790,2050048790,0,test
camelsgb_56001,2050048790,2050048790,0,test
camelsgb_56002,2050048790,2050048790,0,test
camelsgb_57004,2050048790,2050048790,0,test
camelsgb_57005,2050048790,2050048790,0,test
camelsgb_57006,2050048790,2050048790,0,test
camelsgb_57007,2050048790,2050048790,0,test
camelsgb_57009,2050048790,2050048790,0,test
camelsgb_58001,2050048790,2050048790,0,test
camelsgb_60002,2050048790,2050048790,0,test
camelsgb_60003,2050048790,2050048790,0,test
camelsgb_60006,2050048790,2050048790,0,test
camelsgb_60010,2050048790,2050048790,0,test
camelsgb_62001,2050048790,2050048790,0,test
camelsgb_64001,2050048790,2050048790,0,test
camelsgb_66001,2050048790,2050048790,0,test
camelsgb_66006,2050048790,2050048790,0,test
camelsgb_66011,2050048790,2050048790,0,test
camelsgb_67006,2050048790,2050048790,0,test
camelsgb_67015,2050048790,2050048790,0,test
camelsgb_68001,2050048790,2050048790,0,test
camelsgb_68003,2050048790,2050048790,0,test
camelsgb_68005,2050048790,2050048790,0,test
camelsgb_69007,2050048790,2050048790,0,test
camelsgb_69015,2050048790,2050048790,0,test
camelsgb_69017,2050048790,2050048790,0,test
camelsgb_69023,2050048790,2050048790,0,test
camelsgb_69027,2050048790,2050048790,0,test
camelsgb_71001,2050048790,2050048790,0,test
camelsgb_71004,2050048790,2050048790,0,test
camelsgb_71006,2050048790,2050048790,0,test
camelsgb_71008,2050048790,2050048790,0,test
camelsgb_72004,2050048790,2050048790,0,test
camelsgb_72005,2050048790,2050048790,0,test
camelsgb_73005,2050048790,2050048790,0,test
camelsgb_75003,2050048790,2050048790,0,test
camelsgb_75004,2050048790,2050048790,0,test
camelsgb_76005,2050048790,2050048790,0,test
camelsgb_76007,2050048790,2050048790,0,test
camelsgb_76008,2050048790,2050048790,0,test
camelsgb_10002,2050050790,2050050790,2,train
camelsgb_10003,2050050790,2050050790,2,train
camelsgb_1001,2050050790,2050050790,2,train
camelsgb_11001,2050050790,2050050790,2,train
camelsgb_11003,2050050790,2050050790,2,train
camelsgb_11004,2050050790,2050050790,2,train
camelsgb_12001,2050050790,2050050790,2,train
camelsgb_12002,2050050790,2050050790,2,train
camelsgb_12005,2050050790,2050050790,2,train
camelsgb_12006,2050050790,2050050790,2,train
camelsgb_12007,2050050790,2050050790,2,train
camelsgb_12008,2050050790,2050050790,2,train
camelsgb_13001,2050050790,2050050790,2,train
camelsgb_13007,2050050790,2050050790,2,train
camelsgb_13008,2050050790,2050050790,2,train
camelsgb_14001,2050050790,2050050790,2,train
camelsgb_14002,2050050790,2050050790,2,train
camelsgb_15006,2050050790,2050050790,2,train
camelsgb_15007,2050050790,2050050790,2,train
camelsgb_15010,2050050790,2050050790,2,train
camelsgb_15011,2050050790,2050050790,2,train
camelsgb_15012,2050050790,2050050790,2,train
camelsgb_15016,2050050790,2050050790,2,train
camelsgb_15023,2050050790,2050050790,2,train
camelsgb_15024,2050050790,2050050790,2,train
camelsgb_15025,2050050790,2050050790,2,train
camelsgb_16001,2050050790,2050050790,2,train
camelsgb_16004,2050050790,2050050790,2,train
camelsgb_17005,2050050790,2050050790,2,train
camelsgb_18003,2050050790,2050050790,2,train
camelsgb_18008,2050050790,2050050790,2,train
camelsgb_18010,2050050790,2050050790,2,train
camelsgb_18011,2050050790,2050050790,2,train
camelsgb_19001,2050050790,2050050790,2,train
camelsgb_20003,2050050790,2050050790,2,train
camelsgb_2001,2050050790,2050050790,2,train
camelsgb_2002,2050050790,2050050790,2,train
camelsgb_21003,2050050790,2050050790,2,train
camelsgb_21006,2050050790,2050050790,2,train
camelsgb_21008,2050050790,2050050790,2,train
camelsgb_21009,2050050790,2050050790,2,train
camelsgb_21011,2050050790,2050050790,2,train
camelsgb_21012,2050050790,2050050790,2,train
camelsgb_21013,2050050790,2050050790,2,train
camelsgb_21015,2050050790,2050050790,2,train
camelsgb_21016,2050050790,2050050790,2,train
camelsgb_21018,2050050790,2050050790,2,train
camelsgb_21022,2050050790,2050050790,2,train
camelsgb_21024,2050050790,2050050790,2,train
camelsgb_21027,2050050790,2050050790,2,train
camelsgb_4001,2050050790,2050050790,2,train
camelsgb_4003,2050050790,2050050790,2,train
camelsgb_6007,2050050790,2050050790,2,train
camelsgb_7001,2050050790,2050050790,2,train
camelsgb_7002,2050050790,2050050790,2,train
camelsgb_7003,2050050790,2050050790,2,train
camelsgb_7005,2050050790,2050050790,2,train
camelsgb_77002,2050050790,2050050790,2,train
camelsgb_77003,2050050790,2050050790,2,train
camelsgb_78003,2050050790,2050050790,2,train
camelsgb_78006,2050050790,2050050790,2,train
camelsgb_79002,2050050790,2050050790,2,train
camelsgb_79004,2050050790,2050050790,2,train
camelsgb_79005,2050050790,2050050790,2,train
camelsgb_79006,2050050790,2050050790,2,train
camelsgb_80002,2050050790,2050050790,2,train
camelsgb_8004,2050050790,2050050790,2,train
camelsgb_8005,2050050790,2050050790,2,train
camelsgb_8006,2050050790,2050050790,2,train
camelsgb_8009,2050050790,2050050790,2,train
camelsgb_8013,2050050790,2050050790,2,train
camelsgb_81003,2050050790,2050050790,2,train
camelsgb_81006,2050050790,2050050790,2,train
camelsgb_82001,2050050790,2050050790,2,train
camelsgb_82003,2050050790,2050050790,2,train
camelsgb_83003,2050050790,2050050790,2,train
camelsgb_83004,2050050790,2050050790,2,train
camelsgb_83006,2050050790,2050050790,2,train
camelsgb_83013,2050050790,2050050790,2,train
camelsgb_84001,2050050790,2050050790,2,train
camelsgb_84004,2050050790,2050050790,2,train
camelsgb_84005,2050050790,2050050790,2,train
camelsgb_84012,2050050790,2050050790,2,train
camelsgb_84013,2050050790,2050050790,2,train
camelsgb_84014,2050050790,2050050790,2,train
camelsgb_84018,2050050790,2050050790,2,train
camelsgb_84019,2050050790,2050050790,2,train
camelsgb_84022,2050050790,2050050790,2,train
camelsgb_85001,2050050790,2050050790,2,train
camelsgb_9002,2050050790,2050050790,2,train
camelsgb_9004,2050050790,2050050790,2,train
camelsgb_92001,2050050790,2050050790,2,train
camelsgb_94001,2050050790,2050050790,2,train
camelsgb_96002,2050050790,2050050790,2,train
camelsgb_22001,2050052960,2050052960,1,val
camelsgb_22009,2050052960,2050052960,1,val
camelsgb_23001,2050052960,2050052960,1,val
camelsgb_23004,2050052960,2050052960,1,val
camelsgb_23007,2050052960,2050052960,1,val
camelsgb_23008,2050052960,2050052960,1,val
camelsgb_24001,2050052960,2050052960,1,val
camelsgb_24003,2050052960,2050052960,1,val
camelsgb_24005,2050052960,2050052960,1,val
camelsgb_25001,2050052960,2050052960,1,val
camelsgb_25029,2050052960,2050052960,1,val
camelsgb_26005,2050052960,2050052960,1,val
camelsgb_26009,2050052960,2050052960,1,val
camelsgb_27001,2050052960,2050052960,1,val
camelsgb_27003,2050052960,2050052960,1,val
camelsgb_27006,2050052960,2050052960,1,val
camelsgb_27007,2050052960,2050052960,1,val
camelsgb_27009,2050052960,2050052960,1,val
camelsgb_27021,2050052960,2050052960,1,val
camelsgb_27025,2050052960,2050052960,1,val
camelsgb_27026,2050052960,2050052960,1,val
camelsgb_27029,2050052960,2050052960,1,val
camelsgb_27030,2050052960,2050052960,1,val
camelsgb_27034,2050052960,2050052960,1,val
camelsgb_27035,2050052960,2050052960,1,val
camelsgb_27041,2050052960,2050052960,1,val
camelsgb_27043,2050052960,2050052960,1,val
camelsgb_27062,2050052960,2050052960,1,val
camelsgb_27071,2050052960,2050052960,1,val
camelsgb_27079,2050052960,2050052960,1,val
camelsgb_27080,2050052960,2050052960,1,val
camelsgb_27087,2050052960,2050052960,1,val
camelsgb_27089,2050052960,2050052960,1,val
camelsgb_27090,2050052960,2050052960,1,val
camelsgb_28003,2050052960,2050052960,1,val
camelsgb_28008,2050052960,2050052960,1,val
camelsgb_28009,2050052960,2050052960,1,val
camelsgb_28012,2050052960,2050052960,1,val
camelsgb_28015,2050052960,2050052960,1,val
camelsgb_28018,2050052960,2050052960,1,val
camelsgb_28022,2050052960,2050052960,1,val
camelsgb_28023,2050052960,2050052960,1,val
camelsgb_28024,2050052960,2050052960,1,val
camelsgb_28026,2050052960,2050052960,1,val
camelsgb_28043,2050052960,2050052960,1,val
camelsgb_28048,2050052960,2050052960,1,val
camelsgb_28066,2050052960,2050052960,1,val
camelsgb_28067,2050052960,2050052960,1,val
camelsgb_28074,2050052960,2050052960,1,val
camelsgb_28081,2050052960,2050052960,1,val
camelsgb_28082,2050052960,2050052960,1,val
camelsgb_28085,2050052960,2050052960,1,val
camelsgb_28091,2050052960,2050052960,1,val
camelsgb_28093,2050052960,2050052960,1,val
camelsgb_28116,2050052960,2050052960,1,val
camelsgb_28117,2050052960,2050052960,1,val
camelsgb_30001,2050052960,2050052960,1,val
camelsgb_31006,2050052960,2050052960,1,val
camelsgb_31021,2050052960,2050052960,1,val
camelsgb_32004,2050052960,2050052960,1,val
camelsgb_33006,2050052960,2050052960,1,val
camelsgb_33012,2050052960,2050052960,1,val
camelsgb_33013,2050052960,2050052960,1,val
camelsgb_33014,2050052960,2050052960,1,val
camelsgb_33019,2050052960,2050052960,1,val
camelsgb_33020,2050052960,2050052960,1,val
camelsgb_33021,2050052960,2050052960,1,val
camelsgb_33022,2050052960,2050052960,1,val
camelsgb_33024,2050052960,2050052960,1,val
camelsgb_33026,2050052960,2050052960,1,val
camelsgb_33039,2050052960,2050052960,1,val
camelsgb_33053,2050052960,2050052960,1,val
camelsgb_34003,2050052960,2050052960,1,val
camelsgb_34004,2050052960,2050052960,1,val
camelsgb_35008,2050052960,2050052960,1,val
camelsgb_36006,2050052960,2050052960,1,val
camelsgb_37001,2050052960,2050052960,1,val
camelsgb_37008,2050052960,2050052960,1,val
camelsgb_38001,2050052960,2050052960,1,val
camelsgb_38003,2050052960,2050052960,1,val
camelsgb_38004,2050052960,2050052960,1,val
camelsgb_38030,2050052960,2050052960,1,val
camelsgb_39001,2050052960,2050052960,1,val
camelsgb_39006,2050052960,2050052960,1,val
camelsgb_39007,2050052960,2050052960,1,val
camelsgb_39014,2050052960,2050052960,1,val
camelsgb_39021,2050052960,2050052960,1,val
camelsgb_39022,2050052960,2050052960,1,val
camelsgb_39023,2050052960,2050052960,1,val
camelsgb_39025,2050052960,2050052960,1,val
camelsgb_39027,2050052960,2050052960,1,val
camelsgb_39034,2050052960,2050052960,1,val
camelsgb_39035,2050052960,2050052960,1,val
camelsgb_39072,2050052960,2050052960,1,val
camelsgb_39078,2050052960,2050052960,1,val
camelsgb_39105,2050052960,2050052960,1,val
camelsgb_39141,2050052960,2050052960,1,val
camelsgb_40003,2050052960,2050052960,1,val
camelsgb_40005,2050052960,2050052960,1,val
camelsgb_40007,2050052960,2050052960,1,val
camelsgb_40010,2050052960,2050052960,1,val
camelsgb_40016,2050052960,2050052960,1,val
camelsgb_40018,2050052960,2050052960,1,val
GRDC_6502141,2050054200,2050054200,2,train
GRDC_6502150,2050054200,2050054200,2,train
GRDC_6502810,2050054200,2050054200,2,train
GRDC_6503100,2050054200,2050054200,2,train
GRDC_6503151,2050054200,2050054200,2,train
GRDC_6503180,2050054200,2050054200,2,train
GRDC_6503352,2050054200,2050054200,2,train
GRDC_6503500,2050054200,2050054200,2,train
GRDC_6503501,2050054200,2050054200,2,train
GRDC_6503853,2050054200,2050054200,2,train
GRDC_6503855,2050054200,2050054200,2,train
GRDC_6233128,2050056770,2050056770,4,train
GRDC_6172031,2050056990,2050056990,2,train
GRDC_6172040,2050056990,2050056990,2,train
lamahice_39,2050057170,2050057170,3,train
lamahice_58,2050057170,2050057170,3,train
lamahice_82,2050057170,2050057170,3,train
lamahice_26,2050057300,2050057300,3,train
lamahice_12,2050057310,2050057310,3,train
lamahice_3,2050057310,2050057310,3,train
lamahice_31,2050057310,2050057310,3,train
lamahice_6,2050057310,2050057310,3,train
lamahice_64,2050057310,2050057310,3,train
lamahice_73,2050057310,2050057310,3,train
lamahice_59,2050058320,2050058320,2,train
lamahice_15,2050058330,2050058330,2,train
lamahice_33,2050058330,2050058330,2,train
lamahice_38,2050058330,2050058330,2,train
lamahice_43,2050058330,2050058330,2,train
lamahice_48,2050058330,2050058330,2,train
lamahice_56,2050058330,2050058330,2,train
lamahice_104,2050059250,2050059250,4,train
lamahice_51,2050059250,2050059250,4,train
lamahice_86,2050059250,2050059250,4,train
lamahice_96,2050059250,2050059250,4,train
lamahice_20,2050059260,2050059260,1,val
lamahice_61,2050059260,2050059260,1,val
lamahice_79,2050059310,2050059310,1,val
il_60105,2050084130,2050084130,1,val
il_60110,2050084130,2050084130,1,val
il_60140,2050084130,2050084130,1,val
il_60150,2050084130,2050084130,1,val
il_60170,2050084130,2050084130,1,val
il_60190,2050084130,2050084130,1,val
il_30120,2050085720,2050085720,3,train
il_30122,2050085720,2050085720,3,train
il_30124,2050085720,2050085720,3,train
il_30128,2050085720,2050085720,3,train
il_30131,2050085720,2050085720,3,train
il_30145,2050085720,2050085720,3,train
il_30155,2050085720,2050085720,3,train
il_30165,2050085720,2050085720,3,train
il_30170,2050085720,2050085720,3,train
il_30175,2050085720,2050085720,3,train
il_31110,2050085720,2050085720,3,train
il_31115,2050085720,2050085720,3,train
il_31155,2050085720,2050085720,3,train
il_31160,2050085720,2050085720,3,train
il_31163,2050085720,2050085720,3,train
il_31165,2050085720,2050085720,3,train
il_38175,2050085720,2050085720,3,train
il_48125,2050085720,2050085720,3,train
il_48130,2050085720,2050085720,3,train
il_48185,2050085720,2050085720,3,train
il_48192,2050085720,2050085720,3,train
il_55106,2050085720,2050085720,3,train
il_55140,2050085720,2050085720,3,train
il_55165,2050085720,2050085720,3,train
il_56140,2050085720,2050085720,3,train
il_56150,2050085720,2050085720,3,train
il_56164,2050085720,2050085720,3,train
il_57125,2050085720,2050085720,3,train
il_57130,2050085720,2050085720,3,train
il_57160,2050085720,2050085720,3,train
il_57165,2050085720,2050085720,3,train
il_57180,2050085720,2050085720,3,train
il_57190,2050085720,2050085720,3,train
il_58150,2050085720,2050085720,3,train
il_58175,2050085720,2050085720,3,train
il_59185,2050085720,2050085720,3,train
il_59195,2050085720,2050085720,3,train
GRDC_6855400,2050229790,2050028310,4,train
GRDC_6855401,2050229790,2050028310,4,train
GRDC_6855403,2050229790,2050028310,4,train
GRDC_6855404,2050229790,2050028310,4,train
GRDC_6855408,2050229790,2050028310,4,train
GRDC_6855450,2050229790,2050028310,4,train
GRDC_6855460,2050229790,2050028310,4,train
GRDC_6855470,2050229790,2050028310,4,train
GRDC_6855480,2050229790,2050028310,4,train
GRDC_6855662,2050229790,2050028310,4,train
GRDC_6340515,2050355620,2050024170,4,train
GRDC_6340610,2050355620,2050024170,4,train
GRDC_6340611,2050355620,2050024170,4,train
GRDC_6340613,2050355620,2050024170,4,train
GRDC_6340810,2050355620,2050024170,4,train
GRDC_6340140,2050355700,2050024170,2,train
GRDC_6340160,2050355700,2050024170,2,train
GRDC_6340180,2050355700,2050024170,2,train
GRDC_6157100,2050362600,2050026060,0,test
GRDC_6357501,2050362600,2050026060,0,test
GRDC_6140280,2050379560,2050024170,1,val
GRDC_6140400,2050379560,2050024170,1,val
GRDC_6140401,2050379560,2050024170,1,val
GRDC_6340130,2050379560,2050024170,1,val
GRDC_6340170,2050379560,2050024170,1,val
GRDC_6340190,2050379560,2050024170,1,val
GRDC_6340430,2050379560,2050024170,1,val
GRDC_6340440,2050379560,2050024170,1,val
GRDC_6340600,2050379560,2050024170,1,val
GRDC_6340620,2050379560,2050024170,1,val
GRDC_6340621,2050379560,2050024170,1,val
GRDC_6340625,2050379560,2050024170,1,val
GRDC_6340627,2050379560,2050024170,1,val
GRDC_6340630,2050379560,2050024170,1,val
GRDC_6340635,2050379560,2050024170,1,val
GRDC_6340301,2050379690,2050024170,3,train
GRDC_6340350,2050379690,2050024170,3,train
GRDC_6340365,2050379690,2050024170,3,train
GRDC_6340671,2050379690,2050024170,3,train
GRDC_6335100,2050420340,2050023010,1,val
GRDC_6335150,2050420340,2050023010,1,val
GRDC_6335350,2050420340,2050023010,1,val
GRDC_6140100,2050420770,2050024170,3,train
GRDC_6140101,2050420770,2050024170,3,train
GRDC_6140120,2050420770,2050024170,3,train
GRDC_6140130,2050420770,2050024170,3,train
GRDC_6140140,2050420770,2050024170,3,train
GRDC_6140481,2050420770,2050024170,3,train
GRDC_6140500,2050420770,2050024170,3,train
GRDC_6140600,2050420770,2050024170,3,train
GRDC_6140700,2050420770,2050024170,3,train
GRDC_6335520,2050429670,2050023010,0,test
GRDC_6335180,2050429770,2050023010,4,train
GRDC_6140250,2050429790,2050024170,3,train
GRDC_6140150,2050429890,2050024170,0,test
GRDC_6140300,2050429890,2050024170,0,test
GRDC_6140450,2050429890,2050024170,0,test
GRDC_6335170,2050441280,2050023010,0,test
GRDC_6335200,2050441280,2050023010,0,test
GRDC_6335640,2050441280,2050023010,0,test
GRDC_6335710,2050441280,2050023010,0,test
GRDC_6335730,2050441280,2050023010,0,test
GRDC_6335830,2050441280,2050023010,0,test
GRDC_6335290,2050441290,2050023010,4,train
GRDC_6335291,2050441290,2050023010,4,train
GRDC_6335600,2050441290,2050023010,4,train
GRDC_6335660,2050441290,2050023010,4,train
GRDC_6335675,2050441290,2050023010,4,train
GRDC_6335680,2050441290,2050023010,4,train
GRDC_6335681,2050441290,2050023010,4,train
GRDC_6335690,2050441290,2050023010,4,train
GRDC_6342070,2050465610,2050008490,2,train
GRDC_6342081,2050465610,2050008490,2,train
GRDC_6342100,2050465610,2050008490,2,train
GRDC_6342105,2050465610,2050008490,2,train
GRDC_6342230,2050465610,2050008490,2,train
GRDC_6342502,2050465610,2050008490,2,train
GRDC_6342800,2050465610,2050008490,2,train
GRDC_6342810,2050465610,2050008490,2,train
GRDC_6342920,2050465610,2050008490,2,train
GRDC_6142100,2050476910,2050008490,1,val
GRDC_6142101,2050476910,2050008490,1,val
GRDC_6142110,2050476910,2050008490,1,val
GRDC_6142120,2050476910,2050008490,1,val
GRDC_6142160,2050476910,2050008490,1,val
GRDC_6142170,2050476910,2050008490,1,val
GRDC_6142190,2050476910,2050008490,1,val
GRDC_6142250,2050476910,2050008490,1,val
GRDC_6142260,2050476910,2050008490,1,val
GRDC_6142270,2050476910,2050008490,1,val
GRDC_6142300,2050476910,2050008490,1,val
GRDC_6335410,2050491760,2050023010,4,train
GRDC_6335450,2050491760,2050023010,4,train
GRDC_6335470,2050491760,2050023010,4,train
GRDC_5101020,5050049720,5050049720,1,val
GRDC_5101040,5050049720,5050049720,1,val
GRDC_5101050,5050049720,5050049720,1,val
GRDC_5101070,5050049720,5050049720,1,val
GRDC_5101071,5050049720,5050049720,1,val
GRDC_5101075,5050049720,5050049720,1,val
GRDC_5101080,5050049720,5050049720,1,val
GRDC_5101090,5050049720,5050049720,1,val
GRDC_5109230,5050049720,5050049720,1,val
GRDC_5109240,5050049720,5050049720,1,val
GRDC_5109251,5050049720,5050049720,1,val
GRDC_5109270,5050049720,5050049720,1,val
camelsaus_102101A,5050049720,5050049720,1,val
camelsaus_105101A,5050049720,5050049720,1,val
camelsaus_105102A,5050049720,5050049720,1,val
camelsaus_105105A,5050049720,5050049720,1,val
camelsaus_108002A,5050049720,5050049720,1,val
camelsaus_925001A,5050049720,5050049720,1,val
GRDC_5606040,5050055960,5050055960,3,train
GRDC_5606041,5050055960,5050055960,3,train
GRDC_5606042,5050055960,5050055960,3,train
GRDC_5606043,5050055960,5050055960,3,train
GRDC_5606046,5050055960,5050055960,3,train
GRDC_5606047,5050055960,5050055960,3,train
GRDC_5606050,5050055960,5050055960,3,train
GRDC_5606071,5050055960,5050055960,3,train
GRDC_5606072,5050055960,5050055960,3,train
GRDC_5606073,5050055960,5050055960,3,train
GRDC_5606074,5050055960,5050055960,3,train
GRDC_5606090,5050055960,5050055960,3,train
GRDC_5606095,5050055960,5050055960,3,train
GRDC_5606097,5050055960,5050055960,3,train
GRDC_5606099,5050055960,5050055960,3,train
GRDC_5606100,5050055960,5050055960,3,train
GRDC_5606105,5050055960,5050055960,3,train
GRDC_5606106,5050055960,5050055960,3,train
GRDC_5606110,5050055960,5050055960,3,train
GRDC_5606120,5050055960,5050055960,3,train
GRDC_5606121,5050055960,5050055960,3,train
GRDC_5606122,5050055960,5050055960,3,train
GRDC_5606123,5050055960,5050055960,3,train
GRDC_5606124,5050055960,5050055960,3,train
GRDC_5606125,5050055960,5050055960,3,train
GRDC_5606130,5050055960,5050055960,3,train
GRDC_5606136,5050055960,5050055960,3,train
GRDC_5606140,5050055960,5050055960,3,train
GRDC_5606180,5050055960,5050055960,3,train
GRDC_5606274,5050055960,5050055960,3,train
camelsaus_604053,5050055960,5050055960,3,train
camelsaus_613002,5050055960,5050055960,3,train
GRDC_5606160,5050056460,5050056460,1,val
GRDC_5606161,5050056460,5050056460,1,val
GRDC_5606162,5050056460,5050056460,1,val
GRDC_5606165,5050056460,5050056460,1,val
GRDC_5606173,5050056460,5050056460,1,val
GRDC_5606174,5050056460,5050056460,1,val
GRDC_5606175,5050056460,5050056460,1,val
camelsaus_616002,5050056460,5050056460,1,val
camelsaus_616065,5050056460,5050056460,1,val
GRDC_5606055,5050056470,5050056470,3,train
GRDC_5606065,5050056470,5050056470,3,train
GRDC_5606066,5050056470,5050056470,3,train
GRDC_5606067,5050056470,5050056470,3,train
GRDC_5606166,5050056470,5050056470,3,train
GRDC_5606080,5050056740,5050056740,2,train
GRDC_5607200,5050057320,5050057320,4,train
GRDC_5607201,5050057320,5050057320,4,train
GRDC_5607210,5050057330,5050057330,1,val
GRDC_5607400,5050057710,5050057710,0,test
GRDC_5607405,5050057720,5050057720,4,train
GRDC_5607410,5050057900,5050057900,3,train
GRDC_5607080,5050057970,5050057970,3,train
GRDC_5607451,5050057970,5050057970,3,train
GRDC_5607510,5050058420,5050058420,2,train
GRDC_5607500,5050058580,5050058580,2,train
GRDC_5607520,5050058580,5050058580,2,train
GRDC_5607020,5050059440,5050059440,3,train
GRDC_5607023,5050059440,5050059440,3,train
GRDC_5607025,5050059440,5050059440,3,train
camelsaus_804001,5050059570,5050059570,1,val
GRDC_5608091,5050061240,5050061240,1,val
GRDC_5608093,5050061240,5050061240,1,val
GRDC_5608095,5050061240,5050061240,1,val
GRDC_5608096,5050061240,5050061240,1,val
GRDC_5608098,5050061240,5050061240,1,val
GRDC_5708094,5050061240,5050061240,1,val
camelsaus_809310,5050061240,5050061240,1,val
GRDC_5708100,5050061250,5050061250,0,test
GRDC_5708135,5050062110,5050062110,0,test
GRDC_5708140,5050062110,5050062110,0,test
GRDC_5708141,5050062110,5050062110,0,test
GRDC_5708142,5050062110,5050062110,0,test
GRDC_5708145,5050062110,5050062110,0,test
GRDC_5708148,5050062110,5050062110,0,test
camelsaus_G8140001,5050062110,5050062110,0,test
camelsaus_G8140040,5050062110,5050062110,0,test
camelsaus_G8140161,5050062110,5050062110,0,test
GRDC_5708160,5050062120,5050062120,2,train
GRDC_5708170,5050062120,5050062120,2,train
GRDC_5708172,5050062120,5050062120,2,train
camelsaus_G8170002,5050062120,5050062120,2,train
GRDC_5709100,5050064130,5050064130,2,train
GRDC_5709105,5050064130,5050064130,2,train
camelsaus_G9030250,5050064130,5050064130,2,train
GRDC_5709110,5050064530,5050064530,1,val
GRDC_5709111,5050064530,5050064530,1,val
GRDC_5709112,5050064530,5050064530,1,val
camelsaus_G9070142,5050064530,5050064530,1,val
GRDC_5109110,5050065420,5050065420,1,val
camelsaus_912101A,5050065420,5050065420,1,val
camelsaus_912105A,5050065420,5050065420,1,val
GRDC_5109210,5050065470,5050065470,4,train
GRDC_5109151,5050065600,5050065600,3,train
GRDC_5109161,5050065630,5050065630,2,train
GRDC_5109170,5050065780,5050065780,1,val
GRDC_5109175,5050065780,5050065780,1,val
GRDC_5109220,5050065850,5050065850,1,val
GRDC_5109201,5050065980,5050065980,3,train
GRDC_5109203,5050065980,5050065980,3,train
GRDC_5109204,5050065980,5050065980,3,train
GRDC_5109205,5050065980,5050065980,3,train
GRDC_5109206,5050065980,5050065980,3,train
camelsaus_919003A,5050065980,5050065980,3,train
camelsaus_919201A,5050065980,5050065980,3,train
camelsaus_919309A,5050065980,5050065980,3,train
GRDC_5101100,5050067860,5050067860,2,train
GRDC_5101109,5050067860,5050067860,2,train
GRDC_5101116,5050067860,5050067860,2,train
GRDC_5101118,5050067860,5050067860,2,train
GRDC_5101119,5050067860,5050067860,2,train
GRDC_5101120,5050067860,5050067860,2,train
GRDC_5101123,5050067860,5050067860,2,train
GRDC_5101124,5050067860,5050067860,2,train
GRDC_5101125,5050067860,5050067860,2,train
GRDC_5101130,5050067860,5050067860,2,train
GRDC_5101162,5050067860,5050067860,2,train
GRDC_5101164,5050067860,5050067860,2,train
GRDC_5101165,5050067860,5050067860,2,train
GRDC_5101170,5050067860,5050067860,2,train
GRDC_5101190,5050067860,5050067860,2,train
GRDC_5101191,5050067860,5050067860,2,train
camelsaus_113004A,5050067860,5050067860,2,train
camelsaus_116010A,5050067860,5050067860,2,train
camelsaus_116012A,5050067860,5050067860,2,train
camelsaus_116014A,5050067860,5050067860,2,train
camelsaus_116015A,5050067860,5050067860,2,train
GRDC_5101200,5050068450,5050068450,0,test
GRDC_5101204,5050068460,5050068460,2,train
GRDC_5101206,5050068460,5050068460,2,train
GRDC_5101253,5050068460,5050068460,2,train
GRDC_5101260,5050068460,5050068460,2,train
camelsaus_121001A,5050068460,5050068460,2,train
GRDC_5101301,5050069590,5050069590,4,train
GRDC_5101291,5050069600,5050069600,0,test
GRDC_5101320,5050069600,5050069600,0,test
GRDC_5101410,5050069600,5050069600,0,test
GRDC_5101411,5050069600,5050069600,0,test
GRDC_5101365,5050069960,5050069960,2,train
GRDC_5101413,5050069960,5050069960,2,train
GRDC_5101414,5050069960,5050069960,2,train
GRDC_5101415,5050069960,5050069960,2,train
GRDC_5101416,5050069960,5050069960,2,train
camelsaus_136202D,5050069960,5050069960,2,train
camelsaus_136203A,5050069960,5050069960,2,train
camelsaus_136208A,5050069960,5050069960,2,train
GRDC_5101381,5050069970,5050069970,4,train
GRDC_5101385,5050069970,5050069970,4,train
GRDC_5101390,5050069970,5050069970,4,train
GRDC_5101396,5050069970,5050069970,4,train
GRDC_5101397,5050069970,5050069970,4,train
GRDC_5101420,5050069970,5050069970,4,train
GRDC_5101430,5050069970,5050069970,4,train
GRDC_5101450,5050069970,5050069970,4,train
GRDC_5101451,5050069970,5050069970,4,train
GRDC_5101471,5050069970,5050069970,4,train
GRDC_5101472,5050069970,5050069970,4,train
GRDC_5101480,5050069970,5050069970,4,train
GRDC_5101486,5050069970,5050069970,4,train
GRDC_5101487,5050069970,5050069970,4,train
GRDC_5101500,5050069970,5050069970,4,train
GRDC_5101505,5050069970,5050069970,4,train
GRDC_5101506,5050069970,5050069970,4,train
GRDC_5201010,5050069970,5050069970,4,train
GRDC_5201020,5050069970,5050069970,4,train
GRDC_5202015,5050069970,5050069970,4,train
GRDC_5202030,5050069970,5050069970,4,train
GRDC_5202033,5050069970,5050069970,4,train
GRDC_5202036,5050069970,5050069970,4,train
GRDC_5202039,5050069970,5050069970,4,train
camelsaus_137101A,5050069970,5050069970,4,train
camelsaus_137201A,5050069970,5050069970,4,train
camelsaus_138004B,5050069970,5050069970,4,train
camelsaus_138010A,5050069970,5050069970,4,train
camelsaus_143009A,5050069970,5050069970,4,train
camelsaus_143110A,5050069970,5050069970,4,train
camelsaus_145101D,5050069970,5050069970,4,train
GRDC_5202012,5050070700,5050070700,0,test
GRDC_5202037,5050070700,5050070700,0,test
GRDC_5202038,5050070700,5050070700,0,test
GRDC_5202040,5050070700,5050070700,0,test
GRDC_5202041,5050070700,5050070700,0,test
GRDC_5202043,5050070700,5050070700,0,test
GRDC_5202044,5050070700,5050070700,0,test
GRDC_5202049,5050070700,5050070700,0,test
GRDC_5202056,5050070700,5050070700,0,test
GRDC_5202057,5050070700,5050070700,0,test
camelsaus_204034,5050070700,5050070700,0,test
GRDC_5202062,5050070710,5050070710,3,train
GRDC_5202063,5050070710,5050070710,3,train
GRDC_5202064,5050070710,5050070710,3,train
GRDC_5202065,5050070710,5050070710,3,train
GRDC_5202067,5050070710,5050070710,3,train
GRDC_5202070,5050070710,5050070710,3,train
GRDC_5202072,5050070710,5050070710,3,train
GRDC_5202073,5050070710,5050070710,3,train
GRDC_5202074,5050070710,5050070710,3,train
GRDC_5202075,5050070710,5050070710,3,train
GRDC_5202080,5050070710,5050070710,3,train
GRDC_5202081,5050070710,5050070710,3,train
GRDC_5202082,5050070710,5050070710,3,train
GRDC_5202083,5050070710,5050070710,3,train
GRDC_5202085,5050070710,5050070710,3,train
GRDC_5202087,5050070710,5050070710,3,train
GRDC_5202090,5050070710,5050070710,3,train
GRDC_5202095,5050070710,5050070710,3,train
camelsaus_206014,5050070710,5050070710,3,train
camelsaus_206018,5050070710,5050070710,3,train
camelsaus_208009,5050070710,5050070710,3,train
GRDC_5202100,5050071130,5050071130,2,train
GRDC_5202102,5050071130,5050071130,2,train
GRDC_5202103,5050071130,5050071130,2,train
GRDC_5202105,5050071130,5050071130,2,train
GRDC_5202106,5050071130,5050071130,2,train
GRDC_5202107,5050071130,5050071130,2,train
GRDC_5202108,5050071130,5050071130,2,train
GRDC_5202109,5050071130,5050071130,2,train
GRDC_5202111,5050071130,5050071130,2,train
GRDC_5202112,5050071130,5050071130,2,train
GRDC_5202113,5050071130,5050071130,2,train
camelsaus_210006,5050071130,5050071130,2,train
camelsaus_210011,5050071130,5050071130,2,train
GRDC_5202110,5050071140,5050071140,0,test
GRDC_5202114,5050071140,5050071140,0,test
GRDC_5202115,5050071140,5050071140,0,test
GRDC_5202120,5050071270,5050071270,4,train
GRDC_5202130,5050071270,5050071270,4,train
GRDC_5202410,5050071270,5050071270,4,train
camelsaus_212260,5050071270,5050071270,4,train
GRDC_5202141,5050071280,5050071280,3,train
GRDC_5202150,5050071280,5050071280,3,train
GRDC_5202151,5050071280,5050071280,3,train
GRDC_5202155,5050071280,5050071280,3,train
GRDC_5202157,5050071280,5050071280,3,train
GRDC_5202160,5050071280,5050071280,3,train
GRDC_5202180,5050071280,5050071280,3,train
GRDC_5202181,5050071280,5050071280,3,train
GRDC_5202183,5050071280,5050071280,3,train
GRDC_5202200,5050071280,5050071280,3,train
GRDC_5202210,5050071280,5050071280,3,train
GRDC_5202212,5050071280,5050071280,3,train
GRDC_5202213,5050071280,5050071280,3,train
GRDC_5202215,5050071280,5050071280,3,train
GRDC_5302100,5050071280,5050071280,3,train
GRDC_5302101,5050071280,5050071280,3,train
GRDC_5302102,5050071280,5050071280,3,train
GRDC_5302103,5050071280,5050071280,3,train
GRDC_5302104,5050071280,5050071280,3,train
GRDC_5302105,5050071280,5050071280,3,train
GRDC_5302106,5050071280,5050071280,3,train
camelsaus_215002,5050071280,5050071280,3,train
camelsaus_215207,5050071280,5050071280,3,train
camelsaus_216002,5050071280,5050071280,3,train
camelsaus_221207,5050071280,5050071280,3,train
camelsaus_221210,5050071280,5050071280,3,train
GRDC_5202216,5050071980,5050071980,4,train
GRDC_5202217,5050071980,5050071980,4,train
GRDC_5202225,5050071980,5050071980,4,train
GRDC_5202227,5050071980,5050071980,4,train
GRDC_5202228,5050071980,5050071980,4,train
GRDC_5302107,5050071980,5050071980,4,train
GRDC_5302108,5050071980,5050071980,4,train
GRDC_5302109,5050071980,5050071980,4,train
GRDC_5302220,5050071980,5050071980,4,train
GRDC_5302229,5050071980,5050071980,4,train
camelsaus_222206,5050071980,5050071980,4,train
GRDC_5302110,5050071990,5050071990,2,train
GRDC_5302111,5050071990,5050071990,2,train
GRDC_5302242,5050071990,5050071990,2,train
GRDC_5302243,5050071990,5050071990,2,train
GRDC_5302244,5050071990,5050071990,2,train
GRDC_5302245,5050071990,5050071990,2,train
GRDC_5302246,5050071990,5050071990,2,train
GRDC_5302250,5050071990,5050071990,2,train
GRDC_5302251,5050071990,5050071990,2,train
GRDC_5302252,5050071990,5050071990,2,train
GRDC_5302253,5050071990,5050071990,2,train
GRDC_5302254,5050071990,5050071990,2,train
GRDC_5302255,5050071990,5050071990,2,train
GRDC_5302256,5050071990,5050071990,2,train
GRDC_5302260,5050071990,5050071990,2,train
GRDC_5302261,5050071990,5050071990,2,train
GRDC_5302262,5050071990,5050071990,2,train
GRDC_5302264,5050071990,5050071990,2,train
GRDC_5302265,5050071990,5050071990,2,train
GRDC_5302270,5050071990,5050071990,2,train
GRDC_5302273,5050071990,5050071990,2,train
GRDC_5302300,5050071990,5050071990,2,train
GRDC_5302301,5050071990,5050071990,2,train
GRDC_5302310,5050071990,5050071990,2,train
GRDC_5302312,5050071990,5050071990,2,train
GRDC_5302313,5050071990,5050071990,2,train
GRDC_5302314,5050071990,5050071990,2,train
GRDC_5302320,5050071990,5050071990,2,train
GRDC_5302325,5050071990,5050071990,2,train
GRDC_5302326,5050071990,5050071990,2,train
GRDC_5302330,5050071990,5050071990,2,train
GRDC_5302331,5050071990,5050071990,2,train
GRDC_5302340,5050071990,5050071990,2,train
GRDC_5302345,5050071990,5050071990,2,train
GRDC_5302360,5050071990,5050071990,2,train
GRDC_5302365,5050071990,5050071990,2,train
GRDC_5302366,5050071990,5050071990,2,train
GRDC_5302403,5050071990,5050071990,2,train
GRDC_5302404,5050071990,5050071990,2,train
GRDC_5302405,5050071990,5050071990,2,train
GRDC_5302406,5050071990,5050071990,2,train
camelsaus_223202,5050071990,5050071990,2,train
camelsaus_224206,5050071990,5050071990,2,train
camelsaus_225110A,5050071990,5050071990,2,train
camelsaus_225219,5050071990,5050071990,2,train
camelsaus_226220,5050071990,5050071990,2,train
camelsaus_231213,5050071990,5050071990,2,train
GRDC_5302391,5050073130,5050073130,4,train
GRDC_5302400,5050073130,5050073130,4,train
GRDC_5302402,5050073130,5050073130,4,train
GRDC_5402100,5050073140,5050073140,1,val
GRDC_5402102,5050073140,5050073140,1,val
GRDC_5402103,5050073140,5050073140,1,val
GRDC_5402110,5050073140,5050073140,1,val
GRDC_5402390,5050073140,5050073140,1,val
GRDC_5204253,5050073410,5050073410,3,train
GRDC_5204268,5050073410,5050073410,3,train
GRDC_5404270,5050073410,5050073410,3,train
GRDC_5404271,5050073410,5050073410,3,train
GRDC_5405105,5050073420,5050073420,0,test
GRDC_5405130,5050073420,5050073420,0,test
GRDC_5405070,5050074320,5050074320,4,train
GRDC_5405080,5050074320,5050074320,4,train
GRDC_5606020,5050076880,5050076880,3,train
GRDC_5606030,5050076890,5050076890,2,train
GRDC_5803030,5050077640,5050077640,1,val
GRDC_5803130,5050077640,5050077640,1,val
GRDC_5803160,5050077640,5050077640,1,val
GRDC_5803170,5050077640,5050077640,1,val
GRDC_5803185,5050077640,5050077640,1,val
GRDC_5803200,5050077640,5050077640,1,val
GRDC_5803300,5050077640,5050077640,1,val
GRDC_5803601,5050077640,5050077640,1,val
GRDC_5866300,5050082270,5050082270,1,val
GRDC_5869401,5050082510,5050082510,3,train
GRDC_5869501,5050082510,5050082510,3,train
GRDC_5867510,5050082520,5050082520,2,train
GRDC_5867550,5050082520,5050082520,2,train
GRDC_5867700,5050082520,5050082520,2,train
GRDC_5867710,5050082520,5050082520,2,train
GRDC_5870600,5050083490,5050083490,2,train
GRDC_5870655,5050083490,5050083490,2,train
GRDC_5866100,5050083500,5050083500,1,val
GRDC_5866111,5050083500,5050083500,1,val
GRDC_5866115,5050083500,5050083500,1,val
GRDC_5866120,5050083500,5050083500,1,val
GRDC_5866150,5050083500,5050083500,1,val
GRDC_5866210,5050083500,5050083500,1,val
GRDC_5866500,5050083500,5050083500,1,val
GRDC_5866600,5050083500,5050083500,1,val
GRDC_5866610,5050083500,5050083500,1,val
GRDC_5867200,5050083500,5050083500,1,val
GRDC_5867250,5050083500,5050083500,1,val
GRDC_5867300,5050083500,5050083500,1,val
GRDC_5867350,5050083500,5050083500,1,val
GRDC_5866200,5050084670,5050084670,1,val
GRDC_5866230,5050084670,5050084670,1,val
GRDC_5868050,5050084900,5050084900,0,test
GRDC_5868100,5050084900,5050084900,0,test
GRDC_5864700,5050085040,5050085040,3,train
GRDC_5864701,5050085040,5050085040,3,train
GRDC_5865900,5050085040,5050085040,3,train
GRDC_5865121,5050085220,5050085220,0,test
GRDC_5865650,5050085230,5050085230,4,train
GRDC_5865670,5050085230,5050085230,4,train
GRDC_5865550,5050085290,5050085290,3,train
GRDC_5865601,5050085290,5050085290,3,train
GRDC_5865400,5050085300,5050085300,2,train
GRDC_5865800,5050085300,5050085300,2,train
GRDC_5865810,5050085300,5050085300,2,train
GRDC_5865300,5050085810,5050085810,2,train
GRDC_5865301,5050085810,5050085810,2,train
GRDC_5863030,5050085820,5050085820,0,test
GRDC_5863110,5050085820,5050085820,0,test
GRDC_5863120,5050085820,5050085820,0,test
GRDC_5863150,5050085820,5050085820,0,test
GRDC_5863200,5050085820,5050085820,0,test
GRDC_5863210,5050085820,5050085820,0,test
GRDC_5864200,5050085820,5050085820,0,test
GRDC_5864210,5050085820,5050085820,0,test
GRDC_5864300,5050085820,5050085820,0,test
GRDC_5864330,5050085820,5050085820,0,test
GRDC_5864350,5050085820,5050085820,0,test
GRDC_5864501,5050085820,5050085820,0,test
GRDC_5865101,5050085820,5050085820,0,test
GRDC_5104245,5050087630,5050073410,1,val
camelsaus_424201A,5050087630,5050073410,1,val
GRDC_5405095,5050087760,5050087760,4,train
GRDC_5304155,5050088270,5050073410,0,test
GRDC_5304160,5050088270,5050073410,0,test
GRDC_5304161,5050088270,5050073410,0,test
GRDC_5304165,5050088270,5050073410,0,test
camelsaus_415226,5050088270,5050073410,0,test
camelsaus_G8110004,5050241230,5050061660,3,train
GRDC_5109152,5050279120,5050065600,2,train
GRDC_5101183,5050300480,5050068450,1,val
GRDC_5101205,5050310980,5050068450,0,test
GRDC_5101181,5050315040,5050068450,0,test
GRDC_5101182,5050315040,5050068450,0,test
GRDC_5101286,5050365270,5050069590,1,val
GRDC_5101287,5050365270,5050069590,1,val
GRDC_5101288,5050365270,5050069590,1,val
GRDC_5101308,5050381140,5050069590,4,train
GRDC_5101285,5050382770,5050069590,0,test
GRDC_5101303,5050382770,5050069590,0,test
GRDC_5101305,5050382770,5050069590,0,test
GRDC_5110030,5050418140,5050087590,3,train
GRDC_5110020,5050418250,5050087590,2,train
GRDC_5110400,5050456070,5050087590,4,train
camelsaus_A0020101,5050456070,5050087590,4,train
GRDC_5410100,5050491510,5050087590,3,train
camelsaus_A0030501,5050491510,5050087590,3,train
GRDC_5104160,5050510890,5050073410,0,test
GRDC_5204160,5050510890,5050073410,0,test
GRDC_5204161,5050510890,5050073410,0,test
GRDC_5204162,5050510890,5050073410,0,test
GRDC_5204168,5050510890,5050073410,0,test
GRDC_5204169,5050510890,5050073410,0,test
camelsaus_416003,5050510890,5050073410,0,test
camelsaus_416008,5050510890,5050073410,0,test
GRDC_5104220,5050511570,5050073410,3,train
GRDC_5104223,5050511570,5050073410,3,train
GRDC_5104228,5050511570,5050073410,3,train
GRDC_5104310,5050511570,5050073410,3,train
GRDC_5104330,5050511570,5050073410,3,train
GRDC_5104350,5050511570,5050073410,3,train
GRDC_5204460,5050511570,5050073410,3,train
camelsaus_422202B,5050511570,5050073410,3,train
camelsaus_422334A,5050511570,5050073410,3,train
camelsaus_422394A,5050511570,5050073410,3,train
GRDC_5204450,5050524970,5050073410,1,val
GRDC_5204180,5050525750,5050073410,4,train
GRDC_5204181,5050525750,5050073410,4,train
GRDC_5204182,5050525750,5050073410,4,train
GRDC_5204183,5050525750,5050073410,4,train
GRDC_5204184,5050525750,5050073410,4,train
GRDC_5204186,5050525750,5050073410,4,train
GRDC_5204187,5050525750,5050073410,4,train
GRDC_5204191,5050525750,5050073410,4,train
GRDC_5204192,5050525750,5050073410,4,train
GRDC_5204452,5050525750,5050073410,4,train
camelsaus_418005,5050525750,5050073410,4,train
camelsaus_418014,5050525750,5050073410,4,train
GRDC_5204170,5050525860,5050073410,0,test
GRDC_5204175,5050525860,5050073410,0,test
GRDC_5204190,5050525860,5050073410,0,test
GRDC_5204193,5050525860,5050073410,0,test
GRDC_5204194,5050525860,5050073410,0,test
GRDC_5204196,5050525860,5050073410,0,test
camelsaus_419005,5050525860,5050073410,0,test
GRDC_5204451,5050528230,5050073410,0,test
GRDC_5204210,5050528460,5050073410,2,train
GRDC_5204216,5050528460,5050073410,2,train
GRDC_5204217,5050528460,5050073410,2,train
GRDC_5204218,5050528460,5050073410,2,train
GRDC_5204219,5050528460,5050073410,2,train
GRDC_5204220,5050528460,5050073410,2,train
GRDC_5204225,5050528460,5050073410,2,train
GRDC_5204229,5050528460,5050073410,2,train
GRDC_5204400,5050528460,5050073410,2,train
GRDC_5204401,5050528460,5050073410,2,train
GRDC_5104230,5050533380,5050073410,4,train
GRDC_5204255,5050533450,5050073410,3,train
GRDC_5204250,5050591010,5050073410,4,train
GRDC_5204251,5050591010,5050073410,4,train
GRDC_5204252,5050591010,5050073410,4,train
GRDC_5204120,5050593360,5050073410,4,train
GRDC_5204122,5050593360,5050073410,4,train
GRDC_5204123,5050593360,5050073410,4,train
GRDC_5204300,5050593360,5050073410,4,train
GRDC_5204301,5050593360,5050073410,4,train
GRDC_5204302,5050593360,5050073410,4,train
GRDC_5204303,5050593360,5050073410,4,train
camelsaus_412050,5050593360,5050073410,4,train
camelsaus_412066,5050593360,5050073410,4,train
GRDC_5204100,5050593410,5050073410,4,train
GRDC_5204101,5050593410,5050073410,4,train
GRDC_5204102,5050593410,5050073410,4,train
GRDC_5204103,5050593410,5050073410,4,train
GRDC_5204112,5050593410,5050073410,4,train
GRDC_5204159,5050593410,5050073410,4,train
GRDC_5204106,5050595630,5050073410,2,train
GRDC_5204010,5050595640,5050073410,4,train
GRDC_5204011,5050595640,5050073410,4,train
GRDC_5204013,5050595640,5050073410,4,train
GRDC_5204015,5050595640,5050073410,4,train
GRDC_5204016,5050595640,5050073410,4,train
GRDC_5204018,5050595640,5050073410,4,train
GRDC_5204019,5050595640,5050073410,4,train
GRDC_5204020,5050595640,5050073410,4,train
GRDC_5304010,5050595640,5050073410,4,train
GRDC_5304015,5050595640,5050073410,4,train
GRDC_5304018,5050595640,5050073410,4,train
GRDC_5304019,5050595640,5050073410,4,train
GRDC_5304020,5050595640,5050073410,4,train
GRDC_5304021,5050595640,5050073410,4,train
GRDC_5304025,5050595640,5050073410,4,train
GRDC_5304029,5050595640,5050073410,4,train
GRDC_5304030,5050595640,5050073410,4,train
GRDC_5304034,5050595640,5050073410,4,train
GRDC_5304035,5050595640,5050073410,4,train
GRDC_5304036,5050595640,5050073410,4,train
GRDC_5304040,5050595640,5050073410,4,train
GRDC_5304051,5050595640,5050073410,4,train
GRDC_5304053,5050595640,5050073410,4,train
GRDC_5304054,5050595640,5050073410,4,train
GRDC_5304061,5050595640,5050073410,4,train
GRDC_5304064,5050595640,5050073410,4,train
GRDC_5304065,5050595640,5050073410,4,train
GRDC_5304067,5050595640,5050073410,4,train
GRDC_5304068,5050595640,5050073410,4,train
GRDC_5304069,5050595640,5050073410,4,train
GRDC_5304070,5050595640,5050073410,4,train
GRDC_5304072,5050595640,5050073410,4,train
GRDC_5304080,5050595640,5050073410,4,train
GRDC_5304082,5050595640,5050073410,4,train
GRDC_5304090,5050595640,5050073410,4,train
GRDC_5304100,5050595640,5050073410,4,train
GRDC_5304110,5050595640,5050073410,4,train
GRDC_5304112,5050595640,5050073410,4,train
GRDC_5304119,5050595640,5050073410,4,train
GRDC_5304120,5050595640,5050073410,4,train
GRDC_5304121,5050595640,5050073410,4,train
GRDC_5304122,5050595640,5050073410,4,train
GRDC_5304123,5050595640,5050073410,4,train
GRDC_5304124,5050595640,5050073410,4,train
GRDC_5304125,5050595640,5050073410,4,train
GRDC_5304126,5050595640,5050073410,4,train
GRDC_5304127,5050595640,5050073410,4,train
GRDC_5304130,5050595640,5050073410,4,train
GRDC_5304132,5050595640,5050073410,4,train
GRDC_5304133,5050595640,5050073410,4,train
GRDC_5304134,5050595640,5050073410,4,train
GRDC_5304136,5050595640,5050073410,4,train
GRDC_5304140,5050595640,5050073410,4,train
GRDC_5304166,5050595640,5050073410,4,train
GRDC_5304170,5050595640,5050073410,4,train
camelsaus_401009,5050595640,5050073410,4,train
camelsaus_401012,5050595640,5050073410,4,train
camelsaus_401015,5050595640,5050073410,4,train
camelsaus_401203,5050595640,5050073410,4,train
camelsaus_401208,5050595640,5050073410,4,train
camelsaus_401210,5050595640,5050073410,4,train
camelsaus_401212,5050595640,5050073410,4,train
camelsaus_401216,5050595640,5050073410,4,train
camelsaus_401217,5050595640,5050073410,4,train
camelsaus_402206,5050595640,5050073410,4,train
camelsaus_402213,5050595640,5050073410,4,train
camelsaus_403214,5050595640,5050073410,4,train
camelsaus_403217,5050595640,5050073410,4,train
camelsaus_403222,5050595640,5050073410,4,train
camelsaus_403232,5050595640,5050073410,4,train
camelsaus_404207,5050595640,5050073410,4,train
camelsaus_405209,5050595640,5050073410,4,train
camelsaus_405215,5050595640,5050073410,4,train
camelsaus_405218,5050595640,5050073410,4,train
camelsaus_405219,5050595640,5050073410,4,train
camelsaus_405226,5050595640,5050073410,4,train
camelsaus_405227,5050595640,5050073410,4,train
camelsaus_405238,5050595640,5050073410,4,train
camelsaus_405248,5050595640,5050073410,4,train
camelsaus_405251,5050595640,5050073410,4,train
camelsaus_405264,5050595640,5050073410,4,train
camelsaus_405274,5050595640,5050073410,4,train
camelsaus_406213,5050595640,5050073410,4,train
camelsaus_406214,5050595640,5050073410,4,train
camelsaus_406224,5050595640,5050073410,4,train
camelsaus_407214,5050595640,5050073410,4,train
camelsaus_407215,5050595640,5050073410,4,train
camelsaus_407253,5050595640,5050073410,4,train
camelsaus_408200,5050595640,5050073410,4,train
GRDC_5204104,5050597410,5050073410,3,train
GRDC_5204105,5050597410,5050073410,3,train
GRDC_5204107,5050597410,5050073410,3,train
GRDC_5204108,5050597410,5050073410,3,train
GRDC_5204109,5050597410,5050073410,3,train
GRDC_5204110,5050597410,5050073410,3,train
GRDC_5204130,5050597410,5050073410,3,train
GRDC_5204131,5050597410,5050073410,3,train
GRDC_5204132,5050597410,5050073410,3,train
GRDC_5204133,5050597410,5050073410,3,train
GRDC_5204135,5050597410,5050073410,3,train
GRDC_5204136,5050597410,5050073410,3,train
GRDC_5204140,5050597410,5050073410,3,train
camelsaus_410705,5050597410,5050073410,3,train
camelsaus_410731,5050597410,5050073410,3,train
camelsaus_410761,5050597410,5050073410,3,train
GRDC_5204111,5050597480,5050073410,3,train
GRDC_5204150,5050597480,5050073410,3,train
camelsaus_410057,5050597480,5050073410,3,train
GRDC_3653110,6050014330,6050014330,3,train
camelsbr_81102000,6050014330,6050014330,3,train
camelsbr_81135000,6050014330,6050014330,3,train
camelsbr_81200000,6050014330,6050014330,3,train
camelsbr_82320000,6050014330,6050014330,3,train
camelsbr_83050000,6050014330,6050014330,3,train
camelsbr_83300200,6050014330,6050014330,3,train
camelsbr_83892998,6050014330,6050014330,3,train
camelsbr_84071000,6050014330,6050014330,3,train
camelsbr_84520000,6050014330,6050014330,3,train
camelsbr_84949000,6050014330,6050014330,3,train
GRDC_3618121,6050207660,6050007000,2,train
GRDC_3618951,6050207660,6050007000,2,train
camelsbr_14280001,6050207660,6050007000,2,train
GRDC_3618053,6050207670,6050007000,2,train
camelsbr_14250000,6050207670,6050007000,2,train
GRDC_3618051,6050224360,6050007000,1,val
GRDC_3618150,6050224470,6050007000,1,val
camelsbr_14440000,6050224470,6050007000,1,val
GRDC_3618711,6050237120,6050007000,4,train
GRDC_3618720,6050237120,6050007000,4,train
GRDC_3618731,6050237120,6050007000,4,train
GRDC_3618740,6050237120,6050007000,4,train
camelsbr_14515000,6050237120,6050007000,4,train
GRDC_3630300,6050241280,6050007000,0,test
camelsbr_18200000,6050241280,6050007000,0,test
GRDC_3632401,6050266740,6050007000,0,test
GRDC_3633100,6050266880,6050007000,4,train
GRDC_3633123,6050266880,6050007000,4,train
GRDC_3633160,6050266880,6050007000,4,train
GRDC_3633190,6050266880,6050007000,4,train
GRDC_3633310,6050266880,6050007000,4,train
camelsbr_12500000,6050266880,6050007000,4,train
camelsbr_12520000,6050266880,6050007000,4,train
GRDC_3634340,6050294360,6050007000,4,train
GRDC_3634360,6050294360,6050007000,4,train
GRDC_3634380,6050294360,6050007000,4,train
GRDC_3634400,6050294360,6050007000,4,train
GRDC_3634450,6050294360,6050007000,4,train
camelsbr_13470000,6050294360,6050007000,4,train
camelsbr_13710001,6050294360,6050007000,4,train
camelsbr_13870000,6050294360,6050007000,4,train
GRDC_3638150,6050298170,6050007000,4,train
GRDC_3638210,6050298170,6050007000,4,train
GRDC_3635035,6050337190,6050007000,4,train
GRDC_3635651,6050337320,6050007000,3,train
camelsbr_15800000,6050337320,6050007000,3,train
GRDC_3637390,6050405310,6050007000,3,train
GRDC_3649860,6050411450,6050007950,2,train
camelsbr_27550000,6050411450,6050007950,2,train
GRDC_3635301,6050425540,6050007000,2,train
GRDC_3635402,6050425550,6050007000,1,val
GRDC_3635408,6050425550,6050007000,1,val
GRDC_3635440,6050425550,6050007000,1,val
GRDC_3637771,6050457840,6050007000,1,val
GRDC_3637810,6050483020,6050007000,1,val
camelsbr_17350000,6050483020,6050007000,1,val
GRDC_3617110,6050491730,6050007000,0,test
GRDC_3617812,6050532210,6050007000,0,test
camelsbr_15130000,6050532210,6050007000,0,test
GRDC_3638700,6050532340,6050007000,4,train
camelsbr_60435200,6050674150,6050016970,3,train
camelsbr_62477100,6050718180,6050016970,2,train
GRDC_3660900,6050719760,6050016970,3,train
camelsbr_61014000,6050719760,6050016970,3,train
camelsbr_61060000,6050719760,6050016970,3,train
camelsbr_61085000,6050719760,6050016970,3,train
camelsbr_61115000,6050719760,6050016970,3,train
camelsbr_61122000,6050719760,6050016970,3,train
GRDC_3660730,6050719850,6050016970,4,train
camelsbr_61520000,6050719850,6050016970,4,train
camelsbr_64501000,6050755240,6050016970,3,train
camelsbr_64508500,6050755240,6050016970,3,train
camelsbr_64360000,6050757580,6050016970,2,train
camelsbr_64380000,6050757580,6050016970,2,train
camelsbr_64625000,6050762870,6050016970,0,test
camelsbr_64645000,6050762870,6050016970,0,test
camelsbr_64682000,6050762870,6050016970,0,test
camelsbr_64785000,6050774200,6050016970,4,train
camelsbr_64820000,6050774200,6050016970,4,train
camelsbr_64830000,6050774200,6050016970,4,train
camelsbr_65136550,6050793620,6050016970,1,val
camelsbr_65979000,6050793620,6050016970,1,val
hysets_09537500,7050007830,7050007830,1,val
GRDC_4152050,7050008710,7050008710,0,test
GRDC_4146900,7050012280,7050012280,1,val
GRDC_4146920,7050012280,7050012280,1,val
GRDC_4146950,7050012280,7050012280,1,val
hysets_11028500,7050012280,7050012280,1,val
hysets_11042400,7050012280,7050012280,1,val
hysets_11044300,7050012280,7050012280,1,val
hysets_11046000,7050012280,7050012280,1,val
hysets_11046300,7050012280,7050012280,1,val
hysets_11046530,7050012280,7050012280,1,val
hysets_11047300,7050012280,7050012280,1,val
hysets_11057500,7050012590,7050012590,0,test
hysets_11070270,7050012590,7050012590,0,test
GRDC_4146630,7050012600,7050012600,0,test
camels_11098000,7050012600,7050012600,0,test
camels_11124500,7050012600,7050012600,0,test
hysets_11097000,7050012600,7050012600,0,test
hysets_11113000,7050012600,7050012600,0,test
hysets_11123500,7050012600,7050012600,0,test
hysets_11124500,7050012600,7050012600,0,test
hysets_11132500,7050012600,7050012600,0,test
hysets_11133000,7050012600,7050012600,0,test
hysets_11136100,7050012600,7050012600,0,test
GRDC_4146410,7050012950,7050012950,3,train
hysets_11136800,7050012950,7050012950,3,train
hysets_11137900,7050012950,7050012950,3,train
hysets_11140000,7050012950,7050012950,3,train
hysets_11140585,7050012950,7050012950,3,train
camels_11141280,7050012960,7050012960,3,train
camels_11143000,7050012960,7050012960,3,train
hysets_11143250,7050012960,7050012960,3,train
GRDC_4146320,7050013170,7050013170,3,train
GRDC_4146400,7050013170,7050013170,3,train
camels_11151300,7050013170,7050013170,3,train
hysets_11147500,7050013170,7050013170,3,train
hysets_11149900,7050013170,7050013170,3,train
hysets_11151300,7050013170,7050013170,3,train
hysets_11151700,7050013170,7050013170,3,train
hysets_11152000,7050013170,7050013170,3,train
hysets_11152050,7050013170,7050013170,3,train
GRDC_4146310,7050013180,7050013180,0,test
GRDC_4146330,7050013180,7050013180,0,test
GRDC_4146340,7050013180,7050013180,0,test
GRDC_4146350,7050013180,7050013180,0,test
camels_11162500,7050013180,7050013180,0,test
camels_11176400,7050013180,7050013180,0,test
hysets_11153000,7050013180,7050013180,0,test
hysets_11156500,7050013180,7050013180,0,test
hysets_11157500,7050013180,7050013180,0,test
hysets_11158600,7050013180,7050013180,0,test
hysets_11159000,7050013180,7050013180,0,test
hysets_11160000,7050013180,7050013180,0,test
hysets_11161000,7050013180,7050013180,0,test
hysets_11162570,7050013180,7050013180,0,test
hysets_11176400,7050013180,7050013180,0,test
GRDC_4146210,7050013560,7050013560,1,val
GRDC_4146230,7050013560,7050013560,1,val
camels_11468500,7050013560,7050013560,1,val
hysets_11458500,7050013560,7050013560,1,val
hysets_11461000,7050013560,7050013560,1,val
hysets_11461500,7050013560,7050013560,1,val
hysets_11463200,7050013560,7050013560,1,val
hysets_11463500,7050013560,7050013560,1,val
hysets_11465750,7050013560,7050013560,1,val
hysets_11466320,7050013560,7050013560,1,val
hysets_11466800,7050013560,7050013560,1,val
hysets_11467200,7050013560,7050013560,1,val
hysets_11467510,7050013560,7050013560,1,val
hysets_11467553,7050013560,7050013560,1,val
hysets_11468000,7050013560,7050013560,1,val
hysets_11469000,7050013560,7050013560,1,val
GRDC_4146180,7050014040,7050014040,3,train
GRDC_4146200,7050014040,7050014040,3,train
camels_11473900,7050014040,7050014040,3,train
camels_11475560,7050014040,7050014040,3,train
camels_11476600,7050014040,7050014040,3,train
camels_11478500,7050014040,7050014040,3,train
hysets_11471500,7050014040,7050014040,3,train
hysets_11473900,7050014040,7050014040,3,train
hysets_11475800,7050014040,7050014040,3,train
hysets_11476500,7050014040,7050014040,3,train
hysets_11477000,7050014040,7050014040,3,train
hysets_11478500,7050014040,7050014040,3,train
GRDC_4146120,7050014050,7050014050,3,train
camels_11481200,7050014050,7050014050,3,train
camels_11482500,7050014050,7050014050,3,train
hysets_11480410,7050014050,7050014050,3,train
hysets_11481200,7050014050,7050014050,3,train
hysets_11481500,7050014050,7050014050,3,train
hysets_11482500,7050014050,7050014050,3,train
GRDC_4146110,7050014200,7050014200,3,train
GRDC_4146111,7050014200,7050014200,3,train
GRDC_4146112,7050014200,7050014200,3,train
GRDC_4146115,7050014200,7050014200,3,train
GRDC_4146130,7050014200,7050014200,3,train
GRDC_4146140,7050014200,7050014200,3,train
GRDC_4146141,7050014200,7050014200,3,train
GRDC_4146145,7050014200,7050014200,3,train
camels_11522500,7050014200,7050014200,3,train
camels_11523200,7050014200,7050014200,3,train
camels_11528700,7050014200,7050014200,3,train
hysets_11493500,7050014200,7050014200,3,train
hysets_11501000,7050014200,7050014200,3,train
hysets_11502500,7050014200,7050014200,3,train
hysets_11519500,7050014200,7050014200,3,train
hysets_11521500,7050014200,7050014200,3,train
hysets_11522500,7050014200,7050014200,3,train
hysets_11523200,7050014200,7050014200,3,train
hysets_11528700,7050014200,7050014200,3,train
GRDC_4146100,7050014210,7050014210,2,train
camels_11532500,7050014210,7050014210,2,train
hysets_11532500,7050014210,7050014210,2,train
GRDC_4146650,7050014250,7050014250,1,val
GRDC_4146670,7050014250,7050014250,1,val
GRDC_4146901,7050014250,7050014250,1,val
camels_14301000,7050014250,7050014250,1,val
camels_14303200,7050014250,7050014250,1,val
camels_14305500,7050014250,7050014250,1,val
camels_14306340,7050014250,7050014250,1,val
camels_14306500,7050014250,7050014250,1,val
camels_14308990,7050014250,7050014250,1,val
camels_14309500,7050014250,7050014250,1,val
camels_14316700,7050014250,7050014250,1,val
camels_14325000,7050014250,7050014250,1,val
camels_14362250,7050014250,7050014250,1,val
camels_14400000,7050014250,7050014250,1,val
hysets_14301000,7050014250,7050014250,1,val
hysets_14301500,7050014250,7050014250,1,val
hysets_14302480,7050014250,7050014250,1,val
hysets_14303600,7050014250,7050014250,1,val
hysets_14306500,7050014250,7050014250,1,val
hysets_14307620,7050014250,7050014250,1,val
hysets_14308000,7050014250,7050014250,1,val
hysets_14309500,7050014250,7050014250,1,val
hysets_14312000,7050014250,7050014250,1,val
hysets_14316700,7050014250,7050014250,1,val
hysets_14318000,7050014250,7050014250,1,val
hysets_14319500,7050014250,7050014250,1,val
hysets_14321000,7050014250,7050014250,1,val
hysets_14325000,7050014250,7050014250,1,val
hysets_14328000,7050014250,7050014250,1,val
hysets_14338000,7050014250,7050014250,1,val
hysets_14375100,7050014250,7050014250,1,val
hysets_14377100,7050014250,7050014250,1,val
GRDC_4115080,7050014930,7050014930,0,test
GRDC_4115081,7050014930,7050014930,0,test
GRDC_4115082,7050014930,7050014930,0,test
GRDC_4115201,7050014930,7050014930,0,test
camels_14216500,7050014930,7050014930,0,test
camels_14222500,7050014930,7050014930,0,test
camels_14236200,7050014930,7050014930,0,test
hysets_14216000,7050014930,7050014930,0,test
hysets_14216500,7050014930,7050014930,0,test
hysets_14219000,7050014930,7050014930,0,test
hysets_14222500,7050014930,7050014930,0,test
hysets_14231000,7050014930,7050014930,0,test
hysets_14231900,7050014930,7050014930,0,test
hysets_14236200,7050014930,7050014930,0,test
hysets_14242580,7050014930,7050014930,0,test
hysets_14243000,7050014930,7050014930,0,test
GRDC_4146050,7050014940,7050014940,4,train
GRDC_4146080,7050014940,7050014940,4,train
GRDC_4146081,7050014940,7050014940,4,train
GRDC_4146082,7050014940,7050014940,4,train
GRDC_4146083,7050014940,7050014940,4,train
GRDC_4146085,7050014940,7050014940,4,train
GRDC_4146150,7050014940,7050014940,4,train
GRDC_4146155,7050014940,7050014940,4,train
GRDC_4146160,7050014940,7050014940,4,train
GRDC_4146161,7050014940,7050014940,4,train
GRDC_4146170,7050014940,7050014940,4,train
GRDC_4146175,7050014940,7050014940,4,train
GRDC_4146185,7050014940,7050014940,4,train
GRDC_4146190,7050014940,7050014940,4,train
GRDC_4146195,7050014940,7050014940,4,train
GRDC_4146220,7050014940,7050014940,4,train
GRDC_4146370,7050014940,7050014940,4,train
GRDC_4146401,7050014940,7050014940,4,train
camels_12013500,7050014940,7050014940,4,train
camels_12020000,7050014940,7050014940,4,train
camels_12025000,7050014940,7050014940,4,train
camels_12025700,7050014940,7050014940,4,train
camels_12035000,7050014940,7050014940,4,train
camels_12040500,7050014940,7050014940,4,train
camels_12041200,7050014940,7050014940,4,train
camels_12043000,7050014940,7050014940,4,train
camels_12048000,7050014940,7050014940,4,train
camels_12054000,7050014940,7050014940,4,train
camels_12056500,7050014940,7050014940,4,train
camels_12073500,7050014940,7050014940,4,train
camels_12082500,7050014940,7050014940,4,train
camels_12092000,7050014940,7050014940,4,train
camels_12095000,7050014940,7050014940,4,train
camels_12114500,7050014940,7050014940,4,train
camels_12115000,7050014940,7050014940,4,train
camels_12115500,7050014940,7050014940,4,train
camels_12117000,7050014940,7050014940,4,train
camels_12141300,7050014940,7050014940,4,train
camels_12143600,7050014940,7050014940,4,train
camels_12144000,7050014940,7050014940,4,train
camels_12145500,7050014940,7050014940,4,train
camels_12147600,7050014940,7050014940,4,train
camels_12167000,7050014940,7050014940,4,train
camels_12175500,7050014940,7050014940,4,train
camels_12178100,7050014940,7050014940,4,train
camels_12186000,7050014940,7050014940,4,train
camels_12189500,7050014940,7050014940,4,train
hysets_12013500,7050014940,7050014940,4,train
hysets_12020000,7050014940,7050014940,4,train
hysets_12025000,7050014940,7050014940,4,train
hysets_12026150,7050014940,7050014940,4,train
hysets_12026400,7050014940,7050014940,4,train
hysets_12027500,7050014940,7050014940,4,train
hysets_12031000,7050014940,7050014940,4,train
hysets_12035000,7050014940,7050014940,4,train
hysets_12037400,7050014940,7050014940,4,train
hysets_12039500,7050014940,7050014940,4,train
hysets_12040500,7050014940,7050014940,4,train
hysets_12041200,7050014940,7050014940,4,train
hysets_12043000,7050014940,7050014940,4,train
hysets_12054000,7050014940,7050014940,4,train
hysets_12056500,7050014940,7050014940,4,train
hysets_12082500,7050014940,7050014940,4,train
hysets_12083000,7050014940,7050014940,4,train
hysets_12087000,7050014940,7050014940,4,train
hysets_12096500,7050014940,7050014940,4,train
hysets_12097500,7050014940,7050014940,4,train
hysets_12097850,7050014940,7050014940,4,train
hysets_12099200,7050014940,7050014940,4,train
hysets_12100490,7050014940,7050014940,4,train
hysets_12101500,7050014940,7050014940,4,train
hysets_12134500,7050014940,7050014940,4,train
hysets_12137800,7050014940,7050014940,4,train
hysets_12141300,7050014940,7050014940,4,train
hysets_12144000,7050014940,7050014940,4,train
hysets_12144500,7050014940,7050014940,4,train
hysets_12149000,7050014940,7050014940,4,train
hysets_12150800,7050014940,7050014940,4,train
hysets_12167000,7050014940,7050014940,4,train
hysets_12175500,7050014940,7050014940,4,train
hysets_12179900,7050014940,7050014940,4,train
hysets_12182500,7050014940,7050014940,4,train
hysets_12186000,7050014940,7050014940,4,train
hysets_12189500,7050014940,7050014940,4,train
hysets_12193400,7050014940,7050014940,4,train
hysets_12200500,7050014940,7050014940,4,train
hysets_12201500,7050014940,7050014940,4,train
hysets_12205000,7050014940,7050014940,4,train
hysets_12208000,7050014940,7050014940,4,train
hysets_12210000,7050014940,7050014940,4,train
hysets_12210700,7050014940,7050014940,4,train
hysets_12213100,7050014940,7050014940,4,train
GRDC_4207750,7050016260,7050016260,4,train
GRDC_4207770,7050016260,7050016260,4,train
GRDC_4207900,7050016260,7050016260,4,train
GRDC_4207910,7050016260,7050016260,4,train
hysets_08MF065,7050016260,7050016260,4,train
hysets_08MF068,7050016260,7050016260,4,train
hysets_08MG001,7050016260,7050016260,4,train
hysets_08MG005,7050016260,7050016260,4,train
hysets_08MG013,7050016260,7050016260,4,train
hysets_08MH001,7050016260,7050016260,4,train
hysets_08MH016,7050016260,7050016260,4,train
hysets_08MH056,7050016260,7050016260,4,train
hysets_08MH103,7050016260,7050016260,4,train
GRDC_4245950,7050016270,7050016270,2,train
hysets_08GA071,7050016270,7050016270,2,train
hysets_08GA072,7050016270,7050016270,2,train
hysets_08GA075,7050016270,7050016270,2,train
hysets_08GB013,7050016270,7050016270,2,train
GRDC_4245650,7050016850,7050016850,1,val
hysets_08GD004,7050016850,7050016850,1,val
hysets_08GD008,7050016850,7050016850,1,val
hysets_08GE002,7050017140,7050017140,4,train
hysets_08GF007,7050017150,7050017150,3,train
hysets_08FB004,7050017930,7050017930,4,train
hysets_08FB006,7050017930,7050017930,4,train
hysets_08FC003,7050018020,7050018020,2,train
hysets_08FE003,7050018030,7050018030,1,val
hysets_08FF001,7050018030,7050018030,1,val
hysets_08FF002,7050018030,7050018030,1,val
hysets_08FF003,7050018030,7050018030,1,val
GRDC_4245210,7050019010,7050019010,1,val
GRDC_4245250,7050019010,7050019010,1,val
GRDC_4245280,7050019010,7050019010,1,val
GRDC_4245920,7050019010,7050019010,1,val
hysets_08EB004,7050019010,7050019010,1,val
hysets_08EC013,7050019010,7050019010,1,val
hysets_08ED001,7050019010,7050019010,1,val
hysets_08ED002,7050019010,7050019010,1,val
hysets_08EE003,7050019010,7050019010,1,val
hysets_08EE013,7050019010,7050019010,1,val
hysets_08EE020,7050019010,7050019010,1,val
hysets_08EF001,7050019010,7050019010,1,val
hysets_08EF005,7050019010,7050019010,1,val
hysets_08EG012,7050019010,7050019010,1,val
GRDC_4245100,7050019190,7050019190,3,train
hysets_08DB001,7050019190,7050019190,3,train
GRDC_4204010,7050020090,7050020090,2,train
GRDC_4204100,7050020090,7050020090,2,train
GRDC_4204900,7050020090,7050020090,2,train
hysets_08CD001,7050020090,7050020090,2,train
hysets_08CE001,7050020090,7050020090,2,train
hysets_08CG001,7050020090,7050020090,2,train
GRDC_4106500,7050020100,7050020100,2,train
GRDC_4106600,7050020100,7050020100,2,train
GRDC_4214105,7050021620,7050021620,1,val
hysets_06GD001,7050021620,7050021620,1,val
GRDC_4214260,7050021740,7050021740,2,train
GRDC_4214263,7050021740,7050021740,2,train
GRDC_4214270,7050021740,7050021740,2,train
GRDC_4214280,7050021740,7050021740,2,train
GRDC_4214320,7050021740,7050021740,2,train
hysets_06FA001,7050021740,7050021740,2,train
hysets_06FB002,7050021740,7050021740,2,train
hysets_06FC001,7050021740,7050021740,2,train
hysets_06FD002,7050021740,7050021740,2,train
GRDC_4213715,7050022240,7050022240,2,train
GRDC_4213840,7050022240,7050022240,2,train
GRDC_4213845,7050022240,7050022240,2,train
hysets_05UF004,7050022240,7050022240,2,train
hysets_05UG001,7050022240,7050022240,2,train
hysets_05UH001,7050022240,7050022240,2,train
hysets_05UH002,7050022240,7050022240,2,train
hysets_04AB001,7050022270,7050022270,1,val
GRDC_4214420,7050023220,7050023220,0,test
GRDC_4214470,7050023220,7050023220,0,test
GRDC_4214475,7050023220,7050023220,0,test
GRDC_4214460,7050023960,7050023960,0,test
GRDC_4214430,7050024030,7050024030,4,train
GRDC_4214490,7050024030,7050024030,4,train
hysets_04FA002,7050024030,7050024030,4,train
GRDC_4214560,7050024580,7050024580,4,train
GRDC_4214610,7050024600,7050024600,3,train
hysets_03NE011,7050029460,7050029460,2,train
hysets_03NF001,7050030870,7050030870,1,val
hysets_03OA005,7050031710,7050031710,3,train
hysets_03OA015,7050031710,7050031710,3,train
hysets_03OE011,7050031710,7050031710,3,train
GRDC_4244550,7050031720,7050031720,2,train
hysets_03QC001,7050031720,7050031720,2,train
hysets_03QC002,7050031720,7050031720,2,train
GRDC_4244610,7050032940,7050032940,0,test
hysets_02XA003,7050032940,7050032940,0,test
GRDC_4244940,7050033120,7050033120,0,test
GRDC_4244420,7050034330,7050034330,3,train
hysets_02RC011,7050034330,7050034330,3,train
hysets_02RH027,7050034330,7050034330,3,train
hysets_02RH035,7050034330,7050034330,3,train
hysets_02RH045,7050034330,7050034330,3,train
hysets_02RH066,7050034330,7050034330,3,train
hysets_02RH067,7050034330,7050034330,3,train
hysets_02RH073,7050034330,7050034330,3,train
hysets_02PD002,7050034340,7050034340,4,train
GRDC_4243320,7050034520,7050034520,1,val
GRDC_4243330,7050034520,7050034520,1,val
GRDC_4243340,7050034520,7050034520,1,val
GRDC_4243360,7050034520,7050034520,1,val
hysets_02PC017,7050034520,7050034520,1,val
hysets_02PJ007,7050034520,7050034520,1,val
hysets_02PJ030,7050034520,7050034520,1,val
hysets_02PK009,7050034520,7050034520,1,val
hysets_02PL005,7050034520,7050034520,1,val
GRDC_4244370,7050034530,7050034530,1,val
GRDC_4244810,7050034530,7050034530,1,val
hysets_01BG008,7050034530,7050034530,1,val
hysets_01BG009,7050034530,7050034530,1,val
hysets_02PG022,7050034530,7050034530,1,val
hysets_02QC009,7050034530,7050034530,1,val
hysets_01BG005,7050035360,7050035360,3,train
hysets_01BF004,7050035370,7050035370,2,train
GRDC_4244840,7050035470,7050035470,0,test
GRDC_4244850,7050035470,7050035470,0,test
hysets_01BC001,7050035470,7050035470,0,test
hysets_01BD008,7050035470,7050035470,0,test
hysets_01BE001,7050035470,7050035470,0,test
hysets_01BJ007,7050035470,7050035470,0,test
hysets_01BJ003,7050035480,7050035480,1,val
hysets_01BJ010,7050035480,7050035480,1,val
hysets_01BL003,7050035480,7050035480,1,val
GRDC_4244870,7050035860,7050035860,1,val
GRDC_4244880,7050035860,7050035860,1,val
hysets_01BO001,7050035860,7050035860,1,val
hysets_01BP001,7050035860,7050035860,1,val
hysets_01BQ001,7050035860,7050035860,1,val
GRDC_4244960,7050035870,7050035870,0,test
GRDC_4244985,7050035870,7050035870,0,test
GRDC_4244995,7050035870,7050035870,0,test
hysets_01BU002,7050035870,7050035870,0,test
hysets_01BV006,7050035870,7050035870,0,test
hysets_01EC001,7050035870,7050035870,0,test
hysets_01ED005,7050035870,7050035870,0,test
hysets_01EF001,7050035870,7050035870,0,test
hysets_01EO001,7050035870,7050035870,0,test
GRDC_4131030,7050038320,7050038320,3,train
GRDC_4131031,7050038320,7050038320,3,train
GRDC_4147030,7050038320,7050038320,3,train
GRDC_4147031,7050038320,7050038320,3,train
GRDC_4231200,7050038320,7050038320,3,train
GRDC_4231250,7050038320,7050038320,3,train
GRDC_4231590,7050038320,7050038320,3,train
GRDC_4231602,7050038320,7050038320,3,train
GRDC_4231621,7050038320,7050038320,3,train
GRDC_4231650,7050038320,7050038320,3,train
GRDC_4231680,7050038320,7050038320,3,train
GRDC_4231800,7050038320,7050038320,3,train
camels_01013500,7050038320,7050038320,3,train
hysets_01010000,7050038320,7050038320,3,train
hysets_01010070,7050038320,7050038320,3,train
hysets_01010500,7050038320,7050038320,3,train
hysets_01013500,7050038320,7050038320,3,train
hysets_01014000,7050038320,7050038320,3,train
hysets_01017290,7050038320,7050038320,3,train
hysets_01018035,7050038320,7050038320,3,train
hysets_01AD002,7050038320,7050038320,3,train
hysets_01AD003,7050038320,7050038320,3,train
hysets_01AE001,7050038320,7050038320,3,train
hysets_01AJ003,7050038320,7050038320,3,train
hysets_01AJ004,7050038320,7050038320,3,train
hysets_01AJ010,7050038320,7050038320,3,train
hysets_01AK001,7050038320,7050038320,3,train
hysets_01AK007,7050038320,7050038320,3,train
hysets_01AL002,7050038320,7050038320,3,train
hysets_01AM001,7050038320,7050038320,3,train
hysets_01AN002,7050038320,7050038320,3,train
hysets_01AP002,7050038320,7050038320,3,train
hysets_01AP004,7050038320,7050038320,3,train
hysets_01AP006,7050038320,7050038320,3,train
GRDC_4147060,7050038340,7050038340,4,train
GRDC_4147061,7050038340,7050038340,4,train
GRDC_4147360,7050038340,7050038340,4,train
GRDC_4247100,7050038340,7050038340,4,train
GRDC_4247101,7050038340,7050038340,4,train
GRDC_4247500,7050038340,7050038340,4,train
GRDC_4247700,7050038340,7050038340,4,train
camels_01022500,7050038340,7050038340,4,train
hysets_01022500,7050038340,7050038340,4,train
hysets_01AQ001,7050038340,7050038340,4,train
GRDC_4147010,7050038810,7050038810,1,val
camels_01030500,7050038810,7050038810,1,val
camels_01031500,7050038810,7050038810,1,val
hysets_01027200,7050038810,7050038810,1,val
hysets_01030500,7050038810,7050038810,1,val
hysets_01031450,7050038810,7050038810,1,val
hysets_01031500,7050038810,7050038810,1,val
GRDC_4147050,7050038980,7050038980,4,train
GRDC_4147051,7050038980,7050038980,4,train
GRDC_4147110,7050038980,7050038980,4,train
GRDC_4147111,7050038980,7050038980,4,train
camels_01047000,7050038980,7050038980,4,train
camels_01052500,7050038980,7050038980,4,train
camels_01054200,7050038980,7050038980,4,train
camels_01055000,7050038980,7050038980,4,train
camels_01057000,7050038980,7050038980,4,train
hysets_01044550,7050038980,7050038980,4,train
hysets_01046000,7050038980,7050038980,4,train
hysets_01047000,7050038980,7050038980,4,train
hysets_01048000,7050038980,7050038980,4,train
hysets_01052500,7050038980,7050038980,4,train
hysets_01054200,7050038980,7050038980,4,train
hysets_01055500,7050038980,7050038980,4,train
GRDC_4147210,7050039060,7050039060,0,test
hysets_01064500,7050039060,7050039060,0,test
hysets_01064801,7050039060,7050039060,0,test
GRDC_4147310,7050039070,7050039070,1,val
GRDC_4147380,7050039160,7050039160,3,train
GRDC_4147381,7050039160,7050039160,3,train
GRDC_4147382,7050039160,7050039160,3,train
camels_01078000,7050039160,7050039160,3,train
hysets_01074520,7050039160,7050039160,3,train
hysets_01075000,7050039160,7050039160,3,train
hysets_01076500,7050039160,7050039160,3,train
hysets_01078000,7050039160,7050039160,3,train
hysets_01086000,7050039160,7050039160,3,train
hysets_01089100,7050039160,7050039160,3,train
hysets_01089500,7050039160,7050039160,3,train
hysets_01091000,7050039160,7050039160,3,train
hysets_01094000,7050039160,7050039160,3,train
GRDC_4147410,7050039170,7050039170,3,train
GRDC_4147440,7050039170,7050039170,3,train
GRDC_4147450,7050039170,7050039170,3,train
camels_01121000,7050039170,7050039170,3,train
camels_01123000,7050039170,7050039170,3,train
hysets_01111500,7050039170,7050039170,3,train
hysets_01117430,7050039170,7050039170,3,train
hysets_01118500,7050039170,7050039170,3,train
hysets_011230695,7050039170,7050039170,3,train
hysets_01125490,7050039170,7050039170,3,train
GRDC_4147460,7050039620,7050039620,2,train
GRDC_4147461,7050039620,7050039620,2,train
GRDC_4147462,7050039620,7050039620,2,train
GRDC_4147463,7050039620,7050039620,2,train
GRDC_4147465,7050039620,7050039620,2,train
GRDC_4147470,7050039620,7050039620,2,train
GRDC_4147475,7050039620,7050039620,2,train
camels_01134500,7050039620,7050039620,2,train
camels_01137500,7050039620,7050039620,2,train
camels_01139000,7050039620,7050039620,2,train
camels_01144000,7050039620,7050039620,2,train
camels_01162500,7050039620,7050039620,2,train
camels_01169000,7050039620,7050039620,2,train
camels_01181000,7050039620,7050039620,2,train
camels_01187300,7050039620,7050039620,2,train
hysets_01134500,7050039620,7050039620,2,train
hysets_01135300,7050039620,7050039620,2,train
hysets_01137500,7050039620,7050039620,2,train
hysets_01144000,7050039620,7050039620,2,train
hysets_01153550,7050039620,7050039620,2,train
hysets_01154000,7050039620,7050039620,2,train
hysets_01169000,7050039620,7050039620,2,train
hysets_01174500,7050039620,7050039620,2,train
hysets_01176000,7050039620,7050039620,2,train
hysets_01181000,7050039620,7050039620,2,train
hysets_01193500,7050039620,7050039620,2,train
GRDC_4147490,7050039630,7050039630,0,test
GRDC_4147491,7050039630,7050039630,0,test
hysets_01196500,7050039630,7050039630,0,test
hysets_01198000,7050039630,7050039630,0,test
hysets_01198125,7050039630,7050039630,0,test
hysets_01200000,7050039630,7050039630,0,test
hysets_01204000,7050039630,7050039630,0,test
GRDC_4147500,7050039870,7050039870,3,train
GRDC_4147501,7050039870,7050039870,3,train
GRDC_4147502,7050039870,7050039870,3,train
GRDC_4147505,7050039870,7050039870,3,train
GRDC_4147510,7050039870,7050039870,3,train
camels_01333000,7050039870,7050039870,3,train
camels_01350000,7050039870,7050039870,3,train
camels_01350140,7050039870,7050039870,3,train
camels_01365000,7050039870,7050039870,3,train
hysets_01321000,7050039870,7050039870,3,train
hysets_01329490,7050039870,7050039870,3,train
hysets_01333000,7050039870,7050039870,3,train
hysets_01334000,7050039870,7050039870,3,train
hysets_01334500,7050039870,7050039870,3,train
hysets_01335754,7050039870,7050039870,3,train
hysets_01343060,7050039870,7050039870,3,train
hysets_01348000,7050039870,7050039870,3,train
hysets_01349000,7050039870,7050039870,3,train
hysets_01358000,7050039870,7050039870,3,train
hysets_01361000,7050039870,7050039870,3,train
hysets_01362200,7050039870,7050039870,3,train
hysets_01371500,7050039870,7050039870,3,train
hysets_01372500,7050039870,7050039870,3,train
hysets_01374531,7050039870,7050039870,3,train
GRDC_4147540,7050039880,7050039880,1,val
GRDC_4147600,7050039880,7050039880,1,val
GRDC_4147601,7050039880,7050039880,1,val
GRDC_4147605,7050039880,7050039880,1,val
GRDC_4147606,7050039880,7050039880,1,val
GRDC_4147650,7050039880,7050039880,1,val
GRDC_4147651,7050039880,7050039880,1,val
GRDC_4147810,7050039880,7050039880,1,val
camels_01413500,7050039880,7050039880,1,val
camels_01423000,7050039880,7050039880,1,val
camels_01435000,7050039880,7050039880,1,val
camels_01439500,7050039880,7050039880,1,val
camels_01440000,7050039880,7050039880,1,val
camels_01440400,7050039880,7050039880,1,val
hysets_01387500,7050039880,7050039880,1,val
hysets_01400000,7050039880,7050039880,1,val
hysets_01400500,7050039880,7050039880,1,val
hysets_01402000,7050039880,7050039880,1,val
hysets_01403060,7050039880,7050039880,1,val
hysets_01413408,7050039880,7050039880,1,val
hysets_01421900,7050039880,7050039880,1,val
hysets_01422500,7050039880,7050039880,1,val
hysets_01423000,7050039880,7050039880,1,val
hysets_01432900,7050039880,7050039880,1,val
hysets_01435000,7050039880,7050039880,1,val
hysets_01439500,7050039880,7050039880,1,val
hysets_01440000,7050039880,7050039880,1,val
hysets_01440400,7050039880,7050039880,1,val
hysets_01443500,7050039880,7050039880,1,val
hysets_01445500,7050039880,7050039880,1,val
hysets_01447500,7050039880,7050039880,1,val
hysets_01451650,7050039880,7050039880,1,val
hysets_01452000,7050039880,7050039880,1,val
hysets_01452500,7050039880,7050039880,1,val
hysets_01463500,7050039880,7050039880,1,val
hysets_01464000,7050039880,7050039880,1,val
hysets_01464750,7050039880,7050039880,1,val
hysets_01472810,7050039880,7050039880,1,val
hysets_01473500,7050039880,7050039880,1,val
hysets_01474000,7050039880,7050039880,1,val
hysets_01477000,7050039880,7050039880,1,val
hysets_01478245,7050039880,7050039880,1,val
hysets_01478650,7050039880,7050039880,1,val
hysets_01479000,7050039880,7050039880,1,val
hysets_01480015,7050039880,7050039880,1,val
hysets_01481500,7050039880,7050039880,1,val
GRDC_4147700,7050041050,7050041050,3,train
GRDC_4147701,7050041050,7050041050,3,train
GRDC_4147702,7050041050,7050041050,3,train
GRDC_4147703,7050041050,7050041050,3,train
GRDC_4147704,7050041050,7050041050,3,train
GRDC_4147710,7050041050,7050041050,3,train
GRDC_4147715,7050041050,7050041050,3,train
GRDC_4147720,7050041050,7050041050,3,train
GRDC_4147721,7050041050,7050041050,3,train
GRDC_4147725,7050041050,7050041050,3,train
GRDC_4147726,7050041050,7050041050,3,train
camels_01510000,7050041050,7050041050,3,train
camels_01532000,7050041050,7050041050,3,train
camels_01539000,7050041050,7050041050,3,train
camels_01543000,7050041050,7050041050,3,train
camels_01543500,7050041050,7050041050,3,train
camels_01547700,7050041050,7050041050,3,train
camels_01548500,7050041050,7050041050,3,train
camels_01550000,7050041050,7050041050,3,train
camels_01552000,7050041050,7050041050,3,train
camels_01567500,7050041050,7050041050,3,train
camels_01568000,7050041050,7050041050,3,train
camels_01580000,7050041050,7050041050,3,train
hysets_01502500,7050041050,7050041050,3,train
hysets_01502632,7050041050,7050041050,3,train
hysets_01502731,7050041050,7050041050,3,train
hysets_01503000,7050041050,7050041050,3,train
hysets_01505000,7050041050,7050041050,3,train
hysets_01505810,7050041050,7050041050,3,train
hysets_01507000,7050041050,7050041050,3,train
hysets_01509000,7050041050,7050041050,3,train
hysets_01510000,7050041050,7050041050,3,train
hysets_01513500,7050041050,7050041050,3,train
hysets_01513831,7050041050,7050041050,3,train
hysets_01515000,7050041050,7050041050,3,train
hysets_01516350,7050041050,7050041050,3,train
hysets_01532000,7050041050,7050041050,3,train
hysets_01534000,7050041050,7050041050,3,train
hysets_01538700,7050041050,7050041050,3,train
hysets_01539000,7050041050,7050041050,3,train
hysets_01540500,7050041050,7050041050,3,train
hysets_01541000,7050041050,7050041050,3,train
hysets_01543000,7050041050,7050041050,3,train
hysets_01543500,7050041050,7050041050,3,train
hysets_01547100,7050041050,7050041050,3,train
hysets_01547700,7050041050,7050041050,3,train
hysets_01547950,7050041050,7050041050,3,train
hysets_01548500,7050041050,7050041050,3,train
hysets_01550000,7050041050,7050041050,3,train
hysets_01552000,7050041050,7050041050,3,train
hysets_01555000,7050041050,7050041050,3,train
hysets_01555500,7050041050,7050041050,3,train
hysets_01556000,7050041050,7050041050,3,train
hysets_01558000,7050041050,7050041050,3,train
hysets_01559000,7050041050,7050041050,3,train
hysets_01560000,7050041050,7050041050,3,train
hysets_01562000,7050041050,7050041050,3,train
hysets_01565000,7050041050,7050041050,3,train
hysets_01566000,7050041050,7050041050,3,train
hysets_01568000,7050041050,7050041050,3,train
hysets_01570000,7050041050,7050041050,3,train
hysets_01570500,7050041050,7050041050,3,train
hysets_01571500,7050041050,7050041050,3,train
hysets_01572190,7050041050,7050041050,3,train
hysets_01573000,7050041050,7050041050,3,train
hysets_01573560,7050041050,7050041050,3,train
hysets_01574000,7050041050,7050041050,3,train
hysets_01576000,7050041050,7050041050,3,train
hysets_01576500,7050041050,7050041050,3,train
hysets_01576754,7050041050,7050041050,3,train
hysets_01576787,7050041050,7050041050,3,train
hysets_01577500,7050041050,7050041050,3,train
hysets_01580520,7050041050,7050041050,3,train
camels_01591400,7050041060,7050041060,4,train
hysets_01582000,7050041060,7050041060,4,train
hysets_01586000,7050041060,7050041060,4,train
hysets_01589352,7050041060,7050041060,4,train
hysets_01594000,7050041060,7050041060,4,train
hysets_01649500,7050041060,7050041060,4,train
hysets_01651000,7050041060,7050041060,4,train
GRDC_4147900,7050041400,7050041400,1,val
GRDC_4147901,7050041400,7050041400,1,val
GRDC_4147902,7050041400,7050041400,1,val
GRDC_4147903,7050041400,7050041400,1,val
GRDC_4147904,7050041400,7050041400,1,val
GRDC_4147905,7050041400,7050041400,1,val
GRDC_4147907,7050041400,7050041400,1,val
camels_01596500,7050041400,7050041400,1,val
camels_01605500,7050041400,7050041400,1,val
camels_01606500,7050041400,7050041400,1,val
camels_01613050,7050041400,7050041400,1,val
camels_01620500,7050041400,7050041400,1,val
camels_01632000,7050041400,7050041400,1,val
camels_01632900,7050041400,7050041400,1,val
camels_01634500,7050041400,7050041400,1,val
camels_01638480,7050041400,7050041400,1,val
camels_01639500,7050041400,7050041400,1,val
camels_01644000,7050041400,7050041400,1,val
hysets_01595000,7050041400,7050041400,1,val
hysets_01595300,7050041400,7050041400,1,val
hysets_01601500,7050041400,7050041400,1,val
hysets_01605500,7050041400,7050041400,1,val
hysets_01606000,7050041400,7050041400,1,val
hysets_01606500,7050041400,7050041400,1,val
hysets_01608500,7050041400,7050041400,1,val
hysets_01609000,7050041400,7050041400,1,val
hysets_01610000,7050041400,7050041400,1,val
hysets_01610155,7050041400,7050041400,1,val
hysets_01611500,7050041400,7050041400,1,val
hysets_01613000,7050041400,7050041400,1,val
hysets_01613095,7050041400,7050041400,1,val
hysets_01613525,7050041400,7050041400,1,val
hysets_01614000,7050041400,7050041400,1,val
hysets_01614500,7050041400,7050041400,1,val
hysets_01615000,7050041400,7050041400,1,val
hysets_01616500,7050041400,7050041400,1,val
hysets_01618000,7050041400,7050041400,1,val
hysets_01619500,7050041400,7050041400,1,val
hysets_01622000,7050041400,7050041400,1,val
hysets_01625000,7050041400,7050041400,1,val
hysets_01626000,7050041400,7050041400,1,val
hysets_01626850,7050041400,7050041400,1,val
hysets_01627500,7050041400,7050041400,1,val
hysets_01628500,7050041400,7050041400,1,val
hysets_01629500,7050041400,7050041400,1,val
hysets_01631000,7050041400,7050041400,1,val
hysets_01632000,7050041400,7050041400,1,val
hysets_01632082,7050041400,7050041400,1,val
hysets_01632900,7050041400,7050041400,1,val
hysets_01633000,7050041400,7050041400,1,val
hysets_01634000,7050041400,7050041400,1,val
hysets_01634500,7050041400,7050041400,1,val
hysets_01635500,7050041400,7050041400,1,val
hysets_01636500,7050041400,7050041400,1,val
hysets_01637500,7050041400,7050041400,1,val
hysets_01638480,7050041400,7050041400,1,val
hysets_01638500,7050041400,7050041400,1,val
hysets_01639500,7050041400,7050041400,1,val
hysets_01642190,7050041400,7050041400,1,val
hysets_01643000,7050041400,7050041400,1,val
hysets_01643500,7050041400,7050041400,1,val
hysets_01643700,7050041400,7050041400,1,val
hysets_01643805,7050041400,7050041400,1,val
hysets_01643880,7050041400,7050041400,1,val
hysets_01644000,7050041400,7050041400,1,val
hysets_01644280,7050041400,7050041400,1,val
hysets_01646000,7050041400,7050041400,1,val
hysets_01646500,7050041400,7050041400,1,val
hysets_01646502,7050041400,7050041400,1,val
GRDC_4147320,7050041410,7050041410,1,val
GRDC_4147330,7050041410,7050041410,1,val
GRDC_4147340,7050041410,7050041410,1,val
GRDC_4147950,7050041410,7050041410,1,val
camels_01658500,7050041410,7050041410,1,val
camels_01664000,7050041410,7050041410,1,val
camels_01666500,7050041410,7050041410,1,val
camels_01667500,7050041410,7050041410,1,val
camels_01669000,7050041410,7050041410,1,val
camels_01669520,7050041410,7050041410,1,val
camels_02011400,7050041410,7050041410,1,val
camels_02011460,7050041410,7050041410,1,val
camels_02013000,7050041410,7050041410,1,val
camels_02014000,7050041410,7050041410,1,val
camels_02015700,7050041410,7050041410,1,val
camels_02016000,7050041410,7050041410,1,val
camels_02017500,7050041410,7050041410,1,val
camels_02018000,7050041410,7050041410,1,val
camels_02027000,7050041410,7050041410,1,val
camels_02027500,7050041410,7050041410,1,val
camels_02028500,7050041410,7050041410,1,val
hysets_01656000,7050041410,7050041410,1,val
hysets_01663500,7050041410,7050041410,1,val
hysets_01665500,7050041410,7050041410,1,val
hysets_01666500,7050041410,7050041410,1,val
hysets_01667500,7050041410,7050041410,1,val
hysets_01668000,7050041410,7050041410,1,val
hysets_01669520,7050041410,7050041410,1,val
hysets_01671100,7050041410,7050041410,1,val
hysets_01672500,7050041410,7050041410,1,val
hysets_01674000,7050041410,7050041410,1,val
hysets_01674500,7050041410,7050041410,1,val
hysets_02011400,7050041410,7050041410,1,val
hysets_02013000,7050041410,7050041410,1,val
hysets_02014000,7050041410,7050041410,1,val
hysets_02015700,7050041410,7050041410,1,val
hysets_02016000,7050041410,7050041410,1,val
hysets_02017500,7050041410,7050041410,1,val
hysets_02018000,7050041410,7050041410,1,val
hysets_02020500,7050041410,7050041410,1,val
hysets_02021500,7050041410,7050041410,1,val
hysets_02024000,7050041410,7050041410,1,val
hysets_02027000,7050041410,7050041410,1,val
hysets_02028500,7050041410,7050041410,1,val
hysets_02030000,7050041410,7050041410,1,val
hysets_02030500,7050041410,7050041410,1,val
hysets_02031000,7050041410,7050041410,1,val
hysets_02032640,7050041410,7050041410,1,val
hysets_02034000,7050041410,7050041410,1,val
hysets_02035000,7050041410,7050041410,1,val
hysets_02037500,7050041410,7050041410,1,val
hysets_02039000,7050041410,7050041410,1,val
hysets_02039500,7050041410,7050041410,1,val
hysets_02040000,7050041410,7050041410,1,val
hysets_02042500,7050041410,7050041410,1,val
GRDC_4148070,7050042240,7050042240,4,train
camels_02046000,7050042240,7050042240,4,train
camels_02051000,7050042240,7050042240,4,train
camels_02051500,7050042240,7050042240,4,train
camels_02053200,7050042240,7050042240,4,train
hysets_02044500,7050042240,7050042240,4,train
hysets_02045500,7050042240,7050042240,4,train
hysets_02046000,7050042240,7050042240,4,train
hysets_02047000,7050042240,7050042240,4,train
hysets_02047500,7050042240,7050042240,4,train
hysets_02049500,7050042240,7050042240,4,train
hysets_02051000,7050042240,7050042240,4,train
hysets_02051500,7050042240,7050042240,4,train
hysets_02052000,7050042240,7050042240,4,train
hysets_02053200,7050042240,7050042240,4,train
GRDC_4148090,7050042310,7050042310,0,test
GRDC_4148091,7050042310,7050042310,0,test
GRDC_4148092,7050042310,7050042310,0,test
camels_02053800,7050042310,7050042310,0,test
camels_02055100,7050042310,7050042310,0,test
camels_02056900,7050042310,7050042310,0,test
camels_02059500,7050042310,7050042310,0,test
camels_02064000,7050042310,7050042310,0,test
camels_02065500,7050042310,7050042310,0,test
camels_02070000,7050042310,7050042310,0,test
camels_02074500,7050042310,7050042310,0,test
camels_02077200,7050042310,7050042310,0,test
hysets_02055000,7050042310,7050042310,0,test
hysets_02056000,7050042310,7050042310,0,test
hysets_02056650,7050042310,7050042310,0,test
hysets_02056900,7050042310,7050042310,0,test
hysets_02058400,7050042310,7050042310,0,test
hysets_02059500,7050042310,7050042310,0,test
hysets_02061500,7050042310,7050042310,0,test
hysets_02064000,7050042310,7050042310,0,test
hysets_02065500,7050042310,7050042310,0,test
hysets_02069000,7050042310,7050042310,0,test
hysets_02070000,7050042310,7050042310,0,test
hysets_02071000,7050042310,7050042310,0,test
hysets_02074500,7050042310,7050042310,0,test
hysets_02076000,7050042310,7050042310,0,test
hysets_02077000,7050042310,7050042310,0,test
GRDC_4148110,7050042320,7050042320,2,train
camels_02081500,7050042320,7050042320,2,train
camels_02082950,7050042320,7050042320,2,train
hysets_02081500,7050042320,7050042320,2,train
hysets_02081747,7050042320,7050042320,2,train
hysets_02082950,7050042320,7050042320,2,train
hysets_02083000,7050042320,7050042320,2,train
hysets_02084000,7050042320,7050042320,2,train
GRDC_4148120,7050042740,7050042740,2,train
GRDC_4148121,7050042740,7050042740,2,train
GRDC_4148122,7050042740,7050042740,2,train
GRDC_4148125,7050042740,7050042740,2,train
hysets_02085070,7050042740,7050042740,2,train
hysets_0208521324,7050042740,7050042740,2,train
hysets_0208726005,7050042740,7050042740,2,train
hysets_02087324,7050042740,7050042740,2,train
hysets_02088383,7050042740,7050042740,2,train
hysets_02088500,7050042740,7050042740,2,train
hysets_02091814,7050042740,7050042740,2,train
camels_02092500,7050042750,7050042750,0,test
GRDC_4148210,7050042940,7050042940,0,test
GRDC_4148230,7050042940,7050042940,0,test
GRDC_4148231,7050042940,7050042940,0,test
GRDC_4148232,7050042940,7050042940,0,test
camels_02096846,7050042940,7050042940,0,test
camels_02102908,7050042940,7050042940,0,test
camels_02108000,7050042940,7050042940,0,test
hysets_02095500,7050042940,7050042940,0,test
hysets_02096500,7050042940,7050042940,0,test
hysets_02096960,7050042940,7050042940,0,test
hysets_02100500,7050042940,7050042940,0,test
hysets_02101726,7050042940,7050042940,0,test
hysets_02102000,7050042940,7050042940,0,test
hysets_02103000,7050042940,7050042940,0,test
hysets_02104220,7050042940,7050042940,0,test
hysets_02105769,7050042940,7050042940,0,test
hysets_02106500,7050042940,7050042940,0,test
hysets_02108000,7050042940,7050042940,0,test
GRDC_4148300,7050043090,7050043090,1,val
GRDC_4148310,7050043090,7050043090,1,val
GRDC_4148321,7050043090,7050043090,1,val
GRDC_4148325,7050043090,7050043090,1,val
camels_02111180,7050043090,7050043090,1,val
camels_02111500,7050043090,7050043090,1,val
camels_02128000,7050043090,7050043090,1,val
hysets_02110500,7050043090,7050043090,1,val
hysets_02110704,7050043090,7050043090,1,val
hysets_02111180,7050043090,7050043090,1,val
hysets_02111500,7050043090,7050043090,1,val
hysets_02113850,7050043090,7050043090,1,val
hysets_02118000,7050043090,7050043090,1,val
hysets_02120780,7050043090,7050043090,1,val
hysets_0212433550,7050043090,7050043090,1,val
hysets_02128000,7050043090,7050043090,1,val
hysets_02130561,7050043090,7050043090,1,val
hysets_02130900,7050043090,7050043090,1,val
hysets_02130980,7050043090,7050043090,1,val
hysets_02131500,7050043090,7050043090,1,val
hysets_02133624,7050043090,7050043090,1,val
hysets_02134170,7050043090,7050043090,1,val
hysets_02134500,7050043090,7050043090,1,val
hysets_02135000,7050043090,7050043090,1,val
hysets_02135200,7050043090,7050043090,1,val
hysets_02136000,7050043100,7050043100,4,train
GRDC_4148410,7050043160,7050043160,1,val
GRDC_4148530,7050043160,7050043160,1,val
GRDC_4148535,7050043160,7050043160,1,val
GRDC_4148541,7050043160,7050043160,1,val
GRDC_4148545,7050043160,7050043160,1,val
GRDC_4148546,7050043160,7050043160,1,val
camels_02137727,7050043160,7050043160,1,val
camels_02140991,7050043160,7050043160,1,val
camels_02143000,7050043160,7050043160,1,val
camels_02149000,7050043160,7050043160,1,val
camels_02152100,7050043160,7050043160,1,val
hysets_02137727,7050043160,7050043160,1,val
hysets_02140991,7050043160,7050043160,1,val
hysets_02143500,7050043160,7050043160,1,val
hysets_02145000,7050043160,7050043160,1,val
hysets_02146381,7050043160,7050043160,1,val
hysets_02146507,7050043160,7050043160,1,val
hysets_02146530,7050043160,7050043160,1,val
hysets_02146750,7050043160,7050043160,1,val
hysets_0214676115,7050043160,7050043160,1,val
hysets_02146800,7050043160,7050043160,1,val
hysets_02147500,7050043160,7050043160,1,val
hysets_02149000,7050043160,7050043160,1,val
hysets_02150495,7050043160,7050043160,1,val
hysets_02151500,7050043160,7050043160,1,val
hysets_02152100,7050043160,7050043160,1,val
hysets_02152474,7050043160,7050043160,1,val
hysets_02156300,7050043160,7050043160,1,val
hysets_02156500,7050043160,7050043160,1,val
hysets_02160105,7050043160,7050043160,1,val
hysets_02160390,7050043160,7050043160,1,val
hysets_02160700,7050043160,7050043160,1,val
hysets_02161000,7050043160,7050043160,1,val
hysets_02162500,7050043160,7050043160,1,val
hysets_02163500,7050043160,7050043160,1,val
hysets_02164110,7050043160,7050043160,1,val
hysets_02167450,7050043160,7050043160,1,val
hysets_02167582,7050043160,7050043160,1,val
hysets_02169570,7050043160,7050043160,1,val
GRDC_4148570,7050043170,7050043170,1,val
hysets_02173000,7050043170,7050043170,1,val
hysets_02173030,7050043170,7050043170,1,val
hysets_02173051,7050043170,7050043170,1,val
hysets_02173212,7050043170,7050043170,1,val
hysets_02173500,7050043170,7050043170,1,val
hysets_02175000,7050043170,7050043170,1,val
hysets_02175500,7050043170,7050043170,1,val
GRDC_4148650,7050043500,7050043500,4,train
GRDC_4148655,7050043500,7050043500,4,train
camels_02177000,7050043500,7050043500,4,train
camels_02178400,7050043500,7050043500,4,train
camels_02193340,7050043500,7050043500,4,train
camels_02196000,7050043500,7050043500,4,train
camels_02198100,7050043500,7050043500,4,train
hysets_02177000,7050043500,7050043500,4,train
hysets_02178400,7050043500,7050043500,4,train
hysets_02186000,7050043500,7050043500,4,train
hysets_02191300,7050043500,7050043500,4,train
hysets_02192000,7050043500,7050043500,4,train
hysets_02192500,7050043500,7050043500,4,train
hysets_02193500,7050043500,7050043500,4,train
hysets_02196000,7050043500,7050043500,4,train
hysets_02196690,7050043500,7050043500,4,train
hysets_02197830,7050043500,7050043500,4,train
hysets_02198000,7050043500,7050043500,4,train
GRDC_4148610,7050043510,7050043510,4,train
camels_02202600,7050043510,7050043510,4,train
hysets_02200120,7050043510,7050043510,4,train
hysets_02202040,7050043510,7050043510,4,train
hysets_02202190,7050043510,7050043510,4,train
hysets_02202500,7050043510,7050043510,4,train
hysets_02202600,7050043510,7050043510,4,train
hysets_02202680,7050043510,7050043510,4,train
hysets_02203000,7050043510,7050043510,4,train
GRDC_4148720,7050043640,7050043640,1,val
camels_02212600,7050043640,7050043640,1,val
camels_02215100,7050043640,7050043640,1,val
camels_02221525,7050043640,7050043640,1,val
hysets_02203900,7050043640,7050043640,1,val
hysets_02204520,7050043640,7050043640,1,val
hysets_02207220,7050043640,7050043640,1,val
hysets_02207335,7050043640,7050043640,1,val
hysets_02208000,7050043640,7050043640,1,val
hysets_02208450,7050043640,7050043640,1,val
hysets_02209000,7050043640,7050043640,1,val
hysets_02212600,7050043640,7050043640,1,val
hysets_02212735,7050043640,7050043640,1,val
hysets_02213000,7050043640,7050043640,1,val
hysets_02215000,7050043640,7050043640,1,val
hysets_02215100,7050043640,7050043640,1,val
hysets_02215500,7050043640,7050043640,1,val
hysets_02215900,7050043640,7050043640,1,val
hysets_02217475,7050043640,7050043640,1,val
hysets_02217500,7050043640,7050043640,1,val
hysets_02217615,7050043640,7050043640,1,val
hysets_02217770,7050043640,7050043640,1,val
hysets_02218300,7050043640,7050043640,1,val
hysets_02219000,7050043640,7050043640,1,val
hysets_02220900,7050043640,7050043640,1,val
hysets_02221525,7050043640,7050043640,1,val
hysets_02223248,7050043640,7050043640,1,val
hysets_02223360,7050043640,7050043640,1,val
hysets_02223500,7050043640,7050043640,1,val
hysets_02224500,7050043640,7050043640,1,val
hysets_02225000,7050043640,7050043640,1,val
hysets_02225500,7050043640,7050043640,1,val
hysets_02226000,7050043640,7050043640,1,val
GRDC_4148750,7050043650,7050043650,4,train
camels_02231000,7050043650,7050043650,4,train
hysets_02226362,7050043650,7050043650,4,train
hysets_02226500,7050043650,7050043650,4,train
hysets_02227500,7050043650,7050043650,4,train
hysets_02228000,7050043650,7050043650,4,train
GRDC_4148855,7050043860,7050043860,3,train
camels_02231342,7050043860,7050043860,3,train
camels_02235200,7050043860,7050043860,3,train
camels_02246000,7050043860,7050043860,3,train
hysets_02231342,7050043860,7050043860,3,train
hysets_02236000,7050043860,7050043860,3,train
hysets_02236125,7050043860,7050043860,3,train
hysets_02244040,7050043860,7050043860,3,train
hysets_02246500,7050043860,7050043860,3,train
GRDC_4149850,7050043870,7050043870,2,train
GRDC_4149851,7050043870,7050043870,2,train
GRDC_4149910,7050043870,7050043870,2,train
GRDC_4149950,7050043870,7050043870,2,train
GRDC_4149960,7050043870,7050043870,2,train
camels_02296500,7050043870,7050043870,2,train
camels_02297310,7050043870,7050043870,2,train
camels_02298123,7050043870,7050043870,2,train
camels_02298608,7050043870,7050043870,2,train
camels_02299950,7050043870,7050043870,2,train
camels_02300700,7050043870,7050043870,2,train
camels_02310947,7050043870,7050043870,2,train
camels_02312200,7050043870,7050043870,2,train
hysets_02266496,7050043870,7050043870,2,train
hysets_02301000,7050043870,7050043870,2,train
hysets_02301500,7050043870,7050043870,2,train
hysets_02303330,7050043870,7050043870,2,train
hysets_02303400,7050043870,7050043870,2,train
GRDC_4149780,7050045480,7050045480,4,train
GRDC_4149781,7050045480,7050045480,4,train
GRDC_4149810,7050045480,7050045480,4,train
camels_02314500,7050045480,7050045480,4,train
camels_02315500,7050045480,7050045480,4,train
hysets_02314500,7050045480,7050045480,4,train
hysets_02315500,7050045480,7050045480,4,train
hysets_02315550,7050045480,7050045480,4,train
hysets_02315920,7050045480,7050045480,4,train
hysets_02316000,7050045480,7050045480,4,train
hysets_02317500,7050045480,7050045480,4,train
hysets_02317620,7050045480,7050045480,4,train
hysets_023177483,7050045480,7050045480,4,train
hysets_02318000,7050045480,7050045480,4,train
hysets_02318380,7050045480,7050045480,4,train
hysets_02318500,7050045480,7050045480,4,train
hysets_02319000,7050045480,7050045480,4,train
hysets_02319394,7050045480,7050045480,4,train
hysets_02319500,7050045480,7050045480,4,train
hysets_02319800,7050045480,7050045480,4,train
hysets_02320000,7050045480,7050045480,4,train
hysets_02320500,7050045480,7050045480,4,train
hysets_02321500,7050045480,7050045480,4,train
hysets_02322500,7050045480,7050045480,4,train
hysets_02322800,7050045480,7050045480,4,train
hysets_02323000,7050045480,7050045480,4,train
hysets_02323500,7050045480,7050045480,4,train
GRDC_4149710,7050045490,7050045490,1,val
GRDC_4149711,7050045490,7050045490,1,val
camels_02324400,7050045490,7050045490,1,val
hysets_02326500,7050045490,7050045490,1,val
hysets_02326900,7050045490,7050045490,1,val
hysets_02327355,7050045490,7050045490,1,val
hysets_02327500,7050045490,7050045490,1,val
hysets_02328522,7050045490,7050045490,1,val
hysets_02329500,7050045490,7050045490,1,val
hysets_02329600,7050045490,7050045490,1,val
hysets_02330150,7050045490,7050045490,1,val
GRDC_4149610,7050045890,7050045890,3,train
GRDC_4149630,7050045890,7050045890,3,train
GRDC_4149631,7050045890,7050045890,3,train
GRDC_4149670,7050045890,7050045890,3,train
GRDC_4149680,7050045890,7050045890,3,train
GRDC_4149682,7050045890,7050045890,3,train
camels_02349900,7050045890,7050045890,3,train
camels_02350900,7050045890,7050045890,3,train
hysets_02331000,7050045890,7050045890,3,train
hysets_023312495,7050045890,7050045890,3,train
hysets_02331600,7050045890,7050045890,3,train
hysets_02335815,7050045890,7050045890,3,train
hysets_02336968,7050045890,7050045890,3,train
hysets_02337000,7050045890,7050045890,3,train
hysets_02337040,7050045890,7050045890,3,train
hysets_02337410,7050045890,7050045890,3,train
hysets_02338660,7050045890,7050045890,3,train
hysets_02338840,7050045890,7050045890,3,train
hysets_02339495,7050045890,7050045890,3,train
hysets_02341800,7050045890,7050045890,3,train
hysets_02342500,7050045890,7050045890,3,train
hysets_02342850,7050045890,7050045890,3,train
hysets_02343225,7050045890,7050045890,3,train
hysets_02343801,7050045890,7050045890,3,train
hysets_02344396,7050045890,7050045890,3,train
hysets_02344500,7050045890,7050045890,3,train
hysets_02346180,7050045890,7050045890,3,train
hysets_02347500,7050045890,7050045890,3,train
hysets_02349605,7050045890,7050045890,3,train
hysets_02350512,7050045890,7050045890,3,train
hysets_02350600,7050045890,7050045890,3,train
hysets_02350900,7050045890,7050045890,3,train
hysets_02351500,7050045890,7050045890,3,train
hysets_02352500,7050045890,7050045890,3,train
hysets_02353000,7050045890,7050045890,3,train
hysets_02353265,7050045890,7050045890,3,train
hysets_02353500,7050045890,7050045890,3,train
hysets_02354500,7050045890,7050045890,3,train
hysets_02354800,7050045890,7050045890,3,train
hysets_02355350,7050045890,7050045890,3,train
hysets_02355662,7050045890,7050045890,3,train
hysets_02357150,7050045890,7050045890,3,train
hysets_02358000,7050045890,7050045890,3,train
hysets_02358789,7050045890,7050045890,3,train
hysets_02359000,7050045890,7050045890,3,train
hysets_02359170,7050045890,7050045890,3,train
GRDC_4149420,7050045900,7050045900,2,train
GRDC_4149421,7050045900,7050045900,2,train
GRDC_4149510,7050045900,7050045900,2,train
GRDC_4149690,7050045900,7050045900,2,train
GRDC_4149691,7050045900,7050045900,2,train
camels_02361000,7050045900,7050045900,2,train
camels_02363000,7050045900,7050045900,2,train
camels_02369800,7050045900,7050045900,2,train
camels_02371500,7050045900,7050045900,2,train
camels_02372250,7050045900,7050045900,2,train
camels_02374500,7050045900,7050045900,2,train
hysets_02359500,7050045900,7050045900,2,train
hysets_02361000,7050045900,7050045900,2,train
hysets_02361500,7050045900,7050045900,2,train
hysets_02363000,7050045900,7050045900,2,train
hysets_02364500,7050045900,7050045900,2,train
hysets_02365200,7050045900,7050045900,2,train
hysets_02365500,7050045900,7050045900,2,train
hysets_02365769,7050045900,7050045900,2,train
hysets_02366000,7050045900,7050045900,2,train
hysets_02366500,7050045900,7050045900,2,train
hysets_02367900,7050045900,7050045900,2,train
hysets_02369000,7050045900,7050045900,2,train
hysets_02369600,7050045900,7050045900,2,train
hysets_02370000,7050045900,7050045900,2,train
hysets_02370500,7050045900,7050045900,2,train
hysets_02371500,7050045900,7050045900,2,train
hysets_02372250,7050045900,7050045900,2,train
hysets_02372430,7050045900,7050045900,2,train
hysets_02373000,7050045900,7050045900,2,train
hysets_02374250,7050045900,7050045900,2,train
hysets_02374500,7050045900,7050045900,2,train
hysets_02374700,7050045900,7050045900,2,train
hysets_02374745,7050045900,7050045900,2,train
hysets_02374950,7050045900,7050045900,2,train
hysets_02375000,7050045900,7050045900,2,train
hysets_02375500,7050045900,7050045900,2,train
hysets_02376033,7050045900,7050045900,2,train
hysets_02376500,7050045900,7050045900,2,train
hysets_02377570,7050045900,7050045900,2,train
hysets_02378500,7050045900,7050045900,2,train
GRDC_4149310,7050046590,7050046590,4,train
hysets_02471001,7050046590,7050046590,4,train
GRDC_4149300,7050046600,7050046600,2,train
GRDC_4149350,7050046600,7050046600,2,train
GRDC_4149355,7050046600,7050046600,2,train
GRDC_4149360,7050046600,7050046600,2,train
camels_02472000,7050046600,7050046600,2,train
camels_02472500,7050046600,7050046600,2,train
camels_02479155,7050046600,7050046600,2,train
camels_02479300,7050046600,7050046600,2,train
hysets_02472000,7050046600,7050046600,2,train
hysets_02472500,7050046600,7050046600,2,train
hysets_02472850,7050046600,7050046600,2,train
hysets_02473000,7050046600,7050046600,2,train
hysets_02473500,7050046600,7050046600,2,train
hysets_02474500,7050046600,7050046600,2,train
hysets_02474560,7050046600,7050046600,2,train
hysets_02475000,7050046600,7050046600,2,train
hysets_02475500,7050046600,7050046600,2,train
hysets_02477000,7050046600,7050046600,2,train
hysets_02477500,7050046600,7050046600,2,train
hysets_02478500,7050046600,7050046600,2,train
hysets_02479000,7050046600,7050046600,2,train
hysets_02479130,7050046600,7050046600,2,train
hysets_02479155,7050046600,7050046600,2,train
hysets_02479300,7050046600,7050046600,2,train
GRDC_4149110,7050046750,7050046750,3,train
GRDC_4149120,7050046750,7050046750,3,train
GRDC_4149122,7050046750,7050046750,3,train
GRDC_4149123,7050046750,7050046750,3,train
GRDC_4149940,7050046750,7050046750,3,train
GRDC_4149941,7050046750,7050046750,3,train
GRDC_4149965,7050046750,7050046750,3,train
camels_02481000,7050046750,7050046750,3,train
camels_02481510,7050046750,7050046750,3,train
camels_07376000,7050046750,7050046750,3,train
hysets_02481000,7050046750,7050046750,3,train
hysets_02481510,7050046750,7050046750,3,train
hysets_02482000,7050046750,7050046750,3,train
hysets_02482550,7050046750,7050046750,3,train
hysets_02483000,7050046750,7050046750,3,train
hysets_02483500,7050046750,7050046750,3,train
hysets_02484000,7050046750,7050046750,3,train
hysets_02487500,7050046750,7050046750,3,train
hysets_02489000,7050046750,7050046750,3,train
hysets_02490500,7050046750,7050046750,3,train
hysets_02492000,7050046750,7050046750,3,train
hysets_02492360,7050046750,7050046750,3,train
hysets_07375280,7050046750,7050046750,3,train
hysets_07375500,7050046750,7050046750,3,train
hysets_07376000,7050046750,7050046750,3,train
hysets_07377000,7050046750,7050046750,3,train
hysets_07378500,7050046750,7050046750,3,train
GRDC_4150850,7050047070,7050047070,0,test
camels_08013000,7050047070,7050047070,0,test
camels_08014500,7050047070,7050047070,0,test
hysets_07382000,7050047070,7050047070,0,test
hysets_08013000,7050047070,7050047070,0,test
hysets_08013500,7050047070,7050047070,0,test
hysets_08014500,7050047070,7050047070,0,test
hysets_08014800,7050047070,7050047070,0,test
GRDC_4150680,7050047850,7050047850,3,train
GRDC_4150681,7050047850,7050047850,3,train
GRDC_4150682,7050047850,7050047850,3,train
GRDC_4150700,7050047850,7050047850,3,train
camels_08023080,7050047850,7050047850,3,train
camels_08025500,7050047850,7050047850,3,train
camels_08029500,7050047850,7050047850,3,train
hysets_08023080,7050047850,7050047850,3,train
hysets_08025500,7050047850,7050047850,3,train
hysets_08028000,7050047850,7050047850,3,train
hysets_08033900,7050047850,7050047850,3,train
hysets_08040600,7050047850,7050047850,3,train
hysets_08041500,7050047850,7050047850,3,train
hysets_08041749,7050047850,7050047850,3,train
hysets_08041780,7050047850,7050047850,3,train
GRDC_4150600,7050047970,7050047970,2,train
GRDC_4150605,7050047970,7050047970,2,train
camels_08066200,7050047970,7050047970,2,train
camels_08066300,7050047970,7050047970,2,train
hysets_08048800,7050047970,7050047970,2,train
hysets_08048970,7050047970,7050047970,2,train
hysets_08061540,7050047970,7050047970,2,train
hysets_08064700,7050047970,7050047970,2,train
hysets_08065200,7050047970,7050047970,2,train
hysets_08065800,7050047970,7050047970,2,train
hysets_08066200,7050047970,7050047970,2,train
hysets_08066300,7050047970,7050047970,2,train
hysets_08067000,7050047970,7050047970,2,train
camels_08070000,7050047980,7050047980,4,train
camels_08070200,7050047980,7050047980,4,train
hysets_08068000,7050047980,7050047980,4,train
hysets_08068275,7050047980,7050047980,4,train
hysets_08068500,7050047980,7050047980,4,train
hysets_08068720,7050047980,7050047980,4,train
hysets_08070200,7050047980,7050047980,4,train
hysets_08071000,7050047980,7050047980,4,train
GRDC_4150400,7050048300,7050048300,4,train
GRDC_4150500,7050048300,7050048300,4,train
hysets_08111700,7050048300,7050048300,4,train
GRDC_4150450,7050048410,7050048410,1,val
GRDC_4150451,7050048410,7050048410,1,val
camels_08155200,7050048410,7050048410,1,val
camels_08158700,7050048410,7050048410,1,val
camels_08158810,7050048410,7050048410,1,val
hysets_08152000,7050048410,7050048410,1,val
hysets_08152900,7050048410,7050048410,1,val
hysets_08155300,7050048410,7050048410,1,val
hysets_08155400,7050048410,7050048410,1,val
hysets_08158600,7050048410,7050048410,1,val
hysets_08158700,7050048410,7050048410,1,val
hysets_08158827,7050048410,7050048410,1,val
hysets_08159000,7050048410,7050048410,1,val
GRDC_4150410,7050048480,7050048480,3,train
camels_08164000,7050048480,7050048480,3,train
camels_08164300,7050048480,7050048480,3,train
hysets_08164000,7050048480,7050048480,3,train
hysets_08164300,7050048480,7050048480,3,train
hysets_08164390,7050048480,7050048480,3,train
hysets_08164450,7050048480,7050048480,3,train
GRDC_4150300,7050048620,7050048620,0,test
GRDC_4150310,7050048620,7050048620,0,test
GRDC_4150311,7050048620,7050048620,0,test
GRDC_4150315,7050048620,7050048620,0,test
GRDC_4150320,7050048620,7050048620,0,test
GRDC_4150330,7050048620,7050048620,0,test
GRDC_4150331,7050048620,7050048620,0,test
camels_08165300,7050048620,7050048620,0,test
camels_08171300,7050048620,7050048620,0,test
camels_08175000,7050048620,7050048620,0,test
camels_08176900,7050048620,7050048620,0,test
camels_08178880,7050048620,7050048620,0,test
hysets_08165300,7050048620,7050048620,0,test
hysets_08165500,7050048620,7050048620,0,test
hysets_08166000,7050048620,7050048620,0,test
hysets_08166140,7050048620,7050048620,0,test
hysets_08166250,7050048620,7050048620,0,test
hysets_08167500,7050048620,7050048620,0,test
hysets_08168797,7050048620,7050048620,0,test
hysets_08170500,7050048620,7050048620,0,test
hysets_08171000,7050048620,7050048620,0,test
hysets_08171300,7050048620,7050048620,0,test
hysets_08174600,7050048620,7050048620,0,test
hysets_08175000,7050048620,7050048620,0,test
hysets_08176900,7050048620,7050048620,0,test
hysets_08178880,7050048620,7050048620,0,test
hysets_08185065,7050048620,7050048620,0,test
hysets_08185100,7050048620,7050048620,0,test
hysets_08186500,7050048620,7050048620,0,test
camels_08189500,7050048630,7050048630,3,train
hysets_08189300,7050048630,7050048630,3,train
hysets_08189500,7050048630,7050048630,3,train
GRDC_4150280,7050048860,7050048860,0,test
GRDC_4150281,7050048860,7050048860,0,test
GRDC_4150282,7050048860,7050048860,0,test
GRDC_4150283,7050048860,7050048860,0,test
GRDC_4150585,7050048860,7050048860,0,test
camels_08190000,7050048860,7050048860,0,test
camels_08190500,7050048860,7050048860,0,test
camels_08194200,7050048860,7050048860,0,test
camels_08195000,7050048860,7050048860,0,test
camels_08196000,7050048860,7050048860,0,test
camels_08198500,7050048860,7050048860,0,test
camels_08200000,7050048860,7050048860,0,test
camels_08202700,7050048860,7050048860,0,test
hysets_08190500,7050048860,7050048860,0,test
hysets_08194200,7050048860,7050048860,0,test
hysets_08195000,7050048860,7050048860,0,test
hysets_08196000,7050048860,7050048860,0,test
hysets_08198000,7050048860,7050048860,0,test
hysets_08198500,7050048860,7050048860,0,test
hysets_08200000,7050048860,7050048860,0,test
hysets_08202700,7050048860,7050048860,0,test
hysets_08205500,7050048860,7050048860,0,test
hysets_08206600,7050048860,7050048860,0,test
hysets_08207500,7050048860,7050048860,0,test
hysets_08210400,7050048860,7050048860,0,test
hysets_08212400,7050048870,7050048870,3,train
GRDC_4245820,7050055790,7050055790,2,train
GRDC_4245880,7050055790,7050055790,2,train
hysets_08HA001,7050055790,7050055790,2,train
hysets_08HA010,7050055790,7050055790,2,train
hysets_08HB032,7050055790,7050055790,2,train
hysets_08HB074,7050055790,7050055790,2,train
hysets_08HF005,7050055790,7050055790,2,train
hysets_08OA002,7050057510,7050057510,2,train
hysets_02YJ001,7050059990,7050059990,1,val
GRDC_4244730,7050060310,7050060310,3,train
GRDC_4244750,7050060310,7050060310,3,train
hysets_02YK002,7050060310,7050060310,3,train
hysets_02YK005,7050060310,7050060310,3,train
hysets_02YL001,7050060310,7050060310,3,train
hysets_02YL008,7050060310,7050060310,3,train
GRDC_4244720,7050060320,7050060320,0,test
hysets_02YC001,7050060320,7050060320,0,test
hysets_02YE001,7050060320,7050060320,0,test
hysets_02YG001,7050060320,7050060320,0,test
hysets_02YN002,7050061510,7050061510,3,train
hysets_02YO008,7050061510,7050061510,3,train
GRDC_4244770,7050061620,7050061620,2,train
hysets_02YQ001,7050061620,7050061620,2,train
GRDC_4244780,7050061630,7050061630,0,test
GRDC_4244785,7050061630,7050061630,0,test
GRDC_4244788,7050061630,7050061630,0,test
GRDC_4244795,7050061630,7050061630,0,test
hysets_02YR001,7050061630,7050061630,0,test
hysets_02YR003,7050061630,7050061630,0,test
hysets_02YS005,7050061630,7050061630,0,test
hysets_02YS006,7050061630,7050061630,0,test
hysets_02ZF001,7050061630,7050061630,0,test
hysets_02ZG001,7050061630,7050061630,0,test
hysets_02ZG003,7050061630,7050061630,0,test
hysets_02ZH001,7050061630,7050061630,0,test
hysets_02ZK001,7050061630,7050061630,0,test
hysets_02ZB001,7050063060,7050063060,0,test
hysets_01FA001,7050063860,7050063860,4,train
GRDC_4584100,7050065090,7050065090,2,train
GRDC_4584200,7050065090,7050065090,2,train
GRDC_4584400,7050065090,7050065090,2,train
GRDC_4584450,7050065090,7050065090,2,train
GRDC_4584700,7050065090,7050065090,2,train
GRDC_4584900,7050065090,7050065090,2,train
GRDC_4185050,7050072800,7050072800,1,val
GRDC_4185051,7050072800,7050072800,1,val
GRDC_4185052,7050072800,7050072800,1,val
GRDC_4185152,7050072800,7050072800,1,val
GRDC_4185200,7050072800,7050072800,1,val
GRDC_4185251,7050072800,7050072800,1,val
GRDC_4185300,7050072800,7050072800,1,val
GRDC_4185301,7050072800,7050072800,1,val
GRDC_4185350,7050072800,7050072800,1,val
GRDC_4185400,7050072800,7050072800,1,val
GRDC_4185450,7050072800,7050072800,1,val
GRDC_4185500,7050072800,7050072800,1,val
GRDC_4185550,7050072800,7050072800,1,val
GRDC_4185650,7050072800,7050072800,1,val
GRDC_4185700,7050072800,7050072800,1,val
camels_10023000,7050073620,7050073620,3,train
camels_10166430,7050073620,7050073620,3,train
camels_10172700,7050073620,7050073620,3,train
camels_10172800,7050073620,7050073620,3,train
hysets_10011500,7050073620,7050073620,3,train
hysets_10023000,7050073620,7050073620,3,train
hysets_10105900,7050073620,7050073620,3,train
hysets_10109000,7050073620,7050073620,3,train
hysets_10109001,7050073620,7050073620,3,train
hysets_10113500,7050073620,7050073620,3,train
hysets_10128500,7050073620,7050073620,3,train
hysets_10131000,7050073620,7050073620,3,train
hysets_10137000,7050073620,7050073620,3,train
GRDC_4118100,7050073630,7050073630,2,train
GRDC_4118105,7050073630,7050073630,2,train
GRDC_4118410,7050073630,7050073630,2,train
GRDC_4118440,7050073630,7050073630,2,train
camels_10249300,7050073630,7050073630,2,train
camels_10310500,7050073630,7050073630,2,train
camels_10316500,7050073630,7050073630,2,train
camels_10329500,7050073630,7050073630,2,train
hysets_10321590,7050073630,7050073630,2,train
hysets_10321940,7050073630,7050073630,2,train
hysets_10321950,7050073630,7050073630,2,train
hysets_10322150,7050073630,7050073630,2,train
hysets_10329500,7050073630,7050073630,2,train
GRDC_4118800,7050073650,7050073650,2,train
GRDC_4118850,7050073650,7050073650,2,train
camels_10173450,7050073650,7050073650,2,train
camels_10205030,7050073650,7050073650,2,train
camels_10234500,7050073650,7050073650,2,train
camels_10242000,7050073650,7050073650,2,train
hysets_10174500,7050073650,7050073650,2,train
hysets_10194200,7050073650,7050073650,2,train
hysets_10205030,7050073650,7050073650,2,train
hysets_10242000,7050073650,7050073650,2,train
hysets_11186001,7050073680,7050013550,0,test
hysets_11189500,7050073680,7050013550,0,test
hysets_11192501,7050073680,7050013550,0,test
hysets_11202000,7050073680,7050013550,0,test
hysets_11202001,7050073680,7050013550,0,test
GRDC_4118220,7050073690,7050073690,1,val
GRDC_4118320,7050073690,7050073690,1,val
camels_10263500,7050073690,7050073690,1,val
hysets_10260500,7050073690,7050073690,1,val
hysets_10270885,7050073690,7050073690,1,val
hysets_10270940,7050073690,7050073690,1,val
GRDC_4118300,7050073710,7050008710,0,test
GRDC_4118310,7050073710,7050008710,0,test
camels_10258500,7050073710,7050008710,0,test
camels_10259000,7050073710,7050008710,0,test
hysets_10258500,7050073710,7050008710,0,test
hysets_10259100,7050073710,7050008710,0,test
camels_10336645,7050073720,7050073720,2,train
camels_10336660,7050073720,7050073720,2,train
camels_10343500,7050073720,7050073720,2,train
hysets_05JA003,7050073760,7050047060,1,val
hysets_05JA005,7050073760,7050047060,1,val
hysets_05JA006,7050073760,7050047060,1,val
GRDC_4118420,7050073780,7050073780,0,test
camels_10396000,7050073780,7050073780,0,test
hysets_10396000,7050073780,7050073780,0,test
hysets_08481500,7050073810,7050049270,3,train
GRDC_4118110,7050073830,7050073830,1,val
hysets_10296500,7050073830,7050073830,1,val
camels_10244950,7050073870,7050073870,2,train
hysets_09404343,7050074270,7050008710,1,val
GRDC_4213365,7050074540,7050022240,0,test
GRDC_4214310,7050129240,7050022270,0,test
hysets_04AA004,7050129240,7050022270,0,test
GRDC_4214351,7050129300,7050022270,4,train
GRDC_4213700,7050132870,7050022240,4,train
GRDC_4213810,7050132870,7050022240,4,train
hysets_05TE002,7050132870,7050022240,4,train
hysets_05TF002,7050132870,7050022240,4,train
hysets_05TG002,7050132870,7050022240,4,train
hysets_05TG003,7050132870,7050022240,4,train
GRDC_4213601,7050134090,7050022240,4,train
hysets_05TD001,7050134090,7050022240,4,train
GRDC_4213720,7050134100,7050022240,3,train
hysets_04AD002,7050137410,7050022270,2,train
GRDC_4214285,7050142610,7050021740,3,train
GRDC_4214287,7050142610,7050021740,3,train
hysets_06DA002,7050142610,7050021740,3,train
hysets_06DA004,7050142610,7050021740,3,train
hysets_06DA005,7050142610,7050021740,3,train
hysets_06DC001,7050142610,7050021740,3,train
GRDC_4214295,7050144640,7050021740,4,train
hysets_06BA002,7050144640,7050021740,4,train
hysets_06BB005,7050144640,7050021740,4,train
GRDC_4214298,7050144740,7050021740,3,train
hysets_06AG002,7050144740,7050021740,3,train
GRDC_4214264,7050145540,7050021740,2,train
GRDC_4214265,7050145540,7050021740,2,train
GRDC_4214290,7050145540,7050021740,2,train
hysets_06BB003,7050145540,7050021740,2,train
hysets_06BD001,7050145540,7050021740,2,train
hysets_06CD002,7050145540,7050021740,2,train
GRDC_4214271,7050145630,7050021740,1,val
GRDC_4214390,7050151690,7050022840,0,test
hysets_06AF001,7050161120,7050021740,4,train
GRDC_4214210,7050161180,7050021740,2,train
hysets_06AD006,7050161180,7050021740,2,train
GRDC_4207100,7050177760,7050016260,1,val
GRDC_4207130,7050177760,7050016260,1,val
GRDC_4207150,7050177760,7050016260,1,val
GRDC_4207180,7050177760,7050016260,1,val
hysets_08JB002,7050177760,7050016260,1,val
hysets_08JB003,7050177760,7050016260,1,val
hysets_08JE001,7050177760,7050016260,1,val
GRDC_4207190,7050177910,7050016260,0,test
GRDC_4207220,7050177910,7050016260,0,test
GRDC_4207350,7050177910,7050016260,0,test
GRDC_4207380,7050177910,7050016260,0,test
hysets_08KA001,7050177910,7050016260,0,test
hysets_08KA004,7050177910,7050016260,0,test
hysets_08KA005,7050177910,7050016260,0,test
hysets_08KA007,7050177910,7050016260,0,test
hysets_08KA009,7050177910,7050016260,0,test
hysets_08KA013,7050177910,7050016260,0,test
hysets_08KB001,7050177910,7050016260,0,test
hysets_08KB003,7050177910,7050016260,0,test
hysets_08KC001,7050177910,7050016260,0,test
hysets_08KD007,7050177910,7050016260,0,test
GRDC_4213031,7050184430,7050022240,3,train
GRDC_4213170,7050184430,7050022240,3,train
hysets_05EA005,7050184430,7050022240,3,train
GRDC_4214360,7050191700,7050022840,3,train
GRDC_4213510,7050192420,7050022240,4,train
GRDC_4213551,7050192420,7050022240,4,train
GRDC_4213552,7050192420,7050022240,4,train
hysets_05KE010,7050192420,7050022240,4,train
hysets_05KG007,7050192420,7050022240,4,train
GRDC_4207250,7050192890,7050016260,1,val
hysets_08KG001,7050192890,7050016260,1,val
GRDC_4213440,7050194860,7050022240,2,train
GRDC_4213340,7050194980,7050022240,4,train
GRDC_4213341,7050194980,7050022240,4,train
GRDC_4213400,7050194980,7050022240,4,train
hysets_05HD036,7050194980,7050022240,4,train
GRDC_4213765,7050202930,7050022240,0,test
hysets_05DD009,7050202930,7050022240,0,test
GRDC_4213030,7050203140,7050022240,0,test
GRDC_4213050,7050203140,7050022240,0,test
GRDC_4213060,7050203140,7050022240,0,test
GRDC_4213315,7050203140,7050022240,0,test
GRDC_4213640,7050203140,7050022240,0,test
GRDC_4213835,7050203140,7050022240,0,test
hysets_05DA009,7050203140,7050022240,0,test
hysets_05DB002,7050203140,7050022240,0,test
hysets_05DB006,7050203140,7050022240,0,test
hysets_05DC006,7050203140,7050022240,0,test
hysets_05DC012,7050203140,7050022240,0,test
GRDC_4213240,7050206680,7050022240,0,test
GRDC_4213245,7050206680,7050022240,0,test
GRDC_4213566,7050206680,7050022240,0,test
GRDC_4213603,7050206680,7050022240,0,test
GRDC_4213675,7050206680,7050022240,0,test
hysets_05LC001,7050206680,7050022240,0,test
hysets_05LH005,7050206680,7050022240,0,test
GRDC_4213355,7050206690,7050022240,2,train
hysets_05RA001,7050206690,7050022240,2,train
hysets_05RB003,7050206690,7050022240,2,train
GRDC_4213300,7050208410,7050022240,1,val
GRDC_4213180,7050208540,7050022240,3,train
GRDC_4213183,7050208540,7050022240,3,train
hysets_05FA001,7050208540,7050022240,3,train
hysets_05FA011,7050208540,7050022240,3,train
GRDC_4214590,7050220180,7050024290,0,test
GRDC_4207300,7050234040,7050016260,3,train
hysets_08MA001,7050234040,7050016260,3,train
hysets_08MA002,7050234040,7050016260,3,train
hysets_08MA003,7050234040,7050016260,3,train
hysets_08MB006,7050234040,7050016260,3,train
GRDC_4207310,7050234050,7050016260,2,train
GRDC_4207320,7050234050,7050016260,2,train
GRDC_4207321,7050234050,7050016260,2,train
GRDC_4207330,7050234050,7050016260,2,train
hysets_08KE016,7050234050,7050016260,2,train
hysets_08KE024,7050234050,7050016260,2,train
hysets_08KH001,7050234050,7050016260,2,train
hysets_08KH006,7050234050,7050016260,2,train
hysets_08KH010,7050234050,7050016260,2,train
hysets_08KH019,7050234050,7050016260,2,train
hysets_08KH030,7050234050,7050016260,2,train
hysets_08KH031,7050234050,7050016260,2,train
GRDC_4214400,7050237270,7050024290,4,train
GRDC_4214540,7050237270,7050024290,4,train
GRDC_4214507,7050237380,7050024290,3,train
hysets_04GB005,7050237380,7050024290,3,train
GRDC_4214520,7050241270,7050024290,4,train
GRDC_4213684,7050250980,7050022240,3,train
GRDC_4113600,7050250990,7050022240,1,val
GRDC_4113900,7050250990,7050022240,1,val
GRDC_4213171,7050250990,7050022240,1,val
GRDC_4213172,7050250990,7050022240,1,val
GRDC_4213210,7050250990,7050022240,1,val
GRDC_4213415,7050250990,7050022240,1,val
GRDC_4213780,7050250990,7050022240,1,val
GRDC_4213800,7050250990,7050022240,1,val
GRDC_4213801,7050250990,7050022240,1,val
GRDC_4213802,7050250990,7050022240,1,val
GRDC_4213850,7050250990,7050022240,1,val
GRDC_4213880,7050250990,7050022240,1,val
GRDC_4213890,7050250990,7050022240,1,val
GRDC_4213910,7050250990,7050022240,1,val
GRDC_4213956,7050250990,7050022240,1,val
camels_05129115,7050250990,7050022240,1,val
camels_05131500,7050250990,7050022240,1,val
hysets_05129115,7050250990,7050022240,1,val
hysets_05131500,7050250990,7050022240,1,val
hysets_05132000,7050250990,7050022240,1,val
hysets_05PA006,7050250990,7050022240,1,val
hysets_05PB014,7050250990,7050022240,1,val
hysets_05PE028,7050250990,7050022240,1,val
hysets_05PH003,7050250990,7050022240,1,val
hysets_05QA004,7050250990,7050022240,1,val
hysets_05QE008,7050250990,7050022240,1,val
hysets_05QE009,7050250990,7050022240,1,val
hysets_05QE012,7050250990,7050022240,1,val
GRDC_4214500,7050251370,7050024290,4,train
GRDC_4214505,7050251370,7050024290,4,train
GRDC_4214570,7050251370,7050024290,4,train
GRDC_4214580,7050251370,7050024290,4,train
hysets_04JC002,7050251370,7050024290,4,train
hysets_04JD005,7050251370,7050024290,4,train
hysets_04JF001,7050251370,7050024290,4,train
GRDC_4213150,7050256540,7050022240,1,val
GRDC_4213160,7050256540,7050022240,1,val
GRDC_4213562,7050256540,7050022240,1,val
GRDC_4213563,7050256540,7050022240,1,val
GRDC_4213564,7050256540,7050022240,1,val
GRDC_4213569,7050256540,7050022240,1,val
hysets_05CA009,7050256540,7050022240,1,val
hysets_05CB001,7050256540,7050022240,1,val
hysets_05CC001,7050256540,7050022240,1,val
hysets_05CC007,7050256540,7050022240,1,val
GRDC_4213250,7050256690,7050022240,2,train
GRDC_4214530,7050262150,7050024580,1,val
hysets_04LJ001,7050262150,7050024580,1,val
hysets_04LK001,7050262150,7050024580,1,val
hysets_08ME025,7050274850,7050016260,2,train
hysets_08ME027,7050274850,7050016260,2,train
GRDC_4207710,7050274860,7050016260,1,val
GRDC_4207800,7050274860,7050016260,1,val
GRDC_4207820,7050274860,7050016260,1,val
GRDC_4207830,7050274860,7050016260,1,val
GRDC_4207850,7050274860,7050016260,1,val
GRDC_4207860,7050274860,7050016260,1,val
GRDC_4207880,7050274860,7050016260,1,val
hysets_08LA001,7050274860,7050016260,1,val
hysets_08LA027,7050274860,7050016260,1,val
hysets_08LB020,7050274860,7050016260,1,val
hysets_08LB038,7050274860,7050016260,1,val
hysets_08LB047,7050274860,7050016260,1,val
hysets_08LB064,7050274860,7050016260,1,val
hysets_08LB069,7050274860,7050016260,1,val
hysets_08LB076,7050274860,7050016260,1,val
hysets_08LD001,7050274860,7050016260,1,val
hysets_08LE024,7050274860,7050016260,1,val
hysets_08LE027,7050274860,7050016260,1,val
hysets_08LE031,7050274860,7050016260,1,val
hysets_08LF051,7050274860,7050016260,1,val
hysets_08LG008,7050274860,7050016260,1,val
GRDC_4213045,7050282720,7050022240,4,train
GRDC_4213047,7050282720,7050022240,4,train
GRDC_4213070,7050282720,7050022240,4,train
GRDC_4213071,7050282720,7050022240,4,train
GRDC_4213131,7050282720,7050022240,4,train
GRDC_4213134,7050282720,7050022240,4,train
GRDC_4213820,7050282720,7050022240,4,train
GRDC_4213925,7050282720,7050022240,4,train
hysets_05BB001,7050282720,7050022240,4,train
hysets_05BG006,7050282720,7050022240,4,train
hysets_05BJ004,7050282720,7050022240,4,train
hysets_05BJ010,7050282720,7050022240,4,train
hysets_05BL012,7050282720,7050022240,4,train
hysets_05BL014,7050282720,7050022240,4,train
GRDC_4213010,7050282770,7050022240,0,test
GRDC_4213011,7050282770,7050022240,0,test
GRDC_4213055,7050282770,7050022240,0,test
GRDC_4213095,7050282770,7050022240,0,test
GRDC_4213101,7050282770,7050022240,0,test
GRDC_4213102,7050282770,7050022240,0,test
GRDC_4213103,7050282770,7050022240,0,test
GRDC_4213105,7050282770,7050022240,0,test
GRDC_4213111,7050282770,7050022240,0,test
GRDC_4213120,7050282770,7050022240,0,test
hysets_05017500,7050282770,7050022240,0,test
hysets_05AA008,7050282770,7050022240,0,test
hysets_05AA022,7050282770,7050022240,0,test
hysets_05AA035,7050282770,7050022240,0,test
hysets_05AD003,7050282770,7050022240,0,test
GRDC_4213573,7050284070,7050022240,1,val
GRDC_4213650,7050284070,7050022240,1,val
GRDC_4113300,7050284240,7050022240,0,test
GRDC_4113301,7050284240,7050022240,0,test
GRDC_4113302,7050284240,7050022240,0,test
GRDC_4113303,7050284240,7050022240,0,test
GRDC_4113304,7050284240,7050022240,0,test
GRDC_4113305,7050284240,7050022240,0,test
GRDC_4113310,7050284240,7050022240,0,test
GRDC_4113315,7050284240,7050022240,0,test
GRDC_4113320,7050284240,7050022240,0,test
GRDC_4113321,7050284240,7050022240,0,test
GRDC_4113330,7050284240,7050022240,0,test
GRDC_4113340,7050284240,7050022240,0,test
GRDC_4113350,7050284240,7050022240,0,test
GRDC_4113351,7050284240,7050022240,0,test
GRDC_4113360,7050284240,7050022240,0,test
GRDC_4113361,7050284240,7050022240,0,test
GRDC_4113363,7050284240,7050022240,0,test
GRDC_4113364,7050284240,7050022240,0,test
GRDC_4213193,7050284240,7050022240,0,test
GRDC_4213485,7050284240,7050022240,0,test
camels_05056000,7050284240,7050022240,0,test
camels_05057000,7050284240,7050022240,0,test
camels_05057200,7050284240,7050022240,0,test
camels_05062500,7050284240,7050022240,0,test
camels_05087500,7050284240,7050022240,0,test
hysets_05050000,7050284240,7050022240,0,test
hysets_05051300,7050284240,7050022240,0,test
hysets_05054500,7050284240,7050022240,0,test
hysets_05055300,7050284240,7050022240,0,test
hysets_05056000,7050284240,7050022240,0,test
hysets_05057200,7050284240,7050022240,0,test
hysets_05059700,7050284240,7050022240,0,test
hysets_05060500,7050284240,7050022240,0,test
hysets_05061000,7050284240,7050022240,0,test
hysets_05062000,7050284240,7050022240,0,test
hysets_05062500,7050284240,7050022240,0,test
hysets_05066500,7050284240,7050022240,0,test
hysets_05076000,7050284240,7050022240,0,test
hysets_05078000,7050284240,7050022240,0,test
hysets_05078500,7050284240,7050022240,0,test
hysets_05079000,7050284240,7050022240,0,test
hysets_05080000,7050284240,7050022240,0,test
GRDC_4214519,7050284520,7050024580,0,test
hysets_04LE002,7050284520,7050024580,0,test
GRDC_4214517,7050287970,7050024580,1,val
GRDC_4214513,7050287980,7050024580,0,test
hysets_04LA003,7050287980,7050024580,0,test
hysets_04LB002,7050287980,7050024580,0,test
GRDC_4213140,7050289200,7050022240,1,val
GRDC_4213200,7050289200,7050022240,1,val
GRDC_4213201,7050289200,7050022240,1,val
GRDC_4213202,7050289200,7050022240,1,val
GRDC_4213203,7050289200,7050022240,1,val
GRDC_4213205,7050289200,7050022240,1,val
GRDC_4213540,7050289200,7050022240,1,val
GRDC_4213557,7050289200,7050022240,1,val
GRDC_4213571,7050289200,7050022240,1,val
hysets_05MC001,7050289200,7050022240,1,val
hysets_05MD005,7050289200,7050022240,1,val
hysets_05MF001,7050289200,7050022240,1,val
GRDC_4113400,7050289500,7050022240,4,train
GRDC_4113401,7050289500,7050022240,4,train
GRDC_4113402,7050289500,7050022240,4,train
GRDC_4113410,7050289500,7050022240,4,train
GRDC_4113420,7050289500,7050022240,4,train
GRDC_4213495,7050289500,7050022240,4,train
GRDC_4213590,7050289500,7050022240,4,train
GRDC_4213593,7050289500,7050022240,4,train
GRDC_4213594,7050289500,7050022240,4,train
camels_05120500,7050289500,7050022240,4,train
hysets_05NE003,7050289500,7050022240,4,train
GRDC_4215650,7050298200,7050014930,4,train
GRDC_4215660,7050298200,7050014930,4,train
hysets_08NA002,7050298200,7050014930,4,train
hysets_08NA006,7050298200,7050014930,4,train
hysets_08NB005,7050298200,7050014930,4,train
hysets_08NB012,7050298200,7050014930,4,train
hysets_08NB014,7050298200,7050014930,4,train
hysets_08NC004,7050298200,7050014930,4,train
hysets_08ND012,7050298200,7050014930,4,train
hysets_08ND013,7050298200,7050014930,4,train
hysets_08NE006,7050298200,7050014930,4,train
hysets_08NE110,7050298200,7050014930,4,train
GRDC_4115322,7050298300,7050014930,0,test
GRDC_4215250,7050298300,7050014930,0,test
GRDC_4215260,7050298300,7050014930,0,test
GRDC_4215270,7050298300,7050014930,0,test
GRDC_4215426,7050298300,7050014930,0,test
GRDC_4215430,7050298300,7050014930,0,test
GRDC_4215706,7050298300,7050014930,0,test
GRDC_4215710,7050298300,7050014930,0,test
GRDC_4215750,7050298300,7050014930,0,test
hysets_08NG065,7050298300,7050014930,0,test
hysets_08NG077,7050298300,7050014930,0,test
hysets_08NH005,7050298300,7050014930,0,test
hysets_08NH007,7050298300,7050014930,0,test
hysets_08NH119,7050298300,7050014930,0,test
hysets_08NJ013,7050298300,7050014930,0,test
hysets_08NJ160,7050298300,7050014930,0,test
hysets_08NK002,7050298300,7050014930,0,test
hysets_08NK016,7050298300,7050014930,0,test
hysets_08NK018,7050298300,7050014930,0,test
hysets_08NK022,7050298300,7050014930,0,test
hysets_12302055,7050298300,7050014930,0,test
GRDC_4215200,7050305280,7050014930,0,test
GRDC_4115330,7050305410,7050014930,4,train
GRDC_4115331,7050305410,7050014930,4,train
GRDC_4115332,7050305410,7050014930,4,train
GRDC_4115340,7050305410,7050014930,4,train
GRDC_4115344,7050305410,7050014930,4,train
GRDC_4115345,7050305410,7050014930,4,train
GRDC_4115347,7050305410,7050014930,4,train
GRDC_4115348,7050305410,7050014930,4,train
GRDC_4115349,7050305410,7050014930,4,train
GRDC_4115450,7050305410,7050014930,4,train
GRDC_4115451,7050305410,7050014930,4,train
GRDC_4215230,7050305410,7050014930,4,train
camels_12358500,7050305410,7050014930,4,train
camels_12377150,7050305410,7050014930,4,train
camels_12381400,7050305410,7050014930,4,train
camels_12390700,7050305410,7050014930,4,train
hysets_08NE074,7050305410,7050014930,4,train
hysets_12323600,7050305410,7050014930,4,train
hysets_12323760,7050305410,7050014930,4,train
hysets_12323770,7050305410,7050014930,4,train
hysets_12324200,7050305410,7050014930,4,train
hysets_12324400,7050305410,7050014930,4,train
hysets_12324590,7050305410,7050014930,4,train
hysets_12324680,7050305410,7050014930,4,train
hysets_12330000,7050305410,7050014930,4,train
hysets_12331500,7050305410,7050014930,4,train
hysets_12331800,7050305410,7050014930,4,train
hysets_12332000,7050305410,7050014930,4,train
hysets_12334510,7050305410,7050014930,4,train
hysets_12334550,7050305410,7050014930,4,train
hysets_12335100,7050305410,7050014930,4,train
hysets_12335500,7050305410,7050014930,4,train
hysets_12338300,7050305410,7050014930,4,train
hysets_12340000,7050305410,7050014930,4,train
hysets_12340500,7050305410,7050014930,4,train
hysets_12344000,7050305410,7050014930,4,train
hysets_12352500,7050305410,7050014930,4,train
hysets_12353000,7050305410,7050014930,4,train
hysets_12354000,7050305410,7050014930,4,train
hysets_12354500,7050305410,7050014930,4,train
hysets_12358500,7050305410,7050014930,4,train
hysets_12365700,7050305410,7050014930,4,train
hysets_12370000,7050305410,7050014930,4,train
hysets_12389500,7050305410,7050014930,4,train
hysets_12392155,7050305410,7050014930,4,train
hysets_12392300,7050305410,7050014930,4,train
hysets_12396500,7050305410,7050014930,4,train
GRDC_4115300,7050329370,7050014930,2,train
GRDC_4115301,7050329370,7050014930,2,train
GRDC_4115305,7050329370,7050014930,2,train
GRDC_4215010,7050329370,7050014930,2,train
GRDC_4215011,7050329370,7050014930,2,train
GRDC_4215040,7050329370,7050014930,2,train
GRDC_4215050,7050329370,7050014930,2,train
GRDC_4215051,7050329370,7050014930,2,train
GRDC_4215101,7050329370,7050014930,2,train
GRDC_4215102,7050329370,7050014930,2,train
GRDC_4215103,7050329370,7050014930,2,train
GRDC_4215120,7050329370,7050014930,2,train
hysets_08NL004,7050329370,7050014930,2,train
hysets_08NL007,7050329370,7050014930,2,train
hysets_08NL024,7050329370,7050014930,2,train
hysets_08NL038,7050329370,7050014930,2,train
hysets_08NL050,7050329370,7050014930,2,train
hysets_08NL069,7050329370,7050014930,2,train
hysets_08NL076,7050329370,7050014930,2,train
hysets_12445900,7050329370,7050014930,2,train
GRDC_4115206,7050329490,7050014930,4,train
hysets_12434590,7050329490,7050014930,4,train
GRDC_4120100,7050332670,7050047060,2,train
GRDC_4120200,7050332670,7050047060,2,train
GRDC_4120202,7050332670,7050047060,2,train
GRDC_4120300,7050332670,7050047060,2,train
GRDC_4120301,7050332670,7050047060,2,train
GRDC_4120311,7050332670,7050047060,2,train
GRDC_4120320,7050332670,7050047060,2,train
GRDC_4120321,7050332670,7050047060,2,train
GRDC_4120322,7050332670,7050047060,2,train
GRDC_4120330,7050332670,7050047060,2,train
GRDC_4120331,7050332670,7050047060,2,train
GRDC_4120900,7050332670,7050047060,2,train
GRDC_4120902,7050332670,7050047060,2,train
GRDC_4120903,7050332670,7050047060,2,train
GRDC_4220100,7050332670,7050047060,2,train
GRDC_4220310,7050332670,7050047060,2,train
GRDC_4220501,7050332670,7050047060,2,train
camels_06037500,7050332670,7050047060,2,train
camels_06043500,7050332670,7050047060,2,train
hysets_06019500,7050332670,7050047060,2,train
hysets_06025500,7050332670,7050047060,2,train
hysets_06026500,7050332670,7050047060,2,train
hysets_06033000,7050332670,7050047060,2,train
hysets_06036650,7050332670,7050047060,2,train
hysets_06036905,7050332670,7050047060,2,train
hysets_06037100,7050332670,7050047060,2,train
hysets_06037500,7050332670,7050047060,2,train
hysets_06040000,7050332670,7050047060,2,train
hysets_06043500,7050332670,7050047060,2,train
hysets_06052500,7050332670,7050047060,2,train
hysets_06054500,7050332670,7050047060,2,train
hysets_06063000,7050332670,7050047060,2,train
hysets_06071300,7050332670,7050047060,2,train
hysets_06073500,7050332670,7050047060,2,train
hysets_06076690,7050332670,7050047060,2,train
hysets_06077200,7050332670,7050047060,2,train
hysets_06078500,7050332670,7050047060,2,train
hysets_06079000,7050332670,7050047060,2,train
hysets_06085800,7050332670,7050047060,2,train
hysets_06089000,7050332670,7050047060,2,train
hysets_06090500,7050332670,7050047060,2,train
hysets_06091700,7050332670,7050047060,2,train
hysets_06093200,7050332670,7050047060,2,train
hysets_06099000,7050332670,7050047060,2,train
hysets_06108000,7050332670,7050047060,2,train
hysets_06108800,7050332670,7050047060,2,train
hysets_06120500,7050332670,7050047060,2,train
hysets_06130500,7050332670,7050047060,2,train
hysets_06131200,7050332670,7050047060,2,train
hysets_06154400,7050332670,7050047060,2,train
hysets_06177500,7050332670,7050047060,2,train
hysets_11AC025,7050332670,7050047060,2,train
hysets_11AE009,7050332670,7050047060,2,train
GRDC_4120110,7050332680,7050047060,0,test
GRDC_4120111,7050332680,7050047060,0,test
GRDC_4120120,7050332680,7050047060,0,test
GRDC_4120121,7050332680,7050047060,0,test
GRDC_4120125,7050332680,7050047060,0,test
GRDC_4120950,7050332680,7050047060,0,test
GRDC_4120951,7050332680,7050047060,0,test
GRDC_4120952,7050332680,7050047060,0,test
GRDC_4120953,7050332680,7050047060,0,test
camels_06188000,7050332680,7050047060,0,test
camels_06191500,7050332680,7050047060,0,test
camels_06221400,7050332680,7050047060,0,test
camels_06224000,7050332680,7050047060,0,test
camels_06278300,7050332680,7050047060,0,test
camels_06280300,7050332680,7050047060,0,test
camels_06289000,7050332680,7050047060,0,test
hysets_06186500,7050332680,7050047060,0,test
hysets_06188000,7050332680,7050047060,0,test
hysets_06191000,7050332680,7050047060,0,test
hysets_06191500,7050332680,7050047060,0,test
hysets_06192500,7050332680,7050047060,0,test
hysets_06195600,7050332680,7050047060,0,test
hysets_06200000,7050332680,7050047060,0,test
hysets_06207500,7050332680,7050047060,0,test
hysets_06208500,7050332680,7050047060,0,test
hysets_06209500,7050332680,7050047060,0,test
hysets_06214500,7050332680,7050047060,0,test
hysets_06221400,7050332680,7050047060,0,test
hysets_06224000,7050332680,7050047060,0,test
hysets_06289000,7050332680,7050047060,0,test
hysets_06294000,7050332680,7050047060,0,test
hysets_06295000,7050332680,7050047060,0,test
hysets_06306300,7050332680,7050047060,0,test
hysets_06324500,7050332680,7050047060,0,test
hysets_06326500,7050332680,7050047060,0,test
hysets_06327500,7050332680,7050047060,0,test
hysets_06329500,7050332680,7050047060,0,test
GRDC_4115310,7050334780,7050014930,3,train
GRDC_4115311,7050334780,7050014930,3,train
GRDC_4215125,7050334780,7050014930,3,train
GRDC_4215130,7050334780,7050014930,3,train
GRDC_4215181,7050334780,7050014930,3,train
GRDC_4215185,7050334780,7050014930,3,train
hysets_08NE039,7050334780,7050014930,3,train
hysets_08NN002,7050334780,7050014930,3,train
hysets_08NN019,7050334780,7050014930,3,train
hysets_08NN023,7050334780,7050014930,3,train
hysets_12409000,7050334780,7050014930,3,train
GRDC_4115350,7050334790,7050014930,1,val
GRDC_4115351,7050334790,7050014930,1,val
GRDC_4115400,7050334790,7050014930,1,val
GRDC_4115401,7050334790,7050014930,1,val
GRDC_4115403,7050334790,7050014930,1,val
GRDC_4115410,7050334790,7050014930,1,val
camels_12411000,7050334790,7050014930,1,val
camels_12414500,7050334790,7050014930,1,val
hysets_12411000,7050334790,7050014930,1,val
hysets_12413000,7050334790,7050014930,1,val
hysets_12413210,7050334790,7050014930,1,val
hysets_12413470,7050334790,7050014930,1,val
hysets_12413500,7050334790,7050014930,1,val
hysets_12413860,7050334790,7050014930,1,val
hysets_12413875,7050334790,7050014930,1,val
hysets_12414500,7050334790,7050014930,1,val
hysets_12414900,7050334790,7050014930,1,val
hysets_12424000,7050334790,7050014930,1,val
hysets_12433200,7050334790,7050014930,1,val
GRDC_4132010,7050335180,7050034520,2,train
GRDC_4232600,7050335180,7050034520,2,train
hysets_02AB021,7050335180,7050034520,2,train
hysets_02AB023,7050335180,7050034520,2,train
hysets_02AC002,7050335180,7050034520,2,train
GRDC_4132100,7050335300,7050034520,2,train
GRDC_4132200,7050335300,7050034520,2,train
GRDC_4132300,7050335300,7050034520,2,train
GRDC_4132800,7050335300,7050034520,2,train
camels_04015330,7050335300,7050034520,2,train
camels_04024430,7050335300,7050034520,2,train
camels_04027000,7050335300,7050034520,2,train
hysets_04024430,7050335300,7050034520,2,train
hysets_04027000,7050335300,7050034520,2,train
hysets_04031000,7050335300,7050034520,2,train
hysets_04032000,7050335300,7050034520,2,train
GRDC_4232300,7050337870,7050034520,3,train
hysets_02AD010,7050337870,7050034520,3,train
hysets_02BA003,7050343590,7050034520,2,train
hysets_02BA006,7050343590,7050034520,2,train
GRDC_4232700,7050343600,7050034520,1,val
hysets_02BB003,7050343600,7050034520,1,val
camels_04040500,7050343680,7050034520,0,test
camels_04043050,7050343680,7050034520,0,test
hysets_02JC008,7050354140,7050034520,4,train
GRDC_4243310,7050374800,7050034520,4,train
hysets_02NE011,7050374800,7050034520,4,train
hysets_02NF003,7050374800,7050034520,4,train
GRDC_4143710,7050374950,7050034520,1,val
GRDC_4143750,7050374950,7050034520,1,val
GRDC_4143770,7050374950,7050034520,1,val
GRDC_4143790,7050374950,7050034520,1,val
GRDC_4243151,7050374950,7050034520,1,val
GRDC_4243210,7050374950,7050034520,1,val
GRDC_4243220,7050374950,7050034520,1,val
GRDC_4243240,7050374950,7050034520,1,val
GRDC_4243250,7050374950,7050034520,1,val
GRDC_4243280,7050374950,7050034520,1,val
GRDC_4243290,7050374950,7050034520,1,val
camels_04296000,7050374950,7050034520,1,val
hysets_02OA057,7050374950,7050034520,1,val
hysets_02OB037,7050374950,7050034520,1,val
hysets_02OD003,7050374950,7050034520,1,val
hysets_02OE027,7050374950,7050034520,1,val
hysets_02OG026,7050374950,7050034520,1,val
hysets_02OJ024,7050374950,7050034520,1,val
hysets_04275500,7050374950,7050034520,1,val
hysets_04276500,7050374950,7050034520,1,val
hysets_04282525,7050374950,7050034520,1,val
hysets_04288000,7050374950,7050034520,1,val
hysets_04292000,7050374950,7050034520,1,val
hysets_04292500,7050374950,7050034520,1,val
hysets_04293500,7050374950,7050034520,1,val
hysets_04296000,7050374950,7050034520,1,val
GRDC_4116150,7050379310,7050014930,1,val
GRDC_4116181,7050379310,7050014930,1,val
GRDC_4116200,7050379310,7050014930,1,val
GRDC_4116201,7050379310,7050014930,1,val
GRDC_4116300,7050379310,7050014930,1,val
GRDC_4116301,7050379310,7050014930,1,val
GRDC_4116311,7050379310,7050014930,1,val
GRDC_4116320,7050379310,7050014930,1,val
GRDC_4116325,7050379310,7050014930,1,val
camels_13331500,7050379310,7050014930,1,val
camels_13337000,7050379310,7050014930,1,val
camels_13338500,7050379310,7050014930,1,val
camels_13340000,7050379310,7050014930,1,val
camels_13340600,7050379310,7050014930,1,val
hysets_13331500,7050379310,7050014930,1,val
hysets_13333000,7050379310,7050014930,1,val
hysets_13335050,7050379310,7050014930,1,val
hysets_13336500,7050379310,7050014930,1,val
hysets_13337000,7050379310,7050014930,1,val
hysets_13338500,7050379310,7050014930,1,val
hysets_13339500,7050379310,7050014930,1,val
hysets_13340000,7050379310,7050014930,1,val
hysets_13340600,7050379310,7050014930,1,val
hysets_13344500,7050379310,7050014930,1,val
hysets_13345000,7050379310,7050014930,1,val
hysets_13351000,7050379310,7050014930,1,val
GRDC_4115202,7050379430,7050014930,1,val
GRDC_4115203,7050379430,7050014930,1,val
GRDC_4115204,7050379430,7050014930,1,val
GRDC_4115205,7050379430,7050014930,1,val
GRDC_4115230,7050379430,7050014930,1,val
GRDC_4115231,7050379430,7050014930,1,val
GRDC_4115235,7050379430,7050014930,1,val
GRDC_4115236,7050379430,7050014930,1,val
GRDC_4115260,7050379430,7050014930,1,val
GRDC_4115261,7050379430,7050014930,1,val
GRDC_4115262,7050379430,7050014930,1,val
GRDC_4115270,7050379430,7050014930,1,val
GRDC_4115290,7050379430,7050014930,1,val
camels_12447390,7050379430,7050014930,1,val
camels_12451000,7050379430,7050014930,1,val
camels_12488500,7050379430,7050014930,1,val
hysets_12447383,7050379430,7050014930,1,val
hysets_12448000,7050379430,7050014930,1,val
hysets_12448500,7050379430,7050014930,1,val
hysets_12448998,7050379430,7050014930,1,val
hysets_12449500,7050379430,7050014930,1,val
hysets_12449950,7050379430,7050014930,1,val
hysets_12451000,7050379430,7050014930,1,val
hysets_12452500,7050379430,7050014930,1,val
hysets_12452800,7050379430,7050014930,1,val
hysets_12452890,7050379430,7050014930,1,val
hysets_12452990,7050379430,7050014930,1,val
hysets_12456500,7050379430,7050014930,1,val
hysets_12457000,7050379430,7050014930,1,val
hysets_12458000,7050379430,7050014930,1,val
hysets_12459000,7050379430,7050014930,1,val
hysets_12462500,7050379430,7050014930,1,val
hysets_12464800,7050379430,7050014930,1,val
hysets_12465000,7050379430,7050014930,1,val
hysets_12465400,7050379430,7050014930,1,val
hysets_12467000,7050379430,7050014930,1,val
hysets_12488500,7050379430,7050014930,1,val
hysets_12502500,7050379430,7050014930,1,val
hysets_12506000,7050379430,7050014930,1,val
hysets_12508990,7050379430,7050014930,1,val
GRDC_4116330,7050388580,7050014930,3,train
GRDC_4116331,7050388580,7050014930,3,train
GRDC_4116332,7050388580,7050014930,3,train
GRDC_4116333,7050388580,7050014930,3,train
GRDC_4116335,7050388580,7050014930,3,train
GRDC_4116340,7050388580,7050014930,3,train
GRDC_4116360,7050388580,7050014930,3,train
GRDC_4116370,7050388580,7050014930,3,train
camels_13310700,7050388580,7050014930,3,train
camels_13313000,7050388580,7050014930,3,train
hysets_13295000,7050388580,7050014930,3,train
hysets_13296000,7050388580,7050014930,3,train
hysets_13296500,7050388580,7050014930,3,train
hysets_13297355,7050388580,7050014930,3,train
hysets_13302500,7050388580,7050014930,3,train
hysets_13307000,7050388580,7050014930,3,train
hysets_13309220,7050388580,7050014930,3,train
hysets_13310199,7050388580,7050014930,3,train
hysets_13310700,7050388580,7050014930,3,train
hysets_13317000,7050388580,7050014930,3,train
GRDC_4116183,7050388740,7050014930,1,val
GRDC_4116184,7050388740,7050014930,1,val
GRDC_4116400,7050388740,7050014930,1,val
GRDC_4116401,7050388740,7050014930,1,val
GRDC_4116402,7050388740,7050014930,1,val
GRDC_4116405,7050388740,7050014930,1,val
GRDC_4116406,7050388740,7050014930,1,val
GRDC_4116407,7050388740,7050014930,1,val
camels_13235000,7050388740,7050014930,1,val
hysets_13235000,7050388740,7050014930,1,val
hysets_13237920,7050388740,7050014930,1,val
GRDC_4132900,7050392520,7050034520,3,train
GRDC_4232890,7050392520,7050034520,3,train
GRDC_4232900,7050392520,7050034520,3,train
camels_04045500,7050392520,7050034520,3,train
hysets_02BF001,7050392520,7050034520,3,train
hysets_02BF002,7050392520,7050034520,3,train
hysets_04045500,7050392520,7050034520,3,train
GRDC_4133450,7050392650,7050034520,1,val
camels_04056500,7050392650,7050034520,1,val
camels_04127997,7050392650,7050034520,1,val
hysets_04056500,7050392650,7050034520,1,val
hysets_04127800,7050392650,7050034520,1,val
hysets_04127997,7050392650,7050034520,1,val
GRDC_4115100,7050394680,7050014930,4,train
GRDC_4115101,7050394680,7050014930,4,train
GRDC_4115102,7050394680,7050014930,4,train
GRDC_4115105,7050394680,7050014930,4,train
GRDC_4115106,7050394680,7050014930,4,train
camels_14154500,7050394680,7050014930,4,train
camels_14158500,7050394680,7050014930,4,train
camels_14158790,7050394680,7050014930,4,train
camels_14166500,7050394680,7050014930,4,train
camels_14182500,7050394680,7050014930,4,train
camels_14185000,7050394680,7050014930,4,train
camels_14185900,7050394680,7050014930,4,train
camels_14187000,7050394680,7050014930,4,train
hysets_14158500,7050394680,7050014930,4,train
hysets_14159200,7050394680,7050014930,4,train
hysets_14165000,7050394680,7050014930,4,train
hysets_14171000,7050394680,7050014930,4,train
hysets_14178000,7050394680,7050014930,4,train
hysets_14182500,7050394680,7050014930,4,train
hysets_14185000,7050394680,7050014930,4,train
hysets_14185900,7050394680,7050014930,4,train
hysets_14190500,7050394680,7050014930,4,train
hysets_14194150,7050394680,7050014930,4,train
hysets_14197900,7050394680,7050014930,4,train
hysets_14200000,7050394680,7050014930,4,train
hysets_14201340,7050394680,7050014930,4,train
hysets_14202000,7050394680,7050014930,4,train
hysets_14211010,7050394680,7050014930,4,train
GRDC_4115210,7050394690,7050014930,3,train
GRDC_4115211,7050394690,7050014930,3,train
camels_14137000,7050394690,7050014930,3,train
camels_14138800,7050394690,7050014930,3,train
camels_14138870,7050394690,7050014930,3,train
camels_14138900,7050394690,7050014930,3,train
camels_14139800,7050394690,7050014930,3,train
camels_14141500,7050394690,7050014930,3,train
hysets_14107000,7050394690,7050014930,3,train
hysets_14111400,7050394690,7050014930,3,train
hysets_14113000,7050394690,7050014930,3,train
hysets_14137000,7050394690,7050014930,3,train
GRDC_4115220,7050395190,7050014930,4,train
GRDC_4115221,7050395190,7050014930,4,train
GRDC_4115222,7050395190,7050014930,4,train
GRDC_4115223,7050395190,7050014930,4,train
GRDC_4115224,7050395190,7050014930,4,train
GRDC_4115240,7050395190,7050014930,4,train
GRDC_4115241,7050395190,7050014930,4,train
GRDC_4115250,7050395190,7050014930,4,train
camels_14020000,7050395190,7050014930,4,train
hysets_14013000,7050395190,7050014930,4,train
hysets_14018500,7050395190,7050014930,4,train
hysets_14020000,7050395190,7050014930,4,train
hysets_14020300,7050395190,7050014930,4,train
hysets_14020850,7050395190,7050014930,4,train
hysets_14038530,7050395190,7050014930,4,train
hysets_14044000,7050395190,7050014930,4,train
hysets_14046000,7050395190,7050014930,4,train
hysets_14046500,7050395190,7050014930,4,train
hysets_14046778,7050395190,7050014930,4,train
hysets_14046890,7050395190,7050014930,4,train
hysets_14048000,7050395190,7050014930,4,train
GRDC_4115226,7050395340,7050014930,0,test
GRDC_4115280,7050395340,7050014930,0,test
GRDC_4115281,7050395340,7050014930,0,test
GRDC_4115282,7050395340,7050014930,0,test
camels_14092750,7050395340,7050014930,0,test
camels_14096850,7050395340,7050014930,0,test
hysets_14091500,7050395340,7050014930,0,test
hysets_14093000,7050395340,7050014930,0,test
hysets_14096850,7050395340,7050014930,0,test
hysets_14097100,7050395340,7050014930,0,test
GRDC_4133100,7050398060,7050034520,0,test
GRDC_4133250,7050398060,7050034520,0,test
GRDC_4133260,7050398060,7050034520,0,test
GRDC_4133400,7050398060,7050034520,0,test
camels_04057800,7050398060,7050034520,0,test
camels_04059500,7050398060,7050034520,0,test
camels_04063700,7050398060,7050034520,0,test
camels_04074950,7050398060,7050034520,0,test
hysets_04060500,7050398060,7050034520,0,test
hysets_04060993,7050398060,7050034520,0,test
hysets_04067958,7050398060,7050034520,0,test
hysets_04069416,7050398060,7050034520,0,test
hysets_04071000,7050398060,7050034520,0,test
hysets_04073365,7050398060,7050034520,0,test
hysets_04074950,7050398060,7050034520,0,test
hysets_04079000,7050398060,7050034520,0,test
hysets_04082400,7050398060,7050034520,0,test
hysets_040851385,7050398060,7050034520,0,test
GRDC_4133800,7050398190,7050034520,2,train
GRDC_4133801,7050398190,7050034520,2,train
camels_04122200,7050398190,7050034520,2,train
camels_04122500,7050398190,7050034520,2,train
camels_04124000,7050398190,7050034520,2,train
hysets_04085427,7050398190,7050034520,2,train
hysets_04086000,7050398190,7050034520,2,train
hysets_04122500,7050398190,7050034520,2,train
hysets_04124000,7050398190,7050034520,2,train
hysets_04124500,7050398190,7050034520,2,train
hysets_04125460,7050398190,7050034520,2,train
hysets_04126740,7050398190,7050034520,2,train
GRDC_4243070,7050400520,7050034520,3,train
hysets_02KA015,7050400520,7050034520,3,train
hysets_02KC018,7050400520,7050034520,3,train
GRDC_4243080,7050400540,7050034520,4,train
hysets_02LH032,7050400540,7050034520,4,train
hysets_02KD002,7050400660,7050034520,3,train
GRDC_4243141,7050402320,7050034520,2,train
GRDC_4243215,7050402320,7050034520,2,train
hysets_02LB007,7050402320,7050034520,2,train
hysets_02LD005,7050402320,7050034520,2,train
GRDC_4143310,7050402430,7050034520,3,train
GRDC_4143500,7050402430,7050034520,3,train
GRDC_4143550,7050402430,7050034520,3,train
hysets_04262500,7050402430,7050034520,3,train
hysets_04265432,7050402430,7050034520,3,train
hysets_04268800,7050402430,7050034520,3,train
hysets_04269000,7050402430,7050034520,3,train
hysets_04270200,7050402430,7050034520,3,train
GRDC_4119050,7050415850,7050047060,4,train
GRDC_4119070,7050415850,7050047060,4,train
GRDC_4119101,7050415850,7050047060,4,train
hysets_05212700,7050415850,7050047060,4,train
hysets_05244000,7050415850,7050047060,4,train
hysets_05270500,7050415850,7050047060,4,train
hysets_05280000,7050415850,7050047060,4,train
hysets_05283500,7050415850,7050047060,4,train
hysets_05288580,7050415850,7050047060,4,train
hysets_05289800,7050415850,7050047060,4,train
GRDC_4119090,7050415980,7050047060,2,train
GRDC_4119460,7050415980,7050047060,2,train
GRDC_4119461,7050415980,7050047060,2,train
camels_05291000,7050415980,7050047060,2,train
hysets_05291000,7050415980,7050047060,2,train
hysets_05293000,7050415980,7050047060,2,train
hysets_05294000,7050415980,7050047060,2,train
hysets_05300000,7050415980,7050047060,2,train
hysets_05304500,7050415980,7050047060,2,train
hysets_05313500,7050415980,7050047060,2,train
hysets_05316500,7050415980,7050047060,2,train
hysets_05317000,7050415980,7050047060,2,train
hysets_05319500,7050415980,7050047060,2,train
hysets_05320500,7050415980,7050047060,2,train
hysets_05325000,7050415980,7050047060,2,train
hysets_05330000,7050415980,7050047060,2,train
GRDC_4121100,7050419260,7050047060,3,train
GRDC_4121101,7050419260,7050047060,3,train
GRDC_4121102,7050419260,7050047060,3,train
GRDC_4121110,7050419260,7050047060,3,train
GRDC_4121111,7050419260,7050047060,3,train
GRDC_4121120,7050419260,7050047060,3,train
GRDC_4121121,7050419260,7050047060,3,train
GRDC_4121125,7050419260,7050047060,3,train
GRDC_4121126,7050419260,7050047060,3,train
GRDC_4121130,7050419260,7050047060,3,train
GRDC_4121131,7050419260,7050047060,3,train
GRDC_4121420,7050419260,7050047060,3,train
GRDC_4121430,7050419260,7050047060,3,train
GRDC_4121431,7050419260,7050047060,3,train
GRDC_4121802,7050419260,7050047060,3,train
camels_06332515,7050419260,7050047060,3,train
camels_06339100,7050419260,7050047060,3,train
camels_06339500,7050419260,7050047060,3,train
camels_06344600,7050419260,7050047060,3,train
camels_06350000,7050419260,7050047060,3,train
camels_06352000,7050419260,7050047060,3,train
camels_06353000,7050419260,7050047060,3,train
camels_06354000,7050419260,7050047060,3,train
camels_06360500,7050419260,7050047060,3,train
hysets_06332515,7050419260,7050047060,3,train
hysets_06332770,7050419260,7050047060,3,train
hysets_06334500,7050419260,7050047060,3,train
hysets_06335500,7050419260,7050047060,3,train
hysets_06335750,7050419260,7050047060,3,train
hysets_06336000,7050419260,7050047060,3,train
hysets_06337000,7050419260,7050047060,3,train
hysets_06339100,7050419260,7050047060,3,train
hysets_06339500,7050419260,7050047060,3,train
hysets_06340500,7050419260,7050047060,3,train
hysets_06350000,7050419260,7050047060,3,train
hysets_06351200,7050419260,7050047060,3,train
hysets_06352000,7050419260,7050047060,3,train
hysets_06353000,7050419260,7050047060,3,train
hysets_06354000,7050419260,7050047060,3,train
hysets_06354580,7050419260,7050047060,3,train
hysets_06356500,7050419260,7050047060,3,train
hysets_06359500,7050419260,7050047060,3,train
hysets_06360500,7050419260,7050047060,3,train
GRDC_4121140,7050419360,7050047060,2,train
GRDC_4121141,7050419360,7050047060,2,train
GRDC_4121142,7050419360,7050047060,2,train
GRDC_4121145,7050419360,7050047060,2,train
GRDC_4121146,7050419360,7050047060,2,train
GRDC_4121147,7050419360,7050047060,2,train
camels_06404000,7050419360,7050047060,2,train
camels_06406000,7050419360,7050047060,2,train
camels_06408700,7050419360,7050047060,2,train
camels_06409000,7050419360,7050047060,2,train
camels_06431500,7050419360,7050047060,2,train
hysets_06400875,7050419360,7050047060,2,train
hysets_06404000,7050419360,7050047060,2,train
hysets_06409000,7050419360,7050047060,2,train
hysets_06422500,7050419360,7050047060,2,train
hysets_06436180,7050419360,7050047060,2,train
hysets_06436198,7050419360,7050047060,2,train
GRDC_4134800,7050426310,7050034520,1,val
GRDC_4234100,7050426310,7050034520,1,val
hysets_02CB003,7050426310,7050034520,1,val
hysets_02CF011,7050426310,7050034520,1,val
GRDC_4234400,7050426320,7050034520,3,train
GRDC_4234550,7050426320,7050034520,3,train
GRDC_4234600,7050426320,7050034520,3,train
GRDC_4234650,7050426320,7050034520,3,train
GRDC_4234680,7050426320,7050034520,3,train
hysets_02DC012,7050426320,7050034520,3,train
hysets_02DD012,7050426320,7050034520,3,train
hysets_02EA005,7050426320,7050034520,3,train
hysets_02EC002,7050426320,7050034520,3,train
hysets_02EC009,7050426320,7050034520,3,train
hysets_02EC011,7050426320,7050034520,3,train
hysets_02ED003,7050426320,7050034520,3,train
hysets_02ED007,7050426320,7050034520,3,train
hysets_02ED032,7050426320,7050034520,3,train
hysets_02ED101,7050426320,7050034520,3,train
hysets_02FB010,7050426320,7050034520,3,train
GRDC_4134300,7050431340,7050034520,2,train
GRDC_4134350,7050431340,7050034520,2,train
GRDC_4134500,7050431340,7050034520,2,train
GRDC_4134700,7050431340,7050034520,2,train
hysets_04135700,7050431340,7050034520,2,train
hysets_04136000,7050431340,7050034520,2,train
hysets_04142000,7050431340,7050034520,2,train
hysets_04146063,7050431340,7050034520,2,train
hysets_04148140,7050431340,7050034520,2,train
hysets_04148500,7050431340,7050034520,2,train
hysets_04151500,7050431340,7050034520,2,train
hysets_04152238,7050431340,7050034520,2,train
hysets_04154000,7050431340,7050034520,2,train
hysets_04156000,7050431340,7050034520,2,train
GRDC_4234700,7050431350,7050034520,0,test
GRDC_4234701,7050431350,7050034520,0,test
GRDC_4234720,7050431350,7050034520,0,test
hysets_02FC016,7050431350,7050034520,0,test
GRDC_4236700,7050434140,7050034520,1,val
hysets_02HJ001,7050434140,7050034520,1,val
hysets_02HJ006,7050434140,7050034520,1,val
hysets_02HL003,7050434140,7050034520,1,val
hysets_02HL004,7050434140,7050034520,1,val
GRDC_4136500,7050434190,7050034520,2,train
camels_04256000,7050434190,7050034520,2,train
hysets_04250750,7050434190,7050034520,2,train
GRDC_4116185,7050438790,7050014930,2,train
GRDC_4135210,7050439770,7050034520,0,test
GRDC_4135500,7050439770,7050034520,0,test
GRDC_4135800,7050439770,7050034520,0,test
GRDC_4136301,7050439770,7050034520,0,test
GRDC_4235100,7050439770,7050034520,0,test
GRDC_4235101,7050439770,7050034520,0,test
GRDC_4235400,7050439770,7050034520,0,test
GRDC_4235490,7050439770,7050034520,0,test
GRDC_4235500,7050439770,7050034520,0,test
GRDC_4236050,7050439770,7050034520,0,test
GRDC_4236100,7050439770,7050034520,0,test
GRDC_4236300,7050439770,7050034520,0,test
camels_04196800,7050439770,7050034520,0,test
camels_04197100,7050439770,7050034520,0,test
camels_04197170,7050439770,7050034520,0,test
camels_04213000,7050439770,7050034520,0,test
camels_04213075,7050439770,7050034520,0,test
camels_04216418,7050439770,7050034520,0,test
camels_04221000,7050439770,7050034520,0,test
camels_04224775,7050439770,7050034520,0,test
hysets_02GA005,7050439770,7050034520,0,test
hysets_02GA010,7050439770,7050034520,0,test
hysets_02GA018,7050439770,7050034520,0,test
hysets_02GA047,7050439770,7050034520,0,test
hysets_02GC010,7050439770,7050034520,0,test
hysets_02HA006,7050439770,7050034520,0,test
hysets_02HA020,7050439770,7050034520,0,test
hysets_02HB004,7050439770,7050034520,0,test
hysets_02HB029,7050439770,7050034520,0,test
hysets_02HC009,7050439770,7050034520,0,test
hysets_02HD012,7050439770,7050034520,0,test
hysets_04195500,7050439770,7050034520,0,test
hysets_04196500,7050439770,7050034520,0,test
hysets_04196800,7050439770,7050034520,0,test
hysets_04198000,7050439770,7050034520,0,test
hysets_04199500,7050439770,7050034520,0,test
hysets_04201500,7050439770,7050034520,0,test
hysets_04208504,7050439770,7050034520,0,test
hysets_04212100,7050439770,7050034520,0,test
hysets_04213500,7050439770,7050034520,0,test
hysets_04214500,7050439770,7050034520,0,test
hysets_04215000,7050439770,7050034520,0,test
hysets_04215500,7050439770,7050034520,0,test
hysets_04217000,7050439770,7050034520,0,test
hysets_04223000,7050439770,7050034520,0,test
hysets_04226000,7050439770,7050034520,0,test
hysets_04227000,7050439770,7050034520,0,test
hysets_04230500,7050439770,7050034520,0,test
GRDC_4136400,7050439780,7050034520,0,test
hysets_04233255,7050439780,7050034520,0,test
hysets_04234000,7050439780,7050034520,0,test
hysets_04235250,7050439780,7050034520,0,test
hysets_04235299,7050439780,7050034520,0,test
hysets_04242500,7050439780,7050034520,0,test
GRDC_4116460,7050444390,7050014930,4,train
GRDC_4116461,7050444390,7050014930,4,train
hysets_13185000,7050444390,7050014930,4,train
hysets_13186000,7050444390,7050014930,4,train
GRDC_4116450,7050445150,7050014930,1,val
GRDC_4116451,7050445150,7050014930,1,val
GRDC_4116452,7050445150,7050014930,1,val
GRDC_4116186,7050445160,7050014930,3,train
hysets_13171620,7050445160,7050014930,3,train
GRDC_4133700,7050450160,7050034520,3,train
GRDC_4133701,7050450160,7050034520,3,train
hysets_04121300,7050450160,7050034520,3,train
hysets_04121500,7050450160,7050034520,3,train
GRDC_4133300,7050453930,7050034520,2,train
GRDC_4133651,7050453930,7050034520,2,train
GRDC_4133652,7050453930,7050034520,2,train
camels_04105700,7050453930,7050034520,2,train
hysets_04086500,7050453930,7050034520,2,train
hysets_04086600,7050453930,7050034520,2,train
hysets_04087170,7050453930,7050034520,2,train
hysets_04108660,7050453930,7050034520,2,train
GRDC_4133750,7050453940,7050034520,2,train
GRDC_4133751,7050453940,7050034520,2,train
camels_04115265,7050453940,7050034520,2,train
hysets_04111000,7050453940,7050034520,2,train
hysets_04111379,7050453940,7050034520,2,train
hysets_04112500,7050453940,7050034520,2,train
hysets_04114000,7050453940,7050034520,2,train
hysets_04116000,7050453940,7050034520,2,train
hysets_04119000,7050453940,7050034520,2,train
GRDC_4116187,7050466540,7050014930,2,train
GRDC_4116188,7050466540,7050014930,2,train
GRDC_4116189,7050466540,7050014930,2,train
GRDC_4116190,7050466540,7050014930,2,train
GRDC_4116191,7050466540,7050014930,2,train
GRDC_4116192,7050466540,7050014930,2,train
GRDC_4116193,7050466540,7050014930,2,train
GRDC_4116470,7050466540,7050014930,2,train
GRDC_4116471,7050466540,7050014930,2,train
GRDC_4116480,7050466540,7050014930,2,train
camels_13011500,7050466540,7050014930,2,train
camels_13011900,7050466540,7050014930,2,train
camels_13018300,7050466540,7050014930,2,train
camels_13023000,7050466540,7050014930,2,train
camels_13083000,7050466540,7050014930,2,train
hysets_13010065,7050466540,7050014930,2,train
hysets_13011000,7050466540,7050014930,2,train
hysets_13011500,7050466540,7050014930,2,train
hysets_13011900,7050466540,7050014930,2,train
hysets_13018750,7050466540,7050014930,2,train
hysets_13022500,7050466540,7050014930,2,train
hysets_13023000,7050466540,7050014930,2,train
hysets_13025500,7050466540,7050014930,2,train
hysets_13046995,7050466540,7050014930,2,train
hysets_13135500,7050466540,7050014930,2,train
hysets_13137500,7050466540,7050014930,2,train
hysets_13153500,7050466540,7050014930,2,train
GRDC_4116350,7050466690,7050014930,0,test
GRDC_4116351,7050466690,7050014930,0,test
camels_13161500,7050466690,7050014930,0,test
hysets_04093000,7050481280,7050034520,1,val
GRDC_4133500,7050481290,7050034520,1,val
GRDC_4133501,7050481290,7050034520,1,val
GRDC_4133550,7050481290,7050034520,1,val
hysets_04096515,7050481290,7050034520,1,val
hysets_04097500,7050481290,7050034520,1,val
hysets_04099750,7050481290,7050034520,1,val
hysets_04100500,7050481290,7050034520,1,val
hysets_04101500,7050481290,7050034520,1,val
hysets_04102500,7050481290,7050034520,1,val
GRDC_4135300,7050494360,7050034520,1,val
GRDC_4135400,7050494360,7050034520,1,val
GRDC_4234900,7050494360,7050034520,1,val
GRDC_4235190,7050494360,7050034520,1,val
GRDC_4235191,7050494360,7050034520,1,val
GRDC_4235300,7050494360,7050034520,1,val
GRDC_4235301,7050494360,7050034520,1,val
hysets_02FE008,7050494360,7050034520,1,val
hysets_02FE009,7050494360,7050034520,1,val
hysets_02FF013,7050494360,7050034520,1,val
hysets_02GD010,7050494360,7050034520,1,val
hysets_02GD021,7050494360,7050034520,1,val
hysets_02GD027,7050494360,7050034520,1,val
hysets_02GG002,7050494360,7050034520,1,val
hysets_02GG003,7050494360,7050034520,1,val
hysets_02GG006,7050494360,7050034520,1,val
hysets_02GG009,7050494360,7050034520,1,val
hysets_04159492,7050494360,7050034520,1,val
hysets_04159900,7050494360,7050034520,1,val
hysets_04164500,7050494360,7050034520,1,val
GRDC_4135100,7050494540,7050034520,1,val
GRDC_4135200,7050494540,7050034520,1,val
GRDC_4135201,7050494540,7050034520,1,val
GRDC_4135205,7050494540,7050034520,1,val
camels_04185000,7050494540,7050034520,1,val
hysets_04176500,7050494540,7050034520,1,val
hysets_04178000,7050494540,7050034520,1,val
hysets_04183500,7050494540,7050034520,1,val
hysets_04185000,7050494540,7050034520,1,val
hysets_04188100,7050494540,7050034520,1,val
hysets_04188337,7050494540,7050034520,1,val
hysets_04190000,7050494540,7050034520,1,val
hysets_04192500,7050494540,7050034520,1,val
hysets_04193500,7050494540,7050034520,1,val
GRDC_4152570,7050508340,7050008710,2,train
camels_09223000,7050508340,7050008710,2,train
GRDC_4152552,7050508350,7050008710,2,train
GRDC_4152553,7050508350,7050008710,2,train
camels_09210500,7050508350,7050008710,2,train
hysets_09196500,7050508350,7050008710,2,train
GRDC_4119080,7050511950,7050047060,3,train
GRDC_4119100,7050511950,7050047060,3,train
GRDC_4119150,7050511950,7050047060,3,train
GRDC_4119170,7050511950,7050047060,3,train
GRDC_4119200,7050511950,7050047060,3,train
GRDC_4119201,7050511950,7050047060,3,train
GRDC_4119210,7050511950,7050047060,3,train
GRDC_4119220,7050511950,7050047060,3,train
GRDC_4119230,7050511950,7050047060,3,train
GRDC_4119430,7050511950,7050047060,3,train
GRDC_4119431,7050511950,7050047060,3,train
GRDC_4119440,7050511950,7050047060,3,train
GRDC_4119441,7050511950,7050047060,3,train
GRDC_4119442,7050511950,7050047060,3,train
GRDC_4119445,7050511950,7050047060,3,train
GRDC_4119447,7050511950,7050047060,3,train
GRDC_4119450,7050511950,7050047060,3,train
GRDC_4119451,7050511950,7050047060,3,train
GRDC_4119452,7050511950,7050047060,3,train
GRDC_4119453,7050511950,7050047060,3,train
GRDC_4119454,7050511950,7050047060,3,train
GRDC_4119510,7050511950,7050047060,3,train
GRDC_4119650,7050511950,7050047060,3,train
camels_05362000,7050511950,7050047060,3,train
camels_05393500,7050511950,7050047060,3,train
camels_05399500,7050511950,7050047060,3,train
camels_05408000,7050511950,7050047060,3,train
camels_05412500,7050511950,7050047060,3,train
camels_05413500,7050511950,7050047060,3,train
camels_05414000,7050511950,7050047060,3,train
camels_05444000,7050511950,7050047060,3,train
hysets_05331833,7050511950,7050047060,3,train
hysets_05333500,7050511950,7050047060,3,train
hysets_05336700,7050511950,7050047060,3,train
hysets_05338500,7050511950,7050047060,3,train
hysets_05341752,7050511950,7050047060,3,train
hysets_05342000,7050511950,7050047060,3,train
hysets_05344500,7050511950,7050047060,3,train
hysets_05353800,7050511950,7050047060,3,train
hysets_05355200,7050511950,7050047060,3,train
hysets_05362000,7050511950,7050047060,3,train
hysets_05367500,7050511950,7050047060,3,train
hysets_05372995,7050511950,7050047060,3,train
hysets_05378500,7050511950,7050047060,3,train
hysets_05379400,7050511950,7050047060,3,train
hysets_05379500,7050511950,7050047060,3,train
hysets_05381000,7050511950,7050047060,3,train
hysets_05382267,7050511950,7050047060,3,train
hysets_05382325,7050511950,7050047060,3,train
hysets_05383075,7050511950,7050047060,3,train
hysets_05383950,7050511950,7050047060,3,train
hysets_05385000,7050511950,7050047060,3,train
hysets_05385500,7050511950,7050047060,3,train
hysets_05387440,7050511950,7050047060,3,train
hysets_05387500,7050511950,7050047060,3,train
hysets_05389000,7050511950,7050047060,3,train
hysets_05397500,7050511950,7050047060,3,train
hysets_05399500,7050511950,7050047060,3,train
hysets_05405000,7050511950,7050047060,3,train
hysets_05408000,7050511950,7050047060,3,train
hysets_05410490,7050511950,7050047060,3,train
hysets_05411600,7050511950,7050047060,3,train
hysets_05411850,7050511950,7050047060,3,train
hysets_05412020,7050511950,7050047060,3,train
hysets_05412400,7050511950,7050047060,3,train
hysets_05412500,7050511950,7050047060,3,train
hysets_05413500,7050511950,7050047060,3,train
hysets_05414000,7050511950,7050047060,3,train
hysets_05416900,7050511950,7050047060,3,train
hysets_05418400,7050511950,7050047060,3,train
hysets_05418500,7050511950,7050047060,3,train
hysets_05419000,7050511950,7050047060,3,train
hysets_05420680,7050511950,7050047060,3,train
hysets_05421000,7050511950,7050047060,3,train
hysets_05421740,7050511950,7050047060,3,train
hysets_05422000,7050511950,7050047060,3,train
hysets_05422600,7050511950,7050047060,3,train
hysets_05427085,7050511950,7050047060,3,train
hysets_05427530,7050511950,7050047060,3,train
hysets_05427718,7050511950,7050047060,3,train
hysets_05429700,7050511950,7050047060,3,train
hysets_05435500,7050511950,7050047060,3,train
hysets_05435950,7050511950,7050047060,3,train
hysets_05437050,7050511950,7050047060,3,train
hysets_05437500,7050511950,7050047060,3,train
hysets_05438500,7050511950,7050047060,3,train
hysets_05439500,7050511950,7050047060,3,train
hysets_05440000,7050511950,7050047060,3,train
hysets_05440700,7050511950,7050047060,3,train
hysets_05443500,7050511950,7050047060,3,train
hysets_05444000,7050511950,7050047060,3,train
hysets_05447500,7050511950,7050047060,3,train
hysets_05448000,7050511950,7050047060,3,train
GRDC_4119250,7050512060,7050047060,4,train
GRDC_4119251,7050512060,7050047060,4,train
GRDC_4119252,7050512060,7050047060,4,train
GRDC_4119260,7050512060,7050047060,4,train
GRDC_4119261,7050512060,7050047060,4,train
GRDC_4119262,7050512060,7050047060,4,train
GRDC_4119263,7050512060,7050047060,4,train
GRDC_4119264,7050512060,7050047060,4,train
GRDC_4119265,7050512060,7050047060,4,train
camels_05454000,7050512060,7050047060,4,train
camels_05458000,7050512060,7050047060,4,train
hysets_05449500,7050512060,7050047060,4,train
hysets_05451210,7050512060,7050047060,4,train
hysets_05451500,7050512060,7050047060,4,train
hysets_05451700,7050512060,7050047060,4,train
hysets_05451900,7050512060,7050047060,4,train
hysets_05452500,7050512060,7050047060,4,train
hysets_05453000,7050512060,7050047060,4,train
hysets_05453100,7050512060,7050047060,4,train
hysets_05454220,7050512060,7050047060,4,train
hysets_05454300,7050512060,7050047060,4,train
hysets_05455100,7050512060,7050047060,4,train
hysets_05455500,7050512060,7050047060,4,train
hysets_05457700,7050512060,7050047060,4,train
hysets_05458000,7050512060,7050047060,4,train
hysets_05458300,7050512060,7050047060,4,train
hysets_05458500,7050512060,7050047060,4,train
hysets_05458900,7050512060,7050047060,4,train
hysets_05459500,7050512060,7050047060,4,train
hysets_05462000,7050512060,7050047060,4,train
hysets_05463000,7050512060,7050047060,4,train
hysets_05463050,7050512060,7050047060,4,train
hysets_05463500,7050512060,7050047060,4,train
hysets_05464000,7050512060,7050047060,4,train
hysets_05464220,7050512060,7050047060,4,train
hysets_05464315,7050512060,7050047060,4,train
hysets_05464500,7050512060,7050047060,4,train
GRDC_4121150,7050514490,7050047060,1,val
GRDC_4121160,7050514490,7050047060,1,val
GRDC_4121161,7050514490,7050047060,1,val
GRDC_4121162,7050514490,7050047060,1,val
GRDC_4121300,7050514490,7050047060,1,val
GRDC_4121301,7050514490,7050047060,1,val
GRDC_4121304,7050514490,7050047060,1,val
GRDC_4121311,7050514490,7050047060,1,val
GRDC_4121320,7050514490,7050047060,1,val
GRDC_4121321,7050514490,7050047060,1,val
GRDC_4121330,7050514490,7050047060,1,val
GRDC_4121340,7050514490,7050047060,1,val
GRDC_4121341,7050514490,7050047060,1,val
GRDC_4121350,7050514490,7050047060,1,val
GRDC_4121400,7050514490,7050047060,1,val
GRDC_4121401,7050514490,7050047060,1,val
GRDC_4121801,7050514490,7050047060,1,val
camels_06440200,7050514490,7050047060,1,val
camels_06441500,7050514490,7050047060,1,val
camels_06447000,7050514490,7050047060,1,val
camels_06447500,7050514490,7050047060,1,val
camels_06450500,7050514490,7050047060,1,val
camels_06452000,7050514490,7050047060,1,val
camels_06453600,7050514490,7050047060,1,val
camels_06464500,7050514490,7050047060,1,val
camels_06468170,7050514490,7050047060,1,val
camels_06468250,7050514490,7050047060,1,val
camels_06470800,7050514490,7050047060,1,val
camels_06477500,7050514490,7050047060,1,val
camels_06479215,7050514490,7050047060,1,val
camels_06479438,7050514490,7050047060,1,val
camels_06601000,7050514490,7050047060,1,val
hysets_06440200,7050514490,7050047060,1,val
hysets_06441500,7050514490,7050047060,1,val
hysets_06442900,7050514490,7050047060,1,val
hysets_06445685,7050514490,7050047060,1,val
hysets_06446000,7050514490,7050047060,1,val
hysets_06446500,7050514490,7050047060,1,val
hysets_06447000,7050514490,7050047060,1,val
hysets_06447230,7050514490,7050047060,1,val
hysets_06447450,7050514490,7050047060,1,val
hysets_06447500,7050514490,7050047060,1,val
hysets_06452000,7050514490,7050047060,1,val
hysets_06453600,7050514490,7050047060,1,val
hysets_06463500,7050514490,7050047060,1,val
hysets_06464100,7050514490,7050047060,1,val
hysets_06464500,7050514490,7050047060,1,val
hysets_06466500,7050514490,7050047060,1,val
hysets_06469400,7050514490,7050047060,1,val
hysets_06472000,7050514490,7050047060,1,val
hysets_06473000,7050514490,7050047060,1,val
hysets_06475000,7050514490,7050047060,1,val
hysets_06476000,7050514490,7050047060,1,val
hysets_06477000,7050514490,7050047060,1,val
hysets_06477500,7050514490,7050047060,1,val
hysets_06478500,7050514490,7050047060,1,val
hysets_06478513,7050514490,7050047060,1,val
hysets_06478690,7050514490,7050047060,1,val
hysets_06479215,7050514490,7050047060,1,val
hysets_06480650,7050514490,7050047060,1,val
hysets_06481500,7050514490,7050047060,1,val
hysets_06482610,7050514490,7050047060,1,val
hysets_06483290,7050514490,7050047060,1,val
hysets_06483500,7050514490,7050047060,1,val
hysets_06485500,7050514490,7050047060,1,val
hysets_06600100,7050514490,7050047060,1,val
hysets_06600500,7050514490,7050047060,1,val
hysets_06600900,7050514490,7050047060,1,val
hysets_06601000,7050514490,7050047060,1,val
hysets_06602020,7050514490,7050047060,1,val
hysets_06605000,7050514490,7050047060,1,val
hysets_06605850,7050514490,7050047060,1,val
hysets_06606600,7050514490,7050047060,1,val
hysets_06607200,7050514490,7050047060,1,val
hysets_06608500,7050514490,7050047060,1,val
hysets_06609500,7050514490,7050047060,1,val
hysets_06610770,7050514490,7050047060,1,val
GRDC_4122100,7050514640,7050047060,3,train
GRDC_4122105,7050514640,7050047060,3,train
GRDC_4122111,7050514640,7050047060,3,train
GRDC_4122130,7050514640,7050047060,3,train
GRDC_4122151,7050514640,7050047060,3,train
GRDC_4122152,7050514640,7050047060,3,train
GRDC_4122153,7050514640,7050047060,3,train
GRDC_4122154,7050514640,7050047060,3,train
GRDC_4122155,7050514640,7050047060,3,train
GRDC_4122600,7050514640,7050047060,3,train
GRDC_4122601,7050514640,7050047060,3,train
GRDC_4122602,7050514640,7050047060,3,train
GRDC_4122603,7050514640,7050047060,3,train
GRDC_4122620,7050514640,7050047060,3,train
GRDC_4122630,7050514640,7050047060,3,train
GRDC_4122635,7050514640,7050047060,3,train
GRDC_4122636,7050514640,7050047060,3,train
GRDC_4122637,7050514640,7050047060,3,train
GRDC_4122638,7050514640,7050047060,3,train
GRDC_4122639,7050514640,7050047060,3,train
camels_06614800,7050514640,7050047060,3,train
camels_06622700,7050514640,7050047060,3,train
camels_06623800,7050514640,7050047060,3,train
camels_06632400,7050514640,7050047060,3,train
camels_06746095,7050514640,7050047060,3,train
camels_06784000,7050514640,7050047060,3,train
camels_06803510,7050514640,7050047060,3,train
camels_06803530,7050514640,7050047060,3,train
hysets_06623800,7050514640,7050047060,3,train
hysets_06708800,7050514640,7050047060,3,train
hysets_06709000,7050514640,7050047060,3,train
hysets_06709530,7050514640,7050047060,3,train
hysets_06712000,7050514640,7050047060,3,train
hysets_06718550,7050514640,7050047060,3,train
hysets_06719505,7050514640,7050047060,3,train
hysets_06784000,7050514640,7050047060,3,train
hysets_06785500,7050514640,7050047060,3,train
hysets_06794000,7050514640,7050047060,3,train
hysets_06795500,7050514640,7050047060,3,train
hysets_06797500,7050514640,7050047060,3,train
hysets_06799000,7050514640,7050047060,3,train
hysets_06799100,7050514640,7050047060,3,train
hysets_06799350,7050514640,7050047060,3,train
hysets_06799500,7050514640,7050047060,3,train
hysets_06800000,7050514640,7050047060,3,train
hysets_06800500,7050514640,7050047060,3,train
hysets_06803510,7050514640,7050047060,3,train
hysets_06803520,7050514640,7050047060,3,train
hysets_06803530,7050514640,7050047060,3,train
hysets_06804000,7050514640,7050047060,3,train
hysets_06804700,7050514640,7050047060,3,train
hysets_394839104570300,7050514640,7050047060,3,train
GRDC_4152580,7050527230,7050008710,0,test
GRDC_4152700,7050527230,7050008710,0,test
GRDC_4152701,7050527230,7050008710,0,test
hysets_09239500,7050527230,7050008710,0,test
hysets_09242500,7050527230,7050008710,0,test
hysets_09246200,7050527230,7050008710,0,test
hysets_09253000,7050527230,7050008710,0,test
hysets_09255000,7050527230,7050008710,0,test
hysets_09260000,7050527230,7050008710,0,test
GRDC_4119280,7050531210,7050047060,2,train
GRDC_4119281,7050531210,7050047060,2,train
GRDC_4119282,7050531210,7050047060,2,train
GRDC_4119283,7050531210,7050047060,2,train
GRDC_4119285,7050531210,7050047060,2,train
GRDC_4119286,7050531210,7050047060,2,train
GRDC_4119288,7050531210,7050047060,2,train
camels_05487980,7050531210,7050047060,2,train
camels_05488200,7050531210,7050047060,2,train
camels_05489000,7050531210,7050047060,2,train
hysets_05476000,7050531210,7050047060,2,train
hysets_05476750,7050531210,7050047060,2,train
hysets_05478265,7050531210,7050047060,2,train
hysets_05479000,7050531210,7050047060,2,train
hysets_05480500,7050531210,7050047060,2,train
hysets_05481000,7050531210,7050047060,2,train
hysets_05481300,7050531210,7050047060,2,train
hysets_05481950,7050531210,7050047060,2,train
hysets_05482300,7050531210,7050047060,2,train
hysets_05482500,7050531210,7050047060,2,train
hysets_05483450,7050531210,7050047060,2,train
hysets_05484000,7050531210,7050047060,2,train
hysets_05484500,7050531210,7050047060,2,train
hysets_05484650,7050531210,7050047060,2,train
hysets_05484800,7050531210,7050047060,2,train
hysets_05486490,7050531210,7050047060,2,train
hysets_05487470,7050531210,7050047060,2,train
hysets_05487980,7050531210,7050047060,2,train
hysets_05489000,7050531210,7050047060,2,train
hysets_05490600,7050531210,7050047060,2,train
GRDC_4119270,7050531330,7050047060,3,train
GRDC_4119271,7050531330,7050047060,3,train
GRDC_4119300,7050531330,7050047060,3,train
camels_05466500,7050531330,7050047060,3,train
hysets_05466500,7050531330,7050047060,3,train
hysets_05467000,7050531330,7050047060,3,train
hysets_05469000,7050531330,7050047060,3,train
hysets_05470000,7050531330,7050047060,3,train
hysets_05470500,7050531330,7050047060,3,train
hysets_05471000,7050531330,7050047060,3,train
hysets_05471200,7050531330,7050047060,3,train
hysets_05471500,7050531330,7050047060,3,train
hysets_05472500,7050531330,7050047060,3,train
hysets_05473400,7050531330,7050047060,3,train
hysets_05473450,7050531330,7050047060,3,train
hysets_05474000,7050531330,7050047060,3,train
GRDC_4152610,7050538950,7050008710,1,val
hysets_09292000,7050538950,7050008710,1,val
hysets_09292500,7050538950,7050008710,1,val
hysets_09299500,7050538950,7050008710,1,val
GRDC_4152551,7050538960,7050008710,1,val
hysets_09266500,7050538960,7050008710,1,val
GRDC_4152590,7050539540,7050008710,2,train
camels_09306242,7050539540,7050008710,2,train
hysets_09304200,7050539540,7050008710,2,train
hysets_09304500,7050539540,7050008710,2,train
hysets_09304800,7050539540,7050008710,2,train
hysets_09306222,7050539540,7050008710,2,train
hysets_09306255,7050539540,7050008710,2,train
GRDC_4122160,7050562040,7050047060,4,train
GRDC_4122165,7050562040,7050047060,4,train
GRDC_4122170,7050562040,7050047060,4,train
GRDC_4122180,7050562040,7050047060,4,train
GRDC_4122190,7050562040,7050047060,4,train
GRDC_4122650,7050562040,7050047060,4,train
GRDC_4122903,7050562040,7050047060,4,train
camels_06814000,7050562040,7050047060,4,train
hysets_06806500,7050562040,7050047060,4,train
hysets_06807410,7050562040,7050047060,4,train
hysets_06808500,7050562040,7050047060,4,train
hysets_06809210,7050562040,7050047060,4,train
hysets_06809500,7050562040,7050047060,4,train
hysets_06810000,7050562040,7050047060,4,train
hysets_06811500,7050562040,7050047060,4,train
hysets_06813000,7050562040,7050047060,4,train
hysets_06814000,7050562040,7050047060,4,train
hysets_06814500,7050562040,7050047060,4,train
hysets_06815000,7050562040,7050047060,4,train
hysets_06817000,7050562040,7050047060,4,train
hysets_06817500,7050562040,7050047060,4,train
hysets_06817700,7050562040,7050047060,4,train
hysets_06820410,7050562040,7050047060,4,train
hysets_06820500,7050562040,7050047060,4,train
hysets_06821190,7050562040,7050047060,4,train
GRDC_4122201,7050562140,7050047060,4,train
GRDC_4122211,7050562140,7050047060,4,train
GRDC_4122212,7050562140,7050047060,4,train
GRDC_4122220,7050562140,7050047060,4,train
GRDC_4122221,7050562140,7050047060,4,train
GRDC_4122222,7050562140,7050047060,4,train
GRDC_4122230,7050562140,7050047060,4,train
GRDC_4122240,7050562140,7050047060,4,train
GRDC_4122350,7050562140,7050047060,4,train
GRDC_4122351,7050562140,7050047060,4,train
GRDC_4122352,7050562140,7050047060,4,train
GRDC_4122360,7050562140,7050047060,4,train
GRDC_4122370,7050562140,7050047060,4,train
GRDC_4122700,7050562140,7050047060,4,train
GRDC_4122701,7050562140,7050047060,4,train
camels_06847900,7050562140,7050047060,4,train
camels_06853800,7050562140,7050047060,4,train
camels_06876700,7050562140,7050047060,4,train
camels_06878000,7050562140,7050047060,4,train
camels_06885500,7050562140,7050047060,4,train
camels_06888500,7050562140,7050047060,4,train
camels_06889200,7050562140,7050047060,4,train
camels_06889500,7050562140,7050047060,4,train
camels_06892000,7050562140,7050047060,4,train
hysets_06827000,7050562140,7050047060,4,train
hysets_06836500,7050562140,7050047060,4,train
hysets_06845110,7050562140,7050047060,4,train
hysets_06846500,7050562140,7050047060,4,train
hysets_06847000,7050562140,7050047060,4,train
hysets_06847500,7050562140,7050047060,4,train
hysets_06847900,7050562140,7050047060,4,train
hysets_06853800,7050562140,7050047060,4,train
hysets_06860000,7050562140,7050047060,4,train
hysets_06861000,7050562140,7050047060,4,train
hysets_06863500,7050562140,7050047060,4,train
hysets_06867000,7050562140,7050047060,4,train
hysets_06869950,7050562140,7050047060,4,train
hysets_06871000,7050562140,7050047060,4,train
hysets_06871500,7050562140,7050047060,4,train
hysets_06873000,7050562140,7050047060,4,train
hysets_06876440,7050562140,7050047060,4,train
hysets_06876700,7050562140,7050047060,4,train
hysets_06878000,7050562140,7050047060,4,train
hysets_06880800,7050562140,7050047060,4,train
hysets_06881000,7050562140,7050047060,4,train
hysets_06882000,7050562140,7050047060,4,train
hysets_06882510,7050562140,7050047060,4,train
hysets_06883000,7050562140,7050047060,4,train
hysets_06884000,7050562140,7050047060,4,train
hysets_06884025,7050562140,7050047060,4,train
hysets_06884200,7050562140,7050047060,4,train
hysets_06884400,7050562140,7050047060,4,train
hysets_06885500,7050562140,7050047060,4,train
hysets_06888000,7050562140,7050047060,4,train
hysets_06888500,7050562140,7050047060,4,train
hysets_06889200,7050562140,7050047060,4,train
hysets_06889500,7050562140,7050047060,4,train
hysets_06890100,7050562140,7050047060,4,train
hysets_06891260,7050562140,7050047060,4,train
hysets_06892000,7050562140,7050047060,4,train
hysets_06892360,7050562140,7050047060,4,train
hysets_06892513,7050562140,7050047060,4,train
GRDC_4119310,7050566040,7050047060,4,train
GRDC_4119311,7050566040,7050047060,4,train
GRDC_4119312,7050566040,7050047060,4,train
GRDC_4119313,7050566040,7050047060,4,train
GRDC_4119315,7050566040,7050047060,4,train
GRDC_4119317,7050566040,7050047060,4,train
GRDC_4119318,7050566040,7050047060,4,train
GRDC_4119321,7050566040,7050047060,4,train
GRDC_4119322,7050566040,7050047060,4,train
GRDC_4119325,7050566040,7050047060,4,train
GRDC_4119327,7050566040,7050047060,4,train
GRDC_4119400,7050566040,7050047060,4,train
GRDC_4119401,7050566040,7050047060,4,train
GRDC_4119410,7050566040,7050047060,4,train
GRDC_4119600,7050566040,7050047060,4,train
camels_05525500,7050566040,7050047060,4,train
camels_05556500,7050566040,7050047060,4,train
camels_05584500,7050566040,7050047060,4,train
camels_05585000,7050566040,7050047060,4,train
hysets_05515500,7050566040,7050047060,4,train
hysets_05517000,7050566040,7050047060,4,train
hysets_05517500,7050566040,7050047060,4,train
hysets_05517530,7050566040,7050047060,4,train
hysets_05518000,7050566040,7050047060,4,train
hysets_05520500,7050566040,7050047060,4,train
hysets_05525000,7050566040,7050047060,4,train
hysets_05525500,7050566040,7050047060,4,train
hysets_05526000,7050566040,7050047060,4,train
hysets_05527500,7050566040,7050047060,4,train
hysets_05529000,7050566040,7050047060,4,train
hysets_05531300,7050566040,7050047060,4,train
hysets_05532500,7050566040,7050047060,4,train
hysets_05540250,7050566040,7050047060,4,train
hysets_05540500,7050566040,7050047060,4,train
hysets_05541710,7050566040,7050047060,4,train
hysets_05542000,7050566040,7050047060,4,train
hysets_05543830,7050566040,7050047060,4,train
hysets_05545750,7050566040,7050047060,4,train
hysets_05550001,7050566040,7050047060,4,train
hysets_05551000,7050566040,7050047060,4,train
hysets_05551540,7050566040,7050047060,4,train
hysets_05554500,7050566040,7050047060,4,train
hysets_05555300,7050566040,7050047060,4,train
hysets_05556500,7050566040,7050047060,4,train
hysets_05567500,7050566040,7050047060,4,train
hysets_05568000,7050566040,7050047060,4,train
hysets_05568800,7050566040,7050047060,4,train
hysets_05569500,7050566040,7050047060,4,train
hysets_05570000,7050566040,7050047060,4,train
hysets_05572000,7050566040,7050047060,4,train
hysets_05576500,7050566040,7050047060,4,train
hysets_05578000,7050566040,7050047060,4,train
hysets_05579500,7050566040,7050047060,4,train
hysets_05582000,7050566040,7050047060,4,train
hysets_05583000,7050566040,7050047060,4,train
hysets_05584500,7050566040,7050047060,4,train
hysets_05585000,7050566040,7050047060,4,train
hysets_05587000,7050566040,7050047060,4,train
GRDC_4119290,7050566090,7050047060,0,test
GRDC_4119295,7050566090,7050047060,0,test
camels_05495000,7050566090,7050047060,0,test
camels_05495500,7050566090,7050047060,0,test
camels_05501000,7050566090,7050047060,0,test
camels_05503800,7050566090,7050047060,0,test
camels_05507600,7050566090,7050047060,0,test
camels_05508805,7050566090,7050047060,0,test
camels_05514500,7050566090,7050047060,0,test
hysets_05495000,7050566090,7050047060,0,test
hysets_05495500,7050566090,7050047060,0,test
hysets_05496000,7050566090,7050047060,0,test
hysets_05497150,7050566090,7050047060,0,test
hysets_05498150,7050566090,7050047060,0,test
hysets_05498700,7050566090,7050047060,0,test
hysets_05500000,7050566090,7050047060,0,test
hysets_05501000,7050566090,7050047060,0,test
hysets_05502300,7050566090,7050047060,0,test
hysets_05502500,7050566090,7050047060,0,test
hysets_05504800,7050566090,7050047060,0,test
hysets_05506100,7050566090,7050047060,0,test
hysets_05506350,7050566090,7050047060,0,test
hysets_05508805,7050566090,7050047060,0,test
hysets_05514500,7050566090,7050047060,0,test
hysets_05514860,7050566090,7050047060,0,test
GRDC_4123280,7050568950,7050047060,2,train
GRDC_4123290,7050568950,7050047060,2,train
GRDC_4123320,7050568950,7050047060,2,train
GRDC_4123330,7050568950,7050047060,2,train
GRDC_4123331,7050568950,7050047060,2,train
GRDC_4123335,7050568950,7050047060,2,train
GRDC_4123341,7050568950,7050047060,2,train
GRDC_4123345,7050568950,7050047060,2,train
GRDC_4123347,7050568950,7050047060,2,train
GRDC_4123350,7050568950,7050047060,2,train
GRDC_4123351,7050568950,7050047060,2,train
GRDC_4123352,7050568950,7050047060,2,train
GRDC_4123355,7050568950,7050047060,2,train
GRDC_4123357,7050568950,7050047060,2,train
GRDC_4123400,7050568950,7050047060,2,train
camels_03010655,7050568950,7050047060,2,train
camels_03015500,7050568950,7050047060,2,train
camels_03021350,7050568950,7050047060,2,train
camels_03026500,7050568950,7050047060,2,train
camels_03049800,7050568950,7050047060,2,train
camels_03050000,7050568950,7050047060,2,train
camels_03066000,7050568950,7050047060,2,train
camels_03069500,7050568950,7050047060,2,train
camels_03070500,7050568950,7050047060,2,train
camels_03076600,7050568950,7050047060,2,train
camels_03078000,7050568950,7050047060,2,train
camels_03140000,7050568950,7050047060,2,train
camels_03144000,7050568950,7050047060,2,train
camels_03159540,7050568950,7050047060,2,train
hysets_03007800,7050568950,7050047060,2,train
hysets_03010500,7050568950,7050047060,2,train
hysets_03010655,7050568950,7050047060,2,train
hysets_03011020,7050568950,7050047060,2,train
hysets_03015310,7050568950,7050047060,2,train
hysets_03015500,7050568950,7050047060,2,train
hysets_03017500,7050568950,7050047060,2,train
hysets_03020500,7050568950,7050047060,2,train
hysets_03029500,7050568950,7050047060,2,train
hysets_03032500,7050568950,7050047060,2,train
hysets_03034000,7050568950,7050047060,2,train
hysets_03042000,7050568950,7050047060,2,train
hysets_03050000,7050568950,7050047060,2,train
hysets_03051000,7050568950,7050047060,2,train
hysets_03052000,7050568950,7050047060,2,train
hysets_03053500,7050568950,7050047060,2,train
hysets_03054500,7050568950,7050047060,2,train
hysets_03056250,7050568950,7050047060,2,train
hysets_03065000,7050568950,7050047060,2,train
hysets_03066000,7050568950,7050047060,2,train
hysets_03067510,7050568950,7050047060,2,train
hysets_03068800,7050568950,7050047060,2,train
hysets_03069500,7050568950,7050047060,2,train
hysets_03070260,7050568950,7050047060,2,train
hysets_03070500,7050568950,7050047060,2,train
hysets_03072000,7050568950,7050047060,2,train
hysets_03073000,7050568950,7050047060,2,train
hysets_03076600,7050568950,7050047060,2,train
hysets_03078000,7050568950,7050047060,2,train
hysets_03079000,7050568950,7050047060,2,train
hysets_03080000,7050568950,7050047060,2,train
hysets_03085500,7050568950,7050047060,2,train
hysets_03102500,7050568950,7050047060,2,train
hysets_03106000,7050568950,7050047060,2,train
hysets_03106500,7050568950,7050047060,2,train
hysets_03108000,7050568950,7050047060,2,train
hysets_03109500,7050568950,7050047060,2,train
hysets_03110000,7050568950,7050047060,2,train
hysets_03110830,7050568950,7050047060,2,train
hysets_03111500,7050568950,7050047060,2,train
hysets_03111548,7050568950,7050047060,2,train
hysets_03113990,7050568950,7050047060,2,train
hysets_03114500,7050568950,7050047060,2,train
hysets_03117500,7050568950,7050047060,2,train
hysets_03118500,7050568950,7050047060,2,train
hysets_03139000,7050568950,7050047060,2,train
hysets_03144816,7050568950,7050047060,2,train
hysets_03146500,7050568950,7050047060,2,train
hysets_03149500,7050568950,7050047060,2,train
hysets_03154000,7050568950,7050047060,2,train
hysets_03155220,7050568950,7050047060,2,train
hysets_03157000,7050568950,7050047060,2,train
hysets_03157500,7050568950,7050047060,2,train
hysets_03159500,7050568950,7050047060,2,train
hysets_03159540,7050568950,7050047060,2,train
GRDC_4123265,7050569090,7050047060,0,test
GRDC_4123268,7050569090,7050047060,0,test
GRDC_4123270,7050569090,7050047060,0,test
GRDC_4123271,7050569090,7050047060,0,test
GRDC_4123272,7050569090,7050047060,0,test
GRDC_4123275,7050569090,7050047060,0,test
GRDC_4123277,7050569090,7050047060,0,test
GRDC_4123278,7050569090,7050047060,0,test
camels_03161000,7050569090,7050047060,0,test
camels_03164000,7050569090,7050047060,0,test
camels_03165000,7050569090,7050047060,0,test
camels_03170000,7050569090,7050047060,0,test
camels_03173000,7050569090,7050047060,0,test
camels_03180500,7050569090,7050047060,0,test
camels_03182500,7050569090,7050047060,0,test
camels_03186500,7050569090,7050047060,0,test
camels_03187500,7050569090,7050047060,0,test
hysets_03161000,7050569090,7050047060,0,test
hysets_03164000,7050569090,7050047060,0,test
hysets_03167000,7050569090,7050047060,0,test
hysets_03168000,7050569090,7050047060,0,test
hysets_03170000,7050569090,7050047060,0,test
hysets_03173000,7050569090,7050047060,0,test
hysets_03175500,7050569090,7050047060,0,test
hysets_03179000,7050569090,7050047060,0,test
hysets_03182500,7050569090,7050047060,0,test
hysets_03183500,7050569090,7050047060,0,test
hysets_03184000,7050569090,7050047060,0,test
hysets_03186500,7050569090,7050047060,0,test
hysets_03189100,7050569090,7050047060,0,test
hysets_03190000,7050569090,7050047060,0,test
hysets_03194700,7050569090,7050047060,0,test
hysets_03198350,7050569090,7050047060,0,test
hysets_03198500,7050569090,7050047060,0,test
hysets_03200500,7050569090,7050047060,0,test
camels_11381500,7050569580,7050013550,4,train
camels_11383500,7050569580,7050013550,4,train
hysets_11342000,7050569580,7050013550,4,train
hysets_11367500,7050569580,7050013550,4,train
hysets_11367760,7050569580,7050013550,4,train
hysets_11367800,7050569580,7050013550,4,train
hysets_11374000,7050569580,7050013550,4,train
hysets_11376000,7050569580,7050013550,4,train
hysets_11376150,7050569580,7050013550,4,train
hysets_11376160,7050569580,7050013550,4,train
hysets_11376460,7050569580,7050013550,4,train
hysets_11376550,7050569580,7050013550,4,train
hysets_11377100,7050569580,7050013550,4,train
hysets_11379500,7050569580,7050013550,4,train
hysets_11381500,7050569580,7050013550,4,train
hysets_11383500,7050569580,7050013550,4,train
hysets_11389500,7050569580,7050013550,4,train
hysets_11390500,7050569580,7050013550,4,train
GRDC_4122250,7050569640,7050047060,2,train
GRDC_4122251,7050569640,7050047060,2,train
GRDC_4122255,7050569640,7050047060,2,train
GRDC_4122260,7050569640,7050047060,2,train
GRDC_4122270,7050569640,7050047060,2,train
GRDC_4122271,7050569640,7050047060,2,train
GRDC_4122280,7050569640,7050047060,2,train
GRDC_4122281,7050569640,7050047060,2,train
GRDC_4122900,7050569640,7050047060,2,train
GRDC_4122901,7050569640,7050047060,2,train
GRDC_4122902,7050569640,7050047060,2,train
camels_06903400,7050569640,7050047060,2,train
camels_06906800,7050569640,7050047060,2,train
camels_06910800,7050569640,7050047060,2,train
camels_06911900,7050569640,7050047060,2,train
camels_06917000,7050569640,7050047060,2,train
camels_06918460,7050569640,7050047060,2,train
camels_06919500,7050569640,7050047060,2,train
camels_06921070,7050569640,7050047060,2,train
camels_06921200,7050569640,7050047060,2,train
camels_06934000,7050569640,7050047060,2,train
hysets_06893100,7050569640,7050047060,2,train
hysets_06893150,7050569640,7050047060,2,train
hysets_06893390,7050569640,7050047060,2,train
hysets_06893578,7050569640,7050047060,2,train
hysets_06893820,7050569640,7050047060,2,train
hysets_06893890,7050569640,7050047060,2,train
hysets_06894000,7050569640,7050047060,2,train
hysets_06895000,7050569640,7050047060,2,train
hysets_06896000,7050569640,7050047060,2,train
hysets_06897000,7050569640,7050047060,2,train
hysets_06897500,7050569640,7050047060,2,train
hysets_06898000,7050569640,7050047060,2,train
hysets_06899500,7050569640,7050047060,2,train
hysets_06900050,7050569640,7050047060,2,train
hysets_06901500,7050569640,7050047060,2,train
hysets_06902000,7050569640,7050047060,2,train
hysets_06906000,7050569640,7050047060,2,train
hysets_06906800,7050569640,7050047060,2,train
hysets_06908000,7050569640,7050047060,2,train
hysets_06909500,7050569640,7050047060,2,train
hysets_06910750,7050569640,7050047060,2,train
hysets_06911900,7050569640,7050047060,2,train
hysets_06914500,7050569640,7050047060,2,train
hysets_06917000,7050569640,7050047060,2,train
hysets_06917060,7050569640,7050047060,2,train
hysets_06917240,7050569640,7050047060,2,train
hysets_06917500,7050569640,7050047060,2,train
hysets_06917560,7050569640,7050047060,2,train
hysets_06918060,7050569640,7050047060,2,train
hysets_06918440,7050569640,7050047060,2,train
hysets_06918460,7050569640,7050047060,2,train
hysets_06918740,7050569640,7050047060,2,train
hysets_06919500,7050569640,7050047060,2,train
hysets_06921070,7050569640,7050047060,2,train
hysets_06921200,7050569640,7050047060,2,train
hysets_06921590,7050569640,7050047060,2,train
hysets_06921720,7050569640,7050047060,2,train
hysets_06923250,7050569640,7050047060,2,train
hysets_06923950,7050569640,7050047060,2,train
hysets_06927000,7050569640,7050047060,2,train
hysets_06927240,7050569640,7050047060,2,train
hysets_06928000,7050569640,7050047060,2,train
hysets_06928300,7050569640,7050047060,2,train
hysets_06928420,7050569640,7050047060,2,train
hysets_06930000,7050569640,7050047060,2,train
hysets_06930060,7050569640,7050047060,2,train
hysets_06932000,7050569640,7050047060,2,train
hysets_06933500,7050569640,7050047060,2,train
hysets_06934000,7050569640,7050047060,2,train
hysets_06936475,7050569640,7050047060,2,train
hysets_05587900,7050569650,7050047060,0,test
hysets_11396200,7050570240,7050013550,4,train
hysets_11402000,7050570240,7050013550,4,train
hysets_11413000,7050570240,7050013550,4,train
hysets_11413517,7050570240,7050013550,4,train
hysets_11418000,7050570240,7050013550,4,train
hysets_11421000,7050570240,7050013550,4,train
GRDC_4146250,7050574630,7050013550,0,test
GRDC_4146281,7050574630,7050013550,0,test
camels_11451100,7050574630,7050013550,0,test
hysets_11451100,7050574630,7050013550,0,test
hysets_11451715,7050574630,7050013550,0,test
GRDC_4146270,7050574760,7050013550,0,test
hysets_11428800,7050574760,7050013550,0,test
hysets_11433300,7050574760,7050013550,0,test
hysets_11441900,7050574760,7050013550,0,test
GRDC_4152550,7050585110,7050008710,4,train
camels_09312600,7050585110,7050008710,4,train
hysets_09326500,7050585110,7050008710,4,train
GRDC_4152460,7050585120,7050008710,4,train
GRDC_4152650,7050585120,7050008710,4,train
GRDC_4152651,7050585120,7050008710,4,train
GRDC_4152652,7050585120,7050008710,4,train
GRDC_4152660,7050585120,7050008710,4,train
camels_09034900,7050585120,7050008710,4,train
camels_09035900,7050585120,7050008710,4,train
camels_09047700,7050585120,7050008710,4,train
camels_09065500,7050585120,7050008710,4,train
camels_09066000,7050585120,7050008710,4,train
camels_09066200,7050585120,7050008710,4,train
camels_09066300,7050585120,7050008710,4,train
camels_09081600,7050585120,7050008710,4,train
camels_09107000,7050585120,7050008710,4,train
hysets_09070000,7050585120,7050008710,4,train
hysets_09081600,7050585120,7050008710,4,train
hysets_09107000,7050585120,7050008710,4,train
hysets_09112200,7050585120,7050008710,4,train
hysets_09112500,7050585120,7050008710,4,train
hysets_09119000,7050585120,7050008710,4,train
hysets_09124500,7050585120,7050008710,4,train
hysets_09146020,7050585120,7050008710,4,train
hysets_09146200,7050585120,7050008710,4,train
hysets_09165000,7050585120,7050008710,4,train
hysets_09166500,7050585120,7050008710,4,train
hysets_11453500,7050587960,7050013550,4,train
GRDC_4146360,7050588070,7050013550,2,train
camels_11230500,7050588070,7050013550,2,train
camels_11237500,7050588070,7050013550,2,train
camels_11253310,7050588070,7050013550,2,train
camels_11264500,7050588070,7050013550,2,train
camels_11266500,7050588070,7050013550,2,train
camels_11274500,7050588070,7050013550,2,train
hysets_11214600,7050588070,7050013550,2,train
hysets_11216200,7050588070,7050013550,2,train
hysets_11216500,7050588070,7050013550,2,train
hysets_11218400,7050588070,7050013550,2,train
hysets_11230500,7050588070,7050013550,2,train
hysets_11231600,7050588070,7050013550,2,train
hysets_11234750,7050588070,7050013550,2,train
hysets_11246700,7050588070,7050013550,2,train
hysets_11253310,7050588070,7050013550,2,train
hysets_11264500,7050588070,7050013550,2,train
hysets_11266500,7050588070,7050013550,2,train
hysets_11270900,7050588070,7050013550,2,train
hysets_11274500,7050588070,7050013550,2,train
hysets_11274790,7050588070,7050013550,2,train
hysets_11276600,7050588070,7050013550,2,train
hysets_11276900,7050588070,7050013550,2,train
hysets_11277300,7050588070,7050013550,2,train
hysets_11278400,7050588070,7050013550,2,train
hysets_11289650,7050588070,7050013550,2,train
hysets_11289651,7050588070,7050013550,2,train
hysets_11292900,7050588070,7050013550,2,train
hysets_11295270,7050588070,7050013550,2,train
hysets_11295300,7050588070,7050013550,2,train
hysets_11302000,7050588070,7050013550,2,train
hysets_11314500,7050588070,7050013550,2,train
hysets_11316100,7050588070,7050013550,2,train
hysets_11316670,7050588070,7050013550,2,train
hysets_11316700,7050588070,7050013550,2,train
hysets_11317000,7050588070,7050013550,2,train
hysets_11318500,7050588070,7050013550,2,train
hysets_11335000,7050588070,7050013550,2,train
GRDC_4123090,7050594240,7050047060,0,test
GRDC_4123110,7050594240,7050047060,0,test
GRDC_4123111,7050594240,7050047060,0,test
GRDC_4123120,7050594240,7050047060,0,test
GRDC_4123130,7050594240,7050047060,0,test
GRDC_4123131,7050594240,7050047060,0,test
GRDC_4123135,7050594240,7050047060,0,test
GRDC_4123136,7050594240,7050047060,0,test
GRDC_4123137,7050594240,7050047060,0,test
GRDC_4123140,7050594240,7050047060,0,test
GRDC_4123200,7050594240,7050047060,0,test
GRDC_4123201,7050594240,7050047060,0,test
GRDC_4123202,7050594240,7050047060,0,test
GRDC_4123205,7050594240,7050047060,0,test
GRDC_4123206,7050594240,7050047060,0,test
GRDC_4123207,7050594240,7050047060,0,test
GRDC_4123208,7050594240,7050047060,0,test
GRDC_4123209,7050594240,7050047060,0,test
GRDC_4123210,7050594240,7050047060,0,test
GRDC_4123310,7050594240,7050047060,0,test
camels_03340800,7050594240,7050047060,0,test
camels_03346000,7050594240,7050047060,0,test
camels_03357350,7050594240,7050047060,0,test
camels_03364500,7050594240,7050047060,0,test
camels_03366500,7050594240,7050047060,0,test
camels_03368000,7050594240,7050047060,0,test
hysets_03328000,7050594240,7050047060,0,test
hysets_03328500,7050594240,7050047060,0,test
hysets_03329700,7050594240,7050047060,0,test
hysets_03331500,7050594240,7050047060,0,test
hysets_03331753,7050594240,7050047060,0,test
hysets_03335000,7050594240,7050047060,0,test
hysets_03336645,7050594240,7050047060,0,test
hysets_03336900,7050594240,7050047060,0,test
hysets_03339500,7050594240,7050047060,0,test
hysets_03343400,7050594240,7050047060,0,test
hysets_03345500,7050594240,7050047060,0,test
hysets_03346000,7050594240,7050047060,0,test
hysets_03346500,7050594240,7050047060,0,test
hysets_03348000,7050594240,7050047060,0,test
hysets_03353200,7050594240,7050047060,0,test
hysets_03353800,7050594240,7050047060,0,test
hysets_03358000,7050594240,7050047060,0,test
hysets_03361500,7050594240,7050047060,0,test
hysets_03362000,7050594240,7050047060,0,test
hysets_03362500,7050594240,7050047060,0,test
hysets_03363000,7050594240,7050047060,0,test
hysets_03363500,7050594240,7050047060,0,test
hysets_03363900,7050594240,7050047060,0,test
hysets_03364000,7050594240,7050047060,0,test
hysets_03364500,7050594240,7050047060,0,test
hysets_03364650,7050594240,7050047060,0,test
hysets_03365500,7050594240,7050047060,0,test
hysets_03371500,7050594240,7050047060,0,test
hysets_03373508,7050594240,7050047060,0,test
hysets_03373560,7050594240,7050047060,0,test
hysets_03378000,7050594240,7050047060,0,test
hysets_03378500,7050594240,7050047060,0,test
hysets_03379500,7050594240,7050047060,0,test
hysets_03380500,7050594240,7050047060,0,test
GRDC_4123220,7050594340,7050047060,0,test
GRDC_4123225,7050594340,7050047060,0,test
GRDC_4123230,7050594340,7050047060,0,test
GRDC_4123235,7050594340,7050047060,0,test
GRDC_4123240,7050594340,7050047060,0,test
GRDC_4123245,7050594340,7050047060,0,test
GRDC_4123250,7050594340,7050047060,0,test
GRDC_4123251,7050594340,7050047060,0,test
GRDC_4123255,7050594340,7050047060,0,test
GRDC_4123260,7050594340,7050047060,0,test
GRDC_4123300,7050594340,7050047060,0,test
GRDC_4123510,7050594340,7050047060,0,test
camels_03213700,7050594340,7050047060,0,test
camels_03237280,7050594340,7050047060,0,test
camels_03237500,7050594340,7050047060,0,test
camels_03241500,7050594340,7050047060,0,test
camels_03280700,7050594340,7050047060,0,test
camels_03281100,7050594340,7050047060,0,test
camels_03281500,7050594340,7050047060,0,test
camels_03285000,7050594340,7050047060,0,test
camels_03291780,7050594340,7050047060,0,test
camels_03300400,7050594340,7050047060,0,test
hysets_03202000,7050594340,7050047060,0,test
hysets_03202400,7050594340,7050047060,0,test
hysets_03202750,7050594340,7050047060,0,test
hysets_03205470,7050594340,7050047060,0,test
hysets_03207800,7050594340,7050047060,0,test
hysets_03208500,7050594340,7050047060,0,test
hysets_03210000,7050594340,7050047060,0,test
hysets_03212980,7050594340,7050047060,0,test
hysets_03213700,7050594340,7050047060,0,test
hysets_03214500,7050594340,7050047060,0,test
hysets_03217000,7050594340,7050047060,0,test
hysets_03219500,7050594340,7050047060,0,test
hysets_03230500,7050594340,7050047060,0,test
hysets_03230800,7050594340,7050047060,0,test
hysets_03232000,7050594340,7050047060,0,test
hysets_03237500,7050594340,7050047060,0,test
hysets_03240000,7050594340,7050047060,0,test
hysets_03241500,7050594340,7050047060,0,test
hysets_03244936,7050594340,7050047060,0,test
hysets_03246500,7050594340,7050047060,0,test
hysets_03251200,7050594340,7050047060,0,test
hysets_03252300,7050594340,7050047060,0,test
hysets_03253000,7050594340,7050047060,0,test
hysets_03261500,7050594340,7050047060,0,test
hysets_03267900,7050594340,7050047060,0,test
hysets_03271000,7050594340,7050047060,0,test
hysets_03275000,7050594340,7050047060,0,test
hysets_03275600,7050594340,7050047060,0,test
hysets_03277300,7050594340,7050047060,0,test
hysets_03281100,7050594340,7050047060,0,test
hysets_03281500,7050594340,7050047060,0,test
hysets_03282500,7050594340,7050047060,0,test
hysets_03288100,7050594340,7050047060,0,test
hysets_03289500,7050594340,7050047060,0,test
hysets_03291500,7050594340,7050047060,0,test
hysets_03292470,7050594340,7050047060,0,test
hysets_03294000,7050594340,7050047060,0,test
hysets_03295400,7050594340,7050047060,0,test
hysets_03295890,7050594340,7050047060,0,test
hysets_03297900,7050594340,7050047060,0,test
hysets_03298000,7050594340,7050047060,0,test
hysets_03298200,7050594340,7050047060,0,test
hysets_03300400,7050594340,7050047060,0,test
hysets_03301000,7050594340,7050047060,0,test
hysets_03301500,7050594340,7050047060,0,test
hysets_03302220,7050594340,7050047060,0,test
hysets_03302800,7050594340,7050047060,0,test
hysets_03303000,7050594340,7050047060,0,test
hysets_03310300,7050594340,7050047060,0,test
hysets_03310400,7050594340,7050047060,0,test
hysets_03313700,7050594340,7050047060,0,test
hysets_03314000,7050594340,7050047060,0,test
hysets_03320500,7050594340,7050047060,0,test
hysets_03321350,7050594340,7050047060,0,test
GRDC_4152620,7050607990,7050008710,4,train
hysets_09330500,7050607990,7050008710,4,train
GRDC_4152600,7050608130,7050008710,3,train
GRDC_4152601,7050608130,7050008710,3,train
camels_09352900,7050608130,7050008710,3,train
hysets_09342500,7050608130,7050008710,3,train
hysets_09349800,7050608130,7050008710,3,train
hysets_09361500,7050608130,7050008710,3,train
hysets_09371000,7050608130,7050008710,3,train
hysets_09371520,7050608130,7050008710,3,train
hysets_09372000,7050608130,7050008710,3,train
hysets_09379200,7050608130,7050008710,3,train
camels_03384450,7050609610,7050047060,4,train
hysets_03382100,7050609610,7050047060,4,train
hysets_03383000,7050609610,7050047060,4,train
hysets_03384100,7050609610,7050047060,4,train
GRDC_4123082,7050609780,7050047060,2,train
GRDC_4123083,7050609780,7050047060,2,train
hysets_03400500,7050609780,7050047060,2,train
hysets_03403910,7050609780,7050047060,2,train
hysets_03404900,7050609780,7050047060,2,train
hysets_03406500,7050609780,7050047060,2,train
hysets_03408500,7050609780,7050047060,2,train
hysets_03409500,7050609780,7050047060,2,train
hysets_03410210,7050609780,7050047060,2,train
hysets_03413200,7050609780,7050047060,2,train
hysets_03415000,7050609780,7050047060,2,train
hysets_03416000,7050609780,7050047060,2,train
hysets_03421000,7050609780,7050047060,2,train
hysets_03424730,7050609780,7050047060,2,train
hysets_03427500,7050609780,7050047060,2,train
hysets_03428200,7050609780,7050047060,2,train
hysets_03431060,7050609780,7050047060,2,train
hysets_03432350,7050609780,7050047060,2,train
hysets_03432400,7050609780,7050047060,2,train
hysets_03433500,7050609780,7050047060,2,train
hysets_03434500,7050609780,7050047060,2,train
hysets_03436100,7050609780,7050047060,2,train
hysets_03436690,7050609780,7050047060,2,train
GRDC_4123095,7050610850,7050047060,3,train
GRDC_4123360,7050610850,7050047060,3,train
GRDC_4123365,7050610850,7050047060,3,train
GRDC_4123370,7050610850,7050047060,3,train
GRDC_4123375,7050610850,7050047060,3,train
GRDC_4123380,7050610850,7050047060,3,train
GRDC_4123382,7050610850,7050047060,3,train
GRDC_4123385,7050610850,7050047060,3,train
camels_03439000,7050610850,7050047060,3,train
camels_03450000,7050610850,7050047060,3,train
camels_03455500,7050610850,7050047060,3,train
camels_03456500,7050610850,7050047060,3,train
camels_03460000,7050610850,7050047060,3,train
camels_03463300,7050610850,7050047060,3,train
camels_03471500,7050610850,7050047060,3,train
camels_03473000,7050610850,7050047060,3,train
camels_03479000,7050610850,7050047060,3,train
camels_03488000,7050610850,7050047060,3,train
camels_03498500,7050610850,7050047060,3,train
camels_03500000,7050610850,7050047060,3,train
camels_03504000,7050610850,7050047060,3,train
camels_03574500,7050610850,7050047060,3,train
camels_03604000,7050610850,7050047060,3,train
hysets_03439000,7050610850,7050047060,3,train
hysets_03443000,7050610850,7050047060,3,train
hysets_03447687,7050610850,7050047060,3,train
hysets_03451000,7050610850,7050047060,3,train
hysets_03451500,7050610850,7050047060,3,train
hysets_03453000,7050610850,7050047060,3,train
hysets_03453500,7050610850,7050047060,3,train
hysets_03455000,7050610850,7050047060,3,train
hysets_03456500,7050610850,7050047060,3,train
hysets_03465500,7050610850,7050047060,3,train
hysets_03466208,7050610850,7050047060,3,train
hysets_03466500,7050610850,7050047060,3,train
hysets_03467609,7050610850,7050047060,3,train
hysets_03470000,7050610850,7050047060,3,train
hysets_03471500,7050610850,7050047060,3,train
hysets_03473000,7050610850,7050047060,3,train
hysets_03474000,7050610850,7050047060,3,train
hysets_03479000,7050610850,7050047060,3,train
hysets_03485500,7050610850,7050047060,3,train
hysets_03488000,7050610850,7050047060,3,train
hysets_03490000,7050610850,7050047060,3,train
hysets_03491000,7050610850,7050047060,3,train
hysets_03497300,7050610850,7050047060,3,train
hysets_03498500,7050610850,7050047060,3,train
hysets_03498850,7050610850,7050047060,3,train
hysets_03500000,7050610850,7050047060,3,train
hysets_03512000,7050610850,7050047060,3,train
hysets_03518500,7050610850,7050047060,3,train
hysets_03524000,7050610850,7050047060,3,train
hysets_03527000,7050610850,7050047060,3,train
hysets_03527220,7050610850,7050047060,3,train
hysets_03528000,7050610850,7050047060,3,train
hysets_03529500,7050610850,7050047060,3,train
hysets_03531500,7050610850,7050047060,3,train
hysets_03532000,7050610850,7050047060,3,train
hysets_03535400,7050610850,7050047060,3,train
hysets_03539600,7050610850,7050047060,3,train
hysets_03539778,7050610850,7050047060,3,train
hysets_03539800,7050610850,7050047060,3,train
hysets_03540500,7050610850,7050047060,3,train
hysets_03543500,7050610850,7050047060,3,train
hysets_03550000,7050610850,7050047060,3,train
hysets_03558000,7050610850,7050047060,3,train
hysets_03567340,7050610850,7050047060,3,train
hysets_03567500,7050610850,7050047060,3,train
hysets_03568933,7050610850,7050047060,3,train
hysets_03571000,7050610850,7050047060,3,train
hysets_03574500,7050610850,7050047060,3,train
hysets_03575100,7050610850,7050047060,3,train
hysets_03576250,7050610850,7050047060,3,train
hysets_03578000,7050610850,7050047060,3,train
hysets_03588500,7050610850,7050047060,3,train
hysets_03590000,7050610850,7050047060,3,train
hysets_03593800,7050610850,7050047060,3,train
hysets_03597590,7050610850,7050047060,3,train
hysets_03599450,7050610850,7050047060,3,train
hysets_03602500,7050610850,7050047060,3,train
hysets_03604000,7050610850,7050047060,3,train
hysets_03604400,7050610850,7050047060,3,train
hysets_03606500,7050610850,7050047060,3,train
hysets_03610000,7050610850,7050047060,3,train
GRDC_4127100,7050612840,7050047060,4,train
GRDC_4127200,7050612840,7050047060,4,train
GRDC_4127201,7050612840,7050047060,4,train
GRDC_4127202,7050612840,7050047060,4,train
GRDC_4127501,7050612840,7050047060,4,train
GRDC_4127502,7050612840,7050047060,4,train
GRDC_4127503,7050612840,7050047060,4,train
camels_05591550,7050612840,7050047060,4,train
camels_05592050,7050612840,7050047060,4,train
camels_05592575,7050612840,7050047060,4,train
camels_05593575,7050612840,7050047060,4,train
camels_05593900,7050612840,7050047060,4,train
camels_05595730,7050612840,7050047060,4,train
camels_07014500,7050612840,7050047060,4,train
hysets_05591200,7050612840,7050047060,4,train
hysets_05591700,7050612840,7050047060,4,train
hysets_05592050,7050612840,7050047060,4,train
hysets_05592800,7050612840,7050047060,4,train
hysets_05593575,7050612840,7050047060,4,train
hysets_05593945,7050612840,7050047060,4,train
hysets_05594000,7050612840,7050047060,4,train
hysets_05594450,7050612840,7050047060,4,train
hysets_05594800,7050612840,7050047060,4,train
hysets_05595200,7050612840,7050047060,4,train
hysets_05595730,7050612840,7050047060,4,train
hysets_05595820,7050612840,7050047060,4,train
hysets_07010350,7050612840,7050047060,4,train
hysets_07013000,7050612840,7050047060,4,train
hysets_07014000,7050612840,7050047060,4,train
hysets_07014500,7050612840,7050047060,4,train
hysets_07016500,7050612840,7050047060,4,train
hysets_07018100,7050612840,7050047060,4,train
hysets_07018500,7050612840,7050047060,4,train
hysets_07019000,7050612840,7050047060,4,train
hysets_07020550,7050612840,7050047060,4,train
hysets_09403600,7050627380,7050008710,3,train
GRDC_4152450,7050632150,7050008710,3,train
hysets_09381800,7050632150,7050008710,3,train
hysets_09382000,7050632150,7050008710,3,train
GRDC_4152465,7050632220,7050008710,1,val
GRDC_4152466,7050632220,7050008710,1,val
camels_09386900,7050632220,7050008710,1,val
hysets_09385700,7050632220,7050008710,1,val
hysets_09386900,7050632220,7050008710,1,val
hysets_09399400,7050632220,7050008710,1,val
hysets_09400350,7050632220,7050008710,1,val
hysets_09401260,7050632220,7050008710,1,val
GRDC_4125070,7050632730,7050047060,4,train
GRDC_4125080,7050632730,7050047060,4,train
GRDC_4125100,7050632730,7050047060,4,train
GRDC_4125110,7050632730,7050047060,4,train
GRDC_4125801,7050632730,7050047060,4,train
GRDC_4125802,7050632730,7050047060,4,train
GRDC_4125810,7050632730,7050047060,4,train
camels_07083000,7050632730,7050047060,4,train
camels_07142300,7050632730,7050047060,4,train
camels_07145700,7050632730,7050047060,4,train
camels_07148400,7050632730,7050047060,4,train
camels_07149000,7050632730,7050047060,4,train
camels_07151500,7050632730,7050047060,4,train
hysets_07096250,7050632730,7050047060,4,train
hysets_07105600,7050632730,7050047060,4,train
hysets_07105900,7050632730,7050047060,4,train
hysets_07106000,7050632730,7050047060,4,train
hysets_07116500,7050632730,7050047060,4,train
hysets_07119500,7050632730,7050047060,4,train
hysets_07121500,7050632730,7050047060,4,train
hysets_07124200,7050632730,7050047060,4,train
hysets_07126300,7050632730,7050047060,4,train
hysets_07128500,7050632730,7050047060,4,train
hysets_07134100,7050632730,7050047060,4,train
hysets_07140900,7050632730,7050047060,4,train
hysets_07141200,7050632730,7050047060,4,train
hysets_07141780,7050632730,7050047060,4,train
hysets_07141900,7050632730,7050047060,4,train
hysets_07142300,7050632730,7050047060,4,train
hysets_07142575,7050632730,7050047060,4,train
hysets_07143300,7050632730,7050047060,4,train
hysets_07143672,7050632730,7050047060,4,train
hysets_07144100,7050632730,7050047060,4,train
hysets_07144200,7050632730,7050047060,4,train
hysets_07144300,7050632730,7050047060,4,train
hysets_07144550,7050632730,7050047060,4,train
hysets_07144780,7050632730,7050047060,4,train
hysets_07145200,7050632730,7050047060,4,train
hysets_07145700,7050632730,7050047060,4,train
hysets_07148400,7050632730,7050047060,4,train
hysets_07149000,7050632730,7050047060,4,train
hysets_07151500,7050632730,7050047060,4,train
GRDC_4125061,7050632870,7050047060,3,train
GRDC_4125062,7050632870,7050047060,3,train
GRDC_4125063,7050632870,7050047060,3,train
GRDC_4125064,7050632870,7050047060,3,train
GRDC_4125075,7050632870,7050047060,3,train
hysets_07157940,7050632870,7050047060,3,train
GRDC_4152110,7050633430,7050008710,0,test
GRDC_4152800,7050633430,7050008710,0,test
camels_09404450,7050633430,7050008710,0,test
hysets_09404450,7050633430,7050008710,0,test
hysets_09405500,7050633430,7050008710,0,test
hysets_09406000,7050633430,7050008710,0,test
hysets_09406100,7050633430,7050008710,0,test
hysets_09408135,7050633430,7050008710,0,test
hysets_09404208,7050633600,7050008710,3,train
hysets_09404222,7050633600,7050008710,3,train
GRDC_4127400,7050639390,7050047060,2,train
hysets_07024500,7050639390,7050047060,2,train
hysets_07025400,7050639390,7050047060,2,train
hysets_07026040,7050639390,7050047060,2,train
hysets_07027720,7050639390,7050047060,2,train
hysets_07028960,7050639390,7050047060,2,train
GRDC_4125050,7050641790,7050047060,1,val
GRDC_4125055,7050641790,7050047060,1,val
camels_07167500,7050641790,7050047060,1,val
hysets_07165750,7050641790,7050047060,1,val
hysets_07167500,7050641790,7050047060,1,val
hysets_07169800,7050641790,7050047060,1,val
hysets_07172000,7050641790,7050047060,1,val
GRDC_4125500,7050641910,7050047060,2,train
GRDC_4125020,7050642090,7050047060,1,val
GRDC_4125025,7050642090,7050047060,1,val
GRDC_4125026,7050642090,7050047060,1,val
GRDC_4125027,7050642090,7050047060,1,val
GRDC_4125028,7050642090,7050047060,1,val
camels_07180500,7050642090,7050047060,1,val
camels_07184000,7050642090,7050047060,1,val
hysets_07184000,7050642090,7050047060,1,val
hysets_07184500,7050642090,7050047060,1,val
hysets_07185700,7050642090,7050047060,1,val
hysets_07185765,7050642090,7050047060,1,val
hysets_07186000,7050642090,7050047060,1,val
hysets_07187000,7050642090,7050047060,1,val
hysets_07187600,7050642090,7050047060,1,val
hysets_07188653,7050642090,7050047060,1,val
hysets_07188838,7050642090,7050047060,1,val
hysets_07188885,7050642090,7050047060,1,val
hysets_07191160,7050642090,7050047060,1,val
hysets_07191179,7050642090,7050047060,1,val
hysets_071912213,7050642090,7050047060,1,val
hysets_07191222,7050642090,7050047060,1,val
GRDC_4127150,7050647780,7050047060,2,train
hysets_07029500,7050647780,7050047060,2,train
hysets_07030050,7050647780,7050047060,2,train
GRDC_4125550,7050649900,7050047060,0,test
GRDC_4125551,7050649900,7050047060,0,test
GRDC_4125552,7050649900,7050047060,0,test
GRDC_4125555,7050649900,7050047060,0,test
GRDC_4125560,7050649900,7050047060,0,test
GRDC_4125565,7050649900,7050047060,0,test
camels_07208500,7050649900,7050047060,0,test
camels_07226500,7050649900,7050047060,0,test
hysets_07203000,7050649900,7050047060,0,test
hysets_07211500,7050649900,7050047060,0,test
hysets_07216500,7050649900,7050047060,0,test
hysets_07226500,7050649900,7050047060,0,test
hysets_07227100,7050649900,7050047060,0,test
hysets_07233500,7050649900,7050047060,0,test
GRDC_4125010,7050649910,7050047060,4,train
camels_07195800,7050649910,7050047060,4,train
camels_07196900,7050649910,7050047060,4,train
camels_07197000,7050649910,7050047060,4,train
hysets_07194800,7050649910,7050047060,4,train
hysets_07195400,7050649910,7050047060,4,train
hysets_07195430,7050649910,7050047060,4,train
hysets_07197360,7050649910,7050047060,4,train
hysets_07030392,7050668250,7050047060,2,train
hysets_07030500,7050668250,7050047060,2,train
hysets_07031650,7050668250,7050047060,2,train
hysets_07031740,7050668250,7050047060,2,train
hysets_07035800,7050668390,7050047060,1,val
hysets_07036100,7050668390,7050047060,1,val
hysets_07037300,7050668390,7050047060,1,val
hysets_07037500,7050668390,7050047060,1,val
hysets_07047942,7050668390,7050047060,1,val
hysets_07047950,7050668390,7050047060,1,val
GRDC_4126810,7050674630,7050047060,4,train
GRDC_4126815,7050674630,7050047060,4,train
camels_07301410,7050674630,7050047060,4,train
camels_07301500,7050674630,7050047060,4,train
hysets_07301410,7050674630,7050047060,4,train
camels_07299670,7050674750,7050047060,1,val
hysets_07298500,7050674750,7050047060,1,val
hysets_07299670,7050674750,7050047060,1,val
GRDC_4152103,7050675400,7050008710,1,val
GRDC_4152120,7050675410,7050008710,0,test
hysets_09424447,7050675410,7050008710,0,test
hysets_09424900,7050675410,7050008710,0,test
GRDC_4149430,7050676360,7050046590,2,train
hysets_02379500,7050676360,7050046590,2,train
hysets_02380500,7050676360,7050046590,2,train
hysets_02381090,7050676360,7050046590,2,train
hysets_02384500,7050676360,7050046590,2,train
hysets_02385170,7050676360,7050046590,2,train
hysets_02385800,7050676360,7050046590,2,train
hysets_02387000,7050676360,7050046590,2,train
hysets_02387600,7050676360,7050046590,2,train
hysets_02388350,7050676360,7050046590,2,train
camels_02395120,7050676410,7050046590,0,test
hysets_02389150,7050676410,7050046590,0,test
hysets_02390000,7050676410,7050046590,0,test
hysets_02390140,7050676410,7050046590,0,test
hysets_02391540,7050676410,7050046590,0,test
hysets_02391860,7050676410,7050046590,0,test
hysets_02392780,7050676410,7050046590,0,test
GRDC_4125900,7050682360,7050047060,0,test
GRDC_4125901,7050682360,7050047060,0,test
GRDC_4125904,7050682360,7050047060,0,test
GRDC_4125910,7050682360,7050047060,0,test
GRDC_4125911,7050682360,7050047060,0,test
GRDC_4125915,7050682360,7050047060,0,test
GRDC_4125917,7050682360,7050047060,0,test
GRDC_4125918,7050682360,7050047060,0,test
GRDC_4125920,7050682360,7050047060,0,test
GRDC_4125925,7050682360,7050047060,0,test
GRDC_4125930,7050682360,7050047060,0,test
GRDC_4125940,7050682360,7050047060,0,test
GRDC_4125941,7050682360,7050047060,0,test
GRDC_4125942,7050682360,7050047060,0,test
GRDC_4125943,7050682360,7050047060,0,test
GRDC_4125944,7050682360,7050047060,0,test
GRDC_4125950,7050682360,7050047060,0,test
camels_07056000,7050682360,7050047060,0,test
camels_07057500,7050682360,7050047060,0,test
camels_07060710,7050682360,7050047060,0,test
camels_07066000,7050682360,7050047060,0,test
camels_07067000,7050682360,7050047060,0,test
camels_07068000,7050682360,7050047060,0,test
camels_07071500,7050682360,7050047060,0,test
hysets_07048550,7050682360,7050047060,0,test
hysets_07049000,7050682360,7050047060,0,test
hysets_07050500,7050682360,7050047060,0,test
hysets_07052345,7050682360,7050047060,0,test
hysets_07052500,7050682360,7050047060,0,test
hysets_07052820,7050682360,7050047060,0,test
hysets_07053810,7050682360,7050047060,0,test
hysets_07055607,7050682360,7050047060,0,test
hysets_07055646,7050682360,7050047060,0,test
hysets_07055660,7050682360,7050047060,0,test
hysets_07055875,7050682360,7050047060,0,test
hysets_07056000,7050682360,7050047060,0,test
hysets_07056515,7050682360,7050047060,0,test
hysets_07056700,7050682360,7050047060,0,test
hysets_07057500,7050682360,7050047060,0,test
hysets_07058000,7050682360,7050047060,0,test
hysets_07061900,7050682360,7050047060,0,test
hysets_07064533,7050682360,7050047060,0,test
hysets_07065200,7050682360,7050047060,0,test
hysets_07065495,7050682360,7050047060,0,test
hysets_07066000,7050682360,7050047060,0,test
hysets_07067000,7050682360,7050047060,0,test
hysets_07068000,7050682360,7050047060,0,test
hysets_07069305,7050682360,7050047060,0,test
hysets_07069500,7050682360,7050047060,0,test
hysets_07071500,7050682360,7050047060,0,test
hysets_07072000,7050682360,7050047060,0,test
hysets_07072500,7050682360,7050047060,0,test
hysets_07074420,7050682360,7050047060,0,test
hysets_07074850,7050682360,7050047060,0,test
hysets_07075000,7050682360,7050047060,0,test
hysets_07076517,7050682360,7050047060,0,test
hysets_07077380,7050682360,7050047060,0,test
GRDC_4126351,7050683890,7050047060,1,val
GRDC_4126352,7050683890,7050047060,1,val
GRDC_4126803,7050683890,7050047060,1,val
GRDC_4126805,7050683890,7050047060,1,val
GRDC_4126851,7050683890,7050047060,1,val
camels_07315200,7050683890,7050047060,1,val
camels_07315700,7050683890,7050047060,1,val
hysets_07308200,7050683890,7050047060,1,val
hysets_07311700,7050683890,7050047060,1,val
hysets_07311800,7050683890,7050047060,1,val
hysets_07311900,7050683890,7050047060,1,val
hysets_07315200,7050683890,7050047060,1,val
hysets_07315700,7050683890,7050047060,1,val
GRDC_4125200,7050686450,7050047060,4,train
GRDC_4125205,7050686450,7050047060,4,train
GRDC_4125210,7050686450,7050047060,4,train
GRDC_4125804,7050686450,7050047060,4,train
camels_07261000,7050686450,7050047060,4,train
camels_07263295,7050686450,7050047060,4,train
hysets_07249400,7050686450,7050047060,4,train
hysets_07249920,7050686450,7050047060,4,train
hysets_07257006,7050686450,7050047060,4,train
hysets_07257500,7050686450,7050047060,4,train
hysets_07258500,7050686450,7050047060,4,train
hysets_07260673,7050686450,7050047060,4,train
hysets_07261000,7050686450,7050047060,4,train
hysets_07261500,7050686450,7050047060,4,train
hysets_07263300,7050686450,7050047060,4,train
GRDC_4126100,7050689550,7050047060,3,train
camels_07340300,7050689550,7050047060,3,train
hysets_07337900,7050689550,7050047060,3,train
hysets_07338750,7050689550,7050047060,3,train
hysets_07340300,7050689550,7050047060,3,train
GRDC_4126300,7050689810,7050047060,4,train
GRDC_4126301,7050689810,7050047060,4,train
GRDC_4126801,7050689810,7050047060,4,train
GRDC_4126802,7050689810,7050047060,4,train
GRDC_4126804,7050689810,7050047060,4,train
camels_07335700,7050689810,7050047060,4,train
hysets_07332390,7050689810,7050047060,4,train
GRDC_4152300,7050694150,7050008710,0,test
GRDC_4152301,7050694150,7050008710,0,test
GRDC_4152400,7050694150,7050008710,0,test
camels_09492400,7050694150,7050008710,0,test
camels_09494000,7050694150,7050008710,0,test
camels_09497800,7050694150,7050008710,0,test
camels_09497980,7050694150,7050008710,0,test
camels_09505200,7050694150,7050008710,0,test
camels_09505350,7050694150,7050008710,0,test
camels_09505800,7050694150,7050008710,0,test
camels_09510200,7050694150,7050008710,0,test
hysets_09489500,7050694150,7050008710,0,test
hysets_09490500,7050694150,7050008710,0,test
hysets_09494000,7050694150,7050008710,0,test
hysets_09496500,7050694150,7050008710,0,test
hysets_09497500,7050694150,7050008710,0,test
hysets_09497800,7050694150,7050008710,0,test
hysets_09497980,7050694150,7050008710,0,test
hysets_09498400,7050694150,7050008710,0,test
hysets_09499000,7050694150,7050008710,0,test
hysets_09502800,7050694150,7050008710,0,test
hysets_09503700,7050694150,7050008710,0,test
hysets_09504000,7050694150,7050008710,0,test
hysets_09504500,7050694150,7050008710,0,test
hysets_09505350,7050694150,7050008710,0,test
hysets_09505800,7050694150,7050008710,0,test
hysets_09506000,7050694150,7050008710,0,test
hysets_09507980,7050694150,7050008710,0,test
hysets_09508500,7050694150,7050008710,0,test
hysets_09510200,7050694150,7050008710,0,test
GRDC_4150507,7050696340,7050048300,2,train
hysets_08080700,7050696340,7050048300,2,train
camels_09484600,7050696970,7050008710,0,test
hysets_09481740,7050696970,7050008710,0,test
hysets_09482000,7050696970,7050008710,0,test
hysets_09484500,7050696970,7050008710,0,test
hysets_09484600,7050696970,7050008710,0,test
hysets_09485450,7050696970,7050008710,0,test
hysets_09485700,7050696970,7050008710,0,test
hysets_09486055,7050696970,7050008710,0,test
hysets_09486350,7050696970,7050008710,0,test
hysets_09486500,7050696970,7050008710,0,test
hysets_09486520,7050696970,7050008710,0,test
hysets_09486800,7050696970,7050008710,0,test
hysets_09487000,7050696970,7050008710,0,test
GRDC_4150503,7050701650,7050048300,3,train
camels_08082700,7050701650,7050048300,3,train
hysets_08082700,7050701650,7050048300,3,train
GRDC_4150505,7050701750,7050048300,0,test
camels_08086212,7050701750,7050048300,0,test
hysets_08084800,7050701750,7050048300,0,test
hysets_08086050,7050701750,7050048300,0,test
hysets_08086212,7050701750,7050048300,0,test
camels_09447800,7050702370,7050008710,4,train
hysets_09447000,7050702370,7050008710,4,train
hysets_09447800,7050702370,7050008710,4,train
hysets_09466500,7050702370,7050008710,4,train
hysets_09468500,7050702370,7050008710,4,train
GRDC_4152500,7050702450,7050008710,3,train
hysets_09470500,7050702450,7050008710,3,train
hysets_09471000,7050702450,7050008710,3,train
hysets_09471400,7050702450,7050008710,3,train
hysets_09471550,7050702450,7050008710,3,train
hysets_09472050,7050702450,7050008710,3,train
hysets_09473000,7050702450,7050008710,3,train
GRDC_4152900,7050702460,7050008710,1,val
hysets_09444000,7050702460,7050008710,1,val
hysets_09444200,7050702460,7050008710,1,val
hysets_09444500,7050702460,7050008710,1,val
GRDC_4152201,7050702590,7050008710,2,train
camels_09430500,7050702590,7050008710,2,train
camels_09430600,7050702590,7050008710,2,train
hysets_09430500,7050702590,7050008710,2,train
hysets_09430600,7050702590,7050008710,2,train
hysets_09432000,7050702590,7050008710,2,train
hysets_09442000,7050702590,7050008710,2,train
GRDC_4152202,7050707810,7050008710,1,val
camels_09513780,7050707810,7050008710,1,val
hysets_09512450,7050707810,7050008710,1,val
hysets_09512500,7050707810,7050008710,1,val
hysets_09512800,7050707810,7050008710,1,val
hysets_09513780,7050707810,7050008710,1,val
hysets_09513860,7050707810,7050008710,1,val
hysets_09516500,7050707810,7050008710,1,val
hysets_09517000,7050707810,7050008710,1,val
hysets_09520280,7050707810,7050008710,1,val
GRDC_4149441,7050712410,7050046590,1,val
camels_02408540,7050712410,7050046590,1,val
hysets_02397500,7050712410,7050046590,1,val
hysets_02398300,7050712410,7050046590,1,val
hysets_02399200,7050712410,7050046590,1,val
hysets_02400100,7050712410,7050046590,1,val
hysets_02401000,7050712410,7050046590,1,val
hysets_02404400,7050712410,7050046590,1,val
hysets_02405500,7050712410,7050046590,1,val
hysets_02406500,7050712410,7050046590,1,val
hysets_02407000,7050712410,7050046590,1,val
hysets_02408540,7050712410,7050046590,1,val
GRDC_4149405,7050712470,7050046590,0,test
hysets_02411930,7050712470,7050046590,0,test
hysets_02412000,7050712470,7050046590,0,test
hysets_02413000,7050712470,7050046590,0,test
hysets_02413300,7050712470,7050046590,0,test
hysets_02414500,7050712470,7050046590,0,test
hysets_02414715,7050712470,7050046590,0,test
hysets_02418230,7050712470,7050046590,0,test
hysets_02418760,7050712470,7050046590,0,test
hysets_02419000,7050712470,7050046590,0,test
hysets_02423380,7050715790,7050046590,1,val
hysets_02423414,7050715790,7050046590,1,val
hysets_02423496,7050715790,7050046590,1,val
hysets_02423500,7050715790,7050046590,1,val
hysets_02423630,7050715790,7050046590,1,val
hysets_02424000,7050715790,7050046590,1,val
hysets_02425000,7050715790,7050046590,1,val
camels_02422500,7050715800,7050046590,0,test
hysets_02420000,7050715800,7050046590,0,test
hysets_02421000,7050715800,7050046590,0,test
hysets_02422500,7050715800,7050046590,0,test
hysets_08120500,7050718740,7050048410,0,test
hysets_08123800,7050718850,7050048410,4,train
GRDC_4150471,7050730500,7050048410,3,train
GRDC_4150475,7050730500,7050048410,3,train
hysets_08130700,7050730500,7050048410,3,train
hysets_08131400,7050730500,7050048410,3,train
hysets_08133250,7050730500,7050048410,3,train
hysets_08134000,7050730500,7050048410,3,train
hysets_08134250,7050730500,7050048410,3,train
GRDC_4126150,7050736840,7050047060,0,test
GRDC_4126806,7050736840,7050047060,0,test
camels_07346045,7050736840,7050047060,0,test
hysets_07343000,7050736840,7050047060,0,test
hysets_07346045,7050736840,7050047060,0,test
hysets_07346050,7050736840,7050047060,0,test
hysets_07346070,7050736840,7050047060,0,test
hysets_07348700,7050736840,7050047060,0,test
hysets_07351750,7050736840,7050047060,0,test
hysets_07352000,7050736840,7050047060,0,test
GRDC_4126701,7050736850,7050047060,0,test
GRDC_4126750,7050736850,7050047060,0,test
camels_07359610,7050736850,7050047060,0,test
camels_07362100,7050736850,7050047060,0,test
camels_07362587,7050736850,7050047060,0,test
camels_07373000,7050736850,7050047060,0,test
hysets_07356000,7050736850,7050047060,0,test
hysets_07359002,7050736850,7050047060,0,test
hysets_07359610,7050736850,7050047060,0,test
hysets_07361500,7050736850,7050047060,0,test
hysets_07362100,7050736850,7050047060,0,test
hysets_07363000,7050736850,7050047060,0,test
hysets_07363200,7050736850,7050047060,0,test
hysets_07363400,7050736850,7050047060,0,test
hysets_07363500,7050736850,7050047060,0,test
hysets_07364133,7050736850,7050047060,0,test
hysets_07364150,7050736850,7050047060,0,test
hysets_07364300,7050736850,7050047060,0,test
hysets_07367005,7050736850,7050047060,0,test
hysets_07372050,7050736850,7050047060,0,test
hysets_07372200,7050736850,7050047060,0,test
GRDC_4150465,7050737080,7050048410,3,train
GRDC_4149413,7050739170,7050046590,3,train
GRDC_4149415,7050739170,7050046590,3,train
camels_02450250,7050739170,7050046590,3,train
camels_02464000,7050739170,7050046590,3,train
camels_02465493,7050739170,7050046590,3,train
camels_02469800,7050739170,7050046590,3,train
hysets_02430680,7050739170,7050046590,3,train
hysets_02436500,7050739170,7050046590,3,train
hysets_02439400,7050739170,7050046590,3,train
hysets_02443500,7050739170,7050046590,3,train
hysets_02444160,7050739170,7050046590,3,train
hysets_02446500,7050739170,7050046590,3,train
hysets_02448000,7050739170,7050046590,3,train
hysets_02448900,7050739170,7050046590,3,train
hysets_02450180,7050739170,7050046590,3,train
hysets_02450825,7050739170,7050046590,3,train
hysets_02453000,7050739170,7050046590,3,train
hysets_02453500,7050739170,7050046590,3,train
hysets_02455000,7050739170,7050046590,3,train
hysets_02456500,7050739170,7050046590,3,train
hysets_02457595,7050739170,7050046590,3,train
hysets_02461500,7050739170,7050046590,3,train
hysets_02464000,7050739170,7050046590,3,train
hysets_02465000,7050739170,7050046590,3,train
hysets_02467500,7050739170,7050046590,3,train
hysets_02469761,7050739170,7050046590,3,train
hysets_02469800,7050739170,7050046590,3,train
GRDC_4149401,7050739180,7050046590,4,train
camels_02427250,7050739180,7050046590,4,train
hysets_02427250,7050739180,7050046590,4,train
hysets_02428400,7050739180,7050046590,4,train
GRDC_4127310,7050741770,7050047060,4,train
GRDC_4127600,7050741770,7050047060,4,train
GRDC_4127610,7050741770,7050047060,4,train
GRDC_4127700,7050741770,7050047060,4,train
GRDC_4127701,7050741770,7050047060,4,train
GRDC_4127800,7050741770,7050047060,4,train
GRDC_4127910,7050741770,7050047060,4,train
GRDC_4127920,7050741770,7050047060,4,train
camels_07291000,7050741770,7050047060,4,train
camels_07292500,7050741770,7050047060,4,train
camels_07295000,7050741770,7050047060,4,train
hysets_07268000,7050741770,7050047060,4,train
hysets_07274000,7050741770,7050047060,4,train
hysets_07275900,7050741770,7050047060,4,train
hysets_07283000,7050741770,7050047060,4,train
hysets_07288955,7050741770,7050047060,4,train
hysets_07289730,7050741770,7050047060,4,train
hysets_07290000,7050741770,7050047060,4,train
hysets_07291000,7050741770,7050047060,4,train
hysets_07292500,7050741770,7050047060,4,train
hysets_07295000,7050741770,7050047060,4,train
GRDC_4150250,7050744090,7050048300,3,train
GRDC_4150501,7050744090,7050048300,3,train
GRDC_4150502,7050744090,7050048300,3,train
GRDC_4150510,7050744090,7050048300,3,train
hysets_08095300,7050744090,7050048300,3,train
GRDC_4150515,7050744170,7050048300,2,train
camels_08101000,7050744170,7050048300,2,train
camels_08104900,7050744170,7050048300,2,train
hysets_08101000,7050744170,7050048300,2,train
hysets_0810464660,7050744170,7050048300,2,train
hysets_08104900,7050744170,7050048300,2,train
hysets_08105095,7050744170,7050048300,2,train
GRDC_4150460,7050747570,7050048410,4,train
GRDC_4150461,7050747570,7050048410,4,train
GRDC_4150462,7050747570,7050048410,4,train
camels_08150800,7050747570,7050048410,4,train
hysets_08148500,7050747570,7050048410,4,train
hysets_08150000,7050747570,7050048410,4,train
hysets_08150700,7050747570,7050048410,4,train
hysets_08150800,7050747570,7050048410,4,train
camels_08109700,7050752460,7050048300,2,train
hysets_08109700,7050752460,7050048300,2,train
hysets_08110100,7050752460,7050048300,2,train
hysets_08110430,7050752470,7050048300,2,train
GRDC_4151300,7050761710,7050049270,2,train
GRDC_4151400,7050761710,7050049270,2,train
GRDC_4151410,7050761710,7050049270,2,train
GRDC_4151420,7050761710,7050049270,2,train
GRDC_4151421,7050761710,7050049270,2,train
GRDC_4151511,7050761710,7050049270,2,train
GRDC_4151512,7050761710,7050049270,2,train
GRDC_4151513,7050761710,7050049270,2,train
GRDC_4151514,7050761710,7050049270,2,train
GRDC_4151515,7050761710,7050049270,2,train
camels_08377900,7050761710,7050049270,2,train
camels_08378500,7050761710,7050049270,2,train
camels_08380500,7050761710,7050049270,2,train
hysets_08378500,7050761710,7050049270,2,train
hysets_08379500,7050761710,7050049270,2,train
hysets_08390500,7050761710,7050049270,2,train
hysets_08397600,7050761710,7050049270,2,train
hysets_08397620,7050761710,7050049270,2,train
hysets_08398500,7050761710,7050049270,2,train
hysets_08401200,7050761710,7050049270,2,train
hysets_08401900,7050761710,7050049270,2,train
hysets_08405150,7050761710,7050049270,2,train
hysets_08405500,7050761710,7050049270,2,train
hysets_08406000,7050761710,7050049270,2,train
hysets_08408500,7050761710,7050049270,2,train
hysets_08433000,7050761710,7050049270,2,train
hysets_08447020,7050761710,7050049270,2,train
hysets_08447300,7050761710,7050049270,2,train
GRDC_4151600,7050762950,7050049270,4,train
GRDC_4151651,7050762950,7050049270,4,train
GRDC_4151802,7050762950,7050049270,4,train
GRDC_4151803,7050762950,7050049270,4,train
GRDC_4151805,7050762950,7050049270,4,train
camels_08267500,7050762950,7050049270,4,train
camels_08269000,7050762950,7050049270,4,train
camels_08271000,7050762950,7050049270,4,train
hysets_08247500,7050762950,7050049270,4,train
hysets_08279000,7050762950,7050049270,4,train
hysets_08284100,7050762950,7050049270,4,train
hysets_08289000,7050762950,7050049270,4,train
hysets_08291000,7050762950,7050049270,4,train
hysets_08330600,7050762950,7050049270,4,train
GRDC_4105060,8050000010,8050000010,1,val
GRDC_4105720,8050000810,8050000810,0,test
GRDC_4105310,8050000820,8050000820,1,val
GRDC_4105850,8050000820,8050000820,1,val
GRDC_4105852,8050000820,8050000820,1,val
GRDC_4105450,8050002260,8050002260,4,train
GRDC_4102200,8050004480,8050004480,3,train
GRDC_4103200,8050005510,8050005510,2,train
GRDC_4101200,8050007190,8050007190,1,val
GRDC_4101501,8050008380,8050008380,0,test
GRDC_4101300,8050008390,8050008390,0,test
GRDC_4101400,8050008390,8050008390,0,test
GRDC_4101451,8050008390,8050008390,0,test
GRDC_4103800,8050141480,8050005510,1,val
GRDC_4103820,8050141480,8050005510,1,val
GRDC_4103550,8050176060,8050005510,0,test
GRDC_4103600,8050190880,8050005510,1,val
GRDC_4103602,8050190880,8050005510,1,val
GRDC_4103615,8050190880,8050005510,1,val
GRDC_4103630,8050190880,8050005510,1,val
GRDC_4103633,8050190880,8050005510,1,val
GRDC_4103635,8050190880,8050005510,1,val
GRDC_4103650,8050190880,8050005510,1,val
