gauge_id,main_bas_id,fold,split_role
GRDC_1159100,1060015850,3,test
GRDC_1159103,1060015850,3,test
GRDC_1159105,1060015850,3,test
GRDC_1159110,1060015850,3,test
GRDC_1159120,1060015850,3,test
GRDC_1159125,1060015850,3,test
GRDC_1159130,1060015850,3,test
GRDC_1159131,1060015850,3,test
GRDC_1159290,1060015850,3,test
GRDC_1159300,1060015850,3,test
GRDC_1159301,1060015850,3,test
GRDC_1159302,1060015850,3,test
GRDC_1159304,1060015850,3,test
GRDC_1159305,1060015850,3,test
GRDC_1159310,1060015850,3,test
GRDC_1159320,1060015850,3,test
GRDC_1159321,1060015850,3,test
GRDC_1159325,1060015850,3,test
GRDC_1159330,1060015850,3,test
GRDC_1159333,1060015850,3,test
GRDC_1159335,1060015850,3,test
GRDC_1159337,1060015850,3,test
GRDC_1159400,1060015850,3,test
GRDC_1159403,1060015850,3,test
GRDC_1159405,1060015850,3,test
GRDC_1159410,1060015850,3,test
GRDC_1159413,1060015850,3,test
GRDC_1159415,1060015850,3,test
GRDC_1159417,1060015850,3,test
GRDC_1159419,1060015850,3,test
GRDC_1159450,1060015850,3,test
GRDC_1159490,1060015850,3,test
GRDC_1159500,1060015850,3,test
GRDC_1159510,1060015850,3,test
GRDC_1159511,1060015850,3,test
GRDC_1159512,1060015850,3,test
GRDC_1159513,1060015850,3,test
GRDC_1159520,1060015850,3,test
GRDC_1159525,1060015850,3,test
GRDC_1159530,1060015850,3,test
GRDC_1159535,1060015850,3,test
GRDC_1159540,1060015850,3,test
GRDC_1159545,1060015850,3,test
GRDC_1159546,1060015850,3,test
GRDC_1159547,1060015850,3,test
GRDC_1159548,1060015850,3,test
GRDC_1159549,1060015850,3,test
GRDC_1159550,1060015850,3,test
GRDC_1159555,1060015850,3,test
GRDC_1159560,1060015850,3,test
GRDC_1159570,1060015850,3,test
GRDC_1159580,1060015850,3,test
GRDC_1159600,1060015850,3,test
GRDC_1159601,1060015850,3,test
GRDC_1159650,1060015850,3,test
GRDC_1159651,1060015850,3,test
GRDC_1159653,1060015850,3,test
GRDC_1159655,1060015850,3,test
GRDC_1159660,1060015850,3,test
GRDC_1159670,1060015850,3,test
GRDC_1159673,1060015850,3,test
GRDC_1159675,1060015850,3,test
GRDC_1159800,1060015850,3,test
GRDC_1159805,1060015850,3,test
GRDC_1159810,1060015850,3,test
GRDC_1159811,1060015850,3,test
GRDC_1159813,1060015850,3,test
GRDC_1159815,1060015850,3,test
GRDC_1159820,1060015850,3,test
GRDC_1159825,1060015850,3,test
GRDC_1159830,1060015850,3,test
GRDC_1159850,1060015850,3,test
GRDC_1159855,1060015850,3,test
GRDC_1159860,1060015850,3,test
GRDC_1159880,1060015850,3,test
GRDC_1159890,1060015850,3,test
GRDC_1159900,1060015850,3,test
GRDC_1159910,1060015850,3,test
GRDC_1160091,1060015560,4,train
GRDC_1160095,1060015560,4,train
GRDC_1160100,1060014930,2,train
GRDC_1160101,1060014930,2,train
GRDC_1160102,1060014930,2,train
GRDC_1160113,1060015030,2,train
GRDC_1160115,1060015030,2,train
GRDC_1160120,1060015030,2,train
GRDC_1160200,1060015630,3,train
GRDC_1160210,1060015030,2,train
GRDC_1160220,1060015560,4,train
GRDC_1160230,1060015560,4,train
GRDC_1160235,1060015560,4,train
GRDC_1160240,1060015390,0,train
GRDC_1160245,1060015390,0,train
GRDC_1160250,1060015030,2,train
GRDC_1160255,1060015030,2,train
GRDC_1160256,1060015030,2,train
GRDC_1160257,1060015030,2,train
GRDC_1160260,1060015390,0,train
GRDC_1160263,1060015390,0,train
GRDC_1160265,1060015390,0,train
GRDC_1160266,1060015390,0,train
GRDC_1160270,1060015390,0,train
GRDC_1160271,1060015390,0,train
GRDC_1160275,1060015390,0,train
GRDC_1160276,1060015390,0,train
GRDC_1160290,1060015390,0,train
GRDC_1160295,1060015390,0,train
GRDC_1160300,1060014930,2,train
GRDC_1160301,1060014930,2,train
GRDC_1160303,1060014930,2,train
GRDC_1160304,1060014930,2,train
GRDC_1160305,1060014930,2,train
GRDC_1160310,1060014930,2,train
GRDC_1160315,1060014930,2,train
GRDC_1160317,1060014930,2,train
GRDC_1160318,1060014930,2,train
GRDC_1160320,1060015560,4,train
GRDC_1160324,1060014930,2,train
GRDC_1160325,1060014930,2,train
GRDC_1160327,1060014930,2,train
GRDC_1160328,1060014930,2,train
GRDC_1160330,1060015400,4,val
GRDC_1160331,1060014930,2,train
GRDC_1160332,1060014930,2,train
GRDC_1160340,1060014930,2,train
GRDC_1160341,1060014930,2,train
GRDC_1160345,1060014930,2,train
GRDC_1160346,1060014930,2,train
GRDC_1160347,1060014930,2,train
GRDC_1160348,1060014930,2,train
GRDC_1160350,1060014920,4,val
GRDC_1160351,1060014500,4,train
GRDC_1160352,1060014920,4,val
GRDC_1160353,1060014920,4,val
GRDC_1160360,1060014920,4,val
GRDC_1160361,1060014920,4,val
GRDC_1160365,1060014920,4,val
GRDC_1160367,1060014920,4,val
GRDC_1160368,1060014920,4,val
GRDC_1160370,1060014920,4,val
GRDC_1160373,1060014920,4,val
GRDC_1160375,1060014920,4,val
GRDC_1160378,1060014920,4,val
GRDC_1160380,1060014920,4,val
GRDC_1160385,1060014920,4,val
GRDC_1160390,1060014920,4,val
GRDC_1160391,1060014920,4,val
GRDC_1160393,1060014920,4,val
GRDC_1160395,1060014920,4,val
GRDC_1160396,1060014920,4,val
GRDC_1160398,1060014920,4,val
GRDC_1160400,1060014500,4,train
GRDC_1160403,1060014500,4,train
GRDC_1160405,1060014500,4,train
GRDC_1160415,1060014500,4,train
GRDC_1160417,1060014500,4,train
GRDC_1160419,1060014500,4,train
GRDC_1160420,1060014500,4,train
GRDC_1160425,1060014500,4,train
GRDC_1160427,1060014500,4,train
GRDC_1160430,1060014500,4,train
GRDC_1160435,1060014500,4,train
GRDC_1160441,1060014500,4,train
GRDC_1160443,1060014500,4,train
GRDC_1160450,1060014490,2,train
GRDC_1160453,1060014490,2,train
GRDC_1160455,1060014500,4,train
GRDC_1160456,1060014500,4,train
GRDC_1160457,1060014490,2,train
GRDC_1160458,1060014500,4,train
GRDC_1160459,1060014500,4,train
GRDC_1160460,1060014490,2,train
GRDC_1160470,1060014490,2,train
GRDC_1160480,1060014490,2,train
GRDC_1160481,1060014490,2,train
GRDC_1160485,1060014380,1,train
GRDC_1160487,1060014380,1,train
GRDC_1160490,1060014370,2,train
GRDC_1160493,1060014370,2,train
GRDC_1160495,1060014370,2,train
GRDC_1160500,1060014230,3,train
GRDC_1160505,1060014230,3,train
GRDC_1160510,1060014220,2,train
GRDC_1160511,1060014220,2,train
GRDC_1160512,1060014220,2,train
GRDC_1160520,1060014220,2,train
GRDC_1160523,1060014220,2,train
GRDC_1160525,1060014220,2,train
GRDC_1160527,1060014220,2,train
GRDC_1160528,1060014220,2,train
GRDC_1160529,1060014220,2,train
GRDC_1160530,1060014220,2,train
GRDC_1160533,1060014220,2,train
GRDC_1160535,1060014220,2,train
GRDC_1160537,1060014220,2,train
GRDC_1160540,1060014220,2,train
GRDC_1160545,1060014230,3,train
GRDC_1160550,1060013950,4,train
GRDC_1160580,1060014220,2,train
GRDC_1160600,1060013960,2,val
GRDC_1160601,1060013960,2,val
GRDC_1160602,1060013960,2,val
GRDC_1160605,1060013960,2,val
GRDC_1160607,1060013960,2,val
GRDC_1160610,1060013960,2,val
GRDC_1160611,1060013960,2,val
GRDC_1160612,1060013960,2,val
GRDC_1160615,1060013960,2,val
GRDC_1160617,1060013960,2,val
GRDC_1160620,1060013960,2,val
GRDC_1160621,1060013960,2,val
GRDC_1160625,1060014220,2,train
GRDC_1160630,1060014220,2,train
GRDC_1160631,1060014220,2,train
GRDC_1160635,1060014220,2,train
GRDC_1160640,1060013960,2,val
GRDC_1160641,1060013960,2,val
GRDC_1160650,1060013430,2,test
GRDC_1160660,1060013960,2,val
GRDC_1160670,1060013950,4,train
GRDC_1160671,1060013950,4,train
GRDC_1160675,1060013950,4,train
GRDC_1160680,1060013420,0,train
GRDC_1160682,1060013420,0,train
GRDC_1160684,1060013950,4,train
GRDC_1160685,1060013420,0,train
GRDC_1160687,1060013420,0,train
GRDC_1160688,1060013420,0,train
GRDC_1160690,1060013950,4,train
GRDC_1160693,1060013950,4,train
GRDC_1160695,1060013950,4,train
GRDC_1160700,1060013210,0,train
GRDC_1160701,1060013210,0,train
GRDC_1160703,1060013210,0,train
GRDC_1160704,1060013210,0,train
GRDC_1160705,1060013210,0,train
GRDC_1160708,1060013210,0,train
GRDC_1160709,1060013210,0,train
GRDC_1160710,1060013200,4,train
GRDC_1160715,1060013200,4,train
GRDC_1160717,1060013200,4,train
GRDC_1160720,1060013200,4,train
GRDC_1160721,1060013200,4,train
GRDC_1160723,1060013200,4,train
GRDC_1160725,1060013200,4,train
GRDC_1160730,1060013950,4,train
GRDC_1160731,1060013950,4,train
GRDC_1160740,1060013820,4,val
GRDC_1160743,1060013820,4,val
GRDC_1160745,1060013820,4,val
GRDC_1160750,1060013070,2,train
GRDC_1160751,1060013070,2,train
GRDC_1160752,1060013070,2,train
GRDC_1160755,1060013070,2,train
GRDC_1160756,1060013070,2,train
GRDC_1160760,1060013650,0,train
GRDC_1160763,1060013640,3,test
GRDC_1160765,1060013640,3,test
GRDC_1160770,1060013640,3,test
GRDC_1160773,1060013640,3,test
GRDC_1160774,1060013640,3,test
GRDC_1160775,1060013640,3,test
GRDC_1160777,1060013640,3,test
GRDC_1160780,1060013430,2,test
GRDC_1160785,1060013640,3,test
GRDC_1160788,1060013200,4,train
GRDC_1160790,1060013080,1,test
GRDC_1160793,1060013080,1,test
GRDC_1160795,1060013080,1,test
GRDC_1160798,1060013080,1,test
GRDC_1160800,1060013070,2,train
GRDC_1160810,1060013070,2,train
GRDC_1160815,1060013070,2,train
GRDC_1160820,1060013070,2,train
GRDC_1160825,1060013070,2,train
GRDC_1160830,1060013070,2,train
GRDC_1160840,1060013070,2,train
GRDC_1160842,1060013070,2,train
GRDC_1160850,1060013070,2,train
GRDC_1160851,1060013070,2,train
GRDC_1160880,1060013070,2,train
GRDC_1160881,1060013070,2,train
GRDC_1160882,1060013070,2,train
GRDC_1160883,1060013070,2,train
GRDC_1160884,1060013070,2,train
GRDC_1160885,1060013070,2,train
GRDC_1160890,1060013070,2,train
GRDC_1160891,1060013070,2,train
GRDC_1160892,1060013070,2,train
GRDC_1160893,1060013070,2,train
GRDC_1160894,1060013070,2,train
GRDC_1160895,1060013070,2,train
GRDC_1160900,1060012820,0,train
GRDC_1160910,1060012820,0,train
GRDC_1160911,1060012820,0,train
GRDC_1160913,1060012820,0,train
GRDC_1160915,1060012820,0,train
GRDC_1160919,1060012820,0,train
GRDC_1160920,1060012820,0,train
GRDC_1160930,1060012820,0,train
GRDC_1160940,1060014930,2,train
GRDC_1160950,1060014930,2,train
GRDC_1160955,1060014930,2,train
GRDC_1160957,1060014930,2,train
GRDC_1160960,1060014930,2,train
GRDC_1160965,1060014930,2,train
GRDC_1160970,1060012820,0,train
GRDC_1160971,1060012820,0,train
GRDC_1160974,1060012820,0,train
GRDC_1160975,1060012820,0,train
GRDC_1160979,1060012820,0,train
GRDC_1160981,1060013210,0,train
GRDC_1160983,1060013210,0,train
GRDC_1160985,1060013210,0,train
GRDC_1196100,1060012590,0,train
GRDC_1196101,1060012590,0,train
GRDC_1196102,1060012590,0,train
GRDC_1196103,1060012590,0,train
GRDC_1196104,1060012590,0,train
GRDC_1196105,1060012590,0,train
GRDC_1196106,1060012590,0,train
GRDC_1196110,1060012590,0,train
GRDC_1196120,1060012590,0,train
GRDC_1196130,1060012590,0,train
GRDC_1196140,1060012590,0,train
GRDC_1196141,1060012590,0,train
GRDC_1196142,1060012590,0,train
GRDC_1196150,1060012590,0,train
GRDC_1196160,1060012590,0,train
GRDC_1196170,1060012590,0,train
GRDC_1196175,1060012590,0,train
GRDC_1196180,1060012590,0,train
GRDC_1196190,1060012590,0,train
GRDC_1196200,1060012590,0,train
GRDC_1196205,1060012590,0,train
GRDC_1196210,1060012590,0,train
GRDC_1196213,1060012590,0,train
GRDC_1196215,1060012590,0,train
GRDC_1196220,1060012590,0,train
GRDC_1196300,1060012590,0,train
GRDC_1196310,1060012590,0,train
GRDC_1196320,1060012590,0,train
GRDC_1196330,1060012590,0,train
GRDC_1196340,1060012590,0,train
GRDC_1196350,1060012590,0,train
GRDC_1196360,1060012590,0,train
GRDC_1196370,1060012590,0,train
GRDC_1196380,1060012590,0,train
GRDC_1196390,1060012590,0,train
GRDC_1196400,1060012590,0,train
GRDC_1196405,1060012590,0,train
GRDC_1196410,1060012590,0,train
GRDC_1196413,1060012590,0,train
GRDC_1196415,1060012590,0,train
GRDC_1196420,1060012590,0,train
GRDC_1196423,1060012590,0,train
GRDC_1196425,1060012590,0,train
GRDC_1196435,1060012590,0,train
GRDC_1196440,1060012590,0,train
GRDC_1196441,1060012590,0,train
GRDC_1196443,1060012590,0,train
GRDC_1196445,1060012590,0,train
GRDC_1196447,1060012590,0,train
GRDC_1196450,1060012590,0,train
GRDC_1196455,1060012590,0,train
GRDC_1196500,1060012590,0,train
GRDC_1196540,1060012590,0,train
GRDC_1196550,1060012590,0,train
GRDC_1196551,1060012590,0,train
GRDC_1196560,1060012590,0,train
GRDC_1196561,1060012590,0,train
GRDC_1196562,1060012590,0,train
GRDC_1196563,1060012590,0,train
GRDC_1196564,1060012590,0,train
GRDC_1196565,1060012590,0,train
GRDC_1196569,1060012590,0,train
GRDC_1196570,1060012590,0,train
GRDC_1196600,1060012590,0,train
GRDC_1196700,1060012590,0,train
GRDC_1196710,1060012590,0,train
GRDC_1196720,1060012590,0,train
GRDC_1196800,1060012590,0,train
GRDC_1196850,1060012590,0,train
GRDC_1197001,1060012680,1,test
GRDC_1197010,1060012680,1,test
GRDC_1197090,1060012680,1,test
GRDC_1197100,1060012680,1,test
GRDC_1197200,1060012680,1,test
GRDC_1197300,1060012680,1,test
GRDC_1197310,1060012680,1,test
GRDC_1197500,1060012680,1,test
GRDC_1197501,1060012680,1,test
GRDC_1197502,1060012680,1,test
GRDC_1197505,1060012680,1,test
GRDC_1197507,1060012680,1,test
GRDC_1197510,1060012680,1,test
GRDC_1197520,1060012680,1,test
GRDC_1197530,1060012680,1,test
GRDC_1197540,1060012680,1,test
GRDC_1197550,1060012680,1,test
GRDC_1197551,1060012680,1,test
GRDC_1197555,1060012680,1,test
GRDC_1197560,1060012680,1,test
GRDC_1197561,1060012680,1,test
GRDC_1197562,1060012680,1,test
GRDC_1197563,1060012680,1,test
GRDC_1197564,1060012680,1,test
GRDC_1197580,1060012680,1,test
GRDC_1197590,1060012680,1,test
GRDC_1197591,1060012680,1,test
GRDC_1197593,1060012680,1,test
GRDC_1197595,1060012680,1,test
GRDC_1197700,1060012680,1,test
GRDC_1197701,1060012680,1,test
GRDC_1197705,1060012680,1,test
GRDC_1197710,1060012680,1,test
GRDC_1197720,1060012680,1,test
GRDC_1197730,1060012680,1,test
GRDC_1197740,1060012680,1,test
GRDC_1197745,1060012680,1,test
GRDC_1197750,1060012680,1,test
GRDC_1199100,1060012810,1,val
GRDC_1199110,1060012810,1,val
GRDC_1199115,1060012810,1,val
GRDC_1199200,1060012810,1,val
GRDC_1199310,1060012810,1,val
GRDC_1199400,1060012810,1,val
GRDC_1199410,1060012810,1,val
GRDC_1199415,1060012810,1,val
GRDC_1199450,1060012810,1,val
GRDC_1199453,1060012810,1,val
GRDC_1199455,1060012810,1,val
GRDC_1199460,1060012810,1,val
GRDC_1199465,1060012810,1,val
GRDC_1255100,1060018120,4,val
GRDC_1255150,1060018120,4,val
GRDC_1257100,1060040200,0,train
GRDC_1257101,1060040200,0,train
GRDC_1257200,1060040200,0,train
GRDC_1258100,1060017690,1,train
GRDC_1258150,1060017390,2,train
GRDC_1258200,1060017350,1,train
GRDC_1258201,1060017350,1,train
GRDC_1258202,1060017350,1,train
GRDC_1258270,1060042560,4,train
GRDC_1258300,1060016860,0,train
GRDC_1258301,1060016860,0,train
GRDC_1258350,1060016850,0,train
GRDC_1258355,1060016850,0,train
GRDC_1258400,1060016850,0,train
GRDC_1258500,1060016760,2,test
GRDC_1258501,1060016760,2,test
GRDC_1258502,1060016760,2,test
GRDC_1258503,1060016760,2,test
GRDC_1258505,1060016760,2,test
GRDC_1258506,1060016760,2,test
GRDC_1258507,1060016760,2,test
GRDC_1258508,1060016760,2,test
GRDC_1258509,1060016760,2,test
GRDC_1258510,1060016760,2,test
GRDC_1258520,1060016850,0,train
GRDC_1258530,1060016760,2,test
GRDC_1259060,1060015850,3,test
GRDC_1259070,1060015850,3,test
GRDC_1259080,1060015850,3,test
GRDC_1259090,1060015850,3,test
GRDC_1259100,1060015850,3,test
GRDC_1259101,1060015850,3,test
GRDC_1259102,1060015850,3,test
GRDC_1259103,1060015850,3,test
GRDC_1259104,1060015850,3,test
GRDC_1259110,1060015850,3,test
GRDC_1259111,1060015850,3,test
GRDC_1259112,1060015850,3,test
GRDC_1259201,1060015850,3,test
GRDC_1259261,1060015850,3,test
GRDC_1259350,1060015850,3,test
GRDC_1259370,1060015850,3,test
GRDC_1259400,1060015850,3,test
GRDC_1259440,1060015850,3,test
GRDC_1259450,1060015850,3,test
GRDC_1259451,1060015850,3,test
GRDC_1259460,1060015850,3,test
GRDC_1291100,1060011660,3,val
GRDC_1291200,1060011660,3,val
GRDC_1320100,1060024880,4,val
GRDC_1320150,1060024880,4,val
GRDC_1320160,1060024880,4,val
GRDC_1321880,1060024880,4,val
GRDC_1322840,1060024870,2,test
GRDC_1322880,1060024870,2,test
GRDC_1323550,1060024770,3,train
GRDC_1323580,1060024770,3,train
GRDC_1324580,1060024680,0,train
GRDC_3258310,6060040660,1,train
GRDC_3264500,6060016970,3,train
GRDC_3265005,6060016970,3,train
GRDC_3265010,6060016970,3,train
GRDC_3265050,6060016970,3,train
GRDC_3265070,6060016970,3,train
GRDC_3265100,6060016970,3,train
GRDC_3265300,6060016970,3,train
GRDC_3265600,6060016970,3,train
GRDC_3265601,6060016970,3,train
GRDC_3265700,6060016970,3,train
GRDC_3265810,6060016970,3,train
GRDC_3265815,6060016970,3,train
GRDC_3265910,6060016970,3,train
GRDC_3268100,6060016970,3,train
GRDC_3268210,6060016970,3,train
GRDC_3268270,6060016970,3,train
GRDC_3268310,6060016970,3,train
GRDC_3268500,6060016970,3,train
GRDC_3268900,6060016970,3,train
GRDC_3269300,6060016760,1,train
GRDC_3274030,6060040460,2,val
GRDC_3274050,6060040460,2,val
GRDC_3274080,6060040460,2,val
GRDC_3274100,6060040480,1,train
GRDC_3274120,6060040480,1,train
GRDC_3274130,6060040480,1,train
GRDC_3274140,6060040480,1,train
GRDC_3274800,6060040460,2,val
GRDC_3275010,6060018850,1,train
GRDC_3275100,6060018850,1,train
GRDC_3275130,6060018850,1,train
GRDC_3275140,6060018850,1,train
GRDC_3275150,6060018850,1,train
GRDC_3275200,6060018850,1,train
GRDC_3275210,6060018850,1,train
GRDC_3275250,6060018850,1,train
GRDC_3275270,6060018850,1,train
GRDC_3275280,6060018850,1,train
GRDC_3275290,6060018850,1,train
GRDC_3275400,6060018850,1,train
GRDC_3275450,6060018850,1,train
GRDC_3275500,6060018850,1,train
GRDC_3275700,6060018850,1,train
GRDC_3275750,6060018850,1,train
GRDC_3275800,6060019090,1,train
GRDC_3275880,6060019090,1,train
GRDC_3275910,6060019090,1,train
GRDC_3275950,6060019090,1,train
GRDC_3275990,6060019090,1,train
GRDC_3276100,6060020000,0,val
GRDC_3276150,6060020000,0,val
GRDC_3276200,6060020000,0,val
GRDC_3276300,6060020000,0,val
GRDC_3276320,6060020000,0,val
GRDC_3276800,6060021210,0,train
GRDC_3289050,6060025410,4,train
GRDC_3290500,6060025560,3,train
GRDC_3292100,6060025900,2,val
GRDC_3613010,6060006470,4,train
GRDC_3613050,6060006470,4,train
GRDC_3613060,6060006470,4,train
GRDC_3613150,6060006780,3,train
GRDC_3617100,6060007000,3,train
GRDC_3617110,6060007000,3,train
GRDC_3617120,6060007000,3,train
GRDC_3617130,6060007000,3,train
GRDC_3617800,6060007000,3,train
GRDC_3617805,6060007000,3,train
GRDC_3617810,6060007000,3,train
GRDC_3617811,6060007000,3,train
GRDC_3617812,6060007000,3,train
GRDC_3617813,6060007000,3,train
GRDC_3617814,6060007000,3,train
GRDC_3617820,6060007000,3,train
GRDC_3618051,6060007000,3,train
GRDC_3618052,6060007000,3,train
GRDC_3618053,6060007000,3,train
GRDC_3618090,6060007000,3,train
GRDC_3618110,6060007000,3,train
GRDC_3618115,6060007000,3,train
GRDC_3618120,6060007000,3,train
GRDC_3618121,6060007000,3,train
GRDC_3618130,6060007000,3,train
GRDC_3618150,6060007000,3,train
GRDC_3618200,6060007000,3,train
GRDC_3618500,6060007000,3,train
GRDC_3618600,6060007000,3,train
GRDC_3618700,6060007000,3,train
GRDC_3618710,6060007000,3,train
GRDC_3618711,6060007000,3,train
GRDC_3618715,6060007000,3,train
GRDC_3618720,6060007000,3,train
GRDC_3618721,6060007000,3,train
GRDC_3618722,6060007000,3,train
GRDC_3618730,6060007000,3,train
GRDC_3618731,6060007000,3,train
GRDC_3618740,6060007000,3,train
GRDC_3618950,6060007000,3,train
GRDC_3618951,6060007000,3,train
GRDC_3620000,6060007000,3,train
GRDC_3621100,6060007000,3,train
GRDC_3621200,6060007000,3,train
GRDC_3621400,6060007000,3,train
GRDC_3623100,6060007000,3,train
GRDC_3624200,6060007000,3,train
GRDC_3624201,6060007000,3,train
GRDC_3624250,6060007000,3,train
GRDC_3624400,6060007000,3,train
GRDC_3624500,6060007000,3,train
GRDC_3625000,6060007000,3,train
GRDC_3626000,6060007000,3,train
GRDC_3627000,6060007000,3,train
GRDC_3627001,6060007000,3,train
GRDC_3628050,6060007000,3,train
GRDC_3628300,6060007000,3,train
GRDC_3628400,6060007000,3,train
GRDC_3628401,6060007000,3,train
GRDC_3628700,6060007000,3,train
GRDC_3628701,6060007000,3,train
GRDC_3628900,6060007000,3,train
GRDC_3629000,6060007000,3,train
GRDC_3629001,6060007000,3,train
GRDC_3630100,6060007000,3,train
GRDC_3630300,6060007000,3,train
GRDC_3630600,6060007000,3,train
GRDC_3631100,6060007000,3,train
GRDC_3631110,6060007000,3,train
GRDC_3631210,6060007000,3,train
GRDC_3631215,6060007000,3,train
GRDC_3631500,6060007650,2,val
GRDC_3632400,6060007000,3,train
GRDC_3632401,6060007000,3,train
GRDC_3632450,6060007000,3,train
GRDC_3632800,6060007000,3,train
GRDC_3632801,6060007000,3,train
GRDC_3633100,6060007000,3,train
GRDC_3633120,6060007000,3,train
GRDC_3633121,6060007000,3,train
GRDC_3633122,6060007000,3,train
GRDC_3633123,6060007000,3,train
GRDC_3633160,6060007000,3,train
GRDC_3633180,6060007000,3,train
GRDC_3633190,6060007000,3,train
GRDC_3633300,6060007000,3,train
GRDC_3633301,6060007000,3,train
GRDC_3633310,6060007000,3,train
GRDC_3633320,6060007000,3,train
GRDC_3634100,6060007000,3,train
GRDC_3634110,6060007000,3,train
GRDC_3634140,6060007000,3,train
GRDC_3634150,6060007000,3,train
GRDC_3634160,6060007000,3,train
GRDC_3634200,6060007000,3,train
GRDC_3634210,6060007000,3,train
GRDC_3634220,6060007000,3,train
GRDC_3634320,6060007000,3,train
GRDC_3634340,6060007000,3,train
GRDC_3634350,6060007000,3,train
GRDC_3634360,6060007000,3,train
GRDC_3634370,6060007000,3,train
GRDC_3634380,6060007000,3,train
GRDC_3634400,6060007000,3,train
GRDC_3634450,6060007000,3,train
GRDC_3634500,6060007000,3,train
GRDC_3635010,6060007000,3,train
GRDC_3635030,6060007000,3,train
GRDC_3635035,6060007000,3,train
GRDC_3635040,6060007000,3,train
GRDC_3635041,6060007000,3,train
GRDC_3635060,6060007000,3,train
GRDC_3635100,6060007000,3,train
GRDC_3635101,6060007000,3,train
GRDC_3635300,6060007000,3,train
GRDC_3635301,6060007000,3,train
GRDC_3635310,6060007000,3,train
GRDC_3635320,6060007000,3,train
GRDC_3635330,6060007000,3,train
GRDC_3635340,6060007000,3,train
GRDC_3635350,6060007000,3,train
GRDC_3635360,6060007000,3,train
GRDC_3635402,6060007000,3,train
GRDC_3635403,6060007000,3,train
GRDC_3635408,6060007000,3,train
GRDC_3635410,6060007000,3,train
GRDC_3635420,6060007000,3,train
GRDC_3635430,6060007000,3,train
GRDC_3635440,6060007000,3,train
GRDC_3635450,6060007000,3,train
GRDC_3635451,6060007000,3,train
GRDC_3635550,6060007000,3,train
GRDC_3635551,6060007000,3,train
GRDC_3635600,6060007000,3,train
GRDC_3635610,6060007000,3,train
GRDC_3635650,6060007000,3,train
GRDC_3635651,6060007000,3,train
GRDC_3635660,6060007000,3,train
GRDC_3636100,6060007000,3,train
GRDC_3636150,6060007000,3,train
GRDC_3636200,6060007000,3,train
GRDC_3636201,6060007000,3,train
GRDC_3636202,6060007000,3,train
GRDC_3636500,6060007000,3,train
GRDC_3636501,6060007000,3,train
GRDC_3637150,6060007000,3,train
GRDC_3637152,6060007000,3,train
GRDC_3637180,6060007000,3,train
GRDC_3637210,6060007000,3,train
GRDC_3637380,6060007000,3,train
GRDC_3637390,6060007000,3,train
GRDC_3637400,6060007000,3,train
GRDC_3637700,6060007000,3,train
GRDC_3637770,6060007000,3,train
GRDC_3637771,6060007000,3,train
GRDC_3637772,6060007000,3,train
GRDC_3637773,6060007000,3,train
GRDC_3637774,6060007000,3,train
GRDC_3637775,6060007000,3,train
GRDC_3637790,6060007000,3,train
GRDC_3637800,6060007000,3,train
GRDC_3637810,6060007000,3,train
GRDC_3637815,6060007000,3,train
GRDC_3637900,6060007000,3,train
GRDC_3637910,6060007000,3,train
GRDC_3637911,6060007000,3,train
GRDC_3637950,6060007000,3,train
GRDC_3638010,6060007000,3,train
GRDC_3638050,6060007000,3,train
GRDC_3638051,6060007000,3,train
GRDC_3638120,6060007000,3,train
GRDC_3638150,6060007000,3,train
GRDC_3638200,6060007000,3,train
GRDC_3638210,6060007000,3,train
GRDC_3638215,6060007000,3,train
GRDC_3638219,6060007000,3,train
GRDC_3638700,6060007000,3,train
GRDC_3638900,6060007000,3,train
GRDC_3649010,6060007950,0,train
GRDC_3649012,6060007950,0,train
GRDC_3649014,6060007950,0,train
GRDC_3649020,6060007950,0,train
GRDC_3649030,6060007950,0,train
GRDC_3649031,6060007950,0,train
GRDC_3649040,6060007950,0,train
GRDC_3649050,6060007950,0,train
GRDC_3649110,6060007950,0,train
GRDC_3649120,6060007950,0,train
GRDC_3649130,6060007950,0,train
GRDC_3649140,6060007950,0,train
GRDC_3649150,6060007950,0,train
GRDC_3649151,6060007950,0,train
GRDC_3649160,6060007950,0,train
GRDC_3649210,6060007950,0,train
GRDC_3649211,6060007950,0,train
GRDC_3649240,6060007950,0,train
GRDC_3649241,6060007950,0,train
GRDC_3649242,6060007950,0,train
GRDC_3649251,6060007950,0,train
GRDC_3649255,6060007950,0,train
GRDC_3649310,6060007950,0,train
GRDC_3649311,6060007950,0,train
GRDC_3649312,6060007950,0,train
GRDC_3649315,6060007950,0,train
GRDC_3649320,6060007950,0,train
GRDC_3649321,6060007950,0,train
GRDC_3649322,6060007950,0,train
GRDC_3649325,6060007950,0,train
GRDC_3649409,6060007950,0,train
GRDC_3649410,6060007950,0,train
GRDC_3649411,6060007950,0,train
GRDC_3649412,6060007950,0,train
GRDC_3649413,6060007950,0,train
GRDC_3649414,6060007950,0,train
GRDC_3649416,6060007950,0,train
GRDC_3649418,6060007950,0,train
GRDC_3649419,6060007950,0,train
GRDC_3649420,6060007950,0,train
GRDC_3649421,6060007950,0,train
GRDC_3649422,6060007950,0,train
GRDC_3649423,6060007950,0,train
GRDC_3649424,6060007950,0,train
GRDC_3649430,6060007950,0,train
GRDC_3649440,6060007950,0,train
GRDC_3649449,6060007950,0,train
GRDC_3649450,6060007950,0,train
GRDC_3649455,6060007950,0,train
GRDC_3649459,6060007950,0,train
GRDC_3649460,6060007950,0,train
GRDC_3649461,6060007950,0,train
GRDC_3649465,6060007950,0,train
GRDC_3649510,6060007950,0,train
GRDC_3649511,6060007950,0,train
GRDC_3649515,6060007950,0,train
GRDC_3649610,6060007950,0,train
GRDC_3649614,6060007950,0,train
GRDC_3649617,6060007950,0,train
GRDC_3649618,6060007950,0,train
GRDC_3649619,6060007950,0,train
GRDC_3649630,6060007950,0,train
GRDC_3649640,6060007950,0,train
GRDC_3649850,6060007950,0,train
GRDC_3649855,6060007950,0,train
GRDC_3649860,6060007950,0,train
GRDC_3649870,6060007950,0,train
GRDC_3649900,6060007950,0,train
GRDC_3649901,6060007950,0,train
GRDC_3649902,6060007950,0,train
GRDC_3649903,6060007950,0,train
GRDC_3649904,6060007950,0,train
GRDC_3649905,6060007950,0,train
GRDC_3649906,6060007950,0,train
GRDC_3649950,6060007950,0,train
GRDC_3649960,6060007950,0,train
GRDC_3649965,6060007950,0,train
GRDC_3650150,6060008140,1,train
GRDC_3650202,6060008620,4,train
GRDC_3650205,6060008620,4,train
GRDC_3650220,6060008320,0,test
GRDC_3650221,6060008320,0,test
GRDC_3650250,6060008710,0,train
GRDC_3650270,6060008830,4,train
GRDC_3650280,6060009220,3,test
GRDC_3650285,6060009220,3,test
GRDC_3650310,6060009220,3,test
GRDC_3650320,6060009250,2,val
GRDC_3650321,6060009250,2,val
GRDC_3650330,6060009250,2,val
GRDC_3650335,6060009250,2,val
GRDC_3650340,6060009250,2,val
GRDC_3650341,6060009250,2,val
GRDC_3650350,6060009430,3,train
GRDC_3650355,6060009430,3,train
GRDC_3650359,6060009430,3,train
GRDC_3650360,6060009430,3,train
GRDC_3650370,6060009430,3,train
GRDC_3650380,6060009470,3,train
GRDC_3650385,6060009470,3,train
GRDC_3650410,6060009760,3,train
GRDC_3650415,6060009760,3,train
GRDC_3650430,6060009760,3,train
GRDC_3650450,6060009760,3,train
GRDC_3650455,6060009760,3,train
GRDC_3650460,6060009760,3,train
GRDC_3650470,6060009760,3,train
GRDC_3650471,6060009760,3,train
GRDC_3650475,6060009760,3,train
GRDC_3650477,6060009760,3,train
GRDC_3650480,6060009760,3,train
GRDC_3650481,6060009760,3,train
GRDC_3650485,6060009760,3,train
GRDC_3650488,6060009760,3,train
GRDC_3650510,6060009770,2,train
GRDC_3650511,6060009770,2,train
GRDC_3650520,6060010170,1,train
GRDC_3650525,6060010100,2,train
GRDC_3650526,6060010100,2,train
GRDC_3650530,6060010100,2,train
GRDC_3650535,6060010170,1,train
GRDC_3650540,6060010250,3,train
GRDC_3650545,6060010260,2,train
GRDC_3650610,6060010510,4,test
GRDC_3650620,6060010510,4,test
GRDC_3650630,6060010510,4,test
GRDC_3650634,6060010510,4,test
GRDC_3650635,6060010510,4,test
GRDC_3650640,6060010510,4,test
GRDC_3650645,6060010510,4,test
GRDC_3650649,6060010510,4,test
GRDC_3650650,6060010510,4,test
GRDC_3650690,6060010480,1,val
GRDC_3650710,6060010520,1,train
GRDC_3650720,6060010520,1,train
GRDC_3650730,6060010670,0,train
GRDC_3650740,6060010520,1,train
GRDC_3650745,6060010510,4,test
GRDC_3650750,6060010670,0,train
GRDC_3650755,6060010670,0,train
GRDC_3650811,6060010680,0,val
GRDC_3650820,6060010980,4,train
GRDC_3650840,6060011100,3,train
GRDC_3650860,6060011180,2,train
GRDC_3650870,6060011240,1,train
GRDC_3650875,6060011240,1,train
GRDC_3650880,6060011240,1,train
GRDC_3650881,6060011240,1,train
GRDC_3650885,6060011240,1,train
GRDC_3650890,6060011240,1,train
GRDC_3650910,6060011250,0,train
GRDC_3650912,6060011250,0,train
GRDC_3650920,6060011370,2,train
GRDC_3650924,6060011370,2,train
GRDC_3650925,6060011370,2,train
GRDC_3650928,6060011370,2,train
GRDC_3650930,6060011380,1,test
GRDC_3650940,6060011450,4,train
GRDC_3650941,6060011450,4,train
GRDC_3650970,6060011630,0,train
GRDC_3650990,6060011660,4,train
GRDC_3651300,6060011780,0,val
GRDC_3651309,6060011780,0,val
GRDC_3651400,6060011780,0,val
GRDC_3651408,6060011780,0,val
GRDC_3651410,6060011780,0,val
GRDC_3651520,6060011780,0,val
GRDC_3651530,6060011780,0,val
GRDC_3651535,6060011780,0,val
GRDC_3651550,6060011780,0,val
GRDC_3651650,6060011780,0,val
GRDC_3651660,6060011780,0,val
GRDC_3651670,6060011780,0,val
GRDC_3651678,6060011780,0,val
GRDC_3651680,6060011780,0,val
GRDC_3651720,6060011780,0,val
GRDC_3651805,6060011780,0,val
GRDC_3651806,6060011780,0,val
GRDC_3651807,6060011780,0,val
GRDC_3651860,6060011780,0,val
GRDC_3651865,6060011780,0,val
GRDC_3651870,6060011780,0,val
GRDC_3652010,6060011790,3,train
GRDC_3652020,6060011890,3,train
GRDC_3652030,6060012020,4,train
GRDC_3652039,6060012020,4,train
GRDC_3652040,6060012020,4,train
GRDC_3652050,6060011890,3,train
GRDC_3652060,6060012280,2,test
GRDC_3652065,6060012280,2,test
GRDC_3652068,6060012280,2,test
GRDC_3652080,6060012030,2,train
GRDC_3652089,6060012030,2,train
GRDC_3652110,6060012280,2,test
GRDC_3652115,6060012280,2,test
GRDC_3652120,6060012280,2,test
GRDC_3652130,6060012280,2,test
GRDC_3652135,6060012280,2,test
GRDC_3652200,6060012580,3,train
GRDC_3652210,6060012580,3,train
GRDC_3652220,6060012580,3,train
GRDC_3652230,6060012630,2,train
GRDC_3652320,6060012760,1,train
GRDC_3652350,6060012760,1,train
GRDC_3652410,6060012790,1,train
GRDC_3652419,6060012790,1,train
GRDC_3652450,6060012790,1,train
GRDC_3652455,6060012790,1,train
GRDC_3652500,6060013180,1,train
GRDC_3652600,6060013420,0,train
GRDC_3652610,6060013420,0,train
GRDC_3652630,6060013420,0,train
GRDC_3652660,6060013420,0,train
GRDC_3652810,6060013750,0,test
GRDC_3652850,6060013750,0,test
GRDC_3652870,6060013750,0,test
GRDC_3652879,6060013750,0,test
GRDC_3652880,6060013750,0,test
GRDC_3652890,6060013750,0,test
GRDC_3653110,6060014460,4,train
GRDC_3653120,6060014460,4,train
GRDC_3653180,6060014460,4,train
GRDC_3653181,6060014460,4,train
GRDC_3653250,6060014470,0,test
GRDC_3653350,6060014900,0,train
GRDC_3653352,6060014900,0,train
GRDC_3653400,6060015560,3,train
GRDC_3653450,6060015110,4,test
GRDC_3653510,6060015560,3,train
GRDC_3653550,6060015560,3,train
GRDC_3653620,6060015560,3,train
GRDC_3653710,6060015570,2,train
GRDC_3653770,6060015120,3,val
GRDC_3653910,6060013760,2,train
GRDC_3653950,6060013760,2,train
GRDC_3653955,6060013760,2,train
GRDC_3653980,6060013760,2,train
GRDC_3653985,6060013760,2,train
GRDC_3659100,6060016970,3,train
GRDC_3659105,6060016970,3,train
GRDC_3660200,6060016970,3,train
GRDC_3660201,6060016970,3,train
GRDC_3660600,6060016970,3,train
GRDC_3660602,6060016970,3,train
GRDC_3660700,6060016970,3,train
GRDC_3660730,6060016970,3,train
GRDC_3660900,6060016970,3,train
GRDC_3661300,6060016970,3,train
GRDC_3661600,6060016970,3,train
GRDC_3661700,6060016970,3,train
GRDC_3662100,6060016970,3,train
GRDC_3662150,6060016970,3,train
GRDC_3662300,6060016970,3,train
GRDC_3662400,6060016970,3,train
GRDC_3662500,6060016970,3,train
GRDC_3662550,6060016970,3,train
GRDC_3662600,6060016970,3,train
GRDC_3662650,6060016970,3,train
GRDC_3662655,6060016970,3,train
GRDC_3662700,6060016970,3,train
GRDC_3663700,6060016970,3,train
GRDC_3663800,6060016970,3,train
GRDC_3664100,6060016970,3,train
GRDC_3664102,6060016970,3,train
GRDC_3664150,6060016970,3,train
GRDC_3664160,6060016970,3,train
GRDC_3664600,6060016970,3,train
GRDC_3664800,6060016970,3,train
GRDC_3664802,6060016970,3,train
GRDC_3664804,6060016970,3,train
GRDC_3664905,6060016970,3,train
GRDC_3666020,6060016970,3,train
GRDC_3666050,6060016970,3,train
GRDC_3666100,6060016970,3,train
GRDC_3666200,6060016970,3,train
GRDC_3666250,6060016970,3,train
GRDC_3666300,6060016970,3,train
GRDC_3666400,6060016970,3,train
GRDC_3666401,6060016970,3,train
GRDC_3666500,6060016970,3,train
GRDC_3666505,6060016970,3,train
GRDC_3666600,6060016970,3,train
GRDC_3666700,6060016970,3,train
GRDC_3667050,6060016970,3,train
GRDC_3667060,6060016970,3,train
GRDC_3667400,6060016970,3,train
GRDC_3669050,6060016760,1,train
GRDC_3669310,6060016760,1,train
GRDC_3669350,6060016760,1,train
GRDC_3669520,6060016760,1,train
GRDC_3669600,6060016760,1,train
GRDC_3669630,6060016760,1,train
GRDC_3669700,6060016760,1,train
GRDC_3671810,6060015940,1,train
GRDC_4101200,8060007190,1,train
GRDC_4101250,8060007190,1,train
GRDC_4101300,8060008640,0,train
GRDC_4101400,8060008470,2,test
GRDC_4101450,8060008510,2,train
GRDC_4101451,8060008510,2,train
GRDC_4101455,8060008480,1,train
GRDC_4101460,8060008510,2,train
GRDC_4101501,8060008380,3,train
GRDC_4101550,8060008240,0,val
GRDC_4101560,8060008240,0,val
GRDC_4101600,8060008230,4,train
GRDC_4101700,8060008020,0,train
GRDC_4101800,8060007180,1,test
GRDC_4101900,8060007020,2,train
GRDC_4101901,8060007020,2,train
GRDC_4102100,8060004910,3,test
GRDC_4102110,8060004910,3,test
GRDC_4102200,8060004480,4,test
GRDC_4102400,8060005520,2,train
GRDC_4102740,8060004480,4,test
GRDC_4102750,8060004410,3,train
GRDC_4103200,8060005510,1,train
GRDC_4103250,8060005510,1,train
GRDC_4103300,8060005510,1,train
GRDC_4103400,8060005510,1,train
GRDC_4103450,8060005510,1,train
GRDC_4103451,8060005510,1,train
GRDC_4103500,8060005510,1,train
GRDC_4103505,8060005510,1,train
GRDC_4103520,8060005510,1,train
GRDC_4103530,8060005510,1,train
GRDC_4103540,8060005510,1,train
GRDC_4103550,8060005510,1,train
GRDC_4103560,8060005510,1,train
GRDC_4103570,8060005510,1,train
GRDC_4103600,8060005510,1,train
GRDC_4103602,8060005510,1,train
GRDC_4103610,8060005510,1,train
GRDC_4103615,8060005510,1,train
GRDC_4103620,8060005510,1,train
GRDC_4103621,8060005510,1,train
GRDC_4103622,8060005510,1,train
GRDC_4103630,8060005510,1,train
GRDC_4103631,8060005510,1,train
GRDC_4103632,8060005510,1,train
GRDC_4103633,8060005510,1,train
GRDC_4103635,8060005510,1,train
GRDC_4103650,8060005510,1,train
GRDC_4103700,8060005510,1,train
GRDC_4103710,8060005510,1,train
GRDC_4103750,8060005510,1,train
GRDC_4103751,8060005510,1,train
GRDC_4103800,8060005510,1,train
GRDC_4103810,8060005510,1,train
GRDC_4103820,8060005510,1,train
GRDC_4105050,8060000060,1,train
GRDC_4105060,8060000060,1,train
GRDC_4105300,8060002140,0,test
GRDC_4105310,8060002160,4,train
GRDC_4105450,8060002260,3,train
GRDC_4105700,8060000810,4,train
GRDC_4105705,8060000820,1,train
GRDC_4105710,8060000810,4,train
GRDC_4105720,8060000810,4,train
GRDC_4105800,8060002260,3,train
GRDC_4105805,8060002260,3,train
GRDC_4105810,8060002260,3,train
GRDC_4105820,8060002260,3,train
GRDC_4105830,8060002260,3,train
GRDC_4105850,8060001790,3,test
GRDC_4105851,8060001790,3,test
GRDC_4105852,8060001790,3,test
GRDC_4106500,7060020510,0,test
GRDC_4106600,7060020500,0,train
GRDC_4113300,7060022240,2,train
GRDC_4113301,7060022240,2,train
GRDC_4113302,7060022240,2,train
GRDC_4113303,7060022240,2,train
GRDC_4113304,7060022240,2,train
GRDC_4113305,7060022240,2,train
GRDC_4113306,7060022240,2,train
GRDC_4113307,7060022240,2,train
GRDC_4113308,7060022240,2,train
GRDC_4113309,7060022240,2,train
GRDC_4113310,7060022240,2,train
GRDC_4113315,7060022240,2,train
GRDC_4113320,7060022240,2,train
GRDC_4113321,7060022240,2,train
GRDC_4113330,7060022240,2,train
GRDC_4113340,7060022240,2,train
GRDC_4113350,7060022240,2,train
GRDC_4113351,7060022240,2,train
GRDC_4113355,7060022240,2,train
GRDC_4113360,7060022240,2,train
GRDC_4113361,7060022240,2,train
GRDC_4113362,7060022240,2,train
GRDC_4113363,7060022240,2,train
GRDC_4113364,7060022240,2,train
GRDC_4113365,7060022240,2,train
GRDC_4113400,7060022240,2,train
GRDC_4113401,7060022240,2,train
GRDC_4113402,7060022240,2,train
GRDC_4113404,7060022240,2,train
GRDC_4113405,7060022240,2,train
GRDC_4113406,7060022240,2,train
GRDC_4113409,7060022240,2,train
GRDC_4113410,7060022240,2,train
GRDC_4113420,7060022240,2,train
GRDC_4113500,7060022240,2,train
GRDC_4113600,7060022240,2,train
GRDC_4113900,7060022240,2,train
GRDC_4114615,7060024680,2,train
GRDC_4115080,7060014930,2,val
GRDC_4115081,7060014930,2,val
GRDC_4115082,7060014930,2,val
GRDC_4115100,7060014930,2,val
GRDC_4115101,7060014930,2,val
GRDC_4115102,7060014930,2,val
GRDC_4115105,7060014930,2,val
GRDC_4115106,7060014930,2,val
GRDC_4115200,7060014930,2,val
GRDC_4115201,7060014930,2,val
GRDC_4115202,7060014930,2,val
GRDC_4115203,7060014930,2,val
GRDC_4115204,7060014930,2,val
GRDC_4115205,7060014930,2,val
GRDC_4115206,7060014930,2,val
GRDC_4115210,7060014930,2,val
GRDC_4115211,7060014930,2,val
GRDC_4115220,7060014930,2,val
GRDC_4115221,7060014930,2,val
GRDC_4115222,7060014930,2,val
GRDC_4115223,7060014930,2,val
GRDC_4115224,7060014930,2,val
GRDC_4115225,7060014930,2,val
GRDC_4115226,7060014930,2,val
GRDC_4115230,7060014930,2,val
GRDC_4115231,7060014930,2,val
GRDC_4115235,7060014930,2,val
GRDC_4115236,7060014930,2,val
GRDC_4115240,7060014930,2,val
GRDC_4115241,7060014930,2,val
GRDC_4115250,7060014930,2,val
GRDC_4115260,7060014930,2,val
GRDC_4115261,7060014930,2,val
GRDC_4115262,7060014930,2,val
GRDC_4115270,7060014930,2,val
GRDC_4115280,7060014930,2,val
GRDC_4115281,7060014930,2,val
GRDC_4115282,7060014930,2,val
GRDC_4115290,7060014930,2,val
GRDC_4115300,7060014930,2,val
GRDC_4115301,7060014930,2,val
GRDC_4115305,7060014930,2,val
GRDC_4115310,7060014930,2,val
GRDC_4115311,7060014930,2,val
GRDC_4115320,7060014930,2,val
GRDC_4115321,7060014930,2,val
GRDC_4115322,7060014930,2,val
GRDC_4115330,7060014930,2,val
GRDC_4115331,7060014930,2,val
GRDC_4115332,7060014930,2,val
GRDC_4115333,7060014930,2,val
GRDC_4115340,7060014930,2,val
GRDC_4115344,7060014930,2,val
GRDC_4115345,7060014930,2,val
GRDC_4115346,7060014930,2,val
GRDC_4115347,7060014930,2,val
GRDC_4115348,7060014930,2,val
GRDC_4115349,7060014930,2,val
GRDC_4115350,7060014930,2,val
GRDC_4115351,7060014930,2,val
GRDC_4115400,7060014930,2,val
GRDC_4115401,7060014930,2,val
GRDC_4115402,7060014930,2,val
GRDC_4115403,7060014930,2,val
GRDC_4115410,7060014930,2,val
GRDC_4115450,7060014930,2,val
GRDC_4115451,7060014930,2,val
GRDC_4116150,7060014930,2,val
GRDC_4116170,7060014930,2,val
GRDC_4116180,7060014930,2,val
GRDC_4116181,7060014930,2,val
GRDC_4116182,7060014930,2,val
GRDC_4116183,7060014930,2,val
GRDC_4116184,7060014930,2,val
GRDC_4116185,7060014930,2,val
GRDC_4116186,7060014930,2,val
GRDC_4116187,7060014930,2,val
GRDC_4116188,7060014930,2,val
GRDC_4116189,7060014930,2,val
GRDC_4116190,7060014930,2,val
GRDC_4116191,7060014930,2,val
GRDC_4116192,7060014930,2,val
GRDC_4116193,7060014930,2,val
GRDC_4116200,7060014930,2,val
GRDC_4116201,7060014930,2,val
GRDC_4116300,7060014930,2,val
GRDC_4116301,7060014930,2,val
GRDC_4116302,7060014930,2,val
GRDC_4116310,7060014930,2,val
GRDC_4116311,7060014930,2,val
GRDC_4116320,7060014930,2,val
GRDC_4116325,7060014930,2,val
GRDC_4116330,7060014930,2,val
GRDC_4116331,7060014930,2,val
GRDC_4116332,7060014930,2,val
GRDC_4116333,7060014930,2,val
GRDC_4116335,7060014930,2,val
GRDC_4116340,7060014930,2,val
GRDC_4116350,7060014930,2,val
GRDC_4116351,7060014930,2,val
GRDC_4116360,7060014930,2,val
GRDC_4116370,7060014930,2,val
GRDC_4116400,7060014930,2,val
GRDC_4116401,7060014930,2,val
GRDC_4116402,7060014930,2,val
GRDC_4116405,7060014930,2,val
GRDC_4116406,7060014930,2,val
GRDC_4116407,7060014930,2,val
GRDC_4116450,7060014930,2,val
GRDC_4116451,7060014930,2,val
GRDC_4116452,7060014930,2,val
GRDC_4116460,7060014930,2,val
GRDC_4116461,7060014930,2,val
GRDC_4116470,7060014930,2,val
GRDC_4116471,7060014930,2,val
GRDC_4116480,7060014930,2,val
GRDC_4116481,7060014930,2,val
GRDC_4118100,7060073630,4,train
GRDC_4118105,7060073630,4,train
GRDC_4118110,7060073830,2,train
GRDC_4118200,7060074330,0,train
GRDC_4118220,7060074330,0,train
GRDC_4118300,7060008710,0,train
GRDC_4118310,7060008710,0,train
GRDC_4118315,7060008710,0,train
GRDC_4118320,7060073690,4,train
GRDC_4118400,7060073780,1,train
GRDC_4118410,7060073630,4,train
GRDC_4118420,7060073780,1,train
GRDC_4118440,7060073630,4,train
GRDC_4118450,7060073720,3,val
GRDC_4118800,7060073650,2,train
GRDC_4118850,7060073650,2,train
GRDC_4118900,7060073620,0,train
GRDC_4119050,7060047060,0,train
GRDC_4119070,7060047060,0,train
GRDC_4119080,7060047060,0,train
GRDC_4119090,7060047060,0,train
GRDC_4119100,7060047060,0,train
GRDC_4119101,7060047060,0,train
GRDC_4119150,7060047060,0,train
GRDC_4119170,7060047060,0,train
GRDC_4119200,7060047060,0,train
GRDC_4119201,7060047060,0,train
GRDC_4119210,7060047060,0,train
GRDC_4119220,7060047060,0,train
GRDC_4119230,7060047060,0,train
GRDC_4119250,7060047060,0,train
GRDC_4119251,7060047060,0,train
GRDC_4119252,7060047060,0,train
GRDC_4119260,7060047060,0,train
GRDC_4119261,7060047060,0,train
GRDC_4119262,7060047060,0,train
GRDC_4119263,7060047060,0,train
GRDC_4119264,7060047060,0,train
GRDC_4119265,7060047060,0,train
GRDC_4119270,7060047060,0,train
GRDC_4119271,7060047060,0,train
GRDC_4119280,7060047060,0,train
GRDC_4119281,7060047060,0,train
GRDC_4119282,7060047060,0,train
GRDC_4119283,7060047060,0,train
GRDC_4119285,7060047060,0,train
GRDC_4119286,7060047060,0,train
GRDC_4119288,7060047060,0,train
GRDC_4119290,7060047060,0,train
GRDC_4119295,7060047060,0,train
GRDC_4119300,7060047060,0,train
GRDC_4119310,7060047060,0,train
GRDC_4119311,7060047060,0,train
GRDC_4119312,7060047060,0,train
GRDC_4119313,7060047060,0,train
GRDC_4119315,7060047060,0,train
GRDC_4119317,7060047060,0,train
GRDC_4119318,7060047060,0,train
GRDC_4119321,7060047060,0,train
GRDC_4119322,7060047060,0,train
GRDC_4119325,7060047060,0,train
GRDC_4119327,7060047060,0,train
GRDC_4119400,7060047060,0,train
GRDC_4119401,7060047060,0,train
GRDC_4119410,7060047060,0,train
GRDC_4119430,7060047060,0,train
GRDC_4119431,7060047060,0,train
GRDC_4119440,7060047060,0,train
GRDC_4119441,7060047060,0,train
GRDC_4119442,7060047060,0,train
GRDC_4119445,7060047060,0,train
GRDC_4119447,7060047060,0,train
GRDC_4119450,7060047060,0,train
GRDC_4119451,7060047060,0,train
GRDC_4119452,7060047060,0,train
GRDC_4119453,7060047060,0,train
GRDC_4119454,7060047060,0,train
GRDC_4119460,7060047060,0,train
GRDC_4119461,7060047060,0,train
GRDC_4119500,7060047060,0,train
GRDC_4119510,7060047060,0,train
GRDC_4119600,7060047060,0,train
GRDC_4119650,7060047060,0,train
GRDC_4119800,7060047060,0,train
GRDC_4120100,7060047060,0,train
GRDC_4120110,7060047060,0,train
GRDC_4120111,7060047060,0,train
GRDC_4120112,7060047060,0,train
GRDC_4120120,7060047060,0,train
GRDC_4120121,7060047060,0,train
GRDC_4120125,7060047060,0,train
GRDC_4120200,7060047060,0,train
GRDC_4120201,7060047060,0,train
GRDC_4120202,7060047060,0,train
GRDC_4120210,7060047060,0,train
GRDC_4120220,7060047060,0,train
GRDC_4120300,7060047060,0,train
GRDC_4120301,7060047060,0,train
GRDC_4120310,7060047060,0,train
GRDC_4120311,7060047060,0,train
GRDC_4120320,7060047060,0,train
GRDC_4120321,7060047060,0,train
GRDC_4120322,7060047060,0,train
GRDC_4120330,7060047060,0,train
GRDC_4120331,7060047060,0,train
GRDC_4120800,7060047060,0,train
GRDC_4120900,7060047060,0,train
GRDC_4120902,7060047060,0,train
GRDC_4120903,7060047060,0,train
GRDC_4120950,7060047060,0,train
GRDC_4120951,7060047060,0,train
GRDC_4120952,7060047060,0,train
GRDC_4120953,7060047060,0,train
GRDC_4120955,7060047060,0,train
GRDC_4120956,7060047060,0,train
GRDC_4120960,7060047060,0,train
GRDC_4121100,7060047060,0,train
GRDC_4121101,7060047060,0,train
GRDC_4121102,7060047060,0,train
GRDC_4121110,7060047060,0,train
GRDC_4121111,7060047060,0,train
GRDC_4121120,7060047060,0,train
GRDC_4121121,7060047060,0,train
GRDC_4121125,7060047060,0,train
GRDC_4121126,7060047060,0,train
GRDC_4121130,7060047060,0,train
GRDC_4121131,7060047060,0,train
GRDC_4121140,7060047060,0,train
GRDC_4121141,7060047060,0,train
GRDC_4121142,7060047060,0,train
GRDC_4121145,7060047060,0,train
GRDC_4121146,7060047060,0,train
GRDC_4121147,7060047060,0,train
GRDC_4121150,7060047060,0,train
GRDC_4121160,7060047060,0,train
GRDC_4121161,7060047060,0,train
GRDC_4121162,7060047060,0,train
GRDC_4121300,7060047060,0,train
GRDC_4121301,7060047060,0,train
GRDC_4121304,7060047060,0,train
GRDC_4121310,7060047060,0,train
GRDC_4121311,7060047060,0,train
GRDC_4121320,7060047060,0,train
GRDC_4121321,7060047060,0,train
GRDC_4121330,7060047060,0,train
GRDC_4121340,7060047060,0,train
GRDC_4121341,7060047060,0,train
GRDC_4121350,7060047060,0,train
GRDC_4121400,7060047060,0,train
GRDC_4121401,7060047060,0,train
GRDC_4121420,7060047060,0,train
GRDC_4121430,7060047060,0,train
GRDC_4121431,7060047060,0,train
GRDC_4121800,7060047060,0,train
GRDC_4121801,7060047060,0,train
GRDC_4121802,7060047060,0,train
GRDC_4122100,7060047060,0,train
GRDC_4122101,7060047060,0,train
GRDC_4122105,7060047060,0,train
GRDC_4122110,7060047060,0,train
GRDC_4122111,7060047060,0,train
GRDC_4122120,7060047060,0,train
GRDC_4122130,7060047060,0,train
GRDC_4122131,7060047060,0,train
GRDC_4122132,7060047060,0,train
GRDC_4122133,7060047060,0,train
GRDC_4122134,7060047060,0,train
GRDC_4122140,7060047060,0,train
GRDC_4122141,7060047060,0,train
GRDC_4122150,7060047060,0,train
GRDC_4122151,7060047060,0,train
GRDC_4122152,7060047060,0,train
GRDC_4122153,7060047060,0,train
GRDC_4122154,7060047060,0,train
GRDC_4122155,7060047060,0,train
GRDC_4122160,7060047060,0,train
GRDC_4122165,7060047060,0,train
GRDC_4122170,7060047060,0,train
GRDC_4122180,7060047060,0,train
GRDC_4122190,7060047060,0,train
GRDC_4122200,7060047060,0,train
GRDC_4122201,7060047060,0,train
GRDC_4122210,7060047060,0,train
GRDC_4122211,7060047060,0,train
GRDC_4122212,7060047060,0,train
GRDC_4122220,7060047060,0,train
GRDC_4122221,7060047060,0,train
GRDC_4122222,7060047060,0,train
GRDC_4122230,7060047060,0,train
GRDC_4122240,7060047060,0,train
GRDC_4122250,7060047060,0,train
GRDC_4122251,7060047060,0,train
GRDC_4122255,7060047060,0,train
GRDC_4122260,7060047060,0,train
GRDC_4122270,7060047060,0,train
GRDC_4122271,7060047060,0,train
GRDC_4122280,7060047060,0,train
GRDC_4122281,7060047060,0,train
GRDC_4122300,7060047060,0,train
GRDC_4122301,7060047060,0,train
GRDC_4122350,7060047060,0,train
GRDC_4122351,7060047060,0,train
GRDC_4122352,7060047060,0,train
GRDC_4122360,7060047060,0,train
GRDC_4122370,7060047060,0,train
GRDC_4122600,7060047060,0,train
GRDC_4122601,7060047060,0,train
GRDC_4122602,7060047060,0,train
GRDC_4122603,7060047060,0,train
GRDC_4122620,7060047060,0,train
GRDC_4122630,7060047060,0,train
GRDC_4122635,7060047060,0,train
GRDC_4122636,7060047060,0,train
GRDC_4122637,7060047060,0,train
GRDC_4122638,7060047060,0,train
GRDC_4122639,7060047060,0,train
GRDC_4122650,7060047060,0,train
GRDC_4122700,7060047060,0,train
GRDC_4122701,7060047060,0,train
GRDC_4122710,7060047060,0,train
GRDC_4122900,7060047060,0,train
GRDC_4122901,7060047060,0,train
GRDC_4122902,7060047060,0,train
GRDC_4122903,7060047060,0,train
GRDC_4123050,7060047060,0,train
GRDC_4123061,7060047060,0,train
GRDC_4123062,7060047060,0,train
GRDC_4123063,7060047060,0,train
GRDC_4123080,7060047060,0,train
GRDC_4123081,7060047060,0,train
GRDC_4123082,7060047060,0,train
GRDC_4123083,7060047060,0,train
GRDC_4123085,7060047060,0,train
GRDC_4123090,7060047060,0,train
GRDC_4123095,7060047060,0,train
GRDC_4123100,7060047060,0,train
GRDC_4123110,7060047060,0,train
GRDC_4123111,7060047060,0,train
GRDC_4123120,7060047060,0,train
GRDC_4123130,7060047060,0,train
GRDC_4123131,7060047060,0,train
GRDC_4123135,7060047060,0,train
GRDC_4123136,7060047060,0,train
GRDC_4123137,7060047060,0,train
GRDC_4123140,7060047060,0,train
GRDC_4123150,7060047060,0,train
GRDC_4123200,7060047060,0,train
GRDC_4123201,7060047060,0,train
GRDC_4123202,7060047060,0,train
GRDC_4123205,7060047060,0,train
GRDC_4123206,7060047060,0,train
GRDC_4123207,7060047060,0,train
GRDC_4123208,7060047060,0,train
GRDC_4123209,7060047060,0,train
GRDC_4123210,7060047060,0,train
GRDC_4123220,7060047060,0,train
GRDC_4123225,7060047060,0,train
GRDC_4123230,7060047060,0,train
GRDC_4123235,7060047060,0,train
GRDC_4123240,7060047060,0,train
GRDC_4123245,7060047060,0,train
GRDC_4123250,7060047060,0,train
GRDC_4123251,7060047060,0,train
GRDC_4123252,7060047060,0,train
GRDC_4123255,7060047060,0,train
GRDC_4123260,7060047060,0,train
GRDC_4123265,7060047060,0,train
GRDC_4123268,7060047060,0,train
GRDC_4123270,7060047060,0,train
GRDC_4123271,7060047060,0,train
GRDC_4123272,7060047060,0,train
GRDC_4123275,7060047060,0,train
GRDC_4123277,7060047060,0,train
GRDC_4123278,7060047060,0,train
GRDC_4123280,7060047060,0,train
GRDC_4123290,7060047060,0,train
GRDC_4123300,7060047060,0,train
GRDC_4123301,7060047060,0,train
GRDC_4123310,7060047060,0,train
GRDC_4123320,7060047060,0,train
GRDC_4123330,7060047060,0,train
GRDC_4123331,7060047060,0,train
GRDC_4123335,7060047060,0,train
GRDC_4123337,7060047060,0,train
GRDC_4123340,7060047060,0,train
GRDC_4123341,7060047060,0,train
GRDC_4123345,7060047060,0,train
GRDC_4123347,7060047060,0,train
GRDC_4123350,7060047060,0,train
GRDC_4123351,7060047060,0,train
GRDC_4123352,7060047060,0,train
GRDC_4123355,7060047060,0,train
GRDC_4123357,7060047060,0,train
GRDC_4123360,7060047060,0,train
GRDC_4123365,7060047060,0,train
GRDC_4123370,7060047060,0,train
GRDC_4123375,7060047060,0,train
GRDC_4123380,7060047060,0,train
GRDC_4123381,7060047060,0,train
GRDC_4123382,7060047060,0,train
GRDC_4123385,7060047060,0,train
GRDC_4123400,7060047060,0,train
GRDC_4123510,7060047060,0,train
GRDC_4123550,7060047060,0,train
GRDC_4123810,7060047060,0,train
GRDC_4123811,7060047060,0,train
GRDC_4123850,7060047060,0,train
GRDC_4125010,7060047060,0,train
GRDC_4125020,7060047060,0,train
GRDC_4125025,7060047060,0,train
GRDC_4125026,7060047060,0,train
GRDC_4125027,7060047060,0,train
GRDC_4125028,7060047060,0,train
GRDC_4125050,7060047060,0,train
GRDC_4125055,7060047060,0,train
GRDC_4125060,7060047060,0,train
GRDC_4125061,7060047060,0,train
GRDC_4125062,7060047060,0,train
GRDC_4125063,7060047060,0,train
GRDC_4125064,7060047060,0,train
GRDC_4125065,7060047060,0,train
GRDC_4125070,7060047060,0,train
GRDC_4125075,7060047060,0,train
GRDC_4125080,7060047060,0,train
GRDC_4125100,7060047060,0,train
GRDC_4125110,7060047060,0,train
GRDC_4125200,7060047060,0,train
GRDC_4125205,7060047060,0,train
GRDC_4125210,7060047060,0,train
GRDC_4125500,7060047060,0,train
GRDC_4125550,7060047060,0,train
GRDC_4125551,7060047060,0,train
GRDC_4125552,7060047060,0,train
GRDC_4125555,7060047060,0,train
GRDC_4125560,7060047060,0,train
GRDC_4125561,7060047060,0,train
GRDC_4125565,7060047060,0,train
GRDC_4125570,7060047060,0,train
GRDC_4125580,7060047060,0,train
GRDC_4125800,7060047060,0,train
GRDC_4125801,7060047060,0,train
GRDC_4125802,7060047060,0,train
GRDC_4125803,7060047060,0,train
GRDC_4125804,7060047060,0,train
GRDC_4125810,7060047060,0,train
GRDC_4125900,7060047060,0,train
GRDC_4125901,7060047060,0,train
GRDC_4125902,7060047060,0,train
GRDC_4125903,7060047060,0,train
GRDC_4125904,7060047060,0,train
GRDC_4125910,7060047060,0,train
GRDC_4125911,7060047060,0,train
GRDC_4125915,7060047060,0,train
GRDC_4125917,7060047060,0,train
GRDC_4125918,7060047060,0,train
GRDC_4125920,7060047060,0,train
GRDC_4125925,7060047060,0,train
GRDC_4125930,7060047060,0,train
GRDC_4125940,7060047060,0,train
GRDC_4125941,7060047060,0,train
GRDC_4125942,7060047060,0,train
GRDC_4125943,7060047060,0,train
GRDC_4125944,7060047060,0,train
GRDC_4125950,7060047060,0,train
GRDC_4126100,7060047060,0,train
GRDC_4126150,7060047060,0,train
GRDC_4126300,7060047060,0,train
GRDC_4126301,7060047060,0,train
GRDC_4126350,7060047060,0,train
GRDC_4126351,7060047060,0,train
GRDC_4126352,7060047060,0,train
GRDC_4126700,7060047060,0,train
GRDC_4126701,7060047060,0,train
GRDC_4126702,7060047060,0,train
GRDC_4126750,7060047060,0,train
GRDC_4126800,7060047060,0,train
GRDC_4126801,7060047060,0,train
GRDC_4126802,7060047060,0,train
GRDC_4126803,7060047060,0,train
GRDC_4126804,7060047060,0,train
GRDC_4126805,7060047060,0,train
GRDC_4126806,7060047060,0,train
GRDC_4126810,7060047060,0,train
GRDC_4126815,7060047060,0,train
GRDC_4126850,7060047060,0,train
GRDC_4126851,7060047060,0,train
GRDC_4127100,7060047060,0,train
GRDC_4127150,7060047060,0,train
GRDC_4127200,7060047060,0,train
GRDC_4127201,7060047060,0,train
GRDC_4127202,7060047060,0,train
GRDC_4127310,7060047060,0,train
GRDC_4127400,7060047060,0,train
GRDC_4127500,7060047060,0,train
GRDC_4127501,7060047060,0,train
GRDC_4127502,7060047060,0,train
GRDC_4127503,7060047060,0,train
GRDC_4127600,7060047060,0,train
GRDC_4127610,7060047060,0,train
GRDC_4127700,7060047060,0,train
GRDC_4127701,7060047060,0,train
GRDC_4127800,7060047060,0,train
GRDC_4127910,7060047060,0,train
GRDC_4127920,7060047060,0,train
GRDC_4127930,7060047060,0,train
GRDC_4131030,7060038320,0,train
GRDC_4131031,7060038320,0,train
GRDC_4132010,7060034520,4,train
GRDC_4132100,7060034520,4,train
GRDC_4132200,7060034520,4,train
GRDC_4132300,7060034520,4,train
GRDC_4132800,7060034520,4,train
GRDC_4132900,7060034520,4,train
GRDC_4133100,7060034520,4,train
GRDC_4133200,7060034520,4,train
GRDC_4133250,7060034520,4,train
GRDC_4133260,7060034520,4,train
GRDC_4133300,7060034520,4,train
GRDC_4133400,7060034520,4,train
GRDC_4133401,7060034520,4,train
GRDC_4133450,7060034520,4,train
GRDC_4133500,7060034520,4,train
GRDC_4133501,7060034520,4,train
GRDC_4133550,7060034520,4,train
GRDC_4133650,7060034520,4,train
GRDC_4133651,7060034520,4,train
GRDC_4133652,7060034520,4,train
GRDC_4133700,7060034520,4,train
GRDC_4133701,7060034520,4,train
GRDC_4133750,7060034520,4,train
GRDC_4133751,7060034520,4,train
GRDC_4133800,7060034520,4,train
GRDC_4133801,7060034520,4,train
GRDC_4134300,7060034520,4,train
GRDC_4134350,7060034520,4,train
GRDC_4134400,7060034520,4,train
GRDC_4134500,7060034520,4,train
GRDC_4134501,7060034520,4,train
GRDC_4134600,7060034520,4,train
GRDC_4134700,7060034520,4,train
GRDC_4134800,7060034520,4,train
GRDC_4135100,7060034520,4,train
GRDC_4135200,7060034520,4,train
GRDC_4135201,7060034520,4,train
GRDC_4135205,7060034520,4,train
GRDC_4135210,7060034520,4,train
GRDC_4135215,7060034520,4,train
GRDC_4135300,7060034520,4,train
GRDC_4135400,7060034520,4,train
GRDC_4135500,7060034520,4,train
GRDC_4135800,7060034520,4,train
GRDC_4136300,7060034520,4,train
GRDC_4136301,7060034520,4,train
GRDC_4136400,7060034520,4,train
GRDC_4136411,7060034520,4,train
GRDC_4136500,7060034520,4,train
GRDC_4143310,7060034520,4,train
GRDC_4143500,7060034520,4,train
GRDC_4143550,7060034520,4,train
GRDC_4143710,7060034520,4,train
GRDC_4143750,7060034520,4,train
GRDC_4143770,7060034520,4,train
GRDC_4143790,7060034520,4,train
GRDC_4146050,7060016100,1,train
GRDC_4146080,7060016090,4,train
GRDC_4146081,7060016090,4,train
GRDC_4146082,7060016090,4,train
GRDC_4146083,7060016090,4,train
GRDC_4146085,7060016090,4,train
GRDC_4146100,7060014210,4,train
GRDC_4146110,7060014200,0,train
GRDC_4146111,7060014200,0,train
GRDC_4146112,7060014200,0,train
GRDC_4146115,7060014200,0,train
GRDC_4146120,7060014050,0,train
GRDC_4146130,7060014200,0,train
GRDC_4146140,7060014200,0,train
GRDC_4146141,7060014200,0,train
GRDC_4146145,7060014200,0,train
GRDC_4146150,7060015090,1,val
GRDC_4146155,7060015100,0,train
GRDC_4146160,7060015090,1,val
GRDC_4146161,7060015090,1,val
GRDC_4146165,7060015100,0,train
GRDC_4146170,7060015100,0,train
GRDC_4146175,7060015100,0,train
GRDC_4146180,7060014040,1,train
GRDC_4146185,7060015100,0,train
GRDC_4146190,7060016000,4,val
GRDC_4146195,7060015900,2,test
GRDC_4146200,7060014040,1,train
GRDC_4146210,7060013560,2,train
GRDC_4146220,7060016000,4,val
GRDC_4146230,7060013560,2,train
GRDC_4146250,7060013550,1,train
GRDC_4146270,7060013550,1,train
GRDC_4146280,7060013550,1,train
GRDC_4146281,7060013550,1,train
GRDC_4146300,7060013550,1,train
GRDC_4146310,7060013180,4,train
GRDC_4146320,7060013170,3,val
GRDC_4146330,7060013180,4,train
GRDC_4146340,7060013180,4,train
GRDC_4146350,7060013180,4,train
GRDC_4146360,7060013550,1,train
GRDC_4146370,7060016090,4,train
GRDC_4146380,7060013550,1,train
GRDC_4146390,7060015100,0,train
GRDC_4146400,7060013170,3,val
GRDC_4146401,7060015100,0,train
GRDC_4146410,7060012950,4,train
GRDC_4146610,7060012950,4,train
GRDC_4146630,7060012600,2,test
GRDC_4146650,7060014520,3,train
GRDC_4146670,7060014340,0,train
GRDC_4146700,7060012600,2,test
GRDC_4146710,7060012600,2,test
GRDC_4146900,7060012280,0,val
GRDC_4146901,7060014340,0,train
GRDC_4146910,7060012280,0,val
GRDC_4146920,7060012280,0,val
GRDC_4146950,7060012280,0,val
GRDC_4147010,7060038810,2,train
GRDC_4147011,7060038810,2,train
GRDC_4147030,7060038320,0,train
GRDC_4147031,7060038320,0,train
GRDC_4147050,7060038980,1,train
GRDC_4147051,7060038980,1,train
GRDC_4147060,7060038340,4,val
GRDC_4147061,7060038340,4,val
GRDC_4147110,7060038980,1,train
GRDC_4147111,7060038980,1,train
GRDC_4147210,7060039060,2,train
GRDC_4147310,7060039070,1,train
GRDC_4147320,7060041900,0,val
GRDC_4147330,7060041900,0,val
GRDC_4147340,7060041920,2,train
GRDC_4147360,7060038340,4,val
GRDC_4147380,7060039160,3,train
GRDC_4147381,7060039160,3,train
GRDC_4147382,7060039160,3,train
GRDC_4147410,7060039170,2,train
GRDC_4147440,7060039170,2,train
GRDC_4147450,7060039170,2,train
GRDC_4147460,7060039620,0,val
GRDC_4147461,7060039620,0,val
GRDC_4147462,7060039620,0,val
GRDC_4147463,7060039620,0,val
GRDC_4147465,7060039620,0,val
GRDC_4147470,7060039620,0,val
GRDC_4147475,7060039620,0,val
GRDC_4147480,7060039620,0,val
GRDC_4147490,7060039630,1,train
GRDC_4147491,7060039630,1,train
GRDC_4147500,7060039870,1,train
GRDC_4147501,7060039870,1,train
GRDC_4147502,7060039870,1,train
GRDC_4147505,7060039870,1,train
GRDC_4147510,7060039870,1,train
GRDC_4147540,7060039920,0,train
GRDC_4147600,7060040360,4,train
GRDC_4147601,7060040360,4,train
GRDC_4147605,7060040360,4,train
GRDC_4147606,7060040360,4,train
GRDC_4147650,7060040360,4,train
GRDC_4147651,7060040360,4,train
GRDC_4147700,7060041050,1,train
GRDC_4147701,7060041050,1,train
GRDC_4147702,7060041050,1,train
GRDC_4147703,7060041050,1,train
GRDC_4147704,7060041050,1,train
GRDC_4147710,7060041050,1,train
GRDC_4147715,7060041050,1,train
GRDC_4147720,7060041050,1,train
GRDC_4147721,7060041050,1,train
GRDC_4147725,7060041050,1,train
GRDC_4147726,7060041050,1,train
GRDC_4147810,7060040800,4,val
GRDC_4147900,7060041400,3,val
GRDC_4147901,7060041400,3,val
GRDC_4147902,7060041400,3,val
GRDC_4147903,7060041400,3,val
GRDC_4147904,7060041400,3,val
GRDC_4147905,7060041400,3,val
GRDC_4147907,7060041400,3,val
GRDC_4147950,7060041650,3,val
GRDC_4148070,7060042240,1,train
GRDC_4148090,7060042310,1,train
GRDC_4148091,7060042310,1,train
GRDC_4148092,7060042310,1,train
GRDC_4148110,7060042320,0,val
GRDC_4148120,7060042740,0,val
GRDC_4148121,7060042740,0,val
GRDC_4148122,7060042740,0,val
GRDC_4148125,7060042740,0,val
GRDC_4148210,7060042940,4,train
GRDC_4148230,7060042940,4,train
GRDC_4148231,7060042940,4,train
GRDC_4148232,7060042940,4,train
GRDC_4148300,7060043090,3,train
GRDC_4148310,7060043090,3,train
GRDC_4148321,7060043090,3,train
GRDC_4148325,7060043090,3,train
GRDC_4148410,7060043160,2,train
GRDC_4148530,7060043160,2,train
GRDC_4148535,7060043160,2,train
GRDC_4148540,7060043160,2,train
GRDC_4148541,7060043160,2,train
GRDC_4148545,7060043160,2,train
GRDC_4148546,7060043160,2,train
GRDC_4148570,7060043170,4,val
GRDC_4148610,7060043510,3,train
GRDC_4148650,7060043500,4,train
GRDC_4148655,7060043500,4,train
GRDC_4148720,7060043640,2,train
GRDC_4148750,7060043650,1,train
GRDC_4148855,7060043860,0,train
GRDC_4149110,7060046870,2,train
GRDC_4149120,7060046870,2,train
GRDC_4149121,7060046870,2,train
GRDC_4149122,7060046870,2,train
GRDC_4149123,7060046870,2,train
GRDC_4149300,7060046600,0,test
GRDC_4149301,7060046600,0,test
GRDC_4149310,7060046590,2,test
GRDC_4149350,7060046600,0,test
GRDC_4149355,7060046600,0,test
GRDC_4149360,7060046600,0,test
GRDC_4149400,7060046590,2,test
GRDC_4149401,7060046590,2,test
GRDC_4149405,7060046590,2,test
GRDC_4149410,7060046590,2,test
GRDC_4149411,7060046590,2,test
GRDC_4149412,7060046590,2,test
GRDC_4149413,7060046590,2,test
GRDC_4149415,7060046590,2,test
GRDC_4149420,7060046390,4,val
GRDC_4149421,7060046390,4,val
GRDC_4149430,7060046590,2,test
GRDC_4149440,7060046590,2,test
GRDC_4149441,7060046590,2,test
GRDC_4149510,7060046320,2,train
GRDC_4149610,7060045890,4,train
GRDC_4149630,7060045890,4,train
GRDC_4149631,7060045890,4,train
GRDC_4149632,7060045890,4,train
GRDC_4149670,7060045890,4,train
GRDC_4149680,7060045890,4,train
GRDC_4149681,7060045890,4,train
GRDC_4149682,7060045890,4,train
GRDC_4149690,7060046130,0,test
GRDC_4149691,7060046130,0,test
GRDC_4149710,7060045490,1,train
GRDC_4149711,7060045490,1,train
GRDC_4149780,7060045480,0,train
GRDC_4149781,7060045480,0,train
GRDC_4149810,7060045480,0,train
GRDC_4149850,7060045410,2,train
GRDC_4149851,7060045410,2,train
GRDC_4149910,7060044870,3,train
GRDC_4149940,7060046900,4,train
GRDC_4149941,7060046900,4,train
GRDC_4149950,7060044860,4,train
GRDC_4149955,7060044770,3,train
GRDC_4149960,7060044770,3,train
GRDC_4149965,7060046900,4,train
GRDC_4150250,7060048300,1,train
GRDC_4150280,7060048860,1,train
GRDC_4150281,7060048860,1,train
GRDC_4150282,7060048860,1,train
GRDC_4150283,7060048860,1,train
GRDC_4150300,7060048620,1,train
GRDC_4150310,7060048620,1,train
GRDC_4150311,7060048620,1,train
GRDC_4150315,7060048620,1,train
GRDC_4150320,7060048620,1,train
GRDC_4150330,7060048620,1,train
GRDC_4150331,7060048620,1,train
GRDC_4150400,7060048300,1,train
GRDC_4150410,7060048480,3,train
GRDC_4150450,7060048410,3,train
GRDC_4150451,7060048410,3,train
GRDC_4150452,7060048410,3,train
GRDC_4150460,7060048410,3,train
GRDC_4150461,7060048410,3,train
GRDC_4150462,7060048410,3,train
GRDC_4150465,7060048410,3,train
GRDC_4150470,7060048410,3,train
GRDC_4150471,7060048410,3,train
GRDC_4150475,7060048410,3,train
GRDC_4150500,7060048300,1,train
GRDC_4150501,7060048300,1,train
GRDC_4150502,7060048300,1,train
GRDC_4150503,7060048300,1,train
GRDC_4150505,7060048300,1,train
GRDC_4150507,7060048300,1,train
GRDC_4150509,7060048300,1,train
GRDC_4150510,7060048300,1,train
GRDC_4150515,7060048300,1,train
GRDC_4150585,7060048860,1,train
GRDC_4150600,7060047970,3,val
GRDC_4150601,7060047970,3,val
GRDC_4150605,7060047970,3,val
GRDC_4150670,7060047980,4,test
GRDC_4150680,7060047850,2,train
GRDC_4150681,7060047850,2,train
GRDC_4150682,7060047850,2,train
GRDC_4150700,7060047850,2,train
GRDC_4150800,7060047800,0,train
GRDC_4150850,7060047770,1,train
GRDC_4151300,7060049270,1,train
GRDC_4151400,7060049270,1,train
GRDC_4151410,7060049270,1,train
GRDC_4151420,7060049270,1,train
GRDC_4151421,7060049270,1,train
GRDC_4151511,7060049270,1,train
GRDC_4151512,7060049270,1,train
GRDC_4151513,7060049270,1,train
GRDC_4151514,7060049270,1,train
GRDC_4151515,7060049270,1,train
GRDC_4151600,7060049270,1,train
GRDC_4151610,7060049270,1,train
GRDC_4151620,7060049270,1,train
GRDC_4151650,7060049270,1,train
GRDC_4151651,7060049270,1,train
GRDC_4151801,7060049270,1,train
GRDC_4151802,7060049270,1,train
GRDC_4151803,7060049270,1,train
GRDC_4151804,7060049270,1,train
GRDC_4151805,7060049270,1,train
GRDC_4152050,7060008710,0,train
GRDC_4152100,7060008710,0,train
GRDC_4152101,7060008710,0,train
GRDC_4152103,7060008710,0,train
GRDC_4152110,7060008710,0,train
GRDC_4152120,7060008710,0,train
GRDC_4152200,7060008710,0,train
GRDC_4152201,7060008710,0,train
GRDC_4152202,7060008710,0,train
GRDC_4152300,7060008710,0,train
GRDC_4152301,7060008710,0,train
GRDC_4152400,7060008710,0,train
GRDC_4152450,7060008710,0,train
GRDC_4152460,7060008710,0,train
GRDC_4152465,7060008710,0,train
GRDC_4152466,7060008710,0,train
GRDC_4152467,7060008710,0,train
GRDC_4152470,7060008710,0,train
GRDC_4152500,7060008710,0,train
GRDC_4152550,7060008710,0,train
GRDC_4152551,7060008710,0,train
GRDC_4152552,7060008710,0,train
GRDC_4152553,7060008710,0,train
GRDC_4152560,7060008710,0,train
GRDC_4152570,7060008710,0,train
GRDC_4152580,7060008710,0,train
GRDC_4152590,7060008710,0,train
GRDC_4152600,7060008710,0,train
GRDC_4152601,7060008710,0,train
GRDC_4152602,7060008710,0,train
GRDC_4152610,7060008710,0,train
GRDC_4152620,7060008710,0,train
GRDC_4152650,7060008710,0,train
GRDC_4152651,7060008710,0,train
GRDC_4152652,7060008710,0,train
GRDC_4152660,7060008710,0,train
GRDC_4152700,7060008710,0,train
GRDC_4152701,7060008710,0,train
GRDC_4152800,7060008710,0,train
GRDC_4152900,7060008710,0,train
GRDC_4185050,7060072800,1,train
GRDC_4185051,7060072800,1,train
GRDC_4185052,7060072800,1,train
GRDC_4185053,7060072800,1,train
GRDC_4185100,7060072800,1,train
GRDC_4185101,7060072800,1,train
GRDC_4185150,7060072800,1,train
GRDC_4185151,7060072800,1,train
GRDC_4185152,7060072800,1,train
GRDC_4185200,7060072800,1,train
GRDC_4185201,7060072800,1,train
GRDC_4185250,7060072800,1,train
GRDC_4185251,7060072800,1,train
GRDC_4185252,7060072800,1,train
GRDC_4185300,7060072800,1,train
GRDC_4185301,7060072800,1,train
GRDC_4185350,7060072800,1,train
GRDC_4185400,7060072800,1,train
GRDC_4185450,7060072800,1,train
GRDC_4185500,7060072800,1,train
GRDC_4185550,7060072800,1,train
GRDC_4185600,7060072800,1,train
GRDC_4185650,7060072800,1,train
GRDC_4185700,7060072800,1,train
GRDC_4201010,8060009130,4,train
GRDC_4201050,8060009240,3,val
GRDC_4203050,8060005510,1,train
GRDC_4203051,8060005510,1,train
GRDC_4203060,8060005510,1,train
GRDC_4203070,8060005510,1,train
GRDC_4203080,8060005510,1,train
GRDC_4203150,8060005510,1,train
GRDC_4203151,8060005510,1,train
GRDC_4203152,8060005510,1,train
GRDC_4203160,8060005510,1,train
GRDC_4203165,8060005510,1,train
GRDC_4203200,8060005510,1,train
GRDC_4203201,8060005510,1,train
GRDC_4203202,8060005510,1,train
GRDC_4203210,8060005510,1,train
GRDC_4203215,8060005510,1,train
GRDC_4203217,8060005510,1,train
GRDC_4203220,8060005510,1,train
GRDC_4203250,8060005510,1,train
GRDC_4203300,8060005510,1,train
GRDC_4203310,8060005510,1,train
GRDC_4203320,8060005510,1,train
GRDC_4203330,8060005510,1,train
GRDC_4203335,8060005510,1,train
GRDC_4203340,8060005510,1,train
GRDC_4203400,8060005510,1,train
GRDC_4203410,8060005510,1,train
GRDC_4203420,8060005510,1,train
GRDC_4203425,8060005510,1,train
GRDC_4203500,8060005510,1,train
GRDC_4203501,8060005510,1,train
GRDC_4203502,8060005510,1,train
GRDC_4203503,8060005510,1,train
GRDC_4203505,8060005510,1,train
GRDC_4203510,8060005510,1,train
GRDC_4203520,8060005510,1,train
GRDC_4203530,8060005510,1,train
GRDC_4203535,8060005510,1,train
GRDC_4203700,8060005510,1,train
GRDC_4203740,8060005510,1,train
GRDC_4203745,8060005510,1,train
GRDC_4203750,8060005510,1,train
GRDC_4203755,8060005510,1,train
GRDC_4203760,8060005510,1,train
GRDC_4203770,8060005510,1,train
GRDC_4203780,8060005510,1,train
GRDC_4203785,8060005510,1,train
GRDC_4203790,8060005510,1,train
GRDC_4203800,8060005510,1,train
GRDC_4203810,8060005510,1,train
GRDC_4203820,8060005510,1,train
GRDC_4203850,8060005510,1,train
GRDC_4203855,8060005510,1,train
GRDC_4203857,8060005510,1,train
GRDC_4203860,8060005510,1,train
GRDC_4203870,8060005510,1,train
GRDC_4203900,8060005510,1,train
GRDC_4203901,8060005510,1,train
GRDC_4203910,8060005510,1,train
GRDC_4203911,8060005510,1,train
GRDC_4203915,8060005510,1,train
GRDC_4204010,7060020090,3,train
GRDC_4204050,7060020090,3,train
GRDC_4204100,7060020090,3,train
GRDC_4204500,7060020090,3,train
GRDC_4204900,7060020090,3,train
GRDC_4205100,8060000060,1,train
GRDC_4205110,8060000060,1,train
GRDC_4205120,8060000060,1,train
GRDC_4205130,8060000060,1,train
GRDC_4205140,8060000060,1,train
GRDC_4205200,8060000060,1,train
GRDC_4205210,8060000060,1,train
GRDC_4206600,7060020500,0,train
GRDC_4206601,7060020500,0,train
GRDC_4207050,7060016260,3,train
GRDC_4207100,7060016260,3,train
GRDC_4207130,7060016260,3,train
GRDC_4207150,7060016260,3,train
GRDC_4207160,7060016260,3,train
GRDC_4207180,7060016260,3,train
GRDC_4207190,7060016260,3,train
GRDC_4207200,7060016260,3,train
GRDC_4207220,7060016260,3,train
GRDC_4207250,7060016260,3,train
GRDC_4207300,7060016260,3,train
GRDC_4207305,7060016260,3,train
GRDC_4207310,7060016260,3,train
GRDC_4207320,7060016260,3,train
GRDC_4207321,7060016260,3,train
GRDC_4207330,7060016260,3,train
GRDC_4207350,7060016260,3,train
GRDC_4207380,7060016260,3,train
GRDC_4207390,7060016260,3,train
GRDC_4207600,7060016260,3,train
GRDC_4207650,7060016260,3,train
GRDC_4207710,7060016260,3,train
GRDC_4207750,7060016260,3,train
GRDC_4207770,7060016260,3,train
GRDC_4207800,7060016260,3,train
GRDC_4207810,7060016260,3,train
GRDC_4207820,7060016260,3,train
GRDC_4207830,7060016260,3,train
GRDC_4207850,7060016260,3,train
GRDC_4207860,7060016260,3,train
GRDC_4207880,7060016260,3,train
GRDC_4207900,7060016260,3,train
GRDC_4207910,7060016260,3,train
GRDC_4207950,7060016260,3,train
GRDC_4208005,8060009560,1,val
GRDC_4208022,8060009460,2,val
GRDC_4208025,8060009560,1,val
GRDC_4208030,8060009560,1,val
GRDC_4208040,8060009560,1,val
GRDC_4208041,8060009560,1,val
GRDC_4208042,8060009560,1,val
GRDC_4208043,8060009560,1,val
GRDC_4208044,8060009560,1,val
GRDC_4208050,8060009560,1,val
GRDC_4208051,8060009560,1,val
GRDC_4208060,8060009560,1,val
GRDC_4208065,8060009560,1,val
GRDC_4208070,8060009560,1,val
GRDC_4208072,8060009560,1,val
GRDC_4208073,8060009560,1,val
GRDC_4208090,8060009560,1,val
GRDC_4208093,8060009560,1,val
GRDC_4208094,8060009560,1,val
GRDC_4208095,8060009560,1,val
GRDC_4208096,8060009560,1,val
GRDC_4208100,8060009560,1,val
GRDC_4208105,8060009560,1,val
GRDC_4208110,8060009560,1,val
GRDC_4208120,8060009560,1,val
GRDC_4208125,8060009560,1,val
GRDC_4208126,8060009560,1,val
GRDC_4208130,8060009560,1,val
GRDC_4208132,8060009560,1,val
GRDC_4208133,8060009560,1,val
GRDC_4208135,8060009560,1,val
GRDC_4208140,8060009560,1,val
GRDC_4208141,8060009560,1,val
GRDC_4208145,8060009560,1,val
GRDC_4208147,8060009560,1,val
GRDC_4208150,8060009560,1,val
GRDC_4208155,8060009560,1,val
GRDC_4208156,8060009560,1,val
GRDC_4208157,8060009560,1,val
GRDC_4208158,8060009560,1,val
GRDC_4208159,8060009560,1,val
GRDC_4208160,8060009560,1,val
GRDC_4208165,8060009560,1,val
GRDC_4208167,8060009560,1,val
GRDC_4208168,8060009560,1,val
GRDC_4208169,8060009560,1,val
GRDC_4208170,8060009560,1,val
GRDC_4208175,8060009560,1,val
GRDC_4208180,8060009560,1,val
GRDC_4208181,8060009560,1,val
GRDC_4208190,8060009560,1,val
GRDC_4208195,8060009560,1,val
GRDC_4208200,8060009560,1,val
GRDC_4208210,8060009560,1,val
GRDC_4208220,8060009560,1,val
GRDC_4208221,8060009560,1,val
GRDC_4208225,8060009560,1,val
GRDC_4208226,8060009560,1,val
GRDC_4208227,8060009560,1,val
GRDC_4208230,8060009560,1,val
GRDC_4208235,8060009560,1,val
GRDC_4208236,8060009560,1,val
GRDC_4208237,8060009560,1,val
GRDC_4208240,8060009560,1,val
GRDC_4208245,8060009560,1,val
GRDC_4208247,8060009560,1,val
GRDC_4208250,7060020090,3,train
GRDC_4208251,8060009560,1,val
GRDC_4208252,8060009560,1,val
GRDC_4208255,8060009560,1,val
GRDC_4208256,8060009560,1,val
GRDC_4208258,8060009560,1,val
GRDC_4208260,8060009560,1,val
GRDC_4208265,8060009560,1,val
GRDC_4208267,8060009560,1,val
GRDC_4208270,8060009560,1,val
GRDC_4208271,8060009560,1,val
GRDC_4208272,8060009560,1,val
GRDC_4208274,8060009560,1,val
GRDC_4208275,8060009560,1,val
GRDC_4208280,8060009560,1,val
GRDC_4208282,8060009560,1,val
GRDC_4208283,8060009560,1,val
GRDC_4208285,8060009560,1,val
GRDC_4208287,8060009560,1,val
GRDC_4208288,8060009560,1,val
GRDC_4208289,8060009560,1,val
GRDC_4208290,8060009560,1,val
GRDC_4208295,8060009560,1,val
GRDC_4208297,8060009560,1,val
GRDC_4208298,8060009560,1,val
GRDC_4208300,8060009560,1,val
GRDC_4208305,8060009560,1,val
GRDC_4208307,8060009560,1,val
GRDC_4208308,8060009560,1,val
GRDC_4208309,8060009560,1,val
GRDC_4208310,8060009560,1,val
GRDC_4208311,8060009560,1,val
GRDC_4208315,8060009560,1,val
GRDC_4208316,8060009560,1,val
GRDC_4208317,8060009560,1,val
GRDC_4208320,8060009560,1,val
GRDC_4208325,8060009560,1,val
GRDC_4208326,8060009560,1,val
GRDC_4208330,8060009560,1,val
GRDC_4208333,8060009560,1,val
GRDC_4208335,8060009560,1,val
GRDC_4208338,8060009560,1,val
GRDC_4208340,8060009560,1,val
GRDC_4208345,8060009560,1,val
GRDC_4208346,8060009560,1,val
GRDC_4208347,8060009560,1,val
GRDC_4208350,8060009560,1,val
GRDC_4208353,8060009560,1,val
GRDC_4208356,8060009560,1,val
GRDC_4208357,8060009560,1,val
GRDC_4208358,8060009560,1,val
GRDC_4208360,8060009560,1,val
GRDC_4208365,8060009560,1,val
GRDC_4208366,8060009560,1,val
GRDC_4208370,8060009560,1,val
GRDC_4208371,8060009560,1,val
GRDC_4208372,8060009560,1,val
GRDC_4208376,8060009560,1,val
GRDC_4208378,8060009560,1,val
GRDC_4208379,8060009560,1,val
GRDC_4208380,8060009560,1,val
GRDC_4208383,8060009560,1,val
GRDC_4208385,8060009560,1,val
GRDC_4208386,8060009560,1,val
GRDC_4208389,8060009560,1,val
GRDC_4208395,8060009560,1,val
GRDC_4208397,8060009560,1,val
GRDC_4208399,8060009560,1,val
GRDC_4208400,8060009560,1,val
GRDC_4208410,8060009560,1,val
GRDC_4208415,8060009560,1,val
GRDC_4208420,8060009560,1,val
GRDC_4208421,8060009560,1,val
GRDC_4208422,8060009560,1,val
GRDC_4208425,8060009560,1,val
GRDC_4208426,8060009560,1,val
GRDC_4208427,8060009560,1,val
GRDC_4208431,8060009560,1,val
GRDC_4208433,8060009560,1,val
GRDC_4208440,8060009560,1,val
GRDC_4208441,8060009560,1,val
GRDC_4208445,8060009560,1,val
GRDC_4208446,8060009560,1,val
GRDC_4208447,8060009560,1,val
GRDC_4208448,8060009560,1,val
GRDC_4208450,8060009560,1,val
GRDC_4208451,8060009560,1,val
GRDC_4208452,8060009560,1,val
GRDC_4208453,8060009560,1,val
GRDC_4208455,8060009560,1,val
GRDC_4208456,8060009560,1,val
GRDC_4208457,8060009560,1,val
GRDC_4208458,8060009560,1,val
GRDC_4208460,8060009560,1,val
GRDC_4208461,8060009560,1,val
GRDC_4208462,8060009560,1,val
GRDC_4208465,8060009560,1,val
GRDC_4208467,8060009560,1,val
GRDC_4208468,8060009560,1,val
GRDC_4208469,8060009560,1,val
GRDC_4208470,8060009560,1,val
GRDC_4208471,8060009560,1,val
GRDC_4208472,8060009560,1,val
GRDC_4208475,8060009560,1,val
GRDC_4208477,8060009560,1,val
GRDC_4208480,8060009560,1,val
GRDC_4208485,8060009560,1,val
GRDC_4208487,8060009560,1,val
GRDC_4208490,8060009560,1,val
GRDC_4208491,8060009560,1,val
GRDC_4208492,8060009560,1,val
GRDC_4208495,8060009560,1,val
GRDC_4208500,8060009560,1,val
GRDC_4208501,8060009560,1,val
GRDC_4208505,8060009560,1,val
GRDC_4208507,8060009560,1,val
GRDC_4208510,8060009560,1,val
GRDC_4208515,8060009560,1,val
GRDC_4208516,8060009560,1,val
GRDC_4208520,8060009560,1,val
GRDC_4208527,8060009560,1,val
GRDC_4208528,8060009560,1,val
GRDC_4208529,8060009560,1,val
GRDC_4208530,8060009560,1,val
GRDC_4208534,8060009560,1,val
GRDC_4208536,8060009560,1,val
GRDC_4208540,8060009560,1,val
GRDC_4208541,8060009560,1,val
GRDC_4208544,8060009560,1,val
GRDC_4208545,8060009560,1,val
GRDC_4208546,8060009560,1,val
GRDC_4208547,8060009560,1,val
GRDC_4208548,8060009560,1,val
GRDC_4208549,8060009560,1,val
GRDC_4208550,8060009560,1,val
GRDC_4208555,8060009560,1,val
GRDC_4208558,8060009560,1,val
GRDC_4208560,8060009560,1,val
GRDC_4208561,8060009560,1,val
GRDC_4208562,8060009560,1,val
GRDC_4208565,8060009560,1,val
GRDC_4208567,8060009560,1,val
GRDC_4208570,8060009560,1,val
GRDC_4208571,8060009560,1,val
GRDC_4208575,8060009560,1,val
GRDC_4208578,8060009560,1,val
GRDC_4208580,8060009560,1,val
GRDC_4208583,8060009560,1,val
GRDC_4208584,8060009560,1,val
GRDC_4208585,8060009560,1,val
GRDC_4208588,8060009560,1,val
GRDC_4208590,8060009560,1,val
GRDC_4208591,8060009560,1,val
GRDC_4208592,8060009560,1,val
GRDC_4208595,8060009560,1,val
GRDC_4208596,8060009560,1,val
GRDC_4208610,8060009560,1,val
GRDC_4208620,8060009560,1,val
GRDC_4208621,8060009560,1,val
GRDC_4208622,8060009560,1,val
GRDC_4208623,8060009560,1,val
GRDC_4208624,8060009560,1,val
GRDC_4208625,8060009560,1,val
GRDC_4208626,8060009560,1,val
GRDC_4208627,8060009560,1,val
GRDC_4208628,8060009560,1,val
GRDC_4208629,8060009560,1,val
GRDC_4208630,8060009560,1,val
GRDC_4208635,8060009560,1,val
GRDC_4208637,8060009560,1,val
GRDC_4208638,8060009560,1,val
GRDC_4208640,8060009560,1,val
GRDC_4208641,8060009560,1,val
GRDC_4208645,8060009560,1,val
GRDC_4208647,8060009560,1,val
GRDC_4208648,8060009560,1,val
GRDC_4208649,8060009560,1,val
GRDC_4208650,8060009560,1,val
GRDC_4208655,8060009560,1,val
GRDC_4208657,8060009560,1,val
GRDC_4208658,8060009560,1,val
GRDC_4208660,8060009560,1,val
GRDC_4208661,8060009560,1,val
GRDC_4208662,8060009560,1,val
GRDC_4208663,8060009560,1,val
GRDC_4208664,8060009560,1,val
GRDC_4208665,8060009560,1,val
GRDC_4208666,8060009560,1,val
GRDC_4208673,8060009560,1,val
GRDC_4208675,8060009560,1,val
GRDC_4208676,8060009560,1,val
GRDC_4208680,8060009560,1,val
GRDC_4208681,8060009560,1,val
GRDC_4208682,8060009560,1,val
GRDC_4208683,8060009560,1,val
GRDC_4208684,8060009560,1,val
GRDC_4208687,8060009560,1,val
GRDC_4208688,8060009560,1,val
GRDC_4208689,8060009560,1,val
GRDC_4208690,8060009560,1,val
GRDC_4208691,8060009560,1,val
GRDC_4208692,8060009560,1,val
GRDC_4208693,8060009560,1,val
GRDC_4208699,8060009560,1,val
GRDC_4208700,8060009560,1,val
GRDC_4208701,8060009560,1,val
GRDC_4208703,8060009560,1,val
GRDC_4208704,8060009560,1,val
GRDC_4208705,8060009560,1,val
GRDC_4208710,8060009560,1,val
GRDC_4208715,8060009560,1,val
GRDC_4208720,8060009560,1,val
GRDC_4208725,8060009560,1,val
GRDC_4208726,8060009560,1,val
GRDC_4208727,8060009560,1,val
GRDC_4208728,8060009560,1,val
GRDC_4208729,8060009560,1,val
GRDC_4208730,8060009560,1,val
GRDC_4208733,8060009560,1,val
GRDC_4208734,8060009560,1,val
GRDC_4208735,8060009560,1,val
GRDC_4208740,8060009560,1,val
GRDC_4208745,8060009560,1,val
GRDC_4208746,8060009560,1,val
GRDC_4208747,8060009560,1,val
GRDC_4208750,8060009560,1,val
GRDC_4208752,8060009560,1,val
GRDC_4208755,8060009560,1,val
GRDC_4208757,8060009560,1,val
GRDC_4208760,8060009560,1,val
GRDC_4208761,8060009560,1,val
GRDC_4208762,8060009560,1,val
GRDC_4208763,8060009560,1,val
GRDC_4208764,8060009560,1,val
GRDC_4208765,8060009560,1,val
GRDC_4208770,8060009560,1,val
GRDC_4208771,8060009560,1,val
GRDC_4208773,8060009560,1,val
GRDC_4208775,8060009560,1,val
GRDC_4208777,8060009560,1,val
GRDC_4208778,8060009560,1,val
GRDC_4208780,8060009560,1,val
GRDC_4208781,8060009560,1,val
GRDC_4208792,8060009560,1,val
GRDC_4208793,8060009560,1,val
GRDC_4208797,8060009560,1,val
GRDC_4208798,8060009560,1,val
GRDC_4208799,8060009560,1,val
GRDC_4208810,8060009560,1,val
GRDC_4208820,8060009560,1,val
GRDC_4208821,8060009560,1,val
GRDC_4208822,8060009560,1,val
GRDC_4208825,8060009560,1,val
GRDC_4208826,8060009560,1,val
GRDC_4208827,8060009560,1,val
GRDC_4208830,8060009560,1,val
GRDC_4208831,8060009560,1,val
GRDC_4208832,8060009560,1,val
GRDC_4208833,8060009560,1,val
GRDC_4208834,8060009560,1,val
GRDC_4208835,8060009560,1,val
GRDC_4208843,8060009560,1,val
GRDC_4208850,8060009560,1,val
GRDC_4208851,8060009560,1,val
GRDC_4208853,8060009560,1,val
GRDC_4208854,8060009560,1,val
GRDC_4208855,8060009560,1,val
GRDC_4208857,8060009560,1,val
GRDC_4208858,8060009560,1,val
GRDC_4208860,8060009560,1,val
GRDC_4208861,8060009560,1,val
GRDC_4208862,8060009560,1,val
GRDC_4208863,8060009560,1,val
GRDC_4208864,8060009560,1,val
GRDC_4208865,8060009560,1,val
GRDC_4208867,8060009560,1,val
GRDC_4208868,8060009560,1,val
GRDC_4208870,8060009560,1,val
GRDC_4208871,8060009560,1,val
GRDC_4208880,8060009560,1,val
GRDC_4208881,8060009560,1,val
GRDC_4208882,8060009560,1,val
GRDC_4208883,8060009560,1,val
GRDC_4208885,8060009560,1,val
GRDC_4208886,8060009560,1,val
GRDC_4208887,8060009560,1,val
GRDC_4208888,8060009560,1,val
GRDC_4208889,8060009560,1,val
GRDC_4208890,8060009560,1,val
GRDC_4208891,8060009560,1,val
GRDC_4208893,8060009560,1,val
GRDC_4208894,8060009560,1,val
GRDC_4208895,8060009560,1,val
GRDC_4208896,8060009560,1,val
GRDC_4208897,8060009560,1,val
GRDC_4208898,8060009560,1,val
GRDC_4208899,8060009560,1,val
GRDC_4208910,8060009560,1,val
GRDC_4208914,8060009560,1,val
GRDC_4208915,8060009560,1,val
GRDC_4208916,8060009560,1,val
GRDC_4208917,8060009560,1,val
GRDC_4208918,8060009560,1,val
GRDC_4208919,8060009560,1,val
GRDC_4208920,8060009560,1,val
GRDC_4208921,8060009560,1,val
GRDC_4208922,8060009560,1,val
GRDC_4208923,8060009560,1,val
GRDC_4208925,8060009560,1,val
GRDC_4208926,8060009560,1,val
GRDC_4208930,8060009560,1,val
GRDC_4208940,8060009560,1,val
GRDC_4208941,8060009560,1,val
GRDC_4208942,8060009560,1,val
GRDC_4208943,8060009560,1,val
GRDC_4208945,8060009560,1,val
GRDC_4208946,8060009560,1,val
GRDC_4208947,8060009560,1,val
GRDC_4208950,8060009560,1,val
GRDC_4208955,8060009560,1,val
GRDC_4208960,8060009560,1,val
GRDC_4208962,8060009560,1,val
GRDC_4208963,8060009560,1,val
GRDC_4208964,8060009560,1,val
GRDC_4208970,8060009560,1,val
GRDC_4208971,8060009560,1,val
GRDC_4208975,8060009560,1,val
GRDC_4208977,8060009560,1,val
GRDC_4208978,8060009560,1,val
GRDC_4208979,8060009560,1,val
GRDC_4208980,8060009560,1,val
GRDC_4208983,8060009560,1,val
GRDC_4208986,8060009560,1,val
GRDC_4208987,8060009560,1,val
GRDC_4208988,8060009560,1,val
GRDC_4208989,8060009560,1,val
GRDC_4209100,8060009890,3,train
GRDC_4209110,8060009890,3,train
GRDC_4209111,8060009890,3,train
GRDC_4209112,8060009890,3,train
GRDC_4209150,8060010040,1,train
GRDC_4209155,8060010040,1,train
GRDC_4209200,8060010740,1,train
GRDC_4209400,8060009560,1,val
GRDC_4209401,8060011270,2,val
GRDC_4209402,8060011270,2,val
GRDC_4209405,8060011270,2,val
GRDC_4209410,8060011270,2,val
GRDC_4209500,8060011450,0,test
GRDC_4209550,8060011800,4,val
GRDC_4209580,8060011890,3,val
GRDC_4209600,8060012600,2,test
GRDC_4209805,8060013480,1,test
GRDC_4209806,8060013480,1,test
GRDC_4209810,8060013480,1,test
GRDC_4209850,8060013480,1,test
GRDC_4210450,8060023080,2,val
GRDC_4210650,8060024130,1,test
GRDC_4211310,8060048550,0,train
GRDC_4211315,8060048550,0,train
GRDC_4212350,8060034420,0,test
GRDC_4212700,8060039140,4,test
GRDC_4212720,8060036730,4,train
GRDC_4213010,7060022240,2,train
GRDC_4213011,7060022240,2,train
GRDC_4213020,7060022240,2,train
GRDC_4213021,7060022240,2,train
GRDC_4213025,7060022240,2,train
GRDC_4213030,7060022240,2,train
GRDC_4213031,7060022240,2,train
GRDC_4213032,7060022240,2,train
GRDC_4213033,7060022240,2,train
GRDC_4213040,7060022240,2,train
GRDC_4213041,7060022240,2,train
GRDC_4213042,7060022240,2,train
GRDC_4213043,7060022240,2,train
GRDC_4213044,7060022240,2,train
GRDC_4213045,7060022240,2,train
GRDC_4213046,7060022240,2,train
GRDC_4213047,7060022240,2,train
GRDC_4213050,7060022240,2,train
GRDC_4213051,7060022240,2,train
GRDC_4213055,7060022240,2,train
GRDC_4213056,7060022240,2,train
GRDC_4213057,7060022240,2,train
GRDC_4213060,7060022240,2,train
GRDC_4213070,7060022240,2,train
GRDC_4213071,7060022240,2,train
GRDC_4213075,7060022240,2,train
GRDC_4213080,7060022240,2,train
GRDC_4213090,7060022240,2,train
GRDC_4213091,7060022240,2,train
GRDC_4213095,7060022240,2,train
GRDC_4213100,7060022240,2,train
GRDC_4213101,7060022240,2,train
GRDC_4213102,7060022240,2,train
GRDC_4213103,7060022240,2,train
GRDC_4213105,7060022240,2,train
GRDC_4213110,7060022240,2,train
GRDC_4213111,7060022240,2,train
GRDC_4213120,7060022240,2,train
GRDC_4213130,7060022240,2,train
GRDC_4213131,7060022240,2,train
GRDC_4213132,7060022240,2,train
GRDC_4213134,7060022240,2,train
GRDC_4213140,7060022240,2,train
GRDC_4213141,7060022240,2,train
GRDC_4213150,7060022240,2,train
GRDC_4213160,7060022240,2,train
GRDC_4213170,7060022240,2,train
GRDC_4213171,7060022240,2,train
GRDC_4213172,7060022240,2,train
GRDC_4213173,7060022240,2,train
GRDC_4213180,7060022240,2,train
GRDC_4213181,7060022240,2,train
GRDC_4213182,7060022240,2,train
GRDC_4213183,7060022240,2,train
GRDC_4213184,7060022240,2,train
GRDC_4213190,7060022240,2,train
GRDC_4213191,7060022240,2,train
GRDC_4213192,7060022240,2,train
GRDC_4213193,7060022240,2,train
GRDC_4213200,7060022240,2,train
GRDC_4213201,7060022240,2,train
GRDC_4213202,7060022240,2,train
GRDC_4213203,7060022240,2,train
GRDC_4213205,7060022240,2,train
GRDC_4213207,7060022240,2,train
GRDC_4213209,7060022240,2,train
GRDC_4213210,7060022240,2,train
GRDC_4213211,7060022240,2,train
GRDC_4213220,7060022240,2,train
GRDC_4213221,7060022240,2,train
GRDC_4213230,7060022240,2,train
GRDC_4213231,7060022240,2,train
GRDC_4213232,7060022240,2,train
GRDC_4213240,7060022240,2,train
GRDC_4213241,7060022240,2,train
GRDC_4213243,7060022240,2,train
GRDC_4213245,7060022240,2,train
GRDC_4213250,7060022240,2,train
GRDC_4213255,7060022240,2,train
GRDC_4213260,7060022240,2,train
GRDC_4213265,7060022240,2,train
GRDC_4213270,7060022240,2,train
GRDC_4213275,7060022240,2,train
GRDC_4213280,7060022240,2,train
GRDC_4213290,7060022240,2,train
GRDC_4213300,7060022240,2,train
GRDC_4213310,7060022240,2,train
GRDC_4213315,7060022240,2,train
GRDC_4213320,7060022240,2,train
GRDC_4213325,7060022240,2,train
GRDC_4213330,7060022240,2,train
GRDC_4213335,7060022240,2,train
GRDC_4213340,7060022240,2,train
GRDC_4213341,7060022240,2,train
GRDC_4213345,7060022240,2,train
GRDC_4213350,7060047060,0,train
GRDC_4213353,7060047060,0,train
GRDC_4213355,7060022240,2,train
GRDC_4213360,7060047060,0,train
GRDC_4213365,7060022240,2,train
GRDC_4213370,7060047060,0,train
GRDC_4213373,7060047060,0,train
GRDC_4213375,7060022240,2,train
GRDC_4213377,7060022240,2,train
GRDC_4213380,7060022240,2,train
GRDC_4213385,7060022240,2,train
GRDC_4213390,7060022240,2,train
GRDC_4213395,7060022240,2,train
GRDC_4213400,7060022240,2,train
GRDC_4213401,7060022240,2,train
GRDC_4213410,7060022240,2,train
GRDC_4213415,7060022240,2,train
GRDC_4213420,7060022240,2,train
GRDC_4213425,7060022240,2,train
GRDC_4213430,7060022240,2,train
GRDC_4213435,7060022240,2,train
GRDC_4213440,7060022240,2,train
GRDC_4213450,7060022240,2,train
GRDC_4213455,7060022240,2,train
GRDC_4213460,7060022240,2,train
GRDC_4213465,7060022240,2,train
GRDC_4213470,7060022240,2,train
GRDC_4213480,7060022240,2,train
GRDC_4213485,7060022240,2,train
GRDC_4213495,7060022240,2,train
GRDC_4213500,7060022240,2,train
GRDC_4213510,7060022240,2,train
GRDC_4213511,7060022240,2,train
GRDC_4213512,7060022240,2,train
GRDC_4213520,7060022240,2,train
GRDC_4213530,7060022240,2,train
GRDC_4213531,7060022240,2,train
GRDC_4213540,7060022240,2,train
GRDC_4213550,7060022240,2,train
GRDC_4213551,7060022240,2,train
GRDC_4213552,7060022240,2,train
GRDC_4213555,7060022240,2,train
GRDC_4213557,7060022240,2,train
GRDC_4213560,7060022240,2,train
GRDC_4213561,7060022240,2,train
GRDC_4213562,7060022240,2,train
GRDC_4213563,7060022240,2,train
GRDC_4213564,7060022240,2,train
GRDC_4213565,7060022240,2,train
GRDC_4213566,7060022240,2,train
GRDC_4213567,7060022240,2,train
GRDC_4213569,7060022240,2,train
GRDC_4213570,7060022240,2,train
GRDC_4213571,7060022240,2,train
GRDC_4213572,7060022240,2,train
GRDC_4213573,7060022240,2,train
GRDC_4213574,7060022240,2,train
GRDC_4213575,7060022240,2,train
GRDC_4213576,7060022240,2,train
GRDC_4213577,7060022240,2,train
GRDC_4213580,7060022240,2,train
GRDC_4213590,7060022240,2,train
GRDC_4213591,7060022240,2,train
GRDC_4213592,7060022240,2,train
GRDC_4213593,7060022240,2,train
GRDC_4213594,7060022240,2,train
GRDC_4213595,7060022240,2,train
GRDC_4213596,7060022240,2,train
GRDC_4213600,7060022240,2,train
GRDC_4213601,7060022240,2,train
GRDC_4213603,7060022240,2,train
GRDC_4213605,7060022240,2,train
GRDC_4213610,7060022240,2,train
GRDC_4213620,7060022240,2,train
GRDC_4213630,7060022240,2,train
GRDC_4213635,7060022240,2,train
GRDC_4213640,7060022240,2,train
GRDC_4213645,7060022240,2,train
GRDC_4213650,7060022240,2,train
GRDC_4213660,7060022240,2,train
GRDC_4213665,7060022240,2,train
GRDC_4213670,7060022240,2,train
GRDC_4213675,7060022240,2,train
GRDC_4213680,7060022240,2,train
GRDC_4213681,7060022240,2,train
GRDC_4213682,7060022240,2,train
GRDC_4213683,7060022240,2,train
GRDC_4213684,7060022240,2,train
GRDC_4213690,7060022240,2,train
GRDC_4213700,7060022240,2,train
GRDC_4213710,7060022240,2,train
GRDC_4213711,7060022240,2,train
GRDC_4213712,7060022240,2,train
GRDC_4213715,7060022240,2,train
GRDC_4213720,7060022240,2,train
GRDC_4213730,7060022240,2,train
GRDC_4213740,7060022240,2,train
GRDC_4213745,7060022240,2,train
GRDC_4213750,7060022240,2,train
GRDC_4213760,7060022240,2,train
GRDC_4213765,7060022240,2,train
GRDC_4213770,7060022240,2,train
GRDC_4213780,7060022240,2,train
GRDC_4213790,7060022240,2,train
GRDC_4213795,7060022240,2,train
GRDC_4213800,7060022240,2,train
GRDC_4213801,7060022240,2,train
GRDC_4213802,7060022240,2,train
GRDC_4213803,7060022240,2,train
GRDC_4213804,7060022240,2,train
GRDC_4213810,7060022240,2,train
GRDC_4213815,7060022240,2,train
GRDC_4213820,7060022240,2,train
GRDC_4213825,7060022240,2,train
GRDC_4213830,7060022240,2,train
GRDC_4213835,7060022240,2,train
GRDC_4213840,7060022240,2,train
GRDC_4213845,7060022240,2,train
GRDC_4213850,7060022240,2,train
GRDC_4213860,7060022240,2,train
GRDC_4213865,7060022240,2,train
GRDC_4213870,7060022240,2,train
GRDC_4213875,7060022240,2,train
GRDC_4213880,7060022240,2,train
GRDC_4213885,7060022240,2,train
GRDC_4213890,7060022240,2,train
GRDC_4213900,7060022240,2,train
GRDC_4213905,7060022240,2,train
GRDC_4213910,7060022240,2,train
GRDC_4213911,7060022240,2,train
GRDC_4213920,7060022240,2,train
GRDC_4213925,7060022240,2,train
GRDC_4213930,7060022240,2,train
GRDC_4213935,7060022240,2,train
GRDC_4213940,7060022240,2,train
GRDC_4213945,7060022240,2,train
GRDC_4213950,7060022240,2,train
GRDC_4213955,7060022240,2,train
GRDC_4213956,7060022240,2,train
GRDC_4213960,7060022240,2,train
GRDC_4213970,7060022240,2,train
GRDC_4213975,7060022240,2,train
GRDC_4214005,8060017300,1,train
GRDC_4214010,8060018120,0,val
GRDC_4214020,8060018120,0,val
GRDC_4214025,7060022270,3,val
GRDC_4214030,7060026200,4,train
GRDC_4214035,7060028670,2,train
GRDC_4214036,7060028670,2,train
GRDC_4214040,7060028670,2,train
GRDC_4214050,8060018120,0,val
GRDC_4214051,8060018120,0,val
GRDC_4214060,8060018120,0,val
GRDC_4214070,8060018970,3,train
GRDC_4214075,8060018730,4,val
GRDC_4214080,7060024030,1,val
GRDC_4214090,8060018120,0,val
GRDC_4214091,8060018120,0,val
GRDC_4214100,8060018080,0,train
GRDC_4214105,7060021620,4,train
GRDC_4214106,7060021620,4,train
GRDC_4214107,7060021620,4,train
GRDC_4214200,7060021740,3,train
GRDC_4214210,7060021740,3,train
GRDC_4214220,7060021740,3,train
GRDC_4214250,7060021740,3,train
GRDC_4214260,7060021740,3,train
GRDC_4214261,7060021740,3,train
GRDC_4214262,7060021740,3,train
GRDC_4214263,7060021740,3,train
GRDC_4214264,7060021740,3,train
GRDC_4214265,7060021740,3,train
GRDC_4214270,7060021740,3,train
GRDC_4214271,7060021740,3,train
GRDC_4214275,7060021740,3,train
GRDC_4214280,7060021740,3,train
GRDC_4214281,7060021740,3,train
GRDC_4214285,7060021740,3,train
GRDC_4214286,7060021740,3,train
GRDC_4214287,7060021740,3,train
GRDC_4214290,7060021740,3,train
GRDC_4214295,7060021740,3,train
GRDC_4214297,7060021740,3,train
GRDC_4214298,7060021740,3,train
GRDC_4214300,7060021740,3,train
GRDC_4214301,7060021740,3,train
GRDC_4214305,7060021740,3,train
GRDC_4214310,7060022270,3,val
GRDC_4214320,7060021740,3,train
GRDC_4214330,7060022270,3,val
GRDC_4214350,7060022270,3,val
GRDC_4214351,7060022270,3,val
GRDC_4214360,7060022840,3,train
GRDC_4214380,7060022840,3,train
GRDC_4214390,7060022840,3,train
GRDC_4214400,7060024290,3,train
GRDC_4214410,7060024290,3,train
GRDC_4214420,7060023220,2,train
GRDC_4214430,7060024030,1,val
GRDC_4214440,7060022840,3,train
GRDC_4214450,7060023220,2,train
GRDC_4214460,7060023960,4,train
GRDC_4214470,7060023220,2,train
GRDC_4214475,7060023220,2,train
GRDC_4214480,7060024030,1,val
GRDC_4214490,7060024030,1,val
GRDC_4214500,7060024290,3,train
GRDC_4214505,7060024290,3,train
GRDC_4214507,7060024290,3,train
GRDC_4214510,7060024290,3,train
GRDC_4214513,7060024580,2,train
GRDC_4214515,7060024580,2,train
GRDC_4214517,7060024580,2,train
GRDC_4214519,7060024580,2,train
GRDC_4214520,7060024290,3,train
GRDC_4214530,7060024580,2,train
GRDC_4214531,7060024580,2,train
GRDC_4214540,7060024290,3,train
GRDC_4214550,7060024580,2,train
GRDC_4214551,7060024580,2,train
GRDC_4214555,7060024580,2,train
GRDC_4214560,7060024580,2,train
GRDC_4214565,7060024580,2,train
GRDC_4214570,7060024290,3,train
GRDC_4214580,7060024290,3,train
GRDC_4214590,7060024290,3,train
GRDC_4214610,7060024680,2,train
GRDC_4214620,7060024830,0,test
GRDC_4214621,7060024830,0,test
GRDC_4214650,7060024830,0,test
GRDC_4214655,7060024830,0,test
GRDC_4214670,7060024840,3,train
GRDC_4214680,7060024890,2,test
GRDC_4214690,7060024900,1,test
GRDC_4214700,7060025090,1,train
GRDC_4214701,7060025090,1,train
GRDC_4214750,7060025560,4,val
GRDC_4214760,7060025560,4,val
GRDC_4214770,7060025560,4,val
GRDC_4214775,7060025560,4,val
GRDC_4214800,7060025860,3,test
GRDC_4214801,7060025860,3,test
GRDC_4214810,7060025860,3,test
GRDC_4214820,7060026040,0,train
GRDC_4214830,7060025860,3,test
GRDC_4214900,7060028790,1,train
GRDC_4214905,7060029000,0,train
GRDC_4214910,7060026460,3,train
GRDC_4214920,7060028900,0,train
GRDC_4214930,7060028070,2,train
GRDC_4214940,7060028410,3,train
GRDC_4214943,7060028410,3,train
GRDC_4214945,7060028410,3,train
GRDC_4214950,7060029000,0,train
GRDC_4215010,7060014930,2,val
GRDC_4215011,7060014930,2,val
GRDC_4215030,7060014930,2,val
GRDC_4215040,7060014930,2,val
GRDC_4215050,7060014930,2,val
GRDC_4215051,7060014930,2,val
GRDC_4215070,7060014930,2,val
GRDC_4215090,7060014930,2,val
GRDC_4215100,7060014930,2,val
GRDC_4215101,7060014930,2,val
GRDC_4215102,7060014930,2,val
GRDC_4215103,7060014930,2,val
GRDC_4215110,7060014930,2,val
GRDC_4215120,7060014930,2,val
GRDC_4215125,7060014930,2,val
GRDC_4215130,7060014930,2,val
GRDC_4215150,7060014930,2,val
GRDC_4215160,7060014930,2,val
GRDC_4215165,7060014930,2,val
GRDC_4215180,7060014930,2,val
GRDC_4215181,7060014930,2,val
GRDC_4215185,7060014930,2,val
GRDC_4215200,7060014930,2,val
GRDC_4215210,7060014930,2,val
GRDC_4215220,7060014930,2,val
GRDC_4215230,7060014930,2,val
GRDC_4215250,7060014930,2,val
GRDC_4215260,7060014930,2,val
GRDC_4215270,7060014930,2,val
GRDC_4215300,7060014930,2,val
GRDC_4215320,7060014930,2,val
GRDC_4215335,7060014930,2,val
GRDC_4215340,7060014930,2,val
GRDC_4215350,7060014930,2,val
GRDC_4215400,7060014930,2,val
GRDC_4215425,7060014930,2,val
GRDC_4215426,7060014930,2,val
GRDC_4215430,7060014930,2,val
GRDC_4215440,7060014930,2,val
GRDC_4215450,7060014930,2,val
GRDC_4215460,7060014930,2,val
GRDC_4215610,7060014930,2,val
GRDC_4215650,7060014930,2,val
GRDC_4215660,7060014930,2,val
GRDC_4215670,7060014930,2,val
GRDC_4215675,7060014930,2,val
GRDC_4215680,7060014930,2,val
GRDC_4215690,7060014930,2,val
GRDC_4215700,7060014930,2,val
GRDC_4215705,7060014930,2,val
GRDC_4215706,7060014930,2,val
GRDC_4215710,7060014930,2,val
GRDC_4215750,7060014930,2,val
GRDC_4215800,7060014930,2,val
GRDC_4215900,7060014930,2,val
GRDC_4220100,7060047060,0,train
GRDC_4220200,7060047060,0,train
GRDC_4220201,7060047060,0,train
GRDC_4220210,7060047060,0,train
GRDC_4220300,7060047060,0,train
GRDC_4220310,7060047060,0,train
GRDC_4220400,7060047060,0,train
GRDC_4220401,7060047060,0,train
GRDC_4220402,7060047060,0,train
GRDC_4220410,7060047060,0,train
GRDC_4220420,7060047060,0,train
GRDC_4220421,7060047060,0,train
GRDC_4220430,7060047060,0,train
GRDC_4220431,7060047060,0,train
GRDC_4220432,7060047060,0,train
GRDC_4220500,7060047060,0,train
GRDC_4220501,7060047060,0,train
GRDC_4220502,7060047060,0,train
GRDC_4220510,7060047060,0,train
GRDC_4231200,7060038320,0,train
GRDC_4231250,7060038320,0,train
GRDC_4231590,7060038320,0,train
GRDC_4231600,7060038320,0,train
GRDC_4231601,7060038320,0,train
GRDC_4231602,7060038320,0,train
GRDC_4231610,7060038320,0,train
GRDC_4231620,7060038320,0,train
GRDC_4231621,7060038320,0,train
GRDC_4231630,7060038320,0,train
GRDC_4231650,7060038320,0,train
GRDC_4231680,7060038320,0,train
GRDC_4231800,7060038320,0,train
GRDC_4232010,7060034520,4,train
GRDC_4232030,7060034520,4,train
GRDC_4232300,7060034520,4,train
GRDC_4232600,7060034520,4,train
GRDC_4232700,7060034520,4,train
GRDC_4232750,7060034520,4,train
GRDC_4232800,7060034520,4,train
GRDC_4232890,7060034520,4,train
GRDC_4232900,7060034520,4,train
GRDC_4234010,7060034520,4,train
GRDC_4234100,7060034520,4,train
GRDC_4234300,7060034520,4,train
GRDC_4234400,7060034520,4,train
GRDC_4234500,7060034520,4,train
GRDC_4234550,7060034520,4,train
GRDC_4234600,7060034520,4,train
GRDC_4234650,7060034520,4,train
GRDC_4234670,7060034520,4,train
GRDC_4234680,7060034520,4,train
GRDC_4234700,7060034520,4,train
GRDC_4234701,7060034520,4,train
GRDC_4234720,7060034520,4,train
GRDC_4234850,7060034520,4,train
GRDC_4234900,7060034520,4,train
GRDC_4235100,7060034520,4,train
GRDC_4235101,7060034520,4,train
GRDC_4235190,7060034520,4,train
GRDC_4235191,7060034520,4,train
GRDC_4235200,7060034520,4,train
GRDC_4235300,7060034520,4,train
GRDC_4235301,7060034520,4,train
GRDC_4235400,7060034520,4,train
GRDC_4235490,7060034520,4,train
GRDC_4235500,7060034520,4,train
GRDC_4236010,7060034520,4,train
GRDC_4236050,7060034520,4,train
GRDC_4236100,7060034520,4,train
GRDC_4236300,7060034520,4,train
GRDC_4236500,7060034520,4,train
GRDC_4236600,7060034520,4,train
GRDC_4236700,7060034520,4,train
GRDC_4243040,7060034520,4,train
GRDC_4243050,7060034520,4,train
GRDC_4243055,7060034520,4,train
GRDC_4243070,7060034520,4,train
GRDC_4243080,7060034520,4,train
GRDC_4243100,7060034520,4,train
GRDC_4243101,7060034520,4,train
GRDC_4243140,7060034520,4,train
GRDC_4243141,7060034520,4,train
GRDC_4243150,7060034520,4,train
GRDC_4243151,7060034520,4,train
GRDC_4243160,7060034520,4,train
GRDC_4243200,7060034520,4,train
GRDC_4243210,7060034520,4,train
GRDC_4243215,7060034520,4,train
GRDC_4243220,7060034520,4,train
GRDC_4243230,7060034520,4,train
GRDC_4243240,7060034520,4,train
GRDC_4243250,7060034520,4,train
GRDC_4243270,7060034520,4,train
GRDC_4243275,7060034520,4,train
GRDC_4243280,7060034520,4,train
GRDC_4243290,7060034520,4,train
GRDC_4243300,7060034520,4,train
GRDC_4243301,7060034520,4,train
GRDC_4243310,7060034520,4,train
GRDC_4243315,7060034520,4,train
GRDC_4243320,7060034520,4,train
GRDC_4243330,7060034520,4,train
GRDC_4243340,7060034520,4,train
GRDC_4243360,7060034520,4,train
GRDC_4244350,7060034340,4,train
GRDC_4244370,7060034570,3,train
GRDC_4244400,7060031710,1,train
GRDC_4244410,7060034330,2,test
GRDC_4244420,7060034330,2,test
GRDC_4244430,7060034330,2,test
GRDC_4244440,7060034330,2,test
GRDC_4244460,7060031660,4,train
GRDC_4244500,7060031710,1,train
GRDC_4244501,7060031710,1,train
GRDC_4244510,7060034110,0,train
GRDC_4244520,7060034580,2,test
GRDC_4244550,7060032080,3,train
GRDC_4244580,7060034010,2,train
GRDC_4244600,7060034010,2,train
GRDC_4244605,7060034000,3,test
GRDC_4244610,7060032940,0,val
GRDC_4244620,7060034000,3,test
GRDC_4244630,7060033110,4,train
GRDC_4244635,7060033110,4,train
GRDC_4244640,7060033110,4,train
GRDC_4244650,7060032950,2,train
GRDC_4244655,7060032940,0,val
GRDC_4244660,7060032940,0,val
GRDC_4244710,7060060320,0,test
GRDC_4244720,7060060320,0,test
GRDC_4244730,7060060310,3,test
GRDC_4244740,7060060320,0,test
GRDC_4244750,7060060310,3,test
GRDC_4244760,7060061510,4,val
GRDC_4244770,7060061620,3,val
GRDC_4244780,7060062930,2,train
GRDC_4244785,7060061880,0,test
GRDC_4244788,7060061880,0,test
GRDC_4244790,7060061880,0,test
GRDC_4244792,7060061880,0,test
GRDC_4244795,7060061880,0,test
GRDC_4244800,7060063420,1,train
GRDC_4244810,7060034870,1,train
GRDC_4244820,7060034870,1,train
GRDC_4244830,7060035370,1,train
GRDC_4244840,7060035470,0,train
GRDC_4244850,7060035470,0,train
GRDC_4244860,7060035480,0,train
GRDC_4244870,7060035860,4,train
GRDC_4244880,7060035860,4,train
GRDC_4244890,7060033690,1,train
GRDC_4244900,7060063860,1,train
GRDC_4244910,7060063860,1,train
GRDC_4244915,7060063860,1,train
GRDC_4244920,7060063860,1,train
GRDC_4244930,7060035870,2,train
GRDC_4244940,7060033460,4,val
GRDC_4244945,7060033460,4,val
GRDC_4244950,7060037900,3,train
GRDC_4244960,7060035870,2,train
GRDC_4244970,7060037890,4,val
GRDC_4244975,7060035870,2,train
GRDC_4244980,7060035870,2,train
GRDC_4244985,7060035870,2,train
GRDC_4244990,7060037350,3,train
GRDC_4244995,7060037350,3,train
GRDC_4245010,7060019840,1,train
GRDC_4245100,7060019190,2,train
GRDC_4245210,7060019010,4,train
GRDC_4245250,7060019010,4,train
GRDC_4245280,7060019010,4,train
GRDC_4245295,7060019010,4,train
GRDC_4245300,7060057510,0,train
GRDC_4245500,7060017930,3,train
GRDC_4245550,7060017150,4,train
GRDC_4245650,7060016850,0,val
GRDC_4245820,7060056630,1,test
GRDC_4245840,7060055930,2,train
GRDC_4245860,7060056770,2,train
GRDC_4245880,7060056770,2,train
GRDC_4245890,7060056770,2,train
GRDC_4245900,7060016270,3,train
GRDC_4245920,7060019010,4,train
GRDC_4245950,7060016270,3,train
GRDC_4247100,7060038340,4,val
GRDC_4247101,7060038340,4,val
GRDC_4247110,7060038340,4,val
GRDC_4247500,7060038340,4,val
GRDC_4247700,7060038340,4,val
GRDC_4584100,7060065090,2,val
GRDC_4584200,7060065090,2,val
GRDC_4584210,7060065090,2,val
GRDC_4584280,7060065090,2,val
GRDC_4584290,7060065090,2,val
GRDC_4584300,7060065090,2,val
GRDC_4584400,7060065090,2,val
GRDC_4584450,7060065090,2,val
GRDC_4584500,7060065090,2,val
GRDC_4584700,7060065090,2,val
GRDC_4584800,7060065090,2,val
GRDC_4584900,7060065090,2,val
GRDC_5101020,5060049720,4,train
GRDC_5101040,5060049720,4,train
GRDC_5101050,5060067410,2,val
GRDC_5101060,5060067460,0,train
GRDC_5101070,5060067450,1,train
GRDC_5101071,5060067450,1,train
GRDC_5101075,5060067450,1,train
GRDC_5101080,5060067460,0,train
GRDC_5101090,5060067460,0,train
GRDC_5101100,5060067860,2,train
GRDC_5101101,5060067860,2,train
GRDC_5101109,5060067860,2,train
GRDC_5101110,5060067860,2,train
GRDC_5101111,5060067860,2,train
GRDC_5101112,5060067860,2,train
GRDC_5101113,5060067860,2,train
GRDC_5101115,5060067860,2,train
GRDC_5101116,5060067860,2,train
GRDC_5101117,5060067860,2,train
GRDC_5101118,5060067860,2,train
GRDC_5101119,5060067860,2,train
GRDC_5101120,5060067860,2,train
GRDC_5101121,5060067860,2,train
GRDC_5101123,5060067860,2,train
GRDC_5101124,5060067860,2,train
GRDC_5101125,5060067860,2,train
GRDC_5101130,5060067860,2,train
GRDC_5101161,5060067860,2,train
GRDC_5101162,5060067860,2,train
GRDC_5101163,5060067860,2,train
GRDC_5101164,5060067860,2,train
GRDC_5101165,5060067860,2,train
GRDC_5101170,5060067860,2,train
GRDC_5101180,5060067860,2,train
GRDC_5101181,5060068450,2,train
GRDC_5101182,5060068450,2,train
GRDC_5101183,5060068450,2,train
GRDC_5101185,5060067860,2,train
GRDC_5101190,5060067860,2,train
GRDC_5101191,5060067860,2,train
GRDC_5101200,5060068450,2,train
GRDC_5101201,5060068450,2,train
GRDC_5101203,5060068450,2,train
GRDC_5101204,5060068460,2,train
GRDC_5101205,5060068450,2,train
GRDC_5101206,5060068460,2,train
GRDC_5101207,5060068460,2,train
GRDC_5101208,5060068450,2,train
GRDC_5101209,5060068460,2,train
GRDC_5101250,5060068460,2,train
GRDC_5101253,5060068460,2,train
GRDC_5101260,5060068460,2,train
GRDC_5101285,5060069590,3,train
GRDC_5101286,5060069590,3,train
GRDC_5101287,5060069590,3,train
GRDC_5101288,5060069590,3,train
GRDC_5101289,5060068460,2,train
GRDC_5101290,5060068460,2,train
GRDC_5101291,5060069600,1,train
GRDC_5101300,5060069590,3,train
GRDC_5101301,5060069590,3,train
GRDC_5101303,5060069590,3,train
GRDC_5101305,5060069590,3,train
GRDC_5101307,5060069590,3,train
GRDC_5101308,5060069590,3,train
GRDC_5101310,5060070110,4,train
GRDC_5101320,5060069600,1,train
GRDC_5101360,5060069960,1,train
GRDC_5101365,5060069960,1,train
GRDC_5101380,5060070100,1,val
GRDC_5101381,5060070100,1,val
GRDC_5101385,5060070100,1,val
GRDC_5101390,5060070100,1,val
GRDC_5101395,5060070100,1,val
GRDC_5101396,5060070390,0,train
GRDC_5101397,5060070390,0,train
GRDC_5101400,5060070390,0,train
GRDC_5101405,5060070110,4,train
GRDC_5101410,5060069600,1,train
GRDC_5101411,5060069600,1,train
GRDC_5101412,5060069960,1,train
GRDC_5101413,5060069960,1,train
GRDC_5101414,5060069960,1,train
GRDC_5101415,5060069960,1,train
GRDC_5101416,5060069960,1,train
GRDC_5101420,5060070110,4,train
GRDC_5101430,5060070390,0,train
GRDC_5101440,5060070440,0,test
GRDC_5101450,5060070440,0,test
GRDC_5101451,5060070440,0,test
GRDC_5101452,5060070440,0,test
GRDC_5101453,5060070450,2,test
GRDC_5101455,5060070440,0,test
GRDC_5101456,5060070440,0,test
GRDC_5101457,5060070440,0,test
GRDC_5101460,5060070450,2,test
GRDC_5101465,5060070450,2,test
GRDC_5101470,5060069960,1,train
GRDC_5101471,5060069970,0,train
GRDC_5101472,5060069970,0,train
GRDC_5101480,5060070450,2,test
GRDC_5101486,5060070100,1,val
GRDC_5101487,5060070100,1,val
GRDC_5101500,5060070390,0,train
GRDC_5101503,5060070390,0,train
GRDC_5101505,5060070390,0,train
GRDC_5101506,5060070390,0,train
GRDC_5104160,5060073410,4,train
GRDC_5104220,5060073410,4,train
GRDC_5104223,5060073410,4,train
GRDC_5104225,5060073410,4,train
GRDC_5104228,5060073410,4,train
GRDC_5104230,5060073410,4,train
GRDC_5104240,5060073410,4,train
GRDC_5104245,5060073410,4,train
GRDC_5104300,5060073410,4,train
GRDC_5104310,5060073410,4,train
GRDC_5104320,5060073410,4,train
GRDC_5104330,5060073410,4,train
GRDC_5104340,5060073410,4,train
GRDC_5104350,5060073410,4,train
GRDC_5109110,5060065420,0,test
GRDC_5109120,5060065420,0,test
GRDC_5109130,5060065470,4,test
GRDC_5109150,5060065600,2,train
GRDC_5109151,5060065600,2,train
GRDC_5109152,5060065600,2,train
GRDC_5109160,5060065630,3,train
GRDC_5109161,5060065630,3,train
GRDC_5109170,5060065780,2,test
GRDC_5109175,5060065780,2,test
GRDC_5109200,5060065980,3,val
GRDC_5109201,5060065980,3,val
GRDC_5109203,5060065980,3,val
GRDC_5109204,5060065980,3,val
GRDC_5109205,5060065980,3,val
GRDC_5109206,5060065980,3,val
GRDC_5109210,5060065470,4,test
GRDC_5109220,5060065850,3,train
GRDC_5109230,5060049720,4,train
GRDC_5109240,5060066270,1,test
GRDC_5109250,5060049720,4,train
GRDC_5109251,5060049720,4,train
GRDC_5109260,5060049720,4,train
GRDC_5109270,5060066270,1,test
GRDC_5110010,5060087590,2,train
GRDC_5110020,5060087590,2,train
GRDC_5110030,5060087590,2,train
GRDC_5110400,5060087590,2,train
GRDC_5201010,5060070450,2,test
GRDC_5201020,5060070450,2,test
GRDC_5202012,5060070700,0,train
GRDC_5202015,5060070670,4,test
GRDC_5202030,5060070670,4,test
GRDC_5202033,5060070670,4,test
GRDC_5202036,5060070670,4,test
GRDC_5202037,5060070700,0,train
GRDC_5202038,5060070700,0,train
GRDC_5202039,5060070670,4,test
GRDC_5202040,5060070700,0,train
GRDC_5202041,5060070700,0,train
GRDC_5202042,5060070700,0,train
GRDC_5202043,5060070700,0,train
GRDC_5202044,5060070700,0,train
GRDC_5202045,5060070700,0,train
GRDC_5202046,5060070700,0,train
GRDC_5202047,5060070700,0,train
GRDC_5202048,5060070700,0,train
GRDC_5202049,5060070700,0,train
GRDC_5202050,5060070710,3,train
GRDC_5202051,5060070700,0,train
GRDC_5202055,5060070710,3,train
GRDC_5202056,5060070700,0,train
GRDC_5202057,5060070700,0,train
GRDC_5202060,5060070900,1,val
GRDC_5202061,5060070700,0,train
GRDC_5202062,5060070900,1,val
GRDC_5202063,5060070900,1,val
GRDC_5202064,5060070900,1,val
GRDC_5202065,5060070900,1,val
GRDC_5202067,5060070710,3,train
GRDC_5202070,5060070900,1,val
GRDC_5202072,5060070930,0,train
GRDC_5202073,5060070930,0,train
GRDC_5202074,5060070930,0,train
GRDC_5202075,5060070930,0,train
GRDC_5202080,5060070980,1,val
GRDC_5202081,5060070980,1,val
GRDC_5202082,5060070980,1,val
GRDC_5202083,5060070980,1,val
GRDC_5202084,5060070980,1,val
GRDC_5202085,5060070980,1,val
GRDC_5202086,5060070980,1,val
GRDC_5202087,5060070980,1,val
GRDC_5202088,5060070980,1,val
GRDC_5202090,5060071100,4,train
GRDC_5202095,5060071100,4,train
GRDC_5202100,5060071130,3,train
GRDC_5202101,5060071130,3,train
GRDC_5202102,5060071130,3,train
GRDC_5202103,5060071130,3,train
GRDC_5202104,5060071130,3,train
GRDC_5202105,5060071130,3,train
GRDC_5202106,5060071130,3,train
GRDC_5202107,5060071130,3,train
GRDC_5202108,5060071130,3,train
GRDC_5202109,5060071130,3,train
GRDC_5202110,5060071140,3,train
GRDC_5202111,5060071130,3,train
GRDC_5202112,5060071130,3,train
GRDC_5202113,5060071130,3,train
GRDC_5202114,5060071140,3,train
GRDC_5202115,5060071140,3,train
GRDC_5202116,5060071140,3,train
GRDC_5202117,5060071140,3,train
GRDC_5202120,5060071270,4,train
GRDC_5202130,5060071270,4,train
GRDC_5202135,5060071270,4,train
GRDC_5202140,5060071270,4,train
GRDC_5202141,5060071280,1,train
GRDC_5202145,5060071270,4,train
GRDC_5202150,5060071280,1,train
GRDC_5202151,5060071280,1,train
GRDC_5202152,5060071280,1,train
GRDC_5202153,5060071280,1,train
GRDC_5202154,5060071270,4,train
GRDC_5202155,5060071280,1,train
GRDC_5202157,5060071280,1,train
GRDC_5202160,5060071280,1,train
GRDC_5202180,5060071280,1,train
GRDC_5202181,5060071280,1,train
GRDC_5202183,5060071280,1,train
GRDC_5202185,5060071280,1,train
GRDC_5202200,5060071280,1,train
GRDC_5202210,5060071280,1,train
GRDC_5202211,5060071280,1,train
GRDC_5202212,5060071280,1,train
GRDC_5202213,5060071280,1,train
GRDC_5202214,5060071280,1,train
GRDC_5202215,5060071280,1,train
GRDC_5202216,5060071980,0,train
GRDC_5202217,5060071980,0,train
GRDC_5202225,5060071980,0,train
GRDC_5202226,5060071280,1,train
GRDC_5202227,5060071980,0,train
GRDC_5202228,5060071980,0,train
GRDC_5202410,5060071270,4,train
GRDC_5204010,5060073410,4,train
GRDC_5204011,5060073410,4,train
GRDC_5204013,5060073410,4,train
GRDC_5204015,5060073410,4,train
GRDC_5204016,5060073410,4,train
GRDC_5204017,5060073410,4,train
GRDC_5204018,5060073410,4,train
GRDC_5204019,5060073410,4,train
GRDC_5204020,5060073410,4,train
GRDC_5204100,5060073410,4,train
GRDC_5204101,5060073410,4,train
GRDC_5204102,5060073410,4,train
GRDC_5204103,5060073410,4,train
GRDC_5204104,5060073410,4,train
GRDC_5204105,5060073410,4,train
GRDC_5204106,5060073410,4,train
GRDC_5204107,5060073410,4,train
GRDC_5204108,5060073410,4,train
GRDC_5204109,5060073410,4,train
GRDC_5204110,5060073410,4,train
GRDC_5204111,5060073410,4,train
GRDC_5204112,5060073410,4,train
GRDC_5204120,5060073410,4,train
GRDC_5204121,5060073410,4,train
GRDC_5204122,5060073410,4,train
GRDC_5204123,5060073410,4,train
GRDC_5204125,5060073410,4,train
GRDC_5204130,5060073410,4,train
GRDC_5204131,5060073410,4,train
GRDC_5204132,5060073410,4,train
GRDC_5204133,5060073410,4,train
GRDC_5204134,5060073410,4,train
GRDC_5204135,5060073410,4,train
GRDC_5204136,5060073410,4,train
GRDC_5204140,5060073410,4,train
GRDC_5204150,5060073410,4,train
GRDC_5204155,5060073410,4,train
GRDC_5204159,5060073410,4,train
GRDC_5204160,5060073410,4,train
GRDC_5204161,5060073410,4,train
GRDC_5204162,5060073410,4,train
GRDC_5204167,5060073410,4,train
GRDC_5204168,5060073410,4,train
GRDC_5204169,5060073410,4,train
GRDC_5204170,5060073410,4,train
GRDC_5204175,5060073410,4,train
GRDC_5204180,5060073410,4,train
GRDC_5204181,5060073410,4,train
GRDC_5204182,5060073410,4,train
GRDC_5204183,5060073410,4,train
GRDC_5204184,5060073410,4,train
GRDC_5204185,5060073410,4,train
GRDC_5204186,5060073410,4,train
GRDC_5204187,5060073410,4,train
GRDC_5204189,5060073410,4,train
GRDC_5204190,5060073410,4,train
GRDC_5204191,5060073410,4,train
GRDC_5204192,5060073410,4,train
GRDC_5204193,5060073410,4,train
GRDC_5204194,5060073410,4,train
GRDC_5204195,5060073410,4,train
GRDC_5204196,5060073410,4,train
GRDC_5204210,5060073410,4,train
GRDC_5204215,5060073410,4,train
GRDC_5204216,5060073410,4,train
GRDC_5204217,5060073410,4,train
GRDC_5204218,5060073410,4,train
GRDC_5204219,5060073410,4,train
GRDC_5204220,5060073410,4,train
GRDC_5204225,5060073410,4,train
GRDC_5204229,5060073410,4,train
GRDC_5204243,5060073410,4,train
GRDC_5204250,5060073410,4,train
GRDC_5204251,5060073410,4,train
GRDC_5204252,5060073410,4,train
GRDC_5204253,5060073410,4,train
GRDC_5204255,5060073410,4,train
GRDC_5204258,5060073410,4,train
GRDC_5204268,5060073410,4,train
GRDC_5204300,5060073410,4,train
GRDC_5204301,5060073410,4,train
GRDC_5204302,5060073410,4,train
GRDC_5204303,5060073410,4,train
GRDC_5204400,5060073410,4,train
GRDC_5204401,5060073410,4,train
GRDC_5204402,5060073410,4,train
GRDC_5204450,5060073410,4,train
GRDC_5204451,5060073410,4,train
GRDC_5204452,5060073410,4,train
GRDC_5204460,5060073410,4,train
GRDC_5302100,5060071280,1,train
GRDC_5302101,5060071280,1,train
GRDC_5302102,5060071280,1,train
GRDC_5302103,5060071280,1,train
GRDC_5302104,5060071280,1,train
GRDC_5302105,5060071280,1,train
GRDC_5302106,5060071280,1,train
GRDC_5302107,5060071980,0,train
GRDC_5302108,5060071980,0,train
GRDC_5302109,5060071980,0,train
GRDC_5302110,5060071990,4,train
GRDC_5302111,5060071990,4,train
GRDC_5302220,5060071980,0,train
GRDC_5302229,5060071980,0,train
GRDC_5302240,5060071990,4,train
GRDC_5302242,5060071990,4,train
GRDC_5302243,5060071990,4,train
GRDC_5302244,5060071990,4,train
GRDC_5302245,5060071990,4,train
GRDC_5302246,5060071990,4,train
GRDC_5302250,5060072180,4,train
GRDC_5302251,5060072180,4,train
GRDC_5302252,5060072180,4,train
GRDC_5302253,5060072180,4,train
GRDC_5302254,5060072180,4,train
GRDC_5302255,5060072180,4,train
GRDC_5302256,5060072180,4,train
GRDC_5302260,5060072180,4,train
GRDC_5302261,5060072180,4,train
GRDC_5302262,5060072180,4,train
GRDC_5302263,5060072180,4,train
GRDC_5302264,5060072180,4,train
GRDC_5302265,5060072180,4,train
GRDC_5302270,5060072190,4,train
GRDC_5302271,5060072190,4,train
GRDC_5302272,5060072190,4,train
GRDC_5302273,5060072190,4,train
GRDC_5302274,5060072190,4,train
GRDC_5302275,5060072190,4,train
GRDC_5302276,5060072180,4,train
GRDC_5302278,5060072190,4,train
GRDC_5302280,5060072190,4,train
GRDC_5302281,5060072190,4,train
GRDC_5302282,5060072190,4,train
GRDC_5302285,5060072190,4,train
GRDC_5302290,5060072670,2,train
GRDC_5302298,5060072670,2,train
GRDC_5302300,5060072670,2,train
GRDC_5302301,5060072670,2,train
GRDC_5302302,5060072670,2,train
GRDC_5302303,5060072680,2,train
GRDC_5302304,5060072680,2,train
GRDC_5302310,5060072680,2,train
GRDC_5302311,5060072960,1,train
GRDC_5302312,5060072810,0,train
GRDC_5302313,5060072810,0,train
GRDC_5302314,5060072810,0,train
GRDC_5302320,5060072810,0,train
GRDC_5302325,5060072810,0,train
GRDC_5302326,5060072810,0,train
GRDC_5302327,5060072820,2,train
GRDC_5302328,5060072820,2,train
GRDC_5302329,5060072820,2,train
GRDC_5302330,5060072820,2,train
GRDC_5302331,5060072820,2,train
GRDC_5302340,5060072820,2,train
GRDC_5302345,5060072820,2,train
GRDC_5302350,5060072820,2,train
GRDC_5302351,5060072820,2,train
GRDC_5302360,5060072970,1,train
GRDC_5302365,5060072960,1,train
GRDC_5302366,5060072960,1,train
GRDC_5302380,5060073130,3,train
GRDC_5302390,5060073130,3,train
GRDC_5302391,5060073130,3,train
GRDC_5302400,5060073130,3,train
GRDC_5302401,5060073130,3,train
GRDC_5302402,5060073130,3,train
GRDC_5302403,5060072970,1,train
GRDC_5302404,5060072970,1,train
GRDC_5302405,5060072970,1,train
GRDC_5302406,5060072970,1,train
GRDC_5302410,5060073130,3,train
GRDC_5302411,5060073130,3,train
GRDC_5304010,5060073410,4,train
GRDC_5304015,5060073410,4,train
GRDC_5304018,5060073410,4,train
GRDC_5304019,5060073410,4,train
GRDC_5304020,5060073410,4,train
GRDC_5304021,5060073410,4,train
GRDC_5304025,5060073410,4,train
GRDC_5304029,5060073410,4,train
GRDC_5304030,5060073410,4,train
GRDC_5304034,5060073410,4,train
GRDC_5304035,5060073410,4,train
GRDC_5304036,5060073410,4,train
GRDC_5304040,5060073410,4,train
GRDC_5304050,5060073410,4,train
GRDC_5304051,5060073410,4,train
GRDC_5304052,5060073410,4,train
GRDC_5304053,5060073410,4,train
GRDC_5304054,5060073410,4,train
GRDC_5304056,5060073410,4,train
GRDC_5304059,5060073410,4,train
GRDC_5304060,5060073410,4,train
GRDC_5304061,5060073410,4,train
GRDC_5304062,5060073410,4,train
GRDC_5304063,5060073410,4,train
GRDC_5304064,5060073410,4,train
GRDC_5304065,5060073410,4,train
GRDC_5304066,5060073410,4,train
GRDC_5304067,5060073410,4,train
GRDC_5304068,5060073410,4,train
GRDC_5304069,5060073410,4,train
GRDC_5304070,5060073410,4,train
GRDC_5304071,5060073410,4,train
GRDC_5304072,5060073410,4,train
GRDC_5304073,5060073410,4,train
GRDC_5304080,5060073410,4,train
GRDC_5304081,5060073410,4,train
GRDC_5304082,5060073410,4,train
GRDC_5304090,5060073410,4,train
GRDC_5304095,5060073410,4,train
GRDC_5304100,5060073410,4,train
GRDC_5304110,5060073410,4,train
GRDC_5304111,5060073410,4,train
GRDC_5304112,5060073410,4,train
GRDC_5304113,5060073410,4,train
GRDC_5304119,5060073410,4,train
GRDC_5304120,5060073410,4,train
GRDC_5304121,5060073410,4,train
GRDC_5304122,5060073410,4,train
GRDC_5304123,5060073410,4,train
GRDC_5304124,5060073410,4,train
GRDC_5304125,5060073410,4,train
GRDC_5304126,5060073410,4,train
GRDC_5304127,5060073410,4,train
GRDC_5304128,5060073410,4,train
GRDC_5304129,5060073410,4,train
GRDC_5304130,5060073410,4,train
GRDC_5304131,5060073410,4,train
GRDC_5304132,5060073410,4,train
GRDC_5304133,5060073410,4,train
GRDC_5304134,5060073410,4,train
GRDC_5304135,5060073410,4,train
GRDC_5304136,5060073410,4,train
GRDC_5304140,5060073410,4,train
GRDC_5304150,5060073410,4,train
GRDC_5304155,5060073410,4,train
GRDC_5304160,5060073410,4,train
GRDC_5304161,5060073410,4,train
GRDC_5304163,5060073410,4,train
GRDC_5304164,5060073410,4,train
GRDC_5304165,5060073410,4,train
GRDC_5304166,5060073410,4,train
GRDC_5304167,5060073410,4,train
GRDC_5304170,5060073410,4,train
GRDC_5402100,5060073140,4,train
GRDC_5402101,5060073140,4,train
GRDC_5402102,5060073140,4,train
GRDC_5402103,5060073140,4,train
GRDC_5402104,5060088130,4,train
GRDC_5402110,5060073140,4,train
GRDC_5402390,5060073140,4,train
GRDC_5404260,5060073410,4,train
GRDC_5404265,5060073410,4,train
GRDC_5404270,5060073410,4,train
GRDC_5404271,5060073410,4,train
GRDC_5405030,5060073420,0,test
GRDC_5405031,5060073420,0,test
GRDC_5405035,5060073420,0,test
GRDC_5405040,5060073420,0,test
GRDC_5405041,5060073420,0,test
GRDC_5405046,5060073420,0,test
GRDC_5405048,5060073420,0,test
GRDC_5405050,5060073420,0,test
GRDC_5405051,5060073420,0,test
GRDC_5405060,5060073420,0,test
GRDC_5405070,5060074320,3,train
GRDC_5405080,5060074320,3,train
GRDC_5405090,5060087760,1,train
GRDC_5405095,5060087760,1,train
GRDC_5405100,5060073420,0,test
GRDC_5405105,5060073420,0,test
GRDC_5405110,5060073420,0,test
GRDC_5405130,5060073420,0,test
GRDC_5405180,5060073420,0,test
GRDC_5410100,5060087590,2,train
GRDC_5606010,5060076530,1,train
GRDC_5606020,5060076880,0,test
GRDC_5606030,5060076890,4,train
GRDC_5606040,5060055960,1,train
GRDC_5606041,5060055960,1,train
GRDC_5606042,5060056090,4,val
GRDC_5606043,5060055960,1,train
GRDC_5606044,5060055960,1,train
GRDC_5606045,5060056100,3,val
GRDC_5606046,5060055960,1,train
GRDC_5606047,5060055960,1,train
GRDC_5606048,5060055960,1,train
GRDC_5606049,5060055960,1,train
GRDC_5606050,5060056100,3,val
GRDC_5606055,5060056540,1,train
GRDC_5606060,5060056550,0,train
GRDC_5606065,5060056580,4,train
GRDC_5606066,5060056610,3,train
GRDC_5606067,5060056620,2,train
GRDC_5606070,5060056100,3,val
GRDC_5606071,5060056100,3,val
GRDC_5606072,5060056100,3,val
GRDC_5606073,5060056100,3,val
GRDC_5606074,5060056100,3,val
GRDC_5606080,5060056740,1,train
GRDC_5606090,5060056250,0,train
GRDC_5606095,5060056100,3,val
GRDC_5606097,5060056250,0,train
GRDC_5606098,5060056250,0,train
GRDC_5606099,5060056250,0,train
GRDC_5606100,5060056250,0,train
GRDC_5606105,5060056260,3,train
GRDC_5606106,5060056390,0,train
GRDC_5606107,5060056390,0,train
GRDC_5606110,5060056390,0,train
GRDC_5606120,5060056390,0,train
GRDC_5606121,5060056390,0,train
GRDC_5606122,5060056390,0,train
GRDC_5606123,5060056390,0,train
GRDC_5606124,5060056390,0,train
GRDC_5606125,5060056430,4,train
GRDC_5606126,5060056430,4,train
GRDC_5606130,5060056430,4,train
GRDC_5606135,5060056430,4,train
GRDC_5606136,5060056430,4,train
GRDC_5606137,5060056430,4,train
GRDC_5606140,5060056430,4,train
GRDC_5606145,5060056430,4,train
GRDC_5606160,5060056460,4,train
GRDC_5606161,5060056460,4,train
GRDC_5606162,5060056460,4,train
GRDC_5606165,5060056460,4,train
GRDC_5606166,5060056510,2,train
GRDC_5606170,5060056100,3,val
GRDC_5606171,5060056460,4,train
GRDC_5606172,5060056460,4,train
GRDC_5606173,5060056460,4,train
GRDC_5606174,5060056460,4,train
GRDC_5606175,5060056460,4,train
GRDC_5606176,5060056460,4,train
GRDC_5606180,5060056100,3,val
GRDC_5606190,5060056100,3,val
GRDC_5606274,5060056100,3,val
GRDC_5607020,5060059440,2,train
GRDC_5607023,5060059440,2,train
GRDC_5607024,5060059440,2,train
GRDC_5607025,5060059440,2,train
GRDC_5607030,5060059560,1,train
GRDC_5607060,5060060770,1,test
GRDC_5607080,5060057970,3,train
GRDC_5607085,5060057970,3,train
GRDC_5607090,5060060860,4,test
GRDC_5607200,5060057320,3,test
GRDC_5607201,5060057320,3,test
GRDC_5607210,5060087790,0,train
GRDC_5607300,5060060770,1,test
GRDC_5607400,5060057710,0,train
GRDC_5607405,5060057720,4,train
GRDC_5607410,5060057900,3,train
GRDC_5607450,5060057970,3,train
GRDC_5607451,5060057970,3,train
GRDC_5607500,5060058580,2,val
GRDC_5607510,5060058420,2,val
GRDC_5607520,5060058580,2,val
GRDC_5607600,5060059970,0,test
GRDC_5607700,5060060770,1,test
GRDC_5608090,5060061240,2,train
GRDC_5608091,5060061240,2,train
GRDC_5608093,5060061240,2,train
GRDC_5608095,5060061240,2,train
GRDC_5608096,5060061240,2,train
GRDC_5608098,5060061240,2,train
GRDC_5608400,5060061140,3,test
GRDC_5708094,5060061240,2,train
GRDC_5708100,5060061250,2,train
GRDC_5708110,5060061660,0,train
GRDC_5708120,5060061670,1,train
GRDC_5708125,5060061660,0,train
GRDC_5708126,5060061660,0,train
GRDC_5708130,5060062110,3,val
GRDC_5708135,5060062110,3,val
GRDC_5708140,5060062110,3,val
GRDC_5708141,5060062110,3,val
GRDC_5708142,5060062110,3,val
GRDC_5708143,5060062110,3,val
GRDC_5708145,5060062110,3,val
GRDC_5708148,5060062110,3,val
GRDC_5708150,5060062210,4,test
GRDC_5708155,5060062210,4,test
GRDC_5708157,5060062210,4,test
GRDC_5708160,5060062380,0,val
GRDC_5708170,5060062200,1,train
GRDC_5708171,5060062200,1,train
GRDC_5708172,5060062380,0,val
GRDC_5708180,5060062470,4,train
GRDC_5708185,5060062470,4,train
GRDC_5708190,5060062580,4,val
GRDC_5708200,5060062660,3,train
GRDC_5708220,5060062660,3,train
GRDC_5708230,5060062540,0,train
GRDC_5709020,5060077440,3,train
GRDC_5709100,5060064130,1,train
GRDC_5709105,5060064130,1,train
GRDC_5709110,5060064530,3,train
GRDC_5709111,5060064530,3,train
GRDC_5709112,5060064530,3,train
GRDC_5709190,5060063220,2,train
GRDC_5709260,5060063220,2,train
GRDC_5710050,5060087590,2,train
GRDC_5710060,5060087590,2,train
GRDC_5712090,5060087720,1,train
GRDC_5712100,5060087600,2,train
GRDC_5803017,5060077790,2,test
GRDC_5803018,5060077790,2,test
GRDC_5803019,5060077790,2,test
GRDC_5803020,5060077790,2,test
GRDC_5803030,5060077790,2,test
GRDC_5803040,5060077790,2,test
GRDC_5803051,5060077790,2,test
GRDC_5803089,5060077790,2,test
GRDC_5803090,5060077790,2,test
GRDC_5803120,5060077790,2,test
GRDC_5803121,5060077790,2,test
GRDC_5803130,5060077790,2,test
GRDC_5803131,5060077790,2,test
GRDC_5803140,5060077790,2,test
GRDC_5803141,5060077790,2,test
GRDC_5803150,5060077790,2,test
GRDC_5803151,5060077790,2,test
GRDC_5803160,5060077790,2,test
GRDC_5803170,5060077790,2,test
GRDC_5803171,5060077790,2,test
GRDC_5803178,5060077790,2,test
GRDC_5803179,5060077790,2,test
GRDC_5803180,5060077790,2,test
GRDC_5803182,5060077790,2,test
GRDC_5803183,5060077790,2,test
GRDC_5803185,5060077790,2,test
GRDC_5803186,5060077790,2,test
GRDC_5803187,5060077790,2,test
GRDC_5803190,5060077790,2,test
GRDC_5803200,5060077790,2,test
GRDC_5803225,5060077790,2,test
GRDC_5803300,5060077790,2,test
GRDC_5803310,5060077790,2,test
GRDC_5803520,5060077790,2,test
GRDC_5803600,5060077790,2,test
GRDC_5803601,5060077790,2,test
GRDC_5803602,5060077790,2,test
GRDC_5803680,5060077790,2,test
GRDC_5803690,5060077790,2,test
GRDC_5803700,5060077790,2,test
GRDC_5803701,5060077790,2,test
GRDC_5803750,5060077790,2,test
GRDC_5803751,5060077790,2,test
GRDC_5803800,5060077790,2,test
GRDC_5863030,5060085980,3,test
GRDC_5863050,5060085980,3,test
GRDC_5863110,5060086750,3,train
GRDC_5863120,5060086740,3,train
GRDC_5863150,5060086750,3,train
GRDC_5863200,5060085980,3,test
GRDC_5863210,5060085980,3,test
GRDC_5864200,5060086750,3,train
GRDC_5864210,5060086750,3,train
GRDC_5864300,5060087240,0,train
GRDC_5864330,5060087240,0,train
GRDC_5864350,5060087240,0,train
GRDC_5864500,5060087250,2,train
GRDC_5864501,5060087250,2,train
GRDC_5864700,5060085040,4,train
GRDC_5864701,5060085040,4,train
GRDC_5865100,5060085980,3,test
GRDC_5865101,5060085980,3,test
GRDC_5865121,5060085220,4,train
GRDC_5865300,5060085810,1,train
GRDC_5865301,5060085810,1,train
GRDC_5865400,5060085300,2,train
GRDC_5865500,5060085810,1,train
GRDC_5865550,5060085290,3,train
GRDC_5865600,5060085290,3,train
GRDC_5865601,5060085290,3,train
GRDC_5865650,5060085230,3,train
GRDC_5865670,5060085230,3,train
GRDC_5865800,5060085300,2,train
GRDC_5865810,5060085300,2,train
GRDC_5865900,5060085040,4,train
GRDC_5866100,5060084180,1,train
GRDC_5866110,5060083870,3,test
GRDC_5866111,5060083870,3,test
GRDC_5866115,5060083870,3,test
GRDC_5866120,5060083880,1,train
GRDC_5866130,5060083870,3,test
GRDC_5866150,5060084180,1,train
GRDC_5866200,5060084670,0,train
GRDC_5866210,5060083870,3,test
GRDC_5866230,5060084670,0,train
GRDC_5866300,5060082270,2,test
GRDC_5866301,5060083870,3,test
GRDC_5866310,5060083870,3,test
GRDC_5866500,5060084080,0,train
GRDC_5866600,5060083980,2,val
GRDC_5866610,5060083980,2,val
GRDC_5867200,5060083500,4,train
GRDC_5867250,5060083500,4,train
GRDC_5867300,5060083500,4,train
GRDC_5867350,5060083500,4,train
GRDC_5867400,5060082520,0,train
GRDC_5867510,5060082520,0,train
GRDC_5867550,5060082520,0,train
GRDC_5867700,5060082520,0,train
GRDC_5867710,5060082520,0,train
GRDC_5868050,5060084900,4,train
GRDC_5868100,5060084900,4,train
GRDC_5869400,5060082510,0,train
GRDC_5869401,5060082510,0,train
GRDC_5869501,5060082510,0,train
GRDC_5870500,5060083490,4,test
GRDC_5870600,5060083490,4,test
GRDC_5870650,5060083490,4,test
GRDC_5870655,5060083490,4,test
GRDC_5870700,5060083490,4,test
GRDC_6140100,2060024170,2,test
GRDC_6140101,2060024170,2,test
GRDC_6140120,2060024170,2,test
GRDC_6140130,2060024170,2,test
GRDC_6140140,2060024170,2,test
GRDC_6140150,2060024170,2,test
GRDC_6140250,2060024170,2,test
GRDC_6140280,2060024170,2,test
GRDC_6140300,2060024170,2,test
GRDC_6140400,2060024170,2,test
GRDC_6140401,2060024170,2,test
GRDC_6140450,2060024170,2,test
GRDC_6140480,2060024170,2,test
GRDC_6140481,2060024170,2,test
GRDC_6140500,2060024170,2,test
GRDC_6140600,2060024170,2,test
GRDC_6140700,2060024170,2,test
GRDC_6142100,2060008490,3,train
GRDC_6142101,2060008490,3,train
GRDC_6142110,2060008490,3,train
GRDC_6142120,2060008490,3,train
GRDC_6142160,2060008490,3,train
GRDC_6142170,2060008490,3,train
GRDC_6142190,2060008490,3,train
GRDC_6142250,2060008490,3,train
GRDC_6142260,2060008490,3,train
GRDC_6142270,2060008490,3,train
GRDC_6142300,2060008490,3,train
GRDC_6157100,2060026060,3,test
GRDC_6172005,2060028110,2,train
GRDC_6172010,2060027540,3,train
GRDC_6172011,2060027540,3,train
GRDC_6172012,2060027540,3,train
GRDC_6172013,2060027540,3,train
GRDC_6172014,2060027540,3,train
GRDC_6172015,2060027540,3,train
GRDC_6172016,2060027540,3,train
GRDC_6172020,2060027530,2,test
GRDC_6172021,2060027540,3,train
GRDC_6172022,2060027540,3,train
GRDC_6172023,2060027540,3,train
GRDC_6172024,2060027540,3,train
GRDC_6172026,2060027540,3,train
GRDC_6172028,2060027540,3,train
GRDC_6172029,2060027540,3,train
GRDC_6172030,2060028110,2,train
GRDC_6172031,2060056990,0,train
GRDC_6172032,2060027540,3,train
GRDC_6172033,2060028110,2,train
GRDC_6172035,2060027540,3,train
GRDC_6172036,2060027540,3,train
GRDC_6172037,2060028110,2,train
GRDC_6172039,2060027530,2,test
GRDC_6172040,2060056990,0,train
GRDC_6172041,2060027530,2,test
GRDC_6172042,2060027530,2,test
GRDC_6172043,2060027530,2,test
GRDC_6172050,2060027530,2,test
GRDC_6172052,2060027530,2,test
GRDC_6172053,2060027530,2,test
GRDC_6172054,2060027530,2,test
GRDC_6172055,2060028110,2,train
GRDC_6172056,2060027530,2,test
GRDC_6172057,2060027540,3,train
GRDC_6172058,2060028110,2,train
GRDC_6172200,2060028110,2,train
GRDC_6172220,2060028110,2,train
GRDC_6172224,2060028110,2,train
GRDC_6172230,2060028110,2,train
GRDC_6172232,2060028110,2,train
GRDC_6172236,2060028110,2,train
GRDC_6172240,2060028110,2,train
GRDC_6172250,2060028110,2,train
GRDC_6172260,2060028110,2,train
GRDC_6172270,2060028110,2,train
GRDC_6172280,2060028110,2,train
GRDC_6172290,2060028110,2,train
GRDC_6172292,2060027350,2,test
GRDC_6172350,2060028110,2,train
GRDC_6172351,2060028110,2,train
GRDC_6210100,2060019830,0,train
GRDC_6210210,2060019420,2,train
GRDC_6210220,2060019420,2,train
GRDC_6210230,2060019420,2,train
GRDC_6210310,2060019420,2,train
GRDC_6210320,2060019420,2,train
GRDC_6210330,2060019420,2,train
GRDC_6210410,2060019820,0,test
GRDC_6210510,2060019830,0,train
GRDC_6211050,2060019310,4,train
GRDC_6211100,2060019310,4,train
GRDC_6211150,2060019310,4,train
GRDC_6211160,2060019310,4,train
GRDC_6211170,2060019310,4,train
GRDC_6211180,2060019310,4,train
GRDC_6211185,2060019310,4,train
GRDC_6211500,2060019310,4,train
GRDC_6211520,2060019310,4,train
GRDC_6211610,2060019310,4,train
GRDC_6211620,2060019310,4,train
GRDC_6212320,2060019150,4,test
GRDC_6212330,2060019150,4,test
GRDC_6212400,2060019150,4,test
GRDC_6212410,2060019150,4,test
GRDC_6212420,2060019150,4,test
GRDC_6212430,2060019150,4,test
GRDC_6212440,2060019150,4,test
GRDC_6212450,2060019150,4,test
GRDC_6212460,2060019150,4,test
GRDC_6212470,2060019150,4,test
GRDC_6212480,2060019150,4,test
GRDC_6212500,2060019150,4,test
GRDC_6212505,2060019150,4,test
GRDC_6212510,2060019150,4,test
GRDC_6212515,2060019150,4,test
GRDC_6212550,2060019150,4,test
GRDC_6212610,2060019150,4,test
GRDC_6212620,2060019150,4,test
GRDC_6212630,2060019150,4,test
GRDC_6212700,2060019150,4,test
GRDC_6212710,2060019150,4,test
GRDC_6212720,2060019150,4,test
GRDC_6212740,2060019150,4,test
GRDC_6212750,2060019150,4,test
GRDC_6212760,2060019150,4,test
GRDC_6212780,2060019150,4,test
GRDC_6212810,2060019150,4,test
GRDC_6212820,2060019150,4,test
GRDC_6212830,2060019150,4,test
GRDC_6212840,2060019150,4,test
GRDC_6212850,2060019150,4,test
GRDC_6212860,2060019150,4,test
GRDC_6212870,2060019150,4,test
GRDC_6213500,2060018840,4,train
GRDC_6213510,2060018840,4,train
GRDC_6213520,2060018840,4,train
GRDC_6213530,2060018840,4,train
GRDC_6213540,2060018840,4,train
GRDC_6213650,2060018840,4,train
GRDC_6213700,2060018840,4,train
GRDC_6213750,2060018840,4,train
GRDC_6213760,2060018840,4,train
GRDC_6213770,2060018840,4,train
GRDC_6213780,2060018840,4,train
GRDC_6213790,2060018840,4,train
GRDC_6213792,2060018840,4,train
GRDC_6213794,2060018840,4,train
GRDC_6213800,2060018840,4,train
GRDC_6213850,2060018840,4,train
GRDC_6213900,2060018840,4,train
GRDC_6216500,2060018460,0,train
GRDC_6216510,2060018460,0,train
GRDC_6216520,2060018460,0,train
GRDC_6216530,2060018460,0,train
GRDC_6216610,2060018460,0,train
GRDC_6216630,2060018460,0,train
GRDC_6216650,2060018460,0,train
GRDC_6216700,2060018460,0,train
GRDC_6216800,2060018460,0,train
GRDC_6216810,2060018460,0,train
GRDC_6216820,2060018460,0,train
GRDC_6217100,2060018360,4,train
GRDC_6217110,2060018360,4,train
GRDC_6217120,2060018360,4,train
GRDC_6217135,2060018360,4,train
GRDC_6217140,2060018360,4,train
GRDC_6217150,2060018360,4,train
GRDC_6217200,2060018360,4,train
GRDC_6217300,2060018360,4,train
GRDC_6217400,2060018360,4,train
GRDC_6217500,2060018360,4,train
GRDC_6217600,2060018360,4,train
GRDC_6217700,2060018360,4,train
GRDC_6217800,2060018360,4,train
GRDC_6220100,2060022770,4,train
GRDC_6220101,2060022770,4,train
GRDC_6220110,2060022770,4,train
GRDC_6220111,2060022770,4,train
GRDC_6220112,2060022770,4,train
GRDC_6220120,2060022770,4,train
GRDC_6220160,2060022770,4,train
GRDC_6220161,2060022770,4,train
GRDC_6220162,2060022770,4,train
GRDC_6220170,2060022770,4,train
GRDC_6220175,2060022770,4,train
GRDC_6220201,2060022770,4,train
GRDC_6220203,2060022770,4,train
GRDC_6220204,2060022770,4,train
GRDC_6220210,2060022770,4,train
GRDC_6220300,2060022770,4,train
GRDC_6220301,2060022770,4,train
GRDC_6220320,2060022770,4,train
GRDC_6220330,2060022770,4,train
GRDC_6220345,2060022770,4,train
GRDC_6220350,2060022780,2,train
GRDC_6220360,2060022770,4,train
GRDC_6220361,2060022770,4,train
GRDC_6220362,2060022770,4,train
GRDC_6220370,2060022770,4,train
GRDC_6220500,2060022770,4,train
GRDC_6220501,2060022770,4,train
GRDC_6220502,2060022770,4,train
GRDC_6220510,2060022770,4,train
GRDC_6221100,2060022970,4,train
GRDC_6221101,2060022970,4,train
GRDC_6221102,2060022970,4,train
GRDC_6221110,2060022970,4,train
GRDC_6221120,2060022970,4,train
GRDC_6221130,2060022970,4,train
GRDC_6221131,2060022970,4,train
GRDC_6221140,2060022970,4,train
GRDC_6221200,2060022970,4,train
GRDC_6221500,2060022970,4,train
GRDC_6221501,2060022970,4,train
GRDC_6221510,2060022970,4,train
GRDC_6221550,2060022970,4,train
GRDC_6221551,2060022970,4,train
GRDC_6221560,2060022970,4,train
GRDC_6221570,2060022970,4,train
GRDC_6221600,2060022970,4,train
GRDC_6221610,2060022970,4,train
GRDC_6221620,2060022970,4,train
GRDC_6221630,2060022970,4,train
GRDC_6221640,2060022970,4,train
GRDC_6221660,2060022970,4,train
GRDC_6221670,2060022970,4,train
GRDC_6221680,2060022970,4,train
GRDC_6226100,2060017150,0,train
GRDC_6226200,2060017150,0,train
GRDC_6226210,2060017150,0,train
GRDC_6226220,2060017150,0,train
GRDC_6226230,2060017150,0,train
GRDC_6226250,2060017150,0,train
GRDC_6226300,2060017150,0,train
GRDC_6226310,2060017150,0,train
GRDC_6226350,2060017150,0,train
GRDC_6226390,2060017150,0,train
GRDC_6226400,2060017150,0,train
GRDC_6226420,2060017150,0,train
GRDC_6226430,2060017150,0,train
GRDC_6226440,2060017150,0,train
GRDC_6226450,2060017150,0,train
GRDC_6226460,2060017150,0,train
GRDC_6226470,2060017150,0,train
GRDC_6226480,2060017150,0,train
GRDC_6226490,2060017150,0,train
GRDC_6226500,2060017150,0,train
GRDC_6226550,2060017150,0,train
GRDC_6226600,2060017150,0,train
GRDC_6226640,2060017150,0,train
GRDC_6226650,2060017150,0,train
GRDC_6226690,2060017150,0,train
GRDC_6226700,2060017150,0,train
GRDC_6226800,2060017150,0,train
GRDC_6227100,2060017700,1,train
GRDC_6227130,2060017160,3,val
GRDC_6227150,2060017160,3,val
GRDC_6227160,2060017160,3,val
GRDC_6227170,2060017160,3,val
GRDC_6227300,2060017700,1,train
GRDC_6227410,2060017690,2,test
GRDC_6227420,2060017690,2,test
GRDC_6227430,2060017690,2,test
GRDC_6227440,2060017690,2,test
GRDC_6227500,2060017480,3,train
GRDC_6227510,2060017480,3,train
GRDC_6227520,2060017480,3,train
GRDC_6227530,2060017480,3,train
GRDC_6227610,2060017160,3,val
GRDC_6227620,2060017160,3,val
GRDC_6228600,2060016950,1,train
GRDC_6228700,2060016760,2,train
GRDC_6228800,2060017000,2,train
GRDC_6228810,2060017000,2,train
GRDC_6228820,2060017000,2,train
GRDC_6228900,2060016940,3,train
GRDC_6228910,2060016940,3,train
GRDC_6228920,2060016940,3,train
GRDC_6229100,2060033330,0,val
GRDC_6229110,2060033330,0,val
GRDC_6229120,2060033330,0,val
GRDC_6229130,2060033330,0,val
GRDC_6229140,2060033330,0,val
GRDC_6232101,2060030100,3,val
GRDC_6232900,2060030100,3,val
GRDC_6232901,2060030100,3,val
GRDC_6232905,2060030100,3,val
GRDC_6232910,2060030100,3,val
GRDC_6232911,2060030100,3,val
GRDC_6232913,2060030100,3,val
GRDC_6232916,2060030100,3,val
GRDC_6232930,2060030100,3,val
GRDC_6232960,2060030100,3,val
GRDC_6232970,2060030100,3,val
GRDC_6233100,2060033020,1,train
GRDC_6233110,2060031310,1,train
GRDC_6233112,2060031420,1,val
GRDC_6233113,2060031420,1,val
GRDC_6233114,2060031220,2,val
GRDC_6233116,2060030270,4,train
GRDC_6233118,2060030660,4,train
GRDC_6233120,2060032680,3,train
GRDC_6233122,2060031420,1,val
GRDC_6233124,2060030270,4,train
GRDC_6233126,2060030660,4,train
GRDC_6233128,2060056770,2,train
GRDC_6233130,2060031970,2,train
GRDC_6233132,2060031750,0,train
GRDC_6233133,2060031750,0,train
GRDC_6233134,2060030490,3,train
GRDC_6233140,2060032680,3,train
GRDC_6233150,2060033020,1,train
GRDC_6233160,2060032680,3,train
GRDC_6233163,2060032680,3,train
GRDC_6233165,2060032680,3,train
GRDC_6233170,2060033010,0,val
GRDC_6233180,2060032680,3,train
GRDC_6233190,2060032680,3,train
GRDC_6233200,2060031490,1,train
GRDC_6233201,2060031490,1,train
GRDC_6233203,2060031490,1,train
GRDC_6233204,2060031490,1,train
GRDC_6233205,2060031490,1,train
GRDC_6233210,2060032670,4,train
GRDC_6233220,2060031410,3,train
GRDC_6233221,2060031410,3,train
GRDC_6233222,2060031410,3,train
GRDC_6233223,2060031410,3,train
GRDC_6233225,2060031410,3,train
GRDC_6233227,2060031410,3,train
GRDC_6233230,2060032670,4,train
GRDC_6233233,2060033020,1,train
GRDC_6233240,2060031970,2,train
GRDC_6233250,2060032670,4,train
GRDC_6233300,2060031960,2,train
GRDC_6233301,2060031960,2,train
GRDC_6233302,2060031960,2,train
GRDC_6233310,2060033020,1,train
GRDC_6233315,2060033320,1,train
GRDC_6233320,2060033320,1,train
GRDC_6233325,2060033320,1,train
GRDC_6233350,2060031970,2,train
GRDC_6233360,2060031970,2,train
GRDC_6233365,2060031970,2,train
GRDC_6233366,2060031970,2,train
GRDC_6233367,2060032680,3,train
GRDC_6233400,2060031160,2,train
GRDC_6233401,2060031160,2,train
GRDC_6233402,2060031740,0,train
GRDC_6233403,2060031740,0,train
GRDC_6233406,2060031740,0,train
GRDC_6233410,2060031740,0,train
GRDC_6233411,2060031740,0,train
GRDC_6233412,2060031740,0,train
GRDC_6233413,2060031740,0,train
GRDC_6233414,2060031740,0,train
GRDC_6233415,2060031740,0,train
GRDC_6233416,2060031740,0,train
GRDC_6233417,2060031740,0,train
GRDC_6233418,2060031740,0,train
GRDC_6233419,2060031740,0,train
GRDC_6233421,2060031740,0,train
GRDC_6233422,2060031740,0,train
GRDC_6233423,2060031740,0,train
GRDC_6233424,2060031740,0,train
GRDC_6233425,2060031740,0,train
GRDC_6233440,2060031750,0,train
GRDC_6233450,2060031060,3,test
GRDC_6233460,2060031160,2,train
GRDC_6233465,2060031160,2,train
GRDC_6233470,2060031160,2,train
GRDC_6233500,2060030650,4,train
GRDC_6233501,2060030650,4,train
GRDC_6233502,2060030650,4,train
GRDC_6233510,2060030650,4,train
GRDC_6233520,2060030650,4,train
GRDC_6233523,2060033320,1,train
GRDC_6233525,2060033320,1,train
GRDC_6233527,2060033320,1,train
GRDC_6233528,2060033320,1,train
GRDC_6233530,2060030650,4,train
GRDC_6233540,2060033320,1,train
GRDC_6233550,2060031210,3,train
GRDC_6233551,2060031210,3,train
GRDC_6233552,2060031210,3,train
GRDC_6233555,2060031210,3,train
GRDC_6233600,2060031740,0,train
GRDC_6233610,2060032680,3,train
GRDC_6233650,2060031060,3,test
GRDC_6233652,2060031060,3,test
GRDC_6233680,2060030650,4,train
GRDC_6233690,2060030480,2,val
GRDC_6233692,2060030480,2,val
GRDC_6233700,2060030660,4,train
GRDC_6233710,2060030270,4,train
GRDC_6233720,2060030660,4,train
GRDC_6233730,2060030660,4,train
GRDC_6233740,2060030650,4,train
GRDC_6233750,2060030260,2,val
GRDC_6233752,2060030260,2,val
GRDC_6233754,2060030260,2,val
GRDC_6233755,2060030270,4,train
GRDC_6233780,2060030170,3,train
GRDC_6233785,2060030170,3,train
GRDC_6233800,2060030170,3,train
GRDC_6233850,2060030160,4,train
GRDC_6233870,2060030110,0,test
GRDC_6233902,2060031960,2,train
GRDC_6235100,2060023010,4,test
GRDC_6235101,2060023010,4,test
GRDC_6235102,2060023010,4,test
GRDC_6235110,2060023010,4,test
GRDC_6235200,2060023010,4,test
GRDC_6235210,2060023010,4,test
GRDC_6235300,2060023010,4,test
GRDC_6235400,2060023010,4,test
GRDC_6235500,2060023010,4,test
GRDC_6235530,2060023010,4,test
GRDC_6235535,2060023010,4,test
GRDC_6238100,2060022610,4,val
GRDC_6238150,2060022620,3,train
GRDC_6242020,2060008490,3,train
GRDC_6242030,2060008490,3,train
GRDC_6242050,2060008490,3,train
GRDC_6242070,2060008490,3,train
GRDC_6242100,2060008490,3,train
GRDC_6242110,2060008490,3,train
GRDC_6242120,2060008490,3,train
GRDC_6242130,2060008490,3,train
GRDC_6242140,2060008490,3,train
GRDC_6242150,2060008490,3,train
GRDC_6242160,2060008490,3,train
GRDC_6242170,2060008490,3,train
GRDC_6242180,2060008490,3,train
GRDC_6242200,2060008490,3,train
GRDC_6242240,2060008490,3,train
GRDC_6242250,2060008490,3,train
GRDC_6242251,2060008490,3,train
GRDC_6242260,2060008490,3,train
GRDC_6242270,2060008490,3,train
GRDC_6242280,2060008490,3,train
GRDC_6242281,2060008490,3,train
GRDC_6242290,2060008490,3,train
GRDC_6242300,2060008490,3,train
GRDC_6242310,2060008490,3,train
GRDC_6242400,2060008490,3,train
GRDC_6242401,2060008490,3,train
GRDC_6242410,2060008490,3,train
GRDC_6242420,2060008490,3,train
GRDC_6242500,2060008490,3,train
GRDC_6242501,2060008490,3,train
GRDC_6242510,2060008490,3,train
GRDC_6242515,2060008490,3,train
GRDC_6242520,2060008490,3,train
GRDC_6242530,2060008490,3,train
GRDC_6242540,2060008490,3,train
GRDC_6242550,2060008490,3,train
GRDC_6242555,2060008490,3,train
GRDC_6242560,2060008490,3,train
GRDC_6242570,2060008490,3,train
GRDC_6242600,2060008490,3,train
GRDC_6242610,2060008490,3,train
GRDC_6242613,2060008490,3,train
GRDC_6242615,2060008490,3,train
GRDC_6242620,2060008490,3,train
GRDC_6242621,2060008490,3,train
GRDC_6242630,2060008490,3,train
GRDC_6242631,2060008490,3,train
GRDC_6242700,2060008490,3,train
GRDC_6242710,2060008490,3,train
GRDC_6242715,2060008490,3,train
GRDC_6242800,2060008490,3,train
GRDC_6242810,2060008490,3,train
GRDC_6242820,2060008490,3,train
GRDC_6242830,2060008490,3,train
GRDC_6242850,2060008490,3,train
GRDC_6242910,2060008490,3,train
GRDC_6242920,2060008490,3,train
GRDC_6242930,2060008490,3,train
GRDC_6242933,2060008490,3,train
GRDC_6242940,2060008490,3,train
GRDC_6242950,2060008490,3,train
GRDC_6242951,2060008490,3,train
GRDC_6242952,2060008490,3,train
GRDC_6243030,2060008490,3,train
GRDC_6243050,2060008490,3,train
GRDC_6243110,2060008490,3,train
GRDC_6243120,2060008490,3,train
GRDC_6243200,2060008490,3,train
GRDC_6243201,2060008490,3,train
GRDC_6243210,2060008490,3,train
GRDC_6243220,2060008490,3,train
GRDC_6243230,2060008490,3,train
GRDC_6243235,2060008490,3,train
GRDC_6243240,2060008490,3,train
GRDC_6243245,2060008490,3,train
GRDC_6243250,2060008490,3,train
GRDC_6243260,2060008490,3,train
GRDC_6243270,2060008490,3,train
GRDC_6243300,2060008490,3,train
GRDC_6243350,2060008490,3,train
GRDC_6243355,2060008490,3,train
GRDC_6243360,2060008490,3,train
GRDC_6243400,2060008490,3,train
GRDC_6243410,2060008490,3,train
GRDC_6243450,2060008490,3,train
GRDC_6243800,2060008490,3,train
GRDC_6243810,2060008490,3,train
GRDC_6243830,2060008490,3,train
GRDC_6243850,2060008490,3,train
GRDC_6246100,2060008490,3,train
GRDC_6246110,2060008490,3,train
GRDC_6246120,2060008490,3,train
GRDC_6246121,2060008490,3,train
GRDC_6246130,2060008490,3,train
GRDC_6246140,2060008490,3,train
GRDC_6246145,2060008490,3,train
GRDC_6246150,2060008490,3,train
GRDC_6246155,2060008490,3,train
GRDC_6246160,2060008490,3,train
GRDC_6246161,2060008490,3,train
GRDC_6246165,2060008490,3,train
GRDC_6246170,2060008490,3,train
GRDC_6246180,2060008490,3,train
GRDC_6246185,2060008490,3,train
GRDC_6246190,2060008490,3,train
GRDC_6246195,2060008490,3,train
GRDC_6246400,2060008490,3,train
GRDC_6246590,2060008490,3,train
GRDC_6246600,2060008490,3,train
GRDC_6246601,2060008490,3,train
GRDC_6246605,2060008490,3,train
GRDC_6246610,2060008490,3,train
GRDC_6246611,2060008490,3,train
GRDC_6246612,2060008490,3,train
GRDC_6246620,2060008490,3,train
GRDC_6246630,2060008490,3,train
GRDC_6246631,2060008490,3,train
GRDC_6246632,2060008490,3,train
GRDC_6246633,2060008490,3,train
GRDC_6246635,2060008490,3,train
GRDC_6246700,2060008490,3,train
GRDC_6246701,2060008490,3,train
GRDC_6246710,2060008490,3,train
GRDC_6321100,2060022970,4,train
GRDC_6321200,2060022970,4,train
GRDC_6334270,2060024230,1,val
GRDC_6334280,2060024230,1,val
GRDC_6334800,2060024230,1,val
GRDC_6335020,2060023010,4,test
GRDC_6335030,2060023010,4,test
GRDC_6335031,2060023010,4,test
GRDC_6335032,2060023010,4,test
GRDC_6335035,2060023010,4,test
GRDC_6335040,2060023010,4,test
GRDC_6335045,2060023010,4,test
GRDC_6335046,2060023010,4,test
GRDC_6335048,2060023010,4,test
GRDC_6335050,2060023010,4,test
GRDC_6335055,2060023010,4,test
GRDC_6335060,2060023010,4,test
GRDC_6335070,2060023010,4,test
GRDC_6335075,2060023010,4,test
GRDC_6335076,2060023010,4,test
GRDC_6335080,2060023010,4,test
GRDC_6335081,2060023010,4,test
GRDC_6335082,2060023010,4,test
GRDC_6335083,2060023010,4,test
GRDC_6335100,2060023010,4,test
GRDC_6335113,2060023010,4,test
GRDC_6335115,2060023010,4,test
GRDC_6335116,2060023010,4,test
GRDC_6335117,2060023010,4,test
GRDC_6335125,2060023010,4,test
GRDC_6335150,2060023010,4,test
GRDC_6335155,2060023010,4,test
GRDC_6335156,2060023010,4,test
GRDC_6335160,2060023010,4,test
GRDC_6335165,2060023010,4,test
GRDC_6335167,2060023010,4,test
GRDC_6335170,2060023010,4,test
GRDC_6335175,2060023010,4,test
GRDC_6335180,2060023010,4,test
GRDC_6335190,2060023010,4,test
GRDC_6335200,2060023010,4,test
GRDC_6335240,2060023010,4,test
GRDC_6335290,2060023010,4,test
GRDC_6335291,2060023010,4,test
GRDC_6335300,2060023010,4,test
GRDC_6335301,2060023010,4,test
GRDC_6335302,2060023010,4,test
GRDC_6335303,2060023010,4,test
GRDC_6335304,2060023010,4,test
GRDC_6335310,2060023010,4,test
GRDC_6335320,2060023010,4,test
GRDC_6335350,2060023010,4,test
GRDC_6335351,2060023010,4,test
GRDC_6335360,2060023010,4,test
GRDC_6335400,2060023010,4,test
GRDC_6335410,2060023010,4,test
GRDC_6335450,2060023010,4,test
GRDC_6335451,2060023010,4,test
GRDC_6335460,2060023010,4,test
GRDC_6335461,2060023010,4,test
GRDC_6335465,2060023010,4,test
GRDC_6335470,2060023010,4,test
GRDC_6335485,2060023010,4,test
GRDC_6335500,2060023010,4,test
GRDC_6335510,2060023010,4,test
GRDC_6335520,2060023010,4,test
GRDC_6335521,2060023010,4,test
GRDC_6335530,2060023010,4,test
GRDC_6335540,2060023010,4,test
GRDC_6335550,2060023010,4,test
GRDC_6335551,2060023010,4,test
GRDC_6335560,2060023010,4,test
GRDC_6335565,2060023010,4,test
GRDC_6335570,2060023010,4,test
GRDC_6335571,2060023010,4,test
GRDC_6335580,2060023010,4,test
GRDC_6335600,2060023010,4,test
GRDC_6335601,2060023010,4,test
GRDC_6335602,2060023010,4,test
GRDC_6335603,2060023010,4,test
GRDC_6335604,2060023010,4,test
GRDC_6335606,2060023010,4,test
GRDC_6335610,2060023010,4,test
GRDC_6335620,2060023010,4,test
GRDC_6335621,2060023010,4,test
GRDC_6335635,2060023010,4,test
GRDC_6335640,2060023010,4,test
GRDC_6335650,2060023010,4,test
GRDC_6335651,2060023010,4,test
GRDC_6335660,2060023010,4,test
GRDC_6335665,2060023010,4,test
GRDC_6335670,2060023010,4,test
GRDC_6335671,2060023010,4,test
GRDC_6335675,2060023010,4,test
GRDC_6335676,2060023010,4,test
GRDC_6335677,2060023010,4,test
GRDC_6335680,2060023010,4,test
GRDC_6335681,2060023010,4,test
GRDC_6335690,2060023010,4,test
GRDC_6335695,2060023010,4,test
GRDC_6335696,2060023010,4,test
GRDC_6335697,2060023010,4,test
GRDC_6335700,2060023010,4,test
GRDC_6335710,2060023010,4,test
GRDC_6335720,2060023010,4,test
GRDC_6335725,2060023010,4,test
GRDC_6335730,2060023010,4,test
GRDC_6335735,2060023010,4,test
GRDC_6335800,2060023010,4,test
GRDC_6335810,2060023010,4,test
GRDC_6335820,2060023010,4,test
GRDC_6335830,2060023010,4,test
GRDC_6336050,2060023010,4,test
GRDC_6336500,2060023010,4,test
GRDC_6336510,2060023010,4,test
GRDC_6336800,2060023010,4,test
GRDC_6336900,2060023010,4,test
GRDC_6336910,2060023010,4,test
GRDC_6336920,2060023010,4,test
GRDC_6336930,2060023010,4,test
GRDC_6337050,2060023940,4,test
GRDC_6337060,2060023940,4,test
GRDC_6337100,2060023940,4,test
GRDC_6337200,2060023940,4,test
GRDC_6337250,2060023940,4,test
GRDC_6337300,2060023940,4,test
GRDC_6337310,2060023940,4,test
GRDC_6337320,2060023940,4,test
GRDC_6337330,2060023940,4,test
GRDC_6337340,2060023940,4,test
GRDC_6337350,2060023940,4,test
GRDC_6337400,2060023940,4,test
GRDC_6337410,2060023940,4,test
GRDC_6337500,2060023940,4,test
GRDC_6337501,2060023940,4,test
GRDC_6337502,2060023940,4,test
GRDC_6337503,2060023940,4,test
GRDC_6337504,2060023940,4,test
GRDC_6337505,2060023940,4,test
GRDC_6337506,2060023940,4,test
GRDC_6337507,2060023940,4,test
GRDC_6337508,2060023940,4,test
GRDC_6337509,2060023940,4,test
GRDC_6337510,2060023940,4,test
GRDC_6337511,2060023940,4,test
GRDC_6337512,2060023940,4,test
GRDC_6337513,2060023940,4,test
GRDC_6337514,2060023940,4,test
GRDC_6337515,2060023940,4,test
GRDC_6337516,2060023940,4,test
GRDC_6337517,2060023940,4,test
GRDC_6337518,2060023940,4,test
GRDC_6337519,2060023940,4,test
GRDC_6337520,2060023940,4,test
GRDC_6337521,2060023940,4,test
GRDC_6337530,2060023940,4,test
GRDC_6337540,2060023940,4,test
GRDC_6337541,2060023940,4,test
GRDC_6337542,2060023940,4,test
GRDC_6337550,2060023940,4,test
GRDC_6337560,2060023940,4,test
GRDC_6337570,2060023940,4,test
GRDC_6337580,2060023940,4,test
GRDC_6337590,2060023940,4,test
GRDC_6337600,2060023940,4,test
GRDC_6337601,2060023940,4,test
GRDC_6337610,2060023940,4,test
GRDC_6338010,2060023320,1,train
GRDC_6338100,2060023600,3,test
GRDC_6338110,2060023600,3,test
GRDC_6338120,2060023600,3,test
GRDC_6338130,2060023600,3,test
GRDC_6338140,2060023600,3,test
GRDC_6338150,2060023600,3,test
GRDC_6338160,2060023600,3,test
GRDC_6338161,2060023600,3,test
GRDC_6338162,2060023600,3,test
GRDC_6338163,2060023600,3,test
GRDC_6338200,2060023320,1,train
GRDC_6338201,2060023320,1,train
GRDC_6338210,2060023320,1,train
GRDC_6338250,2060024080,1,train
GRDC_6338260,2060024090,0,train
GRDC_6340050,2060024170,2,test
GRDC_6340070,2060024170,2,test
GRDC_6340110,2060024170,2,test
GRDC_6340120,2060024170,2,test
GRDC_6340130,2060024170,2,test
GRDC_6340140,2060024170,2,test
GRDC_6340150,2060024170,2,test
GRDC_6340160,2060024170,2,test
GRDC_6340170,2060024170,2,test
GRDC_6340180,2060024170,2,test
GRDC_6340190,2060024170,2,test
GRDC_6340200,2060024170,2,test
GRDC_6340210,2060024170,2,test
GRDC_6340215,2060024170,2,test
GRDC_6340216,2060024170,2,test
GRDC_6340218,2060024170,2,test
GRDC_6340220,2060024170,2,test
GRDC_6340225,2060024170,2,test
GRDC_6340300,2060024170,2,test
GRDC_6340301,2060024170,2,test
GRDC_6340302,2060024170,2,test
GRDC_6340303,2060024170,2,test
GRDC_6340310,2060024170,2,test
GRDC_6340315,2060024170,2,test
GRDC_6340320,2060024170,2,test
GRDC_6340330,2060024170,2,test
GRDC_6340335,2060024170,2,test
GRDC_6340340,2060024170,2,test
GRDC_6340350,2060024170,2,test
GRDC_6340360,2060024170,2,test
GRDC_6340365,2060024170,2,test
GRDC_6340366,2060024170,2,test
GRDC_6340400,2060024170,2,test
GRDC_6340410,2060024170,2,test
GRDC_6340415,2060024170,2,test
GRDC_6340420,2060024170,2,test
GRDC_6340430,2060024170,2,test
GRDC_6340440,2060024170,2,test
GRDC_6340500,2060024170,2,test
GRDC_6340501,2060024170,2,test
GRDC_6340510,2060024170,2,test
GRDC_6340515,2060024170,2,test
GRDC_6340600,2060024170,2,test
GRDC_6340610,2060024170,2,test
GRDC_6340611,2060024170,2,test
GRDC_6340612,2060024170,2,test
GRDC_6340613,2060024170,2,test
GRDC_6340620,2060024170,2,test
GRDC_6340621,2060024170,2,test
GRDC_6340625,2060024170,2,test
GRDC_6340627,2060024170,2,test
GRDC_6340628,2060024170,2,test
GRDC_6340630,2060024170,2,test
GRDC_6340631,2060024170,2,test
GRDC_6340635,2060024170,2,test
GRDC_6340670,2060024170,2,test
GRDC_6340671,2060024170,2,test
GRDC_6340700,2060024170,2,test
GRDC_6340800,2060024170,2,test
GRDC_6340810,2060024170,2,test
GRDC_6341300,2060025770,4,test
GRDC_6341301,2060025770,4,test
GRDC_6341400,2060025760,4,test
GRDC_6341500,2060025950,3,train
GRDC_6342050,2060023010,4,test
GRDC_6342070,2060008490,3,train
GRDC_6342081,2060008490,3,train
GRDC_6342100,2060008490,3,train
GRDC_6342105,2060008490,3,train
GRDC_6342110,2060008490,3,train
GRDC_6342120,2060008490,3,train
GRDC_6342125,2060008490,3,train
GRDC_6342130,2060008490,3,train
GRDC_6342200,2060008490,3,train
GRDC_6342201,2060008490,3,train
GRDC_6342210,2060008490,3,train
GRDC_6342220,2060008490,3,train
GRDC_6342230,2060008490,3,train
GRDC_6342500,2060008490,3,train
GRDC_6342501,2060008490,3,train
GRDC_6342502,2060008490,3,train
GRDC_6342510,2060008490,3,train
GRDC_6342512,2060008490,3,train
GRDC_6342513,2060008490,3,train
GRDC_6342520,2060008490,3,train
GRDC_6342521,2060008490,3,train
GRDC_6342522,2060008490,3,train
GRDC_6342525,2060008490,3,train
GRDC_6342530,2060008490,3,train
GRDC_6342531,2060008490,3,train
GRDC_6342540,2060008490,3,train
GRDC_6342570,2060008490,3,train
GRDC_6342600,2060008490,3,train
GRDC_6342610,2060008490,3,train
GRDC_6342611,2060008490,3,train
GRDC_6342620,2060008490,3,train
GRDC_6342625,2060008490,3,train
GRDC_6342630,2060008490,3,train
GRDC_6342640,2060008490,3,train
GRDC_6342650,2060008490,3,train
GRDC_6342655,2060008490,3,train
GRDC_6342660,2060008490,3,train
GRDC_6342670,2060008490,3,train
GRDC_6342675,2060008490,3,train
GRDC_6342800,2060008490,3,train
GRDC_6342810,2060008490,3,train
GRDC_6342820,2060008490,3,train
GRDC_6342830,2060008490,3,train
GRDC_6342840,2060008490,3,train
GRDC_6342900,2060008490,3,train
GRDC_6342910,2060008490,3,train
GRDC_6342920,2060008490,3,train
GRDC_6342925,2060008490,3,train
GRDC_6342926,2060008490,3,train
GRDC_6342927,2060008490,3,train
GRDC_6342928,2060008490,3,train
GRDC_6342930,2060008490,3,train
GRDC_6342931,2060008490,3,train
GRDC_6342935,2060008490,3,train
GRDC_6342940,2060008490,3,train
GRDC_6342945,2060008490,3,train
GRDC_6342947,2060008490,3,train
GRDC_6342950,2060008490,3,train
GRDC_6342951,2060008490,3,train
GRDC_6342960,2060008490,3,train
GRDC_6342970,2060008490,3,train
GRDC_6342980,2060008490,3,train
GRDC_6343100,2060008490,3,train
GRDC_6343110,2060008490,3,train
GRDC_6343111,2060008490,3,train
GRDC_6343120,2060008490,3,train
GRDC_6343500,2060008490,3,train
GRDC_6343510,2060008490,3,train
GRDC_6343520,2060008490,3,train
GRDC_6343530,2060008490,3,train
GRDC_6343531,2060008490,3,train
GRDC_6343535,2060008490,3,train
GRDC_6343537,2060008490,3,train
GRDC_6343550,2060008490,3,train
GRDC_6343555,2060008490,3,train
GRDC_6343560,2060008490,3,train
GRDC_6343570,2060008490,3,train
GRDC_6343900,2060008490,3,train
GRDC_6357010,2060026060,3,test
GRDC_6357020,2060026060,3,test
GRDC_6357500,2060026060,3,test
GRDC_6357501,2060026060,3,test
GRDC_6357502,2060026060,3,test
GRDC_6357503,2060026060,3,test
GRDC_6357505,2060026060,3,test
GRDC_6357510,2060026060,3,test
GRDC_6357520,2060026060,3,test
GRDC_6357521,2060026060,3,test
GRDC_6401070,2060057300,4,train
GRDC_6401080,2060057300,4,train
GRDC_6401090,2060059310,2,train
GRDC_6401110,2060059310,2,train
GRDC_6401111,2060059310,2,train
GRDC_6401120,2060059260,0,train
GRDC_6401130,2060058580,1,train
GRDC_6401140,2060059250,0,train
GRDC_6401150,2060059250,0,train
GRDC_6401160,2060058590,3,val
GRDC_6401200,2060057990,3,train
GRDC_6401250,2060057310,3,train
GRDC_6401300,2060057310,3,train
GRDC_6401310,2060057310,3,train
GRDC_6401400,2060058000,1,train
GRDC_6401440,2060059110,1,test
GRDC_6401460,2060058330,4,train
GRDC_6401500,2060058970,2,test
GRDC_6401601,2060057990,3,train
GRDC_6401610,2060058240,0,train
GRDC_6401702,2060058320,2,train
GRDC_6401703,2060058320,2,train
GRDC_6401800,2060058580,1,train
GRDC_6502101,2060054780,0,train
GRDC_6502110,2060054780,0,train
GRDC_6502140,2060054780,0,train
GRDC_6502141,2060054780,0,train
GRDC_6502150,2060054780,0,train
GRDC_6502151,2060054780,0,train
GRDC_6502160,2060054780,0,train
GRDC_6502170,2060054780,0,train
GRDC_6502171,2060054780,0,train
GRDC_6502810,2060054780,0,train
GRDC_6503100,2060054790,0,train
GRDC_6503105,2060054790,0,train
GRDC_6503120,2060054260,0,train
GRDC_6503121,2060054260,0,train
GRDC_6503130,2060054260,0,train
GRDC_6503131,2060054260,0,train
GRDC_6503151,2060054790,0,train
GRDC_6503160,2060054790,0,train
GRDC_6503180,2060054790,0,train
GRDC_6503201,2060055310,3,test
GRDC_6503250,2060054260,0,train
GRDC_6503260,2060054260,0,train
GRDC_6503280,2060054260,0,train
GRDC_6503281,2060054260,0,train
GRDC_6503282,2060054260,0,train
GRDC_6503291,2060055610,2,train
GRDC_6503300,2060054250,3,train
GRDC_6503301,2060054250,3,train
GRDC_6503350,2060054250,3,train
GRDC_6503351,2060054250,3,train
GRDC_6503352,2060054250,3,train
GRDC_6503353,2060054250,3,train
GRDC_6503354,2060054250,3,train
GRDC_6503370,2060055610,2,train
GRDC_6503400,2060054790,0,train
GRDC_6503410,2060055610,2,train
GRDC_6503500,2060054260,0,train
GRDC_6503501,2060054260,0,train
GRDC_6503800,2060055610,2,train
GRDC_6503851,2060055610,2,train
GRDC_6503852,2060055610,2,train
GRDC_6503853,2060055610,2,train
GRDC_6503855,2060055610,2,train
GRDC_6593500,2060000360,4,train
GRDC_6593700,2060000360,4,train
GRDC_6593750,2060000360,4,train
GRDC_6593800,2060000350,3,train
GRDC_6594050,2060085720,4,test
GRDC_6594070,2060085720,4,test
GRDC_6594080,2060085720,4,test
GRDC_6594090,2060085720,4,test
GRDC_6729110,2060033490,3,train
GRDC_6729125,2060033490,3,train
GRDC_6729127,2060033490,3,train
GRDC_6729130,2060033900,1,test
GRDC_6729131,2060033900,1,test
GRDC_6729132,2060033490,3,train
GRDC_6729134,2060033900,1,test
GRDC_6729140,2060033900,1,test
GRDC_6729142,2060033490,3,train
GRDC_6729145,2060033680,3,train
GRDC_6729150,2060033900,1,test
GRDC_6729180,2060033900,1,test
GRDC_6729200,2060033900,1,test
GRDC_6729205,2060033900,1,test
GRDC_6729207,2060033900,1,test
GRDC_6729210,2060033900,1,test
GRDC_6729215,2060033900,1,test
GRDC_6729216,2060033900,1,test
GRDC_6729217,2060033900,1,test
GRDC_6729218,2060033900,1,test
GRDC_6729220,2060033900,1,test
GRDC_6729225,2060033900,1,test
GRDC_6729227,2060033890,1,train
GRDC_6729230,2060033900,1,test
GRDC_6729231,2060033900,1,test
GRDC_6729232,2060033850,2,train
GRDC_6729233,2060033850,2,train
GRDC_6729235,2060033900,1,test
GRDC_6729237,2060033900,1,test
GRDC_6729239,2060033900,1,test
GRDC_6729241,2060033900,1,test
GRDC_6729245,2060033900,1,test
GRDC_6729250,2060033900,1,test
GRDC_6729260,2060033890,1,train
GRDC_6729265,2060033900,1,test
GRDC_6729280,2060033860,3,train
GRDC_6729300,2060033670,1,train
GRDC_6729310,2060033670,1,train
GRDC_6729311,2060033670,1,train
GRDC_6729315,2060033670,1,train
GRDC_6729317,2060033680,3,train
GRDC_6729320,2060033680,3,train
GRDC_6729325,2060033670,1,train
GRDC_6729327,2060033670,1,train
GRDC_6729340,2060033770,3,train
GRDC_6729342,2060033770,3,train
GRDC_6729345,2060033770,3,train
GRDC_6729347,2060033770,3,train
GRDC_6729350,2060033500,4,train
GRDC_6729360,2060033500,4,train
GRDC_6729371,2060033860,3,train
GRDC_6729375,2060033860,3,train
GRDC_6729380,2060033850,2,train
GRDC_6729383,2060033850,2,train
GRDC_6729387,2060033850,2,train
GRDC_6729388,2060033770,3,train
GRDC_6729390,2060033770,3,train
GRDC_6729395,2060033900,1,test
GRDC_6729400,2060033490,3,train
GRDC_6729401,2060033490,3,train
GRDC_6729402,2060033490,3,train
GRDC_6729403,2060033490,3,train
GRDC_6729405,2060033490,3,train
GRDC_6729410,2060033490,3,train
GRDC_6729420,2060033500,4,train
GRDC_6729425,2060033500,4,train
GRDC_6729430,2060033490,3,train
GRDC_6729432,2060033490,3,train
GRDC_6729435,2060033490,3,train
GRDC_6729436,2060033490,3,train
GRDC_6729437,2060033490,3,train
GRDC_6729438,2060033500,4,train
GRDC_6729440,2060033490,3,train
GRDC_6729445,2060033680,3,train
GRDC_6729447,2060033680,3,train
GRDC_6729450,2060033490,3,train
GRDC_6729453,2060033490,3,train
GRDC_6729455,2060033490,3,train
GRDC_6729460,2060033490,3,train
GRDC_6729465,2060033490,3,train
GRDC_6729470,2060033670,1,train
GRDC_6729480,2060033670,1,train
GRDC_6729490,2060033780,4,train
GRDC_6729520,2060033770,3,train
GRDC_6729525,2060033770,3,train
GRDC_6729530,2060033490,3,train
GRDC_6729565,2060033670,1,train
GRDC_6729567,2060033670,1,train
GRDC_6729590,2060033490,3,train
GRDC_6729595,2060033490,3,train
GRDC_6729598,2060033490,3,train
GRDC_6729810,2060033900,1,test
GRDC_6729825,2060033490,3,train
GRDC_6729830,2060033490,3,train
GRDC_6729840,2060033900,1,test
GRDC_6730100,2060039350,0,test
GRDC_6730105,2060039030,0,train
GRDC_6730330,2060039350,0,test
GRDC_6730400,2060038530,4,train
GRDC_6730501,2060039020,1,train
GRDC_6730503,2060039020,1,train
GRDC_6730700,2060059510,4,test
GRDC_6730710,2060059510,4,test
GRDC_6730795,2060038530,4,train
GRDC_6730800,2060038530,4,train
GRDC_6731010,2060033900,1,test
GRDC_6731020,2060033900,1,test
GRDC_6731050,2060036350,4,train
GRDC_6731070,2060036350,4,train
GRDC_6731100,2060033900,1,test
GRDC_6731105,2060033900,1,test
GRDC_6731112,2060033900,1,test
GRDC_6731120,2060033900,1,test
GRDC_6731123,2060033900,1,test
GRDC_6731133,2060033900,1,test
GRDC_6731135,2060033900,1,test
GRDC_6731137,2060033900,1,test
GRDC_6731147,2060033900,1,test
GRDC_6731160,2060033900,1,test
GRDC_6731161,2060033900,1,test
GRDC_6731165,2060033900,1,test
GRDC_6731175,2060033900,1,test
GRDC_6731185,2060033900,1,test
GRDC_6731190,2060033900,1,test
GRDC_6731192,2060033900,1,test
GRDC_6731193,2060033900,1,test
GRDC_6731195,2060033900,1,test
GRDC_6731196,2060033900,1,test
GRDC_6731197,2060033900,1,test
GRDC_6731500,2060036340,2,train
GRDC_6731501,2060036340,2,train
GRDC_6731502,2060036340,2,train
GRDC_6731510,2060036350,4,train
GRDC_6731515,2060036350,4,train
GRDC_6731535,2060036350,4,train
GRDC_6731540,2060036350,4,train
GRDC_6731541,2060036350,4,train
GRDC_6731542,2060036350,4,train
GRDC_6731550,2060036350,4,train
GRDC_6731555,2060036710,0,train
GRDC_6731556,2060036710,0,train
GRDC_6731559,2060033900,1,test
GRDC_6731560,2060033900,1,test
GRDC_6731561,2060033900,1,test
GRDC_6731562,2060033900,1,test
GRDC_6731563,2060033900,1,test
GRDC_6731564,2060033900,1,test
GRDC_6731569,2060033900,1,test
GRDC_6731575,2060033900,1,test
GRDC_6731580,2060033900,1,test
GRDC_6731582,2060033900,1,test
GRDC_6731585,2060033900,1,test
GRDC_6731600,2060036930,1,train
GRDC_6731601,2060036930,1,train
GRDC_6731610,2060036940,3,train
GRDC_6731620,2060036280,3,train
GRDC_6731625,2060033900,1,test
GRDC_6731640,2060036930,1,train
GRDC_6731650,2060037080,0,train
GRDC_6731660,2060037240,1,train
GRDC_6731670,2060036720,4,train
GRDC_6731675,2060036940,3,train
GRDC_6731680,2060037230,2,train
GRDC_6731682,2060037230,2,train
GRDC_6731685,2060037240,1,train
GRDC_6731687,2060037240,1,train
GRDC_6731690,2060036350,4,train
GRDC_6731691,2060036350,4,train
GRDC_6731693,2060036350,4,train
GRDC_6731715,2060037080,0,train
GRDC_6731720,2060037070,2,test
GRDC_6731725,2060037080,0,train
GRDC_6731727,2060037080,0,train
GRDC_6731730,2060037240,1,train
GRDC_6731735,2060037240,1,train
GRDC_6731740,2060037240,1,train
GRDC_6731743,2060037240,1,train
GRDC_6731745,2060037240,1,train
GRDC_6731750,2060037240,1,train
GRDC_6731757,2060037240,1,train
GRDC_6731758,2060037240,1,train
GRDC_6731760,2060038010,0,train
GRDC_6731765,2060038010,0,train
GRDC_6731767,2060038010,0,train
GRDC_6731770,2060038010,0,train
GRDC_6731772,2060038010,0,train
GRDC_6731775,2060038010,0,train
GRDC_6731778,2060038010,0,train
GRDC_6731780,2060038530,4,train
GRDC_6731790,2060038530,4,train
GRDC_6731815,2060033900,1,test
GRDC_6731850,2060036720,4,train
GRDC_6731860,2060038530,4,train
GRDC_6731900,2060037240,1,train
GRDC_6731905,2060037240,1,train
GRDC_6731906,2060037240,1,train
GRDC_6731907,2060038000,1,val
GRDC_6731910,2060038520,1,train
GRDC_6731920,2060038520,1,train
GRDC_6731930,2060038530,4,train
GRDC_6731940,2060037240,1,train
GRDC_6733100,2060033320,1,train
GRDC_6733570,2060033320,1,train
GRDC_6733571,2060033320,1,train
GRDC_6733635,2060031060,3,test
GRDC_6733645,2060031060,3,test
GRDC_6830100,2060039390,1,train
GRDC_6830101,2060039390,1,train
GRDC_6830102,2060039390,1,train
GRDC_6830103,2060039390,1,train
GRDC_6830104,2060039390,1,train
GRDC_6830105,2060039390,1,train
GRDC_6830200,2060039350,0,test
GRDC_6830510,2060039020,1,train
GRDC_6830511,2060039020,1,train
GRDC_6830512,2060039020,1,train
GRDC_6832750,2060030100,3,val
GRDC_6832752,2060030100,3,val
GRDC_6832753,2060030100,3,val
GRDC_6832754,2060030100,3,val
GRDC_6832755,2060030100,3,val
GRDC_6832907,2060030100,3,val
GRDC_6832909,2060030100,3,val
GRDC_6832917,2060030100,3,val
GRDC_6832918,2060030100,3,val
GRDC_6832929,2060030100,3,val
GRDC_6836200,2060023010,4,test
GRDC_6836210,2060023010,4,test
GRDC_6836220,2060023010,4,test
GRDC_6836300,2060023010,4,test
GRDC_6836310,2060023010,4,test
GRDC_6836320,2060023010,4,test
GRDC_6836400,2060023010,4,test
GRDC_6836500,2060023010,4,test
GRDC_6836600,2060023010,4,test
GRDC_6836700,2060023010,4,test
GRDC_6836800,2060023010,4,test
GRDC_6854101,2060029320,2,test
GRDC_6854102,2060029320,2,test
GRDC_6854103,2060029320,2,test
GRDC_6854104,2060029320,2,test
GRDC_6854105,2060029320,2,test
GRDC_6854106,2060029320,2,test
GRDC_6854107,2060029320,2,test
GRDC_6854108,2060029320,2,test
GRDC_6854109,2060028670,2,val
GRDC_6854110,2060029320,2,test
GRDC_6854111,2060028670,2,val
GRDC_6854115,2060028670,2,val
GRDC_6854116,2060029320,2,test
GRDC_6854130,2060029330,1,val
GRDC_6854140,2060029330,1,val
GRDC_6854150,2060028670,2,val
GRDC_6854151,2060028670,2,val
GRDC_6854180,2060029330,1,val
GRDC_6854200,2060029570,3,val
GRDC_6854201,2060029570,3,val
GRDC_6854203,2060028660,0,val
GRDC_6854205,2060028310,1,test
GRDC_6854210,2060029580,0,val
GRDC_6854220,2060029580,0,val
GRDC_6854221,2060029580,0,val
GRDC_6854250,2060028660,0,val
GRDC_6854260,2060028660,0,val
GRDC_6854270,2060028660,0,val
GRDC_6854271,2060028660,0,val
GRDC_6854272,2060029580,0,val
GRDC_6854273,2060028660,0,val
GRDC_6854280,2060028660,0,val
GRDC_6854281,2060028660,0,val
GRDC_6854300,2060029750,0,train
GRDC_6854301,2060029580,0,val
GRDC_6854310,2060029320,2,test
GRDC_6854320,2060029760,4,train
GRDC_6854330,2060028320,1,train
GRDC_6854340,2060028670,2,val
GRDC_6854350,2060028670,2,val
GRDC_6854400,2060029950,4,val
GRDC_6854420,2060029760,4,train
GRDC_6854500,2060029940,1,val
GRDC_6854510,2060029940,1,val
GRDC_6854520,2060028670,2,val
GRDC_6854560,2060029510,0,train
GRDC_6854570,2060028670,2,val
GRDC_6854580,2060029580,0,val
GRDC_6854590,2060029940,1,val
GRDC_6854591,2060029940,1,val
GRDC_6854592,2060029940,1,val
GRDC_6854593,2060029940,1,val
GRDC_6854600,2060029950,4,val
GRDC_6854601,2060029950,4,val
GRDC_6854602,2060029950,4,val
GRDC_6854610,2060029950,4,val
GRDC_6854620,2060029950,4,val
GRDC_6854630,2060028670,2,val
GRDC_6854650,2060028670,2,val
GRDC_6854660,2060028670,2,val
GRDC_6854700,2060030060,3,val
GRDC_6854701,2060030060,3,val
GRDC_6854702,2060030060,3,val
GRDC_6854703,2060030060,3,val
GRDC_6854704,2060030060,3,val
GRDC_6854705,2060030060,3,val
GRDC_6854706,2060030060,3,val
GRDC_6854707,2060030060,3,val
GRDC_6854708,2060030060,3,val
GRDC_6854709,2060030060,3,val
GRDC_6854710,2060030060,3,val
GRDC_6854711,2060030060,3,val
GRDC_6854712,2060030060,3,val
GRDC_6854713,2060030060,3,val
GRDC_6854714,2060030060,3,val
GRDC_6854716,2060030060,3,val
GRDC_6854719,2060030060,3,val
GRDC_6854720,2060029760,4,train
GRDC_6854722,2060028670,2,val
GRDC_6854730,2060028670,2,val
GRDC_6854800,2060029750,0,train
GRDC_6854801,2060029750,0,train
GRDC_6854802,2060029750,0,train
GRDC_6854810,2060028670,2,val
GRDC_6854820,2060028670,2,val
GRDC_6854900,2060029510,0,train
GRDC_6854901,2060029510,0,train
GRDC_6854910,2060029330,1,val
GRDC_6854940,2060029330,1,val
GRDC_6854950,2060029330,1,val
GRDC_6854954,2060029940,1,val
GRDC_6855400,2060028310,1,test
GRDC_6855401,2060028310,1,test
GRDC_6855402,2060028310,1,test
GRDC_6855403,2060028310,1,test
GRDC_6855404,2060028310,1,test
GRDC_6855406,2060028310,1,test
GRDC_6855407,2060028310,1,test
GRDC_6855408,2060028310,1,test
GRDC_6855409,2060028310,1,test
GRDC_6855410,2060028310,1,test
GRDC_6855411,2060028310,1,test
GRDC_6855412,2060028310,1,test
GRDC_6855440,2060028310,1,test
GRDC_6855450,2060028310,1,test
GRDC_6855460,2060028310,1,test
GRDC_6855470,2060028310,1,test
GRDC_6855480,2060028310,1,test
GRDC_6855662,2060028310,1,test
GRDC_6870600,2060041120,4,train
GRDC_6870630,2060041120,4,train
GRDC_6870640,2060041120,4,train
GRDC_6871100,2060039590,4,val
GRDC_6935020,2060023010,4,test
GRDC_6935050,2060023010,4,test
GRDC_6935051,2060023010,4,test
GRDC_6935052,2060023010,4,test
GRDC_6935053,2060023010,4,test
GRDC_6935054,2060023010,4,test
GRDC_6935055,2060023010,4,test
GRDC_6935060,2060023010,4,test
GRDC_6935065,2060023010,4,test
GRDC_6935070,2060023010,4,test
GRDC_6935080,2060023010,4,test
GRDC_6935090,2060023010,4,test
GRDC_6935100,2060023010,4,test
GRDC_6935101,2060023010,4,test
GRDC_6935102,2060023010,4,test
GRDC_6935120,2060023010,4,test
GRDC_6935145,2060023010,4,test
GRDC_6935146,2060023010,4,test
GRDC_6935150,2060023010,4,test
GRDC_6935200,2060023010,4,test
GRDC_6935210,2060023010,4,test
GRDC_6935220,2060023010,4,test
GRDC_6935300,2060023010,4,test
GRDC_6935301,2060023010,4,test
GRDC_6935302,2060023010,4,test
GRDC_6935310,2060023010,4,test
GRDC_6935313,2060023010,4,test
GRDC_6935314,2060023010,4,test
GRDC_6935320,2060023010,4,test
GRDC_6935330,2060023010,4,test
GRDC_6935331,2060023010,4,test
GRDC_6935335,2060023010,4,test
GRDC_6935350,2060023010,4,test
GRDC_6935360,2060023010,4,test
GRDC_6935361,2060023010,4,test
GRDC_6935370,2060023010,4,test
GRDC_6935380,2060023010,4,test
GRDC_6935385,2060023010,4,test
GRDC_6935387,2060023010,4,test
GRDC_6935390,2060023010,4,test
GRDC_6935400,2060023010,4,test
GRDC_6935401,2060023010,4,test
GRDC_6935402,2060023010,4,test
GRDC_6935403,2060023010,4,test
GRDC_6935404,2060023010,4,test
GRDC_6935410,2060023010,4,test
GRDC_6935411,2060023010,4,test
GRDC_6935412,2060023010,4,test
GRDC_6935420,2060023010,4,test
GRDC_6935430,2060023010,4,test
GRDC_6935440,2060023010,4,test
GRDC_6935450,2060023010,4,test
GRDC_6935460,2060023010,4,test
GRDC_6935500,2060023010,4,test
GRDC_6935510,2060023010,4,test
GRDC_6935530,2060023010,4,test
GRDC_6935535,2060023010,4,test
GRDC_6935540,2060023010,4,test
GRDC_6935541,2060023010,4,test
GRDC_6935545,2060023010,4,test
GRDC_6935550,2060023010,4,test
GRDC_6935560,2060023010,4,test
GRDC_6935570,2060023010,4,test
GRDC_6935580,2060023010,4,test
GRDC_6935590,2060023010,4,test
GRDC_6935600,2060023010,4,test
GRDC_6939050,2060016510,1,train
GRDC_6939100,2060016510,1,train
GRDC_6939110,2060016510,1,train
GRDC_6939200,2060016510,1,train
GRDC_6939205,2060016510,1,train
GRDC_6939500,2060016510,1,train
GRDC_6939501,2060016510,1,train
GRDC_6939510,2060016510,1,train
GRDC_6939520,2060016510,1,train
GRDC_6939550,2060016510,1,train
GRDC_6939650,2060016510,1,train
GRDC_6943100,2060008490,3,train
GRDC_6943110,2060008490,3,train
GRDC_6943115,2060008490,3,train
GRDC_6943150,2060008490,3,train
GRDC_6943160,2060008490,3,train
GRDC_6943170,2060008490,3,train
GRDC_6943180,2060008490,3,train
GRDC_6948100,2060013010,1,val
GRDC_6948110,2060013010,1,val
GRDC_6948111,2060013010,1,val
GRDC_6948120,2060013010,1,val
GRDC_6948150,2060013010,1,val
GRDC_6948360,2060013010,1,val
GRDC_6948520,2060013010,1,val
GRDC_6948530,2060013010,1,val
