gauge_id,main_bas_id,fold,split_role
hysets_01010000,7060038320,4,train
hysets_01010070,7060038320,4,train
hysets_01010100,7060038320,4,train
hysets_01010500,7060038320,4,train
hysets_01012515,7060038320,4,train
hysets_01012520,7060038320,4,train
hysets_01012525,7060038320,4,train
hysets_01012570,7060038320,4,train
hysets_01013500,7060038320,4,train
hysets_01014000,7060038320,4,train
hysets_01016500,7060038320,4,train
hysets_01017060,7060038320,4,train
hysets_01017290,7060038320,4,train
hysets_01017550,7060038320,4,train
hysets_01017900,7060038320,4,train
hysets_01017960,7060038320,4,train
hysets_01018000,7060038320,4,train
hysets_01018035,7060038320,4,train
hysets_01021230,7060038340,2,val
hysets_01021466,7060038340,2,val
hysets_01021480,7060038340,2,val
hysets_01021500,7060038340,2,val
hysets_01022000,7060038340,2,val
hysets_01022260,7060038340,2,val
hysets_01022330,7060038340,2,val
hysets_01022500,7060038340,2,val
hysets_01022800,7060038340,2,val
hysets_01023000,7060038340,2,val
hysets_01024200,7060038340,2,val
hysets_01027200,7060038810,2,train
hysets_01029200,7060038810,2,train
hysets_01030350,7060038810,2,train
hysets_01030500,7060038810,2,train
hysets_01031300,7060038810,2,train
hysets_01031450,7060038810,2,train
hysets_01031500,7060038810,2,train
hysets_01031510,7060038810,2,train
hysets_01031600,7060038810,2,train
hysets_01035000,7060038810,2,train
hysets_01037380,7060038820,2,train
hysets_01038000,7060038820,2,train
hysets_01044550,7060038980,3,train
hysets_01046000,7060038980,3,train
hysets_01047000,7060038980,3,train
hysets_01047200,7060038980,3,train
hysets_01048000,7060038980,3,train
hysets_01048220,7060038980,3,train
hysets_01049130,7060038980,3,train
hysets_01049270,7060038980,3,train
hysets_01049373,7060038980,3,train
hysets_01049396,7060038980,3,train
hysets_01049550,7060038980,3,train
hysets_01052500,7060038980,3,train
hysets_01054200,7060038980,3,train
hysets_01054300,7060038980,3,train
hysets_01055000,7060038980,3,train
hysets_01055500,7060038980,3,train
hysets_01056400,7060038980,3,train
hysets_01057000,7060038980,3,train
hysets_01059090,7060038980,3,train
hysets_01059160,7060038980,3,train
hysets_01059500,7060038980,3,train
hysets_01059800,7060038990,1,train
hysets_01060000,7060038990,1,train
hysets_01063100,7060038990,1,train
hysets_01063452,7060038990,1,train
hysets_01064158,7060038990,1,train
hysets_01064300,7060039060,1,train
hysets_01064400,7060039060,1,train
hysets_01064500,7060039060,1,train
hysets_01064800,7060039060,1,train
hysets_01064801,7060039060,1,train
hysets_01067851,7060039060,1,train
hysets_01067950,7060039070,4,test
hysets_01068980,7060039070,4,test
hysets_01069700,7060039070,4,test
hysets_01069800,7060039070,4,test
hysets_01073000,7060039070,4,test
hysets_010735562,7060039070,4,test
hysets_01073587,7060039070,4,test
hysets_01073750,7060039070,4,test
hysets_01073785,7060039070,4,test
hysets_01073848,7060039070,4,test
hysets_01074500,7060039160,3,train
hysets_01074520,7060039160,3,train
hysets_01075000,7060039160,3,train
hysets_01075500,7060039160,3,train
hysets_01075800,7060039160,3,train
hysets_01076000,7060039160,3,train
hysets_01076500,7060039160,3,train
hysets_01077400,7060039160,3,train
hysets_01078000,7060039160,3,train
hysets_01079600,7060039160,3,train
hysets_01079602,7060039160,3,train
hysets_01079900,7060039160,3,train
hysets_01084500,7060039160,3,train
hysets_01085800,7060039160,3,train
hysets_01086000,7060039160,3,train
hysets_01089000,7060039160,3,train
hysets_01089100,7060039160,3,train
hysets_01089500,7060039160,3,train
hysets_01091000,7060039160,3,train
hysets_01093800,7060039160,3,train
hysets_01093875,7060039160,3,train
hysets_01094000,7060039160,3,train
hysets_01095000,7060039160,3,train
hysets_01095220,7060039160,3,train
hysets_01095375,7060039160,3,train
hysets_01096000,7060039160,3,train
hysets_0109650657,7060039160,3,train
hysets_010965817,7060039160,3,train
hysets_010965844,7060039160,3,train
hysets_010965852,7060039160,3,train
hysets_01096587,7060039160,3,train
hysets_01096906,7060039160,3,train
hysets_01096910,7060039160,3,train
hysets_01097300,7060039160,3,train
hysets_01097380,7060039160,3,train
hysets_01097480,7060039160,3,train
hysets_01098320,7060039160,3,train
hysets_01098340,7060039160,3,train
hysets_01098450,7060039160,3,train
hysets_01100627,7060039160,3,train
hysets_01100700,7060039160,3,train
hysets_01100890,7060039170,3,train
hysets_01101000,7060039170,3,train
hysets_01101300,7060039170,3,train
hysets_01101344,7060039170,3,train
hysets_01101400,7060039170,3,train
hysets_01103025,7060039170,3,train
hysets_01103220,7060039170,3,train
hysets_01103280,7060039170,3,train
hysets_01103455,7060039170,3,train
hysets_01104370,7060039170,3,train
hysets_01104405,7060039170,3,train
hysets_01104440,7060039170,3,train
hysets_01104475,7060039170,3,train
hysets_01104850,7060039170,3,train
hysets_01105554,7060039170,3,train
hysets_01105583,7060039170,3,train
hysets_01105600,7060039170,3,train
hysets_01105660,7060039170,3,train
hysets_01105700,7060039170,3,train
hysets_01105730,7060039170,3,train
hysets_01105800,7060039170,3,train
hysets_01105876,7060039170,3,train
hysets_01105895,7060039170,3,train
hysets_01105933,7060039170,3,train
hysets_01106500,7060039170,3,train
hysets_01106900,7060039170,3,train
hysets_01107000,7060039170,3,train
hysets_01107400,7060039170,3,train
hysets_01108000,7060039170,3,train
hysets_01109070,7060039170,3,train
hysets_01109090,7060039170,3,train
hysets_01109200,7060039170,3,train
hysets_01111050,7060039170,3,train
hysets_01111225,7060039170,3,train
hysets_01111300,7060039170,3,train
hysets_01111400,7060039170,3,train
hysets_01111500,7060039170,3,train
hysets_01112268,7060039170,3,train
hysets_01112700,7060039170,3,train
hysets_01115098,7060039170,3,train
hysets_01115100,7060039170,3,train
hysets_01115110,7060039170,3,train
hysets_01115187,7060039170,3,train
hysets_01115190,7060039170,3,train
hysets_01115280,7060039170,3,train
hysets_01115630,7060039170,3,train
hysets_01115900,7060039170,3,train
hysets_01116300,7060039170,3,train
hysets_01116905,7060039170,3,train
hysets_01117000,7060039170,3,train
hysets_01117100,7060039170,3,train
hysets_01117350,7060039170,3,train
hysets_011173545,7060039170,3,train
hysets_01117370,7060039170,3,train
hysets_01117410,7060039170,3,train
hysets_01117420,7060039170,3,train
hysets_01117424,7060039170,3,train
hysets_01117430,7060039170,3,train
hysets_01117468,7060039170,3,train
hysets_01117471,7060039170,3,train
hysets_01117472,7060039170,3,train
hysets_01117500,7060039170,3,train
hysets_01117800,7060039170,3,train
hysets_01118000,7060039170,3,train
hysets_01118010,7060039170,3,train
hysets_01118300,7060039170,3,train
hysets_01118360,7060039170,3,train
hysets_01118500,7060039170,3,train
hysets_01119260,7060039170,3,train
hysets_01119280,7060039170,3,train
hysets_01119320,7060039170,3,train
hysets_01119382,7060039170,3,train
hysets_01119384,7060039170,3,train
hysets_01119480,7060039170,3,train
hysets_01119820,7060039170,3,train
hysets_01120000,7060039170,3,train
hysets_01120790,7060039170,3,train
hysets_01120800,7060039170,3,train
hysets_01121000,7060039170,3,train
hysets_01121330,7060039170,3,train
hysets_01123000,7060039170,3,train
hysets_011230695,7060039170,3,train
hysets_01125415,7060039170,3,train
hysets_01125490,7060039170,3,train
hysets_01126600,7060039170,3,train
hysets_01126910,7060039170,3,train
hysets_01126923,7060039170,3,train
hysets_01126950,7060039170,3,train
hysets_01127680,7060039170,3,train
hysets_01127729,7060039170,3,train
hysets_01127750,7060039170,3,train
hysets_011277905,7060039170,3,train
hysets_01127821,7060039170,3,train
hysets_01127880,7060039620,2,train
hysets_01129440,7060039620,2,train
hysets_01133000,7060039620,2,train
hysets_01134500,7060039620,2,train
hysets_01134800,7060039620,2,train
hysets_01135000,7060039620,2,train
hysets_01135300,7060039620,2,train
hysets_01137500,7060039620,2,train
hysets_01137940,7060039620,2,train
hysets_01138000,7060039620,2,train
hysets_01139800,7060039620,2,train
hysets_01139833,7060039620,2,train
hysets_01140570,7060039620,2,train
hysets_01140590,7060039620,2,train
hysets_01140600,7060039620,2,train
hysets_01141800,7060039620,2,train
hysets_01142000,7060039620,2,train
hysets_01142500,7060039620,2,train
hysets_01144000,7060039620,2,train
hysets_01145000,7060039620,2,train
hysets_01150800,7060039620,2,train
hysets_01150900,7060039620,2,train
hysets_01152800,7060039620,2,train
hysets_01153500,7060039620,2,train
hysets_01153550,7060039620,2,train
hysets_01154000,7060039620,2,train
hysets_01154950,7060039620,2,train
hysets_01155000,7060039620,2,train
hysets_01155200,7060039620,2,train
hysets_01155300,7060039620,2,train
hysets_01158500,7060039620,2,train
hysets_01159600,7060039620,2,train
hysets_01162500,7060039620,2,train
hysets_01163200,7060039620,2,train
hysets_01165500,7060039620,2,train
hysets_01166105,7060039620,2,train
hysets_01169000,7060039620,2,train
hysets_01169900,7060039620,2,train
hysets_01170100,7060039620,2,train
hysets_01171500,7060039620,2,train
hysets_01171800,7060039620,2,train
hysets_01172680,7060039620,2,train
hysets_01172800,7060039620,2,train
hysets_01173260,7060039620,2,train
hysets_01174000,7060039620,2,train
hysets_01174500,7060039620,2,train
hysets_01174565,7060039620,2,train
hysets_01174570,7060039620,2,train
hysets_01174575,7060039620,2,train
hysets_01174600,7060039620,2,train
hysets_01174900,7060039620,2,train
hysets_01175670,7060039620,2,train
hysets_01176000,7060039620,2,train
hysets_01181000,7060039620,2,train
hysets_01184100,7060039620,2,train
hysets_01184205,7060039620,2,train
hysets_01184280,7060039620,2,train
hysets_01184300,7060039620,2,train
hysets_01184490,7060039620,2,train
hysets_01184500,7060039620,2,train
hysets_01186100,7060039620,2,train
hysets_01186400,7060039620,2,train
hysets_01187300,7060039620,2,train
hysets_01187400,7060039620,2,train
hysets_01187680,7060039620,2,train
hysets_01187800,7060039620,2,train
hysets_01187830,7060039620,2,train
hysets_01187980,7060039620,2,train
hysets_01188000,7060039620,2,train
hysets_01189000,7060039620,2,train
hysets_01189210,7060039620,2,train
hysets_01189390,7060039620,2,train
hysets_01189500,7060039620,2,train
hysets_01190055,7060039620,2,train
hysets_01190057,7060039620,2,train
hysets_01190100,7060039620,2,train
hysets_01190300,7060039620,2,train
hysets_01191500,7060039620,2,train
hysets_01192370,7060039620,2,train
hysets_01192480,7060039620,2,train
hysets_01192610,7060039620,2,train
hysets_01192650,7060039620,2,train
hysets_01192700,7060039620,2,train
hysets_01192704,7060039620,2,train
hysets_01192883,7060039620,2,train
hysets_01192890,7060039620,2,train
hysets_01193500,7060039620,2,train
hysets_01194000,7060039620,2,train
hysets_01194500,7060039620,2,train
hysets_01195000,7060039630,1,val
hysets_01195100,7060039630,1,val
hysets_01195117,7060039630,1,val
hysets_01195200,7060039630,1,val
hysets_01195339,7060039630,1,val
hysets_01195490,7060039630,1,val
hysets_01195500,7060039630,1,val
hysets_01196000,7060039630,1,val
hysets_01196100,7060039630,1,val
hysets_01196150,7060039630,1,val
hysets_01196220,7060039630,1,val
hysets_01196500,7060039630,1,val
hysets_01196580,7060039630,1,val
hysets_01196620,7060039630,1,val
hysets_01196626,7060039630,1,val
hysets_01196680,7060039630,1,val
hysets_01197015,7060039630,1,val
hysets_01198000,7060039630,1,val
hysets_01198030,7060039630,1,val
hysets_01198070,7060039630,1,val
hysets_01198075,7060039630,1,val
hysets_01198125,7060039630,1,val
hysets_01198200,7060039630,1,val
hysets_01198240,7060039630,1,val
hysets_01198300,7060039630,1,val
hysets_01198700,7060039630,1,val
hysets_01198800,7060039630,1,val
hysets_01198851,7060039630,1,val
hysets_01198860,7060039630,1,val
hysets_01198870,7060039630,1,val
hysets_01198880,7060039630,1,val
hysets_01199030,7060039630,1,val
hysets_01199033,7060039630,1,val
hysets_01199050,7060039630,1,val
hysets_01199200,7060039630,1,val
hysets_01199490,7060039630,1,val
hysets_01200000,7060039630,1,val
hysets_01201190,7060039630,1,val
hysets_01201470,7060039630,1,val
hysets_01201487,7060039630,1,val
hysets_01201500,7060039630,1,val
hysets_01201510,7060039630,1,val
hysets_01203000,7060039630,1,val
hysets_012035055,7060039630,1,val
hysets_01203510,7060039630,1,val
hysets_01203600,7060039630,1,val
hysets_01203805,7060039630,1,val
hysets_01204000,7060039630,1,val
hysets_01204800,7060039630,1,val
hysets_01206000,7060039630,1,val
hysets_01206400,7060039630,1,val
hysets_01206500,7060039630,1,val
hysets_01208012,7060039630,1,val
hysets_01208850,7060039630,1,val
hysets_01208950,7060039630,1,val
hysets_01208999,7060039630,1,val
hysets_01209105,7060039630,1,val
hysets_012095493,7060039630,1,val
hysets_01209700,7060039630,1,val
hysets_01209785,7060039630,1,val
hysets_01211110,7060039630,1,val
hysets_01211600,7060039630,1,val
hysets_01212100,7060039630,1,val
hysets_01212500,7060039630,1,val
hysets_01302500,7060064730,3,train
hysets_01303000,7060064730,3,train
hysets_01308000,7060064730,3,train
hysets_01310000,7060064730,3,train
hysets_01310500,7060064730,3,train
hysets_01311000,7060064730,3,train
hysets_01311810,7060064730,3,train
hysets_01311992,7060039870,4,test
hysets_01312000,7060039870,4,test
hysets_01313500,7060039870,4,test
hysets_01314000,7060039870,4,test
hysets_01315081,7060039870,4,test
hysets_01319000,7060039870,4,test
hysets_01321000,7060039870,4,test
hysets_01328000,7060039870,4,test
hysets_01329000,7060039870,4,test
hysets_01329490,7060039870,4,test
hysets_01329500,7060039870,4,test
hysets_01329650,7060039870,4,test
hysets_01330000,7060039870,4,test
hysets_01330500,7060039870,4,test
hysets_01331400,7060039870,4,test
hysets_01332000,7060039870,4,test
hysets_01333000,7060039870,4,test
hysets_01333500,7060039870,4,test
hysets_01334000,7060039870,4,test
hysets_01334500,7060039870,4,test
hysets_01335754,7060039870,4,test
hysets_01342730,7060039870,4,test
hysets_01343060,7060039870,4,test
hysets_01348000,7060039870,4,test
hysets_01349000,7060039870,4,test
hysets_01349150,7060039870,4,test
hysets_01349700,7060039870,4,test
hysets_01349705,7060039870,4,test
hysets_01349711,7060039870,4,test
hysets_01349810,7060039870,4,test
hysets_01349840,7060039870,4,test
hysets_01350000,7060039870,4,test
hysets_01350035,7060039870,4,test
hysets_01350080,7060039870,4,test
hysets_01350120,7060039870,4,test
hysets_01350140,7060039870,4,test
hysets_01350200,7060039870,4,test
hysets_01351000,7060039870,4,test
hysets_01356190,7060039870,4,test
hysets_01358000,7060039870,4,test
hysets_01358500,7060039870,4,test
hysets_01359150,7060039870,4,test
hysets_01359513,7060039870,4,test
hysets_01359750,7060039870,4,test
hysets_01359924,7060039870,4,test
hysets_01360640,7060039870,4,test
hysets_01361000,7060039870,4,test
hysets_01361200,7060039870,4,test
hysets_01361500,7060039870,4,test
hysets_01361570,7060039870,4,test
hysets_01362100,7060039870,4,test
hysets_013621955,7060039870,4,test
hysets_01362198,7060039870,4,test
hysets_01362200,7060039870,4,test
hysets_0136230002,7060039870,4,test
hysets_01362370,7060039870,4,test
hysets_01362380,7060039870,4,test
hysets_01362497,7060039870,4,test
hysets_01363382,7060039870,4,test
hysets_01364959,7060039870,4,test
hysets_01365000,7060039870,4,test
hysets_01365500,7060039870,4,test
hysets_01366650,7060039870,4,test
hysets_01367800,7060039870,4,test
hysets_01368000,7060039870,4,test
hysets_01368500,7060039870,4,test
hysets_01369000,7060039870,4,test
hysets_01370000,7060039870,4,test
hysets_01370500,7060039870,4,test
hysets_01370600,7060039870,4,test
hysets_01371000,7060039870,4,test
hysets_01371500,7060039870,4,test
hysets_01372040,7060039870,4,test
hysets_01372051,7060039870,4,test
hysets_01372065,7060039870,4,test
hysets_01372100,7060039870,4,test
hysets_01372200,7060039870,4,test
hysets_01372300,7060039870,4,test
hysets_01372500,7060039870,4,test
hysets_01372800,7060039870,4,test
hysets_01372850,7060039870,4,test
hysets_01373500,7060039870,4,test
hysets_01373690,7060039870,4,test
hysets_01374420,7060039870,4,test
hysets_01374440,7060039870,4,test
hysets_01374480,7060039870,4,test
hysets_0137449480,7060039870,4,test
hysets_01374531,7060039870,4,test
hysets_01374559,7060039870,4,test
hysets_01374598,7060039870,4,test
hysets_01374781,7060039870,4,test
hysets_01374890,7060039870,4,test
hysets_01374918,7060039870,4,test
hysets_01374930,7060039870,4,test
hysets_01374976,7060039870,4,test
hysets_01374987,7060039870,4,test
hysets_0137499350,7060039870,4,test
hysets_01376270,7060039870,4,test
hysets_01376275,7060039870,4,test
hysets_01376600,7060039880,4,train
hysets_01376850,7060039880,4,train
hysets_01376900,7060039880,4,train
hysets_01377200,7060039880,4,train
hysets_01377300,7060039880,4,train
hysets_01377370,7060039880,4,train
hysets_01378690,7060039920,4,train
hysets_01379000,7060039920,4,train
hysets_01379500,7060039920,4,train
hysets_01379530,7060039920,4,train
hysets_01379630,7060039920,4,train
hysets_01379700,7060039920,4,train
hysets_01379773,7060039920,4,train
hysets_01379790,7060039920,4,train
hysets_01379868,7060039920,4,train
hysets_01381400,7060039920,4,train
hysets_01381500,7060039920,4,train
hysets_01381800,7060039920,4,train
hysets_01381900,7060039920,4,train
hysets_01386000,7060039920,4,train
hysets_01387250,7060039920,4,train
hysets_01387300,7060039920,4,train
hysets_01387450,7060039920,4,train
hysets_01387480,7060039920,4,train
hysets_01387500,7060039920,4,train
hysets_01387890,7060039920,4,train
hysets_01389550,7060039920,4,train
hysets_01389800,7060039920,4,train
hysets_01390200,7060039920,4,train
hysets_01390300,7060039920,4,train
hysets_01390450,7060039920,4,train
hysets_01390500,7060039920,4,train
hysets_01391000,7060039920,4,train
hysets_01391500,7060039920,4,train
hysets_01392210,7060039920,4,train
hysets_01392500,7060039920,4,train
hysets_01393450,7060039930,3,val
hysets_01393500,7060039930,3,val
hysets_01394500,7060039930,3,val
hysets_01395000,7060039930,3,val
hysets_01396091,7060039990,4,test
hysets_01396190,7060039990,4,test
hysets_01396500,7060039990,4,test
hysets_01396580,7060039990,4,test
hysets_01396582,7060039990,4,test
hysets_01396660,7060039990,4,test
hysets_01397500,7060039990,4,test
hysets_01398000,7060039990,4,test
hysets_01398045,7060039990,4,test
hysets_01398107,7060039990,4,test
hysets_01398500,7060039990,4,test
hysets_01399100,7060039990,4,test
hysets_01399200,7060039990,4,test
hysets_01399500,7060039990,4,test
hysets_01399510,7060039990,4,test
hysets_01399525,7060039990,4,test
hysets_01399670,7060039990,4,test
hysets_01399690,7060039990,4,test
hysets_01399700,7060039990,4,test
hysets_01400000,7060039990,4,test
hysets_01400300,7060039990,4,test
hysets_01400500,7060039990,4,test
hysets_01400730,7060039990,4,test
hysets_01400932,7060039990,4,test
hysets_01400953,7060039990,4,test
hysets_01401000,7060039990,4,test
hysets_01401650,7060039990,4,test
hysets_01402000,7060039990,4,test
hysets_01403000,7060039990,4,test
hysets_01403060,7060039990,4,test
hysets_01403150,7060039990,4,test
hysets_01403400,7060039990,4,test
hysets_01403535,7060039990,4,test
hysets_01403540,7060039990,4,test
hysets_01403900,7060039990,4,test
hysets_01405030,7060039990,4,test
hysets_01405300,7060039990,4,test
hysets_01405400,7060039990,4,test
hysets_01405500,7060039990,4,test
hysets_01406050,7060039990,4,test
hysets_01407290,7060040000,2,train
hysets_01407705,7060040000,2,train
hysets_01407760,7060040000,2,train
hysets_01408000,7060040000,2,train
hysets_01408029,7060040000,2,train
hysets_01408120,7060040000,2,train
hysets_01408140,7060040000,2,train
hysets_01408500,7060040000,2,train
hysets_01409000,7060040000,2,train
hysets_01409095,7060040000,2,train
hysets_01409280,7060040000,2,train
hysets_01409400,7060040000,2,train
hysets_0140940810,7060040000,2,train
hysets_01409810,7060040000,2,train
hysets_01410225,7060040000,2,train
hysets_01410500,7060040000,2,train
hysets_01410787,7060040000,2,train
hysets_01410810,7060040000,2,train
hysets_01411000,7060040000,2,train
hysets_01411300,7060040000,2,train
hysets_01411456,7060040000,2,train
hysets_01411485,7060040000,2,train
hysets_01411495,7060040000,2,train
hysets_01411500,7060040000,2,train
hysets_01411800,7060040000,2,train
hysets_01412800,7060040000,2,train
hysets_01413398,7060040360,4,train
hysets_01413408,7060040360,4,train
hysets_01413500,7060040360,4,train
hysets_01414000,7060040360,4,train
hysets_01414500,7060040360,4,train
hysets_01415000,7060040360,4,train
hysets_01415500,7060040360,4,train
hysets_01416500,7060040360,4,train
hysets_01418000,7060040360,4,train
hysets_01418500,7060040360,4,train
hysets_01419000,7060040360,4,train
hysets_01419500,7060040360,4,train
hysets_01420000,7060040360,4,train
hysets_01420500,7060040360,4,train
hysets_01420980,7060040360,4,train
hysets_01421610,7060040360,4,train
hysets_01421618,7060040360,4,train
hysets_01421900,7060040360,4,train
hysets_01422000,7060040360,4,train
hysets_01422500,7060040360,4,train
hysets_01422700,7060040360,4,train
hysets_01422738,7060040360,4,train
hysets_01422747,7060040360,4,train
hysets_01423000,7060040360,4,train
hysets_01423500,7060040360,4,train
hysets_01424000,7060040360,4,train
hysets_0142400103,7060040360,4,train
hysets_01424108,7060040360,4,train
hysets_01424500,7060040360,4,train
hysets_01425500,7060040360,4,train
hysets_01425642,7060040360,4,train
hysets_01425675,7060040360,4,train
hysets_01426000,7060040360,4,train
hysets_01427500,7060040360,4,train
hysets_01427650,7060040360,4,train
hysets_01428000,7060040360,4,train
hysets_01428750,7060040360,4,train
hysets_01431000,7060040360,4,train
hysets_01431620,7060040360,4,train
hysets_01431673,7060040360,4,train
hysets_01431685,7060040360,4,train
hysets_01432000,7060040360,4,train
hysets_01432900,7060040360,4,train
hysets_0143400680,7060040360,4,train
hysets_01434013,7060040360,4,train
hysets_01434017,7060040360,4,train
hysets_01434021,7060040360,4,train
hysets_0143402265,7060040360,4,train
hysets_01434025,7060040360,4,train
hysets_01434105,7060040360,4,train
hysets_01434176,7060040360,4,train
hysets_01434498,7060040360,4,train
hysets_01435000,7060040360,4,train
hysets_01439500,7060040360,4,train
hysets_01439590,7060040360,4,train
hysets_01439800,7060040360,4,train
hysets_01440000,7060040360,4,train
hysets_01440272,7060040360,4,train
hysets_01440400,7060040360,4,train
hysets_01440485,7060040360,4,train
hysets_01442500,7060040360,4,train
hysets_01443280,7060040360,4,train
hysets_01443500,7060040360,4,train
hysets_01445000,7060040360,4,train
hysets_01445430,7060040360,4,train
hysets_01445500,7060040360,4,train
hysets_01446000,7060040360,4,train
hysets_01446600,7060040360,4,train
hysets_01446775,7060040360,4,train
hysets_01446776,7060040360,4,train
hysets_01447500,7060040360,4,train
hysets_01447680,7060040360,4,train
hysets_01448000,7060040360,4,train
hysets_01448500,7060040360,4,train
hysets_01449360,7060040360,4,train
hysets_01450020,7060040360,4,train
hysets_01451420,7060040360,4,train
hysets_01451500,7060040360,4,train
hysets_01451650,7060040360,4,train
hysets_01451800,7060040360,4,train
hysets_01452000,7060040360,4,train
hysets_01452300,7060040360,4,train
hysets_01452500,7060040360,4,train
hysets_01453500,7060040360,4,train
hysets_01454000,7060040360,4,train
hysets_01454500,7060040360,4,train
hysets_01455160,7060040360,4,train
hysets_01455200,7060040360,4,train
hysets_01455355,7060040360,4,train
hysets_01457790,7060040360,4,train
hysets_01458900,7060040360,4,train
hysets_01460800,7060040360,4,train
hysets_01460880,7060040360,4,train
hysets_01461300,7060040360,4,train
hysets_01463500,7060040360,4,train
hysets_01463740,7060040360,4,train
hysets_01464000,7060040360,4,train
hysets_01464500,7060040360,4,train
hysets_01464710,7060040360,4,train
hysets_01464741,7060040360,4,train
hysets_01464750,7060040360,4,train
hysets_01464907,7060040360,4,train
hysets_01464930,7060040360,4,train
hysets_01464984,7060040360,4,train
hysets_01465050,7060040360,4,train
hysets_01465770,7060040360,4,train
hysets_01465780,7060040360,4,train
hysets_01465785,7060040360,4,train
hysets_01465790,7060040360,4,train
hysets_01465798,7060040360,4,train
hysets_01465850,7060040360,4,train
hysets_01466000,7060040360,4,train
hysets_01467019,7060040360,4,train
hysets_01467021,7060040360,4,train
hysets_01467036,7060040360,4,train
hysets_01467042,7060040360,4,train
hysets_01467043,7060040360,4,train
hysets_01467045,7060040360,4,train
hysets_01467048,7060040360,4,train
hysets_01467050,7060040360,4,train
hysets_01467081,7060040360,4,train
hysets_01467083,7060040360,4,train
hysets_01467084,7060040360,4,train
hysets_01467085,7060040360,4,train
hysets_01467086,7060040360,4,train
hysets_01467087,7060040360,4,train
hysets_01467089,7060040360,4,train
hysets_01467150,7060040360,4,train
hysets_01467470,7060040360,4,train
hysets_01467492,7060040360,4,train
hysets_01467500,7060040360,4,train
hysets_01467688,7060040360,4,train
hysets_01467861,7060040360,4,train
hysets_01467950,7060040360,4,train
hysets_01468500,7060040360,4,train
hysets_01470000,7060040360,4,train
hysets_01470729,7060040360,4,train
hysets_01470736,7060040360,4,train
hysets_01470756,7060040360,4,train
hysets_01470779,7060040360,4,train
hysets_01470853,7060040360,4,train
hysets_01471700,7060040360,4,train
hysets_01471710,7060040360,4,train
hysets_01471800,7060040360,4,train
hysets_01471845,7060040360,4,train
hysets_01471875,7060040360,4,train
hysets_01471900,7060040360,4,train
hysets_01471980,7060040360,4,train
hysets_01472157,7060040360,4,train
hysets_01472174,7060040360,4,train
hysets_01472198,7060040360,4,train
hysets_01472199,7060040360,4,train
hysets_01472620,7060040360,4,train
hysets_01472810,7060040360,4,train
hysets_01473120,7060040360,4,train
hysets_01473169,7060040360,4,train
hysets_01473500,7060040360,4,train
hysets_01473870,7060040360,4,train
hysets_01473900,7060040360,4,train
hysets_01473950,7060040360,4,train
hysets_01473980,7060040360,4,train
hysets_01474000,7060040360,4,train
hysets_01475300,7060040360,4,train
hysets_01475510,7060040360,4,train
hysets_01475540,7060040360,4,train
hysets_01475545,7060040360,4,train
hysets_01475548,7060040360,4,train
hysets_01475550,7060040360,4,train
hysets_01475850,7060040360,4,train
hysets_01476030,7060040360,4,train
hysets_01476480,7060040360,4,train
hysets_01476500,7060040360,4,train
hysets_01476600,7060040360,4,train
hysets_01477000,7060040360,4,train
hysets_01477120,7060040360,4,train
hysets_01477800,7060040360,4,train
hysets_01478000,7060040360,4,train
hysets_01478040,7060040360,4,train
hysets_01478120,7060040360,4,train
hysets_01478137,7060040360,4,train
hysets_01478245,7060040360,4,train
hysets_01478500,7060040360,4,train
hysets_01478650,7060040360,4,train
hysets_01479000,7060040360,4,train
hysets_01479197,7060040360,4,train
hysets_01480000,7060040360,4,train
hysets_01480015,7060040360,4,train
hysets_01480095,7060040360,4,train
hysets_01480100,7060040360,4,train
hysets_01480300,7060040360,4,train
hysets_014806318,7060040360,4,train
hysets_01480637,7060040360,4,train
hysets_01480638,7060040360,4,train
hysets_01480650,7060040360,4,train
hysets_01480675,7060040360,4,train
hysets_01480680,7060040360,4,train
hysets_01480800,7060040360,4,train
hysets_01480878,7060040360,4,train
hysets_01480887,7060040360,4,train
hysets_01481500,7060040360,4,train
hysets_01482200,7060040370,1,test
hysets_01483000,7060040000,2,train
hysets_01483153,7060040370,1,test
hysets_01483155,7060040370,1,test
hysets_01483170,7060040370,1,test
hysets_01483200,7060040370,1,test
hysets_01483500,7060040370,1,test
hysets_01483670,7060040370,1,test
hysets_01483700,7060040370,1,test
hysets_01484000,7060040370,1,test
hysets_01484050,7060040370,1,test
hysets_01484270,7060040370,1,test
hysets_01484300,7060040370,1,test
hysets_01484500,7060040370,1,test
hysets_01484534,7060040370,1,test
hysets_01484981,7060040370,1,test
hysets_01484983,7060040370,1,test
hysets_01484985,7060040370,1,test
hysets_01485500,7060040370,1,test
hysets_01486000,7060040370,1,test
hysets_01487000,7060040790,2,train
hysets_01487698,7060040790,2,train
hysets_01488500,7060040790,2,train
hysets_01488600,7060040790,2,train
hysets_01489500,7060040370,1,test
hysets_01490500,7060040800,4,test
hysets_01491000,7060040800,4,test
hysets_01491500,7060040800,4,test
hysets_01492000,7060040800,4,test
hysets_01492500,7060040800,4,test
hysets_01493000,7060040800,4,test
hysets_01493112,7060040800,4,test
hysets_01493500,7060040800,4,test
hysets_01494000,7060040800,4,test
hysets_01494150,7060040800,4,test
hysets_01494500,7060040800,4,test
hysets_01494850,7060040800,4,test
hysets_01495000,7060040800,4,test
hysets_01495500,7060040800,4,test
hysets_01495800,7060040800,4,test
hysets_01496000,7060040800,4,test
hysets_01496200,7060040800,4,test
hysets_01498500,7060041050,1,test
hysets_01498620,7060041050,1,test
hysets_01499000,7060041050,1,test
hysets_01499050,7060041050,1,test
hysets_01499470,7060041050,1,test
hysets_01501000,7060041050,1,test
hysets_01501015,7060041050,1,test
hysets_01501500,7060041050,1,test
hysets_01502000,7060041050,1,test
hysets_01502500,7060041050,1,test
hysets_01502632,7060041050,1,test
hysets_01502731,7060041050,1,test
hysets_01503000,7060041050,1,test
hysets_01505000,7060041050,1,test
hysets_01505500,7060041050,1,test
hysets_01505810,7060041050,1,test
hysets_01507000,7060041050,1,test
hysets_01507470,7060041050,1,test
hysets_01507500,7060041050,1,test
hysets_01507975,7060041050,1,test
hysets_01508000,7060041050,1,test
hysets_01508500,7060041050,1,test
hysets_01508803,7060041050,1,test
hysets_01509000,7060041050,1,test
hysets_01509150,7060041050,1,test
hysets_01510000,7060041050,1,test
hysets_01510500,7060041050,1,test
hysets_01513500,7060041050,1,test
hysets_01513790,7060041050,1,test
hysets_01513831,7060041050,1,test
hysets_01513840,7060041050,1,test
hysets_01514000,7060041050,1,test
hysets_01515000,7060041050,1,test
hysets_01515050,7060041050,1,test
hysets_01516350,7060041050,1,test
hysets_01516500,7060041050,1,test
hysets_01517000,7060041050,1,test
hysets_01518500,7060041050,1,test
hysets_01518862,7060041050,1,test
hysets_01522500,7060041050,1,test
hysets_01525750,7060041050,1,test
hysets_01525981,7060041050,1,test
hysets_01526000,7060041050,1,test
hysets_01526495,7060041050,1,test
hysets_01526980,7060041050,1,test
hysets_01527000,7060041050,1,test
hysets_01527050,7060041050,1,test
hysets_01527500,7060041050,1,test
hysets_01528000,7060041050,1,test
hysets_01530380,7060041050,1,test
hysets_01531250,7060041050,1,test
hysets_01532000,7060041050,1,test
hysets_01532850,7060041050,1,test
hysets_01533800,7060041050,1,test
hysets_01533950,7060041050,1,test
hysets_01534000,7060041050,1,test
hysets_01537500,7060041050,1,test
hysets_01537524,7060041050,1,test
hysets_01537535,7060041050,1,test
hysets_01538000,7060041050,1,test
hysets_01538700,7060041050,1,test
hysets_01539000,7060041050,1,test
hysets_01539200,7060041050,1,test
hysets_01539210,7060041050,1,test
hysets_01539500,7060041050,1,test
hysets_01540200,7060041050,1,test
hysets_01540500,7060041050,1,test
hysets_01541000,7060041050,1,test
hysets_01541308,7060041050,1,test
hysets_01542000,7060041050,1,test
hysets_01542810,7060041050,1,test
hysets_01543000,7060041050,1,test
hysets_01543500,7060041050,1,test
hysets_01544500,7060041050,1,test
hysets_01545600,7060041050,1,test
hysets_01546400,7060041050,1,test
hysets_01546500,7060041050,1,test
hysets_01547100,7060041050,1,test
hysets_01547200,7060041050,1,test
hysets_01547700,7060041050,1,test
hysets_01547770,7060041050,1,test
hysets_01547800,7060041050,1,test
hysets_01547950,7060041050,1,test
hysets_01548000,7060041050,1,test
hysets_01548303,7060041050,1,test
hysets_01548309,7060041050,1,test
hysets_01548408,7060041050,1,test
hysets_01548500,7060041050,1,test
hysets_01549350,7060041050,1,test
hysets_01549500,7060041050,1,test
hysets_01549755,7060041050,1,test
hysets_01549780,7060041050,1,test
hysets_01550000,7060041050,1,test
hysets_01552000,7060041050,1,test
hysets_01552500,7060041050,1,test
hysets_01553120,7060041050,1,test
hysets_01553130,7060041050,1,test
hysets_01553140,7060041050,1,test
hysets_01553600,7060041050,1,test
hysets_01554500,7060041050,1,test
hysets_01555000,7060041050,1,test
hysets_01555400,7060041050,1,test
hysets_01555500,7060041050,1,test
hysets_01555539,7060041050,1,test
hysets_01555830,7060041050,1,test
hysets_01556000,7060041050,1,test
hysets_01556500,7060041050,1,test
hysets_01557100,7060041050,1,test
hysets_01557500,7060041050,1,test
hysets_01558000,7060041050,1,test
hysets_01558098,7060041050,1,test
hysets_01559000,7060041050,1,test
hysets_01559500,7060041050,1,test
hysets_01559700,7060041050,1,test
hysets_01559795,7060041050,1,test
hysets_01560000,7060041050,1,test
hysets_01561000,7060041050,1,test
hysets_01562000,7060041050,1,test
hysets_01562500,7060041050,1,test
hysets_01564997,7060041050,1,test
hysets_01565000,7060041050,1,test
hysets_01565700,7060041050,1,test
hysets_01566000,7060041050,1,test
hysets_01566500,7060041050,1,test
hysets_01567500,7060041050,1,test
hysets_01568000,7060041050,1,test
hysets_01568700,7060041050,1,test
hysets_01568750,7060041050,1,test
hysets_01569000,7060041050,1,test
hysets_01569800,7060041050,1,test
hysets_01569980,7060041050,1,test
hysets_01570000,7060041050,1,test
hysets_01570100,7060041050,1,test
hysets_01570200,7060041050,1,test
hysets_01570500,7060041050,1,test
hysets_01571000,7060041050,1,test
hysets_01571184,7060041050,1,test
hysets_01571500,7060041050,1,test
hysets_0157155014,7060041050,1,test
hysets_01571778,7060041050,1,test
hysets_01571820,7060041050,1,test
hysets_01571827,7060041050,1,test
hysets_01571919,7060041050,1,test
hysets_01572000,7060041050,1,test
hysets_01572025,7060041050,1,test
hysets_01572030,7060041050,1,test
hysets_01572190,7060041050,1,test
hysets_01572950,7060041050,1,test
hysets_01573000,7060041050,1,test
hysets_01573086,7060041050,1,test
hysets_01573095,7060041050,1,test
hysets_01573482,7060041050,1,test
hysets_01573500,7060041050,1,test
hysets_01573560,7060041050,1,test
hysets_01573825,7060041050,1,test
hysets_01573849,7060041050,1,test
hysets_01574000,7060041050,1,test
hysets_01574800,7060041050,1,test
hysets_01575585,7060041050,1,test
hysets_01575735,7060041050,1,test
hysets_01575746,7060041050,1,test
hysets_01576000,7060041050,1,test
hysets_0157608335,7060041050,1,test
hysets_01576085,7060041050,1,test
hysets_01576105,7060041050,1,test
hysets_01576500,7060041050,1,test
hysets_015765185,7060041050,1,test
hysets_015765195,7060041050,1,test
hysets_01576520,7060041050,1,test
hysets_01576521,7060041050,1,test
hysets_01576529,7060041050,1,test
hysets_01576540,7060041050,1,test
hysets_01576697,7060041050,1,test
hysets_01576754,7060041050,1,test
hysets_01576772,7060041050,1,test
hysets_01576787,7060041050,1,test
hysets_01577500,7060041050,1,test
hysets_01578400,7060041050,1,test
hysets_01579000,7060041050,1,test
hysets_01580000,7060041050,1,test
hysets_01580200,7060041050,1,test
hysets_01580520,7060041050,1,test
hysets_01580700,7060041060,1,test
hysets_01581000,7060041060,1,test
hysets_01581500,7060041060,1,test
hysets_01581649,7060041060,1,test
hysets_01581657,7060041060,1,test
hysets_01581658,7060041060,1,test
hysets_01581700,7060041060,1,test
hysets_01581752,7060041060,1,test
hysets_01581810,7060041060,1,test
hysets_01581830,7060041060,1,test
hysets_01581870,7060041060,1,test
hysets_01581940,7060041060,1,test
hysets_01581960,7060041060,1,test
hysets_01582000,7060041060,1,test
hysets_01583000,7060041060,1,test
hysets_01583100,7060041060,1,test
hysets_01583500,7060041060,1,test
hysets_01583580,7060041060,1,test
hysets_01583600,7060041060,1,test
hysets_0158397967,7060041060,1,test
hysets_01583980,7060041060,1,test
hysets_01584050,7060041060,1,test
hysets_01584500,7060041060,1,test
hysets_01585090,7060041060,1,test
hysets_01585095,7060041060,1,test
hysets_01585100,7060041060,1,test
hysets_01585104,7060041060,1,test
hysets_01585105,7060041060,1,test
hysets_01585107,7060041060,1,test
hysets_01585200,7060041060,1,test
hysets_01585230,7060041060,1,test
hysets_01585300,7060041060,1,test
hysets_01585400,7060041060,1,test
hysets_01585500,7060041060,1,test
hysets_01586000,7060041060,1,test
hysets_01586210,7060041060,1,test
hysets_01586610,7060041060,1,test
hysets_01587500,7060041060,1,test
hysets_01588000,7060041060,1,test
hysets_01589100,7060041060,1,test
hysets_01589197,7060041060,1,test
hysets_01589200,7060041060,1,test
hysets_01589290,7060041060,1,test
hysets_01589300,7060041060,1,test
hysets_01589305,7060041060,1,test
hysets_01589312,7060041060,1,test
hysets_01589315,7060041060,1,test
hysets_01589316,7060041060,1,test
hysets_01589317,7060041060,1,test
hysets_01589320,7060041060,1,test
hysets_01589330,7060041060,1,test
hysets_01589352,7060041060,1,test
hysets_01589440,7060041060,1,test
hysets_01589464,7060041060,1,test
hysets_01589478,7060041060,1,test
hysets_01589480,7060041060,1,test
hysets_01589500,7060041060,1,test
hysets_01589501,7060041060,1,test
hysets_01589512,7060041060,1,test
hysets_01589522,7060041060,1,test
hysets_01589795,7060041060,1,test
hysets_01590000,7060041060,1,test
hysets_01590500,7060041060,1,test
hysets_01590700,7060041060,1,test
hysets_01591000,7060041060,1,test
hysets_01591350,7060041060,1,test
hysets_01591400,7060041060,1,test
hysets_01591500,7060041060,1,test
hysets_01591700,7060041060,1,test
hysets_01593500,7060041060,1,test
hysets_01593710,7060041060,1,test
hysets_01594000,7060041060,1,test
hysets_01594400,7060041060,1,test
hysets_01594500,7060041060,1,test
hysets_01594526,7060041060,1,test
hysets_01594600,7060041060,1,test
hysets_01594670,7060041060,1,test
hysets_01594710,7060041060,1,test
hysets_01594800,7060041060,1,test
hysets_01594930,7060041400,4,train
hysets_01594934,7060041400,4,train
hysets_01594936,7060041400,4,train
hysets_01594950,7060041400,4,train
hysets_01595000,7060041400,4,train
hysets_01595300,7060041400,4,train
hysets_01595500,7060041400,4,train
hysets_01596500,7060041400,4,train
hysets_01597000,7060041400,4,train
hysets_01599000,7060041400,4,train
hysets_01599500,7060041400,4,train
hysets_01601000,7060041400,4,train
hysets_01601500,7060041400,4,train
hysets_01603500,7060041400,4,train
hysets_01605500,7060041400,4,train
hysets_01605600,7060041400,4,train
hysets_01606000,7060041400,4,train
hysets_01606500,7060041400,4,train
hysets_01608050,7060041400,4,train
hysets_01608070,7060041400,4,train
hysets_01608400,7060041400,4,train
hysets_01608500,7060041400,4,train
hysets_01609000,7060041400,4,train
hysets_01609500,7060041400,4,train
hysets_01609800,7060041400,4,train
hysets_01610000,7060041400,4,train
hysets_01610155,7060041400,4,train
hysets_01610200,7060041400,4,train
hysets_01610300,7060041400,4,train
hysets_01610400,7060041400,4,train
hysets_01610500,7060041400,4,train
hysets_01611500,7060041400,4,train
hysets_01613000,7060041400,4,train
hysets_01613050,7060041400,4,train
hysets_01613095,7060041400,4,train
hysets_01613525,7060041400,4,train
hysets_01613900,7060041400,4,train
hysets_01614000,7060041400,4,train
hysets_01614090,7060041400,4,train
hysets_01614137,7060041400,4,train
hysets_01614140,7060041400,4,train
hysets_01614500,7060041400,4,train
hysets_01614830,7060041400,4,train
hysets_01615000,7060041400,4,train
hysets_01616000,7060041400,4,train
hysets_01616100,7060041400,4,train
hysets_01616425,7060041400,4,train
hysets_01616500,7060041400,4,train
hysets_01617000,7060041400,4,train
hysets_01617800,7060041400,4,train
hysets_01618000,7060041400,4,train
hysets_01619000,7060041400,4,train
hysets_01619500,7060041400,4,train
hysets_01620500,7060041400,4,train
hysets_01621050,7060041400,4,train
hysets_01621410,7060041400,4,train
hysets_01621470,7060041400,4,train
hysets_01622000,7060041400,4,train
hysets_01623500,7060041400,4,train
hysets_01624000,7060041400,4,train
hysets_01624300,7060041400,4,train
hysets_01624800,7060041400,4,train
hysets_01625000,7060041400,4,train
hysets_01625900,7060041400,4,train
hysets_01626000,7060041400,4,train
hysets_01626500,7060041400,4,train
hysets_01626850,7060041400,4,train
hysets_01627500,7060041400,4,train
hysets_01628060,7060041400,4,train
hysets_01628150,7060041400,4,train
hysets_01628500,7060041400,4,train
hysets_01629500,7060041400,4,train
hysets_01630700,7060041400,4,train
hysets_01631000,7060041400,4,train
hysets_01632000,7060041400,4,train
hysets_01632082,7060041400,4,train
hysets_01632900,7060041400,4,train
hysets_01633000,7060041400,4,train
hysets_01633500,7060041400,4,train
hysets_01634000,7060041400,4,train
hysets_01634500,7060041400,4,train
hysets_01635090,7060041400,4,train
hysets_01635500,7060041400,4,train
hysets_01636210,7060041400,4,train
hysets_01636242,7060041400,4,train
hysets_0163626650,7060041400,4,train
hysets_01636316,7060041400,4,train
hysets_01636464,7060041400,4,train
hysets_01636500,7060041400,4,train
hysets_01636690,7060041400,4,train
hysets_01637000,7060041400,4,train
hysets_01637500,7060041400,4,train
hysets_01638350,7060041400,4,train
hysets_01638420,7060041400,4,train
hysets_01638480,7060041400,4,train
hysets_01638500,7060041400,4,train
hysets_01639000,7060041400,4,train
hysets_01639140,7060041400,4,train
hysets_01639375,7060041400,4,train
hysets_01639500,7060041400,4,train
hysets_01640000,7060041400,4,train
hysets_01640500,7060041400,4,train
hysets_01640965,7060041400,4,train
hysets_01640970,7060041400,4,train
hysets_01641000,7060041400,4,train
hysets_01641500,7060041400,4,train
hysets_01641510,7060041400,4,train
hysets_01642190,7060041400,4,train
hysets_01642438,7060041400,4,train
hysets_01643000,7060041400,4,train
hysets_01643395,7060041400,4,train
hysets_01643500,7060041400,4,train
hysets_01643590,7060041400,4,train
hysets_01643700,7060041400,4,train
hysets_01643805,7060041400,4,train
hysets_01643880,7060041400,4,train
hysets_01644000,7060041400,4,train
hysets_01644280,7060041400,4,train
hysets_01644371,7060041400,4,train
hysets_01644375,7060041400,4,train
hysets_01644600,7060041400,4,train
hysets_01645000,7060041400,4,train
hysets_01645200,7060041400,4,train
hysets_01645704,7060041400,4,train
hysets_01645762,7060041400,4,train
hysets_01645784,7060041400,4,train
hysets_01646000,7060041400,4,train
hysets_01646500,7060041400,4,train
hysets_01646502,7060041400,4,train
hysets_01646550,7060041400,4,train
hysets_01647685,7060041400,4,train
hysets_01647720,7060041400,4,train
hysets_01647850,7060041400,4,train
hysets_01649150,7060041060,1,test
hysets_01649190,7060041060,1,test
hysets_01649500,7060041060,1,test
hysets_01650050,7060041060,1,test
hysets_01650450,7060041060,1,test
hysets_01650500,7060041060,1,test
hysets_01650800,7060041060,1,test
hysets_01651000,7060041060,1,test
hysets_01651800,7060041060,1,test
hysets_01652500,7060041410,1,val
hysets_01653500,7060041060,1,test
hysets_01653600,7060041060,1,test
hysets_01654000,7060041410,1,val
hysets_01654500,7060041410,1,val
hysets_01655000,7060041410,1,val
hysets_01655500,7060041410,1,val
hysets_01656000,7060041410,1,val
hysets_01656100,7060041410,1,val
hysets_01656102,7060041410,1,val
hysets_01656120,7060041410,1,val
hysets_01656500,7060041410,1,val
hysets_01656725,7060041410,1,val
hysets_01656903,7060041410,1,val
hysets_01656960,7060041410,1,val
hysets_01657000,7060041410,1,val
hysets_01657020,7060041410,1,val
hysets_01657415,7060041410,1,val
hysets_01657655,7060041410,1,val
hysets_01657850,7060041410,1,val
hysets_01657895,7060041410,1,val
hysets_01658000,7060041060,1,test
hysets_01658480,7060041410,1,val
hysets_01658500,7060041410,1,val
hysets_01658550,7060041410,1,val
hysets_01658650,7060041410,1,val
hysets_01658698,7060041410,1,val
hysets_01658705,7060041410,1,val
hysets_01659000,7060041410,1,val
hysets_01659500,7060041410,1,val
hysets_01660000,7060041410,1,val
hysets_01660100,7060041410,1,val
hysets_01660380,7060041410,1,val
hysets_01660400,7060041410,1,val
hysets_01660920,7060041060,1,test
hysets_01661000,7060041060,1,test
hysets_01661050,7060041060,1,test
hysets_01661500,7060041060,1,test
hysets_01661800,7060041410,1,val
hysets_01661900,7060041650,2,train
hysets_01662000,7060041650,2,train
hysets_01662500,7060041650,2,train
hysets_01662800,7060041650,2,train
hysets_01663000,7060041650,2,train
hysets_01663500,7060041650,2,train
hysets_01665500,7060041650,2,train
hysets_01666500,7060041650,2,train
hysets_01667500,7060041650,2,train
hysets_01667870,7060041650,2,train
hysets_01668000,7060041650,2,train
hysets_01668500,7060041410,1,val
hysets_01668800,7060041660,3,train
hysets_01669000,7060041660,3,train
hysets_01669500,7060041660,3,train
hysets_01669520,7060041660,3,train
hysets_01670000,7060041660,3,train
hysets_01670180,7060041820,4,val
hysets_01670300,7060041820,4,val
hysets_01671025,7060041820,4,val
hysets_01671100,7060041820,4,val
hysets_01671500,7060041820,4,val
hysets_01672500,7060041820,4,val
hysets_01673500,7060041820,4,val
hysets_01673550,7060041820,4,val
hysets_01673638,7060041820,4,val
hysets_01673800,7060041660,3,train
hysets_01674000,7060041660,3,train
hysets_01674500,7060041660,3,train
hysets_01677000,7060041830,4,train
hysets_01AD002,7060038320,4,train
hysets_01AD003,7060038320,4,train
hysets_01AE001,7060038320,4,train
hysets_01AF007,7060038320,4,train
hysets_01AF009,7060038320,4,train
hysets_01AH005,7060038320,4,train
hysets_01AJ003,7060038320,4,train
hysets_01AJ004,7060038320,4,train
hysets_01AJ010,7060038320,4,train
hysets_01AJ011,7060038320,4,train
hysets_01AK001,7060038320,4,train
hysets_01AK006,7060038320,4,train
hysets_01AK007,7060038320,4,train
hysets_01AL002,7060038320,4,train
hysets_01AL004,7060038320,4,train
hysets_01AL008,7060038320,4,train
hysets_01AM001,7060038320,4,train
hysets_01AN002,7060038320,4,train
hysets_01AP002,7060038320,4,train
hysets_01AP004,7060038320,4,train
hysets_01AP006,7060038320,4,train
hysets_01AQ001,7060038340,2,val
hysets_01AQ008,7060038340,2,val
hysets_01BC001,7060035470,3,train
hysets_01BD004,7060035470,3,train
hysets_01BD008,7060035470,3,train
hysets_01BE001,7060035470,3,train
hysets_01BF001,7060035370,4,train
hysets_01BF004,7060035370,4,train
hysets_01BG005,7060035360,3,train
hysets_01BG008,7060035330,4,train
hysets_01BG009,7060035320,1,test
hysets_01BH007,7060034870,4,train
hysets_01BH008,7060034870,4,train
hysets_01BH012,7060034870,4,train
hysets_01BJ001,7060035480,4,train
hysets_01BJ003,7060035480,4,train
hysets_01BJ007,7060035470,3,train
hysets_01BJ010,7060035480,4,train
hysets_01BJ012,7060035480,4,train
hysets_01BL001,7060035480,4,train
hysets_01BL002,7060035480,4,train
hysets_01BL003,7060035480,4,train
hysets_01BO001,7060035860,2,train
hysets_01BO003,7060035860,2,train
hysets_01BO004,7060035480,4,train
hysets_01BP001,7060035860,2,train
hysets_01BP002,7060035860,2,train
hysets_01BQ001,7060035860,2,train
hysets_01BS001,7060035870,3,train
hysets_01BU002,7060038180,4,train
hysets_01BU009,7060038180,4,train
hysets_01BV004,7060038190,3,val
hysets_01BV006,7060038190,3,val
hysets_01CA003,7060063860,3,val
hysets_01CC005,7060063860,3,val
hysets_01CD005,7060063860,3,val
hysets_01DD002,7060037700,3,train
hysets_01DD005,7060037700,3,train
hysets_01DG003,7060037890,2,train
hysets_01DG006,7060037890,2,train
hysets_01DJ005,7060037900,1,train
hysets_01DL001,7060037900,1,train
hysets_01DN004,7060035870,3,train
hysets_01DO001,7060035870,3,train
hysets_01DP004,7060035870,3,train
hysets_01DR001,7060035870,3,train
hysets_01EC001,7060037350,2,train
hysets_01ED005,7060037340,1,train
hysets_01ED007,7060037340,1,train
hysets_01ED013,7060037340,1,train
hysets_01EE005,7060035870,3,train
hysets_01EF001,7060035870,3,train
hysets_01EG002,7060035870,3,train
hysets_01EJ001,7060035870,3,train
hysets_01EJ004,7060035870,3,train
hysets_01EN002,7060035870,3,train
hysets_01EO001,7060035870,3,train
hysets_01FA001,7060063860,3,val
hysets_01FB001,7060063860,3,val
hysets_01FB003,7060063860,3,val
hysets_01FF001,7060063860,3,val
hysets_01FG001,7060063860,3,val
hysets_01FJ002,7060063860,3,val
hysets_02011400,7060041900,1,test
hysets_02011460,7060041900,1,test
hysets_02011480,7060041900,1,test
hysets_02012000,7060041900,1,test
hysets_02013000,7060041900,1,test
hysets_02014000,7060041900,1,test
hysets_02014500,7060041900,1,test
hysets_02015700,7060041900,1,test
hysets_02016000,7060041900,1,test
hysets_02017000,7060041900,1,test
hysets_02017500,7060041900,1,test
hysets_02018000,7060041900,1,test
hysets_02020500,7060041900,1,test
hysets_02021500,7060041900,1,test
hysets_02022500,7060041900,1,test
hysets_02023000,7060041900,1,test
hysets_02023500,7060041900,1,test
hysets_02024000,7060041900,1,test
hysets_02024300,7060041900,1,test
hysets_02024915,7060041900,1,test
hysets_02025000,7060041900,1,test
hysets_02027000,7060041900,1,test
hysets_02027500,7060041900,1,test
hysets_02027800,7060041900,1,test
hysets_02028000,7060041900,1,test
hysets_02028500,7060041900,1,test
hysets_02030000,7060041900,1,test
hysets_02030500,7060041900,1,test
hysets_02031000,7060041900,1,test
hysets_02031500,7060041900,1,test
hysets_02032250,7060041900,1,test
hysets_02032400,7060041900,1,test
hysets_02032500,7060041900,1,test
hysets_02032640,7060041900,1,test
hysets_02032680,7060041900,1,test
hysets_02034000,7060041900,1,test
hysets_02034500,7060041900,1,test
hysets_02035000,7060041900,1,test
hysets_02036500,7060041900,1,test
hysets_02037500,7060041900,1,test
hysets_02038000,7060041900,1,test
hysets_02038500,7060041900,1,test
hysets_02038830,7060041920,1,train
hysets_02038850,7060041920,1,train
hysets_02038880,7060041920,1,train
hysets_02039000,7060041920,1,train
hysets_02039500,7060041920,1,train
hysets_02040000,7060041920,1,train
hysets_02041000,7060041920,1,train
hysets_02041500,7060041920,1,train
hysets_02042287,7060041830,4,train
hysets_02042426,7060041830,4,train
hysets_02042500,7060041830,4,train
hysets_0204278995,7060041830,4,train
hysets_02043500,7060042040,1,train
hysets_02043550,7060042040,1,train
hysets_02044000,7060042240,2,val
hysets_02044500,7060042240,2,val
hysets_02045200,7060042240,2,val
hysets_02045500,7060042240,2,val
hysets_02046000,7060042240,2,val
hysets_02046500,7060042240,2,val
hysets_02047000,7060042240,2,val
hysets_02047100,7060042240,2,val
hysets_02047500,7060042240,2,val
hysets_02048000,7060042240,2,val
hysets_02049500,7060042240,2,val
hysets_02050160,7060042240,2,val
hysets_02050500,7060042240,2,val
hysets_02051000,7060042240,2,val
hysets_02051500,7060042240,2,val
hysets_02051600,7060042240,2,val
hysets_02052000,7060042240,2,val
hysets_02052500,7060042240,2,val
hysets_02053000,7060042240,2,val
hysets_02053200,7060042240,2,val
hysets_02053244,7060042240,2,val
hysets_02053400,7060042240,2,val
hysets_02053450,7060042240,2,val
hysets_02053500,7060042240,2,val
hysets_02053573,7060042240,2,val
hysets_02053633,7060042250,4,train
hysets_02053800,7060042310,1,train
hysets_02054500,7060042310,1,train
hysets_02054510,7060042310,1,train
hysets_02054530,7060042310,1,train
hysets_02055000,7060042310,1,train
hysets_02055100,7060042310,1,train
hysets_02056000,7060042310,1,train
hysets_02056650,7060042310,1,train
hysets_02056900,7060042310,1,train
hysets_02057000,7060042310,1,train
hysets_02057500,7060042310,1,train
hysets_02058400,7060042310,1,train
hysets_02058500,7060042310,1,train
hysets_02059485,7060042310,1,train
hysets_02059500,7060042310,1,train
hysets_02061000,7060042310,1,train
hysets_02061500,7060042310,1,train
hysets_02063500,7060042310,1,train
hysets_02064000,7060042310,1,train
hysets_02065500,7060042310,1,train
hysets_02066500,7060042310,1,train
hysets_02067000,7060042310,1,train
hysets_02069000,7060042310,1,train
hysets_02069700,7060042310,1,train
hysets_02070000,7060042310,1,train
hysets_02070500,7060042310,1,train
hysets_02071000,7060042310,1,train
hysets_02071530,7060042310,1,train
hysets_02074500,7060042310,1,train
hysets_02075160,7060042310,1,train
hysets_02076000,7060042310,1,train
hysets_02076500,7060042310,1,train
hysets_02077000,7060042310,1,train
hysets_02077200,7060042310,1,train
hysets_02077230,7060042310,1,train
hysets_02077240,7060042310,1,train
hysets_02077660,7060042310,1,train
hysets_02079640,7060042310,1,train
hysets_0208111310,7060042250,4,train
hysets_02081500,7060042320,4,train
hysets_02081740,7060042320,4,train
hysets_02081747,7060042320,4,train
hysets_02081800,7060042320,4,train
hysets_02082000,7060042320,4,train
hysets_02082500,7060042320,4,train
hysets_02082610,7060042320,4,train
hysets_0208273070,7060042320,4,train
hysets_02082731,7060042320,4,train
hysets_02082770,7060042320,4,train
hysets_02082950,7060042320,4,train
hysets_02083000,7060042320,4,train
hysets_0208378372,7060042320,4,train
hysets_02083800,7060042320,4,train
hysets_02084000,7060042320,4,train
hysets_02084160,7060042320,4,train
hysets_02084164,7060042320,4,train
hysets_0208423100,7060042320,4,train
hysets_02084472,7060042320,4,train
hysets_02084540,7060042320,4,train
hysets_02084903,7060042740,2,train
hysets_02084905,7060042740,2,train
hysets_02084909,7060042740,2,train
hysets_02085070,7060042740,2,train
hysets_0208521324,7060042740,2,train
hysets_02085220,7060042740,2,train
hysets_0208524090,7060042740,2,train
hysets_02085500,7060042740,2,train
hysets_02086000,7060042740,2,train
hysets_0208650112,7060042740,2,train
hysets_02086849,7060042740,2,train
hysets_02087000,7060042740,2,train
hysets_0208700780,7060042740,2,train
hysets_0208705200,7060042740,2,train
hysets_02087190,7060042740,2,train
hysets_0208721055,7060042740,2,train
hysets_0208721290,7060042740,2,train
hysets_0208726005,7060042740,2,train
hysets_02087275,7060042740,2,train
hysets_02087324,7060042740,2,train
hysets_0208732810,7060042740,2,train
hysets_0208732885,7060042740,2,train
hysets_0208735012,7060042740,2,train
hysets_02087359,7060042740,2,train
hysets_02087580,7060042740,2,train
hysets_02088000,7060042740,2,train
hysets_02088315,7060042740,2,train
hysets_02088383,7060042740,2,train
hysets_02088470,7060042740,2,train
hysets_02088500,7060042740,2,train
hysets_02088682,7060042740,2,train
hysets_02089216,7060042740,2,train
hysets_0208925200,7060042740,2,train
hysets_02090500,7060042740,2,train
hysets_02090512,7060042740,2,train
hysets_02090625,7060042740,2,train
hysets_02090960,7060042740,2,train
hysets_02091000,7060042740,2,train
hysets_02091700,7060042740,2,train
hysets_0209173190,7060042740,2,train
hysets_0209173200,7060042740,2,train
hysets_02091736,7060042740,2,train
hysets_02091737,7060042740,2,train
hysets_02091814,7060042740,2,train
hysets_02091970,7060042740,2,train
hysets_02092000,7060042740,2,train
hysets_02092020,7060042740,2,train
hysets_0209205053,7060042740,2,train
hysets_02092500,7060042750,3,train
hysets_02093229,7060042750,3,train
hysets_0209331325,7060042940,2,train
hysets_02093500,7060042940,2,train
hysets_02093800,7060042940,2,train
hysets_02093877,7060042940,2,train
hysets_0209387778,7060042940,2,train
hysets_0209399200,7060042940,2,train
hysets_02094000,7060042940,2,train
hysets_02094412,7060042940,2,train
hysets_02094659,7060042940,2,train
hysets_02094770,7060042940,2,train
hysets_02094775,7060042940,2,train
hysets_02095000,7060042940,2,train
hysets_0209509100,7060042940,2,train
hysets_02095181,7060042940,2,train
hysets_02095271,7060042940,2,train
hysets_02095500,7060042940,2,train
hysets_0209560800,7060042940,2,train
hysets_02096000,7060042940,2,train
hysets_02096500,7060042940,2,train
hysets_02096700,7060042940,2,train
hysets_02096842,7060042940,2,train
hysets_02096846,7060042940,2,train
hysets_02096850,7060042940,2,train
hysets_02096960,7060042940,2,train
hysets_02097243,7060042940,2,train
hysets_02097280,7060042940,2,train
hysets_02097314,7060042940,2,train
hysets_0209736050,7060042940,2,train
hysets_0209741955,7060042940,2,train
hysets_02097464,7060042940,2,train
hysets_0209782150,7060042940,2,train
hysets_02098000,7060042940,2,train
hysets_02098500,7060042940,2,train
hysets_02099000,7060042940,2,train
hysets_02100500,7060042940,2,train
hysets_0210166029,7060042940,2,train
hysets_02101726,7060042940,2,train
hysets_02101800,7060042940,2,train
hysets_02102000,7060042940,2,train
hysets_02102908,7060042940,2,train
hysets_02103000,7060042940,2,train
hysets_02103500,7060042940,2,train
hysets_0210382026,7060042940,2,train
hysets_0210382035,7060042940,2,train
hysets_0210382050,7060042940,2,train
hysets_0210382103,7060042940,2,train
hysets_02104220,7060042940,2,train
hysets_02104387,7060042940,2,train
hysets_02105524,7060042940,2,train
hysets_02105769,7060042940,2,train
hysets_02105900,7060042940,2,train
hysets_02106000,7060042940,2,train
hysets_02106500,7060042940,2,train
hysets_02106681,7060042940,2,train
hysets_02107500,7060042940,2,train
hysets_02107600,7060042940,2,train
hysets_0210782005,7060042940,2,train
hysets_0210783230,7060042940,2,train
hysets_0210783273,7060042940,2,train
hysets_0210783276,7060042940,2,train
hysets_0210789100,7060042940,2,train
hysets_02108000,7060042940,2,train
hysets_02108500,7060042940,2,train
hysets_02108548,7060042940,2,train
hysets_02108566,7060042940,2,train
hysets_02109500,7060043090,4,test
hysets_02110500,7060043090,4,test
hysets_02110701,7060043090,4,test
hysets_02110704,7060043090,4,test
hysets_02111000,7060043090,4,test
hysets_02111180,7060043090,4,test
hysets_02111500,7060043090,4,test
hysets_02112120,7060043090,4,test
hysets_02112360,7060043090,4,test
hysets_02113000,7060043090,4,test
hysets_02113850,7060043090,4,test
hysets_02114450,7060043090,4,test
hysets_02115500,7060043090,4,test
hysets_02115750,7060043090,4,test
hysets_02115800,7060043090,4,test
hysets_02115850,7060043090,4,test
hysets_02115856,7060043090,4,test
hysets_02115860,7060043090,4,test
hysets_02115900,7060043090,4,test
hysets_02117030,7060043090,4,test
hysets_02117500,7060043090,4,test
hysets_02118000,7060043090,4,test
hysets_02118500,7060043090,4,test
hysets_02119000,7060043090,4,test
hysets_02120780,7060043090,4,test
hysets_02121180,7060043090,4,test
hysets_02121493,7060043090,4,test
hysets_02123567,7060043090,4,test
hysets_0212393300,7060043090,4,test
hysets_02124080,7060043090,4,test
hysets_0212414900,7060043090,4,test
hysets_0212419274,7060043090,4,test
hysets_02124269,7060043090,4,test
hysets_0212427947,7060043090,4,test
hysets_0212429960,7060043090,4,test
hysets_0212433550,7060043090,4,test
hysets_02124471,7060043090,4,test
hysets_0212466000,7060043090,4,test
hysets_0212467595,7060043090,4,test
hysets_02124692,7060043090,4,test
hysets_02124742,7060043090,4,test
hysets_02125000,7060043090,4,test
hysets_0212501005,7060043090,4,test
hysets_02125557,7060043090,4,test
hysets_02125696,7060043090,4,test
hysets_02125699,7060043090,4,test
hysets_02125816,7060043090,4,test
hysets_02126000,7060043090,4,test
hysets_02127000,7060043090,4,test
hysets_02128000,7060043090,4,test
hysets_02129590,7060043090,4,test
hysets_02130500,7060043090,4,test
hysets_02130561,7060043090,4,test
hysets_02130600,7060043090,4,test
hysets_02130900,7060043090,4,test
hysets_02130980,7060043090,4,test
hysets_02131110,7060043090,4,test
hysets_02131150,7060043090,4,test
hysets_02131309,7060043090,4,test
hysets_02131320,7060043090,4,test
hysets_02131472,7060043090,4,test
hysets_02131500,7060043090,4,test
hysets_02132320,7060043090,4,test
hysets_02132500,7060043090,4,test
hysets_02133500,7060043090,4,test
hysets_02133624,7060043090,4,test
hysets_02134170,7060043090,4,test
hysets_02134480,7060043090,4,test
hysets_02134500,7060043090,4,test
hysets_02135000,7060043090,4,test
hysets_02135060,7060043090,4,test
hysets_02135200,7060043090,4,test
hysets_02135300,7060043100,1,train
hysets_02135517,7060043100,1,train
hysets_02135520,7060043100,1,train
hysets_02136000,7060043100,1,train
hysets_02137000,7060043160,1,train
hysets_02137727,7060043160,1,train
hysets_02138000,7060043160,1,train
hysets_02138500,7060043160,1,train
hysets_0213875850,7060043160,1,train
hysets_02139200,7060043160,1,train
hysets_0214042720,7060043160,1,train
hysets_02140991,7060043160,1,train
hysets_02141150,7060043160,1,train
hysets_02141245,7060043160,1,train
hysets_0214183365,7060043160,1,train
hysets_02142000,7060043160,1,train
hysets_0214253830,7060043160,1,train
hysets_02142651,7060043160,1,train
hysets_02142654,7060043160,1,train
hysets_0214266000,7060043160,1,train
hysets_0214266080,7060043160,1,train
hysets_0214269560,7060043160,1,train
hysets_02142900,7060043160,1,train
hysets_02142914,7060043160,1,train
hysets_0214291555,7060043160,1,train
hysets_0214295600,7060043160,1,train
hysets_02143000,7060043160,1,train
hysets_02143040,7060043160,1,train
hysets_02143500,7060043160,1,train
hysets_02144000,7060043160,1,train
hysets_02145000,7060043160,1,train
hysets_02145642,7060043160,1,train
hysets_02146110,7060043160,1,train
hysets_0214620760,7060043160,1,train
hysets_02146211,7060043160,1,train
hysets_0214627970,7060043160,1,train
hysets_02146285,7060043160,1,train
hysets_02146300,7060043160,1,train
hysets_02146315,7060043160,1,train
hysets_02146348,7060043160,1,train
hysets_02146381,7060043160,1,train
hysets_02146409,7060043160,1,train
hysets_0214642825,7060043160,1,train
hysets_02146450,7060043160,1,train
hysets_0214645022,7060043160,1,train
hysets_02146470,7060043160,1,train
hysets_02146500,7060043160,1,train
hysets_02146507,7060043160,1,train
hysets_02146530,7060043160,1,train
hysets_0214655255,7060043160,1,train
hysets_02146562,7060043160,1,train
hysets_02146579,7060043160,1,train
hysets_02146600,7060043160,1,train
hysets_02146670,7060043160,1,train
hysets_02146700,7060043160,1,train
hysets_02146750,7060043160,1,train
hysets_0214676115,7060043160,1,train
hysets_0214677974,7060043160,1,train
hysets_0214678175,7060043160,1,train
hysets_0214678230,7060043160,1,train
hysets_02146800,7060043160,1,train
hysets_02146820,7060043160,1,train
hysets_02146900,7060043160,1,train
hysets_02147126,7060043160,1,train
hysets_02147240,7060043160,1,train
hysets_021473428,7060043160,1,train
hysets_02147500,7060043160,1,train
hysets_02148071,7060043160,1,train
hysets_02148300,7060043160,1,train
hysets_02148315,7060043160,1,train
hysets_02149000,7060043160,1,train
hysets_02149702,7060043160,1,train
hysets_02150000,7060043160,1,train
hysets_02150495,7060043160,1,train
hysets_02151000,7060043160,1,train
hysets_02151500,7060043160,1,train
hysets_02152100,7060043160,1,train
hysets_02152285,7060043160,1,train
hysets_02152474,7060043160,1,train
hysets_02152500,7060043160,1,train
hysets_02152610,7060043160,1,train
hysets_02153590,7060043160,1,train
hysets_02153680,7060043160,1,train
hysets_02153780,7060043160,1,train
hysets_02153800,7060043160,1,train
hysets_02154790,7060043160,1,train
hysets_02155600,7060043160,1,train
hysets_02156300,7060043160,1,train
hysets_021563931,7060043160,1,train
hysets_02156450,7060043160,1,train
hysets_02156500,7060043160,1,train
hysets_02157000,7060043160,1,train
hysets_02157490,7060043160,1,train
hysets_02157510,7060043160,1,train
hysets_02158000,7060043160,1,train
hysets_021584051,7060043160,1,train
hysets_02158408,7060043160,1,train
hysets_02159000,7060043160,1,train
hysets_02159600,7060043160,1,train
hysets_02159800,7060043160,1,train
hysets_02160000,7060043160,1,train
hysets_02160105,7060043160,1,train
hysets_02160325,7060043160,1,train
hysets_021603257,7060043160,1,train
hysets_02160390,7060043160,1,train
hysets_02160500,7060043160,1,train
hysets_02160700,7060043160,1,train
hysets_021607224,7060043160,1,train
hysets_02160775,7060043160,1,train
hysets_02161000,7060043160,1,train
hysets_02161500,7060043160,1,train
hysets_02161700,7060043160,1,train
hysets_02162010,7060043160,1,train
hysets_02162080,7060043160,1,train
hysets_02162093,7060043160,1,train
hysets_02162290,7060043160,1,train
hysets_02162350,7060043160,1,train
hysets_02162500,7060043160,1,train
hysets_02162700,7060043160,1,train
hysets_02163000,7060043160,1,train
hysets_021630967,7060043160,1,train
hysets_02163500,7060043160,1,train
hysets_02164000,7060043160,1,train
hysets_02164110,7060043160,1,train
hysets_02165000,7060043160,1,train
hysets_02165200,7060043160,1,train
hysets_02166970,7060043160,1,train
hysets_02167450,7060043160,1,train
hysets_02167582,7060043160,1,train
hysets_021677037,7060043160,1,train
hysets_02169550,7060043160,1,train
hysets_02169570,7060043160,1,train
hysets_02169630,7060043160,1,train
hysets_02169670,7060043160,1,train
hysets_02171680,7060043160,1,train
hysets_02172002,7060043170,3,train
hysets_02172300,7060043170,3,train
hysets_02172500,7060043170,3,train
hysets_02172640,7060043170,3,train
hysets_02173000,7060043170,3,train
hysets_02173030,7060043170,3,train
hysets_02173051,7060043170,3,train
hysets_02173212,7060043170,3,train
hysets_02173351,7060043170,3,train
hysets_02173500,7060043170,3,train
hysets_02174000,7060043170,3,train
hysets_02174250,7060043170,3,train
hysets_02175000,7060043170,3,train
hysets_02175500,7060043170,3,train
hysets_02176000,7060043170,3,train
hysets_02176711,7060043170,3,train
hysets_02176720,7060043170,3,train
hysets_02177000,7060043500,3,val
hysets_02178400,7060043500,3,val
hysets_02182000,7060043500,3,val
hysets_02184000,7060043500,3,val
hysets_02184240,7060043500,3,val
hysets_02186000,7060043500,3,val
hysets_02186645,7060043500,3,val
hysets_02186699,7060043500,3,val
hysets_02187910,7060043500,3,val
hysets_02188000,7060043500,3,val
hysets_02188500,7060043500,3,val
hysets_02188680,7060043500,3,val
hysets_02189050,7060043500,3,val
hysets_02189600,7060043500,3,val
hysets_02191200,7060043500,3,val
hysets_02191300,7060043500,3,val
hysets_02191743,7060043500,3,val
hysets_02191970,7060043500,3,val
hysets_02192000,7060043500,3,val
hysets_02192500,7060043500,3,val
hysets_02192830,7060043500,3,val
hysets_02193340,7060043500,3,val
hysets_02193500,7060043500,3,val
hysets_02195000,7060043500,3,val
hysets_02195320,7060043500,3,val
hysets_02196000,7060043500,3,val
hysets_02196250,7060043500,3,val
hysets_02196689,7060043500,3,val
hysets_02196690,7060043500,3,val
hysets_02196820,7060043500,3,val
hysets_02196835,7060043500,3,val
hysets_02197020,7060043500,3,val
hysets_021973005,7060043500,3,val
hysets_02197310,7060043500,3,val
hysets_02197315,7060043500,3,val
hysets_02197334,7060043500,3,val
hysets_02197340,7060043500,3,val
hysets_021973455,7060043500,3,val
hysets_02197520,7060043500,3,val
hysets_02197550,7060043500,3,val
hysets_02197598,7060043500,3,val
hysets_02197600,7060043500,3,val
hysets_02197830,7060043500,3,val
hysets_02198000,7060043500,3,val
hysets_02198100,7060043500,3,val
hysets_02198690,7060043500,3,val
hysets_02200120,7060043510,3,val
hysets_02201000,7060043510,3,val
hysets_02202000,7060043510,3,val
hysets_02202040,7060043510,3,val
hysets_02202190,7060043510,3,val
hysets_02202500,7060043510,3,val
hysets_02202600,7060043510,3,val
hysets_02202680,7060043510,3,val
hysets_02203000,7060043510,3,val
hysets_02203603,7060043640,1,train
hysets_02203655,7060043640,1,train
hysets_02203700,7060043640,1,train
hysets_02203900,7060043640,1,train
hysets_02203950,7060043640,1,train
hysets_02204130,7060043640,1,train
hysets_02204285,7060043640,1,train
hysets_02204500,7060043640,1,train
hysets_02204520,7060043640,1,train
hysets_02205500,7060043640,1,train
hysets_02205522,7060043640,1,train
hysets_02205865,7060043640,1,train
hysets_02206500,7060043640,1,train
hysets_02207000,7060043640,1,train
hysets_02207120,7060043640,1,train
hysets_02207185,7060043640,1,train
hysets_02207220,7060043640,1,train
hysets_02207335,7060043640,1,train
hysets_02207385,7060043640,1,train
hysets_02207400,7060043640,1,train
hysets_02207435,7060043640,1,train
hysets_02207448,7060043640,1,train
hysets_02207500,7060043640,1,train
hysets_02208000,7060043640,1,train
hysets_02208150,7060043640,1,train
hysets_02208450,7060043640,1,train
hysets_02209000,7060043640,1,train
hysets_02211300,7060043640,1,train
hysets_02211375,7060043640,1,train
hysets_02211459,7060043640,1,train
hysets_02212500,7060043640,1,train
hysets_02212600,7060043640,1,train
hysets_02212735,7060043640,1,train
hysets_02213000,7060043640,1,train
hysets_02213050,7060043640,1,train
hysets_02213470,7060043640,1,train
hysets_02214500,7060043640,1,train
hysets_02215000,7060043640,1,train
hysets_02215100,7060043640,1,train
hysets_02215400,7060043640,1,train
hysets_02215500,7060043640,1,train
hysets_02215900,7060043640,1,train
hysets_02216180,7060043640,1,train
hysets_02216610,7060043640,1,train
hysets_02217000,7060043640,1,train
hysets_02217475,7060043640,1,train
hysets_02217500,7060043640,1,train
hysets_02217615,7060043640,1,train
hysets_02217770,7060043640,1,train
hysets_02218300,7060043640,1,train
hysets_02218500,7060043640,1,train
hysets_02218565,7060043640,1,train
hysets_02219000,7060043640,1,train
hysets_02219500,7060043640,1,train
hysets_02220500,7060043640,1,train
hysets_02220550,7060043640,1,train
hysets_02220900,7060043640,1,train
hysets_02221000,7060043640,1,train
hysets_02221525,7060043640,1,train
hysets_02223190,7060043640,1,train
hysets_02223248,7060043640,1,train
hysets_02223300,7060043640,1,train
hysets_02223360,7060043640,1,train
hysets_02223382,7060043640,1,train
hysets_02223500,7060043640,1,train
hysets_02224000,7060043640,1,train
hysets_02224500,7060043640,1,train
hysets_02225000,7060043640,1,train
hysets_02225500,7060043640,1,train
hysets_02226000,7060043640,1,train
hysets_02226100,7060043640,1,train
hysets_02226160,7060043640,1,train
hysets_02226362,7060043650,2,test
hysets_02226500,7060043650,2,test
hysets_02226700,7060043650,2,test
hysets_02226900,7060043650,2,test
hysets_02227000,7060043650,2,test
hysets_02227270,7060043650,2,test
hysets_02227500,7060043650,2,test
hysets_02228000,7060043650,2,test
hysets_02228070,7060043650,2,test
hysets_02230000,7060043650,2,test
hysets_02231000,7060043650,2,test
hysets_02231250,7060043650,2,test
hysets_02231253,7060043650,2,test
hysets_02231254,7060043650,2,test
hysets_02231280,7060043650,2,test
hysets_02231289,7060043650,2,test
hysets_02231342,7060043860,4,train
hysets_02231565,7060043860,4,train
hysets_02232000,7060043860,4,train
hysets_02232155,7060043860,4,train
hysets_02232400,7060043860,4,train
hysets_02232413,7060043860,4,train
hysets_02232415,7060043860,4,train
hysets_02232460,7060043860,4,train
hysets_02233473,7060043860,4,train
hysets_02233475,7060043860,4,train
hysets_02233484,7060043860,4,train
hysets_02233500,7060043860,4,train
hysets_02234000,7060043860,4,train
hysets_02234308,7060043860,4,train
hysets_02234324,7060043860,4,train
hysets_02234344,7060043860,4,train
hysets_02234435,7060043860,4,train
hysets_02234500,7060043860,4,train
hysets_02234635,7060043860,4,train
hysets_022349993,7060043860,4,train
hysets_02235000,7060043860,4,train
hysets_02235200,7060043860,4,train
hysets_02236000,7060043860,4,train
hysets_02236125,7060043860,4,train
hysets_02237293,7060043860,4,train
hysets_02237700,7060043860,4,train
hysets_02237733,7060043860,4,train
hysets_02238000,7060043860,4,train
hysets_02238500,7060043860,4,train
hysets_02240000,7060043860,4,train
hysets_02240500,7060043860,4,train
hysets_02240902,7060043860,4,train
hysets_02240982,7060043860,4,train
hysets_02242451,7060043860,4,train
hysets_02242460,7060043860,4,train
hysets_02243000,7060043860,4,train
hysets_02243609,7060043860,4,train
hysets_02244040,7060043860,4,train
hysets_02244440,7060043860,4,train
hysets_02244651,7060045480,2,val
hysets_02244690,7060043860,4,train
hysets_02245050,7060043860,4,train
hysets_02245140,7060043860,4,train
hysets_02245255,7060043860,4,train
hysets_02245328,7060043860,4,train
hysets_02245400,7060043860,4,train
hysets_02245500,7060043860,4,train
hysets_02245800,7060043860,4,train
hysets_02245913,7060043860,4,train
hysets_02245918,7060043860,4,train
hysets_02245922,7060043860,4,train
hysets_02245927,7060043860,4,train
hysets_02246000,7060043860,4,train
hysets_02246025,7060043860,4,train
hysets_02246030,7060043860,4,train
hysets_02246202,7060043860,4,train
hysets_02246215,7060043860,4,train
hysets_02246300,7060043860,4,train
hysets_02246318,7060043860,4,train
hysets_02246359,7060043860,4,train
hysets_02246459,7060043860,4,train
hysets_02246500,7060043860,4,train
hysets_02246828,7060043860,4,train
hysets_02246832,7060043860,4,train
hysets_02246895,7060043870,2,test
hysets_02248510,7060043870,2,test
hysets_02256000,7060044770,2,train
hysets_02256500,7060044770,2,train
hysets_02262900,7060044770,2,train
hysets_02264003,7060044770,2,train
hysets_02264100,7060044770,2,train
hysets_02266291,7060044770,2,train
hysets_02266496,7060044770,2,train
hysets_02267000,7060044770,2,train
hysets_02268903,7060044770,2,train
hysets_02269500,7060044770,2,train
hysets_02269520,7060044770,2,train
hysets_02271500,7060044770,2,train
hysets_02272500,7060044770,2,train
hysets_02274005,7060044770,2,train
hysets_02274010,7060044770,2,train
hysets_02274490,7060044770,2,train
hysets_02275625,7060044770,2,train
hysets_02293986,7060044860,4,train
hysets_02293987,7060044860,4,train
hysets_02294217,7060044860,4,train
hysets_02294330,7060044860,4,train
hysets_02294650,7060044860,4,train
hysets_02294655,7060044860,4,train
hysets_02294775,7060044860,4,train
hysets_02294898,7060044860,4,train
hysets_02295420,7060044860,4,train
hysets_02295435,7060044860,4,train
hysets_02295755,7060044860,4,train
hysets_02296057,7060044860,4,train
hysets_02296222,7060044860,4,train
hysets_02296260,7060044860,4,train
hysets_02296500,7060044860,4,train
hysets_02297100,7060044860,4,train
hysets_02297153,7060044860,4,train
hysets_02297155,7060044860,4,train
hysets_02297272,7060044860,4,train
hysets_02297290,7060044860,4,train
hysets_02297310,7060044860,4,train
hysets_02297635,7060044860,4,train
hysets_02298123,7060044860,4,train
hysets_02298170,7060044860,4,train
hysets_02298202,7060044860,4,train
hysets_02298488,7060044870,2,train
hysets_02298495,7060044870,2,train
hysets_02298530,7060044870,2,train
hysets_02298608,7060044870,2,train
hysets_02298830,7060044870,2,train
hysets_02299410,7060044870,2,train
hysets_02299450,7060044870,2,train
hysets_02299455,7060044870,2,train
hysets_02299470,7060044870,2,train
hysets_02299472,7060044870,2,train
hysets_02299681,7060044870,2,train
hysets_02299737,7060044870,2,train
hysets_02299861,7060044870,2,train
hysets_02299950,7060044870,2,train
hysets_02300000,7060044870,2,train
hysets_02300018,7060044870,2,train
hysets_02300032,7060044870,2,train
hysets_02300034,7060044870,2,train
hysets_023000355,7060044870,2,train
hysets_02300038,7060044870,2,train
hysets_02300056,7060044870,2,train
hysets_02300062,7060044870,2,train
hysets_02300075,7060044870,2,train
hysets_02300092,7060044870,2,train
hysets_02300130,7060044870,2,train
hysets_02300210,7060044870,2,train
hysets_02300300,7060044870,2,train
hysets_02300430,7060044870,2,train
hysets_02300500,7060044870,2,train
hysets_02300530,7060044870,2,train
hysets_02300700,7060044870,2,train
hysets_02301000,7060044870,2,train
hysets_02301300,7060044870,2,train
hysets_02301350,7060044870,2,train
hysets_02301500,7060044870,2,train
hysets_02301695,7060044870,2,train
hysets_02301719,7060044870,2,train
hysets_02301738,7060044870,2,train
hysets_02301750,7060044870,2,train
hysets_02301800,7060044870,2,train
hysets_02301802,7060044870,2,train
hysets_02301900,7060045410,1,val
hysets_02301988,7060044870,2,train
hysets_02301990,7060044870,2,train
hysets_02302280,7060044870,2,train
hysets_02302500,7060044870,2,train
hysets_02303000,7060044870,2,train
hysets_02303100,7060044870,2,train
hysets_02303200,7060044870,2,train
hysets_02303250,7060044870,2,train
hysets_02303300,7060044870,2,train
hysets_02303330,7060044870,2,train
hysets_02303400,7060044870,2,train
hysets_02303420,7060044870,2,train
hysets_02304500,7060044870,2,train
hysets_02306647,7060044870,2,train
hysets_02307000,7060044870,2,train
hysets_02307673,7060044870,2,train
hysets_02307674,7060044870,2,train
hysets_02307731,7060044870,2,train
hysets_02308889,7060044870,2,train
hysets_02308931,7060044870,2,train
hysets_02308935,7060044870,2,train
hysets_02309445,7060044870,2,train
hysets_02309980,7060044870,2,train
hysets_02310000,7060044870,2,train
hysets_02310947,7060045410,1,val
hysets_02311500,7060045410,1,val
hysets_02312200,7060045410,1,val
hysets_02312300,7060045410,1,val
hysets_02312500,7060045410,1,val
hysets_02312600,7060045410,1,val
hysets_02312632,7060045410,1,val
hysets_02312635,7060045410,1,val
hysets_02312640,7060045410,1,val
hysets_02312645,7060045410,1,val
hysets_02312700,7060045410,1,val
hysets_02312720,7060045410,1,val
hysets_02312762,7060045410,1,val
hysets_02313000,7060045410,1,val
hysets_02313230,7060045410,1,val
hysets_02314500,7060045480,2,val
hysets_02315005,7060045480,2,val
hysets_02315500,7060045480,2,val
hysets_02315550,7060045480,2,val
hysets_02315920,7060045480,2,val
hysets_02316000,7060045480,2,val
hysets_02317500,7060045480,2,val
hysets_02317620,7060045480,2,val
hysets_02317748,7060045480,2,val
hysets_023177483,7060045480,2,val
hysets_02317755,7060045480,2,val
hysets_02317797,7060045480,2,val
hysets_02318000,7060045480,2,val
hysets_02318380,7060045480,2,val
hysets_02318500,7060045480,2,val
hysets_02318700,7060045480,2,val
hysets_02319000,7060045480,2,val
hysets_02319394,7060045480,2,val
hysets_02319500,7060045480,2,val
hysets_02319800,7060045480,2,val
hysets_02320000,7060045480,2,val
hysets_02320500,7060045480,2,val
hysets_02320700,7060045480,2,val
hysets_02321000,7060045480,2,val
hysets_02321500,7060045480,2,val
hysets_02321700,7060045480,2,val
hysets_02321800,7060045480,2,val
hysets_02321900,7060045480,2,val
hysets_02321975,7060045480,2,val
hysets_02322000,7060045480,2,val
hysets_02322500,7060045480,2,val
hysets_02322616,7060045480,2,val
hysets_02322800,7060045480,2,val
hysets_02323000,7060045480,2,val
hysets_02323500,7060045480,2,val
hysets_02323592,7060045480,2,val
hysets_02324500,7060045490,1,val
hysets_02325000,7060045490,1,val
hysets_02326000,7060045490,1,val
hysets_02326500,7060045490,1,val
hysets_02326512,7060045490,1,val
hysets_02326828,7060045490,1,val
hysets_02326845,7060045490,1,val
hysets_02326900,7060045490,1,val
hysets_02327016,7060045490,1,val
hysets_02327017,7060045490,1,val
hysets_02327033,7060045490,1,val
hysets_02327100,7060045490,1,val
hysets_02327355,7060045490,1,val
hysets_02327500,7060045490,1,val
hysets_02328000,7060045490,1,val
hysets_02328522,7060045490,1,val
hysets_02329104,7060045490,1,val
hysets_02329161,7060045490,1,val
hysets_02329180,7060045490,1,val
hysets_02329184,7060045490,1,val
hysets_02329186,7060045490,1,val
hysets_02329342,7060045490,1,val
hysets_02329500,7060045490,1,val
hysets_02329534,7060045490,1,val
hysets_02329542,7060045490,1,val
hysets_02329558,7060045490,1,val
hysets_02329600,7060045490,1,val
hysets_02329700,7060045490,1,val
hysets_02330100,7060045490,1,val
hysets_02330150,7060045490,1,val
hysets_02330300,7060045490,1,val
hysets_02330400,7060045490,1,val
hysets_02330450,7060045890,1,train
hysets_02331000,7060045890,1,train
hysets_023312495,7060045890,1,train
hysets_02331500,7060045890,1,train
hysets_02331600,7060045890,1,train
hysets_02332830,7060045890,1,train
hysets_02333500,7060045890,1,train
hysets_02334480,7060045890,1,train
hysets_02334578,7060045890,1,train
hysets_02334620,7060045890,1,train
hysets_02335078,7060045890,1,train
hysets_02335350,7060045890,1,train
hysets_02335580,7060045890,1,train
hysets_02335790,7060045890,1,train
hysets_02335815,7060045890,1,train
hysets_02335830,7060045890,1,train
hysets_02335910,7060045890,1,train
hysets_02335912,7060045890,1,train
hysets_02336030,7060045890,1,train
hysets_02336120,7060045890,1,train
hysets_02336240,7060045890,1,train
hysets_02336300,7060045890,1,train
hysets_02336360,7060045890,1,train
hysets_02336380,7060045890,1,train
hysets_02336410,7060045890,1,train
hysets_02336517,7060045890,1,train
hysets_02336526,7060045890,1,train
hysets_02336529,7060045890,1,train
hysets_02336635,7060045890,1,train
hysets_02336644,7060045890,1,train
hysets_02336658,7060045890,1,train
hysets_02336728,7060045890,1,train
hysets_02336840,7060045890,1,train
hysets_02336968,7060045890,1,train
hysets_02336986,7060045890,1,train
hysets_02337000,7060045890,1,train
hysets_02337040,7060045890,1,train
hysets_02337100,7060045890,1,train
hysets_02337160,7060045890,1,train
hysets_02337197,7060045890,1,train
hysets_02337320,7060045890,1,train
hysets_02337410,7060045890,1,train
hysets_02338280,7060045890,1,train
hysets_02338400,7060045890,1,train
hysets_02338523,7060045890,1,train
hysets_02338660,7060045890,1,train
hysets_02338840,7060045890,1,train
hysets_02339000,7060045890,1,train
hysets_02339225,7060045890,1,train
hysets_02339495,7060045890,1,train
hysets_02340500,7060045890,1,train
hysets_02341725,7060045890,1,train
hysets_02341800,7060045890,1,train
hysets_02341910,7060045890,1,train
hysets_02342070,7060045890,1,train
hysets_02342200,7060045890,1,train
hysets_02342500,7060045890,1,train
hysets_02342850,7060045890,1,train
hysets_02342933,7060045890,1,train
hysets_02343000,7060045890,1,train
hysets_02343200,7060045890,1,train
hysets_02343225,7060045890,1,train
hysets_02343260,7060045890,1,train
hysets_02343300,7060045890,1,train
hysets_02343500,7060045890,1,train
hysets_02343700,7060045890,1,train
hysets_02343801,7060045890,1,train
hysets_02343940,7060045890,1,train
hysets_02344300,7060045890,1,train
hysets_02344325,7060045890,1,train
hysets_02344350,7060045890,1,train
hysets_02344396,7060045890,1,train
hysets_02344478,7060045890,1,train
hysets_02344500,7060045890,1,train
hysets_02344700,7060045890,1,train
hysets_02345000,7060045890,1,train
hysets_02346180,7060045890,1,train
hysets_02346500,7060045890,1,train
hysets_02347500,7060045890,1,train
hysets_02349000,7060045890,1,train
hysets_02349500,7060045890,1,train
hysets_02349605,7060045890,1,train
hysets_02349900,7060045890,1,train
hysets_02350080,7060045890,1,train
hysets_02350500,7060045890,1,train
hysets_02350512,7060045890,1,train
hysets_02350600,7060045890,1,train
hysets_02350900,7060045890,1,train
hysets_02351500,7060045890,1,train
hysets_02351890,7060045890,1,train
hysets_02352500,7060045890,1,train
hysets_02353000,7060045890,1,train
hysets_02353265,7060045890,1,train
hysets_02353400,7060045890,1,train
hysets_02353500,7060045890,1,train
hysets_02354500,7060045890,1,train
hysets_02354800,7060045890,1,train
hysets_02355350,7060045890,1,train
hysets_02355662,7060045890,1,train
hysets_02356980,7060045890,1,train
hysets_02357000,7060045890,1,train
hysets_02357150,7060045890,1,train
hysets_02358000,7060045890,1,train
hysets_02358789,7060045890,1,train
hysets_02359000,7060045890,1,train
hysets_02359170,7060045890,1,train
hysets_02359350,7060045900,4,train
hysets_02359500,7060045900,4,train
hysets_02359550,7060045900,4,train
hysets_02360000,7060046130,4,train
hysets_02360500,7060046130,4,train
hysets_02361000,7060046130,4,train
hysets_02361500,7060046130,4,train
hysets_02362240,7060046130,4,train
hysets_02363000,7060046130,4,train
hysets_02364500,7060046130,4,train
hysets_02364570,7060046130,4,train
hysets_02365200,7060046130,4,train
hysets_02365470,7060046130,4,train
hysets_02365482,7060046130,4,train
hysets_02365500,7060046130,4,train
hysets_02365769,7060046130,4,train
hysets_02365800,7060046130,4,train
hysets_02366000,7060046130,4,train
hysets_02366500,7060046130,4,train
hysets_02366900,7060046140,2,train
hysets_02366996,7060046140,2,train
hysets_02367000,7060046140,2,train
hysets_02367006,7060046140,2,train
hysets_02367240,7060046140,2,train
hysets_02367242,7060046140,2,train
hysets_02367250,7060046140,2,train
hysets_02367305,7060046140,2,train
hysets_02367307,7060046140,2,train
hysets_02367310,7060046140,2,train
hysets_02367355,7060046140,2,train
hysets_02367390,7060046140,2,train
hysets_02367500,7060046320,1,train
hysets_02367800,7060046320,1,train
hysets_02367900,7060046320,1,train
hysets_02368300,7060046320,1,train
hysets_02368500,7060046320,1,train
hysets_02368800,7060046320,1,train
hysets_02368990,7060046320,1,train
hysets_02369000,7060046320,1,train
hysets_02369600,7060046320,1,train
hysets_02369800,7060046330,3,test
hysets_02370000,7060046330,3,test
hysets_02370200,7060046330,3,test
hysets_02370300,7060046330,3,test
hysets_02370500,7060046330,3,test
hysets_02370700,7060046330,3,test
hysets_02370750,7060046330,3,test
hysets_02371000,7060046390,4,train
hysets_02371200,7060046390,4,train
hysets_02371470,7060046390,4,train
hysets_02371500,7060046390,4,train
hysets_02372000,7060046390,4,train
hysets_02372250,7060046390,4,train
hysets_02372422,7060046390,4,train
hysets_02372430,7060046390,4,train
hysets_02372500,7060046390,4,train
hysets_02373000,7060046390,4,train
hysets_02373500,7060046390,4,train
hysets_02373800,7060046390,4,train
hysets_02374000,7060046390,4,train
hysets_02374250,7060046390,4,train
hysets_02374500,7060046390,4,train
hysets_02374660,7060046390,4,train
hysets_02374700,7060046390,4,train
hysets_02374745,7060046390,4,train
hysets_02374950,7060046390,4,train
hysets_02375000,7060046390,4,train
hysets_02375500,7060046390,4,train
hysets_02376000,7060046390,4,train
hysets_02376033,7060046390,4,train
hysets_02376115,7060046400,1,train
hysets_02376293,7060046460,2,train
hysets_02376300,7060046460,2,train
hysets_02376500,7060046460,2,train
hysets_02376700,7060046460,2,train
hysets_02377500,7060046460,2,train
hysets_02377570,7060046460,2,train
hysets_02377960,7060046460,2,train
hysets_02378170,7060046470,3,train
hysets_02378300,7060046470,3,train
hysets_02378500,7060046470,3,train
hysets_02379500,7060046590,3,val
hysets_02380000,7060046590,3,val
hysets_02380500,7060046590,3,val
hysets_02381090,7060046590,3,val
hysets_02381500,7060046590,3,val
hysets_02382300,7060046590,3,val
hysets_02383000,7060046590,3,val
hysets_02383180,7060046590,3,val
hysets_02384500,7060046590,3,val
hysets_02384540,7060046590,3,val
hysets_02385170,7060046590,3,val
hysets_02385500,7060046590,3,val
hysets_02385800,7060046590,3,val
hysets_02387000,7060046590,3,val
hysets_02387600,7060046590,3,val
hysets_02388000,7060046590,3,val
hysets_02388300,7060046590,3,val
hysets_02388350,7060046590,3,val
hysets_02388900,7060046590,3,val
hysets_02389000,7060046590,3,val
hysets_02389150,7060046590,3,val
hysets_02389300,7060046590,3,val
hysets_02390000,7060046590,3,val
hysets_02390140,7060046590,3,val
hysets_02390475,7060046590,3,val
hysets_02391540,7060046590,3,val
hysets_02391860,7060046590,3,val
hysets_02392360,7060046590,3,val
hysets_02392780,7060046590,3,val
hysets_02392950,7060046590,3,val
hysets_02392975,7060046590,3,val
hysets_02394515,7060046590,3,val
hysets_02394612,7060046590,3,val
hysets_02394950,7060046590,3,val
hysets_02394958,7060046590,3,val
hysets_02395120,7060046590,3,val
hysets_02397410,7060046590,3,val
hysets_02397500,7060046590,3,val
hysets_02397830,7060046590,3,val
hysets_02398000,7060046590,3,val
hysets_02398195,7060046590,3,val
hysets_02398250,7060046590,3,val
hysets_02398300,7060046590,3,val
hysets_02398500,7060046590,3,val
hysets_02398950,7060046590,3,val
hysets_02399200,7060046590,3,val
hysets_02399800,7060046590,3,val
hysets_02400000,7060046590,3,val
hysets_02400100,7060046590,3,val
hysets_02400680,7060046590,3,val
hysets_02401000,7060046590,3,val
hysets_02401370,7060046590,3,val
hysets_02401390,7060046590,3,val
hysets_02401450,7060046590,3,val
hysets_02401460,7060046590,3,val
hysets_02401470,7060046590,3,val
hysets_02401500,7060046590,3,val
hysets_02401700,7060046590,3,val
hysets_02401800,7060046590,3,val
hysets_02403200,7060046590,3,val
hysets_02403395,7060046590,3,val
hysets_02404000,7060046590,3,val
hysets_02404400,7060046590,3,val
hysets_02404500,7060046590,3,val
hysets_02405000,7060046590,3,val
hysets_02405500,7060046590,3,val
hysets_02405800,7060046590,3,val
hysets_02406000,7060046590,3,val
hysets_02406500,7060046590,3,val
hysets_02407000,7060046590,3,val
hysets_02407500,7060046590,3,val
hysets_02407514,7060046590,3,val
hysets_02407900,7060046590,3,val
hysets_02408500,7060046590,3,val
hysets_02408540,7060046590,3,val
hysets_02409000,7060046590,3,val
hysets_02410000,7060046590,3,val
hysets_02411000,7060046590,3,val
hysets_02411800,7060046590,3,val
hysets_02411930,7060046590,3,val
hysets_02412000,7060046590,3,val
hysets_02412177,7060046590,3,val
hysets_02412500,7060046590,3,val
hysets_02413000,7060046590,3,val
hysets_02413300,7060046590,3,val
hysets_02413400,7060046590,3,val
hysets_02413500,7060046590,3,val
hysets_02414500,7060046590,3,val
hysets_02414525,7060046590,3,val
hysets_02414715,7060046590,3,val
hysets_02414800,7060046590,3,val
hysets_02415000,7060046590,3,val
hysets_02418230,7060046590,3,val
hysets_02418500,7060046590,3,val
hysets_02418760,7060046590,3,val
hysets_02419000,7060046590,3,val
hysets_02420000,7060046590,3,val
hysets_02421000,7060046590,3,val
hysets_02421115,7060046590,3,val
hysets_02421300,7060046590,3,val
hysets_02422000,7060046590,3,val
hysets_02422500,7060046590,3,val
hysets_02423130,7060046590,3,val
hysets_02423190,7060046590,3,val
hysets_02423380,7060046590,3,val
hysets_02423397,7060046590,3,val
hysets_02423398,7060046590,3,val
hysets_02423400,7060046590,3,val
hysets_0242340550,7060046590,3,val
hysets_02423410,7060046590,3,val
hysets_02423414,7060046590,3,val
hysets_02423496,7060046590,3,val
hysets_02423500,7060046590,3,val
hysets_0242354750,7060046590,3,val
hysets_02423555,7060046590,3,val
hysets_02423586,7060046590,3,val
hysets_02423630,7060046590,3,val
hysets_02423647,7060046590,3,val
hysets_02423800,7060046590,3,val
hysets_02424000,7060046590,3,val
hysets_02424500,7060046590,3,val
hysets_02424940,7060046590,3,val
hysets_02425000,7060046590,3,val
hysets_02425200,7060046590,3,val
hysets_02425300,7060046590,3,val
hysets_02425500,7060046590,3,val
hysets_02426000,7060046590,3,val
hysets_02427250,7060046590,3,val
hysets_02427300,7060046590,3,val
hysets_02427500,7060046590,3,val
hysets_02427700,7060046590,3,val
hysets_02427830,7060046590,3,val
hysets_02428300,7060046590,3,val
hysets_02428400,7060046590,3,val
hysets_02428500,7060046590,3,val
hysets_02429000,7060046590,3,val
hysets_02429500,7060046590,3,val
hysets_02429595,7060046590,3,val
hysets_02429900,7060046590,3,val
hysets_02429955,7060046590,3,val
hysets_02429980,7060046590,3,val
hysets_02430000,7060046590,3,val
hysets_02430012,7060046590,3,val
hysets_02430038,7060046590,3,val
hysets_02430085,7060046590,3,val
hysets_02430100,7060046590,3,val
hysets_02430615,7060046590,3,val
hysets_02430680,7060046590,3,val
hysets_02430880,7060046590,3,val
hysets_02431410,7060046590,3,val
hysets_02433000,7060046590,3,val
hysets_02434500,7060046590,3,val
hysets_02435020,7060046590,3,val
hysets_02436000,7060046590,3,val
hysets_02436500,7060046590,3,val
hysets_02437900,7060046590,3,val
hysets_02438000,7060046590,3,val
hysets_02439400,7060046590,3,val
hysets_02440400,7060046590,3,val
hysets_02440500,7060046590,3,val
hysets_02441000,7060046590,3,val
hysets_02441300,7060046590,3,val
hysets_02442000,7060046590,3,val
hysets_02442500,7060046590,3,val
hysets_02443000,7060046590,3,val
hysets_02443500,7060046590,3,val
hysets_02443710,7060046590,3,val
hysets_02444000,7060046590,3,val
hysets_02444160,7060046590,3,val
hysets_02444490,7060046590,3,val
hysets_02444500,7060046590,3,val
hysets_02445000,7060046590,3,val
hysets_02445500,7060046590,3,val
hysets_02446500,7060046590,3,val
hysets_02447000,7060046590,3,val
hysets_02447025,7060046590,3,val
hysets_02447500,7060046590,3,val
hysets_02448000,7060046590,3,val
hysets_02448900,7060046590,3,val
hysets_02449245,7060046590,3,val
hysets_02449400,7060046590,3,val
hysets_02450000,7060046590,3,val
hysets_02450180,7060046590,3,val
hysets_02450200,7060046590,3,val
hysets_02450215,7060046590,3,val
hysets_02450250,7060046590,3,val
hysets_02450500,7060046590,3,val
hysets_02450825,7060046590,3,val
hysets_02452000,7060046590,3,val
hysets_02453000,7060046590,3,val
hysets_02453390,7060046590,3,val
hysets_02453500,7060046590,3,val
hysets_02453835,7060046590,3,val
hysets_02454000,7060046590,3,val
hysets_02454055,7060046590,3,val
hysets_02454200,7060046590,3,val
hysets_02454500,7060046590,3,val
hysets_02454995,7060046590,3,val
hysets_02455000,7060046590,3,val
hysets_02455185,7060046590,3,val
hysets_02455280,7060046590,3,val
hysets_02455500,7060046590,3,val
hysets_02455900,7060046590,3,val
hysets_02455980,7060046590,3,val
hysets_02456000,7060046590,3,val
hysets_02456330,7060046590,3,val
hysets_02456500,7060046590,3,val
hysets_02456998,7060046590,3,val
hysets_02457595,7060046590,3,val
hysets_02457670,7060046590,3,val
hysets_02458148,7060046590,3,val
hysets_02458200,7060046590,3,val
hysets_02458300,7060046590,3,val
hysets_02458450,7060046590,3,val
hysets_02458502,7060046590,3,val
hysets_02458600,7060046590,3,val
hysets_02461500,7060046590,3,val
hysets_02461630,7060046590,3,val
hysets_02461640,7060046590,3,val
hysets_02462000,7060046590,3,val
hysets_02462500,7060046590,3,val
hysets_02462600,7060046590,3,val
hysets_02462800,7060046590,3,val
hysets_02462840,7060046590,3,val
hysets_02462951,7060046590,3,val
hysets_02462980,7060046590,3,val
hysets_02462990,7060046590,3,val
hysets_02463000,7060046590,3,val
hysets_02463200,7060046590,3,val
hysets_02463587,7060046590,3,val
hysets_02463900,7060046590,3,val
hysets_02464000,7060046590,3,val
hysets_02464146,7060046590,3,val
hysets_02464360,7060046590,3,val
hysets_02464500,7060046590,3,val
hysets_02464660,7060046590,3,val
hysets_02465000,7060046590,3,val
hysets_02465080,7060046590,3,val
hysets_02465205,7060046590,3,val
hysets_02465292,7060046590,3,val
hysets_02465400,7060046590,3,val
hysets_02465493,7060046590,3,val
hysets_02465500,7060046590,3,val
hysets_02466000,7060046590,3,val
hysets_02466500,7060046590,3,val
hysets_02467000,7060046590,3,val
hysets_02467200,7060046590,3,val
hysets_02467500,7060046590,3,val
hysets_02468000,7060046590,3,val
hysets_02468500,7060046590,3,val
hysets_02469000,7060046590,3,val
hysets_02469500,7060046590,3,val
hysets_02469550,7060046590,3,val
hysets_02469600,7060046590,3,val
hysets_02469700,7060046590,3,val
hysets_02469761,7060046590,3,val
hysets_02469800,7060046590,3,val
hysets_02470000,7060046590,3,val
hysets_02470072,7060046590,3,val
hysets_02470100,7060046590,3,val
hysets_02470500,7060046590,3,val
hysets_02471000,7060046590,3,val
hysets_02471001,7060046590,3,val
hysets_0247100550,7060046590,3,val
hysets_02471013,7060046590,3,val
hysets_02471065,7060046600,1,train
hysets_02471078,7060046600,1,train
hysets_02472000,7060046600,1,train
hysets_02472500,7060046600,1,train
hysets_02472580,7060046600,1,train
hysets_02472850,7060046600,1,train
hysets_02473000,7060046600,1,train
hysets_02473460,7060046600,1,train
hysets_02473480,7060046600,1,train
hysets_02473500,7060046600,1,train
hysets_02474500,7060046600,1,train
hysets_02474560,7060046600,1,train
hysets_02474600,7060046600,1,train
hysets_02475000,7060046600,1,train
hysets_02475500,7060046600,1,train
hysets_02476000,7060046600,1,train
hysets_02476500,7060046600,1,train
hysets_02477000,7060046600,1,train
hysets_02477500,7060046600,1,train
hysets_02477990,7060046600,1,train
hysets_02478500,7060046600,1,train
hysets_02479000,7060046600,1,train
hysets_02479130,7060046600,1,train
hysets_02479155,7060046600,1,train
hysets_02479160,7060046600,1,train
hysets_02479300,7060046600,1,train
hysets_02479310,7060046600,1,train
hysets_02479431,7060046600,1,train
hysets_02479500,7060046600,1,train
hysets_02479560,7060046600,1,train
hysets_02479600,7060046600,1,train
hysets_02479945,7060046600,1,train
hysets_02479948,7060046600,1,train
hysets_02479950,7060046600,1,train
hysets_02479955,7060046600,1,train
hysets_02479960,7060046600,1,train
hysets_02479980,7060046600,1,train
hysets_02480002,7060046600,1,train
hysets_02480250,7060046600,1,train
hysets_02480500,7060046780,1,test
hysets_02481000,7060046780,1,test
hysets_02481500,7060046790,2,train
hysets_02481510,7060046790,2,train
hysets_02481570,7060046790,2,train
hysets_02481880,7060046870,1,train
hysets_02482000,7060046870,1,train
hysets_02482500,7060046870,1,train
hysets_02482550,7060046870,1,train
hysets_02483000,7060046870,1,train
hysets_02483500,7060046870,1,train
hysets_02484000,7060046870,1,train
hysets_02484630,7060046870,1,train
hysets_02485500,7060046870,1,train
hysets_02485700,7060046870,1,train
hysets_02487500,7060046870,1,train
hysets_02487900,7060046870,1,train
hysets_02488000,7060046870,1,train
hysets_02488100,7060046870,1,train
hysets_02488500,7060046870,1,train
hysets_02488700,7060046870,1,train
hysets_02488850,7060046870,1,train
hysets_02489000,7060046870,1,train
hysets_02489240,7060046870,1,train
hysets_02490000,7060046870,1,train
hysets_02490105,7060046870,1,train
hysets_02490500,7060046870,1,train
hysets_02491500,7060046870,1,train
hysets_02492000,7060046870,1,train
hysets_02492343,7060046850,4,train
hysets_02492360,7060046850,4,train
hysets_02AA001,7060034520,1,val
hysets_02AB008,7060034520,1,val
hysets_02AB014,7060034520,1,val
hysets_02AB017,7060034520,1,val
hysets_02AB019,7060034520,1,val
hysets_02AB021,7060034520,1,val
hysets_02AB022,7060034520,1,val
hysets_02AB023,7060034520,1,val
hysets_02AB024,7060034520,1,val
hysets_02AC001,7060034520,1,val
hysets_02AC002,7060034520,1,val
hysets_02AD010,7060034520,1,val
hysets_02AE001,7060034520,1,val
hysets_02BA002,7060034520,1,val
hysets_02BA003,7060034520,1,val
hysets_02BA005,7060034520,1,val
hysets_02BA006,7060034520,1,val
hysets_02BB003,7060034520,1,val
hysets_02BC005,7060034520,1,val
hysets_02BC006,7060034520,1,val
hysets_02BF001,7060034520,1,val
hysets_02BF002,7060034520,1,val
hysets_02BF004,7060034520,1,val
hysets_02BF005,7060034520,1,val
hysets_02BF006,7060034520,1,val
hysets_02BF007,7060034520,1,val
hysets_02BF008,7060034520,1,val
hysets_02BF009,7060034520,1,val
hysets_02CA002,7060034520,1,val
hysets_02CB003,7060034520,1,val
hysets_02CD006,7060034520,1,val
hysets_02CF007,7060034520,1,val
hysets_02CF008,7060034520,1,val
hysets_02CF011,7060034520,1,val
hysets_02CF012,7060034520,1,val
hysets_02CG003,7060034520,1,val
hysets_02DC012,7060034520,1,val
hysets_02DC013,7060034520,1,val
hysets_02DD012,7060034520,1,val
hysets_02DD013,7060034520,1,val
hysets_02DD014,7060034520,1,val
hysets_02DD015,7060034520,1,val
hysets_02EA005,7060034520,1,val
hysets_02EA010,7060034520,1,val
hysets_02EA018,7060034520,1,val
hysets_02EA021,7060034520,1,val
hysets_02EB014,7060034520,1,val
hysets_02EC002,7060034520,1,val
hysets_02EC009,7060034520,1,val
hysets_02EC010,7060034520,1,val
hysets_02EC011,7060034520,1,val
hysets_02EC018,7060034520,1,val
hysets_02EC019,7060034520,1,val
hysets_02EC021,7060034520,1,val
hysets_02ED003,7060034520,1,val
hysets_02ED007,7060034520,1,val
hysets_02ED013,7060034520,1,val
hysets_02ED014,7060034520,1,val
hysets_02ED015,7060034520,1,val
hysets_02ED017,7060034520,1,val
hysets_02ED018,7060034520,1,val
hysets_02ED024,7060034520,1,val
hysets_02ED026,7060034520,1,val
hysets_02ED029,7060034520,1,val
hysets_02ED030,7060034520,1,val
hysets_02ED031,7060034520,1,val
hysets_02ED032,7060034520,1,val
hysets_02ED101,7060034520,1,val
hysets_02ED102,7060034520,1,val
hysets_02FA002,7060034520,1,val
hysets_02FA004,7060034520,1,val
hysets_02FB007,7060034520,1,val
hysets_02FB010,7060034520,1,val
hysets_02FB012,7060034520,1,val
hysets_02FB013,7060034520,1,val
hysets_02FB014,7060034520,1,val
hysets_02FC011,7060034520,1,val
hysets_02FC016,7060034520,1,val
hysets_02FC017,7060034520,1,val
hysets_02FC020,7060034520,1,val
hysets_02FC021,7060034520,1,val
hysets_02FD001,7060034520,1,val
hysets_02FD002,7060034520,1,val
hysets_02FD003,7060034520,1,val
hysets_02FE008,7060034520,1,val
hysets_02FE009,7060034520,1,val
hysets_02FE010,7060034520,1,val
hysets_02FE014,7060034520,1,val
hysets_02FE016,7060034520,1,val
hysets_02FE017,7060034520,1,val
hysets_02FF004,7060034520,1,val
hysets_02FF007,7060034520,1,val
hysets_02FF008,7060034520,1,val
hysets_02FF013,7060034520,1,val
hysets_02FF014,7060034520,1,val
hysets_02FF015,7060034520,1,val
hysets_02GA005,7060034520,1,val
hysets_02GA010,7060034520,1,val
hysets_02GA018,7060034520,1,val
hysets_02GA042,7060034520,1,val
hysets_02GA043,7060034520,1,val
hysets_02GA044,7060034520,1,val
hysets_02GA045,7060034520,1,val
hysets_02GA046,7060034520,1,val
hysets_02GA047,7060034520,1,val
hysets_02GB007,7060034520,1,val
hysets_02GC002,7060034520,1,val
hysets_02GC010,7060034520,1,val
hysets_02GC011,7060034520,1,val
hysets_02GC018,7060034520,1,val
hysets_02GC021,7060034520,1,val
hysets_02GC029,7060034520,1,val
hysets_02GC030,7060034520,1,val
hysets_02GC031,7060034520,1,val
hysets_02GD004,7060034520,1,val
hysets_02GD009,7060034520,1,val
hysets_02GD010,7060034520,1,val
hysets_02GD021,7060034520,1,val
hysets_02GD027,7060034520,1,val
hysets_02GD028,7060034520,1,val
hysets_02GE005,7060034520,1,val
hysets_02GE007,7060034520,1,val
hysets_02GE008,7060034520,1,val
hysets_02GG002,7060034520,1,val
hysets_02GG003,7060034520,1,val
hysets_02GG004,7060034520,1,val
hysets_02GG005,7060034520,1,val
hysets_02GG006,7060034520,1,val
hysets_02GG007,7060034520,1,val
hysets_02GG009,7060034520,1,val
hysets_02GG013,7060034520,1,val
hysets_02GH003,7060034520,1,val
hysets_02GH011,7060034520,1,val
hysets_02HA006,7060034520,1,val
hysets_02HA014,7060034520,1,val
hysets_02HA020,7060034520,1,val
hysets_02HA030,7060034520,1,val
hysets_02HA031,7060034520,1,val
hysets_02HB004,7060034520,1,val
hysets_02HB012,7060034520,1,val
hysets_02HB021,7060034520,1,val
hysets_02HB022,7060034520,1,val
hysets_02HB023,7060034520,1,val
hysets_02HB027,7060034520,1,val
hysets_02HB028,7060034520,1,val
hysets_02HB029,7060034520,1,val
hysets_02HB030,7060034520,1,val
hysets_02HB031,7060034520,1,val
hysets_02HC009,7060034520,1,val
hysets_02HC013,7060034520,1,val
hysets_02HC018,7060034520,1,val
hysets_02HC019,7060034520,1,val
hysets_02HC025,7060034520,1,val
hysets_02HC028,7060034520,1,val
hysets_02HC030,7060034520,1,val
hysets_02HC031,7060034520,1,val
hysets_02HC033,7060034520,1,val
hysets_02HC038,7060034520,1,val
hysets_02HC047,7060034520,1,val
hysets_02HC049,7060034520,1,val
hysets_02HC053,7060034520,1,val
hysets_02HC054,7060034520,1,val
hysets_02HC055,7060034520,1,val
hysets_02HC056,7060034520,1,val
hysets_02HC058,7060034520,1,val
hysets_02HD006,7060034520,1,val
hysets_02HD008,7060034520,1,val
hysets_02HD009,7060034520,1,val
hysets_02HD012,7060034520,1,val
hysets_02HD018,7060034520,1,val
hysets_02HD019,7060034520,1,val
hysets_02HD021,7060034520,1,val
hysets_02HD022,7060034520,1,val
hysets_02HD023,7060034520,1,val
hysets_02HE004,7060034520,1,val
hysets_02HG001,7060034520,1,val
hysets_02HG003,7060034520,1,val
hysets_02HH003,7060034520,1,val
hysets_02HJ001,7060034520,1,val
hysets_02HJ005,7060034520,1,val
hysets_02HJ006,7060034520,1,val
hysets_02HJ007,7060034520,1,val
hysets_02HK007,7060034520,1,val
hysets_02HK008,7060034520,1,val
hysets_02HK015,7060034520,1,val
hysets_02HK016,7060034520,1,val
hysets_02HK017,7060034520,1,val
hysets_02HL003,7060034520,1,val
hysets_02HL004,7060034520,1,val
hysets_02HL005,7060034520,1,val
hysets_02HL006,7060034520,1,val
hysets_02HL008,7060034520,1,val
hysets_02HM004,7060034520,1,val
hysets_02HM005,7060034520,1,val
hysets_02HM009,7060034520,1,val
hysets_02HM011,7060034520,1,val
hysets_02JC008,7060034520,1,val
hysets_02JE027,7060034520,1,val
hysets_02KA015,7060034520,1,val
hysets_02KC014,7060034520,1,val
hysets_02KC018,7060034520,1,val
hysets_02KD002,7060034520,1,val
hysets_02KF011,7060034520,1,val
hysets_02KF015,7060034520,1,val
hysets_02KF016,7060034520,1,val
hysets_02KF017,7060034520,1,val
hysets_02LA007,7060034520,1,val
hysets_02LB006,7060034520,1,val
hysets_02LB007,7060034520,1,val
hysets_02LB008,7060034520,1,val
hysets_02LB018,7060034520,1,val
hysets_02LB020,7060034520,1,val
hysets_02LB022,7060034520,1,val
hysets_02LB032,7060034520,1,val
hysets_02LC025,7060034520,1,val
hysets_02LD005,7060034520,1,val
hysets_02LH004,7060034520,1,val
hysets_02LH032,7060034520,1,val
hysets_02MA001,7060034520,1,val
hysets_02MB006,7060034520,1,val
hysets_02MB010,7060034520,1,val
hysets_02MC001,7060034520,1,val
hysets_02MC026,7060034520,1,val
hysets_02MC027,7060034520,1,val
hysets_02MC028,7060034520,1,val
hysets_02MC036,7060034520,1,val
hysets_02NE011,7060034520,1,val
hysets_02NF003,7060034520,1,val
hysets_02OA055,7060034520,1,val
hysets_02OA057,7060034520,1,val
hysets_02OA062,7060034520,1,val
hysets_02OB033,7060034520,1,val
hysets_02OB037,7060034520,1,val
hysets_02OC019,7060034520,1,val
hysets_02OD003,7060034520,1,val
hysets_02OD011,7060034520,1,val
hysets_02OE018,7060039620,2,train
hysets_02OE027,7060034520,1,val
hysets_02OG026,7060034520,1,val
hysets_02OG046,7060034520,1,val
hysets_02OH008,7060034520,1,val
hysets_02OJ024,7060034520,1,val
hysets_02PC009,7060034520,1,val
hysets_02PC017,7060034520,1,val
hysets_02PD002,7060034340,3,train
hysets_02PG006,7060034580,2,test
hysets_02PG022,7060034580,2,test
hysets_02PJ007,7060034520,1,val
hysets_02PJ027,7060034520,1,val
hysets_02PJ030,7060034520,1,val
hysets_02PJ034,7060034520,1,val
hysets_02PK005,7060034520,1,val
hysets_02PK009,7060034520,1,val
hysets_02PL005,7060034520,1,val
hysets_02PL009,7060034520,1,val
hysets_02QA002,7060034580,2,test
hysets_02QA017,7060034790,2,train
hysets_02QB011,7060034870,4,train
hysets_02QC001,7060034870,4,train
hysets_02QC009,7060034870,4,train
hysets_02QC017,7060034870,4,train
hysets_02RC011,7060034330,3,train
hysets_02RH027,7060034330,3,train
hysets_02RH035,7060034330,3,train
hysets_02RH045,7060034330,3,train
hysets_02RH047,7060034330,3,train
hysets_02RH048,7060034330,3,train
hysets_02RH049,7060034330,3,train
hysets_02RH066,7060034330,3,train
hysets_02RH067,7060034330,3,train
hysets_02RH068,7060034330,3,train
hysets_02RH073,7060034330,3,train
hysets_02SC004,7060034110,4,train
hysets_02UC005,7060033480,4,train
hysets_02UC006,7060033480,4,train
hysets_02VA001,7060033480,4,train
hysets_02VA003,7060033480,4,train
hysets_02WD001,7060063420,3,train
hysets_02XA003,7060032940,1,train
hysets_02XB002,7060032700,2,val
hysets_02XD001,7060032080,1,train
hysets_02YA001,7060060320,1,train
hysets_02YA002,7060060320,1,train
hysets_02YC001,7060060320,1,train
hysets_02YD002,7060060320,1,train
hysets_02YE001,7060060320,1,train
hysets_02YG001,7060060320,1,train
hysets_02YJ001,7060059990,1,test
hysets_02YK002,7060060310,4,train
hysets_02YK005,7060060310,4,train
hysets_02YK008,7060060310,4,train
hysets_02YL001,7060060310,4,train
hysets_02YL004,7060060310,4,train
hysets_02YL005,7060060320,1,train
hysets_02YL008,7060060310,4,train
hysets_02YL011,7060059990,1,test
hysets_02YL012,7060060310,4,train
hysets_02YM001,7060060320,1,train
hysets_02YM003,7060060320,1,train
hysets_02YM004,7060060320,1,train
hysets_02YN002,7060061510,4,train
hysets_02YN003,7060061510,4,train
hysets_02YN004,7060061510,4,train
hysets_02YO006,7060060320,1,train
hysets_02YO008,7060061510,4,train
hysets_02YO012,7060061520,2,train
hysets_02YO014,7060061510,4,train
hysets_02YO015,7060061510,4,train
hysets_02YQ001,7060061620,4,train
hysets_02YQ005,7060061620,4,train
hysets_02YR001,7060061630,2,train
hysets_02YR002,7060061630,2,train
hysets_02YR003,7060061630,2,train
hysets_02YR004,7060061820,1,train
hysets_02YS001,7060061870,3,train
hysets_02YS003,7060061880,4,train
hysets_02YS005,7060061870,3,train
hysets_02YS006,7060061880,4,train
hysets_02ZA001,7060059990,1,test
hysets_02ZA002,7060059990,1,test
hysets_02ZB001,7060063060,1,train
hysets_02ZC002,7060063060,1,train
hysets_02ZD002,7060063060,1,train
hysets_02ZE004,7060062940,2,val
hysets_02ZE005,7060062940,2,val
hysets_02ZF001,7060062930,4,test
hysets_02ZG001,7060061880,4,train
hysets_02ZG003,7060061880,4,train
hysets_02ZG004,7060061880,4,train
hysets_02ZH001,7060061880,4,train
hysets_02ZH002,7060061880,4,train
hysets_02ZJ001,7060061880,4,train
hysets_02ZJ002,7060061880,4,train
hysets_02ZJ003,7060061880,4,train
hysets_02ZK001,7060061880,4,train
hysets_02ZK002,7060061880,4,train
hysets_02ZK003,7060061880,4,train
hysets_02ZK004,7060061880,4,train
hysets_02ZK006,7060061880,4,train
hysets_02ZK008,7060061880,4,train
hysets_02ZL004,7060061880,4,train
hysets_02ZL005,7060061880,4,train
hysets_02ZM006,7060061880,4,train
hysets_02ZM008,7060061880,4,train
hysets_02ZM009,7060061880,4,train
hysets_02ZM016,7060061880,4,train
hysets_02ZM018,7060061880,4,train
hysets_02ZM020,7060061880,4,train
hysets_02ZM023,7060061880,4,train
hysets_02ZM024,7060061880,4,train
hysets_02ZN002,7060061880,4,train
hysets_03007800,7060047060,0,train
hysets_03008000,7060047060,0,train
hysets_03009680,7060047060,0,train
hysets_03010500,7060047060,0,train
hysets_03010655,7060047060,0,train
hysets_03010800,7060047060,0,train
hysets_03011000,7060047060,0,train
hysets_03011020,7060047060,0,train
hysets_03011550,7060047060,0,train
hysets_03011800,7060047060,0,train
hysets_03012834,7060047060,0,train
hysets_03013000,7060047060,0,train
hysets_03015280,7060047060,0,train
hysets_03015310,7060047060,0,train
hysets_03015500,7060047060,0,train
hysets_03015795,7060047060,0,train
hysets_03017500,7060047060,0,train
hysets_03020500,7060047060,0,train
hysets_03021350,7060047060,0,train
hysets_03021410,7060047060,0,train
hysets_03021500,7060047060,0,train
hysets_03021700,7060047060,0,train
hysets_03022540,7060047060,0,train
hysets_03025000,7060047060,0,train
hysets_03025200,7060047060,0,train
hysets_03026500,7060047060,0,train
hysets_03028000,7060047060,0,train
hysets_03029400,7060047060,0,train
hysets_03029500,7060047060,0,train
hysets_03030852,7060047060,0,train
hysets_03031950,7060047060,0,train
hysets_03032500,7060047060,0,train
hysets_03033225,7060047060,0,train
hysets_03034000,7060047060,0,train
hysets_03034500,7060047060,0,train
hysets_03037400,7060047060,0,train
hysets_03039200,7060047060,0,train
hysets_03039925,7060047060,0,train
hysets_03042000,7060047060,0,train
hysets_03042200,7060047060,0,train
hysets_03042700,7060047060,0,train
hysets_03049000,7060047060,0,train
hysets_03049800,7060047060,0,train
hysets_03049807,7060047060,0,train
hysets_03050000,7060047060,0,train
hysets_03050500,7060047060,0,train
hysets_03050800,7060047060,0,train
hysets_03050900,7060047060,0,train
hysets_03051000,7060047060,0,train
hysets_03052000,7060047060,0,train
hysets_03052500,7060047060,0,train
hysets_03053500,7060047060,0,train
hysets_03054500,7060047060,0,train
hysets_03056250,7060047060,0,train
hysets_03057300,7060047060,0,train
hysets_03057500,7060047060,0,train
hysets_03058006,7060047060,0,train
hysets_03059500,7060047060,0,train
hysets_03061410,7060047060,0,train
hysets_03061435,7060047060,0,train
hysets_03061495,7060047060,0,train
hysets_03062213,7060047060,0,train
hysets_03062215,7060047060,0,train
hysets_03062400,7060047060,0,train
hysets_03063600,7060047060,0,train
hysets_03065000,7060047060,0,train
hysets_03065200,7060047060,0,train
hysets_03065400,7060047060,0,train
hysets_03066000,7060047060,0,train
hysets_03066630,7060047060,0,train
hysets_03066720,7060047060,0,train
hysets_03066730,7060047060,0,train
hysets_03067510,7060047060,0,train
hysets_03068000,7060047060,0,train
hysets_03068600,7060047060,0,train
hysets_03068604,7060047060,0,train
hysets_03068607,7060047060,0,train
hysets_03068610,7060047060,0,train
hysets_03068800,7060047060,0,train
hysets_03069000,7060047060,0,train
hysets_03069500,7060047060,0,train
hysets_03069880,7060047060,0,train
hysets_03070000,7060047060,0,train
hysets_03070260,7060047060,0,train
hysets_03070310,7060047060,0,train
hysets_03070350,7060047060,0,train
hysets_03070415,7060047060,0,train
hysets_03070455,7060047060,0,train
hysets_03070500,7060047060,0,train
hysets_03071000,7060047060,0,train
hysets_03072000,7060047060,0,train
hysets_03072590,7060047060,0,train
hysets_03072670,7060047060,0,train
hysets_03072818,7060047060,0,train
hysets_03072840,7060047060,0,train
hysets_03073000,7060047060,0,train
hysets_03073030,7060047060,0,train
hysets_03074300,7060047060,0,train
hysets_03074500,7060047060,0,train
hysets_03075500,7060047060,0,train
hysets_03075670,7060047060,0,train
hysets_03075680,7060047060,0,train
hysets_03075905,7060047060,0,train
hysets_03076600,7060047060,0,train
hysets_03077940,7060047060,0,train
hysets_03078000,7060047060,0,train
hysets_03079000,7060047060,0,train
hysets_03080000,7060047060,0,train
hysets_03082020,7060047060,0,train
hysets_03082120,7060047060,0,train
hysets_03082190,7060047060,0,train
hysets_03082200,7060047060,0,train
hysets_03082237,7060047060,0,train
hysets_03083000,7060047060,0,train
hysets_03084000,7060047060,0,train
hysets_03084500,7060047060,0,train
hysets_03084800,7060047060,0,train
hysets_03085049,7060047060,0,train
hysets_03085217,7060047060,0,train
hysets_03085500,7060047060,0,train
hysets_03085550,7060047060,0,train
hysets_03085956,7060047060,0,train
hysets_03086100,7060047060,0,train
hysets_03086500,7060047060,0,train
hysets_03089500,7060047060,0,train
hysets_03092000,7060047060,0,train
hysets_03092090,7060047060,0,train
hysets_03093000,7060047060,0,train
hysets_03098500,7060047060,0,train
hysets_03098700,7060047060,0,train
hysets_03101000,7060047060,0,train
hysets_03102500,7060047060,0,train
hysets_03102950,7060047060,0,train
hysets_03103000,7060047060,0,train
hysets_03104760,7060047060,0,train
hysets_03106000,7060047060,0,train
hysets_03106140,7060047060,0,train
hysets_03106500,7060047060,0,train
hysets_03108000,7060047060,0,train
hysets_03109000,7060047060,0,train
hysets_03109320,7060047060,0,train
hysets_03109500,7060047060,0,train
hysets_03110000,7060047060,0,train
hysets_03110830,7060047060,0,train
hysets_03110983,7060047060,0,train
hysets_03111150,7060047060,0,train
hysets_03111500,7060047060,0,train
hysets_03111548,7060047060,0,train
hysets_03111585,7060047060,0,train
hysets_03113700,7060047060,0,train
hysets_03113990,7060047060,0,train
hysets_03114000,7060047060,0,train
hysets_03114500,7060047060,0,train
hysets_03114650,7060047060,0,train
hysets_03115400,7060047060,0,train
hysets_03115970,7060047060,0,train
hysets_03115971,7060047060,0,train
hysets_03115973,7060047060,0,train
hysets_03116000,7060047060,0,train
hysets_03116077,7060047060,0,train
hysets_03116200,7060047060,0,train
hysets_03117000,7060047060,0,train
hysets_03117500,7060047060,0,train
hysets_03118000,7060047060,0,train
hysets_03118500,7060047060,0,train
hysets_03121850,7060047060,0,train
hysets_03123000,7060047060,0,train
hysets_03125000,7060047060,0,train
hysets_03130500,7060047060,0,train
hysets_03136175,7060047060,0,train
hysets_03137000,7060047060,0,train
hysets_03139000,7060047060,0,train
hysets_03139940,7060047060,0,train
hysets_03140000,7060047060,0,train
hysets_03141870,7060047060,0,train
hysets_03142200,7060047060,0,train
hysets_03142295,7060047060,0,train
hysets_03144000,7060047060,0,train
hysets_03144270,7060047060,0,train
hysets_03144289,7060047060,0,train
hysets_03144816,7060047060,0,train
hysets_03145483,7060047060,0,train
hysets_03146000,7060047060,0,train
hysets_03146277,7060047060,0,train
hysets_03146405,7060047060,0,train
hysets_03146500,7060047060,0,train
hysets_03147000,7060047060,0,train
hysets_03148150,7060047060,0,train
hysets_03149500,7060047060,0,train
hysets_03150250,7060047060,0,train
hysets_03150300,7060047060,0,train
hysets_03151400,7060047060,0,train
hysets_03151500,7060047060,0,train
hysets_03152200,7060047060,0,train
hysets_03152500,7060047060,0,train
hysets_03153000,7060047060,0,train
hysets_03154000,7060047060,0,train
hysets_03154250,7060047060,0,train
hysets_03154500,7060047060,0,train
hysets_03155200,7060047060,0,train
hysets_03155220,7060047060,0,train
hysets_03155500,7060047060,0,train
hysets_03157000,7060047060,0,train
hysets_03157500,7060047060,0,train
hysets_03158195,7060047060,0,train
hysets_03158200,7060047060,0,train
hysets_03159246,7060047060,0,train
hysets_03159500,7060047060,0,train
hysets_03159510,7060047060,0,train
hysets_03159530,7060047060,0,train
hysets_03159534,7060047060,0,train
hysets_03159540,7060047060,0,train
hysets_03159555,7060047060,0,train
hysets_03159870,7060047060,0,train
hysets_03160000,7060047060,0,train
hysets_03161000,7060047060,0,train
hysets_03164000,7060047060,0,train
hysets_03165000,7060047060,0,train
hysets_03166800,7060047060,0,train
hysets_03167000,7060047060,0,train
hysets_03167500,7060047060,0,train
hysets_03168000,7060047060,0,train
hysets_03168500,7060047060,0,train
hysets_03170000,7060047060,0,train
hysets_03173000,7060047060,0,train
hysets_03175100,7060047060,0,train
hysets_03175500,7060047060,0,train
hysets_03177700,7060047060,0,train
hysets_03177710,7060047060,0,train
hysets_03178000,7060047060,0,train
hysets_03178500,7060047060,0,train
hysets_03179000,7060047060,0,train
hysets_03180300,7060047060,0,train
hysets_03180500,7060047060,0,train
hysets_03181200,7060047060,0,train
hysets_03182000,7060047060,0,train
hysets_03182500,7060047060,0,train
hysets_03182700,7060047060,0,train
hysets_03182950,7060047060,0,train
hysets_03183000,7060047060,0,train
hysets_03183500,7060047060,0,train
hysets_03184000,7060047060,0,train
hysets_03184200,7060047060,0,train
hysets_03185000,7060047060,0,train
hysets_03186500,7060047060,0,train
hysets_03187000,7060047060,0,train
hysets_03187300,7060047060,0,train
hysets_03187500,7060047060,0,train
hysets_03189000,7060047060,0,train
hysets_03189100,7060047060,0,train
hysets_03189650,7060047060,0,train
hysets_03189890,7060047060,0,train
hysets_03190000,7060047060,0,train
hysets_03190400,7060047060,0,train
hysets_03191500,7060047060,0,train
hysets_03193778,7060047060,0,train
hysets_03193830,7060047060,0,train
hysets_03194700,7060047060,0,train
hysets_03195000,7060047060,0,train
hysets_03195100,7060047060,0,train
hysets_03195250,7060047060,0,train
hysets_03195600,7060047060,0,train
hysets_03196500,7060047060,0,train
hysets_03196750,7060047060,0,train
hysets_03197440,7060047060,0,train
hysets_03197680,7060047060,0,train
hysets_03197790,7060047060,0,train
hysets_03198020,7060047060,0,train
hysets_03198022,7060047060,0,train
hysets_03198350,7060047060,0,train
hysets_03198450,7060047060,0,train
hysets_03198500,7060047060,0,train
hysets_03198550,7060047060,0,train
hysets_03198690,7060047060,0,train
hysets_03199300,7060047060,0,train
hysets_03199400,7060047060,0,train
hysets_03199700,7060047060,0,train
hysets_03200500,7060047060,0,train
hysets_03201405,7060047060,0,train
hysets_03201410,7060047060,0,train
hysets_03201555,7060047060,0,train
hysets_03201600,7060047060,0,train
hysets_03201660,7060047060,0,train
hysets_03201700,7060047060,0,train
hysets_03201800,7060047060,0,train
hysets_03201902,7060047060,0,train
hysets_03201929,7060047060,0,train
hysets_03201947,7060047060,0,train
hysets_03201980,7060047060,0,train
hysets_03201988,7060047060,0,train
hysets_03202000,7060047060,0,train
hysets_03202240,7060047060,0,train
hysets_03202245,7060047060,0,train
hysets_03202255,7060047060,0,train
hysets_03202260,7060047060,0,train
hysets_03202262,7060047060,0,train
hysets_03202310,7060047060,0,train
hysets_03202400,7060047060,0,train
hysets_03202480,7060047060,0,train
hysets_03202490,7060047060,0,train
hysets_03202695,7060047060,0,train
hysets_03202750,7060047060,0,train
hysets_03202900,7060047060,0,train
hysets_03203670,7060047060,0,train
hysets_03204215,7060047060,0,train
hysets_03204220,7060047060,0,train
hysets_03204500,7060047060,0,train
hysets_03205470,7060047060,0,train
hysets_03206600,7060047060,0,train
hysets_03206800,7060047060,0,train
hysets_03206980,7060047060,0,train
hysets_03207000,7060047060,0,train
hysets_03207057,7060047060,0,train
hysets_03207500,7060047060,0,train
hysets_03207800,7060047060,0,train
hysets_03207845,7060047060,0,train
hysets_03207875,7060047060,0,train
hysets_03207905,7060047060,0,train
hysets_03207915,7060047060,0,train
hysets_03207925,7060047060,0,train
hysets_03207935,7060047060,0,train
hysets_03207940,7060047060,0,train
hysets_03207962,7060047060,0,train
hysets_03207965,7060047060,0,train
hysets_03208034,7060047060,0,train
hysets_03208040,7060047060,0,train
hysets_03208100,7060047060,0,train
hysets_03208500,7060047060,0,train
hysets_03208950,7060047060,0,train
hysets_03209440,7060047060,0,train
hysets_03210000,7060047060,0,train
hysets_03210040,7060047060,0,train
hysets_03210160,7060047060,0,train
hysets_03210310,7060047060,0,train
hysets_03210420,7060047060,0,train
hysets_03212000,7060047060,0,train
hysets_03212558,7060047060,0,train
hysets_03212585,7060047060,0,train
hysets_03212600,7060047060,0,train
hysets_03212640,7060047060,0,train
hysets_03212700,7060047060,0,train
hysets_03212750,7060047060,0,train
hysets_03212980,7060047060,0,train
hysets_03212985,7060047060,0,train
hysets_03213000,7060047060,0,train
hysets_03213495,7060047060,0,train
hysets_03213500,7060047060,0,train
hysets_03213590,7060047060,0,train
hysets_03213594,7060047060,0,train
hysets_03213620,7060047060,0,train
hysets_03213630,7060047060,0,train
hysets_03213700,7060047060,0,train
hysets_03213800,7060047060,0,train
hysets_03214000,7060047060,0,train
hysets_03214500,7060047060,0,train
hysets_03214900,7060047060,0,train
hysets_03215500,7060047060,0,train
hysets_03216540,7060047060,0,train
hysets_03216800,7060047060,0,train
hysets_03217000,7060047060,0,train
hysets_03217500,7060047060,0,train
hysets_03218000,7060047060,0,train
hysets_03219500,7060047060,0,train
hysets_03219590,7060047060,0,train
hysets_03220000,7060047060,0,train
hysets_03223000,7060047060,0,train
hysets_03223425,7060047060,0,train
hysets_03223500,7060047060,0,train
hysets_03224000,7060047060,0,train
hysets_03224500,7060047060,0,train
hysets_03226885,7060047060,0,train
hysets_03228000,7060047060,0,train
hysets_03228300,7060047060,0,train
hysets_03228560,7060047060,0,train
hysets_03228750,7060047060,0,train
hysets_03230310,7060047060,0,train
hysets_03230450,7060047060,0,train
hysets_03230500,7060047060,0,train
hysets_03230800,7060047060,0,train
hysets_03232000,7060047060,0,train
hysets_03232300,7060047060,0,train
hysets_03235000,7060047060,0,train
hysets_03235500,7060047060,0,train
hysets_03236800,7060047060,0,train
hysets_03237250,7060047060,0,train
hysets_03237255,7060047060,0,train
hysets_03237280,7060047060,0,train
hysets_03237500,7060047060,0,train
hysets_03237900,7060047060,0,train
hysets_03238500,7060047060,0,train
hysets_03238745,7060047060,0,train
hysets_03239000,7060047060,0,train
hysets_03239500,7060047060,0,train
hysets_03240000,7060047060,0,train
hysets_03240500,7060047060,0,train
hysets_03241000,7060047060,0,train
hysets_03241500,7060047060,0,train
hysets_03242050,7060047060,0,train
hysets_03242150,7060047060,0,train
hysets_03242200,7060047060,0,train
hysets_03244000,7060047060,0,train
hysets_03244936,7060047060,0,train
hysets_03246200,7060047060,0,train
hysets_03246500,7060047060,0,train
hysets_03247000,7060047060,0,train
hysets_03247400,7060047060,0,train
hysets_03248000,7060047060,0,train
hysets_03248300,7060047060,0,train
hysets_03248500,7060047060,0,train
hysets_03250000,7060047060,0,train
hysets_03250100,7060047060,0,train
hysets_03250190,7060047060,0,train
hysets_03250320,7060047060,0,train
hysets_03250322,7060047060,0,train
hysets_03251000,7060047060,0,train
hysets_03251200,7060047060,0,train
hysets_03252000,7060047060,0,train
hysets_03252300,7060047060,0,train
hysets_03252500,7060047060,0,train
hysets_03253000,7060047060,0,train
hysets_03254400,7060047060,0,train
hysets_03254480,7060047060,0,train
hysets_03255500,7060047060,0,train
hysets_03256000,7060047060,0,train
hysets_03257000,7060047060,0,train
hysets_03260015,7060047060,0,train
hysets_03260050,7060047060,0,train
hysets_03260100,7060047060,0,train
hysets_03260325,7060047060,0,train
hysets_03260450,7060047060,0,train
hysets_03260502,7060047060,0,train
hysets_03260700,7060047060,0,train
hysets_03260706,7060047060,0,train
hysets_03260800,7060047060,0,train
hysets_03261500,7060047060,0,train
hysets_03262001,7060047060,0,train
hysets_03264000,7060047060,0,train
hysets_03265000,7060047060,0,train
hysets_03266500,7060047060,0,train
hysets_03266560,7060047060,0,train
hysets_03267000,7060047060,0,train
hysets_03267500,7060047060,0,train
hysets_03267600,7060047060,0,train
hysets_03267700,7060047060,0,train
hysets_03267800,7060047060,0,train
hysets_03267900,7060047060,0,train
hysets_03267950,7060047060,0,train
hysets_03267960,7060047060,0,train
hysets_03268000,7060047060,0,train
hysets_03268500,7060047060,0,train
hysets_03270800,7060047060,0,train
hysets_03271000,7060047060,0,train
hysets_03271300,7060047060,0,train
hysets_03271800,7060047060,0,train
hysets_03272700,7060047060,0,train
hysets_03272800,7060047060,0,train
hysets_03273500,7060047060,0,train
hysets_03274650,7060047060,0,train
hysets_03274750,7060047060,0,train
hysets_03274950,7060047060,0,train
hysets_03275000,7060047060,0,train
hysets_03275600,7060047060,0,train
hysets_03276700,7060047060,0,train
hysets_03277000,7060047060,0,train
hysets_03277075,7060047060,0,train
hysets_03277130,7060047060,0,train
hysets_03277300,7060047060,0,train
hysets_03277400,7060047060,0,train
hysets_03278000,7060047060,0,train
hysets_03278500,7060047060,0,train
hysets_03280600,7060047060,0,train
hysets_03280700,7060047060,0,train
hysets_03281040,7060047060,0,train
hysets_03281100,7060047060,0,train
hysets_03281500,7060047060,0,train
hysets_03282040,7060047060,0,train
hysets_03282075,7060047060,0,train
hysets_03282100,7060047060,0,train
hysets_03282500,7060047060,0,train
hysets_03283000,7060047060,0,train
hysets_03283370,7060047060,0,train
hysets_03284300,7060047060,0,train
hysets_03284520,7060047060,0,train
hysets_03284530,7060047060,0,train
hysets_03284550,7060047060,0,train
hysets_03284555,7060047060,0,train
hysets_03284580,7060047060,0,train
hysets_03285000,7060047060,0,train
hysets_03285200,7060047060,0,train
hysets_03286200,7060047060,0,train
hysets_03287580,7060047060,0,train
hysets_03287590,7060047060,0,train
hysets_03287600,7060047060,0,train
hysets_03288000,7060047060,0,train
hysets_03288100,7060047060,0,train
hysets_03288200,7060047060,0,train
hysets_03288500,7060047060,0,train
hysets_03289000,7060047060,0,train
hysets_03289193,7060047060,0,train
hysets_03289200,7060047060,0,train
hysets_03289300,7060047060,0,train
hysets_03289500,7060047060,0,train
hysets_03290000,7060047060,0,train
hysets_03291000,7060047060,0,train
hysets_03291500,7060047060,0,train
hysets_03291780,7060047060,0,train
hysets_03292460,7060047060,0,train
hysets_03292470,7060047060,0,train
hysets_03292474,7060047060,0,train
hysets_03292475,7060047060,0,train
hysets_03292480,7060047060,0,train
hysets_03292500,7060047060,0,train
hysets_03292550,7060047060,0,train
hysets_03293000,7060047060,0,train
hysets_03293510,7060047060,0,train
hysets_03293530,7060047060,0,train
hysets_03294000,7060047060,0,train
hysets_03294570,7060047060,0,train
hysets_03295000,7060047060,0,train
hysets_03295400,7060047060,0,train
hysets_03295500,7060047060,0,train
hysets_03295702,7060047060,0,train
hysets_03295890,7060047060,0,train
hysets_03296000,7060047060,0,train
hysets_03296700,7060047060,0,train
hysets_03297000,7060047060,0,train
hysets_03297800,7060047060,0,train
hysets_03297845,7060047060,0,train
hysets_03297900,7060047060,0,train
hysets_03297970,7060047060,0,train
hysets_03297980,7060047060,0,train
hysets_03298000,7060047060,0,train
hysets_03298100,7060047060,0,train
hysets_03298135,7060047060,0,train
hysets_03298150,7060047060,0,train
hysets_03298200,7060047060,0,train
hysets_03298250,7060047060,0,train
hysets_03298300,7060047060,0,train
hysets_03298550,7060047060,0,train
hysets_03299000,7060047060,0,train
hysets_03300000,7060047060,0,train
hysets_03300400,7060047060,0,train
hysets_03301000,7060047060,0,train
hysets_03301500,7060047060,0,train
hysets_03301700,7060047060,0,train
hysets_03301900,7060047060,0,train
hysets_03301940,7060047060,0,train
hysets_03302000,7060047060,0,train
hysets_03302030,7060047060,0,train
hysets_03302050,7060047060,0,train
hysets_03302110,7060047060,0,train
hysets_03302220,7060047060,0,train
hysets_03302300,7060047060,0,train
hysets_03302500,7060047060,0,train
hysets_03302680,7060047060,0,train
hysets_03302800,7060047060,0,train
hysets_03302849,7060047060,0,train
hysets_03303000,7060047060,0,train
hysets_03303205,7060047060,0,train
hysets_03303400,7060047060,0,train
hysets_03304500,7060047060,0,train
hysets_03305000,7060047060,0,train
hysets_03305500,7060047060,0,train
hysets_03307000,7060047060,0,train
hysets_03307100,7060047060,0,train
hysets_03307260,7060047060,0,train
hysets_03307500,7060047060,0,train
hysets_03309000,7060047060,0,train
hysets_03309500,7060047060,0,train
hysets_03310000,7060047060,0,train
hysets_03310300,7060047060,0,train
hysets_03310400,7060047060,0,train
hysets_03310500,7060047060,0,train
hysets_03311600,7060047060,0,train
hysets_03312000,7060047060,0,train
hysets_03312255,7060047060,0,train
hysets_03312259,7060047060,0,train
hysets_03312500,7060047060,0,train
hysets_03312765,7060047060,0,train
hysets_03313500,7060047060,0,train
hysets_03313700,7060047060,0,train
hysets_03314000,7060047060,0,train
hysets_03316000,7060047060,0,train
hysets_03316275,7060047060,0,train
hysets_03317000,7060047060,0,train
hysets_03317500,7060047060,0,train
hysets_03318200,7060047060,0,train
hysets_03319500,7060047060,0,train
hysets_03319600,7060047060,0,train
hysets_03320500,7060047060,0,train
hysets_03321060,7060047060,0,train
hysets_03321210,7060047060,0,train
hysets_03321350,7060047060,0,train
hysets_03322011,7060047060,0,train
hysets_03322100,7060047060,0,train
hysets_03324000,7060047060,0,train
hysets_03324200,7060047060,0,train
hysets_03324300,7060047060,0,train
hysets_03325311,7060047060,0,train
hysets_03325500,7060047060,0,train
hysets_03326000,7060047060,0,train
hysets_03326070,7060047060,0,train
hysets_03327503,7060047060,0,train
hysets_03327520,7060047060,0,train
hysets_03328000,7060047060,0,train
hysets_03328430,7060047060,0,train
hysets_03328500,7060047060,0,train
hysets_03329400,7060047060,0,train
hysets_03329700,7060047060,0,train
hysets_03331500,7060047060,0,train
hysets_03331753,7060047060,0,train
hysets_03332300,7060047060,0,train
hysets_03332400,7060047060,0,train
hysets_03332500,7060047060,0,train
hysets_03333450,7060047060,0,train
hysets_03333500,7060047060,0,train
hysets_03333600,7060047060,0,train
hysets_03334000,7060047060,0,train
hysets_03334500,7060047060,0,train
hysets_03335000,7060047060,0,train
hysets_03335671,7060047060,0,train
hysets_033356725,7060047060,0,train
hysets_03335673,7060047060,0,train
hysets_03335678,7060047060,0,train
hysets_03335679,7060047060,0,train
hysets_03335690,7060047060,0,train
hysets_03335700,7060047060,0,train
hysets_03336500,7060047060,0,train
hysets_03336645,7060047060,0,train
hysets_03336900,7060047060,0,train
hysets_03337500,7060047060,0,train
hysets_03337570,7060047060,0,train
hysets_03338000,7060047060,0,train
hysets_03338500,7060047060,0,train
hysets_03338780,7060047060,0,train
hysets_03339108,7060047060,0,train
hysets_03339120,7060047060,0,train
hysets_03339150,7060047060,0,train
hysets_03339500,7060047060,0,train
hysets_03340000,7060047060,0,train
hysets_03340800,7060047060,0,train
hysets_03341000,7060047060,0,train
hysets_03341200,7060047060,0,train
hysets_03341315,7060047060,0,train
hysets_03341420,7060047060,0,train
hysets_03341470,7060047060,0,train
hysets_03342110,7060047060,0,train
hysets_03342150,7060047060,0,train
hysets_03342244,7060047060,0,train
hysets_03342360,7060047060,0,train
hysets_03342800,7060047060,0,train
hysets_03343400,7060047060,0,train
hysets_03343550,7060047060,0,train
hysets_03344000,7060047060,0,train
hysets_03344500,7060047060,0,train
hysets_03345500,7060047060,0,train
hysets_03346000,7060047060,0,train
hysets_03346500,7060047060,0,train
hysets_03347500,7060047060,0,train
hysets_03348000,7060047060,0,train
hysets_03348020,7060047060,0,train
hysets_03348100,7060047060,0,train
hysets_03348350,7060047060,0,train
hysets_03348500,7060047060,0,train
hysets_03349210,7060047060,0,train
hysets_03349510,7060047060,0,train
hysets_03349700,7060047060,0,train
hysets_03350000,7060047060,0,train
hysets_03350100,7060047060,0,train
hysets_03350655,7060047060,0,train
hysets_03350660,7060047060,0,train
hysets_03350700,7060047060,0,train
hysets_03351072,7060047060,0,train
hysets_03351310,7060047060,0,train
hysets_03351400,7060047060,0,train
hysets_03351500,7060047060,0,train
hysets_03352000,7060047060,0,train
hysets_03352200,7060047060,0,train
hysets_03353120,7060047060,0,train
hysets_03353160,7060047060,0,train
hysets_03353200,7060047060,0,train
hysets_03353451,7060047060,0,train
hysets_03353551,7060047060,0,train
hysets_03353560,7060047060,0,train
hysets_03353620,7060047060,0,train
hysets_03353630,7060047060,0,train
hysets_03353637,7060047060,0,train
hysets_03353660,7060047060,0,train
hysets_03353700,7060047060,0,train
hysets_03353800,7060047060,0,train
hysets_03353885,7060047060,0,train
hysets_03353910,7060047060,0,train
hysets_03354500,7060047060,0,train
hysets_03355000,7060047060,0,train
hysets_03357330,7060047060,0,train
hysets_03357350,7060047060,0,train
hysets_03357420,7060047060,0,train
hysets_03358000,7060047060,0,train
hysets_03359500,7060047060,0,train
hysets_03359980,7060047060,0,train
hysets_03360109,7060047060,0,train
hysets_03360125,7060047060,0,train
hysets_03360600,7060047060,0,train
hysets_03360895,7060047060,0,train
hysets_03361000,7060047060,0,train
hysets_03361109,7060047060,0,train
hysets_03361500,7060047060,0,train
hysets_03361630,7060047060,0,train
hysets_03361632,7060047060,0,train
hysets_03361650,7060047060,0,train
hysets_03361850,7060047060,0,train
hysets_03362000,7060047060,0,train
hysets_03362500,7060047060,0,train
hysets_03363000,7060047060,0,train
hysets_03363500,7060047060,0,train
hysets_03363900,7060047060,0,train
hysets_03364000,7060047060,0,train
hysets_03364200,7060047060,0,train
hysets_03364500,7060047060,0,train
hysets_03364650,7060047060,0,train
hysets_03365000,7060047060,0,train
hysets_03365500,7060047060,0,train
hysets_03365575,7060047060,0,train
hysets_03366000,7060047060,0,train
hysets_03366200,7060047060,0,train
hysets_03366500,7060047060,0,train
hysets_03368000,7060047060,0,train
hysets_03371500,7060047060,0,train
hysets_03371520,7060047060,0,train
hysets_03371600,7060047060,0,train
hysets_03371650,7060047060,0,train
hysets_03372000,7060047060,0,train
hysets_03372300,7060047060,0,train
hysets_03372700,7060047060,0,train
hysets_03373200,7060047060,0,train
hysets_03373508,7060047060,0,train
hysets_03373560,7060047060,0,train
hysets_03373686,7060047060,0,train
hysets_03373700,7060047060,0,train
hysets_03374455,7060047060,0,train
hysets_03375800,7060047060,0,train
hysets_03376260,7060047060,0,train
hysets_03378000,7060047060,0,train
hysets_03378500,7060047060,0,train
hysets_03378550,7060047060,0,train
hysets_03378900,7060047060,0,train
hysets_03379500,7060047060,0,train
hysets_03380350,7060047060,0,train
hysets_03380475,7060047060,0,train
hysets_03380500,7060047060,0,train
hysets_03382045,7060047060,0,train
hysets_03382100,7060047060,0,train
hysets_03382170,7060047060,0,train
hysets_03382350,7060047060,0,train
hysets_03382510,7060047060,0,train
hysets_03383000,7060047060,0,train
hysets_03384000,7060047060,0,train
hysets_03384100,7060047060,0,train
hysets_03384450,7060047060,0,train
hysets_03385000,7060047060,0,train
hysets_03385500,7060047060,0,train
hysets_03400500,7060047060,0,train
hysets_03401428,7060047060,0,train
hysets_03401450,7060047060,0,train
hysets_03403000,7060047060,0,train
hysets_03403718,7060047060,0,train
hysets_03403910,7060047060,0,train
hysets_03404820,7060047060,0,train
hysets_03404900,7060047060,0,train
hysets_03405000,7060047060,0,train
hysets_03406000,7060047060,0,train
hysets_03406500,7060047060,0,train
hysets_03407100,7060047060,0,train
hysets_03407300,7060047060,0,train
hysets_03407500,7060047060,0,train
hysets_03407804,7060047060,0,train
hysets_03407876,7060047060,0,train
hysets_03407877,7060047060,0,train
hysets_03407881,7060047060,0,train
hysets_03407882,7060047060,0,train
hysets_03408500,7060047060,0,train
hysets_03408600,7060047060,0,train
hysets_03408815,7060047060,0,train
hysets_03409400,7060047060,0,train
hysets_03409500,7060047060,0,train
hysets_03410210,7060047060,0,train
hysets_03410500,7060047060,0,train
hysets_03410600,7060047060,0,train
hysets_03412000,7060047060,0,train
hysets_03412500,7060047060,0,train
hysets_03413200,7060047060,0,train
hysets_03414500,7060047060,0,train
hysets_03415000,7060047060,0,train
hysets_03416000,7060047060,0,train
hysets_03418000,7060047060,0,train
hysets_03419800,7060047060,0,train
hysets_03420000,7060047060,0,train
hysets_03420500,7060047060,0,train
hysets_03421000,7060047060,0,train
hysets_03423000,7060047060,0,train
hysets_03423152,7060047060,0,train
hysets_03423400,7060047060,0,train
hysets_03424500,7060047060,0,train
hysets_03424730,7060047060,0,train
hysets_03425500,7060047060,0,train
hysets_03426000,7060047060,0,train
hysets_03426460,7060047060,0,train
hysets_03426470,7060047060,0,train
hysets_03426800,7060047060,0,train
hysets_03427000,7060047060,0,train
hysets_03427500,7060047060,0,train
hysets_03427690,7060047060,0,train
hysets_03428000,7060047060,0,train
hysets_03428043,7060047060,0,train
hysets_03428070,7060047060,0,train
hysets_03428200,7060047060,0,train
hysets_03428500,7060047060,0,train
hysets_03429000,7060047060,0,train
hysets_03429500,7060047060,0,train
hysets_03430100,7060047060,0,train
hysets_03430118,7060047060,0,train
hysets_03430147,7060047060,0,train
hysets_03430800,7060047060,0,train
hysets_03431000,7060047060,0,train
hysets_03431060,7060047060,0,train
hysets_03431062,7060047060,0,train
hysets_03431300,7060047060,0,train
hysets_03431490,7060047060,0,train
hysets_034315005,7060047060,0,train
hysets_03431517,7060047060,0,train
hysets_03431599,7060047060,0,train
hysets_03431600,7060047060,0,train
hysets_03431700,7060047060,0,train
hysets_03431800,7060047060,0,train
hysets_03432100,7060047060,0,train
hysets_03432350,7060047060,0,train
hysets_034323531,7060047060,0,train
hysets_03432387,7060047060,0,train
hysets_03432390,7060047060,0,train
hysets_03432400,7060047060,0,train
hysets_03432500,7060047060,0,train
hysets_034325065,7060047060,0,train
hysets_03433500,7060047060,0,train
hysets_03434500,7060047060,0,train
hysets_03435000,7060047060,0,train
hysets_03435030,7060047060,0,train
hysets_03435140,7060047060,0,train
hysets_03435305,7060047060,0,train
hysets_03435500,7060047060,0,train
hysets_03435770,7060047060,0,train
hysets_03435970,7060047060,0,train
hysets_03436000,7060047060,0,train
hysets_03436100,7060047060,0,train
hysets_03436420,7060047060,0,train
hysets_03436426,7060047060,0,train
hysets_03436690,7060047060,0,train
hysets_03436700,7060047060,0,train
hysets_03437500,7060047060,0,train
hysets_03438000,7060047060,0,train
hysets_03438070,7060047060,0,train
hysets_03439000,7060047060,0,train
hysets_03439500,7060047060,0,train
hysets_03440000,7060047060,0,train
hysets_03441000,7060047060,0,train
hysets_03442000,7060047060,0,train
hysets_03443000,7060047060,0,train
hysets_03444000,7060047060,0,train
hysets_03444500,7060047060,0,train
hysets_03446000,7060047060,0,train
hysets_03446500,7060047060,0,train
hysets_03447000,7060047060,0,train
hysets_03447500,7060047060,0,train
hysets_03447687,7060047060,0,train
hysets_03448000,7060047060,0,train
hysets_03448068,7060047060,0,train
hysets_03448500,7060047060,0,train
hysets_0344894205,7060047060,0,train
hysets_03450000,7060047060,0,train
hysets_0345092550,7060047060,0,train
hysets_03451000,7060047060,0,train
hysets_03451500,7060047060,0,train
hysets_03451510,7060047060,0,train
hysets_03452000,7060047060,0,train
hysets_03452001,7060047060,0,train
hysets_03453000,7060047060,0,train
hysets_03453500,7060047060,0,train
hysets_03454000,7060047060,0,train
hysets_03455000,7060047060,0,train
hysets_03455500,7060047060,0,train
hysets_03456500,7060047060,0,train
hysets_03457000,7060047060,0,train
hysets_03457500,7060047060,0,train
hysets_03459000,7060047060,0,train
hysets_03460000,7060047060,0,train
hysets_03461200,7060047060,0,train
hysets_03462000,7060047060,0,train
hysets_03463300,7060047060,0,train
hysets_03463500,7060047060,0,train
hysets_03464000,7060047060,0,train
hysets_03464500,7060047060,0,train
hysets_03465000,7060047060,0,train
hysets_03465500,7060047060,0,train
hysets_03466208,7060047060,0,train
hysets_03466228,7060047060,0,train
hysets_03466500,7060047060,0,train
hysets_03467000,7060047060,0,train
hysets_03467500,7060047060,0,train
hysets_03467609,7060047060,0,train
hysets_03469010,7060047060,0,train
hysets_03470000,7060047060,0,train
hysets_03470500,7060047060,0,train
hysets_03471500,7060047060,0,train
hysets_03472500,7060047060,0,train
hysets_03473000,7060047060,0,train
hysets_03474000,7060047060,0,train
hysets_03477500,7060047060,0,train
hysets_03479000,7060047060,0,train
hysets_03479500,7060047060,0,train
hysets_03481000,7060047060,0,train
hysets_03482000,7060047060,0,train
hysets_03485500,7060047060,0,train
hysets_03486200,7060047060,0,train
hysets_03486311,7060047060,0,train
hysets_03487550,7060047060,0,train
hysets_03487800,7060047060,0,train
hysets_03488000,7060047060,0,train
hysets_03488100,7060047060,0,train
hysets_03488450,7060047060,0,train
hysets_03488500,7060047060,0,train
hysets_03489850,7060047060,0,train
hysets_03489900,7060047060,0,train
hysets_03490000,7060047060,0,train
hysets_03490350,7060047060,0,train
hysets_03491000,7060047060,0,train
hysets_03491300,7060047060,0,train
hysets_03491544,7060047060,0,train
hysets_03496000,7060047060,0,train
hysets_03496200,7060047060,0,train
hysets_03496500,7060047060,0,train
hysets_03497300,7060047060,0,train
hysets_03498000,7060047060,0,train
hysets_03498500,7060047060,0,train
hysets_03498850,7060047060,0,train
hysets_03500000,7060047060,0,train
hysets_03500240,7060047060,0,train
hysets_03501000,7060047060,0,train
hysets_03504000,7060047060,0,train
hysets_03508136,7060047060,0,train
hysets_03508910,7060047060,0,train
hysets_03509000,7060047060,0,train
hysets_03512000,7060047060,0,train
hysets_03514000,7060047060,0,train
hysets_03516000,7060047060,0,train
hysets_03518500,7060047060,0,train
hysets_03519000,7060047060,0,train
hysets_03519640,7060047060,0,train
hysets_03520045,7060047060,0,train
hysets_03520050,7060047060,0,train
hysets_03521500,7060047060,0,train
hysets_03522000,7060047060,0,train
hysets_03523000,7060047060,0,train
hysets_03524000,7060047060,0,train
hysets_03524500,7060047060,0,train
hysets_03524900,7060047060,0,train
hysets_03525000,7060047060,0,train
hysets_03526000,7060047060,0,train
hysets_03527000,7060047060,0,train
hysets_03527220,7060047060,0,train
hysets_03527500,7060047060,0,train
hysets_03528000,7060047060,0,train
hysets_03528400,7060047060,0,train
hysets_03529500,7060047060,0,train
hysets_03530500,7060047060,0,train
hysets_03531500,7060047060,0,train
hysets_03531680,7060047060,0,train
hysets_03532000,7060047060,0,train
hysets_03535000,7060047060,0,train
hysets_03535195,7060047060,0,train
hysets_03535200,7060047060,0,train
hysets_03535400,7060047060,0,train
hysets_03535617,7060047060,0,train
hysets_03535912,7060047060,0,train
hysets_03536320,7060047060,0,train
hysets_03536380,7060047060,0,train
hysets_03536550,7060047060,0,train
hysets_03537000,7060047060,0,train
hysets_03537100,7060047060,0,train
hysets_03537500,7060047060,0,train
hysets_03538000,7060047060,0,train
hysets_03538225,7060047060,0,train
hysets_03538250,7060047060,0,train
hysets_035382673,7060047060,0,train
hysets_03538270,7060047060,0,train
hysets_03538273,7060047060,0,train
hysets_03538275,7060047060,0,train
hysets_03538500,7060047060,0,train
hysets_03538845,7060047060,0,train
hysets_03538865,7060047060,0,train
hysets_03539500,7060047060,0,train
hysets_03539600,7060047060,0,train
hysets_03539750,7060047060,0,train
hysets_03539778,7060047060,0,train
hysets_03539800,7060047060,0,train
hysets_03539860,7060047060,0,train
hysets_03540100,7060047060,0,train
hysets_03540500,7060047060,0,train
hysets_03541300,7060047060,0,train
hysets_03541500,7060047060,0,train
hysets_03543005,7060047060,0,train
hysets_03543500,7060047060,0,train
hysets_03544500,7060047060,0,train
hysets_03544947,7060047060,0,train
hysets_03545000,7060047060,0,train
hysets_03546000,7060047060,0,train
hysets_03548330,7060047060,0,train
hysets_03550000,7060047060,0,train
hysets_03550500,7060047060,0,train
hysets_03556000,7060047060,0,train
hysets_03558000,7060047060,0,train
hysets_03560000,7060047060,0,train
hysets_03560110,7060047060,0,train
hysets_03560500,7060047060,0,train
hysets_03561000,7060047060,0,train
hysets_03565040,7060047060,0,train
hysets_03565120,7060047060,0,train
hysets_03565160,7060047060,0,train
hysets_03565250,7060047060,0,train
hysets_03565300,7060047060,0,train
hysets_03565500,7060047060,0,train
hysets_03566420,7060047060,0,train
hysets_03566525,7060047060,0,train
hysets_03567000,7060047060,0,train
hysets_03567129,7060047060,0,train
hysets_03567340,7060047060,0,train
hysets_03567500,7060047060,0,train
hysets_03568933,7060047060,0,train
hysets_03570650,7060047060,0,train
hysets_03571000,7060047060,0,train
hysets_03572110,7060047060,0,train
hysets_03572900,7060047060,0,train
hysets_03573000,7060047060,0,train
hysets_03573182,7060047060,0,train
hysets_03574500,7060047060,0,train
hysets_03575000,7060047060,0,train
hysets_03575100,7060047060,0,train
hysets_03575830,7060047060,0,train
hysets_03575890,7060047060,0,train
hysets_03575933,7060047060,0,train
hysets_03575980,7060047060,0,train
hysets_03576148,7060047060,0,train
hysets_03576250,7060047060,0,train
hysets_03576400,7060047060,0,train
hysets_03576500,7060047060,0,train
hysets_03576800,7060047060,0,train
hysets_03576810,7060047060,0,train
hysets_03577000,7060047060,0,train
hysets_03578000,7060047060,0,train
hysets_03578500,7060047060,0,train
hysets_03579040,7060047060,0,train
hysets_03579620,7060047060,0,train
hysets_03580300,7060047060,0,train
hysets_03580995,7060047060,0,train
hysets_03581500,7060047060,0,train
hysets_035825882,7060047060,0,train
hysets_03583000,7060047060,0,train
hysets_03583300,7060047060,0,train
hysets_03583330,7060047060,0,train
hysets_03583500,7060047060,0,train
hysets_03584000,7060047060,0,train
hysets_03584020,7060047060,0,train
hysets_03585300,7060047060,0,train
hysets_03586500,7060047060,0,train
hysets_03588000,7060047060,0,train
hysets_03588400,7060047060,0,train
hysets_03588500,7060047060,0,train
hysets_03589250,7060047060,0,train
hysets_03590000,7060047060,0,train
hysets_03592200,7060047060,0,train
hysets_03592718,7060047060,0,train
hysets_03592800,7060047060,0,train
hysets_03593300,7060047060,0,train
hysets_03593800,7060047060,0,train
hysets_03594040,7060047060,0,train
hysets_03594058,7060047060,0,train
hysets_03594120,7060047060,0,train
hysets_03594160,7060047060,0,train
hysets_03594415,7060047060,0,train
hysets_03594430,7060047060,0,train
hysets_03594435,7060047060,0,train
hysets_03594445,7060047060,0,train
hysets_03595100,7060047060,0,train
hysets_03595520,7060047060,0,train
hysets_03596000,7060047060,0,train
hysets_03596500,7060047060,0,train
hysets_03597000,7060047060,0,train
hysets_03597500,7060047060,0,train
hysets_03597590,7060047060,0,train
hysets_03597600,7060047060,0,train
hysets_03597860,7060047060,0,train
hysets_03597898,7060047060,0,train
hysets_03598173,7060047060,0,train
hysets_03598250,7060047060,0,train
hysets_03599000,7060047060,0,train
hysets_03599100,7060047060,0,train
hysets_03599407,7060047060,0,train
hysets_03599430,7060047060,0,train
hysets_03599450,7060047060,0,train
hysets_03600000,7060047060,0,train
hysets_03600258,7060047060,0,train
hysets_03600500,7060047060,0,train
hysets_03601000,7060047060,0,train
hysets_03602000,7060047060,0,train
hysets_03602500,7060047060,0,train
hysets_03604000,7060047060,0,train
hysets_03604100,7060047060,0,train
hysets_03604400,7060047060,0,train
hysets_03604800,7060047060,0,train
hysets_03605078,7060047060,0,train
hysets_03605550,7060047060,0,train
hysets_03605555,7060047060,0,train
hysets_03606500,7060047060,0,train
hysets_03610000,7060047060,0,train
hysets_03610200,7060047060,0,train
hysets_03610500,7060047060,0,train
hysets_03611260,7060047060,0,train
hysets_03611800,7060047060,0,train
hysets_03611850,7060047060,0,train
hysets_03611900,7060047060,0,train
hysets_03NE001,7060030520,2,train
hysets_03NE002,7060030520,2,train
hysets_03NE007,7060030610,1,train
hysets_03NE011,7060030520,2,train
hysets_03NE012,7060030520,2,train
hysets_03NE013,7060030610,1,train
hysets_03NF001,7060030870,1,test
hysets_03OA005,7060031710,1,train
hysets_03OA010,7060031710,1,train
hysets_03OA012,7060031710,1,train
hysets_03OA015,7060031710,1,train
hysets_03OB004,7060031710,1,train
hysets_03OB006,7060031710,1,train
hysets_03OB007,7060031710,1,train
hysets_03OC003,7060031710,1,train
hysets_03OD007,7060031710,1,train
hysets_03OE003,7060031710,1,train
hysets_03OE010,7060031660,4,test
hysets_03OE011,7060031710,1,train
hysets_03QC001,7060032050,3,train
hysets_03QC002,7060032080,1,train
hysets_03QC003,7060032080,1,train
hysets_03QC004,7060032080,1,train
hysets_04010510,7060034520,1,val
hysets_04010530,7060034520,1,val
hysets_04012500,7060034520,1,val
hysets_04014500,7060034520,1,val
hysets_04015330,7060034520,1,val
hysets_04015410,7060034520,1,val
hysets_04015475,7060034520,1,val
hysets_04017000,7060034520,1,val
hysets_04018000,7060034520,1,val
hysets_04018900,7060034520,1,val
hysets_04019500,7060034520,1,val
hysets_04020000,7060034520,1,val
hysets_04021530,7060034520,1,val
hysets_04024090,7060034520,1,val
hysets_04024093,7060034520,1,val
hysets_04024098,7060034520,1,val
hysets_04024314,7060034520,1,val
hysets_04024315,7060034520,1,val
hysets_04024320,7060034520,1,val
hysets_04024430,7060034520,1,val
hysets_04025500,7060034520,1,val
hysets_04026190,7060034520,1,val
hysets_04026390,7060034520,1,val
hysets_04026450,7060034520,1,val
hysets_04026500,7060034520,1,val
hysets_04026870,7060034520,1,val
hysets_04027000,7060034520,1,val
hysets_04028000,7060034520,1,val
hysets_04029990,7060034520,1,val
hysets_04031000,7060034520,1,val
hysets_04031500,7060034520,1,val
hysets_04032000,7060034520,1,val
hysets_04032500,7060034520,1,val
hysets_04035000,7060034520,1,val
hysets_04039500,7060034520,1,val
hysets_04040500,7060034520,1,val
hysets_04043050,7060034520,1,val
hysets_04043126,7060034520,1,val
hysets_04043150,7060034520,1,val
hysets_04043275,7060034520,1,val
hysets_04044563,7060034520,1,val
hysets_04044573,7060034520,1,val
hysets_04045500,7060034520,1,val
hysets_04046000,7060034520,1,val
hysets_04049500,7060034520,1,val
hysets_04055000,7060034520,1,val
hysets_04056000,7060034520,1,val
hysets_04056500,7060034520,1,val
hysets_04057510,7060034520,1,val
hysets_04057800,7060034520,1,val
hysets_04057900,7060034520,1,val
hysets_04058130,7060034520,1,val
hysets_04058300,7060034520,1,val
hysets_04058500,7060034520,1,val
hysets_04059400,7060034520,1,val
hysets_04059500,7060034520,1,val
hysets_04060500,7060034520,1,val
hysets_04060993,7060034520,1,val
hysets_04061000,7060034520,1,val
hysets_04062100,7060034520,1,val
hysets_04062200,7060034520,1,val
hysets_04062230,7060034520,1,val
hysets_04062270,7060034520,1,val
hysets_04062300,7060034520,1,val
hysets_04062400,7060034520,1,val
hysets_04063640,7060034520,1,val
hysets_04063700,7060034520,1,val
hysets_04065300,7060034520,1,val
hysets_04065397,7060034520,1,val
hysets_04065500,7060034520,1,val
hysets_04066500,7060034520,1,val
hysets_04067651,7060034520,1,val
hysets_04067958,7060034520,1,val
hysets_04069416,7060034520,1,val
hysets_04069530,7060034520,1,val
hysets_04071000,7060034520,1,val
hysets_04071775,7060034520,1,val
hysets_04071795,7060034520,1,val
hysets_04071858,7060034520,1,val
hysets_04072000,7060034520,1,val
hysets_04072150,7060034520,1,val
hysets_04072220,7060034520,1,val
hysets_04072410,7060034520,1,val
hysets_04072845,7060034520,1,val
hysets_04073050,7060034520,1,val
hysets_04073365,7060034520,1,val
hysets_040734644,7060034520,1,val
hysets_04073468,7060034520,1,val
hysets_04073970,7060034520,1,val
hysets_04074538,7060034520,1,val
hysets_04074548,7060034520,1,val
hysets_04074950,7060034520,1,val
hysets_04075200,7060034520,1,val
hysets_04075365,7060034520,1,val
hysets_04075500,7060034520,1,val
hysets_04077000,7060034520,1,val
hysets_04077630,7060034520,1,val
hysets_0407809265,7060034520,1,val
hysets_04078500,7060034520,1,val
hysets_04079000,7060034520,1,val
hysets_04079602,7060034520,1,val
hysets_04080000,7060034520,1,val
hysets_04080798,7060034520,1,val
hysets_04080950,7060034520,1,val
hysets_04081000,7060034520,1,val
hysets_04082400,7060034520,1,val
hysets_04083000,7060034520,1,val
hysets_04083420,7060034520,1,val
hysets_04083423,7060034520,1,val
hysets_04083425,7060034520,1,val
hysets_04083500,7060034520,1,val
hysets_04083545,7060034520,1,val
hysets_040844215,7060034520,1,val
hysets_04084445,7060034520,1,val
hysets_04084475,7060034520,1,val
hysets_04085046,7060034520,1,val
hysets_04085059,7060034520,1,val
hysets_04085068,7060034520,1,val
hysets_04085108,7060034520,1,val
hysets_04085109,7060034520,1,val
hysets_04085118,7060034520,1,val
hysets_04085119,7060034520,1,val
hysets_040851378,7060034520,1,val
hysets_040851385,7060034520,1,val
hysets_04085200,7060034520,1,val
hysets_04085281,7060034520,1,val
hysets_04085395,7060034520,1,val
hysets_04085427,7060034520,1,val
hysets_0408543802,7060034520,1,val
hysets_040854555,7060034520,1,val
hysets_04085480,7060034520,1,val
hysets_0408570047,7060034520,1,val
hysets_040857005,7060034520,1,val
hysets_04085746,7060034520,1,val
hysets_04085813,7060034520,1,val
hysets_04085845,7060034520,1,val
hysets_04086000,7060034520,1,val
hysets_040860041,7060034520,1,val
hysets_04086125,7060034520,1,val
hysets_04086150,7060034520,1,val
hysets_04086152,7060034520,1,val
hysets_04086200,7060034520,1,val
hysets_04086250,7060034520,1,val
hysets_04086305,7060034520,1,val
hysets_040863075,7060034520,1,val
hysets_04086340,7060034520,1,val
hysets_04086360,7060034520,1,val
hysets_04086500,7060034520,1,val
hysets_04086600,7060034520,1,val
hysets_04087010,7060034520,1,val
hysets_04087018,7060034520,1,val
hysets_04087019,7060034520,1,val
hysets_04087030,7060034520,1,val
hysets_04087040,7060034520,1,val
hysets_04087048,7060034520,1,val
hysets_04087050,7060034520,1,val
hysets_04087070,7060034520,1,val
hysets_04087088,7060034520,1,val
hysets_04087119,7060034520,1,val
hysets_04087120,7060034520,1,val
hysets_04087138,7060034520,1,val
hysets_04087140,7060034520,1,val
hysets_04087159,7060034520,1,val
hysets_04087160,7060034520,1,val
hysets_04087170,7060034520,1,val
hysets_04087204,7060034520,1,val
hysets_04087214,7060034520,1,val
hysets_04087220,7060034520,1,val
hysets_04087233,7060034520,1,val
hysets_04087240,7060034520,1,val
hysets_04087257,7060034520,1,val
hysets_04093000,7060034520,1,val
hysets_04094000,7060034520,1,val
hysets_04094400,7060034520,1,val
hysets_04094500,7060034520,1,val
hysets_04095300,7060034520,1,val
hysets_04096015,7060034520,1,val
hysets_04096100,7060034520,1,val
hysets_04096272,7060034520,1,val
hysets_04096312,7060034520,1,val
hysets_04096340,7060034520,1,val
hysets_04096400,7060034520,1,val
hysets_04096405,7060034520,1,val
hysets_04096515,7060034520,1,val
hysets_04096600,7060034520,1,val
hysets_04096900,7060034520,1,val
hysets_04097060,7060034520,1,val
hysets_04097170,7060034520,1,val
hysets_04097500,7060034520,1,val
hysets_04097540,7060034520,1,val
hysets_04098500,7060034520,1,val
hysets_04099510,7060034520,1,val
hysets_04099750,7060034520,1,val
hysets_04099808,7060034520,1,val
hysets_04099850,7060034520,1,val
hysets_04100000,7060034520,1,val
hysets_04100295,7060034520,1,val
hysets_04100500,7060034520,1,val
hysets_04101370,7060034520,1,val
hysets_04101500,7060034520,1,val
hysets_04101800,7060034520,1,val
hysets_04102420,7060034520,1,val
hysets_04102500,7060034520,1,val
hysets_04102533,7060034520,1,val
hysets_04102700,7060034520,1,val
hysets_04102776,7060034520,1,val
hysets_04102850,7060034520,1,val
hysets_04103010,7060034520,1,val
hysets_04104500,7060034520,1,val
hysets_04104945,7060034520,1,val
hysets_04105000,7060034520,1,val
hysets_04105500,7060034520,1,val
hysets_04105700,7060034520,1,val
hysets_04105800,7060034520,1,val
hysets_04106180,7060034520,1,val
hysets_04106300,7060034520,1,val
hysets_04106906,7060034520,1,val
hysets_04107850,7060034520,1,val
hysets_04108600,7060034520,1,val
hysets_04108660,7060034520,1,val
hysets_04108670,7060034520,1,val
hysets_04108800,7060034520,1,val
hysets_04109000,7060034520,1,val
hysets_04109500,7060034520,1,val
hysets_04110000,7060034520,1,val
hysets_04111000,7060034520,1,val
hysets_04111379,7060034520,1,val
hysets_04111500,7060034520,1,val
hysets_04112000,7060034520,1,val
hysets_04112500,7060034520,1,val
hysets_04112850,7060034520,1,val
hysets_04112904,7060034520,1,val
hysets_04113097,7060034520,1,val
hysets_04114000,7060034520,1,val
hysets_04114498,7060034520,1,val
hysets_04114500,7060034520,1,val
hysets_04115000,7060034520,1,val
hysets_04115265,7060034520,1,val
hysets_04116000,7060034520,1,val
hysets_04117000,7060034520,1,val
hysets_04117500,7060034520,1,val
hysets_04119000,7060034520,1,val
hysets_04119300,7060034520,1,val
hysets_04120250,7060034520,1,val
hysets_04121300,7060034520,1,val
hysets_04121500,7060034520,1,val
hysets_04121650,7060034520,1,val
hysets_04121900,7060034520,1,val
hysets_04122100,7060034520,1,val
hysets_04122150,7060034520,1,val
hysets_04122200,7060034520,1,val
hysets_04122500,7060034520,1,val
hysets_04123000,7060034520,1,val
hysets_04123500,7060034520,1,val
hysets_04124000,7060034520,1,val
hysets_04124500,7060034520,1,val
hysets_04125000,7060034520,1,val
hysets_04125200,7060034520,1,val
hysets_04125450,7060034520,1,val
hysets_04125460,7060034520,1,val
hysets_04125500,7060034520,1,val
hysets_04125510,7060034520,1,val
hysets_04126740,7060034520,1,val
hysets_04126970,7060034520,1,val
hysets_04127800,7060034520,1,val
hysets_04127997,7060034520,1,val
hysets_04128000,7060034520,1,val
hysets_04129500,7060034520,1,val
hysets_04131000,7060034520,1,val
hysets_04131500,7060034520,1,val
hysets_04134000,7060034520,1,val
hysets_04135500,7060034520,1,val
hysets_04135700,7060034520,1,val
hysets_04136000,7060034520,1,val
hysets_04138000,7060034520,1,val
hysets_04138500,7060034520,1,val
hysets_04139000,7060034520,1,val
hysets_04139500,7060034520,1,val
hysets_04140000,7060034520,1,val
hysets_04140500,7060034520,1,val
hysets_04142000,7060034520,1,val
hysets_04143500,7060034520,1,val
hysets_04143900,7060034520,1,val
hysets_04144000,7060034520,1,val
hysets_04145000,7060034520,1,val
hysets_04145500,7060034520,1,val
hysets_04146000,7060034520,1,val
hysets_04146063,7060034520,1,val
hysets_04146500,7060034520,1,val
hysets_04147990,7060034520,1,val
hysets_04148000,7060034520,1,val
hysets_04148140,7060034520,1,val
hysets_04148160,7060034520,1,val
hysets_04148440,7060034520,1,val
hysets_04148500,7060034520,1,val
hysets_04148720,7060034520,1,val
hysets_04149000,7060034520,1,val
hysets_04150000,7060034520,1,val
hysets_04150500,7060034520,1,val
hysets_04150800,7060034520,1,val
hysets_04151000,7060034520,1,val
hysets_04151500,7060034520,1,val
hysets_04152238,7060034520,1,val
hysets_04154000,7060034520,1,val
hysets_04154500,7060034520,1,val
hysets_04155500,7060034520,1,val
hysets_04156000,7060034520,1,val
hysets_04157500,7060034520,1,val
hysets_04158000,7060034520,1,val
hysets_04159000,7060034520,1,val
hysets_04159010,7060034520,1,val
hysets_04159488,7060034520,1,val
hysets_04159492,7060034520,1,val
hysets_04159500,7060034520,1,val
hysets_04159900,7060034520,1,val
hysets_04160000,7060034520,1,val
hysets_04160398,7060034520,1,val
hysets_04160570,7060034520,1,val
hysets_04160600,7060034520,1,val
hysets_04160625,7060034520,1,val
hysets_04160800,7060034520,1,val
hysets_04160900,7060034520,1,val
hysets_04161000,7060034520,1,val
hysets_04161100,7060034520,1,val
hysets_04161500,7060034520,1,val
hysets_04161540,7060034520,1,val
hysets_04161580,7060034520,1,val
hysets_04161820,7060034520,1,val
hysets_04162400,7060034520,1,val
hysets_04163000,7060034520,1,val
hysets_04163500,7060034520,1,val
hysets_04164000,7060034520,1,val
hysets_04164010,7060034520,1,val
hysets_04164050,7060034520,1,val
hysets_04164100,7060034520,1,val
hysets_04164150,7060034520,1,val
hysets_04164200,7060034520,1,val
hysets_04164250,7060034520,1,val
hysets_04164300,7060034520,1,val
hysets_04164350,7060034520,1,val
hysets_04164360,7060034520,1,val
hysets_04164400,7060034520,1,val
hysets_04164450,7060034520,1,val
hysets_04164500,7060034520,1,val
hysets_04164600,7060034520,1,val
hysets_04164800,7060034520,1,val
hysets_04164980,7060034520,1,val
hysets_04165200,7060034520,1,val
hysets_04165500,7060034520,1,val
hysets_04166100,7060034520,1,val
hysets_04166200,7060034520,1,val
hysets_04166300,7060034520,1,val
hysets_04166470,7060034520,1,val
hysets_04166500,7060034520,1,val
hysets_04166750,7060034520,1,val
hysets_04167150,7060034520,1,val
hysets_04168000,7060034520,1,val
hysets_04168400,7060034520,1,val
hysets_04168530,7060034520,1,val
hysets_04171500,7060034520,1,val
hysets_04172000,7060034520,1,val
hysets_04173000,7060034520,1,val
hysets_04175340,7060034520,1,val
hysets_04175957,7060034520,1,val
hysets_04176000,7060034520,1,val
hysets_04176500,7060034520,1,val
hysets_04176605,7060034520,1,val
hysets_04177000,7060034520,1,val
hysets_04178000,7060034520,1,val
hysets_04178500,7060034520,1,val
hysets_04180000,7060034520,1,val
hysets_04182590,7060034520,1,val
hysets_04182808,7060034520,1,val
hysets_04182810,7060034520,1,val
hysets_04183500,7060034520,1,val
hysets_04184500,7060034520,1,val
hysets_04185000,7060034520,1,val
hysets_04185440,7060034520,1,val
hysets_04186500,7060034520,1,val
hysets_04187100,7060034520,1,val
hysets_04187500,7060034520,1,val
hysets_04188100,7060034520,1,val
hysets_04188337,7060034520,1,val
hysets_04188400,7060034520,1,val
hysets_04188433,7060034520,1,val
hysets_04188496,7060034520,1,val
hysets_04188500,7060034520,1,val
hysets_04189000,7060034520,1,val
hysets_04189500,7060034520,1,val
hysets_04189950,7060034520,1,val
hysets_04190000,7060034520,1,val
hysets_04191000,7060034520,1,val
hysets_04192500,7060034520,1,val
hysets_04193500,7060034520,1,val
hysets_04195500,7060034520,1,val
hysets_04195820,7060034520,1,val
hysets_04195830,7060034520,1,val
hysets_04196000,7060034520,1,val
hysets_04196200,7060034520,1,val
hysets_04196500,7060034520,1,val
hysets_04196800,7060034520,1,val
hysets_04197000,7060034520,1,val
hysets_04197020,7060034520,1,val
hysets_04197100,7060034520,1,val
hysets_04197170,7060034520,1,val
hysets_04197300,7060034520,1,val
hysets_04197450,7060034520,1,val
hysets_04198000,7060034520,1,val
hysets_04199000,7060034520,1,val
hysets_04199155,7060034520,1,val
hysets_04199287,7060034520,1,val
hysets_04199500,7060034520,1,val
hysets_04200000,7060034520,1,val
hysets_04200050,7060034520,1,val
hysets_04200430,7060034520,1,val
hysets_04200500,7060034520,1,val
hysets_04201300,7060034520,1,val
hysets_04201404,7060034520,1,val
hysets_04201495,7060034520,1,val
hysets_04201500,7060034520,1,val
hysets_04203900,7060034520,1,val
hysets_04205700,7060034520,1,val
hysets_04206014,7060034520,1,val
hysets_04206021,7060034520,1,val
hysets_04206029,7060034520,1,val
hysets_04206038,7060034520,1,val
hysets_04206043,7060034520,1,val
hysets_04206208,7060034520,1,val
hysets_04206210,7060034520,1,val
hysets_04206211,7060034520,1,val
hysets_04206212,7060034520,1,val
hysets_04206215,7060034520,1,val
hysets_04206220,7060034520,1,val
hysets_04206250,7060034520,1,val
hysets_04206420,7060034520,1,val
hysets_04207016,7060034520,1,val
hysets_04207200,7060034520,1,val
hysets_04208460,7060034520,1,val
hysets_04208501,7060034520,1,val
hysets_04208502,7060034520,1,val
hysets_04208504,7060034520,1,val
hysets_04208690,7060034520,1,val
hysets_04208700,7060034520,1,val
hysets_04209000,7060034520,1,val
hysets_04210000,7060034520,1,val
hysets_04211000,7060034520,1,val
hysets_04211500,7060034520,1,val
hysets_04212000,7060034520,1,val
hysets_04212100,7060034520,1,val
hysets_04212500,7060034520,1,val
hysets_04213000,7060034520,1,val
hysets_04213040,7060034520,1,val
hysets_04213075,7060034520,1,val
hysets_04213410,7060034520,1,val
hysets_04213450,7060034520,1,val
hysets_04213492,7060034520,1,val
hysets_04213500,7060034520,1,val
hysets_04214200,7060034520,1,val
hysets_04214400,7060034520,1,val
hysets_04214500,7060034520,1,val
hysets_04215000,7060034520,1,val
hysets_04215500,7060034520,1,val
hysets_04216418,7060034520,1,val
hysets_04216500,7060034520,1,val
hysets_04217000,7060034520,1,val
hysets_04217500,7060034520,1,val
hysets_04217750,7060034520,1,val
hysets_04218000,7060034520,1,val
hysets_04218450,7060034520,1,val
hysets_04218500,7060034520,1,val
hysets_04218518,7060034520,1,val
hysets_04220250,7060034520,1,val
hysets_0422026250,7060034520,1,val
hysets_04220470,7060034520,1,val
hysets_04220500,7060034520,1,val
hysets_04221000,7060034520,1,val
hysets_04221500,7060034520,1,val
hysets_04221600,7060034520,1,val
hysets_04221720,7060034520,1,val
hysets_04221820,7060034520,1,val
hysets_04222900,7060034520,1,val
hysets_04223000,7060034520,1,val
hysets_04224650,7060034520,1,val
hysets_04224775,7060034520,1,val
hysets_04225000,7060034520,1,val
hysets_04225500,7060034520,1,val
hysets_04226000,7060034520,1,val
hysets_04227000,7060034520,1,val
hysets_04228900,7060034520,1,val
hysets_04230380,7060034520,1,val
hysets_04230500,7060034520,1,val
hysets_04231000,7060034520,1,val
hysets_04232034,7060034520,1,val
hysets_04232040,7060034520,1,val
hysets_04232047,7060034520,1,val
hysets_04232050,7060034520,1,val
hysets_0423205010,7060034520,1,val
hysets_0423205023,7060034520,1,val
hysets_0423205025,7060034520,1,val
hysets_04232100,7060034520,1,val
hysets_04232200,7060034520,1,val
hysets_04232630,7060034520,1,val
hysets_04233000,7060034520,1,val
hysets_04233255,7060034520,1,val
hysets_04233286,7060034520,1,val
hysets_04233300,7060034520,1,val
hysets_04233678,7060034520,1,val
hysets_0423368620,7060034520,1,val
hysets_04233700,7060034520,1,val
hysets_04234000,7060034520,1,val
hysets_04234018,7060034520,1,val
hysets_04234055,7060034520,1,val
hysets_04234200,7060034520,1,val
hysets_04234232,7060034520,1,val
hysets_04234270,7060034520,1,val
hysets_04235150,7060034520,1,val
hysets_04235250,7060034520,1,val
hysets_04235271,7060034520,1,val
hysets_04235276,7060034520,1,val
hysets_04235299,7060034520,1,val
hysets_04235300,7060034520,1,val
hysets_04237962,7060034520,1,val
hysets_04240120,7060034520,1,val
hysets_04240145,7060034520,1,val
hysets_0424016205,7060034520,1,val
hysets_0424016825,7060034520,1,val
hysets_0424016975,7060034520,1,val
hysets_04241200,7060034520,1,val
hysets_04242500,7060034520,1,val
hysets_04243500,7060034520,1,val
hysets_04245200,7060034520,1,val
hysets_04245250,7060034520,1,val
hysets_04245840,7060034520,1,val
hysets_04249200,7060034520,1,val
hysets_04249910,7060034520,1,val
hysets_0425040001,7060034520,1,val
hysets_04250750,7060034520,1,val
hysets_04253000,7060034520,1,val
hysets_04253275,7060034520,1,val
hysets_04253296,7060034520,1,val
hysets_04256000,7060034520,1,val
hysets_04256460,7060034520,1,val
hysets_04256485,7060034520,1,val
hysets_04257000,7060034520,1,val
hysets_04258500,7060034520,1,val
hysets_04258700,7060034520,1,val
hysets_04262500,7060034520,1,val
hysets_04264700,7060034520,1,val
hysets_04265000,7060034520,1,val
hysets_04265100,7060034520,1,val
hysets_04265432,7060034520,1,val
hysets_0426545290,7060034520,1,val
hysets_0426545295,7060034520,1,val
hysets_04265605,7060034520,1,val
hysets_04268200,7060034520,1,val
hysets_04268390,7060034520,1,val
hysets_04268800,7060034520,1,val
hysets_04269000,7060034520,1,val
hysets_04269043,7060034520,1,val
hysets_04269500,7060034520,1,val
hysets_04270200,7060034520,1,val
hysets_04271815,7060034520,1,val
hysets_04273700,7060034520,1,val
hysets_04273800,7060034520,1,val
hysets_04275500,7060034520,1,val
hysets_04276069,7060034520,1,val
hysets_04276500,7060034520,1,val
hysets_04276645,7060034520,1,val
hysets_04276770,7060034520,1,val
hysets_04276842,7060034520,1,val
hysets_04276920,7060034520,1,val
hysets_04278300,7060034520,1,val
hysets_04279040,7060034520,1,val
hysets_04279125,7060034520,1,val
hysets_04280350,7060034520,1,val
hysets_04280450,7060034520,1,val
hysets_04280800,7060034520,1,val
hysets_04282525,7060034520,1,val
hysets_04282650,7060034520,1,val
hysets_04282700,7060034520,1,val
hysets_04282780,7060034520,1,val
hysets_04282795,7060034520,1,val
hysets_04287000,7060034520,1,val
hysets_04287300,7060034520,1,val
hysets_04288000,7060034520,1,val
hysets_04288225,7060034520,1,val
hysets_04290335,7060034520,1,val
hysets_04290580,7060034520,1,val
hysets_04292000,7060034520,1,val
hysets_04292100,7060034520,1,val
hysets_04292500,7060034520,1,val
hysets_04292700,7060034520,1,val
hysets_04293200,7060034520,1,val
hysets_04293430,7060034520,1,val
hysets_04293500,7060034520,1,val
hysets_04293600,7060034520,1,val
hysets_04293700,7060034520,1,val
hysets_04293795,7060034520,1,val
hysets_04293900,7060034520,1,val
hysets_04294300,7060034520,1,val
hysets_04296000,7060034520,1,val
hysets_04296200,7060034520,1,val
hysets_04AA004,7060022270,3,train
hysets_04AB001,7060022270,3,train
hysets_04AD002,7060022270,3,train
hysets_04FA002,7060024030,2,train
hysets_04GB005,7060024290,4,train
hysets_04GF001,7060024290,4,train
hysets_04JC002,7060024290,4,train
hysets_04JD005,7060024290,4,train
hysets_04JF001,7060024290,4,train
hysets_04LA003,7060024580,1,train
hysets_04LA006,7060024580,1,train
hysets_04LB002,7060024580,1,train
hysets_04LE002,7060024580,1,train
hysets_04LJ001,7060024580,1,train
hysets_04LK001,7060024580,1,train
hysets_04MD004,7060024580,1,train
hysets_05014500,7060022240,4,test
hysets_05017500,7060022240,4,test
hysets_05030150,7060022240,4,test
hysets_05040000,7060022240,4,test
hysets_05040500,7060022240,4,test
hysets_05049000,7060022240,4,test
hysets_05050000,7060022240,4,test
hysets_05051300,7060022240,4,test
hysets_05051600,7060022240,4,test
hysets_05051650,7060022240,4,test
hysets_05052100,7060022240,4,test
hysets_05052500,7060022240,4,test
hysets_05054500,7060022240,4,test
hysets_05055000,7060022240,4,test
hysets_05055200,7060022240,4,test
hysets_05055300,7060022240,4,test
hysets_05056000,7060022240,4,test
hysets_05057200,7060022240,4,test
hysets_05059600,7060022240,4,test
hysets_05059700,7060022240,4,test
hysets_05060500,7060022240,4,test
hysets_05060510,7060022240,4,test
hysets_05060550,7060022240,4,test
hysets_05060570,7060022240,4,test
hysets_05061000,7060022240,4,test
hysets_05061500,7060022240,4,test
hysets_05062000,7060022240,4,test
hysets_05062200,7060022240,4,test
hysets_05062500,7060022240,4,test
hysets_05063398,7060022240,4,test
hysets_05065500,7060022240,4,test
hysets_05066500,7060022240,4,test
hysets_05073900,7060022240,4,test
hysets_05073980,7060022240,4,test
hysets_05076000,7060022240,4,test
hysets_05077700,7060022240,4,test
hysets_05078000,7060022240,4,test
hysets_05078230,7060022240,4,test
hysets_05078500,7060022240,4,test
hysets_05079000,7060022240,4,test
hysets_05080000,7060022240,4,test
hysets_05083000,7060022240,4,test
hysets_05085450,7060022240,4,test
hysets_05087500,7060022240,4,test
hysets_05092200,7060022240,4,test
hysets_05095500,7060022240,4,test
hysets_05098820,7060022240,4,test
hysets_05107500,7060022240,4,test
hysets_05112000,7060022240,4,test
hysets_05122500,7060022240,4,test
hysets_05123400,7060022240,4,test
hysets_05123500,7060022240,4,test
hysets_05123510,7060022240,4,test
hysets_05123600,7060022240,4,test
hysets_05123700,7060022240,4,test
hysets_05123750,7060022240,4,test
hysets_05124500,7060022240,4,test
hysets_05124990,7060022240,4,test
hysets_05125500,7060022240,4,test
hysets_05125550,7060022240,4,test
hysets_05126000,7060022240,4,test
hysets_05126500,7060022240,4,test
hysets_05127000,7060022240,4,test
hysets_05127205,7060022240,4,test
hysets_05127210,7060022240,4,test
hysets_05127215,7060022240,4,test
hysets_05127220,7060022240,4,test
hysets_05127230,7060022240,4,test
hysets_05128500,7060022240,4,test
hysets_05129000,7060022240,4,test
hysets_05129115,7060022240,4,test
hysets_05130500,7060022240,4,test
hysets_05131000,7060022240,4,test
hysets_05131448,7060022240,4,test
hysets_05131455,7060022240,4,test
hysets_05131500,7060022240,4,test
hysets_05132000,7060022240,4,test
hysets_05200445,7060047060,0,train
hysets_05200450,7060047060,0,train
hysets_05200510,7060047060,0,train
hysets_05212700,7060047060,0,train
hysets_05217000,7060047060,0,train
hysets_05220600,7060047060,0,train
hysets_05243721,7060047060,0,train
hysets_05243725,7060047060,0,train
hysets_05244000,7060047060,0,train
hysets_05270150,7060047060,0,train
hysets_05270500,7060047060,0,train
hysets_05274700,7060047060,0,train
hysets_05274750,7060047060,0,train
hysets_05275500,7060047060,0,train
hysets_05276000,7060047060,0,train
hysets_05276005,7060047060,0,train
hysets_05278000,7060047060,0,train
hysets_05278500,7060047060,0,train
hysets_05278930,7060047060,0,train
hysets_05279000,7060047060,0,train
hysets_05280000,7060047060,0,train
hysets_05283500,7060047060,0,train
hysets_05284305,7060047060,0,train
hysets_05286000,7060047060,0,train
hysets_05287890,7060047060,0,train
hysets_05288487,7060047060,0,train
hysets_05288580,7060047060,0,train
hysets_05288840,7060047060,0,train
hysets_05289500,7060047060,0,train
hysets_05289800,7060047060,0,train
hysets_05289985,7060047060,0,train
hysets_05290000,7060047060,0,train
hysets_05291000,7060047060,0,train
hysets_05292704,7060047060,0,train
hysets_05293000,7060047060,0,train
hysets_05294000,7060047060,0,train
hysets_05299650,7060047060,0,train
hysets_05299700,7060047060,0,train
hysets_05299800,7060047060,0,train
hysets_05300000,7060047060,0,train
hysets_05304000,7060047060,0,train
hysets_05304500,7060047060,0,train
hysets_05311320,7060047060,0,train
hysets_05311400,7060047060,0,train
hysets_05313500,7060047060,0,train
hysets_05314510,7060047060,0,train
hysets_05315000,7060047060,0,train
hysets_05315200,7060047060,0,train
hysets_05316500,7060047060,0,train
hysets_05316868,7060047060,0,train
hysets_05317000,7060047060,0,train
hysets_05317200,7060047060,0,train
hysets_05318000,7060047060,0,train
hysets_05319500,7060047060,0,train
hysets_05320270,7060047060,0,train
hysets_05320500,7060047060,0,train
hysets_05325000,7060047060,0,train
hysets_05326189,7060047060,0,train
hysets_05327000,7060047060,0,train
hysets_05329890,7060047060,0,train
hysets_05330000,7060047060,0,train
hysets_05330470,7060047060,0,train
hysets_05330645,7060047060,0,train
hysets_05330800,7060047060,0,train
hysets_05330900,7060047060,0,train
hysets_05330920,7060047060,0,train
hysets_05331833,7060047060,0,train
hysets_05333500,7060047060,0,train
hysets_05335380,7060047060,0,train
hysets_05336000,7060047060,0,train
hysets_05336200,7060047060,0,train
hysets_05336700,7060047060,0,train
hysets_05337400,7060047060,0,train
hysets_05338500,7060047060,0,train
hysets_05339500,7060047060,0,train
hysets_05340050,7060047060,0,train
hysets_05341402,7060047060,0,train
hysets_05341500,7060047060,0,train
hysets_05341752,7060047060,0,train
hysets_05342000,7060047060,0,train
hysets_05344500,7060047060,0,train
hysets_05345000,7060047060,0,train
hysets_05345100,7060047060,0,train
hysets_05353800,7060047060,0,train
hysets_05355200,7060047060,0,train
hysets_05357182,7060047060,0,train
hysets_05357302,7060047060,0,train
hysets_05358170,7060047060,0,train
hysets_05358180,7060047060,0,train
hysets_05358190,7060047060,0,train
hysets_05358300,7060047060,0,train
hysets_05359500,7060047060,0,train
hysets_05359600,7060047060,0,train
hysets_05360000,7060047060,0,train
hysets_05361500,7060047060,0,train
hysets_05362000,7060047060,0,train
hysets_05363700,7060047060,0,train
hysets_05364000,7060047060,0,train
hysets_05364500,7060047060,0,train
hysets_05364850,7060047060,0,train
hysets_05365000,7060047060,0,train
hysets_05365707,7060047060,0,train
hysets_05366300,7060047060,0,train
hysets_05366500,7060047060,0,train
hysets_05367102,7060047060,0,train
hysets_05367154,7060047060,0,train
hysets_05367190,7060047060,0,train
hysets_05367202,7060047060,0,train
hysets_05367426,7060047060,0,train
hysets_053674464,7060047060,0,train
hysets_05367500,7060047060,0,train
hysets_05368000,7060047060,0,train
hysets_05369900,7060047060,0,train
hysets_05369945,7060047060,0,train
hysets_05369955,7060047060,0,train
hysets_05369970,7060047060,0,train
hysets_05369985,7060047060,0,train
hysets_05370500,7060047060,0,train
hysets_05372995,7060047060,0,train
hysets_05373000,7060047060,0,train
hysets_05374000,7060047060,0,train
hysets_05374500,7060047060,0,train
hysets_05374900,7060047060,0,train
hysets_05376000,7060047060,0,train
hysets_05376500,7060047060,0,train
hysets_05376800,7060047060,0,train
hysets_05377500,7060047060,0,train
hysets_05378183,7060047060,0,train
hysets_05378185,7060047060,0,train
hysets_05378220,7060047060,0,train
hysets_05378230,7060047060,0,train
hysets_05378235,7060047060,0,train
hysets_05378300,7060047060,0,train
hysets_05378500,7060047060,0,train
hysets_05379288,7060047060,0,train
hysets_05379305,7060047060,0,train
hysets_05379400,7060047060,0,train
hysets_05379500,7060047060,0,train
hysets_05380806,7060047060,0,train
hysets_05380900,7060047060,0,train
hysets_05381000,7060047060,0,train
hysets_05381389,7060047060,0,train
hysets_05381392,7060047060,0,train
hysets_05382240,7060047060,0,train
hysets_05382267,7060047060,0,train
hysets_05382325,7060047060,0,train
hysets_05382500,7060047060,0,train
hysets_05383000,7060047060,0,train
hysets_05383075,7060047060,0,train
hysets_05383950,7060047060,0,train
hysets_05384000,7060047060,0,train
hysets_05384500,7060047060,0,train
hysets_05385000,7060047060,0,train
hysets_05385500,7060047060,0,train
hysets_05386000,7060047060,0,train
hysets_05386490,7060047060,0,train
hysets_05386500,7060047060,0,train
hysets_05386999,7060047060,0,train
hysets_05387100,7060047060,0,train
hysets_05387440,7060047060,0,train
hysets_05387500,7060047060,0,train
hysets_05388500,7060047060,0,train
hysets_05389000,7060047060,0,train
hysets_05389400,7060047060,0,train
hysets_05390680,7060047060,0,train
hysets_05390685,7060047060,0,train
hysets_05391226,7060047060,0,train
hysets_05392070,7060047060,0,train
hysets_05392083,7060047060,0,train
hysets_05392102,7060047060,0,train
hysets_05392350,7060047060,0,train
hysets_05393500,7060047060,0,train
hysets_05394000,7060047060,0,train
hysets_05394500,7060047060,0,train
hysets_05397000,7060047060,0,train
hysets_05397110,7060047060,0,train
hysets_05397500,7060047060,0,train
hysets_05398500,7060047060,0,train
hysets_05399431,7060047060,0,train
hysets_05399500,7060047060,0,train
hysets_05399550,7060047060,0,train
hysets_05399580,7060047060,0,train
hysets_05400100,7060047060,0,train
hysets_05400500,7060047060,0,train
hysets_05400664,7060047060,0,train
hysets_05400705,7060047060,0,train
hysets_05400710,7060047060,0,train
hysets_05401510,7060047060,0,train
hysets_05403000,7060047060,0,train
hysets_05403700,7060047060,0,train
hysets_05404200,7060047060,0,train
hysets_05405000,7060047060,0,train
hysets_05406360,7060047060,0,train
hysets_05406460,7060047060,0,train
hysets_05406476,7060047060,0,train
hysets_05406491,7060047060,0,train
hysets_05406497,7060047060,0,train
hysets_05406500,7060047060,0,train
hysets_054065199,7060047060,0,train
hysets_05406573,7060047060,0,train
hysets_05406574,7060047060,0,train
hysets_05406575,7060047060,0,train
hysets_05406577,7060047060,0,train
hysets_054070396,7060047060,0,train
hysets_05407470,7060047060,0,train
hysets_05407500,7060047060,0,train
hysets_05407920,7060047060,0,train
hysets_05408000,7060047060,0,train
hysets_05408500,7060047060,0,train
hysets_05409830,7060047060,0,train
hysets_05409860,7060047060,0,train
hysets_05409870,7060047060,0,train
hysets_05409890,7060047060,0,train
hysets_05410000,7060047060,0,train
hysets_05410490,7060047060,0,train
hysets_05410500,7060047060,0,train
hysets_05411400,7060047060,0,train
hysets_05411600,7060047060,0,train
hysets_05411850,7060047060,0,train
hysets_05412020,7060047060,0,train
hysets_05412041,7060047060,0,train
hysets_05412056,7060047060,0,train
hysets_05412060,7060047060,0,train
hysets_05412100,7060047060,0,train
hysets_05412340,7060047060,0,train
hysets_05412400,7060047060,0,train
hysets_05412500,7060047060,0,train
hysets_05412880,7060047060,0,train
hysets_05413080,7060047060,0,train
hysets_05413400,7060047060,0,train
hysets_054134435,7060047060,0,train
hysets_05413449,7060047060,0,train
hysets_05413451,7060047060,0,train
hysets_05413500,7060047060,0,train
hysets_05413730,7060047060,0,train
hysets_05414000,7060047060,0,train
hysets_05414213,7060047060,0,train
hysets_05414500,7060047060,0,train
hysets_05414800,7060047060,0,train
hysets_05414820,7060047060,0,train
hysets_05414849,7060047060,0,train
hysets_05414850,7060047060,0,train
hysets_05414894,7060047060,0,train
hysets_05414915,7060047060,0,train
hysets_05414920,7060047060,0,train
hysets_05415000,7060047060,0,train
hysets_05416900,7060047060,0,train
hysets_05417000,7060047060,0,train
hysets_05417700,7060047060,0,train
hysets_05418400,7060047060,0,train
hysets_05418450,7060047060,0,train
hysets_05418500,7060047060,0,train
hysets_05418731,7060047060,0,train
hysets_05419000,7060047060,0,train
hysets_05420000,7060047060,0,train
hysets_05420100,7060047060,0,train
hysets_05420300,7060047060,0,train
hysets_05420560,7060047060,0,train
hysets_05420680,7060047060,0,train
hysets_05421000,7060047060,0,train
hysets_05421682,7060047060,0,train
hysets_05421740,7060047060,0,train
hysets_05421760,7060047060,0,train
hysets_05422000,7060047060,0,train
hysets_05422420,7060047060,0,train
hysets_05422450,7060047060,0,train
hysets_05422470,7060047060,0,train
hysets_05422560,7060047060,0,train
hysets_05422600,7060047060,0,train
hysets_05423000,7060047060,0,train
hysets_05423100,7060047060,0,train
hysets_05423947,7060047060,0,train
hysets_05424000,7060047060,0,train
hysets_05424009,7060047060,0,train
hysets_05424013,7060047060,0,train
hysets_05424095,7060047060,0,train
hysets_054240957,7060047060,0,train
hysets_05425536,7060047060,0,train
hysets_05425539,7060047060,0,train
hysets_05426067,7060047060,0,train
hysets_05426070,7060047060,0,train
hysets_05426086,7060047060,0,train
hysets_05426250,7060047060,0,train
hysets_05426900,7060047060,0,train
hysets_05427085,7060047060,0,train
hysets_05427530,7060047060,0,train
hysets_05427718,7060047060,0,train
hysets_05427800,7060047060,0,train
hysets_05427850,7060047060,0,train
hysets_05427900,7060047060,0,train
hysets_05427930,7060047060,0,train
hysets_05427943,7060047060,0,train
hysets_05427948,7060047060,0,train
hysets_05427950,7060047060,0,train
hysets_05427952,7060047060,0,train
hysets_05428500,7060047060,0,train
hysets_05429580,7060047060,0,train
hysets_05429700,7060047060,0,train
hysets_05430030,7060047060,0,train
hysets_05430095,7060047060,0,train
hysets_05430100,7060047060,0,train
hysets_05430403,7060047060,0,train
hysets_05430446,7060047060,0,train
hysets_05430540,7060047060,0,train
hysets_05431014,7060047060,0,train
hysets_054310157,7060047060,0,train
hysets_05431016,7060047060,0,train
hysets_05431017,7060047060,0,train
hysets_05431018,7060047060,0,train
hysets_05431500,7060047060,0,train
hysets_05432055,7060047060,0,train
hysets_054322655,7060047060,0,train
hysets_05432695,7060047060,0,train
hysets_05432927,7060047060,0,train
hysets_05433500,7060047060,0,train
hysets_05433510,7060047060,0,train
hysets_05433600,7060047060,0,train
hysets_05434235,7060047060,0,train
hysets_05434240,7060047060,0,train
hysets_05435000,7060047060,0,train
hysets_05435500,7060047060,0,train
hysets_054359315,7060047060,0,train
hysets_05435934,7060047060,0,train
hysets_05435935,7060047060,0,train
hysets_05435950,7060047060,0,train
hysets_05435980,7060047060,0,train
hysets_05436000,7060047060,0,train
hysets_05437000,7060047060,0,train
hysets_05437050,7060047060,0,train
hysets_05437500,7060047060,0,train
hysets_05437630,7060047060,0,train
hysets_05437632,7060047060,0,train
hysets_05437695,7060047060,0,train
hysets_05438170,7060047060,0,train
hysets_05438250,7060047060,0,train
hysets_05438283,7060047060,0,train
hysets_05438500,7060047060,0,train
hysets_05439000,7060047060,0,train
hysets_05439500,7060047060,0,train
hysets_05440000,7060047060,0,train
hysets_05440500,7060047060,0,train
hysets_05440700,7060047060,0,train
hysets_05441000,7060047060,0,train
hysets_05443500,7060047060,0,train
hysets_05444000,7060047060,0,train
hysets_05445500,7060047060,0,train
hysets_05446000,7060047060,0,train
hysets_05447000,7060047060,0,train
hysets_05447500,7060047060,0,train
hysets_05448000,7060047060,0,train
hysets_05448150,7060047060,0,train
hysets_05448285,7060047060,0,train
hysets_05448500,7060047060,0,train
hysets_05449000,7060047060,0,train
hysets_05449500,7060047060,0,train
hysets_05451210,7060047060,0,train
hysets_05451500,7060047060,0,train
hysets_05451700,7060047060,0,train
hysets_05451900,7060047060,0,train
hysets_05452200,7060047060,0,train
hysets_05452500,7060047060,0,train
hysets_05453000,7060047060,0,train
hysets_05453100,7060047060,0,train
hysets_05454000,7060047060,0,train
hysets_05454090,7060047060,0,train
hysets_05454220,7060047060,0,train
hysets_05454300,7060047060,0,train
hysets_05455100,7060047060,0,train
hysets_05455500,7060047060,0,train
hysets_05457505,7060047060,0,train
hysets_05457700,7060047060,0,train
hysets_05458000,7060047060,0,train
hysets_05458300,7060047060,0,train
hysets_05458500,7060047060,0,train
hysets_05458900,7060047060,0,train
hysets_05459000,7060047060,0,train
hysets_05459500,7060047060,0,train
hysets_05460400,7060047060,0,train
hysets_05460500,7060047060,0,train
hysets_05461390,7060047060,0,train
hysets_05462000,7060047060,0,train
hysets_05463000,7060047060,0,train
hysets_05463050,7060047060,0,train
hysets_05463500,7060047060,0,train
hysets_05464000,7060047060,0,train
hysets_05464130,7060047060,0,train
hysets_05464133,7060047060,0,train
hysets_05464137,7060047060,0,train
hysets_05464220,7060047060,0,train
hysets_05464315,7060047060,0,train
hysets_05464500,7060047060,0,train
hysets_05464640,7060047060,0,train
hysets_05464942,7060047060,0,train
hysets_05466000,7060047060,0,train
hysets_05466500,7060047060,0,train
hysets_05467000,7060047060,0,train
hysets_05467500,7060047060,0,train
hysets_05468308,7060047060,0,train
hysets_05468367,7060047060,0,train
hysets_05468500,7060047060,0,train
hysets_05469000,7060047060,0,train
hysets_05469500,7060047060,0,train
hysets_05470000,7060047060,0,train
hysets_05470500,7060047060,0,train
hysets_05471000,7060047060,0,train
hysets_05471013,7060047060,0,train
hysets_05471014,7060047060,0,train
hysets_05471040,7060047060,0,train
hysets_05471200,7060047060,0,train
hysets_05471500,7060047060,0,train
hysets_05472500,7060047060,0,train
hysets_05473065,7060047060,0,train
hysets_05473400,7060047060,0,train
hysets_05473450,7060047060,0,train
hysets_05474000,7060047060,0,train
hysets_05476000,7060047060,0,train
hysets_05476500,7060047060,0,train
hysets_05476750,7060047060,0,train
hysets_05478000,7060047060,0,train
hysets_05478265,7060047060,0,train
hysets_05479000,7060047060,0,train
hysets_05480000,7060047060,0,train
hysets_05480500,7060047060,0,train
hysets_05481000,7060047060,0,train
hysets_05481300,7060047060,0,train
hysets_05481500,7060047060,0,train
hysets_05481950,7060047060,0,train
hysets_05482135,7060047060,0,train
hysets_05482170,7060047060,0,train
hysets_05482300,7060047060,0,train
hysets_05482500,7060047060,0,train
hysets_05483000,7060047060,0,train
hysets_05483343,7060047060,0,train
hysets_05483450,7060047060,0,train
hysets_05484000,7060047060,0,train
hysets_05484500,7060047060,0,train
hysets_05484650,7060047060,0,train
hysets_05484800,7060047060,0,train
hysets_05485605,7060047060,0,train
hysets_05485640,7060047060,0,train
hysets_05486490,7060047060,0,train
hysets_05487470,7060047060,0,train
hysets_05487550,7060047060,0,train
hysets_05487980,7060047060,0,train
hysets_05488000,7060047060,0,train
hysets_05488200,7060047060,0,train
hysets_05489000,7060047060,0,train
hysets_05489090,7060047060,0,train
hysets_05489190,7060047060,0,train
hysets_05490600,7060047060,0,train
hysets_05491000,7060047060,0,train
hysets_05494300,7060047060,0,train
hysets_05495000,7060047060,0,train
hysets_05495500,7060047060,0,train
hysets_05496000,7060047060,0,train
hysets_05497000,7060047060,0,train
hysets_05497150,7060047060,0,train
hysets_05497500,7060047060,0,train
hysets_05498000,7060047060,0,train
hysets_05498150,7060047060,0,train
hysets_05498700,7060047060,0,train
hysets_05500000,7060047060,0,train
hysets_05501000,7060047060,0,train
hysets_05502020,7060047060,0,train
hysets_05502040,7060047060,0,train
hysets_05502300,7060047060,0,train
hysets_05502500,7060047060,0,train
hysets_05503000,7060047060,0,train
hysets_05503500,7060047060,0,train
hysets_05503800,7060047060,0,train
hysets_05504800,7060047060,0,train
hysets_05504900,7060047060,0,train
hysets_05506000,7060047060,0,train
hysets_05506100,7060047060,0,train
hysets_05506350,7060047060,0,train
hysets_05506500,7060047060,0,train
hysets_05506800,7060047060,0,train
hysets_05507000,7060047060,0,train
hysets_05507500,7060047060,0,train
hysets_05507600,7060047060,0,train
hysets_05508805,7060047060,0,train
hysets_05509700,7060047060,0,train
hysets_05512500,7060047060,0,train
hysets_05513000,7060047060,0,train
hysets_05513500,7060047060,0,train
hysets_05514500,7060047060,0,train
hysets_05514712,7060047060,0,train
hysets_05514840,7060047060,0,train
hysets_05514860,7060047060,0,train
hysets_05515000,7060047060,0,train
hysets_05515400,7060047060,0,train
hysets_05515500,7060047060,0,train
hysets_05516000,7060047060,0,train
hysets_05516500,7060047060,0,train
hysets_05517000,7060047060,0,train
hysets_05517500,7060047060,0,train
hysets_05517530,7060047060,0,train
hysets_05517890,7060047060,0,train
hysets_05518000,7060047060,0,train
hysets_05519000,7060047060,0,train
hysets_05519500,7060047060,0,train
hysets_05520500,7060047060,0,train
hysets_05521000,7060047060,0,train
hysets_05522000,7060047060,0,train
hysets_05522500,7060047060,0,train
hysets_05523000,7060047060,0,train
hysets_05523500,7060047060,0,train
hysets_05524000,7060047060,0,train
hysets_05524500,7060047060,0,train
hysets_05525000,7060047060,0,train
hysets_05525500,7060047060,0,train
hysets_05526000,7060047060,0,train
hysets_05526500,7060047060,0,train
hysets_05527500,7060047060,0,train
hysets_05527800,7060047060,0,train
hysets_05527900,7060047060,0,train
hysets_05527905,7060047060,0,train
hysets_05527950,7060047060,0,train
hysets_05528000,7060047060,0,train
hysets_05528230,7060047060,0,train
hysets_05528500,7060047060,0,train
hysets_05529000,7060047060,0,train
hysets_05529500,7060047060,0,train
hysets_05530000,7060047060,0,train
hysets_05530500,7060047060,0,train
hysets_05530990,7060047060,0,train
hysets_05531000,7060047060,0,train
hysets_05531044,7060047060,0,train
hysets_05531300,7060047060,0,train
hysets_05531500,7060047060,0,train
hysets_05532000,7060047060,0,train
hysets_05532500,7060047060,0,train
hysets_05533000,7060047060,0,train
hysets_05533400,7060047060,0,train
hysets_05534500,7060034520,1,val
hysets_05535000,7060034520,1,val
hysets_05535070,7060034520,1,val
hysets_05535500,7060034520,1,val
hysets_05536000,7060034520,1,val
hysets_05536105,7060034520,1,val
hysets_05536162,7060034520,1,val
hysets_05536179,7060034520,1,val
hysets_05536190,7060034520,1,val
hysets_05536195,7060034520,1,val
hysets_05536210,7060034520,1,val
hysets_05536215,7060034520,1,val
hysets_05536255,7060034520,1,val
hysets_05536275,7060034520,1,val
hysets_05536500,7060034520,1,val
hysets_05539000,7060047060,0,train
hysets_05539900,7060047060,0,train
hysets_05540060,7060047060,0,train
hysets_05540095,7060047060,0,train
hysets_05540130,7060047060,0,train
hysets_05540160,7060047060,0,train
hysets_05540195,7060047060,0,train
hysets_05540200,7060047060,0,train
hysets_05540250,7060047060,0,train
hysets_05540275,7060047060,0,train
hysets_05540500,7060047060,0,train
hysets_05541710,7060047060,0,train
hysets_05542000,7060047060,0,train
hysets_05543800,7060047060,0,train
hysets_05543830,7060047060,0,train
hysets_05544371,7060047060,0,train
hysets_05545133,7060047060,0,train
hysets_055451345,7060047060,0,train
hysets_05545300,7060047060,0,train
hysets_05545750,7060047060,0,train
hysets_05546500,7060047060,0,train
hysets_05547350,7060047060,0,train
hysets_05547755,7060047060,0,train
hysets_05548105,7060047060,0,train
hysets_05548110,7060047060,0,train
hysets_05548280,7060047060,0,train
hysets_05548500,7060047060,0,train
hysets_05549000,7060047060,0,train
hysets_05549850,7060047060,0,train
hysets_05550001,7060047060,0,train
hysets_05550300,7060047060,0,train
hysets_05550500,7060047060,0,train
hysets_05551000,7060047060,0,train
hysets_05551030,7060047060,0,train
hysets_05551200,7060047060,0,train
hysets_05551330,7060047060,0,train
hysets_05551540,7060047060,0,train
hysets_05551675,7060047060,0,train
hysets_05551700,7060047060,0,train
hysets_05554000,7060047060,0,train
hysets_05554500,7060047060,0,train
hysets_05555300,7060047060,0,train
hysets_05555500,7060047060,0,train
hysets_05556500,7060047060,0,train
hysets_05557000,7060047060,0,train
hysets_05558500,7060047060,0,train
hysets_05559000,7060047060,0,train
hysets_05559500,7060047060,0,train
hysets_05559700,7060047060,0,train
hysets_05561000,7060047060,0,train
hysets_05563000,7060047060,0,train
hysets_05563500,7060047060,0,train
hysets_05564400,7060047060,0,train
hysets_05564500,7060047060,0,train
hysets_05565000,7060047060,0,train
hysets_05565500,7060047060,0,train
hysets_05566000,7060047060,0,train
hysets_05566500,7060047060,0,train
hysets_05567000,7060047060,0,train
hysets_05567500,7060047060,0,train
hysets_05567510,7060047060,0,train
hysets_05568000,7060047060,0,train
hysets_05568800,7060047060,0,train
hysets_05569000,7060047060,0,train
hysets_05569500,7060047060,0,train
hysets_05569968,7060047060,0,train
hysets_05570000,7060047060,0,train
hysets_05570330,7060047060,0,train
hysets_05570350,7060047060,0,train
hysets_05570370,7060047060,0,train
hysets_05570910,7060047060,0,train
hysets_05571000,7060047060,0,train
hysets_05571500,7060047060,0,train
hysets_05572000,7060047060,0,train
hysets_05572450,7060047060,0,train
hysets_05574000,7060047060,0,train
hysets_05574500,7060047060,0,train
hysets_05575500,7060047060,0,train
hysets_05575800,7060047060,0,train
hysets_05575830,7060047060,0,train
hysets_05576500,7060047060,0,train
hysets_05577500,7060047060,0,train
hysets_05578000,7060047060,0,train
hysets_05579500,7060047060,0,train
hysets_05579620,7060047060,0,train
hysets_05580500,7060047060,0,train
hysets_05581500,7060047060,0,train
hysets_05582000,7060047060,0,train
hysets_05582500,7060047060,0,train
hysets_05583000,7060047060,0,train
hysets_05584400,7060047060,0,train
hysets_05584500,7060047060,0,train
hysets_05585000,7060047060,0,train
hysets_05585830,7060047060,0,train
hysets_05586000,7060047060,0,train
hysets_05586500,7060047060,0,train
hysets_05586685,7060047060,0,train
hysets_05587000,7060047060,0,train
hysets_05587480,7060047060,0,train
hysets_05587900,7060047060,0,train
hysets_05588000,7060047060,0,train
hysets_05588720,7060047060,0,train
hysets_05589500,7060047060,0,train
hysets_05590000,7060047060,0,train
hysets_05590050,7060047060,0,train
hysets_05590400,7060047060,0,train
hysets_05590500,7060047060,0,train
hysets_05590800,7060047060,0,train
hysets_05590950,7060047060,0,train
hysets_05591200,7060047060,0,train
hysets_05591500,7060047060,0,train
hysets_05591550,7060047060,0,train
hysets_05591700,7060047060,0,train
hysets_05592050,7060047060,0,train
hysets_05592300,7060047060,0,train
hysets_05592575,7060047060,0,train
hysets_05592800,7060047060,0,train
hysets_05592900,7060047060,0,train
hysets_05593520,7060047060,0,train
hysets_05593525,7060047060,0,train
hysets_05593575,7060047060,0,train
hysets_05593600,7060047060,0,train
hysets_05593900,7060047060,0,train
hysets_05593945,7060047060,0,train
hysets_05594000,7060047060,0,train
hysets_05594090,7060047060,0,train
hysets_05594330,7060047060,0,train
hysets_05594450,7060047060,0,train
hysets_05594800,7060047060,0,train
hysets_05595200,7060047060,0,train
hysets_05595226,7060047060,0,train
hysets_05595270,7060047060,0,train
hysets_05595500,7060047060,0,train
hysets_05595730,7060047060,0,train
hysets_05595800,7060047060,0,train
hysets_05595820,7060047060,0,train
hysets_05596000,7060047060,0,train
hysets_05596500,7060047060,0,train
hysets_05597500,7060047060,0,train
hysets_05599000,7060047060,0,train
hysets_05600000,7060047060,0,train
hysets_05AA006,7060022240,4,test
hysets_05AA008,7060022240,4,test
hysets_05AA011,7060022240,4,test
hysets_05AA022,7060022240,4,test
hysets_05AA023,7060022240,4,test
hysets_05AA026,7060022240,4,test
hysets_05AA027,7060022240,4,test
hysets_05AA028,7060022240,4,test
hysets_05AA033,7060022240,4,test
hysets_05AA034,7060022240,4,test
hysets_05AA035,7060022240,4,test
hysets_05AA909,7060022240,4,test
hysets_05AB005,7060022240,4,test
hysets_05AB013,7060022240,4,test
hysets_05AB029,7060022240,4,test
hysets_05AB040,7060022240,4,test
hysets_05AB046,7060022240,4,test
hysets_05AC030,7060022240,4,test
hysets_05AC034,7060022240,4,test
hysets_05AC930,7060022240,4,test
hysets_05AD003,7060022240,4,test
hysets_05AD035,7060022240,4,test
hysets_05AD042,7060022240,4,test
hysets_05AD934,7060022240,4,test
hysets_05AE005,7060022240,4,test
hysets_05AF010,7060022240,4,test
hysets_05AH037,7060022240,4,test
hysets_05AH041,7060022240,4,test
hysets_05AH050,7060022240,4,test
hysets_05BA001,7060022240,4,test
hysets_05BA006,7060022240,4,test
hysets_05BB001,7060022240,4,test
hysets_05BD005,7060022240,4,test
hysets_05BF016,7060022240,4,test
hysets_05BG002,7060022240,4,test
hysets_05BG006,7060022240,4,test
hysets_05BH003,7060022240,4,test
hysets_05BH014,7060022240,4,test
hysets_05BH015,7060022240,4,test
hysets_05BH016,7060022240,4,test
hysets_05BH901,7060022240,4,test
hysets_05BJ004,7060022240,4,test
hysets_05BJ006,7060022240,4,test
hysets_05BJ010,7060022240,4,test
hysets_05BK001,7060022240,4,test
hysets_05BK003,7060022240,4,test
hysets_05BL012,7060022240,4,test
hysets_05BL013,7060022240,4,test
hysets_05BL014,7060022240,4,test
hysets_05BL019,7060022240,4,test
hysets_05BL022,7060022240,4,test
hysets_05BL023,7060022240,4,test
hysets_05BL027,7060022240,4,test
hysets_05BM014,7060022240,4,test
hysets_05BM018,7060022240,4,test
hysets_05CA002,7060022240,4,test
hysets_05CA004,7060022240,4,test
hysets_05CA009,7060022240,4,test
hysets_05CA011,7060022240,4,test
hysets_05CA012,7060022240,4,test
hysets_05CB001,7060022240,4,test
hysets_05CB002,7060022240,4,test
hysets_05CB004,7060022240,4,test
hysets_05CC001,7060022240,4,test
hysets_05CC007,7060022240,4,test
hysets_05CC008,7060022240,4,test
hysets_05CC009,7060022240,4,test
hysets_05CC010,7060022240,4,test
hysets_05CC011,7060022240,4,test
hysets_05CC012,7060022240,4,test
hysets_05CC013,7060022240,4,test
hysets_05CD006,7060022240,4,test
hysets_05CD007,7060022240,4,test
hysets_05CE006,7060022240,4,test
hysets_05CE010,7060022240,4,test
hysets_05CE011,7060022240,4,test
hysets_05CE012,7060022240,4,test
hysets_05CE018,7060022240,4,test
hysets_05CE020,7060022240,4,test
hysets_05CG004,7060022240,4,test
hysets_05CG006,7060022240,4,test
hysets_05CK001,7060022240,4,test
hysets_05CK005,7060022240,4,test
hysets_05DA002,7060022240,4,test
hysets_05DA007,7060022240,4,test
hysets_05DA009,7060022240,4,test
hysets_05DA010,7060022240,4,test
hysets_05DB002,7060022240,4,test
hysets_05DB003,7060022240,4,test
hysets_05DB005,7060022240,4,test
hysets_05DB006,7060022240,4,test
hysets_05DC006,7060022240,4,test
hysets_05DC011,7060022240,4,test
hysets_05DC012,7060022240,4,test
hysets_05DD004,7060022240,4,test
hysets_05DD007,7060022240,4,test
hysets_05DD008,7060022240,4,test
hysets_05DD009,7060022240,4,test
hysets_05DE007,7060022240,4,test
hysets_05DE009,7060022240,4,test
hysets_05DE010,7060022240,4,test
hysets_05DE911,7060022240,4,test
hysets_05DF003,7060022240,4,test
hysets_05DF004,7060022240,4,test
hysets_05DF006,7060022240,4,test
hysets_05DF007,7060022240,4,test
hysets_05DF008,7060022240,4,test
hysets_05DF009,7060022240,4,test
hysets_05EA001,7060022240,4,test
hysets_05EA002,7060022240,4,test
hysets_05EA005,7060022240,4,test
hysets_05EA009,7060022240,4,test
hysets_05EA010,7060022240,4,test
hysets_05EA011,7060022240,4,test
hysets_05EA012,7060022240,4,test
hysets_05EB902,7060022240,4,test
hysets_05EC002,7060022240,4,test
hysets_05EC005,7060022240,4,test
hysets_05EC006,7060022240,4,test
hysets_05EC007,7060022240,4,test
hysets_05ED002,7060022240,4,test
hysets_05EE003,7060022240,4,test
hysets_05EE005,7060022240,4,test
hysets_05EE006,7060022240,4,test
hysets_05EE009,7060022240,4,test
hysets_05EE915,7060022240,4,test
hysets_05EF004,7060022240,4,test
hysets_05EF005,7060022240,4,test
hysets_05EF006,7060022240,4,test
hysets_05EG004,7060022240,4,test
hysets_05EG006,7060022240,4,test
hysets_05EG008,7060022240,4,test
hysets_05FA001,7060022240,4,test
hysets_05FA011,7060022240,4,test
hysets_05FA012,7060022240,4,test
hysets_05FA014,7060022240,4,test
hysets_05FA018,7060022240,4,test
hysets_05FA019,7060022240,4,test
hysets_05FA022,7060022240,4,test
hysets_05FA024,7060022240,4,test
hysets_05FA025,7060022240,4,test
hysets_05FB002,7060022240,4,test
hysets_05FC002,7060022240,4,test
hysets_05FC003,7060022240,4,test
hysets_05FC004,7060022240,4,test
hysets_05FC005,7060022240,4,test
hysets_05FC007,7060022240,4,test
hysets_05FD005,7060022240,4,test
hysets_05FE002,7060022240,4,test
hysets_05FE005,7060022240,4,test
hysets_05FF003,7060022240,4,test
hysets_05GA008,7060022240,4,test
hysets_05GA010,7060022240,4,test
hysets_05GA012,7060022240,4,test
hysets_05GB004,7060022240,4,test
hysets_05GC007,7060022240,4,test
hysets_05GD002,7060022240,4,test
hysets_05GF001,7060022240,4,test
hysets_05GF002,7060022240,4,test
hysets_05GG010,7060022240,4,test
hysets_05HA015,7060022240,4,test
hysets_05HD036,7060022240,4,test
hysets_05HE001,7060022240,4,test
hysets_05HG021,7060022240,4,test
hysets_05HH002,7060022240,4,test
hysets_05HH003,7060022240,4,test
hysets_05JA003,7060047060,0,train
hysets_05JA005,7060047060,0,train
hysets_05JA006,7060047060,0,train
hysets_05JB004,7060047060,0,train
hysets_05JB007,7060047060,0,train
hysets_05JC004,7060047060,0,train
hysets_05JC007,7060047060,0,train
hysets_05JE002,7060022240,4,test
hysets_05JF011,7060022240,4,test
hysets_05JF014,7060022240,4,test
hysets_05JG001,7060022240,4,test
hysets_05JG013,7060022240,4,test
hysets_05JH005,7060022240,4,test
hysets_05JJ009,7060022240,4,test
hysets_05JK008,7060022240,4,test
hysets_05JL002,7060022240,4,test
hysets_05JM010,7060022240,4,test
hysets_05KB003,7060022240,4,test
hysets_05KB006,7060022240,4,test
hysets_05KB011,7060022240,4,test
hysets_05KC001,7060022240,4,test
hysets_05KE005,7060022240,4,test
hysets_05KE007,7060022240,4,test
hysets_05KE010,7060022240,4,test
hysets_05KF001,7060022240,4,test
hysets_05KG007,7060022240,4,test
hysets_05KH007,7060022240,4,test
hysets_05KJ014,7060022240,4,test
hysets_05LA003,7060022240,4,test
hysets_05LA006,7060022240,4,test
hysets_05LB004,7060022240,4,test
hysets_05LB006,7060022240,4,test
hysets_05LB008,7060022240,4,test
hysets_05LB010,7060022240,4,test
hysets_05LC001,7060022240,4,test
hysets_05LC004,7060022240,4,test
hysets_05LD001,7060022240,4,test
hysets_05LD003,7060022240,4,test
hysets_05LE004,7060022240,4,test
hysets_05LE005,7060022240,4,test
hysets_05LE006,7060022240,4,test
hysets_05LE008,7060022240,4,test
hysets_05LE010,7060022240,4,test
hysets_05LE011,7060022240,4,test
hysets_05LG003,7060022240,4,test
hysets_05LG004,7060022240,4,test
hysets_05LG006,7060022240,4,test
hysets_05LH005,7060022240,4,test
hysets_05LJ005,7060022240,4,test
hysets_05LJ007,7060022240,4,test
hysets_05LJ011,7060022240,4,test
hysets_05LJ027,7060022240,4,test
hysets_05LJ045,7060022240,4,test
hysets_05LL013,7060022240,4,test
hysets_05LL014,7060022240,4,test
hysets_05LL015,7060022240,4,test
hysets_05LL021,7060022240,4,test
hysets_05LL027,7060022240,4,test
hysets_05LL028,7060022240,4,test
hysets_05MA020,7060022240,4,test
hysets_05MA021,7060022240,4,test
hysets_05MA022,7060022240,4,test
hysets_05MA025,7060022240,4,test
hysets_05MC001,7060022240,4,test
hysets_05MC002,7060022240,4,test
hysets_05MC003,7060022240,4,test
hysets_05MC004,7060022240,4,test
hysets_05MD005,7060022240,4,test
hysets_05MD007,7060022240,4,test
hysets_05MD010,7060022240,4,test
hysets_05ME003,7060022240,4,test
hysets_05ME005,7060022240,4,test
hysets_05ME007,7060022240,4,test
hysets_05ME009,7060022240,4,test
hysets_05ME010,7060022240,4,test
hysets_05MF001,7060022240,4,test
hysets_05MF008,7060022240,4,test
hysets_05MF024,7060022240,4,test
hysets_05MG001,7060022240,4,test
hysets_05MG003,7060022240,4,test
hysets_05MH006,7060022240,4,test
hysets_05MH007,7060022240,4,test
hysets_05MH008,7060022240,4,test
hysets_05NB033,7060022240,4,test
hysets_05NB035,7060022240,4,test
hysets_05NB039,7060022240,4,test
hysets_05ND011,7060022240,4,test
hysets_05NE003,7060022240,4,test
hysets_05NF002,7060022240,4,test
hysets_05NF006,7060022240,4,test
hysets_05NF008,7060022240,4,test
hysets_05NF010,7060022240,4,test
hysets_05NF013,7060022240,4,test
hysets_05NF015,7060022240,4,test
hysets_05NG010,7060022240,4,test
hysets_05NG012,7060022240,4,test
hysets_05NG019,7060022240,4,test
hysets_05NG020,7060022240,4,test
hysets_05NG027,7060022240,4,test
hysets_05OA007,7060022240,4,test
hysets_05OA008,7060022240,4,test
hysets_05OB010,7060022240,4,test
hysets_05OB016,7060022240,4,test
hysets_05OB021,7060022240,4,test
hysets_05OC016,7060022240,4,test
hysets_05OC019,7060022240,4,test
hysets_05OC022,7060022240,4,test
hysets_05OC024,7060022240,4,test
hysets_05OC025,7060022240,4,test
hysets_05OD004,7060022240,4,test
hysets_05OD028,7060022240,4,test
hysets_05OE004,7060022240,4,test
hysets_05OE006,7060022240,4,test
hysets_05OE007,7060022240,4,test
hysets_05OE009,7060022240,4,test
hysets_05OE010,7060022240,4,test
hysets_05OE014,7060022240,4,test
hysets_05OE015,7060022240,4,test
hysets_05OF009,7060022240,4,test
hysets_05OF011,7060022240,4,test
hysets_05OF014,7060022240,4,test
hysets_05OF015,7060022240,4,test
hysets_05OF017,7060022240,4,test
hysets_05OF018,7060022240,4,test
hysets_05OF020,7060022240,4,test
hysets_05OF022,7060022240,4,test
hysets_05OF024,7060022240,4,test
hysets_05OF026,7060022240,4,test
hysets_05OJ008,7060022240,4,test
hysets_05OJ016,7060022240,4,test
hysets_05OJ017,7060022240,4,test
hysets_05PA006,7060022240,4,test
hysets_05PB014,7060022240,4,test
hysets_05PB015,7060022240,4,test
hysets_05PB018,7060022240,4,test
hysets_05PC011,7060022240,4,test
hysets_05PC016,7060022240,4,test
hysets_05PC022,7060022240,4,test
hysets_05PC023,7060022240,4,test
hysets_05PE028,7060022240,4,test
hysets_05PH003,7060022240,4,test
hysets_05PJ001,7060022240,4,test
hysets_05QA002,7060022240,4,test
hysets_05QA004,7060022240,4,test
hysets_05QC003,7060022240,4,test
hysets_05QC006,7060022240,4,test
hysets_05QE008,7060022240,4,test
hysets_05QE009,7060022240,4,test
hysets_05QE012,7060022240,4,test
hysets_05RA001,7060022240,4,test
hysets_05RB003,7060022240,4,test
hysets_05SA002,7060022240,4,test
hysets_05SB002,7060022240,4,test
hysets_05SC002,7060022240,4,test
hysets_05SD003,7060022240,4,test
hysets_05SD004,7060022240,4,test
hysets_05TD001,7060022240,4,test
hysets_05TE002,7060022240,4,test
hysets_05TF002,7060022240,4,test
hysets_05TG002,7060022240,4,test
hysets_05TG003,7060022240,4,test
hysets_05TG006,7060022240,4,test
hysets_05UA003,7060022240,4,test
hysets_05UF004,7060022240,4,test
hysets_05UG001,7060022240,4,test
hysets_05UH001,7060022240,4,test
hysets_05UH002,7060022240,4,test
hysets_06006000,7060047060,0,train
hysets_06008000,7060047060,0,train
hysets_06011000,7060047060,0,train
hysets_06013500,7060047060,0,train
hysets_06014000,7060047060,0,train
hysets_06014500,7060047060,0,train
hysets_06015500,7060047060,0,train
hysets_06019000,7060047060,0,train
hysets_06019500,7060047060,0,train
hysets_06021000,7060047060,0,train
hysets_06021500,7060047060,0,train
hysets_06022000,7060047060,0,train
hysets_06023100,7060047060,0,train
hysets_06024000,7060047060,0,train
hysets_06024450,7060047060,0,train
hysets_06024500,7060047060,0,train
hysets_06024510,7060047060,0,train
hysets_06024540,7060047060,0,train
hysets_06024580,7060047060,0,train
hysets_06024590,7060047060,0,train
hysets_06025250,7060047060,0,train
hysets_06025270,7060047060,0,train
hysets_06025480,7060047060,0,train
hysets_06025500,7060047060,0,train
hysets_06025800,7060047060,0,train
hysets_06026000,7060047060,0,train
hysets_06026400,7060047060,0,train
hysets_06026500,7060047060,0,train
hysets_06029000,7060047060,0,train
hysets_06033000,7060047060,0,train
hysets_06034500,7060047060,0,train
hysets_06035000,7060047060,0,train
hysets_06036650,7060047060,0,train
hysets_06036905,7060047060,0,train
hysets_06037000,7060047060,0,train
hysets_06037100,7060047060,0,train
hysets_06037500,7060047060,0,train
hysets_06040000,7060047060,0,train
hysets_06040300,7060047060,0,train
hysets_06043000,7060047060,0,train
hysets_06043500,7060047060,0,train
hysets_06044100,7060047060,0,train
hysets_06044200,7060047060,0,train
hysets_06044300,7060047060,0,train
hysets_06044400,7060047060,0,train
hysets_06044500,7060047060,0,train
hysets_06045000,7060047060,0,train
hysets_06045500,7060047060,0,train
hysets_06046300,7060047060,0,train
hysets_06046500,7060047060,0,train
hysets_06047000,7060047060,0,train
hysets_06047500,7060047060,0,train
hysets_06048000,7060047060,0,train
hysets_06048500,7060047060,0,train
hysets_06048600,7060047060,0,train
hysets_06048700,7060047060,0,train
hysets_06049000,7060047060,0,train
hysets_06050200,7060047060,0,train
hysets_06050500,7060047060,0,train
hysets_06050700,7060047060,0,train
hysets_06051000,7060047060,0,train
hysets_06051200,7060047060,0,train
hysets_06051500,7060047060,0,train
hysets_06052500,7060047060,0,train
hysets_06053000,7060047060,0,train
hysets_06054500,7060047060,0,train
hysets_06055500,7060047060,0,train
hysets_06058502,7060047060,0,train
hysets_06058900,7060047060,0,train
hysets_06061500,7060047060,0,train
hysets_06061900,7060047060,0,train
hysets_06062500,7060047060,0,train
hysets_06062750,7060047060,0,train
hysets_06063000,7060047060,0,train
hysets_06064100,7060047060,0,train
hysets_06064150,7060047060,0,train
hysets_06071100,7060047060,0,train
hysets_06071300,7060047060,0,train
hysets_06073000,7060047060,0,train
hysets_06073500,7060047060,0,train
hysets_06076000,7060047060,0,train
hysets_06076500,7060047060,0,train
hysets_06076690,7060047060,0,train
hysets_06077200,7060047060,0,train
hysets_06077500,7060047060,0,train
hysets_06078230,7060047060,0,train
hysets_06078250,7060047060,0,train
hysets_06078260,7060047060,0,train
hysets_06078270,7060047060,0,train
hysets_06078500,7060047060,0,train
hysets_06079000,7060047060,0,train
hysets_06084000,7060047060,0,train
hysets_06085800,7060047060,0,train
hysets_06088200,7060047060,0,train
hysets_06089000,7060047060,0,train
hysets_06090500,7060047060,0,train
hysets_06090570,7060047060,0,train
hysets_06090610,7060047060,0,train
hysets_06090720,7060047060,0,train
hysets_06091000,7060047060,0,train
hysets_06091700,7060047060,0,train
hysets_06092000,7060047060,0,train
hysets_06092500,7060047060,0,train
hysets_06093200,7060047060,0,train
hysets_06098100,7060047060,0,train
hysets_06098500,7060047060,0,train
hysets_06099000,7060047060,0,train
hysets_06101200,7060047060,0,train
hysets_06101560,7060047060,0,train
hysets_06102000,7060047060,0,train
hysets_06102500,7060047060,0,train
hysets_06108000,7060047060,0,train
hysets_06108800,7060047060,0,train
hysets_06109750,7060047060,0,train
hysets_06109780,7060047060,0,train
hysets_06109800,7060047060,0,train
hysets_06110000,7060047060,0,train
hysets_06111000,7060047060,0,train
hysets_06112100,7060047060,0,train
hysets_06114500,7060047060,0,train
hysets_06114700,7060047060,0,train
hysets_06115270,7060047060,0,train
hysets_06115350,7060047060,0,train
hysets_06118500,7060047060,0,train
hysets_06120000,7060047060,0,train
hysets_06120500,7060047060,0,train
hysets_06122000,7060047060,0,train
hysets_06122800,7060047060,0,train
hysets_06123030,7060047060,0,train
hysets_06125700,7060047060,0,train
hysets_06126470,7060047060,0,train
hysets_06127600,7060047060,0,train
hysets_06130000,7060047060,0,train
hysets_06130500,7060047060,0,train
hysets_06130650,7060047060,0,train
hysets_06130700,7060047060,0,train
hysets_06131000,7060047060,0,train
hysets_06131120,7060047060,0,train
hysets_06131200,7060047060,0,train
hysets_06137400,7060047060,0,train
hysets_06137570,7060047060,0,train
hysets_06137580,7060047060,0,train
hysets_06139500,7060047060,0,train
hysets_06139900,7060047060,0,train
hysets_06141600,7060047060,0,train
hysets_06142400,7060047060,0,train
hysets_06154400,7060047060,0,train
hysets_06154410,7060047060,0,train
hysets_06154430,7060047060,0,train
hysets_06154490,7060047060,0,train
hysets_06154500,7060047060,0,train
hysets_06154550,7060047060,0,train
hysets_06164590,7060047060,0,train
hysets_06164615,7060047060,0,train
hysets_06164630,7060047060,0,train
hysets_06164800,7060047060,0,train
hysets_06166000,7060047060,0,train
hysets_06167500,7060047060,0,train
hysets_06169600,7060047060,0,train
hysets_06170080,7060047060,0,train
hysets_06170200,7060047060,0,train
hysets_06175000,7060047060,0,train
hysets_06175540,7060047060,0,train
hysets_06176500,7060047060,0,train
hysets_06177400,7060047060,0,train
hysets_06177500,7060047060,0,train
hysets_06177650,7060047060,0,train
hysets_06177825,7060047060,0,train
hysets_06185110,7060047060,0,train
hysets_06186500,7060047060,0,train
hysets_06187550,7060047060,0,train
hysets_06187900,7060047060,0,train
hysets_06187910,7060047060,0,train
hysets_06187915,7060047060,0,train
hysets_06187950,7060047060,0,train
hysets_06188000,7060047060,0,train
hysets_06189000,7060047060,0,train
hysets_06191000,7060047060,0,train
hysets_06191500,7060047060,0,train
hysets_06191800,7060047060,0,train
hysets_06192500,7060047060,0,train
hysets_06193000,7060047060,0,train
hysets_06193500,7060047060,0,train
hysets_06194000,7060047060,0,train
hysets_06195600,7060047060,0,train
hysets_06197500,7060047060,0,train
hysets_06198000,7060047060,0,train
hysets_06200000,7060047060,0,train
hysets_06200500,7060047060,0,train
hysets_06201000,7060047060,0,train
hysets_06202510,7060047060,0,train
hysets_06202600,7060047060,0,train
hysets_06202610,7060047060,0,train
hysets_06204300,7060047060,0,train
hysets_06204500,7060047060,0,train
hysets_06205000,7060047060,0,train
hysets_06206000,7060047060,0,train
hysets_06206500,7060047060,0,train
hysets_06207500,7060047060,0,train
hysets_06207507,7060047060,0,train
hysets_06207540,7060047060,0,train
hysets_06207800,7060047060,0,train
hysets_06207850,7060047060,0,train
hysets_06207870,7060047060,0,train
hysets_06207900,7060047060,0,train
hysets_06208400,7060047060,0,train
hysets_06208500,7060047060,0,train
hysets_06208800,7060047060,0,train
hysets_06209010,7060047060,0,train
hysets_06209500,7060047060,0,train
hysets_06211000,7060047060,0,train
hysets_06211500,7060047060,0,train
hysets_06213500,7060047060,0,train
hysets_06214000,7060047060,0,train
hysets_06214500,7060047060,0,train
hysets_06215000,7060047060,0,train
hysets_06216000,7060047060,0,train
hysets_06216500,7060047060,0,train
hysets_06216900,7060047060,0,train
hysets_06217700,7060047060,0,train
hysets_06217750,7060047060,0,train
hysets_06217950,7060047060,0,train
hysets_06220500,7060047060,0,train
hysets_06221400,7060047060,0,train
hysets_06221500,7060047060,0,train
hysets_06222000,7060047060,0,train
hysets_06222700,7060047060,0,train
hysets_06224000,7060047060,0,train
hysets_06228350,7060047060,0,train
hysets_06229900,7060047060,0,train
hysets_06230500,7060047060,0,train
hysets_06231600,7060047060,0,train
hysets_06232000,7060047060,0,train
hysets_06232500,7060047060,0,train
hysets_06233500,7060047060,0,train
hysets_06235000,7060047060,0,train
hysets_06239000,7060047060,0,train
hysets_06251500,7060047060,0,train
hysets_06255500,7060047060,0,train
hysets_06256000,7060047060,0,train
hysets_06256800,7060047060,0,train
hysets_06256900,7060047060,0,train
hysets_06257000,7060047060,0,train
hysets_06259500,7060047060,0,train
hysets_06260000,7060047060,0,train
hysets_06260500,7060047060,0,train
hysets_06262000,7060047060,0,train
hysets_06265337,7060047060,0,train
hysets_06265800,7060047060,0,train
hysets_06266000,7060047060,0,train
hysets_06267000,7060047060,0,train
hysets_06267400,7060047060,0,train
hysets_06268500,7060047060,0,train
hysets_06270000,7060047060,0,train
hysets_06270450,7060047060,0,train
hysets_06271000,7060047060,0,train
hysets_06271500,7060047060,0,train
hysets_06272500,7060047060,0,train
hysets_06273000,7060047060,0,train
hysets_06274500,7060047060,0,train
hysets_06274800,7060047060,0,train
hysets_06274810,7060047060,0,train
hysets_06277950,7060047060,0,train
hysets_06278000,7060047060,0,train
hysets_06278300,7060047060,0,train
hysets_06279790,7060047060,0,train
hysets_06279795,7060047060,0,train
hysets_06279800,7060047060,0,train
hysets_06279850,7060047060,0,train
hysets_06280000,7060047060,0,train
hysets_06284200,7060047060,0,train
hysets_06285500,7060047060,0,train
hysets_06286250,7060047060,0,train
hysets_06286258,7060047060,0,train
hysets_06286260,7060047060,0,train
hysets_06286270,7060047060,0,train
hysets_06286350,7060047060,0,train
hysets_06286370,7060047060,0,train
hysets_06286395,7060047060,0,train
hysets_06287500,7060047060,0,train
hysets_06288000,7060047060,0,train
hysets_06288600,7060047060,0,train
hysets_06288700,7060047060,0,train
hysets_06288975,7060047060,0,train
hysets_06288990,7060047060,0,train
hysets_06289000,7060047060,0,train
hysets_06289100,7060047060,0,train
hysets_06289800,7060047060,0,train
hysets_06289870,7060047060,0,train
hysets_06290000,7060047060,0,train
hysets_06290500,7060047060,0,train
hysets_06291000,7060047060,0,train
hysets_06291200,7060047060,0,train
hysets_06291500,7060047060,0,train
hysets_06293500,7060047060,0,train
hysets_06294000,7060047060,0,train
hysets_06294600,7060047060,0,train
hysets_06294690,7060047060,0,train
hysets_06294940,7060047060,0,train
hysets_06294950,7060047060,0,train
hysets_06294995,7060047060,0,train
hysets_06295000,7060047060,0,train
hysets_06295100,7060047060,0,train
hysets_06295250,7060047060,0,train
hysets_06296000,7060047060,0,train
hysets_06296100,7060047060,0,train
hysets_06296120,7060047060,0,train
hysets_06296500,7060047060,0,train
hysets_06297000,7060047060,0,train
hysets_06297480,7060047060,0,train
hysets_06298480,7060047060,0,train
hysets_06298490,7060047060,0,train
hysets_06299480,7060047060,0,train
hysets_06299490,7060047060,0,train
hysets_06299500,7060047060,0,train
hysets_06300500,7060047060,0,train
hysets_06300900,7060047060,0,train
hysets_06301000,7060047060,0,train
hysets_06301480,7060047060,0,train
hysets_06301485,7060047060,0,train
hysets_06301490,7060047060,0,train
hysets_06301850,7060047060,0,train
hysets_06303000,7060047060,0,train
hysets_06306100,7060047060,0,train
hysets_06306300,7060047060,0,train
hysets_06307525,7060047060,0,train
hysets_06307528,7060047060,0,train
hysets_06307560,7060047060,0,train
hysets_06307600,7060047060,0,train
hysets_06307717,7060047060,0,train
hysets_06307740,7060047060,0,train
hysets_06307990,7060047060,0,train
hysets_06308400,7060047060,0,train
hysets_06309075,7060047060,0,train
hysets_06309200,7060047060,0,train
hysets_06309260,7060047060,0,train
hysets_06309270,7060047060,0,train
hysets_06309280,7060047060,0,train
hysets_06309450,7060047060,0,train
hysets_06309460,7060047060,0,train
hysets_06311000,7060047060,0,train
hysets_06311500,7060047060,0,train
hysets_06313000,7060047060,0,train
hysets_06313180,7060047060,0,train
hysets_06313400,7060047060,0,train
hysets_06313950,7060047060,0,train
hysets_06314000,7060047060,0,train
hysets_06314500,7060047060,0,train
hysets_06315480,7060047060,0,train
hysets_06315490,7060047060,0,train
hysets_06315500,7060047060,0,train
hysets_06317300,7060047060,0,train
hysets_06317340,7060047060,0,train
hysets_06319470,7060047060,0,train
hysets_06319480,7060047060,0,train
hysets_06319500,7060047060,0,train
hysets_06320200,7060047060,0,train
hysets_06321100,7060047060,0,train
hysets_06321500,7060047060,0,train
hysets_06324500,7060047060,0,train
hysets_06324710,7060047060,0,train
hysets_06325500,7060047060,0,train
hysets_06326300,7060047060,0,train
hysets_06326500,7060047060,0,train
hysets_06326555,7060047060,0,train
hysets_06326600,7060047060,0,train
hysets_06326850,7060047060,0,train
hysets_06326952,7060047060,0,train
hysets_06327450,7060047060,0,train
hysets_06327500,7060047060,0,train
hysets_06328200,7060047060,0,train
hysets_06329200,7060047060,0,train
hysets_06329500,7060047060,0,train
hysets_06329597,7060047060,0,train
hysets_06331500,7060047060,0,train
hysets_06331680,7060047060,0,train
hysets_06331850,7060047060,0,train
hysets_06332515,7060047060,0,train
hysets_06332770,7060047060,0,train
hysets_06334000,7060047060,0,train
hysets_06334500,7060047060,0,train
hysets_06334630,7060047060,0,train
hysets_06335000,7060047060,0,train
hysets_06335500,7060047060,0,train
hysets_06335750,7060047060,0,train
hysets_06336000,7060047060,0,train
hysets_06336447,7060047060,0,train
hysets_06336500,7060047060,0,train
hysets_06336600,7060047060,0,train
hysets_06337000,7060047060,0,train
hysets_06339100,7060047060,0,train
hysets_06339180,7060047060,0,train
hysets_06339300,7060047060,0,train
hysets_06339500,7060047060,0,train
hysets_06339560,7060047060,0,train
hysets_06339900,7060047060,0,train
hysets_06340200,7060047060,0,train
hysets_06340500,7060047060,0,train
hysets_06340520,7060047060,0,train
hysets_06340524,7060047060,0,train
hysets_06340528,7060047060,0,train
hysets_06340536,7060047060,0,train
hysets_06340540,7060047060,0,train
hysets_06340780,7060047060,0,train
hysets_06340890,7060047060,0,train
hysets_06342040,7060047060,0,train
hysets_06342100,7060047060,0,train
hysets_06342200,7060047060,0,train
hysets_06342230,7060047060,0,train
hysets_06342450,7060047060,0,train
hysets_06342850,7060047060,0,train
hysets_06342900,7060047060,0,train
hysets_06342970,7060047060,0,train
hysets_06343000,7060047060,0,train
hysets_06344300,7060047060,0,train
hysets_06344600,7060047060,0,train
hysets_06344610,7060047060,0,train
hysets_06345000,7060047060,0,train
hysets_06347000,7060047060,0,train
hysets_06347100,7060047060,0,train
hysets_06347500,7060047060,0,train
hysets_06349580,7060047060,0,train
hysets_06349590,7060047060,0,train
hysets_06349600,7060047060,0,train
hysets_06349900,7060047060,0,train
hysets_06349930,7060047060,0,train
hysets_06350000,7060047060,0,train
hysets_06351000,7060047060,0,train
hysets_06351200,7060047060,0,train
hysets_06351680,7060047060,0,train
hysets_06352000,7060047060,0,train
hysets_06352300,7060047060,0,train
hysets_06352500,7060047060,0,train
hysets_06353000,7060047060,0,train
hysets_06354000,7060047060,0,train
hysets_06354500,7060047060,0,train
hysets_06354580,7060047060,0,train
hysets_06354825,7060047060,0,train
hysets_06354882,7060047060,0,train
hysets_06356000,7060047060,0,train
hysets_06356500,7060047060,0,train
hysets_06359000,7060047060,0,train
hysets_06359500,7060047060,0,train
hysets_06360000,7060047060,0,train
hysets_06360500,7060047060,0,train
hysets_06361000,7060047060,0,train
hysets_06364700,7060047060,0,train
hysets_06365300,7060047060,0,train
hysets_06376300,7060047060,0,train
hysets_06400497,7060047060,0,train
hysets_06400875,7060047060,0,train
hysets_06402990,7060047060,0,train
hysets_06402995,7060047060,0,train
hysets_06404000,7060047060,0,train
hysets_06404800,7060047060,0,train
hysets_06404998,7060047060,0,train
hysets_06405000,7060047060,0,train
hysets_06405500,7060047060,0,train
hysets_06405800,7060047060,0,train
hysets_06406000,7060047060,0,train
hysets_06406920,7060047060,0,train
hysets_06408700,7060047060,0,train
hysets_06408860,7060047060,0,train
hysets_06409000,7060047060,0,train
hysets_06413200,7060047060,0,train
hysets_06413650,7060047060,0,train
hysets_06413800,7060047060,0,train
hysets_06422500,7060047060,0,train
hysets_06423010,7060047060,0,train
hysets_06424000,7060047060,0,train
hysets_06425720,7060047060,0,train
hysets_06425750,7060047060,0,train
hysets_06425780,7060047060,0,train
hysets_06425900,7060047060,0,train
hysets_06426100,7060047060,0,train
hysets_06426400,7060047060,0,train
hysets_06428000,7060047060,0,train
hysets_06429905,7060047060,0,train
hysets_06430850,7060047060,0,train
hysets_06430898,7060047060,0,train
hysets_06436156,7060047060,0,train
hysets_06436165,7060047060,0,train
hysets_06436170,7060047060,0,train
hysets_06436180,7060047060,0,train
hysets_06436190,7060047060,0,train
hysets_06436198,7060047060,0,train
hysets_06436500,7060047060,0,train
hysets_06436700,7060047060,0,train
hysets_06437020,7060047060,0,train
hysets_06437200,7060047060,0,train
hysets_06437400,7060047060,0,train
hysets_06437500,7060047060,0,train
hysets_06439000,7060047060,0,train
hysets_06440200,7060047060,0,train
hysets_06441000,7060047060,0,train
hysets_06441500,7060047060,0,train
hysets_06442000,7060047060,0,train
hysets_06442500,7060047060,0,train
hysets_06442718,7060047060,0,train
hysets_06442900,7060047060,0,train
hysets_06444000,7060047060,0,train
hysets_06445000,7060047060,0,train
hysets_06445590,7060047060,0,train
hysets_06445685,7060047060,0,train
hysets_06445700,7060047060,0,train
hysets_06445980,7060047060,0,train
hysets_06446000,7060047060,0,train
hysets_06446100,7060047060,0,train
hysets_06446500,7060047060,0,train
hysets_06447000,7060047060,0,train
hysets_06447230,7060047060,0,train
hysets_06447450,7060047060,0,train
hysets_06447500,7060047060,0,train
hysets_06448000,7060047060,0,train
hysets_06452000,7060047060,0,train
hysets_06452320,7060047060,0,train
hysets_06453255,7060047060,0,train
hysets_06453500,7060047060,0,train
hysets_06453600,7060047060,0,train
hysets_06459175,7060047060,0,train
hysets_06459200,7060047060,0,train
hysets_06460900,7060047060,0,train
hysets_06463500,7060047060,0,train
hysets_06464000,7060047060,0,train
hysets_06464100,7060047060,0,train
hysets_06464500,7060047060,0,train
hysets_06464900,7060047060,0,train
hysets_06465310,7060047060,0,train
hysets_06465440,7060047060,0,train
hysets_06465680,7060047060,0,train
hysets_06466500,7060047060,0,train
hysets_06467600,7060047060,0,train
hysets_06467900,7060047060,0,train
hysets_06468000,7060047060,0,train
hysets_06468170,7060047060,0,train
hysets_06468250,7060047060,0,train
hysets_06468500,7060047060,0,train
hysets_06469400,7060047060,0,train
hysets_06469500,7060047060,0,train
hysets_06471200,7060047060,0,train
hysets_06472000,7060047060,0,train
hysets_06472500,7060047060,0,train
hysets_06473000,7060047060,0,train
hysets_06473500,7060047060,0,train
hysets_06473700,7060047060,0,train
hysets_06474000,7060047060,0,train
hysets_06474300,7060047060,0,train
hysets_06475000,7060047060,0,train
hysets_06476000,7060047060,0,train
hysets_06476500,7060047060,0,train
hysets_06477000,7060047060,0,train
hysets_06477150,7060047060,0,train
hysets_06477500,7060047060,0,train
hysets_06478000,7060047060,0,train
hysets_06478052,7060047060,0,train
hysets_06478390,7060047060,0,train
hysets_06478420,7060047060,0,train
hysets_06478500,7060047060,0,train
hysets_06478513,7060047060,0,train
hysets_06478514,7060047060,0,train
hysets_06478518,7060047060,0,train
hysets_06478535,7060047060,0,train
hysets_06478540,7060047060,0,train
hysets_06478690,7060047060,0,train
hysets_06479215,7060047060,0,train
hysets_06479515,7060047060,0,train
hysets_06479529,7060047060,0,train
hysets_06479640,7060047060,0,train
hysets_06479910,7060047060,0,train
hysets_06479928,7060047060,0,train
hysets_06479980,7060047060,0,train
hysets_06480400,7060047060,0,train
hysets_06480650,7060047060,0,train
hysets_06481500,7060047060,0,train
hysets_06482610,7060047060,0,train
hysets_06482848,7060047060,0,train
hysets_06483270,7060047060,0,train
hysets_06483290,7060047060,0,train
hysets_06483500,7060047060,0,train
hysets_06484000,7060047060,0,train
hysets_06485500,7060047060,0,train
hysets_06485696,7060047060,0,train
hysets_06599900,7060047060,0,train
hysets_06600000,7060047060,0,train
hysets_06600100,7060047060,0,train
hysets_06600500,7060047060,0,train
hysets_06600900,7060047060,0,train
hysets_06601000,7060047060,0,train
hysets_06601100,7060047060,0,train
hysets_06602020,7060047060,0,train
hysets_06603000,7060047060,0,train
hysets_06603500,7060047060,0,train
hysets_06604100,7060047060,0,train
hysets_06604400,7060047060,0,train
hysets_06604440,7060047060,0,train
hysets_06605000,7060047060,0,train
hysets_06605600,7060047060,0,train
hysets_06605850,7060047060,0,train
hysets_06606600,7060047060,0,train
hysets_06606700,7060047060,0,train
hysets_06607000,7060047060,0,train
hysets_06607200,7060047060,0,train
hysets_06607500,7060047060,0,train
hysets_06608000,7060047060,0,train
hysets_06608500,7060047060,0,train
hysets_06609000,7060047060,0,train
hysets_06609200,7060047060,0,train
hysets_06609500,7060047060,0,train
hysets_06609590,7060047060,0,train
hysets_06609600,7060047060,0,train
hysets_06610520,7060047060,0,train
hysets_06610732,7060047060,0,train
hysets_06610770,7060047060,0,train
hysets_06610788,7060047060,0,train
hysets_06611000,7060047060,0,train
hysets_06611700,7060047060,0,train
hysets_06614800,7060047060,0,train
hysets_06615000,7060047060,0,train
hysets_06616000,7060047060,0,train
hysets_06619415,7060047060,0,train
hysets_06619420,7060047060,0,train
hysets_06620400,7060047060,0,train
hysets_06622700,7060047060,0,train
hysets_06623800,7060047060,0,train
hysets_06623900,7060047060,0,train
hysets_06627300,7060047060,0,train
hysets_06627600,7060047060,0,train
hysets_06628700,7060047060,0,train
hysets_06628750,7060047060,0,train
hysets_06628800,7060047060,0,train
hysets_06630300,7060047060,0,train
hysets_06630330,7060047060,0,train
hysets_06630480,7060047060,0,train
hysets_06634600,7060047060,0,train
hysets_06634990,7060047060,0,train
hysets_06637550,7060047060,0,train
hysets_06637600,7060047060,0,train
hysets_06637700,7060047060,0,train
hysets_06637750,7060047060,0,train
hysets_06637800,7060047060,0,train
hysets_06642650,7060047060,0,train
hysets_06644000,7060047060,0,train
hysets_06645150,7060047060,0,train
hysets_06645160,7060047060,0,train
hysets_06645161,7060047060,0,train
hysets_06645164,7060047060,0,train
hysets_06645166,7060047060,0,train
hysets_06645174,7060047060,0,train
hysets_06646280,7060047060,0,train
hysets_06646300,7060047060,0,train
hysets_06647800,7060047060,0,train
hysets_06647810,7060047060,0,train
hysets_06647890,7060047060,0,train
hysets_06647900,7060047060,0,train
hysets_06650500,7060047060,0,train
hysets_06653100,7060047060,0,train
hysets_06654510,7060047060,0,train
hysets_06654520,7060047060,0,train
hysets_06654550,7060047060,0,train
hysets_06655000,7060047060,0,train
hysets_06664490,7060047060,0,train
hysets_06664900,7060047060,0,train
hysets_06666500,7060047060,0,train
hysets_06667060,7060047060,0,train
hysets_06667200,7060047060,0,train
hysets_06668200,7060047060,0,train
hysets_06669100,7060047060,0,train
hysets_06669850,7060047060,0,train
hysets_06681500,7060047060,0,train
hysets_06694400,7060047060,0,train
hysets_06694700,7060047060,0,train
hysets_06696980,7060047060,0,train
hysets_06697200,7060047060,0,train
hysets_06697450,7060047060,0,train
hysets_06698000,7060047060,0,train
hysets_06699005,7060047060,0,train
hysets_06700500,7060047060,0,train
hysets_06701620,7060047060,0,train
hysets_06701700,7060047060,0,train
hysets_06701970,7060047060,0,train
hysets_06706600,7060047060,0,train
hysets_06708800,7060047060,0,train
hysets_06709000,7060047060,0,train
hysets_06709500,7060047060,0,train
hysets_06709530,7060047060,0,train
hysets_06710150,7060047060,0,train
hysets_06710245,7060047060,0,train
hysets_06710385,7060047060,0,train
hysets_06710500,7060047060,0,train
hysets_06710992,7060047060,0,train
hysets_06712000,7060047060,0,train
hysets_06712500,7060047060,0,train
hysets_06714400,7060047060,0,train
hysets_06717400,7060047060,0,train
hysets_06718000,7060047060,0,train
hysets_06718300,7060047060,0,train
hysets_06718500,7060047060,0,train
hysets_06718550,7060047060,0,train
hysets_06719505,7060047060,0,train
hysets_06719725,7060047060,0,train
hysets_06720780,7060047060,0,train
hysets_06721500,7060047060,0,train
hysets_06722000,7060047060,0,train
hysets_06722500,7060047060,0,train
hysets_06722900,7060047060,0,train
hysets_06723400,7060047060,0,train
hysets_06724000,7060047060,0,train
hysets_06724500,7060047060,0,train
hysets_06725100,7060047060,0,train
hysets_06725500,7060047060,0,train
hysets_06726900,7060047060,0,train
hysets_06727500,7060047060,0,train
hysets_06729300,7060047060,0,train
hysets_06730300,7060047060,0,train
hysets_06731800,7060047060,0,train
hysets_06732000,7060047060,0,train
hysets_06732300,7060047060,0,train
hysets_06734500,7060047060,0,train
hysets_06736000,7060047060,0,train
hysets_06739500,7060047060,0,train
hysets_06741000,7060047060,0,train
hysets_06743500,7060047060,0,train
hysets_06746100,7060047060,0,train
hysets_06748200,7060047060,0,train
hysets_06748510,7060047060,0,train
hysets_06748530,7060047060,0,train
hysets_06748600,7060047060,0,train
hysets_06753400,7060047060,0,train
hysets_06753990,7060047060,0,train
hysets_06755000,7060047060,0,train
hysets_06755800,7060047060,0,train
hysets_06755840,7060047060,0,train
hysets_06755860,7060047060,0,train
hysets_06755880,7060047060,0,train
hysets_06755950,7060047060,0,train
hysets_06756500,7060047060,0,train
hysets_06757600,7060047060,0,train
hysets_06758100,7060047060,0,train
hysets_06758300,7060047060,0,train
hysets_06759000,7060047060,0,train
hysets_06771000,7060047060,0,train
hysets_06772000,7060047060,0,train
hysets_06777000,7060047060,0,train
hysets_06782000,7060047060,0,train
hysets_06782500,7060047060,0,train
hysets_06783500,7060047060,0,train
hysets_06784000,7060047060,0,train
hysets_06784500,7060047060,0,train
hysets_06784800,7060047060,0,train
hysets_06785500,7060047060,0,train
hysets_06787000,7060047060,0,train
hysets_06788988,7060047060,0,train
hysets_06791500,7060047060,0,train
hysets_06791750,7060047060,0,train
hysets_06791800,7060047060,0,train
hysets_06792000,7060047060,0,train
hysets_06794000,7060047060,0,train
hysets_06795500,7060047060,0,train
hysets_06796973,7060047060,0,train
hysets_06797500,7060047060,0,train
hysets_06798000,7060047060,0,train
hysets_06798300,7060047060,0,train
hysets_06798500,7060047060,0,train
hysets_06798800,7060047060,0,train
hysets_06799000,7060047060,0,train
hysets_06799080,7060047060,0,train
hysets_06799100,7060047060,0,train
hysets_06799230,7060047060,0,train
hysets_06799350,7060047060,0,train
hysets_06799385,7060047060,0,train
hysets_06799450,7060047060,0,train
hysets_06799500,7060047060,0,train
hysets_06800000,7060047060,0,train
hysets_06800500,7060047060,0,train
hysets_06801180,7060047060,0,train
hysets_06803450,7060047060,0,train
hysets_06803510,7060047060,0,train
hysets_06803520,7060047060,0,train
hysets_06803530,7060047060,0,train
hysets_06804000,7060047060,0,train
hysets_06804500,7060047060,0,train
hysets_06804700,7060047060,0,train
hysets_06804900,7060047060,0,train
hysets_06805000,7060047060,0,train
hysets_06806000,7060047060,0,train
hysets_06806500,7060047060,0,train
hysets_06807320,7060047060,0,train
hysets_06807410,7060047060,0,train
hysets_06808000,7060047060,0,train
hysets_06808200,7060047060,0,train
hysets_06808500,7060047060,0,train
hysets_06809000,7060047060,0,train
hysets_06809210,7060047060,0,train
hysets_06809500,7060047060,0,train
hysets_06809900,7060047060,0,train
hysets_06810000,7060047060,0,train
hysets_06810500,7060047060,0,train
hysets_06811000,7060047060,0,train
hysets_06811500,7060047060,0,train
hysets_06811840,7060047060,0,train
hysets_06813000,7060047060,0,train
hysets_06814000,7060047060,0,train
hysets_06814500,7060047060,0,train
hysets_06815000,7060047060,0,train
hysets_06815500,7060047060,0,train
hysets_06815555,7060047060,0,train
hysets_06815575,7060047060,0,train
hysets_06815600,7060047060,0,train
hysets_06816000,7060047060,0,train
hysets_06817000,7060047060,0,train
hysets_06817500,7060047060,0,train
hysets_06817700,7060047060,0,train
hysets_06818200,7060047060,0,train
hysets_06818498,7060047060,0,train
hysets_06818750,7060047060,0,train
hysets_06818900,7060047060,0,train
hysets_06819185,7060047060,0,train
hysets_06819190,7060047060,0,train
hysets_06820000,7060047060,0,train
hysets_06820410,7060047060,0,train
hysets_06820500,7060047060,0,train
hysets_06821000,7060047060,0,train
hysets_06821065,7060047060,0,train
hysets_06821080,7060047060,0,train
hysets_06821190,7060047060,0,train
hysets_06821280,7060047060,0,train
hysets_06823500,7060047060,0,train
hysets_06825000,7060047060,0,train
hysets_06825500,7060047060,0,train
hysets_06827000,7060047060,0,train
hysets_06828490,7060047060,0,train
hysets_06835000,7060047060,0,train
hysets_06836500,7060047060,0,train
hysets_06837300,7060047060,0,train
hysets_06839000,7060047060,0,train
hysets_06840000,7060047060,0,train
hysets_06840500,7060047060,0,train
hysets_06841000,7060047060,0,train
hysets_06841500,7060047060,0,train
hysets_06844000,7060047060,0,train
hysets_06844210,7060047060,0,train
hysets_06844900,7060047060,0,train
hysets_06845000,7060047060,0,train
hysets_06845110,7060047060,0,train
hysets_06845200,7060047060,0,train
hysets_06846000,7060047060,0,train
hysets_06846300,7060047060,0,train
hysets_06846500,7060047060,0,train
hysets_06847000,7060047060,0,train
hysets_06847500,7060047060,0,train
hysets_06847900,7060047060,0,train
hysets_06850000,7060047060,0,train
hysets_06850200,7060047060,0,train
hysets_06851000,7060047060,0,train
hysets_06851500,7060047060,0,train
hysets_06853100,7060047060,0,train
hysets_06853800,7060047060,0,train
hysets_06855800,7060047060,0,train
hysets_06855900,7060047060,0,train
hysets_06858500,7060047060,0,train
hysets_06859500,7060047060,0,train
hysets_06860000,7060047060,0,train
hysets_06860500,7060047060,0,train
hysets_06861000,7060047060,0,train
hysets_06862500,7060047060,0,train
hysets_06863300,7060047060,0,train
hysets_06863500,7060047060,0,train
hysets_06863900,7060047060,0,train
hysets_06863990,7060047060,0,train
hysets_06867000,7060047060,0,train
hysets_06867500,7060047060,0,train
hysets_06868000,7060047060,0,train
hysets_06868400,7060047060,0,train
hysets_06868500,7060047060,0,train
hysets_06868700,7060047060,0,train
hysets_06869950,7060047060,0,train
hysets_06870300,7060047060,0,train
hysets_06871000,7060047060,0,train
hysets_06871500,7060047060,0,train
hysets_06871900,7060047060,0,train
hysets_06872300,7060047060,0,train
hysets_06873000,7060047060,0,train
hysets_06873500,7060047060,0,train
hysets_06873700,7060047060,0,train
hysets_06875800,7060047060,0,train
hysets_06876440,7060047060,0,train
hysets_06876700,7060047060,0,train
hysets_06877500,7060047060,0,train
hysets_06878000,7060047060,0,train
hysets_06878500,7060047060,0,train
hysets_06879000,7060047060,0,train
hysets_06879200,7060047060,0,train
hysets_06879650,7060047060,0,train
hysets_06879900,7060047060,0,train
hysets_06880000,7060047060,0,train
hysets_06880500,7060047060,0,train
hysets_06880800,7060047060,0,train
hysets_06881000,7060047060,0,train
hysets_06881200,7060047060,0,train
hysets_06881500,7060047060,0,train
hysets_06882000,7060047060,0,train
hysets_06882510,7060047060,0,train
hysets_06882900,7060047060,0,train
hysets_06883000,7060047060,0,train
hysets_06883570,7060047060,0,train
hysets_06883940,7060047060,0,train
hysets_06884000,7060047060,0,train
hysets_06884025,7060047060,0,train
hysets_06884200,7060047060,0,train
hysets_06884400,7060047060,0,train
hysets_06884500,7060047060,0,train
hysets_06885000,7060047060,0,train
hysets_06885500,7060047060,0,train
hysets_06886000,7060047060,0,train
hysets_06888000,7060047060,0,train
hysets_06888300,7060047060,0,train
hysets_06888345,7060047060,0,train
hysets_06888500,7060047060,0,train
hysets_06888925,7060047060,0,train
hysets_06889100,7060047060,0,train
hysets_06889120,7060047060,0,train
hysets_06889140,7060047060,0,train
hysets_06889160,7060047060,0,train
hysets_06889170,7060047060,0,train
hysets_06889180,7060047060,0,train
hysets_06889200,7060047060,0,train
hysets_06889500,7060047060,0,train
hysets_06889580,7060047060,0,train
hysets_06889635,7060047060,0,train
hysets_06889640,7060047060,0,train
hysets_06889690,7060047060,0,train
hysets_06889700,7060047060,0,train
hysets_06890100,7060047060,0,train
hysets_06890400,7060047060,0,train
hysets_06890500,7060047060,0,train
hysets_06890600,7060047060,0,train
hysets_06891260,7060047060,0,train
hysets_06891486,7060047060,0,train
hysets_06891488,7060047060,0,train
hysets_06891490,7060047060,0,train
hysets_06891810,7060047060,0,train
hysets_06892000,7060047060,0,train
hysets_06892360,7060047060,0,train
hysets_06892490,7060047060,0,train
hysets_06892513,7060047060,0,train
hysets_06893080,7060047060,0,train
hysets_06893100,7060047060,0,train
hysets_06893150,7060047060,0,train
hysets_06893300,7060047060,0,train
hysets_06893390,7060047060,0,train
hysets_06893500,7060047060,0,train
hysets_06893557,7060047060,0,train
hysets_06893564,7060047060,0,train
hysets_06893578,7060047060,0,train
hysets_06893600,7060047060,0,train
hysets_06893620,7060047060,0,train
hysets_06893670,7060047060,0,train
hysets_06893790,7060047060,0,train
hysets_06893820,7060047060,0,train
hysets_06893830,7060047060,0,train
hysets_06893890,7060047060,0,train
hysets_06893970,7060047060,0,train
hysets_06894000,7060047060,0,train
hysets_06894200,7060047060,0,train
hysets_06894680,7060047060,0,train
hysets_06895000,7060047060,0,train
hysets_06896000,7060047060,0,train
hysets_06896500,7060047060,0,train
hysets_06897000,7060047060,0,train
hysets_06897500,7060047060,0,train
hysets_06897950,7060047060,0,train
hysets_06898000,7060047060,0,train
hysets_06898100,7060047060,0,train
hysets_06898400,7060047060,0,train
hysets_06898500,7060047060,0,train
hysets_06899000,7060047060,0,train
hysets_06899500,7060047060,0,train
hysets_06899700,7060047060,0,train
hysets_06900000,7060047060,0,train
hysets_06900050,7060047060,0,train
hysets_06901500,7060047060,0,train
hysets_06902000,7060047060,0,train
hysets_06902500,7060047060,0,train
hysets_06903400,7060047060,0,train
hysets_06903500,7060047060,0,train
hysets_06903700,7060047060,0,train
hysets_06904000,7060047060,0,train
hysets_06906000,7060047060,0,train
hysets_06906150,7060047060,0,train
hysets_06906700,7060047060,0,train
hysets_06906800,7060047060,0,train
hysets_06907000,7060047060,0,train
hysets_06907500,7060047060,0,train
hysets_06908000,7060047060,0,train
hysets_06908500,7060047060,0,train
hysets_06909500,7060047060,0,train
hysets_06910000,7060047060,0,train
hysets_06910230,7060047060,0,train
hysets_06910410,7060047060,0,train
hysets_06910750,7060047060,0,train
hysets_06910800,7060047060,0,train
hysets_06911400,7060047060,0,train
hysets_06911490,7060047060,0,train
hysets_06911500,7060047060,0,train
hysets_06911900,7060047060,0,train
hysets_06912000,7060047060,0,train
hysets_06914000,7060047060,0,train
hysets_06914100,7060047060,0,train
hysets_06914500,7060047060,0,train
hysets_06914950,7060047060,0,train
hysets_06914960,7060047060,0,train
hysets_06915977,7060047060,0,train
hysets_06916000,7060047060,0,train
hysets_06916500,7060047060,0,train
hysets_06916675,7060047060,0,train
hysets_06917000,7060047060,0,train
hysets_06917060,7060047060,0,train
hysets_06917240,7060047060,0,train
hysets_06917380,7060047060,0,train
hysets_06917500,7060047060,0,train
hysets_06917560,7060047060,0,train
hysets_06917680,7060047060,0,train
hysets_06918060,7060047060,0,train
hysets_06918065,7060047060,0,train
hysets_06918070,7060047060,0,train
hysets_06918440,7060047060,0,train
hysets_06918460,7060047060,0,train
hysets_06918493,7060047060,0,train
hysets_06918700,7060047060,0,train
hysets_06918740,7060047060,0,train
hysets_06918800,7060047060,0,train
hysets_06919500,7060047060,0,train
hysets_06919950,7060047060,0,train
hysets_06920500,7060047060,0,train
hysets_06921000,7060047060,0,train
hysets_06921070,7060047060,0,train
hysets_06921200,7060047060,0,train
hysets_06921590,7060047060,0,train
hysets_06921720,7060047060,0,train
hysets_06921740,7060047060,0,train
hysets_06921760,7060047060,0,train
hysets_06922000,7060047060,0,train
hysets_06922800,7060047060,0,train
hysets_06923000,7060047060,0,train
hysets_06923150,7060047060,0,train
hysets_06923250,7060047060,0,train
hysets_06923950,7060047060,0,train
hysets_06924000,7060047060,0,train
hysets_06925200,7060047060,0,train
hysets_06926200,7060047060,0,train
hysets_06927000,7060047060,0,train
hysets_06927200,7060047060,0,train
hysets_06927240,7060047060,0,train
hysets_06927800,7060047060,0,train
hysets_06928000,7060047060,0,train
hysets_06928300,7060047060,0,train
hysets_06928420,7060047060,0,train
hysets_06928430,7060047060,0,train
hysets_06928500,7060047060,0,train
hysets_06928700,7060047060,0,train
hysets_06929315,7060047060,0,train
hysets_06930000,7060047060,0,train
hysets_06930060,7060047060,0,train
hysets_06931500,7060047060,0,train
hysets_06932000,7060047060,0,train
hysets_06933500,7060047060,0,train
hysets_06934000,7060047060,0,train
hysets_06935000,7060047060,0,train
hysets_06935500,7060047060,0,train
hysets_06935755,7060047060,0,train
hysets_06935770,7060047060,0,train
hysets_06935830,7060047060,0,train
hysets_06935850,7060047060,0,train
hysets_06935890,7060047060,0,train
hysets_06935955,7060047060,0,train
hysets_06935980,7060047060,0,train
hysets_06935997,7060047060,0,train
hysets_06936200,7060047060,0,train
hysets_06936475,7060047060,0,train
hysets_06936500,7060047060,0,train
hysets_06AA001,7060021740,4,train
hysets_06AA002,7060021740,4,train
hysets_06AB001,7060021740,4,train
hysets_06AB002,7060021740,4,train
hysets_06AB003,7060021740,4,train
hysets_06AC001,7060021740,4,train
hysets_06AC006,7060021740,4,train
hysets_06AD001,7060021740,4,train
hysets_06AD006,7060021740,4,train
hysets_06AD008,7060021740,4,train
hysets_06AD010,7060021740,4,train
hysets_06AD011,7060021740,4,train
hysets_06AF001,7060021740,4,train
hysets_06AF005,7060021740,4,train
hysets_06AG001,7060021740,4,train
hysets_06AG002,7060021740,4,train
hysets_06BA002,7060021740,4,train
hysets_06BB003,7060021740,4,train
hysets_06BB004,7060021740,4,train
hysets_06BB005,7060021740,4,train
hysets_06BD001,7060021740,4,train
hysets_06CD002,7060021740,4,train
hysets_06DA002,7060021740,4,train
hysets_06DA004,7060021740,4,train
hysets_06DA005,7060021740,4,train
hysets_06DC001,7060021740,4,train
hysets_06FA001,7060021740,4,train
hysets_06FB002,7060021740,4,train
hysets_06FC001,7060021740,4,train
hysets_06FD002,7060021740,4,train
hysets_06GD001,7060021620,3,train
hysets_06HB002,8060018970,2,val
hysets_06JC002,8060018120,2,train
hysets_06KC003,8060018120,2,train
hysets_06LA001,8060018120,2,train
hysets_06LC001,8060018120,2,train
hysets_06LC003,8060018120,2,train
hysets_06MA006,8060018120,2,train
hysets_06OA007,8060017300,3,train
hysets_07001910,7060047060,0,train
hysets_07001985,7060047060,0,train
hysets_07005000,7060047060,0,train
hysets_07010022,7060047060,0,train
hysets_07010030,7060047060,0,train
hysets_07010035,7060047060,0,train
hysets_07010044,7060047060,0,train
hysets_07010055,7060047060,0,train
hysets_07010061,7060047060,0,train
hysets_07010070,7060047060,0,train
hysets_07010075,7060047060,0,train
hysets_07010082,7060047060,0,train
hysets_07010086,7060047060,0,train
hysets_07010090,7060047060,0,train
hysets_07010094,7060047060,0,train
hysets_07010097,7060047060,0,train
hysets_07010155,7060047060,0,train
hysets_07010180,7060047060,0,train
hysets_07010208,7060047060,0,train
hysets_07010350,7060047060,0,train
hysets_07011500,7060047060,0,train
hysets_07012000,7060047060,0,train
hysets_07013000,7060047060,0,train
hysets_07014000,7060047060,0,train
hysets_07014500,7060047060,0,train
hysets_07015000,7060047060,0,train
hysets_07015720,7060047060,0,train
hysets_07016000,7060047060,0,train
hysets_07016500,7060047060,0,train
hysets_07017115,7060047060,0,train
hysets_07017200,7060047060,0,train
hysets_07017500,7060047060,0,train
hysets_07018000,7060047060,0,train
hysets_07018100,7060047060,0,train
hysets_07018500,7060047060,0,train
hysets_07019000,7060047060,0,train
hysets_07019072,7060047060,0,train
hysets_07019090,7060047060,0,train
hysets_07019120,7060047060,0,train
hysets_07019150,7060047060,0,train
hysets_07019175,7060047060,0,train
hysets_07019185,7060047060,0,train
hysets_07019195,7060047060,0,train
hysets_07019220,7060047060,0,train
hysets_07019317,7060047060,0,train
hysets_07019690,7060047060,0,train
hysets_07019790,7060047060,0,train
hysets_07020270,7060047060,0,train
hysets_07020550,7060047060,0,train
hysets_07022500,7060047060,0,train
hysets_07023000,7060047060,0,train
hysets_07023500,7060047060,0,train
hysets_07024000,7060047060,0,train
hysets_07024200,7060047060,0,train
hysets_07024300,7060047060,0,train
hysets_07024500,7060047060,0,train
hysets_07024900,7060047060,0,train
hysets_07025000,7060047060,0,train
hysets_07025400,7060047060,0,train
hysets_07025500,7060047060,0,train
hysets_07026000,7060047060,0,train
hysets_07026040,7060047060,0,train
hysets_07026300,7060047060,0,train
hysets_07026370,7060047060,0,train
hysets_07026400,7060047060,0,train
hysets_07026500,7060047060,0,train
hysets_07027010,7060047060,0,train
hysets_07027500,7060047060,0,train
hysets_07027720,7060047060,0,train
hysets_07027800,7060047060,0,train
hysets_07028000,7060047060,0,train
hysets_07028100,7060047060,0,train
hysets_07028930,7060047060,0,train
hysets_07028960,7060047060,0,train
hysets_07029000,7060047060,0,train
hysets_07029035,7060047060,0,train
hysets_07029100,7060047060,0,train
hysets_07029270,7060047060,0,train
hysets_07029300,7060047060,0,train
hysets_07029380,7060047060,0,train
hysets_07029400,7060047060,0,train
hysets_07029500,7060047060,0,train
hysets_07030000,7060047060,0,train
hysets_07030050,7060047060,0,train
hysets_07030100,7060047060,0,train
hysets_07030137,7060047060,0,train
hysets_07030240,7060047060,0,train
hysets_07030245,7060047060,0,train
hysets_07030280,7060047060,0,train
hysets_07030295,7060047060,0,train
hysets_07030392,7060047060,0,train
hysets_07030500,7060047060,0,train
hysets_07031500,7060047060,0,train
hysets_07031650,7060047060,0,train
hysets_07031660,7060047060,0,train
hysets_07031680,7060047060,0,train
hysets_07031683,7060047060,0,train
hysets_07031685,7060047060,0,train
hysets_07031692,7060047060,0,train
hysets_07031700,7060047060,0,train
hysets_07031740,7060047060,0,train
hysets_07031777,7060047060,0,train
hysets_07032200,7060047060,0,train
hysets_07032222,7060047060,0,train
hysets_07032224,7060047060,0,train
hysets_07032248,7060047060,0,train
hysets_07032260,7060047060,0,train
hysets_07033800,7060047060,0,train
hysets_07035500,7060047060,0,train
hysets_07035800,7060047060,0,train
hysets_07036100,7060047060,0,train
hysets_07037000,7060047060,0,train
hysets_07037300,7060047060,0,train
hysets_07037500,7060047060,0,train
hysets_07037700,7060047060,0,train
hysets_07047815,7060047060,0,train
hysets_07047882,7060047060,0,train
hysets_07047902,7060047060,0,train
hysets_07047904,7060047060,0,train
hysets_07047942,7060047060,0,train
hysets_07047950,7060047060,0,train
hysets_07048000,7060047060,0,train
hysets_07048480,7060047060,0,train
hysets_07048490,7060047060,0,train
hysets_07048550,7060047060,0,train
hysets_07048800,7060047060,0,train
hysets_07048890,7060047060,0,train
hysets_07049000,7060047060,0,train
hysets_07049563,7060047060,0,train
hysets_07050000,7060047060,0,train
hysets_07050152,7060047060,0,train
hysets_07050500,7060047060,0,train
hysets_07050580,7060047060,0,train
hysets_07050690,7060047060,0,train
hysets_07052000,7060047060,0,train
hysets_07052050,7060047060,0,train
hysets_07052100,7060047060,0,train
hysets_07052120,7060047060,0,train
hysets_07052150,7060047060,0,train
hysets_07052160,7060047060,0,train
hysets_07052345,7060047060,0,train
hysets_07052500,7060047060,0,train
hysets_07052820,7060047060,0,train
hysets_07053000,7060047060,0,train
hysets_07053250,7060047060,0,train
hysets_07053810,7060047060,0,train
hysets_07054080,7060047060,0,train
hysets_07055607,7060047060,0,train
hysets_07055608,7060047060,0,train
hysets_07055646,7060047060,0,train
hysets_07055660,7060047060,0,train
hysets_07055875,7060047060,0,train
hysets_07055893,7060047060,0,train
hysets_07056000,7060047060,0,train
hysets_07056515,7060047060,0,train
hysets_07056700,7060047060,0,train
hysets_07057000,7060047060,0,train
hysets_07057370,7060047060,0,train
hysets_07057500,7060047060,0,train
hysets_07058000,7060047060,0,train
hysets_07060710,7060047060,0,train
hysets_07060892,7060047060,0,train
hysets_07061270,7060047060,0,train
hysets_07061900,7060047060,0,train
hysets_07064300,7060047060,0,train
hysets_07064500,7060047060,0,train
hysets_07064533,7060047060,0,train
hysets_07065200,7060047060,0,train
hysets_07065495,7060047060,0,train
hysets_07066000,7060047060,0,train
hysets_07066500,7060047060,0,train
hysets_07067000,7060047060,0,train
hysets_07068000,7060047060,0,train
hysets_07068250,7060047060,0,train
hysets_07068300,7060047060,0,train
hysets_07068380,7060047060,0,train
hysets_07068510,7060047060,0,train
hysets_07068540,7060047060,0,train
hysets_07068600,7060047060,0,train
hysets_07068863,7060047060,0,train
hysets_07068890,7060047060,0,train
hysets_07069220,7060047060,0,train
hysets_07069305,7060047060,0,train
hysets_07069500,7060047060,0,train
hysets_07070000,7060047060,0,train
hysets_07070500,7060047060,0,train
hysets_07071500,7060047060,0,train
hysets_07072000,7060047060,0,train
hysets_07072500,7060047060,0,train
hysets_07073000,7060047060,0,train
hysets_07073500,7060047060,0,train
hysets_07074000,7060047060,0,train
hysets_07074420,7060047060,0,train
hysets_07074850,7060047060,0,train
hysets_07075000,7060047060,0,train
hysets_07075500,7060047060,0,train
hysets_07076517,7060047060,0,train
hysets_07076620,7060047060,0,train
hysets_07076850,7060047060,0,train
hysets_07077380,7060047060,0,train
hysets_07077652,7060047060,0,train
hysets_07077950,7060047060,0,train
hysets_07077952,7060047060,0,train
hysets_07078000,7060047060,0,train
hysets_07080980,7060047060,0,train
hysets_07083000,7060047060,0,train
hysets_07086500,7060047060,0,train
hysets_07089000,7060047060,0,train
hysets_07091000,7060047060,0,train
hysets_07093740,7060047060,0,train
hysets_07093775,7060047060,0,train
hysets_07094900,7060047060,0,train
hysets_07095000,7060047060,0,train
hysets_07096250,7060047060,0,train
hysets_07096500,7060047060,0,train
hysets_07099080,7060047060,0,train
hysets_07099100,7060047060,0,train
hysets_07099215,7060047060,0,train
hysets_07099220,7060047060,0,train
hysets_07099230,7060047060,0,train
hysets_07099238,7060047060,0,train
hysets_07099990,7060047060,0,train
hysets_07103703,7060047060,0,train
hysets_07103950,7060047060,0,train
hysets_07103960,7060047060,0,train
hysets_07103977,7060047060,0,train
hysets_07103980,7060047060,0,train
hysets_07103985,7060047060,0,train
hysets_07104500,7060047060,0,train
hysets_07105000,7060047060,0,train
hysets_07105490,7060047060,0,train
hysets_07105600,7060047060,0,train
hysets_07105900,7060047060,0,train
hysets_07105920,7060047060,0,train
hysets_07105945,7060047060,0,train
hysets_07106000,7060047060,0,train
hysets_07107900,7060047060,0,train
hysets_07108050,7060047060,0,train
hysets_07108100,7060047060,0,train
hysets_07108500,7060047060,0,train
hysets_07108800,7060047060,0,train
hysets_07110400,7060047060,0,train
hysets_07111000,7060047060,0,train
hysets_07112500,7060047060,0,train
hysets_07114000,7060047060,0,train
hysets_07116000,7060047060,0,train
hysets_07116500,7060047060,0,train
hysets_07119500,7060047060,0,train
hysets_07120620,7060047060,0,train
hysets_07121500,7060047060,0,train
hysets_07122400,7060047060,0,train
hysets_07123675,7060047060,0,train
hysets_07124200,7060047060,0,train
hysets_07124300,7060047060,0,train
hysets_07125000,7060047060,0,train
hysets_07125100,7060047060,0,train
hysets_07125500,7060047060,0,train
hysets_07126000,7060047060,0,train
hysets_07126100,7060047060,0,train
hysets_07126300,7060047060,0,train
hysets_07126325,7060047060,0,train
hysets_07126390,7060047060,0,train
hysets_07126415,7060047060,0,train
hysets_07126470,7060047060,0,train
hysets_07126480,7060047060,0,train
hysets_07128500,7060047060,0,train
hysets_07133050,7060047060,0,train
hysets_07134100,7060047060,0,train
hysets_07138062,7060047060,0,train
hysets_07138065,7060047060,0,train
hysets_07139800,7060047060,0,train
hysets_07140700,7060047060,0,train
hysets_07140900,7060047060,0,train
hysets_07141175,7060047060,0,train
hysets_07141200,7060047060,0,train
hysets_07141770,7060047060,0,train
hysets_07141780,7060047060,0,train
hysets_07141900,7060047060,0,train
hysets_07142015,7060047060,0,train
hysets_07142300,7060047060,0,train
hysets_07142575,7060047060,0,train
hysets_07142860,7060047060,0,train
hysets_07142900,7060047060,0,train
hysets_07143300,7060047060,0,train
hysets_07143310,7060047060,0,train
hysets_07143600,7060047060,0,train
hysets_07143672,7060047060,0,train
hysets_07144000,7060047060,0,train
hysets_07144100,7060047060,0,train
hysets_07144200,7060047060,0,train
hysets_07144300,7060047060,0,train
hysets_07144325,7060047060,0,train
hysets_07144340,7060047060,0,train
hysets_07144480,7060047060,0,train
hysets_07144485,7060047060,0,train
hysets_07144550,7060047060,0,train
hysets_07144660,7060047060,0,train
hysets_07144680,7060047060,0,train
hysets_07144730,7060047060,0,train
hysets_07144780,7060047060,0,train
hysets_07144800,7060047060,0,train
hysets_07144850,7060047060,0,train
hysets_07145200,7060047060,0,train
hysets_07145700,7060047060,0,train
hysets_07146570,7060047060,0,train
hysets_07146990,7060047060,0,train
hysets_07147050,7060047060,0,train
hysets_07147060,7060047060,0,train
hysets_07147100,7060047060,0,train
hysets_07147600,7060047060,0,train
hysets_07148350,7060047060,0,train
hysets_07148400,7060047060,0,train
hysets_07148450,7060047060,0,train
hysets_07149000,7060047060,0,train
hysets_07151500,7060047060,0,train
hysets_07153100,7060047060,0,train
hysets_07155000,7060047060,0,train
hysets_07155590,7060047060,0,train
hysets_07156010,7060047060,0,train
hysets_07156100,7060047060,0,train
hysets_07156220,7060047060,0,train
hysets_07156225,7060047060,0,train
hysets_07157900,7060047060,0,train
hysets_07157940,7060047060,0,train
hysets_07157960,7060047060,0,train
hysets_07158150,7060047060,0,train
hysets_07158400,7060047060,0,train
hysets_07158500,7060047060,0,train
hysets_07159000,7060047060,0,train
hysets_07159200,7060047060,0,train
hysets_07159720,7060047060,0,train
hysets_07163000,7060047060,0,train
hysets_07165550,7060047060,0,train
hysets_07165700,7060047060,0,train
hysets_07165750,7060047060,0,train
hysets_07167000,7060047060,0,train
hysets_07167500,7060047060,0,train
hysets_07169800,7060047060,0,train
hysets_07170000,7060047060,0,train
hysets_07171600,7060047060,0,train
hysets_07172000,7060047060,0,train
hysets_07173300,7060047060,0,train
hysets_07173500,7060047060,0,train
hysets_07174000,7060047060,0,train
hysets_07174200,7060047060,0,train
hysets_07174500,7060047060,0,train
hysets_07174600,7060047060,0,train
hysets_07175000,7060047060,0,train
hysets_07176800,7060047060,0,train
hysets_07177000,7060047060,0,train
hysets_07178035,7060047060,0,train
hysets_07178520,7060047060,0,train
hysets_07179600,7060047060,0,train
hysets_07179710,7060047060,0,train
hysets_07180000,7060047060,0,train
hysets_07180500,7060047060,0,train
hysets_07182400,7060047060,0,train
hysets_07183100,7060047060,0,train
hysets_07184000,7060047060,0,train
hysets_07184220,7060047060,0,train
hysets_07184300,7060047060,0,train
hysets_07184500,7060047060,0,train
hysets_07185100,7060047060,0,train
hysets_07185500,7060047060,0,train
hysets_07185700,7060047060,0,train
hysets_07185765,7060047060,0,train
hysets_07186000,7060047060,0,train
hysets_07186010,7060047060,0,train
hysets_07186040,7060047060,0,train
hysets_07186050,7060047060,0,train
hysets_07186400,7060047060,0,train
hysets_07186475,7060047060,0,train
hysets_07186600,7060047060,0,train
hysets_07186690,7060047060,0,train
hysets_07187000,7060047060,0,train
hysets_07187600,7060047060,0,train
hysets_07188500,7060047060,0,train
hysets_07188653,7060047060,0,train
hysets_07188838,7060047060,0,train
hysets_07188885,7060047060,0,train
hysets_07189540,7060047060,0,train
hysets_07189542,7060047060,0,train
hysets_07190600,7060047060,0,train
hysets_07191160,7060047060,0,train
hysets_07191179,7060047060,0,train
hysets_07191200,7060047060,0,train
hysets_07191220,7060047060,0,train
hysets_071912213,7060047060,0,train
hysets_07191222,7060047060,0,train
hysets_07191297,7060047060,0,train
hysets_07192000,7060047060,0,train
hysets_07194760,7060047060,0,train
hysets_07194800,7060047060,0,train
hysets_07194880,7060047060,0,train
hysets_07195000,7060047060,0,train
hysets_07195400,7060047060,0,train
hysets_07195430,7060047060,0,train
hysets_07195800,7060047060,0,train
hysets_07196900,7060047060,0,train
hysets_07197360,7060047060,0,train
hysets_07199000,7060047060,0,train
hysets_07199600,7060047060,0,train
hysets_07201420,7060047060,0,train
hysets_07203000,7060047060,0,train
hysets_07204000,7060047060,0,train
hysets_07205000,7060047060,0,train
hysets_07206300,7060047060,0,train
hysets_07206400,7060047060,0,train
hysets_07207500,7060047060,0,train
hysets_07208500,7060047060,0,train
hysets_07211500,7060047060,0,train
hysets_07214000,7060047060,0,train
hysets_07214500,7060047060,0,train
hysets_07214800,7060047060,0,train
hysets_07215600,7060047060,0,train
hysets_07216500,7060047060,0,train
hysets_07218100,7060047060,0,train
hysets_07218700,7060047060,0,train
hysets_07220000,7060047060,0,train
hysets_07220600,7060047060,0,train
hysets_07222500,7060047060,0,train
hysets_07226500,7060047060,0,train
hysets_07227100,7060047060,0,train
hysets_07227200,7060047060,0,train
hysets_07227420,7060047060,0,train
hysets_07227920,7060047060,0,train
hysets_07228400,7060047060,0,train
hysets_07229427,7060047060,0,train
hysets_07229500,7060047060,0,train
hysets_07230800,7060047060,0,train
hysets_07231965,7060047060,0,train
hysets_07231975,7060047060,0,train
hysets_07231990,7060047060,0,train
hysets_07232000,7060047060,0,train
hysets_07232010,7060047060,0,train
hysets_07232024,7060047060,0,train
hysets_07233210,7060047060,0,train
hysets_07233500,7060047060,0,train
hysets_07236000,7060047060,0,train
hysets_07239200,7060047060,0,train
hysets_07241750,7060047060,0,train
hysets_07242100,7060047060,0,train
hysets_07242350,7060047060,0,train
hysets_07242500,7060047060,0,train
hysets_07243000,7060047060,0,train
hysets_07244100,7060047060,0,train
hysets_07244500,7060047060,0,train
hysets_07245030,7060047060,0,train
hysets_07246615,7060047060,0,train
hysets_07247450,7060047060,0,train
hysets_07247550,7060047060,0,train
hysets_07248600,7060047060,0,train
hysets_07248620,7060047060,0,train
hysets_07248700,7060047060,0,train
hysets_07249080,7060047060,0,train
hysets_07249400,7060047060,0,train
hysets_07249422,7060047060,0,train
hysets_07249500,7060047060,0,train
hysets_07249920,7060047060,0,train
hysets_07250000,7060047060,0,train
hysets_07250935,7060047060,0,train
hysets_07250965,7060047060,0,train
hysets_07250974,7060047060,0,train
hysets_07252500,7060047060,0,train
hysets_07253000,7060047060,0,train
hysets_07253500,7060047060,0,train
hysets_07254500,7060047060,0,train
hysets_07255000,7060047060,0,train
hysets_07255100,7060047060,0,train
hysets_07255500,7060047060,0,train
hysets_07256000,7060047060,0,train
hysets_07257000,7060047060,0,train
hysets_07257006,7060047060,0,train
hysets_07257500,7060047060,0,train
hysets_07257693,7060047060,0,train
hysets_07258500,7060047060,0,train
hysets_07260000,7060047060,0,train
hysets_07260673,7060047060,0,train
hysets_07261000,7060047060,0,train
hysets_07261090,7060047060,0,train
hysets_07261500,7060047060,0,train
hysets_07263000,7060047060,0,train
hysets_07263295,7060047060,0,train
hysets_072632966,7060047060,0,train
hysets_07263300,7060047060,0,train
hysets_07263426,7060047060,0,train
hysets_07263580,7060047060,0,train
hysets_07263594,7060047060,0,train
hysets_07264000,7060047060,0,train
hysets_07268000,7060047060,0,train
hysets_07271000,7060047060,0,train
hysets_07274000,7060047060,0,train
hysets_07274251,7060047060,0,train
hysets_07274252,7060047060,0,train
hysets_07275530,7060047060,0,train
hysets_07275900,7060047060,0,train
hysets_07276000,7060047060,0,train
hysets_07277000,7060047060,0,train
hysets_07277700,7060047060,0,train
hysets_07277730,7060047060,0,train
hysets_07280270,7060047060,0,train
hysets_07280340,7060047060,0,train
hysets_07280400,7060047060,0,train
hysets_07280460,7060047060,0,train
hysets_07281960,7060047060,0,train
hysets_07281977,7060047060,0,train
hysets_07282075,7060047060,0,train
hysets_07282090,7060047060,0,train
hysets_07282097,7060047060,0,train
hysets_07283000,7060047060,0,train
hysets_07285400,7060047060,0,train
hysets_07285900,7060047060,0,train
hysets_07286500,7060047060,0,train
hysets_07287150,7060047060,0,train
hysets_07287160,7060047060,0,train
hysets_07287355,7060047060,0,train
hysets_07287400,7060047060,0,train
hysets_07287405,7060047060,0,train
hysets_07288280,7060047060,0,train
hysets_07288500,7060047060,0,train
hysets_07288650,7060047060,0,train
hysets_07288700,7060047060,0,train
hysets_0728875070,7060047060,0,train
hysets_07288955,7060047060,0,train
hysets_07289460,7060047060,0,train
hysets_07289500,7060047060,0,train
hysets_07289730,7060047060,0,train
hysets_07290000,7060047060,0,train
hysets_07290500,7060047060,0,train
hysets_07290650,7060047060,0,train
hysets_07290690,7060047060,0,train
hysets_07290870,7060047060,0,train
hysets_07291000,7060047060,0,train
hysets_07292500,7060047060,0,train
hysets_07295000,7060047060,0,train
hysets_07298000,7060047060,0,train
hysets_07298500,7060047060,0,train
hysets_07299300,7060047060,0,train
hysets_07299514,7060047060,0,train
hysets_07299530,7060047060,0,train
hysets_07299670,7060047060,0,train
hysets_07299710,7060047060,0,train
hysets_07301100,7060047060,0,train
hysets_07301410,7060047060,0,train
hysets_07303420,7060047060,0,train
hysets_07303500,7060047060,0,train
hysets_07307600,7060047060,0,train
hysets_07307800,7060047060,0,train
hysets_07308200,7060047060,0,train
hysets_07309000,7060047060,0,train
hysets_07311622,7060047060,0,train
hysets_07311648,7060047060,0,train
hysets_07311700,7060047060,0,train
hysets_07311780,7060047060,0,train
hysets_07311790,7060047060,0,train
hysets_07311800,7060047060,0,train
hysets_07311900,7060047060,0,train
hysets_07313000,7060047060,0,train
hysets_07313600,7060047060,0,train
hysets_07315200,7060047060,0,train
hysets_07315700,7060047060,0,train
hysets_07315900,7060047060,0,train
hysets_07316200,7060047060,0,train
hysets_07317500,7060047060,0,train
hysets_07318500,7060047060,0,train
hysets_07320000,7060047060,0,train
hysets_07320500,7060047060,0,train
hysets_07321000,7060047060,0,train
hysets_07321500,7060047060,0,train
hysets_07322000,7060047060,0,train
hysets_07324000,7060047060,0,train
hysets_07325840,7060047060,0,train
hysets_07325850,7060047060,0,train
hysets_07325860,7060047060,0,train
hysets_07327050,7060047060,0,train
hysets_073274406,7060047060,0,train
hysets_073274408,7060047060,0,train
hysets_073274458,7060047060,0,train
hysets_07327483,7060047060,0,train
hysets_07327500,7060047060,0,train
hysets_07329780,7060047060,0,train
hysets_07329900,7060047060,0,train
hysets_07330700,7060047060,0,train
hysets_07331200,7060047060,0,train
hysets_07331250,7060047060,0,train
hysets_07332390,7060047060,0,train
hysets_07332600,7060047060,0,train
hysets_07332900,7060047060,0,train
hysets_07333000,7060047060,0,train
hysets_07333500,7060047060,0,train
hysets_07333800,7060047060,0,train
hysets_07333910,7060047060,0,train
hysets_07335700,7060047060,0,train
hysets_07336000,7060047060,0,train
hysets_07336500,7060047060,0,train
hysets_07336750,7060047060,0,train
hysets_07336800,7060047060,0,train
hysets_07337900,7060047060,0,train
hysets_07338750,7060047060,0,train
hysets_07340300,7060047060,0,train
hysets_07341301,7060047060,0,train
hysets_07342465,7060047060,0,train
hysets_07342470,7060047060,0,train
hysets_07342480,7060047060,0,train
hysets_07343000,7060047060,0,train
hysets_07343300,7060047060,0,train
hysets_07344000,7060047060,0,train
hysets_07344450,7060047060,0,train
hysets_07345000,7060047060,0,train
hysets_07346045,7060047060,0,train
hysets_07346050,7060047060,0,train
hysets_07346070,7060047060,0,train
hysets_07346140,7060047060,0,train
hysets_07347000,7060047060,0,train
hysets_07347500,7060047060,0,train
hysets_07348700,7060047060,0,train
hysets_07348800,7060047060,0,train
hysets_07349000,7060047060,0,train
hysets_07349430,7060047060,0,train
hysets_07349500,7060047060,0,train
hysets_07349795,7060047060,0,train
hysets_07349800,7060047060,0,train
hysets_07350000,7060047060,0,train
hysets_07350020,7060047060,0,train
hysets_07351000,7060047060,0,train
hysets_07351500,7060047060,0,train
hysets_07351571,7060047060,0,train
hysets_07351700,7060047060,0,train
hysets_07351750,7060047060,0,train
hysets_07351780,7060047060,0,train
hysets_07351880,7060047060,0,train
hysets_07351900,7060047060,0,train
hysets_07352000,7060047060,0,train
hysets_07352800,7060047060,0,train
hysets_07353000,7060047060,0,train
hysets_07353500,7060047060,0,train
hysets_07353800,7060047060,0,train
hysets_07354000,7060047060,0,train
hysets_07354100,7060047060,0,train
hysets_07354500,7060047060,0,train
hysets_07355005,7060047060,0,train
hysets_07356000,7060047060,0,train
hysets_07356500,7060047060,0,train
hysets_07357501,7060047060,0,train
hysets_07357700,7060047060,0,train
hysets_07359001,7060047060,0,train
hysets_07359002,7060047060,0,train
hysets_07359610,7060047060,0,train
hysets_07359700,7060047060,0,train
hysets_07359800,7060047060,0,train
hysets_07359910,7060047060,0,train
hysets_07360200,7060047060,0,train
hysets_07360501,7060047060,0,train
hysets_07360800,7060047060,0,train
hysets_07361200,7060047060,0,train
hysets_07361500,7060047060,0,train
hysets_07362100,7060047060,0,train
hysets_07362500,7060047060,0,train
hysets_07362641,7060047060,0,train
hysets_07362656,7060047060,0,train
hysets_07362693,7060047060,0,train
hysets_07363000,7060047060,0,train
hysets_07363200,7060047060,0,train
hysets_07363400,7060047060,0,train
hysets_07363500,7060047060,0,train
hysets_07364100,7060047060,0,train
hysets_07364128,7060047060,0,train
hysets_07364133,7060047060,0,train
hysets_07364150,7060047060,0,train
hysets_07364300,7060047060,0,train
hysets_07364700,7060047060,0,train
hysets_07365000,7060047060,0,train
hysets_07365500,7060047060,0,train
hysets_07365900,7060047060,0,train
hysets_07366000,7060047060,0,train
hysets_07367000,7060047060,0,train
hysets_07367005,7060047060,0,train
hysets_07369680,7060047060,0,train
hysets_07369700,7060047060,0,train
hysets_07370500,7060047060,0,train
hysets_07371500,7060047060,0,train
hysets_07371540,7060047060,0,train
hysets_07372000,7060047060,0,train
hysets_07372050,7060047060,0,train
hysets_07372200,7060047060,0,train
hysets_07372500,7060047060,0,train
hysets_07373000,7060047060,0,train
hysets_07373250,7060047060,0,train
hysets_07373500,7060047060,0,train
hysets_07375000,7060046900,4,train
hysets_07375280,7060046900,4,train
hysets_07375500,7060046900,4,train
hysets_07375800,7060046900,4,train
hysets_07376000,7060046900,4,train
hysets_07376500,7060046900,4,train
hysets_07377000,7060046900,4,train
hysets_07377700,7060046900,4,train
hysets_07377782,7060046900,4,train
hysets_07378000,7060046900,4,train
hysets_07378500,7060046900,4,train
hysets_07380000,7060046900,4,train
hysets_07380120,7060046900,4,train
hysets_07381800,7060047480,3,val
hysets_07382000,7060047480,3,val
hysets_07382500,7060047480,3,val
hysets_07384000,7060047480,3,val
hysets_07386000,7060047480,3,val
hysets_07386500,7060047480,3,val
hysets_07AA001,8060009560,2,train
hysets_07AA002,8060009560,2,train
hysets_07AA007,8060009560,2,train
hysets_07AA009,8060009560,2,train
hysets_07AB002,8060009560,2,train
hysets_07AC001,8060009560,2,train
hysets_07AC007,8060009560,2,train
hysets_07AC008,8060009560,2,train
hysets_07AD002,8060009560,2,train
hysets_07AE001,8060009560,2,train
hysets_07AF002,8060009560,2,train
hysets_07AF003,8060009560,2,train
hysets_07AF010,8060009560,2,train
hysets_07AF013,8060009560,2,train
hysets_07AF014,8060009560,2,train
hysets_07AF015,8060009560,2,train
hysets_07AF906,8060009560,2,train
hysets_07AF907,8060009560,2,train
hysets_07AG003,8060009560,2,train
hysets_07AG004,8060009560,2,train
hysets_07AG007,8060009560,2,train
hysets_07AG008,8060009560,2,train
hysets_07AH001,8060009560,2,train
hysets_07AH002,8060009560,2,train
hysets_07AH003,8060009560,2,train
hysets_07BA001,8060009560,2,train
hysets_07BA002,8060009560,2,train
hysets_07BA003,8060009560,2,train
hysets_07BB002,8060009560,2,train
hysets_07BB003,8060009560,2,train
hysets_07BB005,8060009560,2,train
hysets_07BB009,8060009560,2,train
hysets_07BB011,8060009560,2,train
hysets_07BB014,8060009560,2,train
hysets_07BC002,8060009560,2,train
hysets_07BC006,8060009560,2,train
hysets_07BC007,8060009560,2,train
hysets_07BE001,8060009560,2,train
hysets_07BE004,8060009560,2,train
hysets_07BF001,8060009560,2,train
hysets_07BF002,8060009560,2,train
hysets_07BF009,8060009560,2,train
hysets_07BF010,8060009560,2,train
hysets_07BF905,8060009560,2,train
hysets_07BG004,8060009560,2,train
hysets_07BH003,8060009560,2,train
hysets_07BJ001,8060009560,2,train
hysets_07BJ003,8060009560,2,train
hysets_07BJ004,8060009560,2,train
hysets_07BK001,8060009560,2,train
hysets_07BK005,8060009560,2,train
hysets_07BK007,8060009560,2,train
hysets_07BK009,8060009560,2,train
hysets_07BK012,8060009560,2,train
hysets_07CA003,8060009560,2,train
hysets_07CA005,8060009560,2,train
hysets_07CA006,8060009560,2,train
hysets_07CA008,8060009560,2,train
hysets_07CA012,8060009560,2,train
hysets_07CA013,8060009560,2,train
hysets_07CB002,8060009560,2,train
hysets_07CD001,8060009560,2,train
hysets_07CD004,8060009560,2,train
hysets_07CD005,8060009560,2,train
hysets_07CD007,8060009560,2,train
hysets_07CE002,8060009560,2,train
hysets_07CE003,8060009560,2,train
hysets_07CE005,8060009560,2,train
hysets_07CE006,8060009560,2,train
hysets_07DA001,8060009560,2,train
hysets_07DA006,8060009560,2,train
hysets_07DA008,8060009560,2,train
hysets_07DA011,8060009560,2,train
hysets_07DA016,8060009560,2,train
hysets_07DA018,8060009560,2,train
hysets_07DB001,8060009560,2,train
hysets_07DB005,8060009560,2,train
hysets_07DD001,8060009560,2,train
hysets_07DD002,8060009560,2,train
hysets_07EA004,8060009560,2,train
hysets_07EA005,8060009560,2,train
hysets_07EA007,8060009560,2,train
hysets_07EB002,8060009560,2,train
hysets_07EC004,8060009560,2,train
hysets_07ED003,8060009560,2,train
hysets_07EE007,8060009560,2,train
hysets_07EE009,8060009560,2,train
hysets_07EE010,8060009560,2,train
hysets_07EE011,8060009560,2,train
hysets_07EF004,8060009560,2,train
hysets_07FA003,8060009560,2,train
hysets_07FA005,8060009560,2,train
hysets_07FA006,8060009560,2,train
hysets_07FB001,8060009560,2,train
hysets_07FB002,8060009560,2,train
hysets_07FB003,8060009560,2,train
hysets_07FB004,8060009560,2,train
hysets_07FB006,8060009560,2,train
hysets_07FB008,8060009560,2,train
hysets_07FB009,8060009560,2,train
hysets_07FB010,8060009560,2,train
hysets_07FC001,8060009560,2,train
hysets_07FC003,8060009560,2,train
hysets_07FC006,8060009560,2,train
hysets_07FD001,8060009560,2,train
hysets_07FD004,8060009560,2,train
hysets_07FD006,8060009560,2,train
hysets_07FD007,8060009560,2,train
hysets_07FD008,8060009560,2,train
hysets_07FD009,8060009560,2,train
hysets_07FD011,8060009560,2,train
hysets_07FD012,8060009560,2,train
hysets_07FD013,8060009560,2,train
hysets_07FD020,8060009560,2,train
hysets_07FD908,8060009560,2,train
hysets_07FD910,8060009560,2,train
hysets_07GA001,8060009560,2,train
hysets_07GA002,8060009560,2,train
hysets_07GB001,8060009560,2,train
hysets_07GB003,8060009560,2,train
hysets_07GC002,8060009560,2,train
hysets_07GD001,8060009560,2,train
hysets_07GD002,8060009560,2,train
hysets_07GD003,8060009560,2,train
hysets_07GD004,8060009560,2,train
hysets_07GE001,8060009560,2,train
hysets_07GE003,8060009560,2,train
hysets_07GE007,8060009560,2,train
hysets_07GF001,8060009560,2,train
hysets_07GF002,8060009560,2,train
hysets_07GF008,8060009560,2,train
hysets_07GG001,8060009560,2,train
hysets_07GG002,8060009560,2,train
hysets_07GG003,8060009560,2,train
hysets_07GH002,8060009560,2,train
hysets_07GH004,8060009560,2,train
hysets_07GJ001,8060009560,2,train
hysets_07HA003,8060009560,2,train
hysets_07HA005,8060009560,2,train
hysets_07HB001,8060009560,2,train
hysets_07HC001,8060009560,2,train
hysets_07HC002,8060009560,2,train
hysets_07HC907,8060009560,2,train
hysets_07HF002,8060009560,2,train
hysets_07JA003,8060009560,2,train
hysets_07JC001,8060009560,2,train
hysets_07JC002,8060009560,2,train
hysets_07JC003,8060009560,2,train
hysets_07JD002,8060009560,2,train
hysets_07JD003,8060009560,2,train
hysets_07JD004,8060009560,2,train
hysets_07JF002,8060009560,2,train
hysets_07JF003,8060009560,2,train
hysets_07JF005,8060009560,2,train
hysets_07KE001,8060009560,2,train
hysets_07LB002,8060009560,2,train
hysets_07LE002,8060009560,2,train
hysets_07MA003,8060009560,2,train
hysets_07MB001,8060009560,2,train
hysets_07OA001,8060009560,2,train
hysets_07OB001,8060009560,2,train
hysets_07OB003,8060009560,2,train
hysets_07OB004,8060009560,2,train
hysets_07OB006,8060009560,2,train
hysets_07OC001,8060009560,2,train
hysets_07QC005,8060009560,2,train
hysets_07QC006,8060009560,2,train
hysets_07QC007,8060009560,2,train
hysets_07QD004,8060009560,2,train
hysets_07RD001,8060009560,2,train
hysets_07SA002,8060009560,2,train
hysets_07SA008,8060009560,2,train
hysets_07SB010,8060009560,2,train
hysets_07SB013,8060009560,2,train
hysets_07SC002,8060009560,2,train
hysets_07SC004,8060009560,2,train
hysets_07SC005,8060009560,2,train
hysets_07TA001,8060009560,2,train
hysets_08011500,7060047770,1,train
hysets_08012000,7060047770,1,train
hysets_08012150,7060047770,1,train
hysets_08013000,7060047800,4,val
hysets_08013500,7060047800,4,val
hysets_08014000,7060047800,4,val
hysets_08014200,7060047800,4,val
hysets_08014500,7060047800,4,val
hysets_08014800,7060047800,4,val
hysets_08015000,7060047800,4,val
hysets_08015500,7060047800,4,val
hysets_08016400,7060047800,4,val
hysets_08016600,7060047800,4,val
hysets_08016800,7060047800,4,val
hysets_08017200,7060047850,3,val
hysets_08017300,7060047850,3,val
hysets_08018730,7060047850,3,val
hysets_08020200,7060047850,3,val
hysets_08020450,7060047850,3,val
hysets_08020960,7060047850,3,val
hysets_08020980,7060047850,3,val
hysets_08022400,7060047850,3,val
hysets_08022765,7060047850,3,val
hysets_08023000,7060047850,3,val
hysets_08023080,7060047850,3,val
hysets_08023400,7060047850,3,val
hysets_08023500,7060047850,3,val
hysets_08024000,7060047850,3,val
hysets_08024060,7060047850,3,val
hysets_08024160,7060047850,3,val
hysets_08024200,7060047850,3,val
hysets_08024500,7060047850,3,val
hysets_08025307,7060047850,3,val
hysets_08025500,7060047850,3,val
hysets_08027500,7060047850,3,val
hysets_08028000,7060047850,3,val
hysets_08028200,7060047850,3,val
hysets_08028700,7060047850,3,val
hysets_08029500,7060047850,3,val
hysets_08030000,7060047850,3,val
hysets_08031000,7060047850,3,val
hysets_08031200,7060047850,3,val
hysets_08033300,7060047850,3,val
hysets_08033900,7060047850,3,val
hysets_08037050,7060047850,3,val
hysets_08038000,7060047850,3,val
hysets_08039100,7060047850,3,val
hysets_08040600,7060047850,3,val
hysets_08041500,7060047850,3,val
hysets_08041700,7060047850,3,val
hysets_08041749,7060047850,3,val
hysets_08041780,7060047850,3,val
hysets_08044135,7060047970,3,train
hysets_08044140,7060047970,3,train
hysets_08048520,7060047970,3,train
hysets_08048800,7060047970,3,train
hysets_08048970,7060047970,3,train
hysets_08049550,7060047970,3,train
hysets_08049553,7060047970,3,train
hysets_08049569,7060047970,3,train
hysets_08049580,7060047970,3,train
hysets_08049700,7060047970,3,train
hysets_08050800,7060047970,3,train
hysets_08050840,7060047970,3,train
hysets_08051000,7060047970,3,train
hysets_08053010,7060047970,3,train
hysets_08053030,7060047970,3,train
hysets_08053090,7060047970,3,train
hysets_08054000,7060047970,3,train
hysets_08055700,7060047970,3,train
hysets_08057100,7060047970,3,train
hysets_08057445,7060047970,3,train
hysets_08057450,7060047970,3,train
hysets_08061540,7060047970,3,train
hysets_08061700,7060047970,3,train
hysets_08063003,7060047970,3,train
hysets_08063048,7060047970,3,train
hysets_08064700,7060047970,3,train
hysets_08065200,7060047970,3,train
hysets_08065700,7060047970,3,train
hysets_08065800,7060047970,3,train
hysets_08066000,7060047970,3,train
hysets_08066100,7060047970,3,train
hysets_08066170,7060047970,3,train
hysets_08066191,7060047970,3,train
hysets_08066200,7060047970,3,train
hysets_08066300,7060047970,3,train
hysets_08067000,7060047970,3,train
hysets_08067500,7060047980,1,train
hysets_08067525,7060047980,1,train
hysets_08067700,7060047980,1,train
hysets_08067900,7060047980,1,train
hysets_08068000,7060047980,1,train
hysets_08068090,7060047980,1,train
hysets_08068275,7060047980,1,train
hysets_08068325,7060047980,1,train
hysets_08068390,7060047980,1,train
hysets_08068400,7060047980,1,train
hysets_08068450,7060047980,1,train
hysets_08068500,7060047980,1,train
hysets_08068720,7060047980,1,train
hysets_08068740,7060047980,1,train
hysets_08068780,7060047980,1,train
hysets_08068800,7060047980,1,train
hysets_08068900,7060047980,1,train
hysets_08069000,7060047980,1,train
hysets_08069500,7060047980,1,train
hysets_08070000,7060047980,1,train
hysets_08070200,7060047980,1,train
hysets_08070500,7060047980,1,train
hysets_08071000,7060047980,1,train
hysets_08071500,7060047980,1,train
hysets_08072300,7060047980,1,train
hysets_08072730,7060047980,1,train
hysets_08073500,7060047980,1,train
hysets_08073600,7060047980,1,train
hysets_08073700,7060047980,1,train
hysets_08074000,7060047980,1,train
hysets_08074500,7060047980,1,train
hysets_08075400,7060047980,1,train
hysets_08075605,7060047980,1,train
hysets_08075730,7060047980,1,train
hysets_08075763,7060047980,1,train
hysets_08075770,7060047980,1,train
hysets_08075900,7060047980,1,train
hysets_08076000,7060047980,1,train
hysets_08076180,7060047980,1,train
hysets_08076500,7060047980,1,train
hysets_08076700,7060047980,1,train
hysets_08076997,7060047980,1,train
hysets_08079575,7060048300,4,train
hysets_08079600,7060048300,4,train
hysets_08080540,7060048300,4,train
hysets_08080700,7060048300,4,train
hysets_08081200,7060048300,4,train
hysets_08081500,7060048300,4,train
hysets_08082100,7060048300,4,train
hysets_08082180,7060048300,4,train
hysets_08082700,7060048300,4,train
hysets_08083230,7060048300,4,train
hysets_08083245,7060048300,4,train
hysets_08083400,7060048300,4,train
hysets_08083420,7060048300,4,train
hysets_08084800,7060048300,4,train
hysets_08086015,7060048300,4,train
hysets_08086050,7060048300,4,train
hysets_08086100,7060048300,4,train
hysets_08086150,7060048300,4,train
hysets_08086200,7060048300,4,train
hysets_08086210,7060048300,4,train
hysets_08086212,7060048300,4,train
hysets_08086235,7060048300,4,train
hysets_08086260,7060048300,4,train
hysets_08088100,7060048300,4,train
hysets_08088200,7060048300,4,train
hysets_08088300,7060048300,4,train
hysets_08088450,7060048300,4,train
hysets_08092600,7060048300,4,train
hysets_08093250,7060048300,4,train
hysets_08093400,7060048300,4,train
hysets_08095300,7060048300,4,train
hysets_08098300,7060048300,4,train
hysets_08101000,7060048300,4,train
hysets_08103900,7060048300,4,train
hysets_08104310,7060048300,4,train
hysets_0810464660,7060048300,4,train
hysets_08104900,7060048300,4,train
hysets_08105000,7060048300,4,train
hysets_08105095,7060048300,4,train
hysets_08105100,7060048300,4,train
hysets_08105200,7060048300,4,train
hysets_08105400,7060048300,4,train
hysets_08106350,7060048300,4,train
hysets_08108200,7060048300,4,train
hysets_08109700,7060048300,4,train
hysets_08110100,7060048300,4,train
hysets_08110430,7060048300,4,train
hysets_08111050,7060048300,4,train
hysets_08111700,7060048300,4,train
hysets_08115000,7060048300,4,train
hysets_08116400,7060048300,4,train
hysets_08117900,7060048410,2,train
hysets_08119000,7060048410,2,train
hysets_08120500,7060048410,2,train
hysets_08121500,7060048410,2,train
hysets_08123500,7060048410,2,train
hysets_08123700,7060048410,2,train
hysets_08123800,7060048410,2,train
hysets_08126500,7060048410,2,train
hysets_08128500,7060048410,2,train
hysets_08130500,7060048410,2,train
hysets_08130700,7060048410,2,train
hysets_08131000,7060048410,2,train
hysets_08131190,7060048410,2,train
hysets_08131400,7060048410,2,train
hysets_08133250,7060048410,2,train
hysets_08133500,7060048410,2,train
hysets_08133900,7060048410,2,train
hysets_08134000,7060048410,2,train
hysets_08134230,7060048410,2,train
hysets_08134250,7060048410,2,train
hysets_08148500,7060048410,2,train
hysets_08150000,7060048410,2,train
hysets_08150700,7060048410,2,train
hysets_08150800,7060048410,2,train
hysets_08152000,7060048410,2,train
hysets_08152900,7060048410,2,train
hysets_08154700,7060048410,2,train
hysets_08155200,7060048410,2,train
hysets_08155240,7060048410,2,train
hysets_08155260,7060048410,2,train
hysets_08155300,7060048410,2,train
hysets_08155400,7060048410,2,train
hysets_08155541,7060048410,2,train
hysets_08156675,7060048410,2,train
hysets_08156700,7060048410,2,train
hysets_08156800,7060048410,2,train
hysets_08156910,7060048410,2,train
hysets_08157700,7060048410,2,train
hysets_08158045,7060048410,2,train
hysets_08158380,7060048410,2,train
hysets_08158600,7060048410,2,train
hysets_08158700,7060048410,2,train
hysets_08158800,7060048410,2,train
hysets_08158810,7060048410,2,train
hysets_08158819,7060048410,2,train
hysets_08158827,7060048410,2,train
hysets_08158840,7060048410,2,train
hysets_08158860,7060048410,2,train
hysets_08158920,7060048410,2,train
hysets_08158922,7060048410,2,train
hysets_08158927,7060048410,2,train
hysets_08158930,7060048410,2,train
hysets_08158970,7060048410,2,train
hysets_08159000,7060048410,2,train
hysets_08159150,7060048410,2,train
hysets_08159165,7060048410,2,train
hysets_08159170,7060048410,2,train
hysets_08160800,7060048410,2,train
hysets_08162600,7060048420,4,train
hysets_08164000,7060048480,1,train
hysets_08164300,7060048480,1,train
hysets_08164350,7060048480,1,train
hysets_08164370,7060048480,1,train
hysets_08164390,7060048480,1,train
hysets_08164450,7060048480,1,train
hysets_08164503,7060048480,1,train
hysets_08164600,7060048490,3,val
hysets_08164800,7060048490,3,val
hysets_08165300,7060048620,2,train
hysets_08165500,7060048620,2,train
hysets_08166000,7060048620,2,train
hysets_08166140,7060048620,2,train
hysets_08166250,7060048620,2,train
hysets_08167500,7060048620,2,train
hysets_08168797,7060048620,2,train
hysets_08170500,7060048620,2,train
hysets_08171000,7060048620,2,train
hysets_08171300,7060048620,2,train
hysets_08174600,7060048620,2,train
hysets_08175000,7060048620,2,train
hysets_08176550,7060048620,2,train
hysets_08176900,7060048620,2,train
hysets_08177000,7060048620,2,train
hysets_08177300,7060048620,2,train
hysets_08177700,7060048620,2,train
hysets_08177860,7060048620,2,train
hysets_08178585,7060048620,2,train
hysets_08178880,7060048620,2,train
hysets_08179000,7060048620,2,train
hysets_08179100,7060048620,2,train
hysets_08179520,7060048620,2,train
hysets_08181400,7060048620,2,train
hysets_08181480,7060048620,2,train
hysets_08184000,7060048620,2,train
hysets_08185065,7060048620,2,train
hysets_08185100,7060048620,2,train
hysets_08186500,7060048620,2,train
hysets_08189300,7060048630,4,test
hysets_08189500,7060048630,4,test
hysets_08189700,7060048630,4,test
hysets_08189800,7060048630,4,test
hysets_08190500,7060048860,3,train
hysets_08194200,7060048860,3,train
hysets_08195000,7060048860,3,train
hysets_08196000,7060048860,3,train
hysets_08198000,7060048860,3,train
hysets_08198500,7060048860,3,train
hysets_08200000,7060048860,3,train
hysets_08200500,7060048860,3,train
hysets_08200700,7060048860,3,train
hysets_08201500,7060048860,3,train
hysets_08202000,7060048860,3,train
hysets_08202500,7060048860,3,train
hysets_08202700,7060048860,3,train
hysets_08204005,7060048860,3,train
hysets_08204250,7060048860,3,train
hysets_08205500,7060048860,3,train
hysets_08206600,7060048860,3,train
hysets_08207500,7060048860,3,train
hysets_08210300,7060048860,3,train
hysets_08210400,7060048860,3,train
hysets_08211520,7060048870,4,test
hysets_08212000,7060048870,4,test
hysets_08212400,7060048870,4,test
hysets_08216500,7060049270,2,train
hysets_08218000,7060049270,2,train
hysets_08218500,7060049270,2,train
hysets_08219500,7060049270,2,train
hysets_08220900,7060049270,2,train
hysets_08223500,7060049270,2,train
hysets_08224110,7060049270,2,train
hysets_08224113,7060049270,2,train
hysets_08224200,7060049270,2,train
hysets_08224500,7060049270,2,train
hysets_08226700,7060049270,2,train
hysets_08227000,7060049270,2,train
hysets_08229500,7060049270,2,train
hysets_08230500,7060049270,2,train
hysets_08231000,7060049270,2,train
hysets_08234200,7060049270,2,train
hysets_08235250,7060049270,2,train
hysets_08235270,7060049270,2,train
hysets_08235290,7060049270,2,train
hysets_08235350,7060049270,2,train
hysets_08235700,7060049270,2,train
hysets_08236000,7060049270,2,train
hysets_08241000,7060049270,2,train
hysets_08241500,7060049270,2,train
hysets_08247500,7060049270,2,train
hysets_08248500,7060049270,2,train
hysets_08249400,7060049270,2,train
hysets_08254500,7060049270,2,train
hysets_08255000,7060049270,2,train
hysets_08260500,7060049270,2,train
hysets_08263000,7060049270,2,train
hysets_08264000,7060049270,2,train
hysets_08264500,7060049270,2,train
hysets_08267000,7060049270,2,train
hysets_08268200,7060049270,2,train
hysets_08268500,7060049270,2,train
hysets_08269000,7060049270,2,train
hysets_08271000,7060049270,2,train
hysets_08275600,7060049270,2,train
hysets_08278500,7060049270,2,train
hysets_08279000,7060049270,2,train
hysets_08283500,7060049270,2,train
hysets_08284100,7060049270,2,train
hysets_08284150,7060049270,2,train
hysets_08289000,7060049270,2,train
hysets_08291000,7060049270,2,train
hysets_08292000,7060049270,2,train
hysets_08302200,7060049270,2,train
hysets_08302500,7060049270,2,train
hysets_08304100,7060049270,2,train
hysets_08305030,7060049270,2,train
hysets_08313042,7060049270,2,train
hysets_08313300,7060049270,2,train
hysets_08313350,7060049270,2,train
hysets_08317850,7060049270,2,train
hysets_08321500,7060049270,2,train
hysets_08323000,7060049270,2,train
hysets_08324000,7060049270,2,train
hysets_08329838,7060049270,2,train
hysets_08329840,7060049270,2,train
hysets_08329872,7060049270,2,train
hysets_08330600,7060049270,2,train
hysets_08331130,7060049270,2,train
hysets_08331140,7060049270,2,train
hysets_08334000,7060049270,2,train
hysets_08340500,7060049270,2,train
hysets_08341300,7060049270,2,train
hysets_08343100,7060049270,2,train
hysets_08349800,7060049270,2,train
hysets_08354000,7060049270,2,train
hysets_08355300,7060049270,2,train
hysets_08358550,7060049270,2,train
hysets_08360000,7060049270,2,train
hysets_08363600,7060049270,2,train
hysets_08378500,7060049270,2,train
hysets_08379200,7060049270,2,train
hysets_08379500,7060049270,2,train
hysets_08380500,7060049270,2,train
hysets_08381000,7060049270,2,train
hysets_08382730,7060049270,2,train
hysets_08382760,7060049270,2,train
hysets_08382800,7060049270,2,train
hysets_08385520,7060049270,2,train
hysets_08385620,7060049270,2,train
hysets_08385640,7060049270,2,train
hysets_08387600,7060049270,2,train
hysets_08388000,7060049270,2,train
hysets_08389500,7060049270,2,train
hysets_08390100,7060049270,2,train
hysets_08390500,7060049270,2,train
hysets_08393200,7060049270,2,train
hysets_08393600,7060049270,2,train
hysets_08394100,7060049270,2,train
hysets_08394500,7060049270,2,train
hysets_08396000,7060049270,2,train
hysets_08397600,7060049270,2,train
hysets_08397620,7060049270,2,train
hysets_08398500,7060049270,2,train
hysets_08401200,7060049270,2,train
hysets_08401900,7060049270,2,train
hysets_08405105,7060049270,2,train
hysets_08405150,7060049270,2,train
hysets_08405500,7060049270,2,train
hysets_08406000,7060049270,2,train
hysets_08408500,7060049270,2,train
hysets_08411500,7060049270,2,train
hysets_08431700,7060049270,2,train
hysets_08431800,7060049270,2,train
hysets_08433000,7060049270,2,train
hysets_08435600,7060049270,2,train
hysets_08435620,7060049270,2,train
hysets_08435660,7060049270,2,train
hysets_08435700,7060049270,2,train
hysets_08435800,7060049270,2,train
hysets_08447020,7060049270,2,train
hysets_08447300,7060049270,2,train
hysets_08476300,7060049270,2,train
hysets_08477500,7060049270,2,train
hysets_08477530,7060049270,2,train
hysets_08477600,7060049270,2,train
hysets_08478400,7060049270,2,train
hysets_08481500,7060049270,2,train
hysets_08486250,7060049270,2,train
hysets_08AA008,8060000060,3,test
hysets_08AA009,8060000060,3,test
hysets_08AB001,8060000060,3,test
hysets_08AB002,8060000060,3,test
hysets_08AC001,8060000060,3,test
hysets_08AC002,8060000060,3,test
hysets_08BB005,7060020500,4,train
hysets_08CD001,7060020090,1,train
hysets_08CE001,7060020090,1,train
hysets_08CF003,7060020090,1,train
hysets_08CG001,7060020090,1,train
hysets_08CG005,7060020090,1,train
hysets_08DA009,7060019190,3,val
hysets_08DB001,7060019190,3,val
hysets_08DB013,7060019190,3,val
hysets_08DB014,7060019190,3,val
hysets_08DC006,7060019440,1,train
hysets_08EB004,7060019010,1,train
hysets_08EB006,7060019010,1,train
hysets_08EC013,7060019010,1,train
hysets_08ED001,7060019010,1,train
hysets_08ED002,7060019010,1,train
hysets_08EE003,7060019010,1,train
hysets_08EE004,7060019010,1,train
hysets_08EE008,7060019010,1,train
hysets_08EE012,7060019010,1,train
hysets_08EE013,7060019010,1,train
hysets_08EE020,7060019010,1,train
hysets_08EE025,7060019010,1,train
hysets_08EF001,7060019010,1,train
hysets_08EF005,7060019010,1,train
hysets_08EF006,7060019010,1,train
hysets_08EG011,7060019010,1,train
hysets_08EG012,7060019010,1,train
hysets_08FA002,7060017150,2,train
hysets_08FB004,7060017930,1,train
hysets_08FB005,7060017930,1,train
hysets_08FB006,7060017930,1,train
hysets_08FC003,7060018020,2,train
hysets_08FC005,7060018020,2,train
hysets_08FE003,7060018610,2,train
hysets_08FF001,7060018780,4,train
hysets_08FF002,7060018780,4,train
hysets_08FF003,7060018780,4,train
hysets_08GA054,7060016270,2,test
hysets_08GA061,7060016270,2,test
hysets_08GA071,7060016270,2,test
hysets_08GA072,7060016270,2,test
hysets_08GA075,7060016270,2,test
hysets_08GA077,7060016270,2,test
hysets_08GA079,7060016270,2,test
hysets_08GB013,7060016270,2,test
hysets_08GC008,7060016270,2,test
hysets_08GD004,7060016850,4,test
hysets_08GD005,7060016850,4,test
hysets_08GD007,7060016850,4,test
hysets_08GD008,7060016850,4,test
hysets_08GE002,7060017140,3,train
hysets_08GE003,7060017140,3,train
hysets_08GF006,7060017150,2,train
hysets_08GF007,7060017150,2,train
hysets_08HA001,7060056770,4,train
hysets_08HA003,7060056770,4,train
hysets_08HA010,7060056770,4,train
hysets_08HA016,7060056770,4,train
hysets_08HA068,7060056770,4,train
hysets_08HA070,7060056770,4,train
hysets_08HB014,7060055790,2,train
hysets_08HB032,7060056770,4,train
hysets_08HB048,7060055790,2,train
hysets_08HB074,7060056770,4,train
hysets_08HB075,7060056770,4,train
hysets_08HB086,7060055930,2,train
hysets_08HB089,7060056770,4,train
hysets_08HC002,7060055930,2,train
hysets_08HD011,7060056770,4,train
hysets_08HD015,7060056700,3,test
hysets_08HE009,7060055930,2,train
hysets_08HF004,7060056630,4,train
hysets_08HF005,7060056620,1,test
hysets_08HF006,7060055930,2,train
hysets_08HF012,7060055930,2,train
hysets_08HF013,7060055930,2,train
hysets_08JA014,7060016260,3,train
hysets_08JA029,7060016260,3,train
hysets_08JB002,7060016260,3,train
hysets_08JB003,7060016260,3,train
hysets_08JB012,7060016260,3,train
hysets_08JC013,7060016260,3,train
hysets_08JD006,7060016260,3,train
hysets_08JE001,7060016260,3,train
hysets_08JE004,7060016260,3,train
hysets_08JE005,7060016260,3,train
hysets_08KA001,7060016260,3,train
hysets_08KA004,7060016260,3,train
hysets_08KA005,7060016260,3,train
hysets_08KA007,7060016260,3,train
hysets_08KA008,7060016260,3,train
hysets_08KA009,7060016260,3,train
hysets_08KA011,7060016260,3,train
hysets_08KA013,7060016260,3,train
hysets_08KB001,7060016260,3,train
hysets_08KB003,7060016260,3,train
hysets_08KB006,7060016260,3,train
hysets_08KC001,7060016260,3,train
hysets_08KC003,7060016260,3,train
hysets_08KD001,7060016260,3,train
hysets_08KD006,7060016260,3,train
hysets_08KD007,7060016260,3,train
hysets_08KE009,7060016260,3,train
hysets_08KE016,7060016260,3,train
hysets_08KE024,7060016260,3,train
hysets_08KE036,7060016260,3,train
hysets_08KG001,7060016260,3,train
hysets_08KG003,7060016260,3,train
hysets_08KH001,7060016260,3,train
hysets_08KH006,7060016260,3,train
hysets_08KH010,7060016260,3,train
hysets_08KH014,7060016260,3,train
hysets_08KH019,7060016260,3,train
hysets_08KH022,7060016260,3,train
hysets_08KH025,7060016260,3,train
hysets_08KH029,7060016260,3,train
hysets_08KH030,7060016260,3,train
hysets_08KH031,7060016260,3,train
hysets_08LA001,7060016260,3,train
hysets_08LA004,7060016260,3,train
hysets_08LA013,7060016260,3,train
hysets_08LA018,7060016260,3,train
hysets_08LA022,7060016260,3,train
hysets_08LA025,7060016260,3,train
hysets_08LA027,7060016260,3,train
hysets_08LA028,7060016260,3,train
hysets_08LB020,7060016260,3,train
hysets_08LB024,7060016260,3,train
hysets_08LB038,7060016260,3,train
hysets_08LB047,7060016260,3,train
hysets_08LB064,7060016260,3,train
hysets_08LB069,7060016260,3,train
hysets_08LB076,7060016260,3,train
hysets_08LB077,7060016260,3,train
hysets_08LB083,7060016260,3,train
hysets_08LC040,7060016260,3,train
hysets_08LD001,7060016260,3,train
hysets_08LE024,7060016260,3,train
hysets_08LE027,7060016260,3,train
hysets_08LE031,7060016260,3,train
hysets_08LE075,7060016260,3,train
hysets_08LE077,7060016260,3,train
hysets_08LE094,7060016260,3,train
hysets_08LF051,7060016260,3,train
hysets_08LF094,7060016260,3,train
hysets_08LF099,7060016260,3,train
hysets_08LF100,7060016260,3,train
hysets_08LG008,7060016260,3,train
hysets_08LG016,7060016260,3,train
hysets_08LG048,7060016260,3,train
hysets_08LG056,7060016260,3,train
hysets_08LG068,7060016260,3,train
hysets_08MA001,7060016260,3,train
hysets_08MA002,7060016260,3,train
hysets_08MA003,7060016260,3,train
hysets_08MA006,7060016260,3,train
hysets_08MB005,7060016260,3,train
hysets_08MB006,7060016260,3,train
hysets_08MB007,7060016260,3,train
hysets_08MB009,7060016260,3,train
hysets_08MB010,7060016260,3,train
hysets_08MC045,7060016260,3,train
hysets_08MD035,7060016260,3,train
hysets_08ME023,7060016260,3,train
hysets_08ME025,7060016260,3,train
hysets_08ME027,7060016260,3,train
hysets_08ME028,7060016260,3,train
hysets_08MF003,7060016260,3,train
hysets_08MF062,7060016260,3,train
hysets_08MF065,7060016260,3,train
hysets_08MF068,7060016260,3,train
hysets_08MG001,7060016260,3,train
hysets_08MG005,7060016260,3,train
hysets_08MG013,7060016260,3,train
hysets_08MG023,7060016260,3,train
hysets_08MG026,7060016260,3,train
hysets_08MH001,7060016260,3,train
hysets_08MH006,7060016260,3,train
hysets_08MH016,7060016260,3,train
hysets_08MH029,7060016260,3,train
hysets_08MH056,7060016260,3,train
hysets_08MH076,7060016260,3,train
hysets_08MH103,7060016260,3,train
hysets_08MH141,7060016260,3,train
hysets_08MH147,7060016260,3,train
hysets_08MH155,7060016100,3,train
hysets_08MH166,7060016260,3,train
hysets_08NA002,7060014930,2,train
hysets_08NA006,7060014930,2,train
hysets_08NA012,7060014930,2,train
hysets_08NA053,7060014930,2,train
hysets_08NB005,7060014930,2,train
hysets_08NB012,7060014930,2,train
hysets_08NB014,7060014930,2,train
hysets_08NB016,7060014930,2,train
hysets_08NB019,7060014930,2,train
hysets_08NC004,7060014930,2,train
hysets_08ND012,7060014930,2,train
hysets_08ND013,7060014930,2,train
hysets_08ND018,7060014930,2,train
hysets_08ND019,7060014930,2,train
hysets_08NE006,7060014930,2,train
hysets_08NE008,7060014930,2,train
hysets_08NE039,7060014930,2,train
hysets_08NE074,7060014930,2,train
hysets_08NE077,7060014930,2,train
hysets_08NE087,7060014930,2,train
hysets_08NE110,7060014930,2,train
hysets_08NE114,7060014930,2,train
hysets_08NF001,7060014930,2,train
hysets_08NG046,7060014930,2,train
hysets_08NG051,7060014930,2,train
hysets_08NG065,7060014930,2,train
hysets_08NG076,7060014930,2,train
hysets_08NG077,7060014930,2,train
hysets_08NG078,7060014930,2,train
hysets_08NG086,7060014930,2,train
hysets_08NH005,7060014930,2,train
hysets_08NH006,7060014930,2,train
hysets_08NH007,7060014930,2,train
hysets_08NH016,7060014930,2,train
hysets_08NH032,7060014930,2,train
hysets_08NH084,7060014930,2,train
hysets_08NH115,7060014930,2,train
hysets_08NH119,7060014930,2,train
hysets_08NH120,7060014930,2,train
hysets_08NH130,7060014930,2,train
hysets_08NH132,7060014930,2,train
hysets_08NH138,7060014930,2,train
hysets_08NJ013,7060014930,2,train
hysets_08NJ026,7060014930,2,train
hysets_08NJ061,7060014930,2,train
hysets_08NJ130,7060014930,2,train
hysets_08NJ160,7060014930,2,train
hysets_08NJ168,7060014930,2,train
hysets_08NK002,7060014930,2,train
hysets_08NK016,7060014930,2,train
hysets_08NK018,7060014930,2,train
hysets_08NK020,7060014930,2,train
hysets_08NK022,7060014930,2,train
hysets_08NK026,7060014930,2,train
hysets_08NL004,7060014930,2,train
hysets_08NL007,7060014930,2,train
hysets_08NL024,7060014930,2,train
hysets_08NL036,7060014930,2,train
hysets_08NL038,7060014930,2,train
hysets_08NL041,7060014930,2,train
hysets_08NL050,7060014930,2,train
hysets_08NL069,7060014930,2,train
hysets_08NL070,7060014930,2,train
hysets_08NL071,7060014930,2,train
hysets_08NL076,7060014930,2,train
hysets_08NM015,7060014930,2,train
hysets_08NM142,7060014930,2,train
hysets_08NM171,7060014930,2,train
hysets_08NM173,7060014930,2,train
hysets_08NM174,7060014930,2,train
hysets_08NM240,7060014930,2,train
hysets_08NN002,7060014930,2,train
hysets_08NN012,7060014930,2,train
hysets_08NN013,7060014930,2,train
hysets_08NN015,7060014930,2,train
hysets_08NN019,7060014930,2,train
hysets_08NN022,7060014930,2,train
hysets_08NN023,7060014930,2,train
hysets_08NN028,7060014930,2,train
hysets_08NP001,7060014930,2,train
hysets_08NP002,7060014930,2,train
hysets_08NP004,7060014930,2,train
hysets_08OA002,7060057510,1,train
hysets_08OA004,7060057510,1,train
hysets_09011500,7060008710,3,train
hysets_09012500,7060008710,3,train
hysets_09013500,7060008710,3,train
hysets_09015500,7060008710,3,train
hysets_09016000,7060008710,3,train
hysets_09020000,7060008710,3,train
hysets_09020500,7060008710,3,train
hysets_09022000,7060008710,3,train
hysets_09032001,7060008710,3,train
hysets_09033000,7060008710,3,train
hysets_09034800,7060008710,3,train
hysets_09034900,7060008710,3,train
hysets_09035800,7060008710,3,train
hysets_09035820,7060008710,3,train
hysets_09035830,7060008710,3,train
hysets_09035840,7060008710,3,train
hysets_09035850,7060008710,3,train
hysets_09035870,7060008710,3,train
hysets_09035900,7060008710,3,train
hysets_09036500,7060008710,3,train
hysets_09039000,7060008710,3,train
hysets_09040000,7060008710,3,train
hysets_09040500,7060008710,3,train
hysets_09041090,7060008710,3,train
hysets_09041100,7060008710,3,train
hysets_09043000,7060008710,3,train
hysets_09044500,7060008710,3,train
hysets_09045000,7060008710,3,train
hysets_09046530,7060008710,3,train
hysets_09046601,7060008710,3,train
hysets_09047500,7060008710,3,train
hysets_09047700,7060008710,3,train
hysets_09049200,7060008710,3,train
hysets_09050100,7060008710,3,train
hysets_09051000,7060008710,3,train
hysets_09051050,7060008710,3,train
hysets_09052000,7060008710,3,train
hysets_09052400,7060008710,3,train
hysets_09052800,7060008710,3,train
hysets_09053000,7060008710,3,train
hysets_09054000,7060008710,3,train
hysets_09054500,7060008710,3,train
hysets_09055000,7060008710,3,train
hysets_09055300,7060008710,3,train
hysets_09055500,7060008710,3,train
hysets_09058030,7060008710,3,train
hysets_09058500,7060008710,3,train
hysets_09058600,7060008710,3,train
hysets_09058700,7060008710,3,train
hysets_09058800,7060008710,3,train
hysets_09059500,7060008710,3,train
hysets_09060500,7060008710,3,train
hysets_09060800,7060008710,3,train
hysets_09060900,7060008710,3,train
hysets_09061000,7060008710,3,train
hysets_09063200,7060008710,3,train
hysets_09063400,7060008710,3,train
hysets_09065100,7060008710,3,train
hysets_09065500,7060008710,3,train
hysets_09066000,7060008710,3,train
hysets_09066050,7060008710,3,train
hysets_09066100,7060008710,3,train
hysets_09066200,7060008710,3,train
hysets_09066250,7060008710,3,train
hysets_09066300,7060008710,3,train
hysets_09066310,7060008710,3,train
hysets_09066325,7060008710,3,train
hysets_09066400,7060008710,3,train
hysets_09066500,7060008710,3,train
hysets_09067000,7060008710,3,train
hysets_09067300,7060008710,3,train
hysets_09067700,7060008710,3,train
hysets_09068000,7060008710,3,train
hysets_09069500,7060008710,3,train
hysets_09070000,7060008710,3,train
hysets_09073700,7060008710,3,train
hysets_09073800,7060008710,3,train
hysets_09073900,7060008710,3,train
hysets_09074000,7060008710,3,train
hysets_09074800,7060008710,3,train
hysets_09075700,7060008710,3,train
hysets_09077400,7060008710,3,train
hysets_09077900,7060008710,3,train
hysets_09078300,7060008710,3,train
hysets_09078475,7060008710,3,train
hysets_09078900,7060008710,3,train
hysets_09079000,7060008710,3,train
hysets_09080200,7060008710,3,train
hysets_09080800,7060008710,3,train
hysets_09081550,7060008710,3,train
hysets_09081600,7060008710,3,train
hysets_09082500,7060008710,3,train
hysets_09082800,7060008710,3,train
hysets_09083000,7060008710,3,train
hysets_09083800,7060008710,3,train
hysets_09084000,7060008710,3,train
hysets_09084600,7060008710,3,train
hysets_09085200,7060008710,3,train
hysets_09085300,7060008710,3,train
hysets_09085400,7060008710,3,train
hysets_09085500,7060008710,3,train
hysets_09086000,7060008710,3,train
hysets_09086470,7060008710,3,train
hysets_09086970,7060008710,3,train
hysets_09087500,7060008710,3,train
hysets_09088000,7060008710,3,train
hysets_09089000,7060008710,3,train
hysets_09089500,7060008710,3,train
hysets_09090700,7060008710,3,train
hysets_09092600,7060008710,3,train
hysets_09092830,7060008710,3,train
hysets_09092850,7060008710,3,train
hysets_09092960,7060008710,3,train
hysets_09092970,7060008710,3,train
hysets_09092980,7060008710,3,train
hysets_09093000,7060008710,3,train
hysets_09093500,7060008710,3,train
hysets_09094200,7060008710,3,train
hysets_09094400,7060008710,3,train
hysets_09095000,7060008710,3,train
hysets_09095400,7060008710,3,train
hysets_09095800,7060008710,3,train
hysets_09096000,7060008710,3,train
hysets_09096800,7060008710,3,train
hysets_09097500,7060008710,3,train
hysets_09097600,7060008710,3,train
hysets_09107000,7060008710,3,train
hysets_09111500,7060008710,3,train
hysets_09112200,7060008710,3,train
hysets_09112500,7060008710,3,train
hysets_09113100,7060008710,3,train
hysets_09113300,7060008710,3,train
hysets_09113500,7060008710,3,train
hysets_09115500,7060008710,3,train
hysets_09117000,7060008710,3,train
hysets_09118000,7060008710,3,train
hysets_09119000,7060008710,3,train
hysets_09121500,7060008710,3,train
hysets_09121800,7060008710,3,train
hysets_09122000,7060008710,3,train
hysets_09122500,7060008710,3,train
hysets_09123400,7060008710,3,train
hysets_09124500,7060008710,3,train
hysets_09125000,7060008710,3,train
hysets_09126500,7060008710,3,train
hysets_09127500,7060008710,3,train
hysets_09128500,7060008710,3,train
hysets_09129000,7060008710,3,train
hysets_09129800,7060008710,3,train
hysets_09130500,7060008710,3,train
hysets_09130800,7060008710,3,train
hysets_09132000,7060008710,3,train
hysets_09132700,7060008710,3,train
hysets_09132800,7060008710,3,train
hysets_09132940,7060008710,3,train
hysets_09134200,7060008710,3,train
hysets_09134500,7060008710,3,train
hysets_09134700,7060008710,3,train
hysets_09135900,7060008710,3,train
hysets_09144500,7060008710,3,train
hysets_09146020,7060008710,3,train
hysets_09146200,7060008710,3,train
hysets_09146400,7060008710,3,train
hysets_09146500,7060008710,3,train
hysets_09146550,7060008710,3,train
hysets_09146600,7060008710,3,train
hysets_09147100,7060008710,3,train
hysets_09149910,7060008710,3,train
hysets_09151500,7060008710,3,train
hysets_09153330,7060008710,3,train
hysets_09153400,7060008710,3,train
hysets_09163310,7060008710,3,train
hysets_09163490,7060008710,3,train
hysets_09163570,7060008710,3,train
hysets_09163675,7060008710,3,train
hysets_09165000,7060008710,3,train
hysets_09166500,7060008710,3,train
hysets_09167450,7060008710,3,train
hysets_09168100,7060008710,3,train
hysets_09168500,7060008710,3,train
hysets_09170800,7060008710,3,train
hysets_09171200,7060008710,3,train
hysets_09172500,7060008710,3,train
hysets_09174700,7060008710,3,train
hysets_09175400,7060008710,3,train
hysets_09175500,7060008710,3,train
hysets_09175900,7060008710,3,train
hysets_09176500,7060008710,3,train
hysets_09179200,7060008710,3,train
hysets_09181000,7060008710,3,train
hysets_09181500,7060008710,3,train
hysets_09182000,7060008710,3,train
hysets_09182500,7060008710,3,train
hysets_09182900,7060008710,3,train
hysets_09183000,7060008710,3,train
hysets_09183500,7060008710,3,train
hysets_09184000,7060008710,3,train
hysets_09184500,7060008710,3,train
hysets_09185000,7060008710,3,train
hysets_09185500,7060008710,3,train
hysets_09186000,7060008710,3,train
hysets_09187000,7060008710,3,train
hysets_09187500,7060008710,3,train
hysets_09189495,7060008710,3,train
hysets_09189500,7060008710,3,train
hysets_09189550,7060008710,3,train
hysets_09191300,7060008710,3,train
hysets_09196500,7060008710,3,train
hysets_09199500,7060008710,3,train
hysets_09203000,7060008710,3,train
hysets_09204000,7060008710,3,train
hysets_09205490,7060008710,3,train
hysets_09205500,7060008710,3,train
hysets_09207700,7060008710,3,train
hysets_09208000,7060008710,3,train
hysets_09208400,7060008710,3,train
hysets_09209500,7060008710,3,train
hysets_09212500,7060008710,3,train
hysets_09214500,7060008710,3,train
hysets_09216000,7060008710,3,train
hysets_09216527,7060047060,0,train
hysets_09216545,7060008710,3,train
hysets_09216565,7060008710,3,train
hysets_09216576,7060008710,3,train
hysets_09216578,7060008710,3,train
hysets_09216750,7060008710,3,train
hysets_09217900,7060008710,3,train
hysets_09220500,7060008710,3,train
hysets_09222200,7060008710,3,train
hysets_09222300,7060008710,3,train
hysets_09222400,7060008710,3,train
hysets_09223000,7060008710,3,train
hysets_09223500,7060008710,3,train
hysets_09226000,7060008710,3,train
hysets_09226500,7060008710,3,train
hysets_09227000,7060008710,3,train
hysets_09227500,7060008710,3,train
hysets_09234000,7060008710,3,train
hysets_09234700,7060008710,3,train
hysets_09235100,7060008710,3,train
hysets_09235300,7060008710,3,train
hysets_09235600,7060008710,3,train
hysets_09237800,7060008710,3,train
hysets_09238300,7060008710,3,train
hysets_09238350,7060008710,3,train
hysets_09238500,7060008710,3,train
hysets_09238705,7060008710,3,train
hysets_09238710,7060008710,3,train
hysets_09238770,7060008710,3,train
hysets_09238800,7060008710,3,train
hysets_09239400,7060008710,3,train
hysets_09239500,7060008710,3,train
hysets_09240020,7060008710,3,train
hysets_09240800,7060008710,3,train
hysets_09240900,7060008710,3,train
hysets_09241000,7060008710,3,train
hysets_09242500,7060008710,3,train
hysets_09243700,7060008710,3,train
hysets_09243900,7060008710,3,train
hysets_09244100,7060008710,3,train
hysets_09244300,7060008710,3,train
hysets_09244415,7060008710,3,train
hysets_09244464,7060008710,3,train
hysets_09244470,7060008710,3,train
hysets_09244500,7060008710,3,train
hysets_09245000,7060008710,3,train
hysets_09245500,7060008710,3,train
hysets_09246200,7060008710,3,train
hysets_09246900,7060008710,3,train
hysets_09246920,7060008710,3,train
hysets_09248600,7060008710,3,train
hysets_09249000,7060008710,3,train
hysets_09249200,7060008710,3,train
hysets_09249700,7060008710,3,train
hysets_09249750,7060008710,3,train
hysets_09250000,7060008710,3,train
hysets_09250400,7060008710,3,train
hysets_09250507,7060008710,3,train
hysets_09250510,7060008710,3,train
hysets_09250600,7060008710,3,train
hysets_09250610,7060008710,3,train
hysets_09251900,7060008710,3,train
hysets_09253000,7060008710,3,train
hysets_09253400,7060008710,3,train
hysets_09255000,7060008710,3,train
hysets_09255400,7060008710,3,train
hysets_09255500,7060008710,3,train
hysets_09255900,7060008710,3,train
hysets_09256000,7060008710,3,train
hysets_09258000,7060008710,3,train
hysets_09259700,7060008710,3,train
hysets_09259990,7060008710,3,train
hysets_09260000,7060008710,3,train
hysets_09261500,7060008710,3,train
hysets_09264000,7060008710,3,train
hysets_09264500,7060008710,3,train
hysets_09265300,7060008710,3,train
hysets_09265500,7060008710,3,train
hysets_09266500,7060008710,3,train
hysets_09267100,7060008710,3,train
hysets_09268000,7060008710,3,train
hysets_09268500,7060008710,3,train
hysets_09268900,7060008710,3,train
hysets_09269000,7060008710,3,train
hysets_09269500,7060008710,3,train
hysets_09270000,7060008710,3,train
hysets_09270500,7060008710,3,train
hysets_09271000,7060008710,3,train
hysets_09271550,7060008710,3,train
hysets_09273200,7060008710,3,train
hysets_09273500,7060008710,3,train
hysets_09275000,7060008710,3,train
hysets_09276000,7060008710,3,train
hysets_09277000,7060008710,3,train
hysets_09277501,7060008710,3,train
hysets_09278000,7060008710,3,train
hysets_09278500,7060008710,3,train
hysets_09278700,7060008710,3,train
hysets_09279501,7060008710,3,train
hysets_09280400,7060008710,3,train
hysets_09286100,7060008710,3,train
hysets_09286500,7060008710,3,train
hysets_09288150,7060008710,3,train
hysets_09288900,7060008710,3,train
hysets_09289500,7060008710,3,train
hysets_09291500,7060008710,3,train
hysets_09292000,7060008710,3,train
hysets_09292500,7060008710,3,train
hysets_09293000,7060008710,3,train
hysets_09293600,7060008710,3,train
hysets_09293700,7060008710,3,train
hysets_09296000,7060008710,3,train
hysets_09296500,7060008710,3,train
hysets_09297000,7060008710,3,train
hysets_09297700,7060008710,3,train
hysets_09297800,7060008710,3,train
hysets_09297900,7060008710,3,train
hysets_09298000,7060008710,3,train
hysets_09298500,7060008710,3,train
hysets_09299400,7060008710,3,train
hysets_09299500,7060008710,3,train
hysets_09299600,7060008710,3,train
hysets_09299700,7060008710,3,train
hysets_09299900,7060008710,3,train
hysets_09300000,7060008710,3,train
hysets_09300500,7060008710,3,train
hysets_09301200,7060008710,3,train
hysets_09302400,7060008710,3,train
hysets_09302420,7060008710,3,train
hysets_09302450,7060008710,3,train
hysets_09302500,7060008710,3,train
hysets_09302800,7060008710,3,train
hysets_09303000,7060008710,3,train
hysets_09303300,7060008710,3,train
hysets_09303320,7060008710,3,train
hysets_09303340,7060008710,3,train
hysets_09303400,7060008710,3,train
hysets_09303500,7060008710,3,train
hysets_09304000,7060008710,3,train
hysets_09304100,7060008710,3,train
hysets_09304115,7060008710,3,train
hysets_09304150,7060008710,3,train
hysets_09304200,7060008710,3,train
hysets_09304300,7060008710,3,train
hysets_09304500,7060008710,3,train
hysets_09304800,7060008710,3,train
hysets_09305500,7060008710,3,train
hysets_09306007,7060008710,3,train
hysets_09306015,7060008710,3,train
hysets_09306025,7060008710,3,train
hysets_09306028,7060008710,3,train
hysets_09306033,7060008710,3,train
hysets_09306036,7060008710,3,train
hysets_09306039,7060008710,3,train
hysets_09306042,7060008710,3,train
hysets_09306052,7060008710,3,train
hysets_09306058,7060008710,3,train
hysets_09306061,7060008710,3,train
hysets_09306175,7060008710,3,train
hysets_09306222,7060008710,3,train
hysets_09306230,7060008710,3,train
hysets_09306235,7060008710,3,train
hysets_09306237,7060008710,3,train
hysets_09306240,7060008710,3,train
hysets_09306241,7060008710,3,train
hysets_09306242,7060008710,3,train
hysets_09306244,7060008710,3,train
hysets_09306246,7060008710,3,train
hysets_09306248,7060008710,3,train
hysets_09306250,7060008710,3,train
hysets_09306255,7060008710,3,train
hysets_09306300,7060008710,3,train
hysets_09306380,7060008710,3,train
hysets_09306395,7060008710,3,train
hysets_09306400,7060008710,3,train
hysets_09306405,7060008710,3,train
hysets_09306410,7060008710,3,train
hysets_09306415,7060008710,3,train
hysets_09306417,7060008710,3,train
hysets_09306420,7060008710,3,train
hysets_09306425,7060008710,3,train
hysets_09306430,7060008710,3,train
hysets_09306600,7060008710,3,train
hysets_09306605,7060008710,3,train
hysets_09306610,7060008710,3,train
hysets_09306620,7060008710,3,train
hysets_09306625,7060008710,3,train
hysets_09306700,7060008710,3,train
hysets_09306760,7060008710,3,train
hysets_09306780,7060008710,3,train
hysets_09306800,7060008710,3,train
hysets_09306850,7060008710,3,train
hysets_09306870,7060008710,3,train
hysets_09306872,7060008710,3,train
hysets_09306878,7060008710,3,train
hysets_09306885,7060008710,3,train
hysets_09306900,7060008710,3,train
hysets_09307200,7060008710,3,train
hysets_09307500,7060008710,3,train
hysets_09307800,7060008710,3,train
hysets_09307900,7060008710,3,train
hysets_09308000,7060008710,3,train
hysets_09308500,7060008710,3,train
hysets_09309000,7060008710,3,train
hysets_09310500,7060008710,3,train
hysets_09310575,7060008710,3,train
hysets_09310600,7060008710,3,train
hysets_09311500,7060008710,3,train
hysets_09311700,7060008710,3,train
hysets_09312500,7060008710,3,train
hysets_09312600,7060008710,3,train
hysets_09312700,7060008710,3,train
hysets_09312800,7060008710,3,train
hysets_09312900,7060008710,3,train
hysets_09313040,7060008710,3,train
hysets_09313965,7060008710,3,train
hysets_09313975,7060008710,3,train
hysets_09313985,7060008710,3,train
hysets_09314000,7060008710,3,train
hysets_09314280,7060008710,3,train
hysets_09314340,7060008710,3,train
hysets_09314374,7060008710,3,train
hysets_09315500,7060008710,3,train
hysets_09316000,7060008710,3,train
hysets_09316100,7060008710,3,train
hysets_09317919,7060008710,3,train
hysets_09317920,7060008710,3,train
hysets_09324200,7060008710,3,train
hysets_09325100,7060008710,3,train
hysets_09326500,7060008710,3,train
hysets_09329050,7060008710,3,train
hysets_09329500,7060008710,3,train
hysets_09329900,7060008710,3,train
hysets_09330210,7060008710,3,train
hysets_09330410,7060008710,3,train
hysets_09330500,7060008710,3,train
hysets_09331500,7060008710,3,train
hysets_09331850,7060008710,3,train
hysets_09331900,7060008710,3,train
hysets_09334000,7060008710,3,train
hysets_09334500,7060008710,3,train
hysets_09335500,7060008710,3,train
hysets_09336500,7060008710,3,train
hysets_09337000,7060008710,3,train
hysets_09338000,7060008710,3,train
hysets_09338500,7060008710,3,train
hysets_09338900,7060008710,3,train
hysets_09339000,7060008710,3,train
hysets_09339500,7060008710,3,train
hysets_09339900,7060008710,3,train
hysets_09340000,7060008710,3,train
hysets_09340500,7060008710,3,train
hysets_09340800,7060008710,3,train
hysets_09341200,7060008710,3,train
hysets_09341350,7060008710,3,train
hysets_09342500,7060008710,3,train
hysets_09343000,7060008710,3,train
hysets_09343500,7060008710,3,train
hysets_09344300,7060008710,3,train
hysets_09345500,7060008710,3,train
hysets_09347200,7060008710,3,train
hysets_09347205,7060008710,3,train
hysets_09349500,7060008710,3,train
hysets_09349800,7060008710,3,train
hysets_09352900,7060008710,3,train
hysets_09356565,7060008710,3,train
hysets_09357500,7060008710,3,train
hysets_09358900,7060008710,3,train
hysets_09359100,7060008710,3,train
hysets_09359500,7060008710,3,train
hysets_09361000,7060008710,3,train
hysets_09361200,7060008710,3,train
hysets_09361400,7060008710,3,train
hysets_09361500,7060008710,3,train
hysets_09362900,7060008710,3,train
hysets_09363000,7060008710,3,train
hysets_09363100,7060008710,3,train
hysets_09365500,7060008710,3,train
hysets_09366500,7060008710,3,train
hysets_09367400,7060008710,3,train
hysets_09367680,7060008710,3,train
hysets_09367685,7060008710,3,train
hysets_09367687,7060008710,3,train
hysets_09367689,7060008710,3,train
hysets_09367710,7060008710,3,train
hysets_09367900,7060008710,3,train
hysets_09367930,7060008710,3,train
hysets_09367950,7060008710,3,train
hysets_09368500,7060008710,3,train
hysets_09370820,7060008710,3,train
hysets_09371000,7060008710,3,train
hysets_09371400,7060008710,3,train
hysets_09371420,7060008710,3,train
hysets_09371520,7060008710,3,train
hysets_09371700,7060008710,3,train
hysets_09372000,7060008710,3,train
hysets_09372200,7060008710,3,train
hysets_09372400,7060008710,3,train
hysets_09376800,7060008710,3,train
hysets_09376900,7060008710,3,train
hysets_09378170,7060008710,3,train
hysets_09378490,7060008710,3,train
hysets_09378600,7060008710,3,train
hysets_09378630,7060008710,3,train
hysets_09378700,7060008710,3,train
hysets_09379000,7060008710,3,train
hysets_09379200,7060008710,3,train
hysets_09381500,7060008710,3,train
hysets_09381800,7060008710,3,train
hysets_09382000,7060008710,3,train
hysets_09383200,7060008710,3,train
hysets_09383400,7060008710,3,train
hysets_09383500,7060008710,3,train
hysets_09383570,7060008710,3,train
hysets_09385700,7060008710,3,train
hysets_09386050,7060008710,3,train
hysets_09386900,7060008710,3,train
hysets_09386917,7060008710,3,train
hysets_09386919,7060008710,3,train
hysets_09387300,7060008710,3,train
hysets_09390000,7060008710,3,train
hysets_09393400,7060008710,3,train
hysets_09394000,7060008710,3,train
hysets_09395350,7060008710,3,train
hysets_09395500,7060008710,3,train
hysets_09395650,7060008710,3,train
hysets_09395700,7060008710,3,train
hysets_09395900,7060008710,3,train
hysets_09396100,7060008710,3,train
hysets_09397000,7060008710,3,train
hysets_09397300,7060008710,3,train
hysets_09399400,7060008710,3,train
hysets_09400000,7060008710,3,train
hysets_09400350,7060008710,3,train
hysets_09400562,7060008710,3,train
hysets_09400568,7060008710,3,train
hysets_09400600,7060008710,3,train
hysets_09401000,7060008710,3,train
hysets_09401110,7060008710,3,train
hysets_09401260,7060008710,3,train
hysets_09401400,7060008710,3,train
hysets_09401500,7060008710,3,train
hysets_09403000,7060008710,3,train
hysets_09403600,7060008710,3,train
hysets_09403620,7060008710,3,train
hysets_09403630,7060008710,3,train
hysets_09403640,7060008710,3,train
hysets_09403650,7060008710,3,train
hysets_09403780,7060008710,3,train
hysets_09403990,7060008710,3,train
hysets_09404020,7060008710,3,train
hysets_09404040,7060008710,3,train
hysets_09404110,7060008710,3,train
hysets_09404208,7060008710,3,train
hysets_09404222,7060008710,3,train
hysets_09404343,7060008710,3,train
hysets_09404450,7060008710,3,train
hysets_09405300,7060008710,3,train
hysets_09405400,7060008710,3,train
hysets_09405420,7060008710,3,train
hysets_09405500,7060008710,3,train
hysets_09405501,7060008710,3,train
hysets_09406000,7060008710,3,train
hysets_09406100,7060008710,3,train
hysets_09406150,7060008710,3,train
hysets_09406300,7060008710,3,train
hysets_09406640,7060008710,3,train
hysets_09406700,7060008710,3,train
hysets_09406900,7060008710,3,train
hysets_09407000,7060008710,3,train
hysets_09407600,7060008710,3,train
hysets_09407800,7060008710,3,train
hysets_09408000,7060008710,3,train
hysets_09408135,7060008710,3,train
hysets_09408400,7060008710,3,train
hysets_09409100,7060008710,3,train
hysets_09409500,7060008710,3,train
hysets_09413900,7060008710,3,train
hysets_09415190,7060008710,3,train
hysets_09415230,7060008710,3,train
hysets_09415515,7060008710,3,train
hysets_09415550,7060008710,3,train
hysets_09415850,7060008710,3,train
hysets_09419610,7060074530,4,train
hysets_09419665,7060008710,3,train
hysets_09419673,7060008710,3,train
hysets_09419695,7060008710,3,train
hysets_09423350,7060074080,1,val
hysets_09424170,7060008710,3,train
hysets_09424200,7060008710,3,train
hysets_09424432,7060008710,3,train
hysets_09424447,7060008710,3,train
hysets_09424470,7060008710,3,train
hysets_09424900,7060008710,3,train
hysets_09425500,7060008710,3,train
hysets_09427800,7060008710,3,train
hysets_09428200,7060008710,3,train
hysets_09428900,7060008710,3,train
hysets_09430500,7060008710,3,train
hysets_09430600,7060008710,3,train
hysets_09431500,7060008710,3,train
hysets_09432000,7060008710,3,train
hysets_09442000,7060008710,3,train
hysets_09442653,7060008710,3,train
hysets_09442680,7060008710,3,train
hysets_09442692,7060008710,3,train
hysets_09443000,7060008710,3,train
hysets_09444000,7060008710,3,train
hysets_09444200,7060008710,3,train
hysets_09444500,7060008710,3,train
hysets_09445500,7060008710,3,train
hysets_09446500,7060008710,3,train
hysets_09447000,7060008710,3,train
hysets_09447800,7060008710,3,train
hysets_09448500,7060008710,3,train
hysets_09456600,7060008710,3,train
hysets_09456700,7060008710,3,train
hysets_09456800,7060008710,3,train
hysets_09458050,7060008710,3,train
hysets_09458200,7060008710,3,train
hysets_09458500,7060008710,3,train
hysets_09460150,7060008710,3,train
hysets_09460200,7060008710,3,train
hysets_09466300,7060008710,3,train
hysets_09466500,7060008710,3,train
hysets_09467100,7060008710,3,train
hysets_09468500,7060008710,3,train
hysets_09470500,7060008710,3,train
hysets_09470800,7060008710,3,train
hysets_09471000,7060008710,3,train
hysets_09471300,7060008710,3,train
hysets_09471400,7060008710,3,train
hysets_09471550,7060008710,3,train
hysets_09471800,7060008710,3,train
hysets_09472000,7060008710,3,train
hysets_09472050,7060008710,3,train
hysets_09472100,7060008710,3,train
hysets_09473000,7060008710,3,train
hysets_09473100,7060008710,3,train
hysets_09473400,7060008710,3,train
hysets_09473500,7060008710,3,train
hysets_09477570,7060008710,3,train
hysets_09479501,7060008710,3,train
hysets_09480000,7060008710,3,train
hysets_09481500,7060008710,3,train
hysets_09481740,7060008710,3,train
hysets_09481770,7060008710,3,train
hysets_09482000,7060008710,3,train
hysets_09482001,7060008710,3,train
hysets_09482400,7060008710,3,train
hysets_09482500,7060008710,3,train
hysets_09483000,7060008710,3,train
hysets_09483010,7060008710,3,train
hysets_09483100,7060008710,3,train
hysets_09483300,7060008710,3,train
hysets_09484000,7060008710,3,train
hysets_09484500,7060008710,3,train
hysets_09484560,7060008710,3,train
hysets_09484580,7060008710,3,train
hysets_09484590,7060008710,3,train
hysets_09484600,7060008710,3,train
hysets_09485000,7060008710,3,train
hysets_09485450,7060008710,3,train
hysets_09485500,7060008710,3,train
hysets_09485700,7060008710,3,train
hysets_09485850,7060008710,3,train
hysets_09486055,7060008710,3,train
hysets_09486100,7060008710,3,train
hysets_09486300,7060008710,3,train
hysets_09486350,7060008710,3,train
hysets_09486500,7060008710,3,train
hysets_09486520,7060008710,3,train
hysets_09486580,7060008710,3,train
hysets_09486600,7060008710,3,train
hysets_09486800,7060008710,3,train
hysets_09487000,7060008710,3,train
hysets_09488000,7060008710,3,train
hysets_09488650,7060008710,3,train
hysets_09489030,7060008710,3,train
hysets_09489040,7060008710,3,train
hysets_09489070,7060008710,3,train
hysets_09489078,7060008710,3,train
hysets_09489086,7060008710,3,train
hysets_09489089,7060008710,3,train
hysets_09489100,7060008710,3,train
hysets_09489200,7060008710,3,train
hysets_09489499,7060008710,3,train
hysets_09489500,7060008710,3,train
hysets_09489700,7060008710,3,train
hysets_09490500,7060008710,3,train
hysets_09490800,7060008710,3,train
hysets_09494000,7060008710,3,train
hysets_09494300,7060008710,3,train
hysets_09494500,7060008710,3,train
hysets_09495500,7060008710,3,train
hysets_09496000,7060008710,3,train
hysets_09496500,7060008710,3,train
hysets_09497500,7060008710,3,train
hysets_09497800,7060008710,3,train
hysets_09497850,7060008710,3,train
hysets_09497900,7060008710,3,train
hysets_09497980,7060008710,3,train
hysets_09498400,7060008710,3,train
hysets_09498501,7060008710,3,train
hysets_09498502,7060008710,3,train
hysets_09498503,7060008710,3,train
hysets_09498800,7060008710,3,train
hysets_09498870,7060008710,3,train
hysets_09499000,7060008710,3,train
hysets_09502800,7060008710,3,train
hysets_09502900,7060008710,3,train
hysets_09502960,7060008710,3,train
hysets_09503000,7060008710,3,train
hysets_09503700,7060008710,3,train
hysets_09503720,7060008710,3,train
hysets_09503800,7060008710,3,train
hysets_09504000,7060008710,3,train
hysets_09504420,7060008710,3,train
hysets_09504430,7060008710,3,train
hysets_09504500,7060008710,3,train
hysets_09505200,7060008710,3,train
hysets_09505220,7060008710,3,train
hysets_09505250,7060008710,3,train
hysets_09505300,7060008710,3,train
hysets_09505350,7060008710,3,train
hysets_09505550,7060008710,3,train
hysets_09505800,7060008710,3,train
hysets_09506000,7060008710,3,train
hysets_09507600,7060008710,3,train
hysets_09507700,7060008710,3,train
hysets_09507800,7060008710,3,train
hysets_09507900,7060008710,3,train
hysets_09507980,7060008710,3,train
hysets_09508300,7060008710,3,train
hysets_09508500,7060008710,3,train
hysets_09510070,7060008710,3,train
hysets_09510080,7060008710,3,train
hysets_09510100,7060008710,3,train
hysets_09510150,7060008710,3,train
hysets_09510170,7060008710,3,train
hysets_09510180,7060008710,3,train
hysets_09510200,7060008710,3,train
hysets_09512100,7060008710,3,train
hysets_09512190,7060008710,3,train
hysets_09512200,7060008710,3,train
hysets_09512280,7060008710,3,train
hysets_09512300,7060008710,3,train
hysets_09512406,7060008710,3,train
hysets_09512450,7060008710,3,train
hysets_09512495,7060008710,3,train
hysets_09512500,7060008710,3,train
hysets_09512501,7060008710,3,train
hysets_09512600,7060008710,3,train
hysets_09512800,7060008710,3,train
hysets_09512830,7060008710,3,train
hysets_09512860,7060008710,3,train
hysets_09512970,7060008710,3,train
hysets_09513650,7060008710,3,train
hysets_09513780,7060008710,3,train
hysets_09513800,7060008710,3,train
hysets_09513835,7060008710,3,train
hysets_09513860,7060008710,3,train
hysets_09513910,7060008710,3,train
hysets_09514300,7060008710,3,train
hysets_09515500,7060008710,3,train
hysets_09516500,7060008710,3,train
hysets_09517000,7060008710,3,train
hysets_09518000,7060008710,3,train
hysets_09518500,7060008710,3,train
hysets_09520170,7060008710,3,train
hysets_09520280,7060008710,3,train
hysets_09520700,7060008710,3,train
hysets_09537200,7060007830,3,test
hysets_09537500,7060007830,3,test
hysets_09AA006,8060005510,3,train
hysets_09AA007,8060005510,3,train
hysets_09AA010,8060005510,3,train
hysets_09AA012,8060005510,3,train
hysets_09AA013,8060005510,3,train
hysets_09AB008,8060005510,3,train
hysets_09AC001,8060005510,3,train
hysets_09AC007,8060005510,3,train
hysets_09AE003,8060005510,3,train
hysets_09AE004,8060005510,3,train
hysets_09AE006,8060005510,3,train
hysets_09AG003,8060005510,3,train
hysets_09AH003,8060005510,3,train
hysets_09AH004,8060005510,3,train
hysets_09BA001,8060005510,3,train
hysets_09BC001,8060005510,3,train
hysets_09BC004,8060005510,3,train
hysets_09CA004,8060005510,3,train
hysets_09CA006,8060005510,3,train
hysets_09CB001,8060005510,3,train
hysets_09CD001,8060005510,3,train
hysets_09DB001,8060005510,3,train
hysets_09DD003,8060005510,3,train
hysets_09DD004,8060005510,3,train
hysets_09EA003,8060005510,3,train
hysets_09EA004,8060005510,3,train
hysets_09EA005,8060005510,3,train
hysets_09EB003,8060005510,3,train
hysets_09ED001,8060005510,3,train
hysets_09FB002,8060005510,3,train
hysets_09FC001,8060005510,3,train
hysets_09FD002,8060005510,3,train
hysets_10010400,7060073620,4,train
hysets_10011500,7060073620,4,train
hysets_10012000,7060073620,4,train
hysets_10015700,7060073620,4,train
hysets_10020500,7060073620,4,train
hysets_10023000,7060073620,4,train
hysets_10032000,7060073620,4,train
hysets_10034,7060007210,2,train
hysets_10037,7060007380,3,train
hysets_10041000,7060073620,4,train
hysets_10042500,7060073620,4,train
hysets_10054600,7060073620,4,train
hysets_10058600,7060073620,4,train
hysets_10063,7060007380,3,train
hysets_10069000,7060073620,4,train
hysets_10072800,7060073620,4,train
hysets_10080000,7060073620,4,train
hysets_10084500,7060073620,4,train
hysets_10089500,7060073620,4,train
hysets_10093000,7060073620,4,train
hysets_10096500,7060073620,4,train
hysets_10099000,7060073620,4,train
hysets_10102200,7060073620,4,train
hysets_10102300,7060073620,4,train
hysets_10104600,7060073620,4,train
hysets_10104700,7060073620,4,train
hysets_10104900,7060073620,4,train
hysets_10105900,7060073620,4,train
hysets_10107500,7060073620,4,train
hysets_10107600,7060073620,4,train
hysets_10109000,7060073620,4,train
hysets_10109001,7060073620,4,train
hysets_10111700,7060073620,4,train
hysets_10113500,7060073620,4,train
hysets_10119000,7060073620,4,train
hysets_10123000,7060073620,4,train
hysets_10126400,7060073620,4,train
hysets_10128000,7060073620,4,train
hysets_10128500,7060073620,4,train
hysets_10129350,7060073620,4,train
hysets_10130000,7060073620,4,train
hysets_10131000,7060073620,4,train
hysets_10132900,7060073620,4,train
hysets_10133540,7060073620,4,train
hysets_10133600,7060073620,4,train
hysets_10133800,7060073620,4,train
hysets_10133895,7060073620,4,train
hysets_10133900,7060073620,4,train
hysets_10133980,7060073620,4,train
hysets_10135000,7060073620,4,train
hysets_10136000,7060073620,4,train
hysets_10137000,7060073620,4,train
hysets_10137300,7060073620,4,train
hysets_10137600,7060073620,4,train
hysets_10137680,7060073620,4,train
hysets_10137700,7060073620,4,train
hysets_10137780,7060073620,4,train
hysets_10139300,7060073620,4,train
hysets_10143000,7060073620,4,train
hysets_10146500,7060073620,4,train
hysets_10147500,7060073620,4,train
hysets_10148200,7060073620,4,train
hysets_10148400,7060073620,4,train
hysets_10148500,7060073620,4,train
hysets_10152001,7060073620,4,train
hysets_10152500,7060073620,4,train
hysets_10152700,7060073620,4,train
hysets_10153800,7060073620,4,train
hysets_10155100,7060073620,4,train
hysets_10157000,7060073620,4,train
hysets_10160800,7060073620,4,train
hysets_10164500,7060073620,4,train
hysets_10165500,7060073620,4,train
hysets_10166000,7060073620,4,train
hysets_10166430,7060073620,4,train
hysets_10167450,7060073620,4,train
hysets_10167499,7060073620,4,train
hysets_10167500,7060073620,4,train
hysets_10167700,7060073620,4,train
hysets_10167800,7060073620,4,train
hysets_10168200,7060073620,4,train
hysets_10168300,7060073620,4,train
hysets_10168499,7060073620,4,train
hysets_10168500,7060073620,4,train
hysets_10168800,7060073620,4,train
hysets_10169000,7060073620,4,train
hysets_10169500,7060073620,4,train
hysets_10169800,7060073620,4,train
hysets_10169999,7060073620,4,train
hysets_10170000,7060073620,4,train
hysets_10171600,7060073620,4,train
hysets_10171900,7060073620,4,train
hysets_10172000,7060073620,4,train
hysets_10172200,7060073620,4,train
hysets_10172400,7060073620,4,train
hysets_10172500,7060073620,4,train
hysets_10172700,7060073620,4,train
hysets_10172727,7060073620,4,train
hysets_10172795,7060073620,4,train
hysets_10172800,7060073620,4,train
hysets_10172805,7060073620,4,train
hysets_10172870,7060073620,4,train
hysets_10172875,7060073620,4,train
hysets_10172921,7060073620,4,train
hysets_10172940,7060073620,4,train
hysets_10172950,7060073620,4,train
hysets_10172952,7060073620,4,train
hysets_10172955,7060073620,4,train
hysets_10173450,7060073650,3,val
hysets_10174500,7060073650,3,val
hysets_10183900,7060073650,3,val
hysets_10184450,7060073650,3,val
hysets_10187300,7060073650,3,val
hysets_10194200,7060073650,3,val
hysets_10204200,7060073650,3,val
hysets_10205030,7060073650,3,val
hysets_10205300,7060073650,3,val
hysets_10208500,7060073650,3,val
hysets_10210000,7060073650,3,val
hysets_10211000,7060073650,3,val
hysets_10215500,7060073650,3,val
hysets_10215700,7060073650,3,val
hysets_10215900,7060073650,3,val
hysets_10216400,7060073650,3,val
hysets_10219200,7060073650,3,val
hysets_10224100,7060073650,3,val
hysets_10224300,7060073650,3,val
hysets_10232500,7060073650,3,val
hysets_10233000,7060073650,3,val
hysets_10233500,7060073650,3,val
hysets_10234500,7060073650,3,val
hysets_10235000,7060073650,3,val
hysets_10236000,7060073650,3,val
hysets_10236500,7060073650,3,val
hysets_10237500,7060073650,3,val
hysets_10241400,7060073650,3,val
hysets_10241430,7060073650,3,val
hysets_10241470,7060073650,3,val
hysets_10241600,7060073650,3,val
hysets_10241800,7060073650,3,val
hysets_10242000,7060073650,3,val
hysets_10242430,7060074110,3,train
hysets_10243240,7060073620,4,train
hysets_10243260,7060073620,4,train
hysets_10243700,7060073870,4,test
hysets_10244720,7060074520,1,val
hysets_10244745,7060074520,1,val
hysets_10244950,7060073870,4,test
hysets_10245040,7060073870,4,test
hysets_10245445,7060074520,1,val
hysets_10245800,7060074280,1,train
hysets_10245900,7060073890,3,train
hysets_10245910,7060073890,3,train
hysets_10245925,7060073890,3,train
hysets_10246846,7060074040,1,train
hysets_10246930,7060074040,1,train
hysets_10246940,7060074040,1,train
hysets_10247200,7060074040,1,train
hysets_10249190,7060073980,2,test
hysets_10249200,7060074340,4,train
hysets_10249300,7060074340,4,train
hysets_10249411,7060074050,1,val
hysets_10249900,7060074060,4,train
hysets_10250600,7060074450,2,train
hysets_10250800,7060074450,2,train
hysets_10251215,7060073690,1,train
hysets_10251218,7060073690,1,train
hysets_10251220,7060073690,1,train
hysets_10251243,7060073690,1,train
hysets_10251248,7060073690,1,train
hysets_10251249,7060073690,1,train
hysets_10251250,7060073690,1,train
hysets_102512533,7060073690,1,train
hysets_102512535,7060073690,1,train
hysets_10251255,7060073690,1,train
hysets_10251258,7060073690,1,train
hysets_10251350,7060073690,1,train
hysets_10251890,7060074610,3,train
hysets_10251980,7060074610,3,train
hysets_10252300,7060074610,3,train
hysets_10253080,7060074080,1,val
hysets_10253320,7060074080,1,val
hysets_10253350,7060074080,1,val
hysets_10253540,7060074080,1,val
hysets_10253600,7060074080,1,val
hysets_10255700,7060008710,3,train
hysets_10255800,7060008710,3,train
hysets_10255805,7060008710,3,train
hysets_10255810,7060008710,3,train
hysets_10255850,7060008710,3,train
hysets_10256200,7060008710,3,train
hysets_10256501,7060008710,3,train
hysets_10257499,7060008710,3,train
hysets_10257600,7060008710,3,train
hysets_10257710,7060008710,3,train
hysets_10257800,7060008710,3,train
hysets_10258000,7060008710,3,train
hysets_10258500,7060008710,3,train
hysets_10259000,7060008710,3,train
hysets_10259100,7060008710,3,train
hysets_10259200,7060008710,3,train
hysets_10260200,7060074080,1,val
hysets_10260470,7060073800,2,test
hysets_10260500,7060073800,2,test
hysets_10260550,7060073800,2,test
hysets_10261800,7060073800,2,test
hysets_10263500,7060074330,1,train
hysets_10263630,7060074330,1,train
hysets_10263665,7060074330,1,train
hysets_10263900,7060074330,1,train
hysets_10264000,7060074330,1,train
hysets_10264100,7060074330,1,train
hysets_10264530,7060074330,1,train
hysets_10264560,7060074330,1,train
hysets_10264590,7060074330,1,train
hysets_10264600,7060074330,1,train
hysets_10264605,7060074330,1,train
hysets_10264682,7060074330,1,train
hysets_10264750,7060074330,1,train
hysets_10264878,7060074450,2,train
hysets_10265150,7060073840,1,train
hysets_10265200,7060073840,1,train
hysets_10270830,7060073840,1,train
hysets_10270877,7060073840,1,train
hysets_10270885,7060073840,1,train
hysets_10270940,7060073840,1,train
hysets_10270970,7060073840,1,train
hysets_10271200,7060073840,1,train
hysets_10271210,7060073840,1,train
hysets_10271211,7060073840,1,train
hysets_10276000,7060073840,1,train
hysets_10277400,7060073840,1,train
hysets_10286000,7060073840,1,train
hysets_10287070,7060074940,4,train
hysets_10287071,7060074940,4,train
hysets_10287262,7060074940,4,train
hysets_10287291,7060074940,4,train
hysets_10287780,7060074940,4,train
hysets_10290000,7060073830,2,train
hysets_10291500,7060073830,2,train
hysets_10295200,7060073830,2,train
hysets_10295500,7060073830,2,train
hysets_10296000,7060073830,2,train
hysets_10296500,7060073830,2,train
hysets_10302010,7060073830,2,train
hysets_10304500,7060073630,2,train
hysets_10308783,7060073630,2,train
hysets_103087891,7060073630,2,train
hysets_10308800,7060073630,2,train
hysets_10309030,7060073630,2,train
hysets_10309035,7060073630,2,train
hysets_10309050,7060073630,2,train
hysets_10309070,7060073630,2,train
hysets_10310000,7060073630,2,train
hysets_10310400,7060073630,2,train
hysets_10310500,7060073630,2,train
hysets_10311200,7060073630,2,train
hysets_10311250,7060073630,2,train
hysets_10311260,7060073630,2,train
hysets_10313400,7060073630,2,train
hysets_10316500,7060073630,2,train
hysets_10317400,7060073630,2,train
hysets_10317420,7060073630,2,train
hysets_10317430,7060073630,2,train
hysets_10317450,7060073630,2,train
hysets_10317460,7060073630,2,train
hysets_10319950,7060073630,2,train
hysets_10320100,7060073630,2,train
hysets_10321500,7060073630,2,train
hysets_10321590,7060073630,2,train
hysets_10321860,7060073630,2,train
hysets_10321940,7060073630,2,train
hysets_10321950,7060073630,2,train
hysets_10321970,7060073630,2,train
hysets_10322150,7060073630,2,train
hysets_10323000,7060073630,2,train
hysets_10324700,7060073630,2,train
hysets_10325500,7060073630,2,train
hysets_10326800,7060073630,2,train
hysets_10328000,7060073630,2,train
hysets_10328450,7060073630,2,train
hysets_10328475,7060073630,2,train
hysets_10329500,7060073630,2,train
hysets_10336580,7060073920,4,test
hysets_10336600,7060073920,4,test
hysets_103366092,7060073920,4,test
hysets_10336610,7060073920,4,test
hysets_10336626,7060073920,4,test
hysets_10336630,7060073920,4,test
hysets_10336640,7060073920,4,test
hysets_10336645,7060073920,4,test
hysets_10336658,7060073920,4,test
hysets_10336660,7060073920,4,test
hysets_10336674,7060073920,4,test
hysets_10336675,7060073920,4,test
hysets_10336676,7060073920,4,test
hysets_10336684,7060073920,4,test
hysets_10336686,7060073920,4,test
hysets_10336689,7060073920,4,test
hysets_103366995,7060073920,4,test
hysets_10336740,7060073920,4,test
hysets_103367585,7060073920,4,test
hysets_10336759,7060073920,4,test
hysets_103367592,7060073920,4,test
hysets_10336765,7060073920,4,test
hysets_10336770,7060073920,4,test
hysets_10336775,7060073920,4,test
hysets_10336780,7060073920,4,test
hysets_10336785,7060073920,4,test
hysets_10336790,7060073920,4,test
hysets_10338100,7060073920,4,test
hysets_10343500,7060073920,4,test
hysets_10345700,7060073920,4,test
hysets_10347300,7060073920,4,test
hysets_10347310,7060073920,4,test
hysets_10348500,7060073920,4,test
hysets_10348850,7060073920,4,test
hysets_10349700,7060073920,4,test
hysets_10353000,7060073720,4,train
hysets_10353600,7060073720,4,train
hysets_10353700,7060073720,4,train
hysets_10353750,7060074020,1,train
hysets_10353770,7060073720,4,train
hysets_10354700,7060074120,2,val
hysets_10356500,7060074120,2,val
hysets_10358470,7060074120,2,val
hysets_10358500,7060074120,2,val
hysets_10359100,7060074120,2,val
hysets_10359250,7060074120,2,val
hysets_10359300,7060074120,2,val
hysets_10360900,7060075190,3,train
hysets_10361700,7060074130,2,train
hysets_10366000,7060074150,1,val
hysets_10370000,7060074150,1,val
hysets_10371000,7060074150,1,val
hysets_10371500,7060074150,1,val
hysets_10378500,7060074150,1,val
hysets_10382550,7060074650,2,train
hysets_10382600,7060074650,2,train
hysets_10384000,7060074650,2,train
hysets_10393500,7060073780,3,train
hysets_10396000,7060073780,3,train
hysets_10401500,7060073780,3,train
hysets_10402000,7060073780,3,train
hysets_10403000,7060073780,3,train
hysets_10406500,7060074020,1,train
hysets_10AA001,8060009560,2,train
hysets_10AA002,8060009560,2,train
hysets_10AA004,8060009560,2,train
hysets_10AA005,8060009560,2,train
hysets_10AB001,8060009560,2,train
hysets_10AC003,8060009560,2,train
hysets_10AC004,8060009560,2,train
hysets_10AC005,8060009560,2,train
hysets_10BE001,8060009560,2,train
hysets_10BE004,8060009560,2,train
hysets_10BE007,8060009560,2,train
hysets_10BE009,8060009560,2,train
hysets_10BE011,8060009560,2,train
hysets_10CA001,8060009560,2,train
hysets_10CB001,8060009560,2,train
hysets_10CD001,8060009560,2,train
hysets_10CD003,8060009560,2,train
hysets_10CD004,8060009560,2,train
hysets_10CD005,8060009560,2,train
hysets_10EA002,8060009560,2,train
hysets_10EA003,8060009560,2,train
hysets_10EB001,8060009560,2,train
hysets_10EC002,8060009560,2,train
hysets_10ED001,8060009560,2,train
hysets_10ED002,8060009560,2,train
hysets_10ED003,8060009560,2,train
hysets_10ED007,8060009560,2,train
hysets_10ED009,8060009560,2,train
hysets_10FA002,8060009560,2,train
hysets_10FB005,8060009560,2,train
hysets_10GA001,8060009560,2,train
hysets_10GB005,8060009560,2,train
hysets_10GB006,8060009560,2,train
hysets_10GC003,8060009560,2,train
hysets_10HA002,8060009560,2,train
hysets_10HA004,8060009560,2,train
hysets_10HB003,8060009560,2,train
hysets_10HB004,8060009560,2,train
hysets_10HB005,8060009560,2,train
hysets_10HC007,8060009560,2,train
hysets_10HC008,8060009560,2,train
hysets_10JA002,8060009560,2,train
hysets_10JC003,8060009560,2,train
hysets_10KA006,8060009560,2,train
hysets_10KA007,8060009560,2,train
hysets_10KA008,8060009560,2,train
hysets_10KA009,8060009560,2,train
hysets_10KB001,8060009560,2,train
hysets_10KD009,8060009560,2,train
hysets_10LA002,8060009560,2,train
hysets_10LB004,8060009560,2,train
hysets_10LB005,8060009560,2,train
hysets_10LB006,8060009560,2,train
hysets_10LB007,8060009560,2,train
hysets_10LC003,8060009560,2,train
hysets_10LC007,8060009560,2,train
hysets_10LC017,8060009560,2,train
hysets_10LD004,8060009560,2,train
hysets_10MA001,8060009560,2,train
hysets_10MA003,8060009560,2,train
hysets_10MC002,8060009560,2,train
hysets_10MC007,8060009460,1,train
hysets_10MD001,8060009130,2,train
hysets_10NC001,8060010040,4,train
hysets_10ND002,8060009890,3,test
hysets_10ND004,8060009890,3,test
hysets_10OB001,8060010430,3,train
hysets_10PA001,8060009560,2,train
hysets_10PB002,8060009560,2,train
hysets_10PC004,8060011270,2,train
hysets_10PC005,8060011270,2,train
hysets_10QA001,8060011450,2,val
hysets_10QC002,8060011890,1,val
hysets_10QD001,8060012600,4,train
hysets_10RA002,8060013480,1,train
hysets_10RC001,8060013480,1,train
hysets_10RC002,8060013480,1,train
hysets_10TA001,8060023080,1,train
hysets_10TF001,8060024130,4,val
hysets_10UG001,8060039130,3,train
hysets_10UH001,8060039140,4,train
hysets_10UH002,8060039140,4,train
hysets_10UH003,8060039140,4,train
hysets_10UH004,8060040110,3,train
hysets_10UH005,8060040110,3,train
hysets_10UH006,8060040110,3,train
hysets_10UH010,8060040110,3,train
hysets_10UH011,8060040100,4,test
hysets_10UH012,8060039140,4,train
hysets_10UH014,8060040110,3,train
hysets_10VC001,8060048550,1,test
hysets_10VC002,8060048550,1,test
hysets_10VK001,8060057510,3,train
hysets_11012500,7060012270,1,val
hysets_11014850,7060012280,3,train
hysets_11015000,7060012280,3,train
hysets_11015001,7060012280,3,train
hysets_11021300,7060012280,3,train
hysets_11022200,7060012280,3,train
hysets_11023250,7060012280,3,train
hysets_11023310,7060012280,3,train
hysets_11023318,7060012280,3,train
hysets_11023320,7060012280,3,train
hysets_11023325,7060012280,3,train
hysets_11023330,7060012280,3,train
hysets_11023340,7060012280,3,train
hysets_11023450,7060012280,3,train
hysets_11027,7060006420,4,test
hysets_11027000,7060012280,3,train
hysets_11027500,7060012280,3,train
hysets_11028500,7060012280,3,train
hysets_11029000,7060012280,3,train
hysets_11031500,7060012280,3,train
hysets_11033000,7060012280,3,train
hysets_11037700,7060012280,3,train
hysets_11037701,7060012280,3,train
hysets_11039800,7060012280,3,train
hysets_11040,7060006420,4,test
hysets_11040200,7060012280,3,train
hysets_11040700,7060012280,3,train
hysets_11042400,7060012280,3,train
hysets_11042490,7060012280,3,train
hysets_11042631,7060012280,3,train
hysets_11042700,7060012280,3,train
hysets_11042800,7060012280,3,train
hysets_11044250,7060012280,3,train
hysets_11044300,7060012280,3,train
hysets_11044350,7060012280,3,train
hysets_11044600,7060012280,3,train
hysets_11044800,7060012280,3,train
hysets_11044900,7060012280,3,train
hysets_11045300,7060012280,3,train
hysets_11045700,7060012280,3,train
hysets_11046000,7060012280,3,train
hysets_11046090,7060012280,3,train
hysets_11046100,7060012280,3,train
hysets_11046200,7060012280,3,train
hysets_11046300,7060012280,3,train
hysets_11046310,7060012280,3,train
hysets_11046350,7060012280,3,train
hysets_11046360,7060012280,3,train
hysets_11046500,7060012280,3,train
hysets_11046501,7060012280,3,train
hysets_11046530,7060012280,3,train
hysets_11046550,7060012280,3,train
hysets_11047200,7060012280,3,train
hysets_11047300,7060012280,3,train
hysets_11047500,7060012280,3,train
hysets_11047700,7060012280,3,train
hysets_11048200,7060012280,3,train
hysets_11048500,7060012280,3,train
hysets_11048600,7060012280,3,train
hysets_11051499,7060012590,1,train
hysets_11055501,7060012590,1,train
hysets_11055801,7060012590,1,train
hysets_11056000,7060012590,1,train
hysets_11056200,7060012590,1,train
hysets_11057500,7060012590,1,train
hysets_11058500,7060012590,1,train
hysets_11058600,7060012590,1,train
hysets_11063500,7060012590,1,train
hysets_11065801,7060012590,1,train
hysets_11066050,7060012590,1,train
hysets_11066440,7060012590,1,train
hysets_11067001,7060012590,1,train
hysets_11067500,7060012590,1,train
hysets_11067890,7060012590,1,train
hysets_11068000,7060012590,1,train
hysets_11069300,7060012590,1,train
hysets_11070000,7060012590,1,train
hysets_11070020,7060012590,1,train
hysets_11070240,7060012590,1,train
hysets_11070262,7060012590,1,train
hysets_11070263,7060012590,1,train
hysets_11070270,7060012590,1,train
hysets_11070375,7060012590,1,train
hysets_11070475,7060012590,1,train
hysets_11073200,7060012590,1,train
hysets_11073440,7060012590,1,train
hysets_11073470,7060012590,1,train
hysets_11073495,7060012590,1,train
hysets_11075720,7060012600,2,train
hysets_11075740,7060012600,2,train
hysets_11075800,7060012590,1,train
hysets_11080500,7060012600,2,train
hysets_11084000,7060012600,2,train
hysets_11084500,7060012600,2,train
hysets_11086300,7060012600,2,train
hysets_11086500,7060012600,2,train
hysets_11086990,7060012600,2,train
hysets_11088500,7060012600,2,train
hysets_11089500,7060012600,2,train
hysets_11090000,7060012600,2,train
hysets_11090200,7060012600,2,train
hysets_11090500,7060012600,2,train
hysets_11093490,7060012600,2,train
hysets_11094000,7060012600,2,train
hysets_11096500,7060012600,2,train
hysets_11097000,7060012600,2,train
hysets_11098000,7060012600,2,train
hysets_11100000,7060012600,2,train
hysets_11100500,7060012600,2,train
hysets_11101180,7060012600,2,train
hysets_11101250,7060012600,2,train
hysets_11102300,7060012600,2,train
hysets_11104000,7060012600,2,train
hysets_11105510,7060012600,2,train
hysets_11105850,7060012600,2,train
hysets_11106000,7060012600,2,train
hysets_11106400,7060012600,2,train
hysets_11106550,7060012600,2,train
hysets_11107500,7060012600,2,train
hysets_11107745,7060012600,2,train
hysets_11107770,7060012600,2,train
hysets_11107922,7060012600,2,train
hysets_11108075,7060012600,2,train
hysets_11108080,7060012600,2,train
hysets_11108090,7060012600,2,train
hysets_11108095,7060012600,2,train
hysets_11108134,7060012600,2,train
hysets_11108135,7060012600,2,train
hysets_11109100,7060012600,2,train
hysets_11109200,7060012600,2,train
hysets_11109250,7060012600,2,train
hysets_11109375,7060012600,2,train
hysets_11109395,7060012600,2,train
hysets_11109800,7060012600,2,train
hysets_11110500,7060012600,2,train
hysets_11111500,7060012600,2,train
hysets_11113000,7060012600,2,train
hysets_11113001,7060012600,2,train
hysets_11113500,7060012600,2,train
hysets_11114000,7060012600,2,train
hysets_11114495,7060012600,2,train
hysets_11114500,7060012600,2,train
hysets_11116000,7060012600,2,train
hysets_11116550,7060012600,2,train
hysets_11117500,7060012600,2,train
hysets_11117600,7060012600,2,train
hysets_11117800,7060012600,2,train
hysets_11118501,7060012600,2,train
hysets_11119500,7060012600,2,train
hysets_11119660,7060012600,2,train
hysets_11119700,7060012600,2,train
hysets_11119745,7060012600,2,train
hysets_11119750,7060012600,2,train
hysets_11119780,7060012600,2,train
hysets_11119900,7060012600,2,train
hysets_11119940,7060012600,2,train
hysets_11120000,7060012600,2,train
hysets_11120500,7060012600,2,train
hysets_11120510,7060012600,2,train
hysets_11120530,7060012600,2,train
hysets_11120550,7060012600,2,train
hysets_11120600,7060012600,2,train
hysets_11120700,7060012600,2,train
hysets_11120800,7060012600,2,train
hysets_11121000,7060012600,2,train
hysets_11121010,7060012600,2,train
hysets_11123000,7060012600,2,train
hysets_11123500,7060012600,2,train
hysets_11124000,7060012600,2,train
hysets_11124500,7060012600,2,train
hysets_11125000,7060012600,2,train
hysets_11126500,7060012600,2,train
hysets_11128000,7060012600,2,train
hysets_11128250,7060012600,2,train
hysets_11128400,7060012600,2,train
hysets_11129000,7060012600,2,train
hysets_11129500,7060012600,2,train
hysets_11129800,7060012600,2,train
hysets_11130000,7060012600,2,train
hysets_11130500,7060012600,2,train
hysets_11131000,7060012600,2,train
hysets_11131500,7060012600,2,train
hysets_11132000,7060012600,2,train
hysets_11132500,7060012600,2,train
hysets_11133000,7060012600,2,train
hysets_11133700,7060012600,2,train
hysets_11134800,7060012600,2,train
hysets_11135000,7060012600,2,train
hysets_11135800,7060012600,2,train
hysets_11136000,7060012600,2,train
hysets_11136100,7060012600,2,train
hysets_11136400,7060012950,2,train
hysets_11136480,7060012950,2,train
hysets_11136500,7060012950,2,train
hysets_11136650,7060012950,2,train
hysets_11136800,7060012950,2,train
hysets_11137000,7060012950,2,train
hysets_11137400,7060012950,2,train
hysets_11137500,7060012950,2,train
hysets_11137900,7060012950,2,train
hysets_11138000,7060012950,2,train
hysets_11138100,7060012950,2,train
hysets_11138500,7060012950,2,train
hysets_11139000,7060012950,2,train
hysets_11139350,7060012950,2,train
hysets_11139500,7060012950,2,train
hysets_11140000,7060012950,2,train
hysets_11140585,7060012950,2,train
hysets_11141050,7060012950,2,train
hysets_11141150,7060012960,3,train
hysets_11141160,7060012960,3,train
hysets_11141280,7060012960,3,train
hysets_11141300,7060012960,3,train
hysets_11141400,7060012960,3,train
hysets_11141600,7060012960,3,train
hysets_11142080,7060012960,3,train
hysets_11142100,7060012960,3,train
hysets_11142200,7060012960,3,train
hysets_11142240,7060012960,3,train
hysets_11142300,7060012960,3,train
hysets_11142500,7060012960,3,train
hysets_11142550,7060012960,3,train
hysets_11143000,7060012960,3,train
hysets_11143200,7060012960,3,train
hysets_11143250,7060012960,3,train
hysets_11143300,7060012960,3,train
hysets_11143500,7060013170,2,val
hysets_11144000,7060013170,2,val
hysets_11144600,7060013170,2,val
hysets_11147000,7060013170,2,val
hysets_11147040,7060013170,2,val
hysets_11147070,7060013170,2,val
hysets_11147500,7060013170,2,val
hysets_11147600,7060013170,2,val
hysets_11147700,7060013170,2,val
hysets_11147800,7060013170,2,val
hysets_11148800,7060013170,2,val
hysets_11148900,7060013170,2,val
hysets_11149650,7060013170,2,val
hysets_11149700,7060013170,2,val
hysets_11149900,7060013170,2,val
hysets_11150000,7060013170,2,val
hysets_11151300,7060013170,2,val
hysets_11151700,7060013170,2,val
hysets_11151870,7060013170,2,val
hysets_11152000,7060013170,2,val
hysets_11152050,7060013170,2,val
hysets_11152540,7060013170,2,val
hysets_11152570,7060013170,2,val
hysets_11152600,7060013180,3,val
hysets_11152900,7060013180,3,val
hysets_11153000,7060013180,3,val
hysets_11153040,7060013180,3,val
hysets_11153470,7060013180,3,val
hysets_11153500,7060013180,3,val
hysets_11153650,7060013180,3,val
hysets_11153700,7060013180,3,val
hysets_11153790,7060013180,3,val
hysets_11153800,7060013180,3,val
hysets_11153900,7060013180,3,val
hysets_11154000,7060013180,3,val
hysets_11154200,7060013180,3,val
hysets_11154700,7060013180,3,val
hysets_11156000,7060013180,3,val
hysets_11156450,7060013180,3,val
hysets_11156500,7060013180,3,val
hysets_11156700,7060013180,3,val
hysets_11157500,7060013180,3,val
hysets_11158600,7060013180,3,val
hysets_11158900,7060013180,3,val
hysets_11159000,7060013180,3,val
hysets_11159150,7060013180,3,val
hysets_11159200,7060013180,3,val
hysets_11159400,7060013180,3,val
hysets_11159500,7060013180,3,val
hysets_11159690,7060013180,3,val
hysets_11159700,7060013180,3,val
hysets_11159800,7060013180,3,val
hysets_11159940,7060013180,3,val
hysets_11160000,7060013180,3,val
hysets_11160020,7060013180,3,val
hysets_11160060,7060013180,3,val
hysets_11160070,7060013180,3,val
hysets_11160200,7060013180,3,val
hysets_11160300,7060013180,3,val
hysets_11160500,7060013180,3,val
hysets_11161000,7060013180,3,val
hysets_11161500,7060013180,3,val
hysets_11161570,7060013180,3,val
hysets_11161590,7060013180,3,val
hysets_11161800,7060013180,3,val
hysets_11161900,7060013180,3,val
hysets_11162500,7060013180,3,val
hysets_11162540,7060013180,3,val
hysets_11162570,7060013180,3,val
hysets_11162600,7060013180,3,val
hysets_11162630,7060013180,3,val
hysets_11162720,7060013180,3,val
hysets_11162800,7060013180,3,val
hysets_11162940,7060013180,3,val
hysets_11163200,7060013180,3,val
hysets_11164500,7060013180,3,val
hysets_11166000,7060013180,3,val
hysets_11166500,7060013180,3,val
hysets_11166575,7060013180,3,val
hysets_11166578,7060013180,3,val
hysets_11166900,7060013180,3,val
hysets_11167000,7060013180,3,val
hysets_11167500,7060013180,3,val
hysets_11167660,7060013180,3,val
hysets_11167700,7060013180,3,val
hysets_11168000,7060013180,3,val
hysets_11168500,7060013180,3,val
hysets_11169500,7060013180,3,val
hysets_11169616,7060013180,3,val
hysets_11169800,7060013180,3,val
hysets_11170000,7060013180,3,val
hysets_11171500,7060013180,3,val
hysets_11172100,7060013180,3,val
hysets_11172945,7060013180,3,val
hysets_11173200,7060013180,3,val
hysets_11174600,7060013180,3,val
hysets_11176000,7060013180,3,val
hysets_11176090,7060013180,3,val
hysets_11176100,7060013180,3,val
hysets_11176140,7060013180,3,val
hysets_11176145,7060013180,3,val
hysets_11176180,7060013180,3,val
hysets_11176200,7060013180,3,val
hysets_11176300,7060013180,3,val
hysets_11176350,7060013180,3,val
hysets_11176400,7060013180,3,val
hysets_11180500,7060013180,3,val
hysets_11180810,7060013180,3,val
hysets_11180825,7060013180,3,val
hysets_11180900,7060013180,3,val
hysets_11180960,7060013180,3,val
hysets_11181004,7060013180,3,val
hysets_11181006,7060013180,3,val
hysets_11181008,7060013180,3,val
hysets_11181040,7060013180,3,val
hysets_11181330,7060013180,3,val
hysets_11181390,7060013180,3,val
hysets_11181400,7060013180,3,val
hysets_11182100,7060013180,3,val
hysets_11182400,7060013180,3,val
hysets_11182500,7060013180,3,val
hysets_11182800,7060013180,3,val
hysets_11183000,7060013180,3,val
hysets_11183600,7060013180,3,val
hysets_11183700,7060013180,3,val
hysets_11184000,7060013180,3,val
hysets_11184500,7060013180,3,val
hysets_11185000,7060013180,3,val
hysets_11185100,7060013180,3,val
hysets_11185300,7060013550,4,train
hysets_11185350,7060013550,4,train
hysets_11185400,7060013550,4,train
hysets_11185600,7060013550,4,train
hysets_11186001,7060013550,4,train
hysets_11187000,7060013550,4,train
hysets_11188200,7060013550,4,train
hysets_11189500,7060013550,4,train
hysets_11192501,7060013550,4,train
hysets_11194000,7060013550,4,train
hysets_11195500,7060013550,4,train
hysets_11195600,7060013550,4,train
hysets_11196400,7060013550,4,train
hysets_11196420,7060013550,4,train
hysets_11197250,7060013550,4,train
hysets_11197800,7060013550,4,train
hysets_11199500,7060013550,4,train
hysets_11201456,7060013550,4,train
hysets_11201850,7060013550,4,train
hysets_11202000,7060013550,4,train
hysets_11202001,7060013550,4,train
hysets_11202710,7060013550,4,train
hysets_11202711,7060013550,4,train
hysets_11202750,7060013550,4,train
hysets_11203100,7060013550,4,train
hysets_11203500,7060013550,4,train
hysets_11203580,7060013550,4,train
hysets_11204100,7060013550,4,train
hysets_11204500,7060013550,4,train
hysets_11205000,7060013550,4,train
hysets_11206501,7060013550,4,train
hysets_11208001,7060013550,4,train
hysets_11208500,7060013550,4,train
hysets_11208610,7060013550,4,train
hysets_11208620,7060013550,4,train
hysets_11208625,7060013550,4,train
hysets_11208720,7060013550,4,train
hysets_11208731,7060013550,4,train
hysets_11209500,7060013550,4,train
hysets_11209900,7060013550,4,train
hysets_11210100,7060013550,4,train
hysets_11210500,7060013550,4,train
hysets_11210950,7060013550,4,train
hysets_11211300,7060013550,4,train
hysets_11211785,7060013550,4,train
hysets_11211790,7060013550,4,train
hysets_11212000,7060013550,4,train
hysets_11212500,7060013550,4,train
hysets_11213000,7060013550,4,train
hysets_11213500,7060013550,4,train
hysets_11214000,7060013550,4,train
hysets_11214200,7060013550,4,train
hysets_11214400,7060013550,4,train
hysets_11214500,7060013550,4,train
hysets_11214600,7060013550,4,train
hysets_11214900,7060013550,4,train
hysets_11215820,7060013550,4,train
hysets_11216200,7060013550,4,train
hysets_11216500,7060013550,4,train
hysets_11216800,7060013550,4,train
hysets_11217000,7060013550,4,train
hysets_11218400,7060013550,4,train
hysets_11218499,7060013550,4,train
hysets_11220000,7060013550,4,train
hysets_11220500,7060013550,4,train
hysets_11221700,7060013550,4,train
hysets_11224500,7060013550,4,train
hysets_11226000,7060013550,4,train
hysets_11226500,7060013550,4,train
hysets_11228500,7060013550,4,train
hysets_11230000,7060013550,4,train
hysets_11230500,7060013550,4,train
hysets_11230600,7060013550,4,train
hysets_11230650,7060013550,4,train
hysets_11230670,7060013550,4,train
hysets_11231600,7060013550,4,train
hysets_11231700,7060013550,4,train
hysets_11232500,7060013550,4,train
hysets_11234500,7060013550,4,train
hysets_11234750,7060013550,4,train
hysets_11235000,7060013550,4,train
hysets_11237500,7060013550,4,train
hysets_11237700,7060013550,4,train
hysets_11242400,7060013550,4,train
hysets_11244000,7060013550,4,train
hysets_11246700,7060013550,4,train
hysets_11247200,7060013550,4,train
hysets_11248000,7060013550,4,train
hysets_11251500,7060013550,4,train
hysets_11251600,7060013550,4,train
hysets_11253000,7060013550,4,train
hysets_11253310,7060013550,4,train
hysets_11255500,7060013550,4,train
hysets_11255575,7060013550,4,train
hysets_11257100,7060013550,4,train
hysets_11257500,7060013550,4,train
hysets_11257700,7060013550,4,train
hysets_11258800,7060013550,4,train
hysets_11258900,7060013550,4,train
hysets_11258920,7060013550,4,train
hysets_11258960,7060013550,4,train
hysets_11260200,7060013550,4,train
hysets_11260225,7060013550,4,train
hysets_11260480,7060013550,4,train
hysets_11263000,7060013550,4,train
hysets_11264500,7060013550,4,train
hysets_11265000,7060013550,4,train
hysets_11266500,7060013550,4,train
hysets_11267300,7060013550,4,train
hysets_11268000,7060013550,4,train
hysets_11268200,7060013550,4,train
hysets_11268500,7060013550,4,train
hysets_11269300,7060013550,4,train
hysets_11270900,7060013550,4,train
hysets_11271290,7060013550,4,train
hysets_11274500,7060013550,4,train
hysets_11274600,7060013550,4,train
hysets_11274630,7060013550,4,train
hysets_11274790,7060013550,4,train
hysets_11275000,7060013550,4,train
hysets_11276600,7060013550,4,train
hysets_11276900,7060013550,4,train
hysets_11277300,7060013550,4,train
hysets_11278400,7060013550,4,train
hysets_11281000,7060013550,4,train
hysets_11282000,7060013550,4,train
hysets_11283100,7060013550,4,train
hysets_11283200,7060013550,4,train
hysets_11283250,7060013550,4,train
hysets_11283350,7060013550,4,train
hysets_11283500,7060013550,4,train
hysets_11284400,7060013550,4,train
hysets_11284500,7060013550,4,train
hysets_11284700,7060013550,4,train
hysets_11285000,7060013550,4,train
hysets_11286500,7060013550,4,train
hysets_11289650,7060013550,4,train
hysets_11289651,7060013550,4,train
hysets_11289660,7060013550,4,train
hysets_11292500,7060013550,4,train
hysets_11292615,7060013550,4,train
hysets_11292680,7060013550,4,train
hysets_11292900,7060013550,4,train
hysets_11293200,7060013550,4,train
hysets_11293372,7060013550,4,train
hysets_11293462,7060013550,4,train
hysets_11293500,7060013550,4,train
hysets_11294300,7060013550,4,train
hysets_11295100,7060013550,4,train
hysets_11295230,7060013550,4,train
hysets_11295270,7060013550,4,train
hysets_11295300,7060013550,4,train
hysets_11295400,7060013550,4,train
hysets_11295401,7060013550,4,train
hysets_11297200,7060013550,4,train
hysets_11298650,7060013550,4,train
hysets_11298700,7060013550,4,train
hysets_11299500,7060013550,4,train
hysets_11299600,7060013550,4,train
hysets_11302000,7060013550,4,train
hysets_11304000,7060013550,4,train
hysets_11305000,7060013550,4,train
hysets_11305500,7060013550,4,train
hysets_11306000,7060013550,4,train
hysets_11306500,7060013550,4,train
hysets_11307000,7060013550,4,train
hysets_11307500,7060013550,4,train
hysets_11308000,7060013550,4,train
hysets_11308500,7060013550,4,train
hysets_11308900,7060013550,4,train
hysets_11309500,7060013550,4,train
hysets_11312000,7060013550,4,train
hysets_11313477,7060013550,4,train
hysets_11313482,7060013550,4,train
hysets_11313485,7060013550,4,train
hysets_11314500,7060013550,4,train
hysets_11315000,7060013550,4,train
hysets_11315030,7060013550,4,train
hysets_11315900,7060013550,4,train
hysets_11316000,7060013550,4,train
hysets_11316100,7060013550,4,train
hysets_11316600,7060013550,4,train
hysets_11316605,7060013550,4,train
hysets_11316670,7060013550,4,train
hysets_11316700,7060013550,4,train
hysets_11316800,7060013550,4,train
hysets_11317000,7060013550,4,train
hysets_11318500,7060013550,4,train
hysets_11321000,7060013550,4,train
hysets_11326300,7060013550,4,train
hysets_11327000,7060013550,4,train
hysets_11329500,7060013550,4,train
hysets_11330000,7060013550,4,train
hysets_11331500,7060013550,4,train
hysets_11332500,7060013550,4,train
hysets_11334200,7060013550,4,train
hysets_11334300,7060013550,4,train
hysets_11334500,7060013550,4,train
hysets_11335000,7060013550,4,train
hysets_11335700,7060013550,4,train
hysets_11336000,7060013550,4,train
hysets_11336585,7060013550,4,train
hysets_11337500,7060013550,4,train
hysets_11341400,7060013550,4,train
hysets_11342000,7060013550,4,train
hysets_11348200,7060013550,4,train
hysets_11348500,7060013550,4,train
hysets_11349000,7060013550,4,train
hysets_11350500,7060013550,4,train
hysets_11352500,7060013550,4,train
hysets_11352900,7060013550,4,train
hysets_11353600,7060013550,4,train
hysets_11360500,7060013550,4,train
hysets_11361000,7060013550,4,train
hysets_11362880,7060013550,4,train
hysets_11362890,7060013550,4,train
hysets_11362900,7060013550,4,train
hysets_11362940,7060013550,4,train
hysets_11362945,7060013550,4,train
hysets_11362950,7060013550,4,train
hysets_11364200,7060013550,4,train
hysets_11364300,7060013550,4,train
hysets_11365500,7060013550,4,train
hysets_11367200,7060013550,4,train
hysets_11367300,7060013550,4,train
hysets_11367500,7060013550,4,train
hysets_11367700,7060013550,4,train
hysets_11367760,7060013550,4,train
hysets_11367800,7060013550,4,train
hysets_11371000,7060013550,4,train
hysets_11372050,7060013550,4,train
hysets_11372060,7060013550,4,train
hysets_11372200,7060013550,4,train
hysets_11372350,7060013550,4,train
hysets_11372700,7060013550,4,train
hysets_11373200,7060013550,4,train
hysets_11373300,7060013550,4,train
hysets_11374000,7060013550,4,train
hysets_11374060,7060013550,4,train
hysets_11374100,7060013550,4,train
hysets_11374305,7060013550,4,train
hysets_11374400,7060013550,4,train
hysets_11375810,7060013550,4,train
hysets_11375815,7060013550,4,train
hysets_11375820,7060013550,4,train
hysets_11375870,7060013550,4,train
hysets_11375900,7060013550,4,train
hysets_11376000,7060013550,4,train
hysets_11376025,7060013550,4,train
hysets_11376038,7060013550,4,train
hysets_11376040,7060013550,4,train
hysets_11376050,7060013550,4,train
hysets_11376120,7060013550,4,train
hysets_11376140,7060013550,4,train
hysets_11376150,7060013550,4,train
hysets_11376160,7060013550,4,train
hysets_11376420,7060013550,4,train
hysets_11376440,7060013550,4,train
hysets_11376460,7060013550,4,train
hysets_11376500,7060013550,4,train
hysets_11376550,7060013550,4,train
hysets_11377100,7060013550,4,train
hysets_11377200,7060013550,4,train
hysets_11377500,7060013550,4,train
hysets_11378800,7060013550,4,train
hysets_11378860,7060013550,4,train
hysets_11379000,7060013550,4,train
hysets_11379500,7060013550,4,train
hysets_11380500,7060013550,4,train
hysets_11381500,7060013550,4,train
hysets_11381595,7060013550,4,train
hysets_11381990,7060013550,4,train
hysets_11382000,7060013550,4,train
hysets_11382090,7060013550,4,train
hysets_11382550,7060013550,4,train
hysets_11383500,7060013550,4,train
hysets_11384000,7060013550,4,train
hysets_11384350,7060013550,4,train
hysets_11384600,7060013550,4,train
hysets_11386500,7060013550,4,train
hysets_11387200,7060013550,4,train
hysets_11387800,7060013550,4,train
hysets_11389000,7060013550,4,train
hysets_11389500,7060013550,4,train
hysets_11389700,7060013550,4,train
hysets_11389720,7060013550,4,train
hysets_11389740,7060013550,4,train
hysets_11389780,7060013550,4,train
hysets_11389950,7060013550,4,train
hysets_11390000,7060013550,4,train
hysets_11390210,7060013550,4,train
hysets_11390500,7060013550,4,train
hysets_11390655,7060013550,4,train
hysets_11390660,7060013550,4,train
hysets_11390672,7060013550,4,train
hysets_11391000,7060013550,4,train
hysets_11391400,7060013550,4,train
hysets_11391460,7060013550,4,train
hysets_11391500,7060013550,4,train
hysets_11392100,7060013550,4,train
hysets_11392500,7060013550,4,train
hysets_11393500,7060013550,4,train
hysets_11394500,7060013550,4,train
hysets_11394620,7060013550,4,train
hysets_11394800,7060013550,4,train
hysets_11395030,7060013550,4,train
hysets_11395200,7060013550,4,train
hysets_11395300,7060013550,4,train
hysets_11396000,7060013550,4,train
hysets_11396200,7060013550,4,train
hysets_11396300,7060013550,4,train
hysets_11396350,7060013550,4,train
hysets_11396397,7060013550,4,train
hysets_11396400,7060013550,4,train
hysets_11400000,7060013550,4,train
hysets_11400500,7060013550,4,train
hysets_11401100,7060013550,4,train
hysets_11401125,7060013550,4,train
hysets_11401150,7060013550,4,train
hysets_11401180,7060013550,4,train
hysets_11401300,7060013550,4,train
hysets_11401500,7060013550,4,train
hysets_11401900,7060013550,4,train
hysets_11401940,7060013550,4,train
hysets_11402000,7060013550,4,train
hysets_11403530,7060013550,4,train
hysets_11404300,7060013550,4,train
hysets_11404380,7060013550,4,train
hysets_11405085,7060013550,4,train
hysets_11405120,7060013550,4,train
hysets_11405200,7060013550,4,train
hysets_11406000,7060013550,4,train
hysets_11407300,7060013550,4,train
hysets_11407500,7060013550,4,train
hysets_11407810,7060013550,4,train
hysets_11407815,7060013550,4,train
hysets_11407900,7060013550,4,train
hysets_11408501,7060013550,4,train
hysets_11408550,7060013550,4,train
hysets_11408850,7060013550,4,train
hysets_11409001,7060013550,4,train
hysets_11409300,7060013550,4,train
hysets_11409500,7060013550,4,train
hysets_11410400,7060013550,4,train
hysets_11413000,7060013550,4,train
hysets_11413100,7060013550,4,train
hysets_11413300,7060013550,4,train
hysets_11413320,7060013550,4,train
hysets_11413323,7060013550,4,train
hysets_11413517,7060013550,4,train
hysets_11413520,7060013550,4,train
hysets_11413600,7060013550,4,train
hysets_11413900,7060013550,4,train
hysets_11414000,7060013550,4,train
hysets_11414100,7060013550,4,train
hysets_11414210,7060013550,4,train
hysets_11414250,7060013550,4,train
hysets_11414280,7060013550,4,train
hysets_11414410,7060013550,4,train
hysets_11414450,7060013550,4,train
hysets_11414470,7060013550,4,train
hysets_11414700,7060013550,4,train
hysets_11416670,7060013550,4,train
hysets_11416700,7060013550,4,train
hysets_11417100,7060013550,4,train
hysets_11418000,7060013550,4,train
hysets_11420000,7060013550,4,train
hysets_11420700,7060013550,4,train
hysets_11421000,7060013550,4,train
hysets_11421500,7060013550,4,train
hysets_11421770,7060013550,4,train
hysets_11424500,7060013550,4,train
hysets_11424600,7060013550,4,train
hysets_11426110,7060013550,4,train
hysets_11426130,7060013550,4,train
hysets_11426150,7060013550,4,train
hysets_11426196,7060013550,4,train
hysets_11426400,7060013550,4,train
hysets_11427700,7060013550,4,train
hysets_11427760,7060013550,4,train
hysets_11427770,7060013550,4,train
hysets_11427960,7060013550,4,train
hysets_11428000,7060013550,4,train
hysets_11428001,7060013550,4,train
hysets_11428800,7060013550,4,train
hysets_11430000,7060013550,4,train
hysets_11430500,7060013550,4,train
hysets_11431800,7060013550,4,train
hysets_11432500,7060013550,4,train
hysets_11433040,7060013550,4,train
hysets_11433100,7060013550,4,train
hysets_11433260,7060013550,4,train
hysets_11433300,7060013550,4,train
hysets_11433400,7060013550,4,train
hysets_11433420,7060013550,4,train
hysets_11433800,7060013550,4,train
hysets_11435100,7060013550,4,train
hysets_11439500,7060013550,4,train
hysets_11439501,7060013550,4,train
hysets_11439999,7060013550,4,train
hysets_11440000,7060013550,4,train
hysets_11440850,7060013550,4,train
hysets_11441000,7060013550,4,train
hysets_11441800,7060013550,4,train
hysets_11441900,7060013550,4,train
hysets_11442000,7060013550,4,train
hysets_11442700,7060013550,4,train
hysets_11443000,7060013550,4,train
hysets_11443501,7060013550,4,train
hysets_11444200,7060013550,4,train
hysets_11444201,7060013550,4,train
hysets_11444260,7060013550,4,train
hysets_11444280,7060013550,4,train
hysets_11447000,7060013550,4,train
hysets_11447030,7060013550,4,train
hysets_11447300,7060013550,4,train
hysets_11447330,7060013550,4,train
hysets_11447360,7060013550,4,train
hysets_11448500,7060013550,4,train
hysets_11448900,7060013550,4,train
hysets_11449000,7060013550,4,train
hysets_11449100,7060013550,4,train
hysets_11449350,7060013550,4,train
hysets_11449450,7060013550,4,train
hysets_11449460,7060013550,4,train
hysets_11449500,7060013550,4,train
hysets_11451100,7060013550,4,train
hysets_11451292,7060013550,4,train
hysets_11451300,7060013550,4,train
hysets_11451540,7060013550,4,train
hysets_11451690,7060013550,4,train
hysets_11451700,7060013550,4,train
hysets_11451715,7060013550,4,train
hysets_11451720,7060013550,4,train
hysets_11451950,7060013550,4,train
hysets_11453200,7060013550,4,train
hysets_11453500,7060013550,4,train
hysets_11453550,7060013550,4,train
hysets_11453580,7060013550,4,train
hysets_11453600,7060013550,4,train
hysets_11453700,7060013550,4,train
hysets_11454100,7060013550,4,train
hysets_11455900,7060013560,3,val
hysets_11455950,7060013560,3,val
hysets_11457000,7060013560,3,val
hysets_11458200,7060013560,3,val
hysets_11458300,7060013560,3,val
hysets_11458350,7060013560,3,val
hysets_11458433,7060013560,3,val
hysets_11458500,7060013560,3,val
hysets_11459000,7060013560,3,val
hysets_11459150,7060013560,3,val
hysets_11459300,7060013560,3,val
hysets_11459800,7060013560,3,val
hysets_11460100,7060013560,3,val
hysets_11460160,7060013560,3,val
hysets_11460170,7060013560,3,val
hysets_11460400,7060013560,3,val
hysets_11460500,7060013560,3,val
hysets_11460750,7060013560,3,val
hysets_11460920,7060013560,3,val
hysets_11460940,7060013560,3,val
hysets_11461000,7060013560,3,val
hysets_11461500,7060013560,3,val
hysets_11462700,7060013560,3,val
hysets_11463160,7060013560,3,val
hysets_11463170,7060013560,3,val
hysets_11463200,7060013560,3,val
hysets_11463500,7060013560,3,val
hysets_11463900,7060013560,3,val
hysets_11463940,7060013560,3,val
hysets_11463980,7060013560,3,val
hysets_11464050,7060013560,3,val
hysets_11464400,7060013560,3,val
hysets_11464500,7060013560,3,val
hysets_11464860,7060013560,3,val
hysets_11465000,7060013560,3,val
hysets_11465150,7060013560,3,val
hysets_11465500,7060013560,3,val
hysets_11465660,7060013560,3,val
hysets_11465680,7060013560,3,val
hysets_11465700,7060013560,3,val
hysets_11465750,7060013560,3,val
hysets_11465800,7060013560,3,val
hysets_11466065,7060013560,3,val
hysets_11466170,7060013560,3,val
hysets_11466200,7060013560,3,val
hysets_11466320,7060013560,3,val
hysets_11466800,7060013560,3,val
hysets_11467200,7060013560,3,val
hysets_11467295,7060013560,3,val
hysets_11467500,7060013560,3,val
hysets_11467510,7060013560,3,val
hysets_11467553,7060013560,3,val
hysets_11467600,7060013560,3,val
hysets_11467800,7060013560,3,val
hysets_11468000,7060013560,3,val
hysets_11468010,7060013560,3,val
hysets_11468070,7060013560,3,val
hysets_11468500,7060013560,3,val
hysets_11468540,7060013560,3,val
hysets_11468600,7060013560,3,val
hysets_11468850,7060013560,3,val
hysets_11468990,7060013560,3,val
hysets_11469000,7060013560,3,val
hysets_11469500,7060013560,3,val
hysets_11469800,7060014040,2,val
hysets_11470500,7060014040,2,val
hysets_11471500,7060014040,2,val
hysets_11471800,7060014040,2,val
hysets_11472160,7060014040,2,val
hysets_11472200,7060014040,2,val
hysets_11472500,7060014040,2,val
hysets_11472800,7060014040,2,val
hysets_11472900,7060014040,2,val
hysets_11473000,7060014040,2,val
hysets_11473100,7060014040,2,val
hysets_11473530,7060014040,2,val
hysets_11473600,7060014040,2,val
hysets_11473700,7060014040,2,val
hysets_11473800,7060014040,2,val
hysets_11473900,7060014040,2,val
hysets_11473980,7060014040,2,val
hysets_11474400,7060014040,2,val
hysets_11474500,7060014040,2,val
hysets_11474700,7060014040,2,val
hysets_11474750,7060014040,2,val
hysets_11474780,7060014040,2,val
hysets_11475100,7060014040,2,val
hysets_11475500,7060014040,2,val
hysets_11475560,7060014040,2,val
hysets_11475610,7060014040,2,val
hysets_11475700,7060014040,2,val
hysets_11475800,7060014040,2,val
hysets_11475940,7060014040,2,val
hysets_11476500,7060014040,2,val
hysets_11476600,7060014040,2,val
hysets_11476700,7060014040,2,val
hysets_11477000,7060014040,2,val
hysets_11477425,7060014040,2,val
hysets_11477450,7060014040,2,val
hysets_11477475,7060014040,2,val
hysets_11477500,7060014040,2,val
hysets_11477700,7060014040,2,val
hysets_11478500,7060014040,2,val
hysets_11479000,7060014040,2,val
hysets_11479700,7060014050,3,test
hysets_11480000,7060014050,3,test
hysets_11480390,7060014050,3,test
hysets_11480410,7060014050,3,test
hysets_11480750,7060014050,3,test
hysets_11480780,7060014050,3,test
hysets_11480800,7060014050,3,test
hysets_11481200,7060014050,3,test
hysets_11481500,7060014050,3,test
hysets_11482110,7060014050,3,test
hysets_11482120,7060014050,3,test
hysets_11482125,7060014050,3,test
hysets_11482130,7060014050,3,test
hysets_11482200,7060014050,3,test
hysets_11482468,7060014050,3,test
hysets_11482500,7060014050,3,test
hysets_11490500,7060014200,4,train
hysets_11491400,7060014200,4,train
hysets_11493500,7060014200,4,train
hysets_11495800,7060014200,4,train
hysets_11497500,7060014200,4,train
hysets_11499100,7060014200,4,train
hysets_11501000,7060014200,4,train
hysets_11502500,7060014200,4,train
hysets_11505600,7060014200,4,train
hysets_11505700,7060014200,4,train
hysets_11516600,7060014200,4,train
hysets_11516750,7060014200,4,train
hysets_11516900,7060014200,4,train
hysets_11517800,7060014200,4,train
hysets_11517900,7060014200,4,train
hysets_11517950,7060014200,4,train
hysets_11518050,7060014200,4,train
hysets_11518200,7060014200,4,train
hysets_11518300,7060014200,4,train
hysets_11518310,7060014200,4,train
hysets_11518600,7060014200,4,train
hysets_11519000,7060014200,4,train
hysets_11519500,7060014200,4,train
hysets_11521500,7060014200,4,train
hysets_11522200,7060014200,4,train
hysets_11522260,7060014200,4,train
hysets_11522300,7060014200,4,train
hysets_11522400,7060014200,4,train
hysets_11522500,7060014200,4,train
hysets_11523030,7060014200,4,train
hysets_11523050,7060014200,4,train
hysets_11523200,7060014200,4,train
hysets_11523700,7060014200,4,train
hysets_11525530,7060014200,4,train
hysets_11525600,7060014200,4,train
hysets_11525630,7060014200,4,train
hysets_11525670,7060014200,4,train
hysets_11525800,7060014200,4,train
hysets_11525900,7060014200,4,train
hysets_11526500,7060014200,4,train
hysets_11527400,7060014200,4,train
hysets_11528100,7060014200,4,train
hysets_11528200,7060014200,4,train
hysets_11528400,7060014200,4,train
hysets_11528440,7060014200,4,train
hysets_11528500,7060014200,4,train
hysets_11528700,7060014200,4,train
hysets_11529000,7060014200,4,train
hysets_11529800,7060014200,4,train
hysets_11530020,7060014200,4,train
hysets_11530300,7060014200,4,train
hysets_11531000,7060014210,2,test
hysets_11532000,7060014210,2,test
hysets_11532500,7060014210,2,test
hysets_11532620,7060014210,2,test
hysets_11532700,7060014210,2,test
hysets_11AA026,7060047060,0,train
hysets_11AB075,7060047060,0,train
hysets_11AB117,7060047060,0,train
hysets_11AC025,7060047060,0,train
hysets_11AC073,7060047060,0,train
hysets_11AE009,7060047060,0,train
hysets_12009500,7060014940,2,train
hysets_12010000,7060014940,2,train
hysets_12010500,7060014940,2,train
hysets_12010700,7060014940,2,train
hysets_12011000,7060014940,2,train
hysets_12011200,7060014940,2,train
hysets_12011500,7060014940,2,train
hysets_12012000,7060014940,2,train
hysets_12013500,7060014940,2,train
hysets_12014500,7060014940,2,train
hysets_12015100,7060014940,2,train
hysets_12015200,7060014940,2,train
hysets_12015500,7060014940,2,train
hysets_12020000,7060015090,3,val
hysets_12020500,7060015090,3,val
hysets_12020525,7060015090,3,val
hysets_12020800,7060015090,3,val
hysets_12020900,7060015090,3,val
hysets_12021000,7060015090,3,val
hysets_12024000,7060015090,3,val
hysets_12024400,7060015090,3,val
hysets_12024500,7060015090,3,val
hysets_12025000,7060015090,3,val
hysets_12025300,7060015090,3,val
hysets_12025310,7060015090,3,val
hysets_12025700,7060015090,3,val
hysets_12026000,7060015090,3,val
hysets_12026150,7060015090,3,val
hysets_12026400,7060015090,3,val
hysets_12027500,7060015090,3,val
hysets_12030000,7060015090,3,val
hysets_12031000,7060015090,3,val
hysets_12032500,7060015090,3,val
hysets_12033000,7060015090,3,val
hysets_12034200,7060015090,3,val
hysets_12035000,7060015090,3,val
hysets_12035002,7060015090,3,val
hysets_12035450,7060015090,3,val
hysets_12035500,7060015090,3,val
hysets_12036000,7060015090,3,val
hysets_12036400,7060015090,3,val
hysets_12036650,7060015090,3,val
hysets_12037400,7060015090,3,val
hysets_12039000,7060015100,3,train
hysets_12039005,7060015100,3,train
hysets_12039220,7060015100,3,train
hysets_12039300,7060015100,3,train
hysets_12039500,7060015100,3,train
hysets_12039520,7060015100,3,train
hysets_12040500,7060015100,3,train
hysets_12040900,7060015100,3,train
hysets_12041000,7060015100,3,train
hysets_12041200,7060015100,3,train
hysets_12041500,7060015100,3,train
hysets_12042500,7060015100,3,train
hysets_12042800,7060015100,3,train
hysets_12043000,7060015100,3,train
hysets_12043080,7060015100,3,train
hysets_12043100,7060015100,3,train
hysets_12043150,7060015100,3,train
hysets_12043163,7060015100,3,train
hysets_12043173,7060015100,3,train
hysets_12043190,7060015100,3,train
hysets_12043300,7060015100,3,train
hysets_12043430,7060015100,3,train
hysets_12044900,7060015100,3,train
hysets_12046500,7060015100,3,train
hysets_12047300,7060015100,3,train
hysets_12047500,7060015100,3,train
hysets_12048000,7060015100,3,train
hysets_12049000,7060015100,3,train
hysets_12050500,7060015100,3,train
hysets_12051500,7060015100,3,train
hysets_12052500,7060015100,3,train
hysets_12054000,7060015100,3,train
hysets_12054500,7060015100,3,train
hysets_12054600,7060015100,3,train
hysets_12056500,7060015100,3,train
hysets_12058500,7060015100,3,train
hysets_12058800,7060015100,3,train
hysets_12059000,7060015100,3,train
hysets_12059800,7060015100,3,train
hysets_12060000,7060015100,3,train
hysets_12060500,7060015100,3,train
hysets_12064500,7060015100,3,train
hysets_12065000,7060015100,3,train
hysets_12065500,7060015100,3,train
hysets_12066000,7060015100,3,train
hysets_12067000,7060015100,3,train
hysets_12067500,7060015100,3,train
hysets_12068500,7060015100,3,train
hysets_12069550,7060015100,3,train
hysets_12069651,7060015100,3,train
hysets_12070000,7060015100,3,train
hysets_12072000,7060015100,3,train
hysets_12072800,7060015100,3,train
hysets_12073000,7060015100,3,train
hysets_12073500,7060015100,3,train
hysets_12076500,7060015100,3,train
hysets_12076800,7060015100,3,train
hysets_12078000,7060015100,3,train
hysets_12078400,7060015100,3,train
hysets_12078730,7060015100,3,train
hysets_12079000,7060015100,3,train
hysets_12080000,7060015100,3,train
hysets_12080010,7060015100,3,train
hysets_12080650,7060015100,3,train
hysets_12080670,7060015100,3,train
hysets_12081000,7060015100,3,train
hysets_12082500,7060015100,3,train
hysets_12083000,7060015100,3,train
hysets_12087000,7060015100,3,train
hysets_12088000,7060015100,3,train
hysets_12090480,7060015100,3,train
hysets_12090500,7060015100,3,train
hysets_12091040,7060015100,3,train
hysets_12091290,7060015100,3,train
hysets_12091700,7060015100,3,train
hysets_12092000,7060015900,3,train
hysets_12093000,7060015900,3,train
hysets_12093500,7060015900,3,train
hysets_12093900,7060015900,3,train
hysets_12094000,7060015900,3,train
hysets_12094400,7060015900,3,train
hysets_12095000,7060015900,3,train
hysets_12096500,7060015900,3,train
hysets_12096600,7060015900,3,train
hysets_12097000,7060015900,3,train
hysets_12097500,7060015900,3,train
hysets_12097850,7060015900,3,train
hysets_12098500,7060015900,3,train
hysets_12099200,7060015900,3,train
hysets_12099300,7060015900,3,train
hysets_12099400,7060015900,3,train
hysets_12099500,7060015900,3,train
hysets_12100000,7060015900,3,train
hysets_12100490,7060015900,3,train
hysets_12100496,7060015900,3,train
hysets_12100500,7060015900,3,train
hysets_12101500,7060015900,3,train
hysets_12102140,7060015900,3,train
hysets_12102190,7060015900,3,train
hysets_12102212,7060015900,3,train
hysets_12102900,7060015910,1,train
hysets_12103000,7060015910,1,train
hysets_12103020,7060015910,1,train
hysets_12103380,7060015910,1,train
hysets_12103400,7060015910,1,train
hysets_12103500,7060015910,1,train
hysets_12104000,7060015910,1,train
hysets_12104500,7060015910,1,train
hysets_12104700,7060015910,1,train
hysets_12105700,7060015910,1,train
hysets_12106000,7060015910,1,train
hysets_12108500,7060015910,1,train
hysets_12109500,7060015910,1,train
hysets_12110000,7060015910,1,train
hysets_12112550,7060015910,1,train
hysets_12113000,7060015910,1,train
hysets_12113347,7060015910,1,train
hysets_12113350,7060015910,1,train
hysets_12113500,7060015910,1,train
hysets_12114000,7060015910,1,train
hysets_12114500,7060015910,1,train
hysets_12115000,7060015910,1,train
hysets_12115500,7060015910,1,train
hysets_12115700,7060015910,1,train
hysets_12115800,7060015910,1,train
hysets_12116700,7060015910,1,train
hysets_12116800,7060015910,1,train
hysets_12117000,7060015910,1,train
hysets_12117820,7060015910,1,train
hysets_12119300,7060015910,1,train
hysets_12119375,7060015910,1,train
hysets_12119500,7060015910,1,train
hysets_12119600,7060015910,1,train
hysets_12119700,7060015910,1,train
hysets_12120600,7060015910,1,train
hysets_12121000,7060015910,1,train
hysets_12121510,7060015910,1,train
hysets_12121600,7060015910,1,train
hysets_12121700,7060015910,1,train
hysets_12121810,7060015910,1,train
hysets_12122010,7060015910,1,train
hysets_12122500,7060015910,1,train
hysets_12123000,7060015910,1,train
hysets_12123100,7060015910,1,train
hysets_12123200,7060015910,1,train
hysets_12124000,7060015910,1,train
hysets_12124500,7060015910,1,train
hysets_12125000,7060015910,1,train
hysets_12125200,7060015910,1,train
hysets_12125500,7060015910,1,train
hysets_12125950,7060015910,1,train
hysets_12126000,7060015910,1,train
hysets_12126100,7060015910,1,train
hysets_12126500,7060015910,1,train
hysets_12126800,7060015910,1,train
hysets_12126900,7060015910,1,train
hysets_12127100,7060015910,1,train
hysets_12127300,7060015910,1,train
hysets_12133000,7060016000,2,train
hysets_12134500,7060016000,2,train
hysets_12135000,7060016000,2,train
hysets_12137200,7060016000,2,train
hysets_12137260,7060016000,2,train
hysets_12137290,7060016000,2,train
hysets_12137800,7060016000,2,train
hysets_12138150,7060016000,2,train
hysets_12141000,7060016000,2,train
hysets_12141100,7060016000,2,train
hysets_12141300,7060016000,2,train
hysets_12142000,7060016000,2,train
hysets_12142200,7060016000,2,train
hysets_12142300,7060016000,2,train
hysets_12143000,7060016000,2,train
hysets_12143400,7060016000,2,train
hysets_12143600,7060016000,2,train
hysets_12144000,7060016000,2,train
hysets_12144500,7060016000,2,train
hysets_12145500,7060016000,2,train
hysets_12146000,7060016000,2,train
hysets_12147000,7060016000,2,train
hysets_12147500,7060016000,2,train
hysets_12147600,7060016000,2,train
hysets_12147800,7060016000,2,train
hysets_12148700,7060016000,2,train
hysets_12149000,7060016000,2,train
hysets_12150500,7060016000,2,train
hysets_12150800,7060016000,2,train
hysets_12152500,7060016000,2,train
hysets_12153000,7060016000,2,train
hysets_12155300,7060016000,2,train
hysets_12157250,7060016010,4,train
hysets_12158010,7060016010,4,train
hysets_12158040,7060016010,4,train
hysets_12161000,7060016010,4,train
hysets_12162500,7060016010,4,train
hysets_12164000,7060016010,4,train
hysets_12165000,7060016010,4,train
hysets_12165500,7060016010,4,train
hysets_12167000,7060016010,4,train
hysets_12167500,7060016010,4,train
hysets_12167700,7060016010,4,train
hysets_12168500,7060016010,4,train
hysets_12169500,7060016010,4,train
hysets_12172000,7060016090,4,test
hysets_12173500,7060016090,4,test
hysets_12175400,7060016090,4,test
hysets_12175500,7060016090,4,test
hysets_12177500,7060016090,4,test
hysets_12178100,7060016090,4,test
hysets_12179900,7060016090,4,test
hysets_12181100,7060016090,4,test
hysets_12182500,7060016090,4,test
hysets_12184500,7060016090,4,test
hysets_12185300,7060016090,4,test
hysets_12186000,7060016090,4,test
hysets_12187500,7060016090,4,test
hysets_12188400,7060016090,4,test
hysets_12189500,7060016090,4,test
hysets_12190710,7060016090,4,test
hysets_12190718,7060016090,4,test
hysets_12191500,7060016090,4,test
hysets_12191800,7060016090,4,test
hysets_12192600,7060016090,4,test
hysets_12192700,7060016090,4,test
hysets_12193400,7060016090,4,test
hysets_12193500,7060016090,4,test
hysets_12196000,7060016090,4,test
hysets_12196150,7060016090,4,test
hysets_12196200,7060016090,4,test
hysets_12196400,7060016090,4,test
hysets_12196500,7060016090,4,test
hysets_12197040,7060016090,4,test
hysets_12197700,7060016090,4,test
hysets_12199000,7060016090,4,test
hysets_12199600,7060016090,4,test
hysets_12199800,7060016090,4,test
hysets_12200000,7060016090,4,test
hysets_12200500,7060016090,4,test
hysets_12200684,7060016010,4,train
hysets_12200701,7060016010,4,train
hysets_12200737,7060056770,4,train
hysets_12201500,7060016100,3,train
hysets_12201950,7060016100,3,train
hysets_12201960,7060016100,3,train
hysets_12202000,7060016100,3,train
hysets_12202050,7060016100,3,train
hysets_12202300,7060016100,3,train
hysets_12202310,7060016100,3,train
hysets_12203000,7060016100,3,train
hysets_12205000,7060016100,3,train
hysets_12206900,7060016100,3,train
hysets_12207200,7060016100,3,train
hysets_12207750,7060016100,3,train
hysets_12207850,7060016100,3,train
hysets_12208000,7060016100,3,train
hysets_12208500,7060016100,3,train
hysets_12209000,7060016100,3,train
hysets_12209490,7060016100,3,train
hysets_12209500,7060016100,3,train
hysets_12210000,7060016100,3,train
hysets_12210500,7060016100,3,train
hysets_12210700,7060016100,3,train
hysets_12210900,7060016100,3,train
hysets_12211500,7060016100,3,train
hysets_12212900,7060016100,3,train
hysets_12213100,7060016100,3,train
hysets_12214000,7060016100,3,train
hysets_12214500,7060016260,3,train
hysets_12238,7060006390,3,train
hysets_12300500,7060014930,2,train
hysets_12301300,7060014930,2,train
hysets_12301550,7060014930,2,train
hysets_12301810,7060014930,2,train
hysets_12301999,7060014930,2,train
hysets_12302000,7060014930,2,train
hysets_12302055,7060014930,2,train
hysets_12302500,7060014930,2,train
hysets_12303100,7060014930,2,train
hysets_12303500,7060014930,2,train
hysets_12304040,7060014930,2,train
hysets_12305500,7060014930,2,train
hysets_12311000,7060014930,2,train
hysets_12313500,7060014930,2,train
hysets_12320500,7060014930,2,train
hysets_12321000,7060014930,2,train
hysets_12323200,7060014930,2,train
hysets_12323500,7060014930,2,train
hysets_12323600,7060014930,2,train
hysets_12323670,7060014930,2,train
hysets_12323700,7060014930,2,train
hysets_12323710,7060014930,2,train
hysets_12323720,7060014930,2,train
hysets_12323760,7060014930,2,train
hysets_12323770,7060014930,2,train
hysets_12323840,7060014930,2,train
hysets_12323850,7060014930,2,train
hysets_12324100,7060014930,2,train
hysets_12324200,7060014930,2,train
hysets_12324400,7060014930,2,train
hysets_12324590,7060014930,2,train
hysets_12324660,7060014930,2,train
hysets_12324680,7060014930,2,train
hysets_12327090,7060014930,2,train
hysets_12327100,7060014930,2,train
hysets_12328500,7060014930,2,train
hysets_12330000,7060014930,2,train
hysets_12331100,7060014930,2,train
hysets_12331500,7060014930,2,train
hysets_12331600,7060014930,2,train
hysets_12331800,7060014930,2,train
hysets_12331900,7060014930,2,train
hysets_12332000,7060014930,2,train
hysets_12334510,7060014930,2,train
hysets_12334550,7060014930,2,train
hysets_12334600,7060014930,2,train
hysets_12334650,7060014930,2,train
hysets_12335000,7060014930,2,train
hysets_12335100,7060014930,2,train
hysets_12335500,7060014930,2,train
hysets_12338300,7060014930,2,train
hysets_12338500,7060014930,2,train
hysets_12338690,7060014930,2,train
hysets_12339450,7060014930,2,train
hysets_12339800,7060014930,2,train
hysets_12340000,7060014930,2,train
hysets_12340500,7060014930,2,train
hysets_12341000,7060014930,2,train
hysets_12343400,7060014930,2,train
hysets_12343500,7060014930,2,train
hysets_12344000,7060014930,2,train
hysets_12345000,7060014930,2,train
hysets_12345850,7060014930,2,train
hysets_12346500,7060014930,2,train
hysets_12347500,7060014930,2,train
hysets_12348200,7060014930,2,train
hysets_12348500,7060014930,2,train
hysets_12350000,7060014930,2,train
hysets_12350250,7060014930,2,train
hysets_12350500,7060014930,2,train
hysets_12351000,7060014930,2,train
hysets_12351200,7060014930,2,train
hysets_12351400,7060014930,2,train
hysets_12352000,7060014930,2,train
hysets_12352500,7060014930,2,train
hysets_12353000,7060014930,2,train
hysets_12353280,7060014930,2,train
hysets_12353300,7060014930,2,train
hysets_12353820,7060014930,2,train
hysets_12354000,7060014930,2,train
hysets_12354500,7060014930,2,train
hysets_12355150,7060014930,2,train
hysets_12355700,7060014930,2,train
hysets_12356000,7060014930,2,train
hysets_12356500,7060014930,2,train
hysets_12357000,7060014930,2,train
hysets_12358500,7060014930,2,train
hysets_12359000,7060014930,2,train
hysets_12359500,7060014930,2,train
hysets_12359800,7060014930,2,train
hysets_12360000,7060014930,2,train
hysets_12360500,7060014930,2,train
hysets_12360600,7060014930,2,train
hysets_12361000,7060014930,2,train
hysets_12361500,7060014930,2,train
hysets_12361700,7060014930,2,train
hysets_12361950,7060014930,2,train
hysets_12363920,7060014930,2,train
hysets_12365000,7060014930,2,train
hysets_12365700,7060014930,2,train
hysets_12365800,7060014930,2,train
hysets_12366000,7060014930,2,train
hysets_12366080,7060014930,2,train
hysets_12367500,7060014930,2,train
hysets_12369200,7060014930,2,train
hysets_12369650,7060014930,2,train
hysets_12370,7060006390,3,train
hysets_12370000,7060014930,2,train
hysets_12370900,7060014930,2,train
hysets_12371,7060006390,3,train
hysets_12374250,7060014930,2,train
hysets_12374800,7060014930,2,train
hysets_12375900,7060014930,2,train
hysets_12377150,7060014930,2,train
hysets_12383500,7060014930,2,train
hysets_12387450,7060014930,2,train
hysets_12388200,7060014930,2,train
hysets_12388400,7060014930,2,train
hysets_12389500,7060014930,2,train
hysets_12390700,7060014930,2,train
hysets_12391000,7060014930,2,train
hysets_12391400,7060014930,2,train
hysets_12391550,7060014930,2,train
hysets_12392155,7060014930,2,train
hysets_12392300,7060014930,2,train
hysets_12392390,7060014930,2,train
hysets_12392400,7060014930,2,train
hysets_12392450,7060014930,2,train
hysets_12392660,7060014930,2,train
hysets_12396000,7060014930,2,train
hysets_12396500,7060014930,2,train
hysets_12396900,7060014930,2,train
hysets_12398000,7060014930,2,train
hysets_12399600,7060014930,2,train
hysets_12400900,7060014930,2,train
hysets_12405,7060006390,3,train
hysets_12407500,7060014930,2,train
hysets_12407700,7060014930,2,train
hysets_12408000,7060014930,2,train
hysets_12408300,7060014930,2,train
hysets_12408420,7060014930,2,train
hysets_12408500,7060014930,2,train
hysets_12408700,7060014930,2,train
hysets_12409000,7060014930,2,train
hysets_12409500,7060014930,2,train
hysets_12411000,7060014930,2,train
hysets_12411935,7060014930,2,train
hysets_12412000,7060014930,2,train
hysets_12413000,7060014930,2,train
hysets_12413040,7060014930,2,train
hysets_12413125,7060014930,2,train
hysets_12413130,7060014930,2,train
hysets_12413180,7060014930,2,train
hysets_12413210,7060014930,2,train
hysets_12413250,7060014930,2,train
hysets_12413300,7060014930,2,train
hysets_12413360,7060014930,2,train
hysets_12413370,7060014930,2,train
hysets_12413445,7060014930,2,train
hysets_12413470,7060014930,2,train
hysets_12413500,7060014930,2,train
hysets_12413700,7060014930,2,train
hysets_12413860,7060014930,2,train
hysets_12413875,7060014930,2,train
hysets_12414200,7060014930,2,train
hysets_12414350,7060014930,2,train
hysets_12414500,7060014930,2,train
hysets_12414900,7060014930,2,train
hysets_12415000,7060014930,2,train
hysets_12415140,7060014930,2,train
hysets_12415250,7060014930,2,train
hysets_12415285,7060014930,2,train
hysets_12415290,7060014930,2,train
hysets_12415350,7060014930,2,train
hysets_12416000,7060014930,2,train
hysets_12422000,7060014930,2,train
hysets_12422950,7060014930,2,train
hysets_12424000,7060014930,2,train
hysets_12424500,7060014930,2,train
hysets_12433100,7060014930,2,train
hysets_12433200,7060014930,2,train
hysets_12433558,7060014930,2,train
hysets_12433561,7060014930,2,train
hysets_12434500,7060014930,2,train
hysets_12434590,7060014930,2,train
hysets_12436,7060006390,3,train
hysets_12437505,7060014930,2,train
hysets_12439300,7060014930,2,train
hysets_12442000,7060014930,2,train
hysets_12442300,7060014930,2,train
hysets_12444490,7060014930,2,train
hysets_12445900,7060014930,2,train
hysets_12447370,7060014930,2,train
hysets_12447382,7060014930,2,train
hysets_12447383,7060014930,2,train
hysets_12447387,7060014930,2,train
hysets_12447390,7060014930,2,train
hysets_12447600,7060014930,2,train
hysets_12448000,7060014930,2,train
hysets_12448500,7060014930,2,train
hysets_12448990,7060014930,2,train
hysets_12448998,7060014930,2,train
hysets_12449500,7060014930,2,train
hysets_12449600,7060014930,2,train
hysets_12449700,7060014930,2,train
hysets_12449760,7060014930,2,train
hysets_12449950,7060014930,2,train
hysets_12451000,7060014930,2,train
hysets_12451500,7060014930,2,train
hysets_12451600,7060014930,2,train
hysets_12451620,7060014930,2,train
hysets_12451650,7060014930,2,train
hysets_12452500,7060014930,2,train
hysets_12452800,7060014930,2,train
hysets_12452890,7060014930,2,train
hysets_12452990,7060014930,2,train
hysets_12453000,7060014930,2,train
hysets_12454000,7060014930,2,train
hysets_12455000,7060014930,2,train
hysets_12456500,7060014930,2,train
hysets_12457000,7060014930,2,train
hysets_12458000,7060014930,2,train
hysets_12459000,7060014930,2,train
hysets_12461500,7060014930,2,train
hysets_12462000,7060014930,2,train
hysets_12462500,7060014930,2,train
hysets_12463000,7060014930,2,train
hysets_12463500,7060014930,2,train
hysets_12464000,7060014930,2,train
hysets_12464606,7060014930,2,train
hysets_12464780,7060014930,2,train
hysets_12464800,7060014930,2,train
hysets_12465000,7060014930,2,train
hysets_12465400,7060014930,2,train
hysets_12467000,7060014930,2,train
hysets_12469,7060006390,3,train
hysets_12471270,7060014930,2,train
hysets_12472300,7060014930,2,train
hysets_12480000,7060014930,2,train
hysets_12480500,7060014930,2,train
hysets_12483600,7060014930,2,train
hysets_12483800,7060014930,2,train
hysets_12484,7060006390,3,train
hysets_12485,7060006390,3,train
hysets_12487,7060006390,3,train
hysets_12488,7060006390,3,train
hysets_12488500,7060014930,2,train
hysets_12500500,7060014930,2,train
hysets_12501000,7060014930,2,train
hysets_12502000,7060014930,2,train
hysets_12502500,7060014930,2,train
hysets_12503000,7060014930,2,train
hysets_12504,7060006390,3,train
hysets_12506000,7060014930,2,train
hysets_12508480,7060014930,2,train
hysets_12508820,7060014930,2,train
hysets_12508990,7060014930,2,train
hysets_12509698,7060014930,2,train
hysets_12510618,7060014930,2,train
hysets_12510625,7060014930,2,train
hysets_12510655,7060014930,2,train
hysets_12512500,7060014930,2,train
hysets_12512550,7060014930,2,train
hysets_12513000,7060014930,2,train
hysets_12520,7060006390,3,train
hysets_12535,7060006390,3,train
hysets_13010065,7060014930,2,train
hysets_13011000,7060014930,2,train
hysets_13011500,7060014930,2,train
hysets_13011900,7060014930,2,train
hysets_13012000,7060014930,2,train
hysets_13016100,7060014930,2,train
hysets_13016305,7060014930,2,train
hysets_13018000,7060014930,2,train
hysets_13018300,7060014930,2,train
hysets_13018750,7060014930,2,train
hysets_13019438,7060014930,2,train
hysets_13019500,7060014930,2,train
hysets_13022500,7060014930,2,train
hysets_13023000,7060014930,2,train
hysets_13024500,7060014930,2,train
hysets_13025500,7060014930,2,train
hysets_13029500,7060014930,2,train
hysets_13030000,7060014930,2,train
hysets_13030500,7060014930,2,train
hysets_13032000,7060014930,2,train
hysets_13046680,7060014930,2,train
hysets_13046995,7060014930,2,train
hysets_13051000,7060014930,2,train
hysets_13051500,7060014930,2,train
hysets_13052500,7060014930,2,train
hysets_13054200,7060014930,2,train
hysets_13054300,7060014930,2,train
hysets_13054600,7060014930,2,train
hysets_13054805,7060014930,2,train
hysets_13055319,7060014930,2,train
hysets_13055340,7060014930,2,train
hysets_13057150,7060014930,2,train
hysets_13065940,7060014930,2,train
hysets_13075700,7060014930,2,train
hysets_1307599660,7060014930,2,train
hysets_1307599910,7060014930,2,train
hysets_13076000,7060014930,2,train
hysets_13076100,7060014930,2,train
hysets_13076110,7060014930,2,train
hysets_13076200,7060014930,2,train
hysets_13077500,7060014930,2,train
hysets_13077600,7060014930,2,train
hysets_13077700,7060014930,2,train
hysets_13079100,7060014930,2,train
hysets_13079200,7060014930,2,train
hysets_13079600,7060014930,2,train
hysets_13082300,7060014930,2,train
hysets_13082320,7060014930,2,train
hysets_13088400,7060014930,2,train
hysets_13092000,7060014930,2,train
hysets_13093095,7060014930,2,train
hysets_13096000,7060014930,2,train
hysets_13106600,7060014930,2,train
hysets_13117000,7060014930,2,train
hysets_13117020,7060014930,2,train
hysets_13117030,7060014930,2,train
hysets_13117300,7060014930,2,train
hysets_13129800,7060014930,2,train
hysets_13130900,7060014930,2,train
hysets_13135500,7060014930,2,train
hysets_13136500,7060014930,2,train
hysets_13137000,7060014930,2,train
hysets_13137500,7060014930,2,train
hysets_13153500,7060014930,2,train
hysets_13154000,7060014930,2,train
hysets_13155300,7060014930,2,train
hysets_13155400,7060014930,2,train
hysets_13157150,7060014930,2,train
hysets_13162225,7060014930,2,train
hysets_13162500,7060014930,2,train
hysets_13169500,7060014930,2,train
hysets_13171620,7060014930,2,train
hysets_13172890,7060014930,2,train
hysets_13176900,7060014930,2,train
hysets_13177985,7060014930,2,train
hysets_13184500,7060014930,2,train
hysets_13184870,7060014930,2,train
hysets_13185000,7060014930,2,train
hysets_13186000,7060014930,2,train
hysets_13186500,7060014930,2,train
hysets_13187000,7060014930,2,train
hysets_13200500,7060014930,2,train
hysets_13201000,7060014930,2,train
hysets_13204640,7060014930,2,train
hysets_13205633,7060014930,2,train
hysets_13210280,7060014930,2,train
hysets_13214000,7060014930,2,train
hysets_13216500,7060014930,2,train
hysets_13226500,7060014930,2,train
hysets_13227000,7060014930,2,train
hysets_13235000,7060014930,2,train
hysets_13237600,7060014930,2,train
hysets_13237920,7060014930,2,train
hysets_13250600,7060014930,2,train
hysets_13251300,7060014930,2,train
hysets_13251500,7060014930,2,train
hysets_13255050,7060014930,2,train
hysets_13256800,7060014930,2,train
hysets_13260000,7060014930,2,train
hysets_13260500,7060014930,2,train
hysets_13261000,7060014930,2,train
hysets_13267000,7060014930,2,train
hysets_13267050,7060014930,2,train
hysets_13269300,7060014930,2,train
hysets_13270800,7060014930,2,train
hysets_13281500,7060014930,2,train
hysets_13288200,7060014930,2,train
hysets_13289500,7060014930,2,train
hysets_13290200,7060014930,2,train
hysets_13291000,7060014930,2,train
hysets_13292000,7060014930,2,train
hysets_13292280,7060014930,2,train
hysets_13292380,7060014930,2,train
hysets_13292500,7060014930,2,train
hysets_13293000,7060014930,2,train
hysets_13294600,7060014930,2,train
hysets_13295000,7060014930,2,train
hysets_13295500,7060014930,2,train
hysets_13296000,7060014930,2,train
hysets_13296500,7060014930,2,train
hysets_13297330,7060014930,2,train
hysets_13297350,7060014930,2,train
hysets_13297355,7060014930,2,train
hysets_13297450,7060014930,2,train
hysets_13297597,7060014930,2,train
hysets_13298000,7060014930,2,train
hysets_13301620,7060014930,2,train
hysets_13301900,7060014930,2,train
hysets_13301990,7060014930,2,train
hysets_13302500,7060014930,2,train
hysets_13303500,7060014930,2,train
hysets_13306375,7060014930,2,train
hysets_13306385,7060014930,2,train
hysets_13306500,7060014930,2,train
hysets_13307000,7060014930,2,train
hysets_13308500,7060014930,2,train
hysets_13309000,7060014930,2,train
hysets_13309220,7060014930,2,train
hysets_13310000,7060014930,2,train
hysets_13310199,7060014930,2,train
hysets_13310500,7060014930,2,train
hysets_13310520,7060014930,2,train
hysets_13310565,7060014930,2,train
hysets_13310570,7060014930,2,train
hysets_13310660,7060014930,2,train
hysets_13310670,7060014930,2,train
hysets_13310700,7060014930,2,train
hysets_13311000,7060014930,2,train
hysets_13313500,7060014930,2,train
hysets_13313800,7060014930,2,train
hysets_13314300,7060014930,2,train
hysets_13315000,7060014930,2,train
hysets_13315500,7060014930,2,train
hysets_13316535,7060014930,2,train
hysets_13316800,7060014930,2,train
hysets_13317000,7060014930,2,train
hysets_13317500,7060014930,2,train
hysets_13318050,7060014930,2,train
hysets_13318060,7060014930,2,train
hysets_13318500,7060014930,2,train
hysets_13318800,7060014930,2,train
hysets_13319000,7060014930,2,train
hysets_13320000,7060014930,2,train
hysets_13323500,7060014930,2,train
hysets_13324300,7060014930,2,train
hysets_13329500,7060014930,2,train
hysets_13330000,7060014930,2,train
hysets_13330300,7060014930,2,train
hysets_13330500,7060014930,2,train
hysets_13330700,7060014930,2,train
hysets_13331500,7060014930,2,train
hysets_13332500,7060014930,2,train
hysets_13333000,7060014930,2,train
hysets_13334450,7060014930,2,train
hysets_13334500,7060014930,2,train
hysets_13334700,7060014930,2,train
hysets_13335050,7060014930,2,train
hysets_13335690,7060014930,2,train
hysets_13335700,7060014930,2,train
hysets_13336100,7060014930,2,train
hysets_13336300,7060014930,2,train
hysets_13336500,7060014930,2,train
hysets_13336800,7060014930,2,train
hysets_13336900,7060014930,2,train
hysets_13337000,7060014930,2,train
hysets_13337100,7060014930,2,train
hysets_13337500,7060014930,2,train
hysets_13338000,7060014930,2,train
hysets_13338500,7060014930,2,train
hysets_13338800,7060014930,2,train
hysets_13339000,7060014930,2,train
hysets_13339500,7060014930,2,train
hysets_13340000,7060014930,2,train
hysets_13340500,7060014930,2,train
hysets_13340600,7060014930,2,train
hysets_13340615,7060014930,2,train
hysets_13340760,7060014930,2,train
hysets_13340780,7060014930,2,train
hysets_13340855,7060014930,2,train
hysets_13341128,7060014930,2,train
hysets_13341200,7060014930,2,train
hysets_13341300,7060014930,2,train
hysets_13341400,7060014930,2,train
hysets_13341500,7060014930,2,train
hysets_13343800,7060014930,2,train
hysets_13344500,7060014930,2,train
hysets_13345000,7060014930,2,train
hysets_13345300,7060014930,2,train
hysets_13346000,7060014930,2,train
hysets_13346100,7060014930,2,train
hysets_13346800,7060014930,2,train
hysets_13348000,7060014930,2,train
hysets_13349200,7060014930,2,train
hysets_13349210,7060014930,2,train
hysets_13349325,7060014930,2,train
hysets_13349400,7060014930,2,train
hysets_13349410,7060014930,2,train
hysets_13350500,7060014930,2,train
hysets_13351000,7060014930,2,train
hysets_13352500,7060014930,2,train
hysets_14010000,7060014930,2,train
hysets_14010800,7060014930,2,train
hysets_14011000,7060014930,2,train
hysets_14013000,7060014930,2,train
hysets_14013500,7060014930,2,train
hysets_14013600,7060014930,2,train
hysets_14013700,7060014930,2,train
hysets_14016000,7060014930,2,train
hysets_14016500,7060014930,2,train
hysets_14016610,7060014930,2,train
hysets_14017000,7060014930,2,train
hysets_14017500,7060014930,2,train
hysets_14018500,7060014930,2,train
hysets_14020000,7060014930,2,train
hysets_14020300,7060014930,2,train
hysets_14020520,7060014930,2,train
hysets_14020700,7060014930,2,train
hysets_14020740,7060014930,2,train
hysets_14020760,7060014930,2,train
hysets_14020850,7060014930,2,train
hysets_14021000,7060014930,2,train
hysets_14021980,7060014930,2,train
hysets_14022200,7060014930,2,train
hysets_14022500,7060014930,2,train
hysets_14024200,7060014930,2,train
hysets_14025000,7060014930,2,train
hysets_14032000,7060014930,2,train
hysets_14034350,7060014930,2,train
hysets_14034480,7060014930,2,train
hysets_14034800,7060014930,2,train
hysets_14036600,7060014930,2,train
hysets_14036860,7060014930,2,train
hysets_14037500,7060014930,2,train
hysets_14038500,7060014930,2,train
hysets_14038530,7060014930,2,train
hysets_14040500,7060014930,2,train
hysets_14041000,7060014930,2,train
hysets_14041500,7060014930,2,train
hysets_14042000,7060014930,2,train
hysets_14042500,7060014930,2,train
hysets_14043560,7060014930,2,train
hysets_14044000,7060014930,2,train
hysets_14044500,7060014930,2,train
hysets_14046000,7060014930,2,train
hysets_14046500,7060014930,2,train
hysets_14046778,7060014930,2,train
hysets_14046890,7060014930,2,train
hysets_14047380,7060014930,2,train
hysets_14047390,7060014930,2,train
hysets_14048000,7060014930,2,train
hysets_14050000,7060014930,2,train
hysets_14050500,7060014930,2,train
hysets_14051000,7060014930,2,train
hysets_14053000,7060014930,2,train
hysets_14054500,7060014930,2,train
hysets_14055500,7060014930,2,train
hysets_14061000,7060014930,2,train
hysets_14074900,7060014930,2,train
hysets_14077500,7060014930,2,train
hysets_14078000,7060014930,2,train
hysets_14078500,7060014930,2,train
hysets_14079500,7060014930,2,train
hysets_14079800,7060014930,2,train
hysets_14087300,7060014930,2,train
hysets_14087500,7060014930,2,train
hysets_14088000,7060014930,2,train
hysets_14090350,7060014930,2,train
hysets_14090400,7060014930,2,train
hysets_14091500,7060014930,2,train
hysets_14092110,7060014930,2,train
hysets_14092150,7060014930,2,train
hysets_14092750,7060014930,2,train
hysets_14092885,7060014930,2,train
hysets_14093000,7060014930,2,train
hysets_14095500,7060014930,2,train
hysets_14096300,7060014930,2,train
hysets_14096850,7060014930,2,train
hysets_14097100,7060014930,2,train
hysets_14097200,7060014930,2,train
hysets_14097400,7060014930,2,train
hysets_14101500,7060014930,2,train
hysets_14107000,7060014930,2,train
hysets_14110000,7060014930,2,train
hysets_14111400,7060014930,2,train
hysets_14112000,7060014930,2,train
hysets_14112300,7060014930,2,train
hysets_14112400,7060014930,2,train
hysets_14112500,7060014930,2,train
hysets_14113000,7060014930,2,train
hysets_14113200,7060014930,2,train
hysets_14113400,7060014930,2,train
hysets_14115815,7060014930,2,train
hysets_14118000,7060014930,2,train
hysets_14118500,7060014930,2,train
hysets_14120000,7060014930,2,train
hysets_14121300,7060014930,2,train
hysets_14121400,7060014930,2,train
hysets_14121500,7060014930,2,train
hysets_14122900,7060014930,2,train
hysets_14123000,7060014930,2,train
hysets_14125500,7060014930,2,train
hysets_14127000,7060014930,2,train
hysets_14127300,7060014930,2,train
hysets_14128000,7060014930,2,train
hysets_14128500,7060014930,2,train
hysets_14131400,7060014930,2,train
hysets_14134000,7060014930,2,train
hysets_14135500,7060014930,2,train
hysets_14136500,7060014930,2,train
hysets_14137000,7060014930,2,train
hysets_14137002,7060014930,2,train
hysets_14138720,7060014930,2,train
hysets_14138800,7060014930,2,train
hysets_14138850,7060014930,2,train
hysets_14138870,7060014930,2,train
hysets_14138900,7060014930,2,train
hysets_14139700,7060014930,2,train
hysets_14139800,7060014930,2,train
hysets_14141500,7060014930,2,train
hysets_14143500,7060014930,2,train
hysets_14144000,7060014930,2,train
hysets_14144800,7060014930,2,train
hysets_14144900,7060014930,2,train
hysets_14146500,7060014930,2,train
hysets_14146700,7060014930,2,train
hysets_14147000,7060014930,2,train
hysets_14147500,7060014930,2,train
hysets_14150300,7060014930,2,train
hysets_14150800,7060014930,2,train
hysets_14152500,7060014930,2,train
hysets_14154500,7060014930,2,train
hysets_14156500,7060014930,2,train
hysets_14158500,7060014930,2,train
hysets_14158700,7060014930,2,train
hysets_14158790,7060014930,2,train
hysets_14158930,7060014930,2,train
hysets_14159100,7060014930,2,train
hysets_14159200,7060014930,2,train
hysets_14161000,7060014930,2,train
hysets_14161100,7060014930,2,train
hysets_14161500,7060014930,2,train
hysets_14162000,7060014930,2,train
hysets_14163000,7060014930,2,train
hysets_14165000,7060014930,2,train
hysets_14166500,7060014930,2,train
hysets_14167000,7060014930,2,train
hysets_14169300,7060014930,2,train
hysets_14170500,7060014930,2,train
hysets_14171000,7060014930,2,train
hysets_14171500,7060014930,2,train
hysets_14172000,7060014930,2,train
hysets_14173500,7060014930,2,train
hysets_14178000,7060014930,2,train
hysets_14178700,7060014930,2,train
hysets_14179000,7060014930,2,train
hysets_14179100,7060014930,2,train
hysets_14180300,7060014930,2,train
hysets_14181750,7060014930,2,train
hysets_14182400,7060014930,2,train
hysets_14182500,7060014930,2,train
hysets_14185000,7060014930,2,train
hysets_14185700,7060014930,2,train
hysets_14185880,7060014930,2,train
hysets_14185900,7060014930,2,train
hysets_14186500,7060014930,2,train
hysets_14187000,7060014930,2,train
hysets_14187100,7060014930,2,train
hysets_14188610,7060014930,2,train
hysets_14188700,7060014930,2,train
hysets_14188800,7060014930,2,train
hysets_14189500,7060014930,2,train
hysets_14190000,7060014930,2,train
hysets_14190100,7060014930,2,train
hysets_14190500,7060014930,2,train
hysets_14191500,7060014930,2,train
hysets_14192500,7060014930,2,train
hysets_14193000,7060014930,2,train
hysets_14193300,7060014930,2,train
hysets_14194000,7060014930,2,train
hysets_14194150,7060014930,2,train
hysets_14194300,7060014930,2,train
hysets_14197000,7060014930,2,train
hysets_14197900,7060014930,2,train
hysets_14198000,7060014930,2,train
hysets_14198400,7060014930,2,train
hysets_14198500,7060014930,2,train
hysets_14199704,7060014930,2,train
hysets_14200000,7060014930,2,train
hysets_14200300,7060014930,2,train
hysets_14200400,7060014930,2,train
hysets_14201000,7060014930,2,train
hysets_14201300,7060014930,2,train
hysets_14201340,7060014930,2,train
hysets_14201500,7060014930,2,train
hysets_14202000,7060014930,2,train
hysets_14202500,7060014930,2,train
hysets_14202850,7060014930,2,train
hysets_14202920,7060014930,2,train
hysets_14203000,7060014930,2,train
hysets_14203750,7060014930,2,train
hysets_14204000,7060014930,2,train
hysets_14204500,7060014930,2,train
hysets_14205400,7060014930,2,train
hysets_14205800,7060014930,2,train
hysets_14206000,7060014930,2,train
hysets_14206180,7060014930,2,train
hysets_14206500,7060014930,2,train
hysets_14206900,7060014930,2,train
hysets_14206950,7060014930,2,train
hysets_14208000,7060014930,2,train
hysets_14208300,7060014930,2,train
hysets_14209600,7060014930,2,train
hysets_14211000,7060014930,2,train
hysets_14211010,7060014930,2,train
hysets_14211400,7060014930,2,train
hysets_14211499,7060014930,2,train
hysets_14211500,7060014930,2,train
hysets_14211550,7060014930,2,train
hysets_14211898,7060014930,2,train
hysets_14211902,7060014930,2,train
hysets_14213000,7060014930,2,train
hysets_14213500,7060014930,2,train
hysets_14214000,7060014930,2,train
hysets_14214500,7060014930,2,train
hysets_14215000,7060014930,2,train
hysets_14216000,7060014930,2,train
hysets_14216350,7060014930,2,train
hysets_14216500,7060014930,2,train
hysets_14216800,7060014930,2,train
hysets_14216900,7060014930,2,train
hysets_14218000,7060014930,2,train
hysets_14219000,7060014930,2,train
hysets_14219800,7060014930,2,train
hysets_14221500,7060014930,2,train
hysets_14222500,7060014930,2,train
hysets_14222920,7060014930,2,train
hysets_14222930,7060014930,2,train
hysets_14222950,7060014930,2,train
hysets_14222980,7060014930,2,train
hysets_14223500,7060014930,2,train
hysets_14229500,7060014930,2,train
hysets_14231000,7060014930,2,train
hysets_14231900,7060014930,2,train
hysets_14232500,7060014930,2,train
hysets_14234000,7060014930,2,train
hysets_14235000,7060014930,2,train
hysets_14235500,7060014930,2,train
hysets_14236200,7060014930,2,train
hysets_14236400,7060014930,2,train
hysets_14236500,7060014930,2,train
hysets_14237000,7060014930,2,train
hysets_14237500,7060014930,2,train
hysets_14238500,7060014930,2,train
hysets_14238800,7060014930,2,train
hysets_14239000,7060014930,2,train
hysets_14240800,7060014930,2,train
hysets_14241100,7060014930,2,train
hysets_14241200,7060014930,2,train
hysets_14241490,7060014930,2,train
hysets_14241500,7060014930,2,train
hysets_14242500,7060014930,2,train
hysets_14242511,7060014930,2,train
hysets_14242512,7060014930,2,train
hysets_14242513,7060014930,2,train
hysets_14242580,7060014930,2,train
hysets_14242690,7060014930,2,train
hysets_14243000,7060014930,2,train
hysets_14243500,7060014930,2,train
hysets_14245000,7060014930,2,train
hysets_14246000,7060014930,2,train
hysets_14246500,7060014930,2,train
hysets_14247000,7060014930,2,train
hysets_14247500,7060014930,2,train
hysets_14248200,7060014940,2,train
hysets_14248700,7060014810,3,train
hysets_14249000,7060014940,2,train
hysets_14249500,7060014940,2,train
hysets_14250500,7060014940,2,train
hysets_14299800,7060014800,4,train
hysets_14301000,7060014800,4,train
hysets_14301500,7060014530,1,val
hysets_14302480,7060014530,1,val
hysets_14302500,7060014530,1,val
hysets_14303200,7060014530,1,val
hysets_14303600,7060014530,1,val
hysets_14304350,7060014530,1,val
hysets_14304850,7060014530,1,val
hysets_14305500,7060014530,1,val
hysets_14306030,7060014530,1,val
hysets_14306036,7060014530,1,val
hysets_14306100,7060014530,1,val
hysets_14306200,7060014530,1,val
hysets_14306340,7060014530,1,val
hysets_14306400,7060014530,1,val
hysets_14306500,7060014530,1,val
hysets_14306600,7060014530,1,val
hysets_14306800,7060014530,1,val
hysets_14306810,7060014530,1,val
hysets_14306900,7060014530,1,val
hysets_14307500,7060014530,1,val
hysets_14307580,7060014530,1,val
hysets_14307620,7060014530,1,val
hysets_14307645,7060014530,1,val
hysets_14307700,7060014520,1,test
hysets_14308000,7060014520,1,test
hysets_14308600,7060014520,1,test
hysets_14308990,7060014520,1,test
hysets_14309500,7060014520,1,test
hysets_14310700,7060014520,1,test
hysets_14311000,7060014520,1,test
hysets_14311200,7060014520,1,test
hysets_14311300,7060014520,1,test
hysets_14312000,7060014520,1,test
hysets_14312170,7060014520,1,test
hysets_14312200,7060014520,1,test
hysets_14316495,7060014520,1,test
hysets_14316700,7060014520,1,test
hysets_14317600,7060014520,1,test
hysets_14318000,7060014520,1,test
hysets_14319200,7060014520,1,test
hysets_14319500,7060014520,1,test
hysets_14319850,7060014520,1,test
hysets_14319900,7060014520,1,test
hysets_14320700,7060014520,1,test
hysets_14320934,7060014520,1,test
hysets_14321000,7060014520,1,test
hysets_14321400,7060014520,1,test
hysets_14322000,7060014520,1,test
hysets_14322900,7060014520,1,test
hysets_14323100,7060014520,1,test
hysets_14324500,7060014450,1,train
hysets_14324580,7060014450,1,train
hysets_14324600,7060014440,2,train
hysets_14324700,7060014440,2,train
hysets_14324900,7060014440,2,train
hysets_14325000,7060014440,2,train
hysets_14326800,7060014440,2,train
hysets_14327000,7060014440,2,train
hysets_14327150,7060014350,2,train
hysets_14327300,7060014350,2,train
hysets_14327500,7060014340,2,train
hysets_14328000,7060014340,2,train
hysets_14333500,7060014340,2,train
hysets_14335000,7060014340,2,train
hysets_14335500,7060014340,2,train
hysets_14337800,7060014340,2,train
hysets_14337830,7060014340,2,train
hysets_14337870,7060014340,2,train
hysets_14338000,7060014340,2,train
hysets_14341500,7060014340,2,train
hysets_14353000,7060014340,2,train
hysets_14353500,7060014340,2,train
hysets_14359500,7060014340,2,train
hysets_14361590,7060014340,2,train
hysets_14361600,7060014340,2,train
hysets_14361700,7060014340,2,train
hysets_14362250,7060014340,2,train
hysets_14363000,7060014340,2,train
hysets_14368500,7060014340,2,train
hysets_14370000,7060014340,2,train
hysets_14371500,7060014340,2,train
hysets_14372000,7060014340,2,train
hysets_14373500,7060014340,2,train
hysets_14375000,7060014340,2,train
hysets_14375100,7060014340,2,train
hysets_14375400,7060014340,2,train
hysets_14375500,7060014340,2,train
hysets_14376500,7060014340,2,train
hysets_14377000,7060014340,2,train
hysets_14377100,7060014340,2,train
hysets_14377500,7060014340,2,train
hysets_14378000,7060014340,2,train
hysets_14378200,7060014340,2,train
hysets_14400000,7060014250,4,test
hysets_18277,7060005410,3,train
hysets_18344,7060005410,3,train
hysets_18350,7060005410,3,train
hysets_18538,7060005410,3,train
hysets_18555,7060005410,3,train
hysets_20017,7060004660,4,train
hysets_20021,7060004660,4,train
hysets_20022,7060004990,1,train
hysets_20026,7060004660,4,train
hysets_20037,7060004990,1,train
hysets_22008,7060004210,2,train
hysets_22015,7060004210,2,train
hysets_22016,7060003310,3,train
hysets_26243,7060049990,3,train
hysets_26249,7060049990,3,train
hysets_26280,7060049990,3,train
hysets_26285,7060049990,3,train
hysets_27001,7060050300,3,train
hysets_27038,7060050290,3,val
hysets_28001,7060050640,2,train
hysets_28013,7060050640,2,train
hysets_28015,7060050640,2,train
hysets_28108,7060050300,3,train
hysets_28125,7060050300,3,train
hysets_28136,7060050640,2,train
hysets_30158,7060050920,2,val
hysets_36071,7060049270,2,train
hysets_393040105340400,7060047060,0,train
hysets_393647105425317,7060047060,0,train
hysets_394308105413800,7060047060,0,train
hysets_394634105465800,7060047060,0,train
hysets_394839104570300,7060047060,0,train
hysets_9011,7060007830,3,test
