2026-07-28 12:33:37 [INFO] ======================================================================
2026-07-28 12:33:37 [INFO]  Large-Scale DA Parameter Selection Pipeline across Cloudtop Caravans 
2026-07-28 12:33:37 [INFO] ======================================================================
2026-07-28 12:33:37 [INFO] Hardware Compute Device: cpu
2026-07-28 12:33:37 [INFO] Full Caravans Path: /usr/local/google/home/kruparell/Caravans/Caravan-nc
2026-07-28 12:33:37 [INFO] Evaluation Date Range: 2020-01-01 to 2020-01-03
2026-07-28 12:33:37 [INFO] Target Lead Times: [1, 2, 3, 4, 5, 6, 7]
2026-07-28 12:33:37 [INFO] Log File Location: /usr/local/google/home/kruparell/flood-forecasting/tutorial/notebooks/large_scale_param_selection_results/large_scale_param_selection.log
2026-07-28 12:33:37 [INFO] Loaded 2 basins from 50-basin-train.txt (NUM_BASINS=2, Seed=42).
2026-07-28 12:33:37 [INFO] Testing 4 Parameter Sets: ['Config_A_LR0.1_Ep10_W60_Bg1e-6', 'Config_B_LR0.05_Ep15_W60_Bg1e-6', 'Config_C_LR0.1_Ep10_W90_Bg1e-5', 'Config_D_LR0.05_Ep20_W60_Bg1e-5']

2026-07-28 12:33:39 [INFO] Pretrained Model loaded successfully on device [cpu]: MeanEmbeddingForecastLSTM
2026-07-28 12:33:39 [INFO] 
======================================================================
2026-07-28 12:33:39 [INFO]  Running Parameter Set: Config_A_LR0.1_Ep10_W60_Bg1e-6
2026-07-28 12:33:39 [INFO]  (LR=0.1, Epochs=10, Window=60d, BgWeight=1e-06)
2026-07-28 12:33:39 [INFO] ======================================================================
2026-07-28 12:33:39 [INFO]  Processing Basin [1/2]: camels_02016000
2026-07-28 12:33:39 [INFO]     [Basin camels_02016000] Month: 2020-01
2026-07-28 12:33:41 [INFO]  Processing Basin [2/2]: camels_11253310
2026-07-28 12:33:41 [INFO]     [Basin camels_11253310] Month: 2020-01
2026-07-28 12:33:42 [INFO] 
======================================================================
2026-07-28 12:33:42 [INFO]  Running Parameter Set: Config_B_LR0.05_Ep15_W60_Bg1e-6
2026-07-28 12:33:42 [INFO]  (LR=0.05, Epochs=15, Window=60d, BgWeight=1e-06)
2026-07-28 12:33:42 [INFO] ======================================================================
2026-07-28 12:33:42 [INFO]  Processing Basin [1/2]: camels_02016000
2026-07-28 12:33:42 [INFO]     [Basin camels_02016000] Month: 2020-01
2026-07-28 12:33:43 [INFO]  Processing Basin [2/2]: camels_11253310
2026-07-28 12:33:43 [INFO]     [Basin camels_11253310] Month: 2020-01
2026-07-28 12:33:44 [INFO] 
======================================================================
2026-07-28 12:33:44 [INFO]  Running Parameter Set: Config_C_LR0.1_Ep10_W90_Bg1e-5
2026-07-28 12:33:44 [INFO]  (LR=0.1, Epochs=10, Window=90d, BgWeight=1e-05)
2026-07-28 12:33:44 [INFO] ======================================================================
2026-07-28 12:33:44 [INFO]  Processing Basin [1/2]: camels_02016000
2026-07-28 12:33:44 [INFO]     [Basin camels_02016000] Month: 2020-01
2026-07-28 12:33:45 [INFO]  Processing Basin [2/2]: camels_11253310
2026-07-28 12:33:45 [INFO]     [Basin camels_11253310] Month: 2020-01
2026-07-28 12:33:46 [INFO] 
======================================================================
2026-07-28 12:33:46 [INFO]  Running Parameter Set: Config_D_LR0.05_Ep20_W60_Bg1e-5
2026-07-28 12:33:46 [INFO]  (LR=0.05, Epochs=20, Window=60d, BgWeight=1e-05)
2026-07-28 12:33:46 [INFO] ======================================================================
2026-07-28 12:33:46 [INFO]  Processing Basin [1/2]: camels_02016000
2026-07-28 12:33:46 [INFO]     [Basin camels_02016000] Month: 2020-01
2026-07-28 12:33:47 [INFO]  Processing Basin [2/2]: camels_11253310
2026-07-28 12:33:47 [INFO]     [Basin camels_11253310] Month: 2020-01
2026-07-28 12:33:48 [INFO] 
Saved detailed metrics CSV: /usr/local/google/home/kruparell/flood-forecasting/tutorial/notebooks/large_scale_param_selection_results/detailed_basin_parameter_eval.csv
2026-07-28 12:33:48 [INFO] 
======================================================================
2026-07-28 12:33:48 [INFO]  AGGREGATE PARAMETER SELECTION & RANKING SUMMARY                      
2026-07-28 12:33:48 [INFO] ======================================================================
2026-07-28 12:33:48 [INFO] 
--- Mean Metrics by Config ID and Lead Time ---
                      Config ID  Lead Time (Days)  Base NSE  DA NSE  NSE Delta  Base KGE  DA KGE  KGE Delta
 Config_A_LR0.1_Ep10_W60_Bg1e-6                 1       NaN     NaN        NaN       NaN     NaN        NaN
 Config_A_LR0.1_Ep10_W60_Bg1e-6                 2       NaN     NaN        NaN       NaN     NaN        NaN
 Config_A_LR0.1_Ep10_W60_Bg1e-6                 3       NaN     NaN        NaN       NaN     NaN        NaN
 Config_A_LR0.1_Ep10_W60_Bg1e-6                 4       NaN     NaN        NaN       NaN     NaN        NaN
 Config_A_LR0.1_Ep10_W60_Bg1e-6                 5       NaN     NaN        NaN       NaN     NaN        NaN
 Config_A_LR0.1_Ep10_W60_Bg1e-6                 6       NaN     NaN        NaN       NaN     NaN        NaN
 Config_A_LR0.1_Ep10_W60_Bg1e-6                 7       NaN     NaN        NaN       NaN     NaN        NaN
Config_B_LR0.05_Ep15_W60_Bg1e-6                 1       NaN     NaN        NaN       NaN     NaN        NaN
Config_B_LR0.05_Ep15_W60_Bg1e-6                 2       NaN     NaN        NaN       NaN     NaN        NaN
Config_B_LR0.05_Ep15_W60_Bg1e-6                 3       NaN     NaN        NaN       NaN     NaN        NaN
Config_B_LR0.05_Ep15_W60_Bg1e-6                 4       NaN     NaN        NaN       NaN     NaN        NaN
Config_B_LR0.05_Ep15_W60_Bg1e-6                 5       NaN     NaN        NaN       NaN     NaN        NaN
Config_B_LR0.05_Ep15_W60_Bg1e-6                 6       NaN     NaN        NaN       NaN     NaN        NaN
Config_B_LR0.05_Ep15_W60_Bg1e-6                 7       NaN     NaN        NaN       NaN     NaN        NaN
 Config_C_LR0.1_Ep10_W90_Bg1e-5                 1       NaN     NaN        NaN       NaN     NaN        NaN
 Config_C_LR0.1_Ep10_W90_Bg1e-5                 2       NaN     NaN        NaN       NaN     NaN        NaN
 Config_C_LR0.1_Ep10_W90_Bg1e-5                 3       NaN     NaN        NaN       NaN     NaN        NaN
 Config_C_LR0.1_Ep10_W90_Bg1e-5                 4       NaN     NaN        NaN       NaN     NaN        NaN
 Config_C_LR0.1_Ep10_W90_Bg1e-5                 5       NaN     NaN        NaN       NaN     NaN        NaN
 Config_C_LR0.1_Ep10_W90_Bg1e-5                 6       NaN     NaN        NaN       NaN     NaN        NaN
 Config_C_LR0.1_Ep10_W90_Bg1e-5                 7       NaN     NaN        NaN       NaN     NaN        NaN
Config_D_LR0.05_Ep20_W60_Bg1e-5                 1       NaN     NaN        NaN       NaN     NaN        NaN
Config_D_LR0.05_Ep20_W60_Bg1e-5                 2       NaN     NaN        NaN       NaN     NaN        NaN
Config_D_LR0.05_Ep20_W60_Bg1e-5                 3       NaN     NaN        NaN       NaN     NaN        NaN
Config_D_LR0.05_Ep20_W60_Bg1e-5                 4       NaN     NaN        NaN       NaN     NaN        NaN
Config_D_LR0.05_Ep20_W60_Bg1e-5                 5       NaN     NaN        NaN       NaN     NaN        NaN
Config_D_LR0.05_Ep20_W60_Bg1e-5                 6       NaN     NaN        NaN       NaN     NaN        NaN
Config_D_LR0.05_Ep20_W60_Bg1e-5                 7       NaN     NaN        NaN       NaN     NaN        NaN
2026-07-28 12:33:48 [INFO] 
--- Overall Parameter Config Rankings (Ranked by Average DA NSE) ---
                      Config ID  Base NSE  DA NSE  NSE Delta  Base KGE  DA KGE  KGE Delta
 Config_A_LR0.1_Ep10_W60_Bg1e-6       NaN     NaN        NaN       NaN     NaN        NaN
Config_B_LR0.05_Ep15_W60_Bg1e-6       NaN     NaN        NaN       NaN     NaN        NaN
 Config_C_LR0.1_Ep10_W90_Bg1e-5       NaN     NaN        NaN       NaN     NaN        NaN
Config_D_LR0.05_Ep20_W60_Bg1e-5       NaN     NaN        NaN       NaN     NaN        NaN
2026-07-28 12:49:08 [INFO] ======================================================================
2026-07-28 12:49:08 [INFO]  Large-Scale DA Parameter Selection Pipeline across Cloudtop Caravans 
2026-07-28 12:49:08 [INFO] ======================================================================
2026-07-28 12:49:08 [INFO] Hardware Compute Device: cpu
2026-07-28 12:49:08 [INFO] Full Caravans Path: /usr/local/google/home/kruparell/Caravans/Caravan-nc
2026-07-28 12:49:08 [INFO] Evaluation Date Range: 2020-01-01 to 2020-01-08
2026-07-28 12:49:08 [INFO] Target Lead Times: [1, 2, 3, 4, 5, 6, 7]
2026-07-28 12:49:08 [INFO] Log File Location: /usr/local/google/home/kruparell/flood-forecasting/tutorial/notebooks/large_scale_param_selection_results/large_scale_param_selection.log
2026-07-28 12:49:08 [INFO] Loaded 2 basins from 50-basin-train.txt (NUM_BASINS=2, Seed=42).
2026-07-28 12:49:08 [INFO] Testing 4 Parameter Sets: ['Config_A_LR0.1_Ep10_W60_Bg1e-6', 'Config_B_LR0.05_Ep15_W60_Bg1e-6', 'Config_C_LR0.1_Ep10_W90_Bg1e-5', 'Config_D_LR0.05_Ep20_W60_Bg1e-5']

2026-07-28 12:49:10 [INFO] Pretrained Model loaded successfully on device [cpu]: MeanEmbeddingForecastLSTM
2026-07-28 12:49:10 [INFO] 
======================================================================
2026-07-28 12:49:10 [INFO]  Running Parameter Set: Config_A_LR0.1_Ep10_W60_Bg1e-6
2026-07-28 12:49:10 [INFO]  (LR=0.1, Epochs=10, Window=7d, BgWeight=1e-06)
2026-07-28 12:49:10 [INFO] ======================================================================
2026-07-28 12:49:10 [INFO]  Processing Basin [1/2]: camels_02016000
2026-07-28 12:49:10 [INFO]     [Basin camels_02016000] Month: 2020-01
2026-07-28 12:49:17 [INFO]  Processing Basin [2/2]: camels_11253310
2026-07-28 12:49:17 [INFO]     [Basin camels_11253310] Month: 2020-01
2026-07-28 12:49:23 [INFO] 
======================================================================
2026-07-28 12:49:23 [INFO]  Running Parameter Set: Config_B_LR0.05_Ep15_W60_Bg1e-6
2026-07-28 12:49:23 [INFO]  (LR=0.05, Epochs=15, Window=7d, BgWeight=1e-06)
2026-07-28 12:49:23 [INFO] ======================================================================
2026-07-28 12:49:23 [INFO]  Processing Basin [1/2]: camels_02016000
2026-07-28 12:49:23 [INFO]     [Basin camels_02016000] Month: 2020-01
2026-07-28 12:49:30 [INFO]  Processing Basin [2/2]: camels_11253310
2026-07-28 12:49:30 [INFO]     [Basin camels_11253310] Month: 2020-01
2026-07-28 12:49:36 [INFO] 
======================================================================
2026-07-28 12:49:36 [INFO]  Running Parameter Set: Config_C_LR0.1_Ep10_W90_Bg1e-5
2026-07-28 12:49:36 [INFO]  (LR=0.1, Epochs=10, Window=7d, BgWeight=1e-05)
2026-07-28 12:49:36 [INFO] ======================================================================
2026-07-28 12:49:36 [INFO]  Processing Basin [1/2]: camels_02016000
2026-07-28 12:49:36 [INFO]     [Basin camels_02016000] Month: 2020-01
2026-07-28 12:49:42 [INFO]  Processing Basin [2/2]: camels_11253310
2026-07-28 12:49:42 [INFO]     [Basin camels_11253310] Month: 2020-01
2026-07-28 12:49:48 [INFO] 
======================================================================
2026-07-28 12:49:48 [INFO]  Running Parameter Set: Config_D_LR0.05_Ep20_W60_Bg1e-5
2026-07-28 12:49:48 [INFO]  (LR=0.05, Epochs=20, Window=7d, BgWeight=1e-05)
2026-07-28 12:49:48 [INFO] ======================================================================
2026-07-28 12:49:48 [INFO]  Processing Basin [1/2]: camels_02016000
2026-07-28 12:49:48 [INFO]     [Basin camels_02016000] Month: 2020-01
2026-07-28 12:49:55 [INFO]  Processing Basin [2/2]: camels_11253310
2026-07-28 12:49:55 [INFO]     [Basin camels_11253310] Month: 2020-01
2026-07-28 12:50:02 [INFO] 
Saved detailed metrics CSV: /usr/local/google/home/kruparell/flood-forecasting/tutorial/notebooks/large_scale_param_selection_results/detailed_basin_parameter_eval.csv
2026-07-28 12:50:02 [INFO] 
======================================================================
2026-07-28 12:50:02 [INFO]  AGGREGATE PARAMETER SELECTION & RANKING SUMMARY                      
2026-07-28 12:50:02 [INFO] ======================================================================
2026-07-28 12:50:02 [INFO] 
--- Mean Metrics by Config ID and Lead Time ---
                      Config ID  Lead Time (Days)  Base NSE  DA NSE  NSE Delta  Base KGE  DA KGE  KGE Delta
 Config_A_LR0.1_Ep10_W60_Bg1e-6                 1       NaN     NaN        NaN       NaN     NaN        NaN
 Config_A_LR0.1_Ep10_W60_Bg1e-6                 2       NaN     NaN        NaN       NaN     NaN        NaN
 Config_A_LR0.1_Ep10_W60_Bg1e-6                 3       NaN     NaN        NaN       NaN     NaN        NaN
 Config_A_LR0.1_Ep10_W60_Bg1e-6                 4       NaN     NaN        NaN       NaN     NaN        NaN
 Config_A_LR0.1_Ep10_W60_Bg1e-6                 5       NaN     NaN        NaN       NaN     NaN        NaN
 Config_A_LR0.1_Ep10_W60_Bg1e-6                 6       NaN     NaN        NaN       NaN     NaN        NaN
 Config_A_LR0.1_Ep10_W60_Bg1e-6                 7       NaN     NaN        NaN       NaN     NaN        NaN
Config_B_LR0.05_Ep15_W60_Bg1e-6                 1       NaN     NaN        NaN       NaN     NaN        NaN
Config_B_LR0.05_Ep15_W60_Bg1e-6                 2       NaN     NaN        NaN       NaN     NaN        NaN
Config_B_LR0.05_Ep15_W60_Bg1e-6                 3       NaN     NaN        NaN       NaN     NaN        NaN
Config_B_LR0.05_Ep15_W60_Bg1e-6                 4       NaN     NaN        NaN       NaN     NaN        NaN
Config_B_LR0.05_Ep15_W60_Bg1e-6                 5       NaN     NaN        NaN       NaN     NaN        NaN
Config_B_LR0.05_Ep15_W60_Bg1e-6                 6       NaN     NaN        NaN       NaN     NaN        NaN
Config_B_LR0.05_Ep15_W60_Bg1e-6                 7       NaN     NaN        NaN       NaN     NaN        NaN
 Config_C_LR0.1_Ep10_W90_Bg1e-5                 1       NaN     NaN        NaN       NaN     NaN        NaN
 Config_C_LR0.1_Ep10_W90_Bg1e-5                 2       NaN     NaN        NaN       NaN     NaN        NaN
 Config_C_LR0.1_Ep10_W90_Bg1e-5                 3       NaN     NaN        NaN       NaN     NaN        NaN
 Config_C_LR0.1_Ep10_W90_Bg1e-5                 4       NaN     NaN        NaN       NaN     NaN        NaN
 Config_C_LR0.1_Ep10_W90_Bg1e-5                 5       NaN     NaN        NaN       NaN     NaN        NaN
 Config_C_LR0.1_Ep10_W90_Bg1e-5                 6       NaN     NaN        NaN       NaN     NaN        NaN
 Config_C_LR0.1_Ep10_W90_Bg1e-5                 7       NaN     NaN        NaN       NaN     NaN        NaN
Config_D_LR0.05_Ep20_W60_Bg1e-5                 1       NaN     NaN        NaN       NaN     NaN        NaN
Config_D_LR0.05_Ep20_W60_Bg1e-5                 2       NaN     NaN        NaN       NaN     NaN        NaN
Config_D_LR0.05_Ep20_W60_Bg1e-5                 3       NaN     NaN        NaN       NaN     NaN        NaN
Config_D_LR0.05_Ep20_W60_Bg1e-5                 4       NaN     NaN        NaN       NaN     NaN        NaN
Config_D_LR0.05_Ep20_W60_Bg1e-5                 5       NaN     NaN        NaN       NaN     NaN        NaN
Config_D_LR0.05_Ep20_W60_Bg1e-5                 6       NaN     NaN        NaN       NaN     NaN        NaN
Config_D_LR0.05_Ep20_W60_Bg1e-5                 7       NaN     NaN        NaN       NaN     NaN        NaN
2026-07-28 12:50:02 [INFO] 
--- Overall Parameter Config Rankings (Ranked by Average DA NSE) ---
                      Config ID  Base NSE  DA NSE  NSE Delta  Base KGE  DA KGE  KGE Delta
 Config_A_LR0.1_Ep10_W60_Bg1e-6       NaN     NaN        NaN       NaN     NaN        NaN
Config_B_LR0.05_Ep15_W60_Bg1e-6       NaN     NaN        NaN       NaN     NaN        NaN
 Config_C_LR0.1_Ep10_W90_Bg1e-5       NaN     NaN        NaN       NaN     NaN        NaN
Config_D_LR0.05_Ep20_W60_Bg1e-5       NaN     NaN        NaN       NaN     NaN        NaN
2026-07-28 12:51:52 [INFO] ======================================================================
2026-07-28 12:51:52 [INFO]  Large-Scale DA Parameter Selection Pipeline across Cloudtop Caravans 
2026-07-28 12:51:52 [INFO] ======================================================================
2026-07-28 12:51:52 [INFO] Hardware Compute Device: cpu
2026-07-28 12:51:52 [INFO] Full Caravans Path: /usr/local/google/home/kruparell/Caravans/Caravan-nc
2026-07-28 12:51:52 [INFO] Evaluation Date Range: 2020-01-01 to 2020-01-05 (freq='D')
2026-07-28 12:51:52 [INFO] Target Lead Times: [1, 2, 3, 4, 5, 6, 7]
2026-07-28 12:51:52 [INFO] Log File Location: /usr/local/google/home/kruparell/flood-forecasting/tutorial/notebooks/large_scale_param_selection_results/large_scale_param_selection.log
2026-07-28 12:51:52 [INFO] Loaded 2 basins from 50-basin-train.txt (NUM_BASINS=2, Seed=42).
2026-07-28 12:51:52 [INFO] Testing 4 Parameter Sets: ['Config_A_LR0.1_Ep10_W7_Bg1e-6', 'Config_B_LR0.05_Ep15_W7_Bg1e-6', 'Config_C_LR0.1_Ep10_W7_Bg1e-5', 'Config_D_LR0.05_Ep20_W7_Bg1e-5']

2026-07-28 12:51:53 [INFO] Pretrained Model loaded successfully on device [cpu]: MeanEmbeddingForecastLSTM
2026-07-28 12:51:53 [INFO] Generated 5 issue dates: ['2020-01-01', '2020-01-02', '2020-01-03', '2020-01-04', '2020-01-05']
2026-07-28 12:51:53 [INFO] 
======================================================================
2026-07-28 12:51:53 [INFO]  Running Parameter Set: Config_A_LR0.1_Ep10_W7_Bg1e-6
2026-07-28 12:51:53 [INFO]  (LR=0.1, Epochs=10, Window=7d, BgWeight=1e-06, Gap=1d)
2026-07-28 12:51:53 [INFO] ======================================================================
2026-07-28 12:51:53 [INFO]  Processing Basin [1/2]: camels_02016000
2026-07-28 12:51:53 [INFO]     [Basin camels_02016000] Month: 2020-01
2026-07-28 12:51:58 [WARNING]   [CHECK WARNING] Basin camels_02016000 returned NaN metrics! (Check dates & streamflow coverage)
2026-07-28 12:51:58 [INFO]  Processing Basin [2/2]: camels_11253310
2026-07-28 12:51:58 [INFO]     [Basin camels_11253310] Month: 2020-01
2026-07-28 12:52:02 [WARNING]   [CHECK WARNING] Basin camels_11253310 returned NaN metrics! (Check dates & streamflow coverage)
2026-07-28 12:52:02 [INFO] 
======================================================================
2026-07-28 12:52:02 [INFO]  Running Parameter Set: Config_B_LR0.05_Ep15_W7_Bg1e-6
2026-07-28 12:52:02 [INFO]  (LR=0.05, Epochs=15, Window=7d, BgWeight=1e-06, Gap=1d)
2026-07-28 12:52:02 [INFO] ======================================================================
2026-07-28 12:52:02 [INFO]  Processing Basin [1/2]: camels_02016000
2026-07-28 12:52:02 [INFO]     [Basin camels_02016000] Month: 2020-01
2026-07-28 12:52:06 [WARNING]   [CHECK WARNING] Basin camels_02016000 returned NaN metrics! (Check dates & streamflow coverage)
2026-07-28 12:52:06 [INFO]  Processing Basin [2/2]: camels_11253310
2026-07-28 12:52:06 [INFO]     [Basin camels_11253310] Month: 2020-01
2026-07-28 12:52:11 [WARNING]   [CHECK WARNING] Basin camels_11253310 returned NaN metrics! (Check dates & streamflow coverage)
2026-07-28 12:52:11 [INFO] 
======================================================================
2026-07-28 12:52:11 [INFO]  Running Parameter Set: Config_C_LR0.1_Ep10_W7_Bg1e-5
2026-07-28 12:52:11 [INFO]  (LR=0.1, Epochs=10, Window=7d, BgWeight=1e-05, Gap=1d)
2026-07-28 12:52:11 [INFO] ======================================================================
2026-07-28 12:52:11 [INFO]  Processing Basin [1/2]: camels_02016000
2026-07-28 12:52:11 [INFO]     [Basin camels_02016000] Month: 2020-01
2026-07-28 12:52:15 [WARNING]   [CHECK WARNING] Basin camels_02016000 returned NaN metrics! (Check dates & streamflow coverage)
2026-07-28 12:52:15 [INFO]  Processing Basin [2/2]: camels_11253310
2026-07-28 12:52:15 [INFO]     [Basin camels_11253310] Month: 2020-01
2026-07-28 12:52:19 [WARNING]   [CHECK WARNING] Basin camels_11253310 returned NaN metrics! (Check dates & streamflow coverage)
2026-07-28 12:52:19 [INFO] 
======================================================================
2026-07-28 12:52:19 [INFO]  Running Parameter Set: Config_D_LR0.05_Ep20_W7_Bg1e-5
2026-07-28 12:52:19 [INFO]  (LR=0.05, Epochs=20, Window=7d, BgWeight=1e-05, Gap=1d)
2026-07-28 12:52:19 [INFO] ======================================================================
2026-07-28 12:52:19 [INFO]  Processing Basin [1/2]: camels_02016000
2026-07-28 12:52:19 [INFO]     [Basin camels_02016000] Month: 2020-01
2026-07-28 12:52:24 [WARNING]   [CHECK WARNING] Basin camels_02016000 returned NaN metrics! (Check dates & streamflow coverage)
2026-07-28 12:52:24 [INFO]  Processing Basin [2/2]: camels_11253310
2026-07-28 12:52:24 [INFO]     [Basin camels_11253310] Month: 2020-01
2026-07-28 12:52:29 [WARNING]   [CHECK WARNING] Basin camels_11253310 returned NaN metrics! (Check dates & streamflow coverage)
2026-07-28 12:52:29 [INFO] 
Saved detailed metrics CSV: /usr/local/google/home/kruparell/flood-forecasting/tutorial/notebooks/large_scale_param_selection_results/detailed_basin_parameter_eval.csv
2026-07-28 12:52:29 [INFO] 
======================================================================
2026-07-28 12:52:29 [INFO]  AGGREGATE PARAMETER SELECTION & RANKING SUMMARY                      
2026-07-28 12:52:29 [INFO] ======================================================================
2026-07-28 12:52:29 [INFO] 
--- Mean Metrics by Config ID and Lead Time ---
                     Config ID  Lead Time (Days)  Base NSE  DA NSE  NSE Delta  Base KGE  DA KGE  KGE Delta
 Config_A_LR0.1_Ep10_W7_Bg1e-6                 1       NaN     NaN        NaN       NaN     NaN        NaN
 Config_A_LR0.1_Ep10_W7_Bg1e-6                 2       NaN     NaN        NaN       NaN     NaN        NaN
 Config_A_LR0.1_Ep10_W7_Bg1e-6                 3       NaN     NaN        NaN       NaN     NaN        NaN
 Config_A_LR0.1_Ep10_W7_Bg1e-6                 4       NaN     NaN        NaN       NaN     NaN        NaN
 Config_A_LR0.1_Ep10_W7_Bg1e-6                 5       NaN     NaN        NaN       NaN     NaN        NaN
 Config_A_LR0.1_Ep10_W7_Bg1e-6                 6       NaN     NaN        NaN       NaN     NaN        NaN
 Config_A_LR0.1_Ep10_W7_Bg1e-6                 7       NaN     NaN        NaN       NaN     NaN        NaN
Config_B_LR0.05_Ep15_W7_Bg1e-6                 1       NaN     NaN        NaN       NaN     NaN        NaN
Config_B_LR0.05_Ep15_W7_Bg1e-6                 2       NaN     NaN        NaN       NaN     NaN        NaN
Config_B_LR0.05_Ep15_W7_Bg1e-6                 3       NaN     NaN        NaN       NaN     NaN        NaN
Config_B_LR0.05_Ep15_W7_Bg1e-6                 4       NaN     NaN        NaN       NaN     NaN        NaN
Config_B_LR0.05_Ep15_W7_Bg1e-6                 5       NaN     NaN        NaN       NaN     NaN        NaN
Config_B_LR0.05_Ep15_W7_Bg1e-6                 6       NaN     NaN        NaN       NaN     NaN        NaN
Config_B_LR0.05_Ep15_W7_Bg1e-6                 7       NaN     NaN        NaN       NaN     NaN        NaN
 Config_C_LR0.1_Ep10_W7_Bg1e-5                 1       NaN     NaN        NaN       NaN     NaN        NaN
 Config_C_LR0.1_Ep10_W7_Bg1e-5                 2       NaN     NaN        NaN       NaN     NaN        NaN
 Config_C_LR0.1_Ep10_W7_Bg1e-5                 3       NaN     NaN        NaN       NaN     NaN        NaN
 Config_C_LR0.1_Ep10_W7_Bg1e-5                 4       NaN     NaN        NaN       NaN     NaN        NaN
 Config_C_LR0.1_Ep10_W7_Bg1e-5                 5       NaN     NaN        NaN       NaN     NaN        NaN
 Config_C_LR0.1_Ep10_W7_Bg1e-5                 6       NaN     NaN        NaN       NaN     NaN        NaN
 Config_C_LR0.1_Ep10_W7_Bg1e-5                 7       NaN     NaN        NaN       NaN     NaN        NaN
Config_D_LR0.05_Ep20_W7_Bg1e-5                 1       NaN     NaN        NaN       NaN     NaN        NaN
Config_D_LR0.05_Ep20_W7_Bg1e-5                 2       NaN     NaN        NaN       NaN     NaN        NaN
Config_D_LR0.05_Ep20_W7_Bg1e-5                 3       NaN     NaN        NaN       NaN     NaN        NaN
Config_D_LR0.05_Ep20_W7_Bg1e-5                 4       NaN     NaN        NaN       NaN     NaN        NaN
Config_D_LR0.05_Ep20_W7_Bg1e-5                 5       NaN     NaN        NaN       NaN     NaN        NaN
Config_D_LR0.05_Ep20_W7_Bg1e-5                 6       NaN     NaN        NaN       NaN     NaN        NaN
Config_D_LR0.05_Ep20_W7_Bg1e-5                 7       NaN     NaN        NaN       NaN     NaN        NaN
2026-07-28 12:52:29 [INFO] 
--- Overall Parameter Config Rankings (Ranked by Average DA NSE) ---
                     Config ID  Base NSE  DA NSE  NSE Delta  Base KGE  DA KGE  KGE Delta
 Config_A_LR0.1_Ep10_W7_Bg1e-6       NaN     NaN        NaN       NaN     NaN        NaN
Config_B_LR0.05_Ep15_W7_Bg1e-6       NaN     NaN        NaN       NaN     NaN        NaN
 Config_C_LR0.1_Ep10_W7_Bg1e-5       NaN     NaN        NaN       NaN     NaN        NaN
Config_D_LR0.05_Ep20_W7_Bg1e-5       NaN     NaN        NaN       NaN     NaN        NaN
2026-07-28 12:52:29 [INFO] 
--- Best Performing Parameter Config for EACH Lead Time (1..7 Days) ---
 Lead Time (Days) Best Config ID  Mean DA NSE  Mean NSE Delta  Mean DA KGE  Mean KGE Delta
                1 N/A (All NaNs)          NaN             NaN          NaN             NaN
                2 N/A (All NaNs)          NaN             NaN          NaN             NaN
                3 N/A (All NaNs)          NaN             NaN          NaN             NaN
                4 N/A (All NaNs)          NaN             NaN          NaN             NaN
                5 N/A (All NaNs)          NaN             NaN          NaN             NaN
                6 N/A (All NaNs)          NaN             NaN          NaN             NaN
                7 N/A (All NaNs)          NaN             NaN          NaN             NaN
2026-07-28 12:52:29 [INFO] 
======================================================================
2026-07-28 12:52:29 [INFO] Large-scale parameter selection pipeline completed successfully!
2026-07-28 12:52:29 [INFO] All summary reports saved in: /usr/local/google/home/kruparell/flood-forecasting/tutorial/notebooks/large_scale_param_selection_results
2026-07-28 12:52:29 [INFO] ======================================================================
2026-07-28 12:52:52 [INFO] ======================================================================
2026-07-28 12:52:52 [INFO]  Large-Scale DA Parameter Selection Pipeline across Cloudtop Caravans 
2026-07-28 12:52:52 [INFO] ======================================================================
2026-07-28 12:52:52 [INFO] Hardware Compute Device: cpu
2026-07-28 12:52:52 [INFO] Full Caravans Path: /usr/local/google/home/kruparell/Caravans/Caravan-nc
2026-07-28 12:52:52 [INFO] Evaluation Date Range: 2014-01-01 to 2014-01-05 (freq='D')
2026-07-28 12:52:52 [INFO] Target Lead Times: [1, 2, 3, 4, 5, 6, 7]
2026-07-28 12:52:52 [INFO] Log File Location: /usr/local/google/home/kruparell/flood-forecasting/tutorial/notebooks/large_scale_param_selection_results/large_scale_param_selection.log
2026-07-28 12:52:52 [INFO] Loaded 2 basins from 50-basin-train.txt (NUM_BASINS=2, Seed=42).
2026-07-28 12:52:52 [INFO] Testing 4 Parameter Sets: ['Config_A_LR0.1_Ep10_W7_Bg1e-6', 'Config_B_LR0.05_Ep15_W7_Bg1e-6', 'Config_C_LR0.1_Ep10_W7_Bg1e-5', 'Config_D_LR0.05_Ep20_W7_Bg1e-5']

2026-07-28 12:52:53 [INFO] Pretrained Model loaded successfully on device [cpu]: MeanEmbeddingForecastLSTM
2026-07-28 12:52:54 [INFO] Generated 5 issue dates: ['2014-01-01', '2014-01-02', '2014-01-03', '2014-01-04', '2014-01-05']
2026-07-28 12:52:54 [INFO] 
======================================================================
2026-07-28 12:52:54 [INFO]  Running Parameter Set: Config_A_LR0.1_Ep10_W7_Bg1e-6
2026-07-28 12:52:54 [INFO]  (LR=0.1, Epochs=10, Window=7d, BgWeight=1e-06, Gap=1d)
2026-07-28 12:52:54 [INFO] ======================================================================
2026-07-28 12:52:54 [INFO]  Processing Basin [1/2]: camels_02016000
2026-07-28 12:52:54 [INFO]     [Basin camels_02016000] Month: 2014-01
2026-07-28 12:53:35 [INFO] ======================================================================
2026-07-28 12:53:35 [INFO]  Large-Scale DA Parameter Selection Pipeline across Cloudtop Caravans 
2026-07-28 12:53:35 [INFO] ======================================================================
2026-07-28 12:53:35 [INFO] Hardware Compute Device: cpu
2026-07-28 12:53:35 [INFO] Full Caravans Path: /usr/local/google/home/kruparell/Caravans/Caravan-nc
2026-07-28 12:53:35 [INFO] Evaluation Date Range: 2014-01-01 to 2014-01-05 (freq='D')
2026-07-28 12:53:35 [INFO] Target Lead Times: [1, 2, 3, 4, 5, 6, 7]
2026-07-28 12:53:35 [INFO] Log File Location: /usr/local/google/home/kruparell/flood-forecasting/tutorial/notebooks/large_scale_param_selection_results/large_scale_param_selection.log
2026-07-28 12:53:35 [INFO] Loaded 2 basins from 50-basin-train.txt (NUM_BASINS=2, Seed=42).
2026-07-28 12:53:35 [INFO] Testing 4 Parameter Sets: ['Config_A_LR0.1_Ep10_W7_Bg1e-6', 'Config_B_LR0.05_Ep15_W7_Bg1e-6', 'Config_C_LR0.1_Ep10_W7_Bg1e-5', 'Config_D_LR0.05_Ep20_W7_Bg1e-5']

2026-07-28 12:53:36 [INFO] Pretrained Model loaded successfully on device [cpu]: MeanEmbeddingForecastLSTM
2026-07-28 12:53:37 [INFO] Generated 5 issue dates: ['2014-01-01', '2014-01-02', '2014-01-03', '2014-01-04', '2014-01-05']
2026-07-28 12:53:37 [INFO] 
======================================================================
2026-07-28 12:53:37 [INFO]  Running Parameter Set: Config_A_LR0.1_Ep10_W7_Bg1e-6
2026-07-28 12:53:37 [INFO]  (LR=0.1, Epochs=10, Window=7d, BgWeight=1e-06, Gap=1d)
2026-07-28 12:53:37 [INFO] ======================================================================
2026-07-28 12:53:37 [INFO]  Processing Basin [1/2]: camels_02016000
2026-07-28 12:53:37 [INFO]     [Basin camels_02016000] Month: 2014-01
2026-07-28 12:53:41 [WARNING]   [CHECK WARNING] Basin camels_02016000 returned NaN metrics! (Check dates & streamflow coverage)
2026-07-28 12:53:41 [INFO]  Processing Basin [2/2]: camels_11253310
2026-07-28 12:53:41 [INFO]     [Basin camels_11253310] Month: 2014-01
2026-07-28 12:53:44 [WARNING]   [CHECK WARNING] Basin camels_11253310 returned NaN metrics! (Check dates & streamflow coverage)
2026-07-28 12:53:44 [INFO] 
======================================================================
2026-07-28 12:53:44 [INFO]  Running Parameter Set: Config_B_LR0.05_Ep15_W7_Bg1e-6
2026-07-28 12:53:44 [INFO]  (LR=0.05, Epochs=15, Window=7d, BgWeight=1e-06, Gap=1d)
2026-07-28 12:53:44 [INFO] ======================================================================
2026-07-28 12:53:44 [INFO]  Processing Basin [1/2]: camels_02016000
2026-07-28 12:53:44 [INFO]     [Basin camels_02016000] Month: 2014-01
2026-07-28 12:53:48 [WARNING]   [CHECK WARNING] Basin camels_02016000 returned NaN metrics! (Check dates & streamflow coverage)
2026-07-28 12:53:48 [INFO]  Processing Basin [2/2]: camels_11253310
2026-07-28 12:53:48 [INFO]     [Basin camels_11253310] Month: 2014-01
2026-07-28 12:53:51 [WARNING]   [CHECK WARNING] Basin camels_11253310 returned NaN metrics! (Check dates & streamflow coverage)
2026-07-28 12:53:51 [INFO] 
======================================================================
2026-07-28 12:53:51 [INFO]  Running Parameter Set: Config_C_LR0.1_Ep10_W7_Bg1e-5
2026-07-28 12:53:51 [INFO]  (LR=0.1, Epochs=10, Window=7d, BgWeight=1e-05, Gap=1d)
2026-07-28 12:53:51 [INFO] ======================================================================
2026-07-28 12:53:51 [INFO]  Processing Basin [1/2]: camels_02016000
2026-07-28 12:53:51 [INFO]     [Basin camels_02016000] Month: 2014-01
2026-07-28 12:53:55 [WARNING]   [CHECK WARNING] Basin camels_02016000 returned NaN metrics! (Check dates & streamflow coverage)
2026-07-28 12:53:55 [INFO]  Processing Basin [2/2]: camels_11253310
2026-07-28 12:53:55 [INFO]     [Basin camels_11253310] Month: 2014-01
2026-07-28 12:53:58 [WARNING]   [CHECK WARNING] Basin camels_11253310 returned NaN metrics! (Check dates & streamflow coverage)
2026-07-28 12:53:58 [INFO] 
======================================================================
2026-07-28 12:53:58 [INFO]  Running Parameter Set: Config_D_LR0.05_Ep20_W7_Bg1e-5
2026-07-28 12:53:58 [INFO]  (LR=0.05, Epochs=20, Window=7d, BgWeight=1e-05, Gap=1d)
2026-07-28 12:53:58 [INFO] ======================================================================
2026-07-28 12:53:58 [INFO]  Processing Basin [1/2]: camels_02016000
2026-07-28 12:53:58 [INFO]     [Basin camels_02016000] Month: 2014-01
2026-07-28 12:54:02 [WARNING]   [CHECK WARNING] Basin camels_02016000 returned NaN metrics! (Check dates & streamflow coverage)
2026-07-28 12:54:02 [INFO]  Processing Basin [2/2]: camels_11253310
2026-07-28 12:54:02 [INFO]     [Basin camels_11253310] Month: 2014-01
2026-07-28 12:54:06 [WARNING]   [CHECK WARNING] Basin camels_11253310 returned NaN metrics! (Check dates & streamflow coverage)
2026-07-28 12:54:06 [INFO] 
Saved detailed metrics CSV: /usr/local/google/home/kruparell/flood-forecasting/tutorial/notebooks/large_scale_param_selection_results/detailed_basin_parameter_eval.csv
2026-07-28 12:54:06 [INFO] 
======================================================================
2026-07-28 12:54:06 [INFO]  AGGREGATE PARAMETER SELECTION & RANKING SUMMARY                      
2026-07-28 12:54:06 [INFO] ======================================================================
2026-07-28 12:54:06 [INFO] 
--- Mean Metrics by Config ID and Lead Time ---
                     Config ID  Lead Time (Days)  Base NSE  DA NSE  NSE Delta  Base KGE  DA KGE  KGE Delta
 Config_A_LR0.1_Ep10_W7_Bg1e-6                 1       NaN     NaN        NaN       NaN     NaN        NaN
 Config_A_LR0.1_Ep10_W7_Bg1e-6                 2       NaN     NaN        NaN       NaN     NaN        NaN
 Config_A_LR0.1_Ep10_W7_Bg1e-6                 3       NaN     NaN        NaN       NaN     NaN        NaN
 Config_A_LR0.1_Ep10_W7_Bg1e-6                 4       NaN     NaN        NaN       NaN     NaN        NaN
 Config_A_LR0.1_Ep10_W7_Bg1e-6                 5       NaN     NaN        NaN       NaN     NaN        NaN
 Config_A_LR0.1_Ep10_W7_Bg1e-6                 6       NaN     NaN        NaN       NaN     NaN        NaN
 Config_A_LR0.1_Ep10_W7_Bg1e-6                 7       NaN     NaN        NaN       NaN     NaN        NaN
Config_B_LR0.05_Ep15_W7_Bg1e-6                 1       NaN     NaN        NaN       NaN     NaN        NaN
Config_B_LR0.05_Ep15_W7_Bg1e-6                 2       NaN     NaN        NaN       NaN     NaN        NaN
Config_B_LR0.05_Ep15_W7_Bg1e-6                 3       NaN     NaN        NaN       NaN     NaN        NaN
Config_B_LR0.05_Ep15_W7_Bg1e-6                 4       NaN     NaN        NaN       NaN     NaN        NaN
Config_B_LR0.05_Ep15_W7_Bg1e-6                 5       NaN     NaN        NaN       NaN     NaN        NaN
Config_B_LR0.05_Ep15_W7_Bg1e-6                 6       NaN     NaN        NaN       NaN     NaN        NaN
Config_B_LR0.05_Ep15_W7_Bg1e-6                 7       NaN     NaN        NaN       NaN     NaN        NaN
 Config_C_LR0.1_Ep10_W7_Bg1e-5                 1       NaN     NaN        NaN       NaN     NaN        NaN
 Config_C_LR0.1_Ep10_W7_Bg1e-5                 2       NaN     NaN        NaN       NaN     NaN        NaN
 Config_C_LR0.1_Ep10_W7_Bg1e-5                 3       NaN     NaN        NaN       NaN     NaN        NaN
 Config_C_LR0.1_Ep10_W7_Bg1e-5                 4       NaN     NaN        NaN       NaN     NaN        NaN
 Config_C_LR0.1_Ep10_W7_Bg1e-5                 5       NaN     NaN        NaN       NaN     NaN        NaN
 Config_C_LR0.1_Ep10_W7_Bg1e-5                 6       NaN     NaN        NaN       NaN     NaN        NaN
 Config_C_LR0.1_Ep10_W7_Bg1e-5                 7       NaN     NaN        NaN       NaN     NaN        NaN
Config_D_LR0.05_Ep20_W7_Bg1e-5                 1       NaN     NaN        NaN       NaN     NaN        NaN
Config_D_LR0.05_Ep20_W7_Bg1e-5                 2       NaN     NaN        NaN       NaN     NaN        NaN
Config_D_LR0.05_Ep20_W7_Bg1e-5                 3       NaN     NaN        NaN       NaN     NaN        NaN
Config_D_LR0.05_Ep20_W7_Bg1e-5                 4       NaN     NaN        NaN       NaN     NaN        NaN
Config_D_LR0.05_Ep20_W7_Bg1e-5                 5       NaN     NaN        NaN       NaN     NaN        NaN
Config_D_LR0.05_Ep20_W7_Bg1e-5                 6       NaN     NaN        NaN       NaN     NaN        NaN
Config_D_LR0.05_Ep20_W7_Bg1e-5                 7       NaN     NaN        NaN       NaN     NaN        NaN
2026-07-28 12:54:06 [INFO] 
--- Overall Parameter Config Rankings (Ranked by Average DA NSE) ---
                     Config ID  Base NSE  DA NSE  NSE Delta  Base KGE  DA KGE  KGE Delta
 Config_A_LR0.1_Ep10_W7_Bg1e-6       NaN     NaN        NaN       NaN     NaN        NaN
Config_B_LR0.05_Ep15_W7_Bg1e-6       NaN     NaN        NaN       NaN     NaN        NaN
 Config_C_LR0.1_Ep10_W7_Bg1e-5       NaN     NaN        NaN       NaN     NaN        NaN
Config_D_LR0.05_Ep20_W7_Bg1e-5       NaN     NaN        NaN       NaN     NaN        NaN
2026-07-28 12:54:06 [INFO] 
--- Best Performing Parameter Config for EACH Lead Time (1..7 Days) ---
 Lead Time (Days) Best Config ID  Mean DA NSE  Mean NSE Delta  Mean DA KGE  Mean KGE Delta
                1 N/A (All NaNs)          NaN             NaN          NaN             NaN
                2 N/A (All NaNs)          NaN             NaN          NaN             NaN
                3 N/A (All NaNs)          NaN             NaN          NaN             NaN
                4 N/A (All NaNs)          NaN             NaN          NaN             NaN
                5 N/A (All NaNs)          NaN             NaN          NaN             NaN
                6 N/A (All NaNs)          NaN             NaN          NaN             NaN
                7 N/A (All NaNs)          NaN             NaN          NaN             NaN
2026-07-28 12:54:06 [INFO] 
======================================================================
2026-07-28 12:54:06 [INFO] Large-scale parameter selection pipeline completed successfully!
2026-07-28 12:54:06 [INFO] All summary reports saved in: /usr/local/google/home/kruparell/flood-forecasting/tutorial/notebooks/large_scale_param_selection_results
2026-07-28 12:54:06 [INFO] ======================================================================
2026-07-28 12:54:48 [INFO] ======================================================================
2026-07-28 12:54:48 [INFO]  Large-Scale DA Parameter Selection Pipeline across Cloudtop Caravans 
2026-07-28 12:54:48 [INFO] ======================================================================
2026-07-28 12:54:48 [INFO] Hardware Compute Device: cpu
2026-07-28 12:54:48 [INFO] Full Caravans Path: /usr/local/google/home/kruparell/Caravans/Caravan-nc
2026-07-28 12:54:48 [INFO] Evaluation Date Range: 2014-01-01 to 2014-01-05 (freq='D')
2026-07-28 12:54:48 [INFO] Target Lead Times: [1, 2, 3, 4, 5, 6, 7]
2026-07-28 12:54:48 [INFO] Log File Location: /usr/local/google/home/kruparell/flood-forecasting/tutorial/notebooks/large_scale_param_selection_results/large_scale_param_selection.log
2026-07-28 12:54:48 [INFO] Loaded 2 basins from 50-basin-train.txt (NUM_BASINS=2, Seed=42).
2026-07-28 12:54:48 [INFO] Testing 4 Parameter Sets: ['Config_A_LR0.1_Ep10_W7_Bg1e-6', 'Config_B_LR0.05_Ep15_W7_Bg1e-6', 'Config_C_LR0.1_Ep10_W7_Bg1e-5', 'Config_D_LR0.05_Ep20_W7_Bg1e-5']

2026-07-28 12:54:49 [INFO] Pretrained Model loaded successfully on device [cpu]: MeanEmbeddingForecastLSTM
2026-07-28 12:54:50 [INFO] Generated 5 issue dates: ['2014-01-01', '2014-01-02', '2014-01-03', '2014-01-04', '2014-01-05']
2026-07-28 12:54:50 [INFO] 
======================================================================
2026-07-28 12:54:50 [INFO]  Running Parameter Set: Config_A_LR0.1_Ep10_W7_Bg1e-6
2026-07-28 12:54:50 [INFO]  (LR=0.1, Epochs=10, Window=7d, BgWeight=1e-06, Gap=1d)
2026-07-28 12:54:50 [INFO] ======================================================================
2026-07-28 12:54:50 [INFO]  Processing Basin [1/2]: camels_02016000
2026-07-28 12:54:50 [INFO]     [Basin camels_02016000] Month: 2014-01
2026-07-28 12:54:53 [WARNING]   [CHECK WARNING] Basin camels_02016000 returned NaN metrics! (Check streamflow observation data)
2026-07-28 12:54:53 [INFO]  Processing Basin [2/2]: camels_11253310
2026-07-28 12:54:53 [INFO]     [Basin camels_11253310] Month: 2014-01
2026-07-28 12:54:57 [WARNING]   [CHECK WARNING] Basin camels_11253310 returned NaN metrics! (Check streamflow observation data)
2026-07-28 12:54:57 [INFO] 
======================================================================
2026-07-28 12:54:57 [INFO]  Running Parameter Set: Config_B_LR0.05_Ep15_W7_Bg1e-6
2026-07-28 12:54:57 [INFO]  (LR=0.05, Epochs=15, Window=7d, BgWeight=1e-06, Gap=1d)
2026-07-28 12:54:57 [INFO] ======================================================================
2026-07-28 12:54:57 [INFO]  Processing Basin [1/2]: camels_02016000
2026-07-28 12:54:57 [INFO]     [Basin camels_02016000] Month: 2014-01
2026-07-28 12:55:00 [WARNING]   [CHECK WARNING] Basin camels_02016000 returned NaN metrics! (Check streamflow observation data)
2026-07-28 12:55:00 [INFO]  Processing Basin [2/2]: camels_11253310
2026-07-28 12:55:00 [INFO]     [Basin camels_11253310] Month: 2014-01
2026-07-28 12:55:04 [WARNING]   [CHECK WARNING] Basin camels_11253310 returned NaN metrics! (Check streamflow observation data)
2026-07-28 12:55:04 [INFO] 
======================================================================
2026-07-28 12:55:04 [INFO]  Running Parameter Set: Config_C_LR0.1_Ep10_W7_Bg1e-5
2026-07-28 12:55:04 [INFO]  (LR=0.1, Epochs=10, Window=7d, BgWeight=1e-05, Gap=1d)
2026-07-28 12:55:04 [INFO] ======================================================================
2026-07-28 12:55:04 [INFO]  Processing Basin [1/2]: camels_02016000
2026-07-28 12:55:04 [INFO]     [Basin camels_02016000] Month: 2014-01
2026-07-28 12:55:07 [WARNING]   [CHECK WARNING] Basin camels_02016000 returned NaN metrics! (Check streamflow observation data)
2026-07-28 12:55:07 [INFO]  Processing Basin [2/2]: camels_11253310
2026-07-28 12:55:07 [INFO]     [Basin camels_11253310] Month: 2014-01
2026-07-28 12:55:11 [WARNING]   [CHECK WARNING] Basin camels_11253310 returned NaN metrics! (Check streamflow observation data)
2026-07-28 12:55:11 [INFO] 
======================================================================
2026-07-28 12:55:11 [INFO]  Running Parameter Set: Config_D_LR0.05_Ep20_W7_Bg1e-5
2026-07-28 12:55:11 [INFO]  (LR=0.05, Epochs=20, Window=7d, BgWeight=1e-05, Gap=1d)
2026-07-28 12:55:11 [INFO] ======================================================================
2026-07-28 12:55:11 [INFO]  Processing Basin [1/2]: camels_02016000
2026-07-28 12:55:11 [INFO]     [Basin camels_02016000] Month: 2014-01
2026-07-28 12:55:14 [WARNING]   [CHECK WARNING] Basin camels_02016000 returned NaN metrics! (Check streamflow observation data)
2026-07-28 12:55:14 [INFO]  Processing Basin [2/2]: camels_11253310
2026-07-28 12:55:14 [INFO]     [Basin camels_11253310] Month: 2014-01
2026-07-28 12:55:18 [WARNING]   [CHECK WARNING] Basin camels_11253310 returned NaN metrics! (Check streamflow observation data)
2026-07-28 12:55:18 [INFO] 
Saved detailed metrics CSV: /usr/local/google/home/kruparell/flood-forecasting/tutorial/notebooks/large_scale_param_selection_results/detailed_basin_parameter_eval.csv
2026-07-28 12:55:18 [INFO] 
======================================================================
2026-07-28 12:55:18 [INFO]  AGGREGATE PARAMETER SELECTION & RANKING SUMMARY                      
2026-07-28 12:55:18 [INFO] ======================================================================
2026-07-28 12:55:18 [INFO] 
--- Mean Metrics by Config ID and Lead Time ---
                     Config ID  Lead Time (Days)  Base NSE  DA NSE  NSE Delta  Base KGE  DA KGE  KGE Delta
 Config_A_LR0.1_Ep10_W7_Bg1e-6                 1       NaN     NaN        NaN       NaN     NaN        NaN
 Config_A_LR0.1_Ep10_W7_Bg1e-6                 2       NaN     NaN        NaN       NaN     NaN        NaN
 Config_A_LR0.1_Ep10_W7_Bg1e-6                 3       NaN     NaN        NaN       NaN     NaN        NaN
 Config_A_LR0.1_Ep10_W7_Bg1e-6                 4       NaN     NaN        NaN       NaN     NaN        NaN
 Config_A_LR0.1_Ep10_W7_Bg1e-6                 5       NaN     NaN        NaN       NaN     NaN        NaN
 Config_A_LR0.1_Ep10_W7_Bg1e-6                 6       NaN     NaN        NaN       NaN     NaN        NaN
 Config_A_LR0.1_Ep10_W7_Bg1e-6                 7       NaN     NaN        NaN       NaN     NaN        NaN
Config_B_LR0.05_Ep15_W7_Bg1e-6                 1       NaN     NaN        NaN       NaN     NaN        NaN
Config_B_LR0.05_Ep15_W7_Bg1e-6                 2       NaN     NaN        NaN       NaN     NaN        NaN
Config_B_LR0.05_Ep15_W7_Bg1e-6                 3       NaN     NaN        NaN       NaN     NaN        NaN
Config_B_LR0.05_Ep15_W7_Bg1e-6                 4       NaN     NaN        NaN       NaN     NaN        NaN
Config_B_LR0.05_Ep15_W7_Bg1e-6                 5       NaN     NaN        NaN       NaN     NaN        NaN
Config_B_LR0.05_Ep15_W7_Bg1e-6                 6       NaN     NaN        NaN       NaN     NaN        NaN
Config_B_LR0.05_Ep15_W7_Bg1e-6                 7       NaN     NaN        NaN       NaN     NaN        NaN
 Config_C_LR0.1_Ep10_W7_Bg1e-5                 1       NaN     NaN        NaN       NaN     NaN        NaN
 Config_C_LR0.1_Ep10_W7_Bg1e-5                 2       NaN     NaN        NaN       NaN     NaN        NaN
 Config_C_LR0.1_Ep10_W7_Bg1e-5                 3       NaN     NaN        NaN       NaN     NaN        NaN
 Config_C_LR0.1_Ep10_W7_Bg1e-5                 4       NaN     NaN        NaN       NaN     NaN        NaN
 Config_C_LR0.1_Ep10_W7_Bg1e-5                 5       NaN     NaN        NaN       NaN     NaN        NaN
 Config_C_LR0.1_Ep10_W7_Bg1e-5                 6       NaN     NaN        NaN       NaN     NaN        NaN
 Config_C_LR0.1_Ep10_W7_Bg1e-5                 7       NaN     NaN        NaN       NaN     NaN        NaN
Config_D_LR0.05_Ep20_W7_Bg1e-5                 1       NaN     NaN        NaN       NaN     NaN        NaN
Config_D_LR0.05_Ep20_W7_Bg1e-5                 2       NaN     NaN        NaN       NaN     NaN        NaN
Config_D_LR0.05_Ep20_W7_Bg1e-5                 3       NaN     NaN        NaN       NaN     NaN        NaN
Config_D_LR0.05_Ep20_W7_Bg1e-5                 4       NaN     NaN        NaN       NaN     NaN        NaN
Config_D_LR0.05_Ep20_W7_Bg1e-5                 5       NaN     NaN        NaN       NaN     NaN        NaN
Config_D_LR0.05_Ep20_W7_Bg1e-5                 6       NaN     NaN        NaN       NaN     NaN        NaN
Config_D_LR0.05_Ep20_W7_Bg1e-5                 7       NaN     NaN        NaN       NaN     NaN        NaN
2026-07-28 12:55:18 [INFO] 
--- Overall Parameter Config Rankings (Ranked by Average DA NSE) ---
                     Config ID  Base NSE  DA NSE  NSE Delta  Base KGE  DA KGE  KGE Delta
 Config_A_LR0.1_Ep10_W7_Bg1e-6       NaN     NaN        NaN       NaN     NaN        NaN
Config_B_LR0.05_Ep15_W7_Bg1e-6       NaN     NaN        NaN       NaN     NaN        NaN
 Config_C_LR0.1_Ep10_W7_Bg1e-5       NaN     NaN        NaN       NaN     NaN        NaN
Config_D_LR0.05_Ep20_W7_Bg1e-5       NaN     NaN        NaN       NaN     NaN        NaN
2026-07-28 12:55:18 [INFO] 
--- Best Performing Parameter Config for EACH Lead Time (1..7 Days) ---
 Lead Time (Days) Best Config ID  Mean DA NSE  Mean NSE Delta  Mean DA KGE  Mean KGE Delta
                1 N/A (All NaNs)          NaN             NaN          NaN             NaN
                2 N/A (All NaNs)          NaN             NaN          NaN             NaN
                3 N/A (All NaNs)          NaN             NaN          NaN             NaN
                4 N/A (All NaNs)          NaN             NaN          NaN             NaN
                5 N/A (All NaNs)          NaN             NaN          NaN             NaN
                6 N/A (All NaNs)          NaN             NaN          NaN             NaN
                7 N/A (All NaNs)          NaN             NaN          NaN             NaN
2026-07-28 12:55:18 [INFO] 
======================================================================
2026-07-28 12:55:18 [INFO] Large-scale parameter selection pipeline completed successfully!
2026-07-28 12:55:18 [INFO] All summary reports saved in: /usr/local/google/home/kruparell/flood-forecasting/tutorial/notebooks/large_scale_param_selection_results
2026-07-28 12:55:18 [INFO] ======================================================================
2026-07-28 12:55:27 [INFO] ======================================================================
2026-07-28 12:55:27 [INFO]  Large-Scale DA Parameter Selection Pipeline across Cloudtop Caravans 
2026-07-28 12:55:27 [INFO] ======================================================================
2026-07-28 12:55:27 [INFO] Hardware Compute Device: cpu
2026-07-28 12:55:27 [INFO] Full Caravans Path: /usr/local/google/home/kruparell/Caravans/Caravan-nc
2026-07-28 12:55:27 [INFO] Evaluation Date Range: 2014-01-01 to 2014-01-05 (freq='D')
2026-07-28 12:55:27 [INFO] Target Lead Times: [1, 2, 3, 4, 5, 6, 7]
2026-07-28 12:55:27 [INFO] Log File Location: /usr/local/google/home/kruparell/flood-forecasting/tutorial/notebooks/large_scale_param_selection_results/large_scale_param_selection.log
2026-07-28 12:55:27 [INFO] Loaded 2 basins from 50-basin-train.txt (NUM_BASINS=2, Seed=42).
2026-07-28 12:55:27 [INFO] Testing 4 Parameter Sets: ['Config_A_LR0.1_Ep10_W7_Bg1e-6', 'Config_B_LR0.05_Ep15_W7_Bg1e-6', 'Config_C_LR0.1_Ep10_W7_Bg1e-5', 'Config_D_LR0.05_Ep20_W7_Bg1e-5']

2026-07-28 12:55:28 [INFO] Pretrained Model loaded successfully on device [cpu]: MeanEmbeddingForecastLSTM
2026-07-28 12:55:29 [INFO] Generated 5 issue dates: ['2014-01-01', '2014-01-02', '2014-01-03', '2014-01-04', '2014-01-05']
2026-07-28 12:55:29 [INFO] 
======================================================================
2026-07-28 12:55:29 [INFO]  Running Parameter Set: Config_A_LR0.1_Ep10_W7_Bg1e-6
2026-07-28 12:55:29 [INFO]  (LR=0.1, Epochs=10, Window=7d, BgWeight=1e-06, Gap=1d)
2026-07-28 12:55:29 [INFO] ======================================================================
2026-07-28 12:55:29 [INFO]  Processing Basin [1/2]: camels_02016000
2026-07-28 12:55:29 [INFO]     [Basin camels_02016000] Month: 2014-01
2026-07-28 12:55:32 [INFO]     -> [L=1] n_obs=0 | Base NSE=nan, DA NSE=nan | Base KGE=nan, DA KGE=nan
2026-07-28 12:55:32 [INFO]     -> [L=2] n_obs=0 | Base NSE=nan, DA NSE=nan | Base KGE=nan, DA KGE=nan
2026-07-28 12:55:32 [INFO]     -> [L=3] n_obs=0 | Base NSE=nan, DA NSE=nan | Base KGE=nan, DA KGE=nan
2026-07-28 12:55:32 [INFO]     -> [L=4] n_obs=0 | Base NSE=nan, DA NSE=nan | Base KGE=nan, DA KGE=nan
2026-07-28 12:55:32 [INFO]     -> [L=5] n_obs=0 | Base NSE=nan, DA NSE=nan | Base KGE=nan, DA KGE=nan
2026-07-28 12:55:32 [INFO]     -> [L=6] n_obs=0 | Base NSE=nan, DA NSE=nan | Base KGE=nan, DA KGE=nan
2026-07-28 12:55:32 [INFO]     -> [L=7] n_obs=0 | Base NSE=nan, DA NSE=nan | Base KGE=nan, DA KGE=nan
2026-07-28 12:55:32 [WARNING]   [CHECK WARNING] Basin camels_02016000 returned NaN metrics! (Check streamflow observation data)
2026-07-28 12:55:32 [INFO]  Processing Basin [2/2]: camels_11253310
2026-07-28 12:55:32 [INFO]     [Basin camels_11253310] Month: 2014-01
2026-07-28 12:55:36 [INFO]     -> [L=1] n_obs=0 | Base NSE=nan, DA NSE=nan | Base KGE=nan, DA KGE=nan
2026-07-28 12:55:36 [INFO]     -> [L=2] n_obs=0 | Base NSE=nan, DA NSE=nan | Base KGE=nan, DA KGE=nan
2026-07-28 12:55:36 [INFO]     -> [L=3] n_obs=0 | Base NSE=nan, DA NSE=nan | Base KGE=nan, DA KGE=nan
2026-07-28 12:55:36 [INFO]     -> [L=4] n_obs=0 | Base NSE=nan, DA NSE=nan | Base KGE=nan, DA KGE=nan
2026-07-28 12:55:36 [INFO]     -> [L=5] n_obs=0 | Base NSE=nan, DA NSE=nan | Base KGE=nan, DA KGE=nan
2026-07-28 12:55:36 [INFO]     -> [L=6] n_obs=0 | Base NSE=nan, DA NSE=nan | Base KGE=nan, DA KGE=nan
2026-07-28 12:55:36 [INFO]     -> [L=7] n_obs=0 | Base NSE=nan, DA NSE=nan | Base KGE=nan, DA KGE=nan
2026-07-28 12:55:36 [WARNING]   [CHECK WARNING] Basin camels_11253310 returned NaN metrics! (Check streamflow observation data)
2026-07-28 12:55:36 [INFO] 
======================================================================
2026-07-28 12:55:36 [INFO]  Running Parameter Set: Config_B_LR0.05_Ep15_W7_Bg1e-6
2026-07-28 12:55:36 [INFO]  (LR=0.05, Epochs=15, Window=7d, BgWeight=1e-06, Gap=1d)
2026-07-28 12:55:36 [INFO] ======================================================================
2026-07-28 12:55:36 [INFO]  Processing Basin [1/2]: camels_02016000
2026-07-28 12:55:36 [INFO]     [Basin camels_02016000] Month: 2014-01
2026-07-28 12:55:40 [INFO]     -> [L=1] n_obs=0 | Base NSE=nan, DA NSE=nan | Base KGE=nan, DA KGE=nan
2026-07-28 12:55:40 [INFO]     -> [L=2] n_obs=0 | Base NSE=nan, DA NSE=nan | Base KGE=nan, DA KGE=nan
2026-07-28 12:55:40 [INFO]     -> [L=3] n_obs=0 | Base NSE=nan, DA NSE=nan | Base KGE=nan, DA KGE=nan
2026-07-28 12:55:40 [INFO]     -> [L=4] n_obs=0 | Base NSE=nan, DA NSE=nan | Base KGE=nan, DA KGE=nan
2026-07-28 12:55:40 [INFO]     -> [L=5] n_obs=0 | Base NSE=nan, DA NSE=nan | Base KGE=nan, DA KGE=nan
2026-07-28 12:55:40 [INFO]     -> [L=6] n_obs=0 | Base NSE=nan, DA NSE=nan | Base KGE=nan, DA KGE=nan
2026-07-28 12:55:40 [INFO]     -> [L=7] n_obs=0 | Base NSE=nan, DA NSE=nan | Base KGE=nan, DA KGE=nan
2026-07-28 12:55:40 [WARNING]   [CHECK WARNING] Basin camels_02016000 returned NaN metrics! (Check streamflow observation data)
2026-07-28 12:55:40 [INFO]  Processing Basin [2/2]: camels_11253310
2026-07-28 12:55:40 [INFO]     [Basin camels_11253310] Month: 2014-01
2026-07-28 12:55:43 [INFO]     -> [L=1] n_obs=0 | Base NSE=nan, DA NSE=nan | Base KGE=nan, DA KGE=nan
2026-07-28 12:55:43 [INFO]     -> [L=2] n_obs=0 | Base NSE=nan, DA NSE=nan | Base KGE=nan, DA KGE=nan
2026-07-28 12:55:43 [INFO]     -> [L=3] n_obs=0 | Base NSE=nan, DA NSE=nan | Base KGE=nan, DA KGE=nan
2026-07-28 12:55:43 [INFO]     -> [L=4] n_obs=0 | Base NSE=nan, DA NSE=nan | Base KGE=nan, DA KGE=nan
2026-07-28 12:55:43 [INFO]     -> [L=5] n_obs=0 | Base NSE=nan, DA NSE=nan | Base KGE=nan, DA KGE=nan
2026-07-28 12:55:43 [INFO]     -> [L=6] n_obs=0 | Base NSE=nan, DA NSE=nan | Base KGE=nan, DA KGE=nan
2026-07-28 12:55:43 [INFO]     -> [L=7] n_obs=0 | Base NSE=nan, DA NSE=nan | Base KGE=nan, DA KGE=nan
2026-07-28 12:55:43 [WARNING]   [CHECK WARNING] Basin camels_11253310 returned NaN metrics! (Check streamflow observation data)
2026-07-28 12:55:43 [INFO] 
======================================================================
2026-07-28 12:55:43 [INFO]  Running Parameter Set: Config_C_LR0.1_Ep10_W7_Bg1e-5
2026-07-28 12:55:43 [INFO]  (LR=0.1, Epochs=10, Window=7d, BgWeight=1e-05, Gap=1d)
2026-07-28 12:55:43 [INFO] ======================================================================
2026-07-28 12:55:43 [INFO]  Processing Basin [1/2]: camels_02016000
2026-07-28 12:55:43 [INFO]     [Basin camels_02016000] Month: 2014-01
2026-07-28 12:55:46 [INFO]     -> [L=1] n_obs=0 | Base NSE=nan, DA NSE=nan | Base KGE=nan, DA KGE=nan
2026-07-28 12:55:46 [INFO]     -> [L=2] n_obs=0 | Base NSE=nan, DA NSE=nan | Base KGE=nan, DA KGE=nan
2026-07-28 12:55:46 [INFO]     -> [L=3] n_obs=0 | Base NSE=nan, DA NSE=nan | Base KGE=nan, DA KGE=nan
2026-07-28 12:55:46 [INFO]     -> [L=4] n_obs=0 | Base NSE=nan, DA NSE=nan | Base KGE=nan, DA KGE=nan
2026-07-28 12:55:46 [INFO]     -> [L=5] n_obs=0 | Base NSE=nan, DA NSE=nan | Base KGE=nan, DA KGE=nan
2026-07-28 12:55:46 [INFO]     -> [L=6] n_obs=0 | Base NSE=nan, DA NSE=nan | Base KGE=nan, DA KGE=nan
2026-07-28 12:55:46 [INFO]     -> [L=7] n_obs=0 | Base NSE=nan, DA NSE=nan | Base KGE=nan, DA KGE=nan
2026-07-28 12:55:46 [WARNING]   [CHECK WARNING] Basin camels_02016000 returned NaN metrics! (Check streamflow observation data)
2026-07-28 12:55:46 [INFO]  Processing Basin [2/2]: camels_11253310
2026-07-28 12:55:46 [INFO]     [Basin camels_11253310] Month: 2014-01
2026-07-28 12:55:50 [INFO]     -> [L=1] n_obs=0 | Base NSE=nan, DA NSE=nan | Base KGE=nan, DA KGE=nan
2026-07-28 12:55:50 [INFO]     -> [L=2] n_obs=0 | Base NSE=nan, DA NSE=nan | Base KGE=nan, DA KGE=nan
2026-07-28 12:55:50 [INFO]     -> [L=3] n_obs=0 | Base NSE=nan, DA NSE=nan | Base KGE=nan, DA KGE=nan
2026-07-28 12:55:50 [INFO]     -> [L=4] n_obs=0 | Base NSE=nan, DA NSE=nan | Base KGE=nan, DA KGE=nan
2026-07-28 12:55:50 [INFO]     -> [L=5] n_obs=0 | Base NSE=nan, DA NSE=nan | Base KGE=nan, DA KGE=nan
2026-07-28 12:55:50 [INFO]     -> [L=6] n_obs=0 | Base NSE=nan, DA NSE=nan | Base KGE=nan, DA KGE=nan
2026-07-28 12:55:50 [INFO]     -> [L=7] n_obs=0 | Base NSE=nan, DA NSE=nan | Base KGE=nan, DA KGE=nan
2026-07-28 12:55:50 [WARNING]   [CHECK WARNING] Basin camels_11253310 returned NaN metrics! (Check streamflow observation data)
2026-07-28 12:55:50 [INFO] 
======================================================================
2026-07-28 12:55:50 [INFO]  Running Parameter Set: Config_D_LR0.05_Ep20_W7_Bg1e-5
2026-07-28 12:55:50 [INFO]  (LR=0.05, Epochs=20, Window=7d, BgWeight=1e-05, Gap=1d)
2026-07-28 12:55:50 [INFO] ======================================================================
2026-07-28 12:55:50 [INFO]  Processing Basin [1/2]: camels_02016000
2026-07-28 12:55:50 [INFO]     [Basin camels_02016000] Month: 2014-01
2026-07-28 12:55:53 [INFO]     -> [L=1] n_obs=0 | Base NSE=nan, DA NSE=nan | Base KGE=nan, DA KGE=nan
2026-07-28 12:55:53 [INFO]     -> [L=2] n_obs=0 | Base NSE=nan, DA NSE=nan | Base KGE=nan, DA KGE=nan
2026-07-28 12:55:53 [INFO]     -> [L=3] n_obs=0 | Base NSE=nan, DA NSE=nan | Base KGE=nan, DA KGE=nan
2026-07-28 12:55:53 [INFO]     -> [L=4] n_obs=0 | Base NSE=nan, DA NSE=nan | Base KGE=nan, DA KGE=nan
2026-07-28 12:55:53 [INFO]     -> [L=5] n_obs=0 | Base NSE=nan, DA NSE=nan | Base KGE=nan, DA KGE=nan
2026-07-28 12:55:53 [INFO]     -> [L=6] n_obs=0 | Base NSE=nan, DA NSE=nan | Base KGE=nan, DA KGE=nan
2026-07-28 12:55:53 [INFO]     -> [L=7] n_obs=0 | Base NSE=nan, DA NSE=nan | Base KGE=nan, DA KGE=nan
2026-07-28 12:55:53 [WARNING]   [CHECK WARNING] Basin camels_02016000 returned NaN metrics! (Check streamflow observation data)
2026-07-28 12:55:53 [INFO]  Processing Basin [2/2]: camels_11253310
2026-07-28 12:55:53 [INFO]     [Basin camels_11253310] Month: 2014-01
2026-07-28 12:55:57 [INFO]     -> [L=1] n_obs=0 | Base NSE=nan, DA NSE=nan | Base KGE=nan, DA KGE=nan
2026-07-28 12:55:57 [INFO]     -> [L=2] n_obs=0 | Base NSE=nan, DA NSE=nan | Base KGE=nan, DA KGE=nan
2026-07-28 12:55:57 [INFO]     -> [L=3] n_obs=0 | Base NSE=nan, DA NSE=nan | Base KGE=nan, DA KGE=nan
2026-07-28 12:55:57 [INFO]     -> [L=4] n_obs=0 | Base NSE=nan, DA NSE=nan | Base KGE=nan, DA KGE=nan
2026-07-28 12:55:57 [INFO]     -> [L=5] n_obs=0 | Base NSE=nan, DA NSE=nan | Base KGE=nan, DA KGE=nan
2026-07-28 12:55:57 [INFO]     -> [L=6] n_obs=0 | Base NSE=nan, DA NSE=nan | Base KGE=nan, DA KGE=nan
2026-07-28 12:55:57 [INFO]     -> [L=7] n_obs=0 | Base NSE=nan, DA NSE=nan | Base KGE=nan, DA KGE=nan
2026-07-28 12:55:57 [WARNING]   [CHECK WARNING] Basin camels_11253310 returned NaN metrics! (Check streamflow observation data)
2026-07-28 12:55:57 [INFO] 
Saved detailed metrics CSV: /usr/local/google/home/kruparell/flood-forecasting/tutorial/notebooks/large_scale_param_selection_results/detailed_basin_parameter_eval.csv
2026-07-28 12:55:57 [INFO] 
======================================================================
2026-07-28 12:55:57 [INFO]  AGGREGATE PARAMETER SELECTION & RANKING SUMMARY                      
2026-07-28 12:55:57 [INFO] ======================================================================
2026-07-28 12:55:57 [INFO] 
--- Mean Metrics by Config ID and Lead Time ---
                     Config ID  Lead Time (Days)  Base NSE  DA NSE  NSE Delta  Base KGE  DA KGE  KGE Delta
 Config_A_LR0.1_Ep10_W7_Bg1e-6                 1       NaN     NaN        NaN       NaN     NaN        NaN
 Config_A_LR0.1_Ep10_W7_Bg1e-6                 2       NaN     NaN        NaN       NaN     NaN        NaN
 Config_A_LR0.1_Ep10_W7_Bg1e-6                 3       NaN     NaN        NaN       NaN     NaN        NaN
 Config_A_LR0.1_Ep10_W7_Bg1e-6                 4       NaN     NaN        NaN       NaN     NaN        NaN
 Config_A_LR0.1_Ep10_W7_Bg1e-6                 5       NaN     NaN        NaN       NaN     NaN        NaN
 Config_A_LR0.1_Ep10_W7_Bg1e-6                 6       NaN     NaN        NaN       NaN     NaN        NaN
 Config_A_LR0.1_Ep10_W7_Bg1e-6                 7       NaN     NaN        NaN       NaN     NaN        NaN
Config_B_LR0.05_Ep15_W7_Bg1e-6                 1       NaN     NaN        NaN       NaN     NaN        NaN
Config_B_LR0.05_Ep15_W7_Bg1e-6                 2       NaN     NaN        NaN       NaN     NaN        NaN
Config_B_LR0.05_Ep15_W7_Bg1e-6                 3       NaN     NaN        NaN       NaN     NaN        NaN
Config_B_LR0.05_Ep15_W7_Bg1e-6                 4       NaN     NaN        NaN       NaN     NaN        NaN
Config_B_LR0.05_Ep15_W7_Bg1e-6                 5       NaN     NaN        NaN       NaN     NaN        NaN
Config_B_LR0.05_Ep15_W7_Bg1e-6                 6       NaN     NaN        NaN       NaN     NaN        NaN
Config_B_LR0.05_Ep15_W7_Bg1e-6                 7       NaN     NaN        NaN       NaN     NaN        NaN
 Config_C_LR0.1_Ep10_W7_Bg1e-5                 1       NaN     NaN        NaN       NaN     NaN        NaN
 Config_C_LR0.1_Ep10_W7_Bg1e-5                 2       NaN     NaN        NaN       NaN     NaN        NaN
 Config_C_LR0.1_Ep10_W7_Bg1e-5                 3       NaN     NaN        NaN       NaN     NaN        NaN
 Config_C_LR0.1_Ep10_W7_Bg1e-5                 4       NaN     NaN        NaN       NaN     NaN        NaN
 Config_C_LR0.1_Ep10_W7_Bg1e-5                 5       NaN     NaN        NaN       NaN     NaN        NaN
 Config_C_LR0.1_Ep10_W7_Bg1e-5                 6       NaN     NaN        NaN       NaN     NaN        NaN
 Config_C_LR0.1_Ep10_W7_Bg1e-5                 7       NaN     NaN        NaN       NaN     NaN        NaN
Config_D_LR0.05_Ep20_W7_Bg1e-5                 1       NaN     NaN        NaN       NaN     NaN        NaN
Config_D_LR0.05_Ep20_W7_Bg1e-5                 2       NaN     NaN        NaN       NaN     NaN        NaN
Config_D_LR0.05_Ep20_W7_Bg1e-5                 3       NaN     NaN        NaN       NaN     NaN        NaN
Config_D_LR0.05_Ep20_W7_Bg1e-5                 4       NaN     NaN        NaN       NaN     NaN        NaN
Config_D_LR0.05_Ep20_W7_Bg1e-5                 5       NaN     NaN        NaN       NaN     NaN        NaN
Config_D_LR0.05_Ep20_W7_Bg1e-5                 6       NaN     NaN        NaN       NaN     NaN        NaN
Config_D_LR0.05_Ep20_W7_Bg1e-5                 7       NaN     NaN        NaN       NaN     NaN        NaN
2026-07-28 12:55:57 [INFO] 
--- Overall Parameter Config Rankings (Ranked by Average DA NSE) ---
                     Config ID  Base NSE  DA NSE  NSE Delta  Base KGE  DA KGE  KGE Delta
 Config_A_LR0.1_Ep10_W7_Bg1e-6       NaN     NaN        NaN       NaN     NaN        NaN
Config_B_LR0.05_Ep15_W7_Bg1e-6       NaN     NaN        NaN       NaN     NaN        NaN
 Config_C_LR0.1_Ep10_W7_Bg1e-5       NaN     NaN        NaN       NaN     NaN        NaN
Config_D_LR0.05_Ep20_W7_Bg1e-5       NaN     NaN        NaN       NaN     NaN        NaN
2026-07-28 12:55:57 [INFO] 
--- Best Performing Parameter Config for EACH Lead Time (1..7 Days) ---
 Lead Time (Days) Best Config ID  Mean DA NSE  Mean NSE Delta  Mean DA KGE  Mean KGE Delta
                1 N/A (All NaNs)          NaN             NaN          NaN             NaN
                2 N/A (All NaNs)          NaN             NaN          NaN             NaN
                3 N/A (All NaNs)          NaN             NaN          NaN             NaN
                4 N/A (All NaNs)          NaN             NaN          NaN             NaN
                5 N/A (All NaNs)          NaN             NaN          NaN             NaN
                6 N/A (All NaNs)          NaN             NaN          NaN             NaN
                7 N/A (All NaNs)          NaN             NaN          NaN             NaN
2026-07-28 12:55:57 [INFO] 
======================================================================
2026-07-28 12:55:57 [INFO] Large-scale parameter selection pipeline completed successfully!
2026-07-28 12:55:57 [INFO] All summary reports saved in: /usr/local/google/home/kruparell/flood-forecasting/tutorial/notebooks/large_scale_param_selection_results
2026-07-28 12:55:57 [INFO] ======================================================================
2026-07-28 12:56:34 [INFO] ======================================================================
2026-07-28 12:56:34 [INFO]  Large-Scale DA Parameter Selection Pipeline across Cloudtop Caravans 
2026-07-28 12:56:34 [INFO] ======================================================================
2026-07-28 12:56:34 [INFO] Hardware Compute Device: cpu
2026-07-28 12:56:34 [INFO] Full Caravans Path: /usr/local/google/home/kruparell/Caravans/Caravan-nc
2026-07-28 12:56:34 [INFO] Evaluation Date Range: 2014-01-01 to 2014-01-05 (freq='D')
2026-07-28 12:56:34 [INFO] Target Lead Times: [1, 2, 3, 4, 5, 6, 7]
2026-07-28 12:56:34 [INFO] Log File Location: /usr/local/google/home/kruparell/flood-forecasting/tutorial/notebooks/large_scale_param_selection_results/large_scale_param_selection.log
2026-07-28 12:56:34 [INFO] Loaded 2 basins from 50-basin-train.txt (NUM_BASINS=2, Seed=42).
2026-07-28 12:56:34 [INFO] Testing 4 Parameter Sets: ['Config_A_LR0.1_Ep10_W7_Bg1e-6', 'Config_B_LR0.05_Ep15_W7_Bg1e-6', 'Config_C_LR0.1_Ep10_W7_Bg1e-5', 'Config_D_LR0.05_Ep20_W7_Bg1e-5']

2026-07-28 12:56:35 [INFO] Pretrained Model loaded successfully on device [cpu]: MeanEmbeddingForecastLSTM
2026-07-28 12:56:36 [INFO] Generated 5 issue dates: ['2014-01-01', '2014-01-02', '2014-01-03', '2014-01-04', '2014-01-05']
2026-07-28 12:56:36 [INFO] 
======================================================================
2026-07-28 12:56:36 [INFO]  Running Parameter Set: Config_A_LR0.1_Ep10_W7_Bg1e-6
2026-07-28 12:56:36 [INFO]  (LR=0.1, Epochs=10, Window=7d, BgWeight=1e-06, Gap=1d)
2026-07-28 12:56:36 [INFO] ======================================================================
2026-07-28 12:56:36 [INFO]  Processing Basin [1/2]: camels_02016000
2026-07-28 12:56:36 [INFO]     [Basin camels_02016000] Month: 2014-01
2026-07-28 12:56:39 [INFO]     [DEBUG] Basin camels_02016000: df_base total rows=35, ds_date_strs count=26662
2026-07-28 12:56:39 [INFO]     [DEBUG L=1] df_b_base rows=5, valid_dates count=5
2026-07-28 12:56:39 [INFO]     -> [L=1] n_obs=0 | Base NSE=nan, DA NSE=nan | Base KGE=nan, DA KGE=nan
2026-07-28 12:56:39 [INFO]     [DEBUG L=2] df_b_base rows=5, valid_dates count=5
2026-07-28 12:56:39 [INFO]     -> [L=2] n_obs=0 | Base NSE=nan, DA NSE=nan | Base KGE=nan, DA KGE=nan
2026-07-28 12:56:39 [INFO]     [DEBUG L=3] df_b_base rows=5, valid_dates count=5
2026-07-28 12:56:39 [INFO]     -> [L=3] n_obs=0 | Base NSE=nan, DA NSE=nan | Base KGE=nan, DA KGE=nan
2026-07-28 12:56:39 [INFO]     [DEBUG L=4] df_b_base rows=5, valid_dates count=5
2026-07-28 12:56:39 [INFO]     -> [L=4] n_obs=0 | Base NSE=nan, DA NSE=nan | Base KGE=nan, DA KGE=nan
2026-07-28 12:56:39 [INFO]     [DEBUG L=5] df_b_base rows=5, valid_dates count=5
2026-07-28 12:56:39 [INFO]     -> [L=5] n_obs=0 | Base NSE=nan, DA NSE=nan | Base KGE=nan, DA KGE=nan
2026-07-28 12:56:39 [INFO]     [DEBUG L=6] df_b_base rows=5, valid_dates count=5
2026-07-28 12:56:39 [INFO]     -> [L=6] n_obs=0 | Base NSE=nan, DA NSE=nan | Base KGE=nan, DA KGE=nan
2026-07-28 12:56:39 [INFO]     [DEBUG L=7] df_b_base rows=5, valid_dates count=5
2026-07-28 12:56:39 [INFO]     -> [L=7] n_obs=0 | Base NSE=nan, DA NSE=nan | Base KGE=nan, DA KGE=nan
2026-07-28 12:56:39 [WARNING]   [CHECK WARNING] Basin camels_02016000 returned NaN metrics! (Check streamflow observation data)
2026-07-28 12:56:39 [INFO]  Processing Basin [2/2]: camels_11253310
2026-07-28 12:56:39 [INFO]     [Basin camels_11253310] Month: 2014-01
2026-07-28 12:56:42 [INFO]     [DEBUG] Basin camels_11253310: df_base total rows=35, ds_date_strs count=26662
2026-07-28 12:56:42 [INFO]     [DEBUG L=1] df_b_base rows=5, valid_dates count=5
2026-07-28 12:56:42 [INFO]     -> [L=1] n_obs=0 | Base NSE=nan, DA NSE=nan | Base KGE=nan, DA KGE=nan
2026-07-28 12:56:42 [INFO]     [DEBUG L=2] df_b_base rows=5, valid_dates count=5
2026-07-28 12:56:42 [INFO]     -> [L=2] n_obs=0 | Base NSE=nan, DA NSE=nan | Base KGE=nan, DA KGE=nan
2026-07-28 12:56:42 [INFO]     [DEBUG L=3] df_b_base rows=5, valid_dates count=5
2026-07-28 12:56:42 [INFO]     -> [L=3] n_obs=0 | Base NSE=nan, DA NSE=nan | Base KGE=nan, DA KGE=nan
2026-07-28 12:56:42 [INFO]     [DEBUG L=4] df_b_base rows=5, valid_dates count=5
2026-07-28 12:56:42 [INFO]     -> [L=4] n_obs=0 | Base NSE=nan, DA NSE=nan | Base KGE=nan, DA KGE=nan
2026-07-28 12:56:42 [INFO]     [DEBUG L=5] df_b_base rows=5, valid_dates count=5
2026-07-28 12:56:42 [INFO]     -> [L=5] n_obs=0 | Base NSE=nan, DA NSE=nan | Base KGE=nan, DA KGE=nan
2026-07-28 12:56:42 [INFO]     [DEBUG L=6] df_b_base rows=5, valid_dates count=5
2026-07-28 12:56:42 [INFO]     -> [L=6] n_obs=0 | Base NSE=nan, DA NSE=nan | Base KGE=nan, DA KGE=nan
2026-07-28 12:56:42 [INFO]     [DEBUG L=7] df_b_base rows=5, valid_dates count=5
2026-07-28 12:56:42 [INFO]     -> [L=7] n_obs=0 | Base NSE=nan, DA NSE=nan | Base KGE=nan, DA KGE=nan
2026-07-28 12:56:42 [WARNING]   [CHECK WARNING] Basin camels_11253310 returned NaN metrics! (Check streamflow observation data)
2026-07-28 12:56:42 [INFO] 
======================================================================
2026-07-28 12:56:42 [INFO]  Running Parameter Set: Config_B_LR0.05_Ep15_W7_Bg1e-6
2026-07-28 12:56:42 [INFO]  (LR=0.05, Epochs=15, Window=7d, BgWeight=1e-06, Gap=1d)
2026-07-28 12:56:42 [INFO] ======================================================================
2026-07-28 12:56:42 [INFO]  Processing Basin [1/2]: camels_02016000
2026-07-28 12:56:42 [INFO]     [Basin camels_02016000] Month: 2014-01
2026-07-28 12:56:46 [INFO]     [DEBUG] Basin camels_02016000: df_base total rows=35, ds_date_strs count=26662
2026-07-28 12:56:46 [INFO]     [DEBUG L=1] df_b_base rows=5, valid_dates count=5
2026-07-28 12:56:46 [INFO]     -> [L=1] n_obs=0 | Base NSE=nan, DA NSE=nan | Base KGE=nan, DA KGE=nan
2026-07-28 12:56:46 [INFO]     [DEBUG L=2] df_b_base rows=5, valid_dates count=5
2026-07-28 12:56:46 [INFO]     -> [L=2] n_obs=0 | Base NSE=nan, DA NSE=nan | Base KGE=nan, DA KGE=nan
2026-07-28 12:56:46 [INFO]     [DEBUG L=3] df_b_base rows=5, valid_dates count=5
2026-07-28 12:56:46 [INFO]     -> [L=3] n_obs=0 | Base NSE=nan, DA NSE=nan | Base KGE=nan, DA KGE=nan
2026-07-28 12:56:46 [INFO]     [DEBUG L=4] df_b_base rows=5, valid_dates count=5
2026-07-28 12:56:46 [INFO]     -> [L=4] n_obs=0 | Base NSE=nan, DA NSE=nan | Base KGE=nan, DA KGE=nan
2026-07-28 12:56:46 [INFO]     [DEBUG L=5] df_b_base rows=5, valid_dates count=5
2026-07-28 12:56:46 [INFO]     -> [L=5] n_obs=0 | Base NSE=nan, DA NSE=nan | Base KGE=nan, DA KGE=nan
2026-07-28 12:56:46 [INFO]     [DEBUG L=6] df_b_base rows=5, valid_dates count=5
2026-07-28 12:56:46 [INFO]     -> [L=6] n_obs=0 | Base NSE=nan, DA NSE=nan | Base KGE=nan, DA KGE=nan
2026-07-28 12:56:46 [INFO]     [DEBUG L=7] df_b_base rows=5, valid_dates count=5
2026-07-28 12:56:46 [INFO]     -> [L=7] n_obs=0 | Base NSE=nan, DA NSE=nan | Base KGE=nan, DA KGE=nan
2026-07-28 12:56:46 [WARNING]   [CHECK WARNING] Basin camels_02016000 returned NaN metrics! (Check streamflow observation data)
2026-07-28 12:56:46 [INFO]  Processing Basin [2/2]: camels_11253310
2026-07-28 12:56:46 [INFO]     [Basin camels_11253310] Month: 2014-01
2026-07-28 12:56:49 [INFO]     [DEBUG] Basin camels_11253310: df_base total rows=35, ds_date_strs count=26662
2026-07-28 12:56:49 [INFO]     [DEBUG L=1] df_b_base rows=5, valid_dates count=5
2026-07-28 12:56:49 [INFO]     -> [L=1] n_obs=0 | Base NSE=nan, DA NSE=nan | Base KGE=nan, DA KGE=nan
2026-07-28 12:56:49 [INFO]     [DEBUG L=2] df_b_base rows=5, valid_dates count=5
2026-07-28 12:56:49 [INFO]     -> [L=2] n_obs=0 | Base NSE=nan, DA NSE=nan | Base KGE=nan, DA KGE=nan
2026-07-28 12:56:49 [INFO]     [DEBUG L=3] df_b_base rows=5, valid_dates count=5
2026-07-28 12:56:49 [INFO]     -> [L=3] n_obs=0 | Base NSE=nan, DA NSE=nan | Base KGE=nan, DA KGE=nan
2026-07-28 12:56:49 [INFO]     [DEBUG L=4] df_b_base rows=5, valid_dates count=5
2026-07-28 12:56:49 [INFO]     -> [L=4] n_obs=0 | Base NSE=nan, DA NSE=nan | Base KGE=nan, DA KGE=nan
2026-07-28 12:56:49 [INFO]     [DEBUG L=5] df_b_base rows=5, valid_dates count=5
2026-07-28 12:56:49 [INFO]     -> [L=5] n_obs=0 | Base NSE=nan, DA NSE=nan | Base KGE=nan, DA KGE=nan
2026-07-28 12:56:49 [INFO]     [DEBUG L=6] df_b_base rows=5, valid_dates count=5
2026-07-28 12:56:49 [INFO]     -> [L=6] n_obs=0 | Base NSE=nan, DA NSE=nan | Base KGE=nan, DA KGE=nan
2026-07-28 12:56:49 [INFO]     [DEBUG L=7] df_b_base rows=5, valid_dates count=5
2026-07-28 12:56:49 [INFO]     -> [L=7] n_obs=0 | Base NSE=nan, DA NSE=nan | Base KGE=nan, DA KGE=nan
2026-07-28 12:56:49 [WARNING]   [CHECK WARNING] Basin camels_11253310 returned NaN metrics! (Check streamflow observation data)
2026-07-28 12:56:49 [INFO] 
======================================================================
2026-07-28 12:56:49 [INFO]  Running Parameter Set: Config_C_LR0.1_Ep10_W7_Bg1e-5
2026-07-28 12:56:49 [INFO]  (LR=0.1, Epochs=10, Window=7d, BgWeight=1e-05, Gap=1d)
2026-07-28 12:56:49 [INFO] ======================================================================
2026-07-28 12:56:49 [INFO]  Processing Basin [1/2]: camels_02016000
2026-07-28 12:56:49 [INFO]     [Basin camels_02016000] Month: 2014-01
2026-07-28 12:56:52 [INFO]     [DEBUG] Basin camels_02016000: df_base total rows=35, ds_date_strs count=26662
2026-07-28 12:56:52 [INFO]     [DEBUG L=1] df_b_base rows=5, valid_dates count=5
2026-07-28 12:56:52 [INFO]     -> [L=1] n_obs=0 | Base NSE=nan, DA NSE=nan | Base KGE=nan, DA KGE=nan
2026-07-28 12:56:52 [INFO]     [DEBUG L=2] df_b_base rows=5, valid_dates count=5
2026-07-28 12:56:52 [INFO]     -> [L=2] n_obs=0 | Base NSE=nan, DA NSE=nan | Base KGE=nan, DA KGE=nan
2026-07-28 12:56:52 [INFO]     [DEBUG L=3] df_b_base rows=5, valid_dates count=5
2026-07-28 12:56:52 [INFO]     -> [L=3] n_obs=0 | Base NSE=nan, DA NSE=nan | Base KGE=nan, DA KGE=nan
2026-07-28 12:56:52 [INFO]     [DEBUG L=4] df_b_base rows=5, valid_dates count=5
2026-07-28 12:56:52 [INFO]     -> [L=4] n_obs=0 | Base NSE=nan, DA NSE=nan | Base KGE=nan, DA KGE=nan
2026-07-28 12:56:52 [INFO]     [DEBUG L=5] df_b_base rows=5, valid_dates count=5
2026-07-28 12:56:52 [INFO]     -> [L=5] n_obs=0 | Base NSE=nan, DA NSE=nan | Base KGE=nan, DA KGE=nan
2026-07-28 12:56:52 [INFO]     [DEBUG L=6] df_b_base rows=5, valid_dates count=5
2026-07-28 12:56:52 [INFO]     -> [L=6] n_obs=0 | Base NSE=nan, DA NSE=nan | Base KGE=nan, DA KGE=nan
2026-07-28 12:56:52 [INFO]     [DEBUG L=7] df_b_base rows=5, valid_dates count=5
2026-07-28 12:56:52 [INFO]     -> [L=7] n_obs=0 | Base NSE=nan, DA NSE=nan | Base KGE=nan, DA KGE=nan
2026-07-28 12:56:52 [WARNING]   [CHECK WARNING] Basin camels_02016000 returned NaN metrics! (Check streamflow observation data)
2026-07-28 12:56:52 [INFO]  Processing Basin [2/2]: camels_11253310
2026-07-28 12:56:52 [INFO]     [Basin camels_11253310] Month: 2014-01
2026-07-28 12:56:55 [INFO]     [DEBUG] Basin camels_11253310: df_base total rows=35, ds_date_strs count=26662
2026-07-28 12:56:55 [INFO]     [DEBUG L=1] df_b_base rows=5, valid_dates count=5
2026-07-28 12:56:55 [INFO]     -> [L=1] n_obs=0 | Base NSE=nan, DA NSE=nan | Base KGE=nan, DA KGE=nan
2026-07-28 12:56:55 [INFO]     [DEBUG L=2] df_b_base rows=5, valid_dates count=5
2026-07-28 12:56:55 [INFO]     -> [L=2] n_obs=0 | Base NSE=nan, DA NSE=nan | Base KGE=nan, DA KGE=nan
2026-07-28 12:56:55 [INFO]     [DEBUG L=3] df_b_base rows=5, valid_dates count=5
2026-07-28 12:56:55 [INFO]     -> [L=3] n_obs=0 | Base NSE=nan, DA NSE=nan | Base KGE=nan, DA KGE=nan
2026-07-28 12:56:55 [INFO]     [DEBUG L=4] df_b_base rows=5, valid_dates count=5
2026-07-28 12:56:55 [INFO]     -> [L=4] n_obs=0 | Base NSE=nan, DA NSE=nan | Base KGE=nan, DA KGE=nan
2026-07-28 12:56:55 [INFO]     [DEBUG L=5] df_b_base rows=5, valid_dates count=5
2026-07-28 12:56:55 [INFO]     -> [L=5] n_obs=0 | Base NSE=nan, DA NSE=nan | Base KGE=nan, DA KGE=nan
2026-07-28 12:56:55 [INFO]     [DEBUG L=6] df_b_base rows=5, valid_dates count=5
2026-07-28 12:56:55 [INFO]     -> [L=6] n_obs=0 | Base NSE=nan, DA NSE=nan | Base KGE=nan, DA KGE=nan
2026-07-28 12:56:55 [INFO]     [DEBUG L=7] df_b_base rows=5, valid_dates count=5
2026-07-28 12:56:55 [INFO]     -> [L=7] n_obs=0 | Base NSE=nan, DA NSE=nan | Base KGE=nan, DA KGE=nan
2026-07-28 12:56:55 [WARNING]   [CHECK WARNING] Basin camels_11253310 returned NaN metrics! (Check streamflow observation data)
2026-07-28 12:56:55 [INFO] 
======================================================================
2026-07-28 12:56:55 [INFO]  Running Parameter Set: Config_D_LR0.05_Ep20_W7_Bg1e-5
2026-07-28 12:56:55 [INFO]  (LR=0.05, Epochs=20, Window=7d, BgWeight=1e-05, Gap=1d)
2026-07-28 12:56:55 [INFO] ======================================================================
2026-07-28 12:56:55 [INFO]  Processing Basin [1/2]: camels_02016000
2026-07-28 12:56:55 [INFO]     [Basin camels_02016000] Month: 2014-01
2026-07-28 12:56:59 [INFO]     [DEBUG] Basin camels_02016000: df_base total rows=35, ds_date_strs count=26662
2026-07-28 12:56:59 [INFO]     [DEBUG L=1] df_b_base rows=5, valid_dates count=5
2026-07-28 12:56:59 [INFO]     -> [L=1] n_obs=0 | Base NSE=nan, DA NSE=nan | Base KGE=nan, DA KGE=nan
2026-07-28 12:56:59 [INFO]     [DEBUG L=2] df_b_base rows=5, valid_dates count=5
2026-07-28 12:56:59 [INFO]     -> [L=2] n_obs=0 | Base NSE=nan, DA NSE=nan | Base KGE=nan, DA KGE=nan
2026-07-28 12:56:59 [INFO]     [DEBUG L=3] df_b_base rows=5, valid_dates count=5
2026-07-28 12:56:59 [INFO]     -> [L=3] n_obs=0 | Base NSE=nan, DA NSE=nan | Base KGE=nan, DA KGE=nan
2026-07-28 12:56:59 [INFO]     [DEBUG L=4] df_b_base rows=5, valid_dates count=5
2026-07-28 12:56:59 [INFO]     -> [L=4] n_obs=0 | Base NSE=nan, DA NSE=nan | Base KGE=nan, DA KGE=nan
2026-07-28 12:56:59 [INFO]     [DEBUG L=5] df_b_base rows=5, valid_dates count=5
2026-07-28 12:56:59 [INFO]     -> [L=5] n_obs=0 | Base NSE=nan, DA NSE=nan | Base KGE=nan, DA KGE=nan
2026-07-28 12:56:59 [INFO]     [DEBUG L=6] df_b_base rows=5, valid_dates count=5
2026-07-28 12:56:59 [INFO]     -> [L=6] n_obs=0 | Base NSE=nan, DA NSE=nan | Base KGE=nan, DA KGE=nan
2026-07-28 12:56:59 [INFO]     [DEBUG L=7] df_b_base rows=5, valid_dates count=5
2026-07-28 12:56:59 [INFO]     -> [L=7] n_obs=0 | Base NSE=nan, DA NSE=nan | Base KGE=nan, DA KGE=nan
2026-07-28 12:56:59 [WARNING]   [CHECK WARNING] Basin camels_02016000 returned NaN metrics! (Check streamflow observation data)
2026-07-28 12:56:59 [INFO]  Processing Basin [2/2]: camels_11253310
2026-07-28 12:56:59 [INFO]     [Basin camels_11253310] Month: 2014-01
2026-07-28 12:57:02 [INFO]     [DEBUG] Basin camels_11253310: df_base total rows=35, ds_date_strs count=26662
2026-07-28 12:57:02 [INFO]     [DEBUG L=1] df_b_base rows=5, valid_dates count=5
2026-07-28 12:57:02 [INFO]     -> [L=1] n_obs=0 | Base NSE=nan, DA NSE=nan | Base KGE=nan, DA KGE=nan
2026-07-28 12:57:02 [INFO]     [DEBUG L=2] df_b_base rows=5, valid_dates count=5
2026-07-28 12:57:02 [INFO]     -> [L=2] n_obs=0 | Base NSE=nan, DA NSE=nan | Base KGE=nan, DA KGE=nan
2026-07-28 12:57:02 [INFO]     [DEBUG L=3] df_b_base rows=5, valid_dates count=5
2026-07-28 12:57:02 [INFO]     -> [L=3] n_obs=0 | Base NSE=nan, DA NSE=nan | Base KGE=nan, DA KGE=nan
2026-07-28 12:57:02 [INFO]     [DEBUG L=4] df_b_base rows=5, valid_dates count=5
2026-07-28 12:57:02 [INFO]     -> [L=4] n_obs=0 | Base NSE=nan, DA NSE=nan | Base KGE=nan, DA KGE=nan
2026-07-28 12:57:02 [INFO]     [DEBUG L=5] df_b_base rows=5, valid_dates count=5
2026-07-28 12:57:02 [INFO]     -> [L=5] n_obs=0 | Base NSE=nan, DA NSE=nan | Base KGE=nan, DA KGE=nan
2026-07-28 12:57:02 [INFO]     [DEBUG L=6] df_b_base rows=5, valid_dates count=5
2026-07-28 12:57:02 [INFO]     -> [L=6] n_obs=0 | Base NSE=nan, DA NSE=nan | Base KGE=nan, DA KGE=nan
2026-07-28 12:57:02 [INFO]     [DEBUG L=7] df_b_base rows=5, valid_dates count=5
2026-07-28 12:57:02 [INFO]     -> [L=7] n_obs=0 | Base NSE=nan, DA NSE=nan | Base KGE=nan, DA KGE=nan
2026-07-28 12:57:02 [WARNING]   [CHECK WARNING] Basin camels_11253310 returned NaN metrics! (Check streamflow observation data)
2026-07-28 12:57:02 [INFO] 
Saved detailed metrics CSV: /usr/local/google/home/kruparell/flood-forecasting/tutorial/notebooks/large_scale_param_selection_results/detailed_basin_parameter_eval.csv
2026-07-28 12:57:02 [INFO] 
======================================================================
2026-07-28 12:57:02 [INFO]  AGGREGATE PARAMETER SELECTION & RANKING SUMMARY                      
2026-07-28 12:57:02 [INFO] ======================================================================
2026-07-28 12:57:02 [INFO] 
--- Mean Metrics by Config ID and Lead Time ---
                     Config ID  Lead Time (Days)  Base NSE  DA NSE  NSE Delta  Base KGE  DA KGE  KGE Delta
 Config_A_LR0.1_Ep10_W7_Bg1e-6                 1       NaN     NaN        NaN       NaN     NaN        NaN
 Config_A_LR0.1_Ep10_W7_Bg1e-6                 2       NaN     NaN        NaN       NaN     NaN        NaN
 Config_A_LR0.1_Ep10_W7_Bg1e-6                 3       NaN     NaN        NaN       NaN     NaN        NaN
 Config_A_LR0.1_Ep10_W7_Bg1e-6                 4       NaN     NaN        NaN       NaN     NaN        NaN
 Config_A_LR0.1_Ep10_W7_Bg1e-6                 5       NaN     NaN        NaN       NaN     NaN        NaN
 Config_A_LR0.1_Ep10_W7_Bg1e-6                 6       NaN     NaN        NaN       NaN     NaN        NaN
 Config_A_LR0.1_Ep10_W7_Bg1e-6                 7       NaN     NaN        NaN       NaN     NaN        NaN
Config_B_LR0.05_Ep15_W7_Bg1e-6                 1       NaN     NaN        NaN       NaN     NaN        NaN
Config_B_LR0.05_Ep15_W7_Bg1e-6                 2       NaN     NaN        NaN       NaN     NaN        NaN
Config_B_LR0.05_Ep15_W7_Bg1e-6                 3       NaN     NaN        NaN       NaN     NaN        NaN
Config_B_LR0.05_Ep15_W7_Bg1e-6                 4       NaN     NaN        NaN       NaN     NaN        NaN
Config_B_LR0.05_Ep15_W7_Bg1e-6                 5       NaN     NaN        NaN       NaN     NaN        NaN
Config_B_LR0.05_Ep15_W7_Bg1e-6                 6       NaN     NaN        NaN       NaN     NaN        NaN
Config_B_LR0.05_Ep15_W7_Bg1e-6                 7       NaN     NaN        NaN       NaN     NaN        NaN
 Config_C_LR0.1_Ep10_W7_Bg1e-5                 1       NaN     NaN        NaN       NaN     NaN        NaN
 Config_C_LR0.1_Ep10_W7_Bg1e-5                 2       NaN     NaN        NaN       NaN     NaN        NaN
 Config_C_LR0.1_Ep10_W7_Bg1e-5                 3       NaN     NaN        NaN       NaN     NaN        NaN
 Config_C_LR0.1_Ep10_W7_Bg1e-5                 4       NaN     NaN        NaN       NaN     NaN        NaN
 Config_C_LR0.1_Ep10_W7_Bg1e-5                 5       NaN     NaN        NaN       NaN     NaN        NaN
 Config_C_LR0.1_Ep10_W7_Bg1e-5                 6       NaN     NaN        NaN       NaN     NaN        NaN
 Config_C_LR0.1_Ep10_W7_Bg1e-5                 7       NaN     NaN        NaN       NaN     NaN        NaN
Config_D_LR0.05_Ep20_W7_Bg1e-5                 1       NaN     NaN        NaN       NaN     NaN        NaN
Config_D_LR0.05_Ep20_W7_Bg1e-5                 2       NaN     NaN        NaN       NaN     NaN        NaN
Config_D_LR0.05_Ep20_W7_Bg1e-5                 3       NaN     NaN        NaN       NaN     NaN        NaN
Config_D_LR0.05_Ep20_W7_Bg1e-5                 4       NaN     NaN        NaN       NaN     NaN        NaN
Config_D_LR0.05_Ep20_W7_Bg1e-5                 5       NaN     NaN        NaN       NaN     NaN        NaN
Config_D_LR0.05_Ep20_W7_Bg1e-5                 6       NaN     NaN        NaN       NaN     NaN        NaN
Config_D_LR0.05_Ep20_W7_Bg1e-5                 7       NaN     NaN        NaN       NaN     NaN        NaN
2026-07-28 12:57:02 [INFO] 
--- Overall Parameter Config Rankings (Ranked by Average DA NSE) ---
                     Config ID  Base NSE  DA NSE  NSE Delta  Base KGE  DA KGE  KGE Delta
 Config_A_LR0.1_Ep10_W7_Bg1e-6       NaN     NaN        NaN       NaN     NaN        NaN
Config_B_LR0.05_Ep15_W7_Bg1e-6       NaN     NaN        NaN       NaN     NaN        NaN
 Config_C_LR0.1_Ep10_W7_Bg1e-5       NaN     NaN        NaN       NaN     NaN        NaN
Config_D_LR0.05_Ep20_W7_Bg1e-5       NaN     NaN        NaN       NaN     NaN        NaN
2026-07-28 12:57:02 [INFO] 
--- Best Performing Parameter Config for EACH Lead Time (1..7 Days) ---
 Lead Time (Days) Best Config ID  Mean DA NSE  Mean NSE Delta  Mean DA KGE  Mean KGE Delta
                1 N/A (All NaNs)          NaN             NaN          NaN             NaN
                2 N/A (All NaNs)          NaN             NaN          NaN             NaN
                3 N/A (All NaNs)          NaN             NaN          NaN             NaN
                4 N/A (All NaNs)          NaN             NaN          NaN             NaN
                5 N/A (All NaNs)          NaN             NaN          NaN             NaN
                6 N/A (All NaNs)          NaN             NaN          NaN             NaN
                7 N/A (All NaNs)          NaN             NaN          NaN             NaN
2026-07-28 12:57:02 [INFO] 
======================================================================
2026-07-28 12:57:02 [INFO] Large-scale parameter selection pipeline completed successfully!
2026-07-28 12:57:02 [INFO] All summary reports saved in: /usr/local/google/home/kruparell/flood-forecasting/tutorial/notebooks/large_scale_param_selection_results
2026-07-28 12:57:02 [INFO] ======================================================================
2026-07-28 12:57:05 [INFO] ======================================================================
2026-07-28 12:57:05 [INFO]  Large-Scale DA Parameter Selection Pipeline across Cloudtop Caravans 
2026-07-28 12:57:05 [INFO] ======================================================================
2026-07-28 12:57:05 [INFO] Hardware Compute Device: cpu
2026-07-28 12:57:05 [INFO] Full Caravans Path: /usr/local/google/home/kruparell/Caravans/Caravan-nc
2026-07-28 12:57:05 [INFO] Evaluation Date Range: 2014-01-01 to 2014-01-05 (freq='D')
2026-07-28 12:57:05 [INFO] Target Lead Times: [1, 2, 3, 4, 5, 6, 7]
2026-07-28 12:57:05 [INFO] Log File Location: /usr/local/google/home/kruparell/flood-forecasting/tutorial/notebooks/large_scale_param_selection_results/large_scale_param_selection.log
2026-07-28 12:57:05 [INFO] Loaded 2 basins from 50-basin-train.txt (NUM_BASINS=2, Seed=42).
2026-07-28 12:57:05 [INFO] Testing 4 Parameter Sets: ['Config_A_LR0.1_Ep10_W7_Bg1e-6', 'Config_B_LR0.05_Ep15_W7_Bg1e-6', 'Config_C_LR0.1_Ep10_W7_Bg1e-5', 'Config_D_LR0.05_Ep20_W7_Bg1e-5']

2026-07-28 12:57:07 [INFO] Pretrained Model loaded successfully on device [cpu]: MeanEmbeddingForecastLSTM
2026-07-28 12:57:07 [INFO] Generated 5 issue dates: ['2014-01-01', '2014-01-02', '2014-01-03', '2014-01-04', '2014-01-05']
2026-07-28 12:57:07 [INFO] 
======================================================================
2026-07-28 12:57:07 [INFO]  Running Parameter Set: Config_A_LR0.1_Ep10_W7_Bg1e-6
2026-07-28 12:57:07 [INFO]  (LR=0.1, Epochs=10, Window=7d, BgWeight=1e-06, Gap=1d)
2026-07-28 12:57:07 [INFO] ======================================================================
2026-07-28 12:57:07 [INFO]  Processing Basin [1/2]: camels_02016000
2026-07-28 12:57:07 [INFO]     [Basin camels_02016000] Month: 2014-01
2026-07-28 12:57:11 [INFO]     [DEBUG] Basin camels_02016000: df_base total rows=35, ds_date_strs count=26662
2026-07-28 12:57:11 [INFO]     [DEBUG L=1] df_b_base rows=5, valid_dates count=5
2026-07-28 12:57:11 [INFO]     [L=1] obs_q: [2.04 1.68 1.27 1.05 1.  ], q_da_seq: [nan nan nan nan nan]
2026-07-28 12:57:11 [INFO]     -> [L=1] n_obs=0 | Base NSE=nan, DA NSE=nan | Base KGE=nan, DA KGE=nan
2026-07-28 12:57:11 [INFO]     [DEBUG L=2] df_b_base rows=5, valid_dates count=5
2026-07-28 12:57:11 [INFO]     [L=2] obs_q: [1.68 1.27 1.05 1.   0.86], q_da_seq: [nan nan nan nan nan]
2026-07-28 12:57:11 [INFO]     -> [L=2] n_obs=0 | Base NSE=nan, DA NSE=nan | Base KGE=nan, DA KGE=nan
2026-07-28 12:57:11 [INFO]     [DEBUG L=3] df_b_base rows=5, valid_dates count=5
2026-07-28 12:57:11 [INFO]     [L=3] obs_q: [1.27 1.05 1.   0.86 0.63], q_da_seq: [nan nan nan nan nan]
2026-07-28 12:57:11 [INFO]     -> [L=3] n_obs=0 | Base NSE=nan, DA NSE=nan | Base KGE=nan, DA KGE=nan
2026-07-28 12:57:11 [INFO]     [DEBUG L=4] df_b_base rows=5, valid_dates count=5
2026-07-28 12:57:11 [INFO]     [L=4] obs_q: [1.05 1.   0.86 0.63 0.78], q_da_seq: [nan nan nan nan nan]
2026-07-28 12:57:11 [INFO]     -> [L=4] n_obs=0 | Base NSE=nan, DA NSE=nan | Base KGE=nan, DA KGE=nan
2026-07-28 12:57:11 [INFO]     [DEBUG L=5] df_b_base rows=5, valid_dates count=5
2026-07-28 12:57:11 [INFO]     [L=5] obs_q: [1.   0.86 0.63 0.78 0.82], q_da_seq: [nan nan nan nan nan]
2026-07-28 12:57:11 [INFO]     -> [L=5] n_obs=0 | Base NSE=nan, DA NSE=nan | Base KGE=nan, DA KGE=nan
2026-07-28 12:57:11 [INFO]     [DEBUG L=6] df_b_base rows=5, valid_dates count=5
2026-07-28 12:57:11 [INFO]     [L=6] obs_q: [0.86 0.63 0.78 0.82 1.26], q_da_seq: [nan nan nan nan nan]
2026-07-28 12:57:11 [INFO]     -> [L=6] n_obs=0 | Base NSE=nan, DA NSE=nan | Base KGE=nan, DA KGE=nan
2026-07-28 12:57:11 [INFO]     [DEBUG L=7] df_b_base rows=5, valid_dates count=5
2026-07-28 12:57:11 [INFO]     [L=7] obs_q: [0.63 0.78 0.82 1.26 2.81], q_da_seq: [nan nan nan nan nan]
2026-07-28 12:57:11 [INFO]     -> [L=7] n_obs=0 | Base NSE=nan, DA NSE=nan | Base KGE=nan, DA KGE=nan
2026-07-28 12:57:11 [WARNING]   [CHECK WARNING] Basin camels_02016000 returned NaN metrics! (Check streamflow observation data)
2026-07-28 12:57:11 [INFO]  Processing Basin [2/2]: camels_11253310
2026-07-28 12:57:11 [INFO]     [Basin camels_11253310] Month: 2014-01
2026-07-28 12:57:14 [INFO]     [DEBUG] Basin camels_11253310: df_base total rows=35, ds_date_strs count=26662
2026-07-28 12:57:14 [INFO]     [DEBUG L=1] df_b_base rows=5, valid_dates count=5
2026-07-28 12:57:14 [INFO]     [L=1] obs_q: [0. 0. 0. 0. 0.], q_da_seq: [nan nan nan nan nan]
2026-07-28 12:57:14 [INFO]     -> [L=1] n_obs=0 | Base NSE=nan, DA NSE=nan | Base KGE=nan, DA KGE=nan
2026-07-28 12:57:14 [INFO]     [DEBUG L=2] df_b_base rows=5, valid_dates count=5
2026-07-28 12:57:14 [INFO]     [L=2] obs_q: [0. 0. 0. 0. 0.], q_da_seq: [nan nan nan nan nan]
2026-07-28 12:57:14 [INFO]     -> [L=2] n_obs=0 | Base NSE=nan, DA NSE=nan | Base KGE=nan, DA KGE=nan
2026-07-28 12:57:14 [INFO]     [DEBUG L=3] df_b_base rows=5, valid_dates count=5
2026-07-28 12:57:14 [INFO]     [L=3] obs_q: [0. 0. 0. 0. 0.], q_da_seq: [nan nan nan nan nan]
2026-07-28 12:57:14 [INFO]     -> [L=3] n_obs=0 | Base NSE=nan, DA NSE=nan | Base KGE=nan, DA KGE=nan
2026-07-28 12:57:14 [INFO]     [DEBUG L=4] df_b_base rows=5, valid_dates count=5
2026-07-28 12:57:14 [INFO]     [L=4] obs_q: [0. 0. 0. 0. 0.], q_da_seq: [nan nan nan nan nan]
2026-07-28 12:57:14 [INFO]     -> [L=4] n_obs=0 | Base NSE=nan, DA NSE=nan | Base KGE=nan, DA KGE=nan
2026-07-28 12:57:14 [INFO]     [DEBUG L=5] df_b_base rows=5, valid_dates count=5
2026-07-28 12:57:14 [INFO]     [L=5] obs_q: [0. 0. 0. 0. 0.], q_da_seq: [nan nan nan nan nan]
2026-07-28 12:57:14 [INFO]     -> [L=5] n_obs=0 | Base NSE=nan, DA NSE=nan | Base KGE=nan, DA KGE=nan
2026-07-28 12:57:14 [INFO]     [DEBUG L=6] df_b_base rows=5, valid_dates count=5
2026-07-28 12:57:14 [INFO]     [L=6] obs_q: [0. 0. 0. 0. 0.], q_da_seq: [nan nan nan nan nan]
2026-07-28 12:57:14 [INFO]     -> [L=6] n_obs=0 | Base NSE=nan, DA NSE=nan | Base KGE=nan, DA KGE=nan
2026-07-28 12:57:14 [INFO]     [DEBUG L=7] df_b_base rows=5, valid_dates count=5
2026-07-28 12:57:14 [INFO]     [L=7] obs_q: [0. 0. 0. 0. 0.], q_da_seq: [nan nan nan nan nan]
2026-07-28 12:57:14 [INFO]     -> [L=7] n_obs=0 | Base NSE=nan, DA NSE=nan | Base KGE=nan, DA KGE=nan
2026-07-28 12:57:14 [WARNING]   [CHECK WARNING] Basin camels_11253310 returned NaN metrics! (Check streamflow observation data)
2026-07-28 12:57:14 [INFO] 
======================================================================
2026-07-28 12:57:14 [INFO]  Running Parameter Set: Config_B_LR0.05_Ep15_W7_Bg1e-6
2026-07-28 12:57:14 [INFO]  (LR=0.05, Epochs=15, Window=7d, BgWeight=1e-06, Gap=1d)
2026-07-28 12:57:14 [INFO] ======================================================================
2026-07-28 12:57:14 [INFO]  Processing Basin [1/2]: camels_02016000
2026-07-28 12:57:14 [INFO]     [Basin camels_02016000] Month: 2014-01
2026-07-28 12:57:17 [INFO]     [DEBUG] Basin camels_02016000: df_base total rows=35, ds_date_strs count=26662
2026-07-28 12:57:17 [INFO]     [DEBUG L=1] df_b_base rows=5, valid_dates count=5
2026-07-28 12:57:17 [INFO]     [L=1] obs_q: [2.04 1.68 1.27 1.05 1.  ], q_da_seq: [nan nan nan nan nan]
2026-07-28 12:57:17 [INFO]     -> [L=1] n_obs=0 | Base NSE=nan, DA NSE=nan | Base KGE=nan, DA KGE=nan
2026-07-28 12:57:17 [INFO]     [DEBUG L=2] df_b_base rows=5, valid_dates count=5
2026-07-28 12:57:17 [INFO]     [L=2] obs_q: [1.68 1.27 1.05 1.   0.86], q_da_seq: [nan nan nan nan nan]
2026-07-28 12:57:17 [INFO]     -> [L=2] n_obs=0 | Base NSE=nan, DA NSE=nan | Base KGE=nan, DA KGE=nan
2026-07-28 12:57:17 [INFO]     [DEBUG L=3] df_b_base rows=5, valid_dates count=5
2026-07-28 12:57:17 [INFO]     [L=3] obs_q: [1.27 1.05 1.   0.86 0.63], q_da_seq: [nan nan nan nan nan]
2026-07-28 12:57:17 [INFO]     -> [L=3] n_obs=0 | Base NSE=nan, DA NSE=nan | Base KGE=nan, DA KGE=nan
2026-07-28 12:57:17 [INFO]     [DEBUG L=4] df_b_base rows=5, valid_dates count=5
2026-07-28 12:57:17 [INFO]     [L=4] obs_q: [1.05 1.   0.86 0.63 0.78], q_da_seq: [nan nan nan nan nan]
2026-07-28 12:57:17 [INFO]     -> [L=4] n_obs=0 | Base NSE=nan, DA NSE=nan | Base KGE=nan, DA KGE=nan
2026-07-28 12:57:17 [INFO]     [DEBUG L=5] df_b_base rows=5, valid_dates count=5
2026-07-28 12:57:17 [INFO]     [L=5] obs_q: [1.   0.86 0.63 0.78 0.82], q_da_seq: [nan nan nan nan nan]
2026-07-28 12:57:17 [INFO]     -> [L=5] n_obs=0 | Base NSE=nan, DA NSE=nan | Base KGE=nan, DA KGE=nan
2026-07-28 12:57:17 [INFO]     [DEBUG L=6] df_b_base rows=5, valid_dates count=5
2026-07-28 12:57:17 [INFO]     [L=6] obs_q: [0.86 0.63 0.78 0.82 1.26], q_da_seq: [nan nan nan nan nan]
2026-07-28 12:57:17 [INFO]     -> [L=6] n_obs=0 | Base NSE=nan, DA NSE=nan | Base KGE=nan, DA KGE=nan
2026-07-28 12:57:17 [INFO]     [DEBUG L=7] df_b_base rows=5, valid_dates count=5
2026-07-28 12:57:17 [INFO]     [L=7] obs_q: [0.63 0.78 0.82 1.26 2.81], q_da_seq: [nan nan nan nan nan]
2026-07-28 12:57:17 [INFO]     -> [L=7] n_obs=0 | Base NSE=nan, DA NSE=nan | Base KGE=nan, DA KGE=nan
2026-07-28 12:57:17 [WARNING]   [CHECK WARNING] Basin camels_02016000 returned NaN metrics! (Check streamflow observation data)
2026-07-28 12:57:17 [INFO]  Processing Basin [2/2]: camels_11253310
2026-07-28 12:57:17 [INFO]     [Basin camels_11253310] Month: 2014-01
2026-07-28 12:57:21 [INFO]     [DEBUG] Basin camels_11253310: df_base total rows=35, ds_date_strs count=26662
2026-07-28 12:57:21 [INFO]     [DEBUG L=1] df_b_base rows=5, valid_dates count=5
2026-07-28 12:57:21 [INFO]     [L=1] obs_q: [0. 0. 0. 0. 0.], q_da_seq: [nan nan nan nan nan]
2026-07-28 12:57:21 [INFO]     -> [L=1] n_obs=0 | Base NSE=nan, DA NSE=nan | Base KGE=nan, DA KGE=nan
2026-07-28 12:57:21 [INFO]     [DEBUG L=2] df_b_base rows=5, valid_dates count=5
2026-07-28 12:57:21 [INFO]     [L=2] obs_q: [0. 0. 0. 0. 0.], q_da_seq: [nan nan nan nan nan]
2026-07-28 12:57:21 [INFO]     -> [L=2] n_obs=0 | Base NSE=nan, DA NSE=nan | Base KGE=nan, DA KGE=nan
2026-07-28 12:57:21 [INFO]     [DEBUG L=3] df_b_base rows=5, valid_dates count=5
2026-07-28 12:57:21 [INFO]     [L=3] obs_q: [0. 0. 0. 0. 0.], q_da_seq: [nan nan nan nan nan]
2026-07-28 12:57:21 [INFO]     -> [L=3] n_obs=0 | Base NSE=nan, DA NSE=nan | Base KGE=nan, DA KGE=nan
2026-07-28 12:57:21 [INFO]     [DEBUG L=4] df_b_base rows=5, valid_dates count=5
2026-07-28 12:57:21 [INFO]     [L=4] obs_q: [0. 0. 0. 0. 0.], q_da_seq: [nan nan nan nan nan]
2026-07-28 12:57:21 [INFO]     -> [L=4] n_obs=0 | Base NSE=nan, DA NSE=nan | Base KGE=nan, DA KGE=nan
2026-07-28 12:57:21 [INFO]     [DEBUG L=5] df_b_base rows=5, valid_dates count=5
2026-07-28 12:57:21 [INFO]     [L=5] obs_q: [0. 0. 0. 0. 0.], q_da_seq: [nan nan nan nan nan]
2026-07-28 12:57:21 [INFO]     -> [L=5] n_obs=0 | Base NSE=nan, DA NSE=nan | Base KGE=nan, DA KGE=nan
2026-07-28 12:57:21 [INFO]     [DEBUG L=6] df_b_base rows=5, valid_dates count=5
2026-07-28 12:57:21 [INFO]     [L=6] obs_q: [0. 0. 0. 0. 0.], q_da_seq: [nan nan nan nan nan]
2026-07-28 12:57:21 [INFO]     -> [L=6] n_obs=0 | Base NSE=nan, DA NSE=nan | Base KGE=nan, DA KGE=nan
2026-07-28 12:57:21 [INFO]     [DEBUG L=7] df_b_base rows=5, valid_dates count=5
2026-07-28 12:57:21 [INFO]     [L=7] obs_q: [0. 0. 0. 0. 0.], q_da_seq: [nan nan nan nan nan]
2026-07-28 12:57:21 [INFO]     -> [L=7] n_obs=0 | Base NSE=nan, DA NSE=nan | Base KGE=nan, DA KGE=nan
2026-07-28 12:57:21 [WARNING]   [CHECK WARNING] Basin camels_11253310 returned NaN metrics! (Check streamflow observation data)
2026-07-28 12:57:21 [INFO] 
======================================================================
2026-07-28 12:57:21 [INFO]  Running Parameter Set: Config_C_LR0.1_Ep10_W7_Bg1e-5
2026-07-28 12:57:21 [INFO]  (LR=0.1, Epochs=10, Window=7d, BgWeight=1e-05, Gap=1d)
2026-07-28 12:57:21 [INFO] ======================================================================
2026-07-28 12:57:21 [INFO]  Processing Basin [1/2]: camels_02016000
2026-07-28 12:57:21 [INFO]     [Basin camels_02016000] Month: 2014-01
2026-07-28 12:57:24 [INFO]     [DEBUG] Basin camels_02016000: df_base total rows=35, ds_date_strs count=26662
2026-07-28 12:57:24 [INFO]     [DEBUG L=1] df_b_base rows=5, valid_dates count=5
2026-07-28 12:57:24 [INFO]     [L=1] obs_q: [2.04 1.68 1.27 1.05 1.  ], q_da_seq: [nan nan nan nan nan]
2026-07-28 12:57:24 [INFO]     -> [L=1] n_obs=0 | Base NSE=nan, DA NSE=nan | Base KGE=nan, DA KGE=nan
2026-07-28 12:57:24 [INFO]     [DEBUG L=2] df_b_base rows=5, valid_dates count=5
2026-07-28 12:57:24 [INFO]     [L=2] obs_q: [1.68 1.27 1.05 1.   0.86], q_da_seq: [nan nan nan nan nan]
2026-07-28 12:57:24 [INFO]     -> [L=2] n_obs=0 | Base NSE=nan, DA NSE=nan | Base KGE=nan, DA KGE=nan
2026-07-28 12:57:24 [INFO]     [DEBUG L=3] df_b_base rows=5, valid_dates count=5
2026-07-28 12:57:24 [INFO]     [L=3] obs_q: [1.27 1.05 1.   0.86 0.63], q_da_seq: [nan nan nan nan nan]
2026-07-28 12:57:24 [INFO]     -> [L=3] n_obs=0 | Base NSE=nan, DA NSE=nan | Base KGE=nan, DA KGE=nan
2026-07-28 12:57:24 [INFO]     [DEBUG L=4] df_b_base rows=5, valid_dates count=5
2026-07-28 12:57:24 [INFO]     [L=4] obs_q: [1.05 1.   0.86 0.63 0.78], q_da_seq: [nan nan nan nan nan]
2026-07-28 12:57:24 [INFO]     -> [L=4] n_obs=0 | Base NSE=nan, DA NSE=nan | Base KGE=nan, DA KGE=nan
2026-07-28 12:57:24 [INFO]     [DEBUG L=5] df_b_base rows=5, valid_dates count=5
2026-07-28 12:57:24 [INFO]     [L=5] obs_q: [1.   0.86 0.63 0.78 0.82], q_da_seq: [nan nan nan nan nan]
2026-07-28 12:57:24 [INFO]     -> [L=5] n_obs=0 | Base NSE=nan, DA NSE=nan | Base KGE=nan, DA KGE=nan
2026-07-28 12:57:24 [INFO]     [DEBUG L=6] df_b_base rows=5, valid_dates count=5
2026-07-28 12:57:24 [INFO]     [L=6] obs_q: [0.86 0.63 0.78 0.82 1.26], q_da_seq: [nan nan nan nan nan]
2026-07-28 12:57:24 [INFO]     -> [L=6] n_obs=0 | Base NSE=nan, DA NSE=nan | Base KGE=nan, DA KGE=nan
2026-07-28 12:57:24 [INFO]     [DEBUG L=7] df_b_base rows=5, valid_dates count=5
2026-07-28 12:57:24 [INFO]     [L=7] obs_q: [0.63 0.78 0.82 1.26 2.81], q_da_seq: [nan nan nan nan nan]
2026-07-28 12:57:24 [INFO]     -> [L=7] n_obs=0 | Base NSE=nan, DA NSE=nan | Base KGE=nan, DA KGE=nan
2026-07-28 12:57:24 [WARNING]   [CHECK WARNING] Basin camels_02016000 returned NaN metrics! (Check streamflow observation data)
2026-07-28 12:57:24 [INFO]  Processing Basin [2/2]: camels_11253310
2026-07-28 12:57:24 [INFO]     [Basin camels_11253310] Month: 2014-01
2026-07-28 12:57:27 [INFO]     [DEBUG] Basin camels_11253310: df_base total rows=35, ds_date_strs count=26662
2026-07-28 12:57:27 [INFO]     [DEBUG L=1] df_b_base rows=5, valid_dates count=5
2026-07-28 12:57:27 [INFO]     [L=1] obs_q: [0. 0. 0. 0. 0.], q_da_seq: [nan nan nan nan nan]
2026-07-28 12:57:27 [INFO]     -> [L=1] n_obs=0 | Base NSE=nan, DA NSE=nan | Base KGE=nan, DA KGE=nan
2026-07-28 12:57:27 [INFO]     [DEBUG L=2] df_b_base rows=5, valid_dates count=5
2026-07-28 12:57:27 [INFO]     [L=2] obs_q: [0. 0. 0. 0. 0.], q_da_seq: [nan nan nan nan nan]
2026-07-28 12:57:27 [INFO]     -> [L=2] n_obs=0 | Base NSE=nan, DA NSE=nan | Base KGE=nan, DA KGE=nan
2026-07-28 12:57:27 [INFO]     [DEBUG L=3] df_b_base rows=5, valid_dates count=5
2026-07-28 12:57:27 [INFO]     [L=3] obs_q: [0. 0. 0. 0. 0.], q_da_seq: [nan nan nan nan nan]
2026-07-28 12:57:27 [INFO]     -> [L=3] n_obs=0 | Base NSE=nan, DA NSE=nan | Base KGE=nan, DA KGE=nan
2026-07-28 12:57:27 [INFO]     [DEBUG L=4] df_b_base rows=5, valid_dates count=5
2026-07-28 12:57:27 [INFO]     [L=4] obs_q: [0. 0. 0. 0. 0.], q_da_seq: [nan nan nan nan nan]
2026-07-28 12:57:27 [INFO]     -> [L=4] n_obs=0 | Base NSE=nan, DA NSE=nan | Base KGE=nan, DA KGE=nan
2026-07-28 12:57:27 [INFO]     [DEBUG L=5] df_b_base rows=5, valid_dates count=5
2026-07-28 12:57:27 [INFO]     [L=5] obs_q: [0. 0. 0. 0. 0.], q_da_seq: [nan nan nan nan nan]
2026-07-28 12:57:27 [INFO]     -> [L=5] n_obs=0 | Base NSE=nan, DA NSE=nan | Base KGE=nan, DA KGE=nan
2026-07-28 12:57:27 [INFO]     [DEBUG L=6] df_b_base rows=5, valid_dates count=5
2026-07-28 12:57:27 [INFO]     [L=6] obs_q: [0. 0. 0. 0. 0.], q_da_seq: [nan nan nan nan nan]
2026-07-28 12:57:27 [INFO]     -> [L=6] n_obs=0 | Base NSE=nan, DA NSE=nan | Base KGE=nan, DA KGE=nan
2026-07-28 12:57:27 [INFO]     [DEBUG L=7] df_b_base rows=5, valid_dates count=5
2026-07-28 12:57:27 [INFO]     [L=7] obs_q: [0. 0. 0. 0. 0.], q_da_seq: [nan nan nan nan nan]
2026-07-28 12:57:27 [INFO]     -> [L=7] n_obs=0 | Base NSE=nan, DA NSE=nan | Base KGE=nan, DA KGE=nan
2026-07-28 12:57:27 [WARNING]   [CHECK WARNING] Basin camels_11253310 returned NaN metrics! (Check streamflow observation data)
2026-07-28 12:57:27 [INFO] 
======================================================================
2026-07-28 12:57:27 [INFO]  Running Parameter Set: Config_D_LR0.05_Ep20_W7_Bg1e-5
2026-07-28 12:57:27 [INFO]  (LR=0.05, Epochs=20, Window=7d, BgWeight=1e-05, Gap=1d)
2026-07-28 12:57:27 [INFO] ======================================================================
2026-07-28 12:57:27 [INFO]  Processing Basin [1/2]: camels_02016000
2026-07-28 12:57:27 [INFO]     [Basin camels_02016000] Month: 2014-01
2026-07-28 12:57:31 [INFO]     [DEBUG] Basin camels_02016000: df_base total rows=35, ds_date_strs count=26662
2026-07-28 12:57:31 [INFO]     [DEBUG L=1] df_b_base rows=5, valid_dates count=5
2026-07-28 12:57:31 [INFO]     [L=1] obs_q: [2.04 1.68 1.27 1.05 1.  ], q_da_seq: [nan nan nan nan nan]
2026-07-28 12:57:31 [INFO]     -> [L=1] n_obs=0 | Base NSE=nan, DA NSE=nan | Base KGE=nan, DA KGE=nan
2026-07-28 12:57:31 [INFO]     [DEBUG L=2] df_b_base rows=5, valid_dates count=5
2026-07-28 12:57:31 [INFO]     [L=2] obs_q: [1.68 1.27 1.05 1.   0.86], q_da_seq: [nan nan nan nan nan]
2026-07-28 12:57:31 [INFO]     -> [L=2] n_obs=0 | Base NSE=nan, DA NSE=nan | Base KGE=nan, DA KGE=nan
2026-07-28 12:57:31 [INFO]     [DEBUG L=3] df_b_base rows=5, valid_dates count=5
2026-07-28 12:57:31 [INFO]     [L=3] obs_q: [1.27 1.05 1.   0.86 0.63], q_da_seq: [nan nan nan nan nan]
2026-07-28 12:57:31 [INFO]     -> [L=3] n_obs=0 | Base NSE=nan, DA NSE=nan | Base KGE=nan, DA KGE=nan
2026-07-28 12:57:31 [INFO]     [DEBUG L=4] df_b_base rows=5, valid_dates count=5
2026-07-28 12:57:31 [INFO]     [L=4] obs_q: [1.05 1.   0.86 0.63 0.78], q_da_seq: [nan nan nan nan nan]
2026-07-28 12:57:31 [INFO]     -> [L=4] n_obs=0 | Base NSE=nan, DA NSE=nan | Base KGE=nan, DA KGE=nan
2026-07-28 12:57:31 [INFO]     [DEBUG L=5] df_b_base rows=5, valid_dates count=5
2026-07-28 12:57:31 [INFO]     [L=5] obs_q: [1.   0.86 0.63 0.78 0.82], q_da_seq: [nan nan nan nan nan]
2026-07-28 12:57:31 [INFO]     -> [L=5] n_obs=0 | Base NSE=nan, DA NSE=nan | Base KGE=nan, DA KGE=nan
2026-07-28 12:57:31 [INFO]     [DEBUG L=6] df_b_base rows=5, valid_dates count=5
2026-07-28 12:57:31 [INFO]     [L=6] obs_q: [0.86 0.63 0.78 0.82 1.26], q_da_seq: [nan nan nan nan nan]
2026-07-28 12:57:31 [INFO]     -> [L=6] n_obs=0 | Base NSE=nan, DA NSE=nan | Base KGE=nan, DA KGE=nan
2026-07-28 12:57:31 [INFO]     [DEBUG L=7] df_b_base rows=5, valid_dates count=5
2026-07-28 12:57:31 [INFO]     [L=7] obs_q: [0.63 0.78 0.82 1.26 2.81], q_da_seq: [nan nan nan nan nan]
2026-07-28 12:57:31 [INFO]     -> [L=7] n_obs=0 | Base NSE=nan, DA NSE=nan | Base KGE=nan, DA KGE=nan
2026-07-28 12:57:31 [WARNING]   [CHECK WARNING] Basin camels_02016000 returned NaN metrics! (Check streamflow observation data)
2026-07-28 12:57:31 [INFO]  Processing Basin [2/2]: camels_11253310
2026-07-28 12:57:31 [INFO]     [Basin camels_11253310] Month: 2014-01
2026-07-28 12:57:34 [INFO]     [DEBUG] Basin camels_11253310: df_base total rows=35, ds_date_strs count=26662
2026-07-28 12:57:34 [INFO]     [DEBUG L=1] df_b_base rows=5, valid_dates count=5
2026-07-28 12:57:34 [INFO]     [L=1] obs_q: [0. 0. 0. 0. 0.], q_da_seq: [nan nan nan nan nan]
2026-07-28 12:57:34 [INFO]     -> [L=1] n_obs=0 | Base NSE=nan, DA NSE=nan | Base KGE=nan, DA KGE=nan
2026-07-28 12:57:34 [INFO]     [DEBUG L=2] df_b_base rows=5, valid_dates count=5
2026-07-28 12:57:34 [INFO]     [L=2] obs_q: [0. 0. 0. 0. 0.], q_da_seq: [nan nan nan nan nan]
2026-07-28 12:57:34 [INFO]     -> [L=2] n_obs=0 | Base NSE=nan, DA NSE=nan | Base KGE=nan, DA KGE=nan
2026-07-28 12:57:34 [INFO]     [DEBUG L=3] df_b_base rows=5, valid_dates count=5
2026-07-28 12:57:34 [INFO]     [L=3] obs_q: [0. 0. 0. 0. 0.], q_da_seq: [nan nan nan nan nan]
2026-07-28 12:57:34 [INFO]     -> [L=3] n_obs=0 | Base NSE=nan, DA NSE=nan | Base KGE=nan, DA KGE=nan
2026-07-28 12:57:34 [INFO]     [DEBUG L=4] df_b_base rows=5, valid_dates count=5
2026-07-28 12:57:34 [INFO]     [L=4] obs_q: [0. 0. 0. 0. 0.], q_da_seq: [nan nan nan nan nan]
2026-07-28 12:57:34 [INFO]     -> [L=4] n_obs=0 | Base NSE=nan, DA NSE=nan | Base KGE=nan, DA KGE=nan
2026-07-28 12:57:34 [INFO]     [DEBUG L=5] df_b_base rows=5, valid_dates count=5
2026-07-28 12:57:34 [INFO]     [L=5] obs_q: [0. 0. 0. 0. 0.], q_da_seq: [nan nan nan nan nan]
2026-07-28 12:57:34 [INFO]     -> [L=5] n_obs=0 | Base NSE=nan, DA NSE=nan | Base KGE=nan, DA KGE=nan
2026-07-28 12:57:34 [INFO]     [DEBUG L=6] df_b_base rows=5, valid_dates count=5
2026-07-28 12:57:34 [INFO]     [L=6] obs_q: [0. 0. 0. 0. 0.], q_da_seq: [nan nan nan nan nan]
2026-07-28 12:57:34 [INFO]     -> [L=6] n_obs=0 | Base NSE=nan, DA NSE=nan | Base KGE=nan, DA KGE=nan
2026-07-28 12:57:34 [INFO]     [DEBUG L=7] df_b_base rows=5, valid_dates count=5
2026-07-28 12:57:34 [INFO]     [L=7] obs_q: [0. 0. 0. 0. 0.], q_da_seq: [nan nan nan nan nan]
2026-07-28 12:57:34 [INFO]     -> [L=7] n_obs=0 | Base NSE=nan, DA NSE=nan | Base KGE=nan, DA KGE=nan
2026-07-28 12:57:34 [WARNING]   [CHECK WARNING] Basin camels_11253310 returned NaN metrics! (Check streamflow observation data)
2026-07-28 12:57:34 [INFO] 
Saved detailed metrics CSV: /usr/local/google/home/kruparell/flood-forecasting/tutorial/notebooks/large_scale_param_selection_results/detailed_basin_parameter_eval.csv
2026-07-28 12:57:34 [INFO] 
======================================================================
2026-07-28 12:57:34 [INFO]  AGGREGATE PARAMETER SELECTION & RANKING SUMMARY                      
2026-07-28 12:57:34 [INFO] ======================================================================
2026-07-28 12:57:34 [INFO] 
--- Mean Metrics by Config ID and Lead Time ---
                     Config ID  Lead Time (Days)  Base NSE  DA NSE  NSE Delta  Base KGE  DA KGE  KGE Delta
 Config_A_LR0.1_Ep10_W7_Bg1e-6                 1       NaN     NaN        NaN       NaN     NaN        NaN
 Config_A_LR0.1_Ep10_W7_Bg1e-6                 2       NaN     NaN        NaN       NaN     NaN        NaN
 Config_A_LR0.1_Ep10_W7_Bg1e-6                 3       NaN     NaN        NaN       NaN     NaN        NaN
 Config_A_LR0.1_Ep10_W7_Bg1e-6                 4       NaN     NaN        NaN       NaN     NaN        NaN
 Config_A_LR0.1_Ep10_W7_Bg1e-6                 5       NaN     NaN        NaN       NaN     NaN        NaN
 Config_A_LR0.1_Ep10_W7_Bg1e-6                 6       NaN     NaN        NaN       NaN     NaN        NaN
 Config_A_LR0.1_Ep10_W7_Bg1e-6                 7       NaN     NaN        NaN       NaN     NaN        NaN
Config_B_LR0.05_Ep15_W7_Bg1e-6                 1       NaN     NaN        NaN       NaN     NaN        NaN
Config_B_LR0.05_Ep15_W7_Bg1e-6                 2       NaN     NaN        NaN       NaN     NaN        NaN
Config_B_LR0.05_Ep15_W7_Bg1e-6                 3       NaN     NaN        NaN       NaN     NaN        NaN
Config_B_LR0.05_Ep15_W7_Bg1e-6                 4       NaN     NaN        NaN       NaN     NaN        NaN
Config_B_LR0.05_Ep15_W7_Bg1e-6                 5       NaN     NaN        NaN       NaN     NaN        NaN
Config_B_LR0.05_Ep15_W7_Bg1e-6                 6       NaN     NaN        NaN       NaN     NaN        NaN
Config_B_LR0.05_Ep15_W7_Bg1e-6                 7       NaN     NaN        NaN       NaN     NaN        NaN
 Config_C_LR0.1_Ep10_W7_Bg1e-5                 1       NaN     NaN        NaN       NaN     NaN        NaN
 Config_C_LR0.1_Ep10_W7_Bg1e-5                 2       NaN     NaN        NaN       NaN     NaN        NaN
 Config_C_LR0.1_Ep10_W7_Bg1e-5                 3       NaN     NaN        NaN       NaN     NaN        NaN
 Config_C_LR0.1_Ep10_W7_Bg1e-5                 4       NaN     NaN        NaN       NaN     NaN        NaN
 Config_C_LR0.1_Ep10_W7_Bg1e-5                 5       NaN     NaN        NaN       NaN     NaN        NaN
 Config_C_LR0.1_Ep10_W7_Bg1e-5                 6       NaN     NaN        NaN       NaN     NaN        NaN
 Config_C_LR0.1_Ep10_W7_Bg1e-5                 7       NaN     NaN        NaN       NaN     NaN        NaN
Config_D_LR0.05_Ep20_W7_Bg1e-5                 1       NaN     NaN        NaN       NaN     NaN        NaN
Config_D_LR0.05_Ep20_W7_Bg1e-5                 2       NaN     NaN        NaN       NaN     NaN        NaN
Config_D_LR0.05_Ep20_W7_Bg1e-5                 3       NaN     NaN        NaN       NaN     NaN        NaN
Config_D_LR0.05_Ep20_W7_Bg1e-5                 4       NaN     NaN        NaN       NaN     NaN        NaN
Config_D_LR0.05_Ep20_W7_Bg1e-5                 5       NaN     NaN        NaN       NaN     NaN        NaN
Config_D_LR0.05_Ep20_W7_Bg1e-5                 6       NaN     NaN        NaN       NaN     NaN        NaN
Config_D_LR0.05_Ep20_W7_Bg1e-5                 7       NaN     NaN        NaN       NaN     NaN        NaN
2026-07-28 12:57:34 [INFO] 
--- Overall Parameter Config Rankings (Ranked by Average DA NSE) ---
                     Config ID  Base NSE  DA NSE  NSE Delta  Base KGE  DA KGE  KGE Delta
 Config_A_LR0.1_Ep10_W7_Bg1e-6       NaN     NaN        NaN       NaN     NaN        NaN
Config_B_LR0.05_Ep15_W7_Bg1e-6       NaN     NaN        NaN       NaN     NaN        NaN
 Config_C_LR0.1_Ep10_W7_Bg1e-5       NaN     NaN        NaN       NaN     NaN        NaN
Config_D_LR0.05_Ep20_W7_Bg1e-5       NaN     NaN        NaN       NaN     NaN        NaN
2026-07-28 12:57:34 [INFO] 
--- Best Performing Parameter Config for EACH Lead Time (1..7 Days) ---
 Lead Time (Days) Best Config ID  Mean DA NSE  Mean NSE Delta  Mean DA KGE  Mean KGE Delta
                1 N/A (All NaNs)          NaN             NaN          NaN             NaN
                2 N/A (All NaNs)          NaN             NaN          NaN             NaN
                3 N/A (All NaNs)          NaN             NaN          NaN             NaN
                4 N/A (All NaNs)          NaN             NaN          NaN             NaN
                5 N/A (All NaNs)          NaN             NaN          NaN             NaN
                6 N/A (All NaNs)          NaN             NaN          NaN             NaN
                7 N/A (All NaNs)          NaN             NaN          NaN             NaN
2026-07-28 12:57:34 [INFO] 
======================================================================
2026-07-28 12:57:34 [INFO] Large-scale parameter selection pipeline completed successfully!
2026-07-28 12:57:34 [INFO] All summary reports saved in: /usr/local/google/home/kruparell/flood-forecasting/tutorial/notebooks/large_scale_param_selection_results
2026-07-28 12:57:34 [INFO] ======================================================================
2026-07-28 12:59:00 [INFO] ======================================================================
2026-07-28 12:59:00 [INFO]  Large-Scale DA Parameter Selection Pipeline across Cloudtop Caravans 
2026-07-28 12:59:00 [INFO] ======================================================================
2026-07-28 12:59:00 [INFO] Hardware Compute Device: cpu
2026-07-28 12:59:00 [INFO] Full Caravans Path: /usr/local/google/home/kruparell/Caravans/Caravan-nc
2026-07-28 12:59:00 [INFO] Evaluation Date Range: 2014-01-01 to 2014-01-05 (freq='D')
2026-07-28 12:59:00 [INFO] Target Lead Times: [1, 2, 3, 4, 5, 6, 7]
2026-07-28 12:59:00 [INFO] Log File Location: /usr/local/google/home/kruparell/flood-forecasting/tutorial/notebooks/large_scale_param_selection_results/large_scale_param_selection.log
2026-07-28 12:59:00 [INFO] Loaded 2 basins from 50-basin-train.txt (NUM_BASINS=2, Seed=42).
2026-07-28 12:59:00 [INFO] Testing 4 Parameter Sets: ['Config_A_LR0.1_Ep10_W7_Bg1e-6', 'Config_B_LR0.05_Ep15_W7_Bg1e-6', 'Config_C_LR0.1_Ep10_W7_Bg1e-5', 'Config_D_LR0.05_Ep20_W7_Bg1e-5']

2026-07-28 12:59:01 [INFO] Pretrained Model loaded successfully on device [cpu]: MeanEmbeddingForecastLSTM
2026-07-28 12:59:02 [INFO] Generated 5 issue dates: ['2014-01-01', '2014-01-02', '2014-01-03', '2014-01-04', '2014-01-05']
2026-07-28 12:59:02 [INFO] 
======================================================================
2026-07-28 12:59:02 [INFO]  Running Parameter Set: Config_A_LR0.1_Ep10_W7_Bg1e-6
2026-07-28 12:59:02 [INFO]  (LR=0.1, Epochs=10, Window=7d, BgWeight=1e-06, Gap=1d)
2026-07-28 12:59:02 [INFO] ======================================================================
2026-07-28 12:59:02 [INFO]  Processing Basin [1/2]: camels_02016000
2026-07-28 12:59:02 [INFO]     [Basin camels_02016000] Month: 2014-01
2026-07-28 12:59:03 [INFO]     [DEBUG dt=2014-01-01] q_base_7: [nan nan nan], q_da_7: [nan nan nan]
2026-07-28 12:59:03 [INFO]     [DEBUG dt=2014-01-02] q_base_7: [nan nan nan], q_da_7: [nan nan nan]
2026-07-28 12:59:04 [INFO]     [DEBUG dt=2014-01-03] q_base_7: [nan nan nan], q_da_7: [nan nan nan]
2026-07-28 12:59:05 [INFO]     [DEBUG dt=2014-01-04] q_base_7: [nan nan nan], q_da_7: [nan nan nan]
2026-07-28 12:59:05 [INFO]     [DEBUG dt=2014-01-05] q_base_7: [nan nan nan], q_da_7: [nan nan nan]
2026-07-28 12:59:05 [INFO]     [DEBUG] Basin camels_02016000: df_base total rows=35, ds_date_strs count=26662
2026-07-28 12:59:05 [INFO]     [DEBUG L=1] df_b_base rows=5, valid_dates count=5
2026-07-28 12:59:05 [INFO]     [L=1] obs_q: [2.04 1.68 1.27 1.05 1.  ], q_da_seq: [nan nan nan nan nan]
2026-07-28 12:59:05 [INFO]     -> [L=1] n_obs=0 | Base NSE=nan, DA NSE=nan | Base KGE=nan, DA KGE=nan
2026-07-28 12:59:05 [INFO]     [DEBUG L=2] df_b_base rows=5, valid_dates count=5
2026-07-28 12:59:05 [INFO]     [L=2] obs_q: [1.68 1.27 1.05 1.   0.86], q_da_seq: [nan nan nan nan nan]
2026-07-28 12:59:05 [INFO]     -> [L=2] n_obs=0 | Base NSE=nan, DA NSE=nan | Base KGE=nan, DA KGE=nan
2026-07-28 12:59:05 [INFO]     [DEBUG L=3] df_b_base rows=5, valid_dates count=5
2026-07-28 12:59:05 [INFO]     [L=3] obs_q: [1.27 1.05 1.   0.86 0.63], q_da_seq: [nan nan nan nan nan]
2026-07-28 12:59:05 [INFO]     -> [L=3] n_obs=0 | Base NSE=nan, DA NSE=nan | Base KGE=nan, DA KGE=nan
2026-07-28 12:59:05 [INFO]     [DEBUG L=4] df_b_base rows=5, valid_dates count=5
2026-07-28 12:59:05 [INFO]     [L=4] obs_q: [1.05 1.   0.86 0.63 0.78], q_da_seq: [nan nan nan nan nan]
2026-07-28 12:59:05 [INFO]     -> [L=4] n_obs=0 | Base NSE=nan, DA NSE=nan | Base KGE=nan, DA KGE=nan
2026-07-28 12:59:05 [INFO]     [DEBUG L=5] df_b_base rows=5, valid_dates count=5
2026-07-28 12:59:05 [INFO]     [L=5] obs_q: [1.   0.86 0.63 0.78 0.82], q_da_seq: [nan nan nan nan nan]
2026-07-28 12:59:05 [INFO]     -> [L=5] n_obs=0 | Base NSE=nan, DA NSE=nan | Base KGE=nan, DA KGE=nan
2026-07-28 12:59:05 [INFO]     [DEBUG L=6] df_b_base rows=5, valid_dates count=5
2026-07-28 12:59:05 [INFO]     [L=6] obs_q: [0.86 0.63 0.78 0.82 1.26], q_da_seq: [nan nan nan nan nan]
2026-07-28 12:59:05 [INFO]     -> [L=6] n_obs=0 | Base NSE=nan, DA NSE=nan | Base KGE=nan, DA KGE=nan
2026-07-28 12:59:05 [INFO]     [DEBUG L=7] df_b_base rows=5, valid_dates count=5
2026-07-28 12:59:05 [INFO]     [L=7] obs_q: [0.63 0.78 0.82 1.26 2.81], q_da_seq: [nan nan nan nan nan]
2026-07-28 12:59:05 [INFO]     -> [L=7] n_obs=0 | Base NSE=nan, DA NSE=nan | Base KGE=nan, DA KGE=nan
2026-07-28 12:59:05 [WARNING]   [CHECK WARNING] Basin camels_02016000 returned NaN metrics! (Check streamflow observation data)
2026-07-28 12:59:05 [INFO]  Processing Basin [2/2]: camels_11253310
2026-07-28 12:59:05 [INFO]     [Basin camels_11253310] Month: 2014-01
2026-07-28 12:59:06 [INFO]     [DEBUG dt=2014-01-01] q_base_7: [nan nan nan], q_da_7: [nan nan nan]
2026-07-28 12:59:07 [INFO]     [DEBUG dt=2014-01-02] q_base_7: [nan nan nan], q_da_7: [nan nan nan]
2026-07-28 12:59:07 [INFO]     [DEBUG dt=2014-01-03] q_base_7: [nan nan nan], q_da_7: [nan nan nan]
2026-07-28 12:59:08 [INFO]     [DEBUG dt=2014-01-04] q_base_7: [nan nan nan], q_da_7: [nan nan nan]
2026-07-28 12:59:09 [INFO]     [DEBUG dt=2014-01-05] q_base_7: [nan nan nan], q_da_7: [nan nan nan]
2026-07-28 12:59:09 [INFO]     [DEBUG] Basin camels_11253310: df_base total rows=35, ds_date_strs count=26662
2026-07-28 12:59:09 [INFO]     [DEBUG L=1] df_b_base rows=5, valid_dates count=5
2026-07-28 12:59:09 [INFO]     [L=1] obs_q: [0. 0. 0. 0. 0.], q_da_seq: [nan nan nan nan nan]
2026-07-28 12:59:09 [INFO]     -> [L=1] n_obs=0 | Base NSE=nan, DA NSE=nan | Base KGE=nan, DA KGE=nan
2026-07-28 12:59:09 [INFO]     [DEBUG L=2] df_b_base rows=5, valid_dates count=5
2026-07-28 12:59:09 [INFO]     [L=2] obs_q: [0. 0. 0. 0. 0.], q_da_seq: [nan nan nan nan nan]
2026-07-28 12:59:09 [INFO]     -> [L=2] n_obs=0 | Base NSE=nan, DA NSE=nan | Base KGE=nan, DA KGE=nan
2026-07-28 12:59:09 [INFO]     [DEBUG L=3] df_b_base rows=5, valid_dates count=5
2026-07-28 12:59:09 [INFO]     [L=3] obs_q: [0. 0. 0. 0. 0.], q_da_seq: [nan nan nan nan nan]
2026-07-28 12:59:09 [INFO]     -> [L=3] n_obs=0 | Base NSE=nan, DA NSE=nan | Base KGE=nan, DA KGE=nan
2026-07-28 12:59:09 [INFO]     [DEBUG L=4] df_b_base rows=5, valid_dates count=5
2026-07-28 12:59:09 [INFO]     [L=4] obs_q: [0. 0. 0. 0. 0.], q_da_seq: [nan nan nan nan nan]
2026-07-28 12:59:09 [INFO]     -> [L=4] n_obs=0 | Base NSE=nan, DA NSE=nan | Base KGE=nan, DA KGE=nan
2026-07-28 12:59:09 [INFO]     [DEBUG L=5] df_b_base rows=5, valid_dates count=5
2026-07-28 12:59:09 [INFO]     [L=5] obs_q: [0. 0. 0. 0. 0.], q_da_seq: [nan nan nan nan nan]
2026-07-28 12:59:09 [INFO]     -> [L=5] n_obs=0 | Base NSE=nan, DA NSE=nan | Base KGE=nan, DA KGE=nan
2026-07-28 12:59:09 [INFO]     [DEBUG L=6] df_b_base rows=5, valid_dates count=5
2026-07-28 12:59:09 [INFO]     [L=6] obs_q: [0. 0. 0. 0. 0.], q_da_seq: [nan nan nan nan nan]
2026-07-28 12:59:09 [INFO]     -> [L=6] n_obs=0 | Base NSE=nan, DA NSE=nan | Base KGE=nan, DA KGE=nan
2026-07-28 12:59:09 [INFO]     [DEBUG L=7] df_b_base rows=5, valid_dates count=5
2026-07-28 12:59:09 [INFO]     [L=7] obs_q: [0. 0. 0. 0. 0.], q_da_seq: [nan nan nan nan nan]
2026-07-28 12:59:09 [INFO]     -> [L=7] n_obs=0 | Base NSE=nan, DA NSE=nan | Base KGE=nan, DA KGE=nan
2026-07-28 12:59:09 [WARNING]   [CHECK WARNING] Basin camels_11253310 returned NaN metrics! (Check streamflow observation data)
2026-07-28 12:59:09 [INFO] 
======================================================================
2026-07-28 12:59:09 [INFO]  Running Parameter Set: Config_B_LR0.05_Ep15_W7_Bg1e-6
2026-07-28 12:59:09 [INFO]  (LR=0.05, Epochs=15, Window=7d, BgWeight=1e-06, Gap=1d)
2026-07-28 12:59:09 [INFO] ======================================================================
2026-07-28 12:59:09 [INFO]  Processing Basin [1/2]: camels_02016000
2026-07-28 12:59:09 [INFO]     [Basin camels_02016000] Month: 2014-01
2026-07-28 12:59:09 [INFO]     [DEBUG dt=2014-01-01] q_base_7: [nan nan nan], q_da_7: [nan nan nan]
2026-07-28 12:59:10 [INFO]     [DEBUG dt=2014-01-02] q_base_7: [nan nan nan], q_da_7: [nan nan nan]
2026-07-28 12:59:11 [INFO]     [DEBUG dt=2014-01-03] q_base_7: [nan nan nan], q_da_7: [nan nan nan]
2026-07-28 12:59:11 [INFO]     [DEBUG dt=2014-01-04] q_base_7: [nan nan nan], q_da_7: [nan nan nan]
2026-07-28 12:59:12 [INFO]     [DEBUG dt=2014-01-05] q_base_7: [nan nan nan], q_da_7: [nan nan nan]
2026-07-28 12:59:12 [INFO]     [DEBUG] Basin camels_02016000: df_base total rows=35, ds_date_strs count=26662
2026-07-28 12:59:12 [INFO]     [DEBUG L=1] df_b_base rows=5, valid_dates count=5
2026-07-28 12:59:12 [INFO]     [L=1] obs_q: [2.04 1.68 1.27 1.05 1.  ], q_da_seq: [nan nan nan nan nan]
2026-07-28 12:59:12 [INFO]     -> [L=1] n_obs=0 | Base NSE=nan, DA NSE=nan | Base KGE=nan, DA KGE=nan
2026-07-28 12:59:12 [INFO]     [DEBUG L=2] df_b_base rows=5, valid_dates count=5
2026-07-28 12:59:12 [INFO]     [L=2] obs_q: [1.68 1.27 1.05 1.   0.86], q_da_seq: [nan nan nan nan nan]
2026-07-28 12:59:12 [INFO]     -> [L=2] n_obs=0 | Base NSE=nan, DA NSE=nan | Base KGE=nan, DA KGE=nan
2026-07-28 12:59:12 [INFO]     [DEBUG L=3] df_b_base rows=5, valid_dates count=5
2026-07-28 12:59:12 [INFO]     [L=3] obs_q: [1.27 1.05 1.   0.86 0.63], q_da_seq: [nan nan nan nan nan]
2026-07-28 12:59:12 [INFO]     -> [L=3] n_obs=0 | Base NSE=nan, DA NSE=nan | Base KGE=nan, DA KGE=nan
2026-07-28 12:59:12 [INFO]     [DEBUG L=4] df_b_base rows=5, valid_dates count=5
2026-07-28 12:59:12 [INFO]     [L=4] obs_q: [1.05 1.   0.86 0.63 0.78], q_da_seq: [nan nan nan nan nan]
2026-07-28 12:59:12 [INFO]     -> [L=4] n_obs=0 | Base NSE=nan, DA NSE=nan | Base KGE=nan, DA KGE=nan
2026-07-28 12:59:12 [INFO]     [DEBUG L=5] df_b_base rows=5, valid_dates count=5
2026-07-28 12:59:12 [INFO]     [L=5] obs_q: [1.   0.86 0.63 0.78 0.82], q_da_seq: [nan nan nan nan nan]
2026-07-28 12:59:12 [INFO]     -> [L=5] n_obs=0 | Base NSE=nan, DA NSE=nan | Base KGE=nan, DA KGE=nan
2026-07-28 12:59:12 [INFO]     [DEBUG L=6] df_b_base rows=5, valid_dates count=5
2026-07-28 12:59:12 [INFO]     [L=6] obs_q: [0.86 0.63 0.78 0.82 1.26], q_da_seq: [nan nan nan nan nan]
2026-07-28 12:59:12 [INFO]     -> [L=6] n_obs=0 | Base NSE=nan, DA NSE=nan | Base KGE=nan, DA KGE=nan
2026-07-28 12:59:12 [INFO]     [DEBUG L=7] df_b_base rows=5, valid_dates count=5
2026-07-28 12:59:12 [INFO]     [L=7] obs_q: [0.63 0.78 0.82 1.26 2.81], q_da_seq: [nan nan nan nan nan]
2026-07-28 12:59:12 [INFO]     -> [L=7] n_obs=0 | Base NSE=nan, DA NSE=nan | Base KGE=nan, DA KGE=nan
2026-07-28 12:59:12 [WARNING]   [CHECK WARNING] Basin camels_02016000 returned NaN metrics! (Check streamflow observation data)
2026-07-28 12:59:12 [INFO]  Processing Basin [2/2]: camels_11253310
2026-07-28 12:59:12 [INFO]     [Basin camels_11253310] Month: 2014-01
2026-07-28 12:59:13 [INFO]     [DEBUG dt=2014-01-01] q_base_7: [nan nan nan], q_da_7: [nan nan nan]
2026-07-28 12:59:13 [INFO]     [DEBUG dt=2014-01-02] q_base_7: [nan nan nan], q_da_7: [nan nan nan]
2026-07-28 12:59:14 [INFO]     [DEBUG dt=2014-01-03] q_base_7: [nan nan nan], q_da_7: [nan nan nan]
2026-07-28 12:59:15 [INFO]     [DEBUG dt=2014-01-04] q_base_7: [nan nan nan], q_da_7: [nan nan nan]
2026-07-28 12:59:15 [INFO]     [DEBUG dt=2014-01-05] q_base_7: [nan nan nan], q_da_7: [nan nan nan]
2026-07-28 12:59:15 [INFO]     [DEBUG] Basin camels_11253310: df_base total rows=35, ds_date_strs count=26662
2026-07-28 12:59:15 [INFO]     [DEBUG L=1] df_b_base rows=5, valid_dates count=5
2026-07-28 12:59:15 [INFO]     [L=1] obs_q: [0. 0. 0. 0. 0.], q_da_seq: [nan nan nan nan nan]
2026-07-28 12:59:15 [INFO]     -> [L=1] n_obs=0 | Base NSE=nan, DA NSE=nan | Base KGE=nan, DA KGE=nan
2026-07-28 12:59:15 [INFO]     [DEBUG L=2] df_b_base rows=5, valid_dates count=5
2026-07-28 12:59:15 [INFO]     [L=2] obs_q: [0. 0. 0. 0. 0.], q_da_seq: [nan nan nan nan nan]
2026-07-28 12:59:15 [INFO]     -> [L=2] n_obs=0 | Base NSE=nan, DA NSE=nan | Base KGE=nan, DA KGE=nan
2026-07-28 12:59:15 [INFO]     [DEBUG L=3] df_b_base rows=5, valid_dates count=5
2026-07-28 12:59:15 [INFO]     [L=3] obs_q: [0. 0. 0. 0. 0.], q_da_seq: [nan nan nan nan nan]
2026-07-28 12:59:15 [INFO]     -> [L=3] n_obs=0 | Base NSE=nan, DA NSE=nan | Base KGE=nan, DA KGE=nan
2026-07-28 12:59:15 [INFO]     [DEBUG L=4] df_b_base rows=5, valid_dates count=5
2026-07-28 12:59:15 [INFO]     [L=4] obs_q: [0. 0. 0. 0. 0.], q_da_seq: [nan nan nan nan nan]
2026-07-28 12:59:15 [INFO]     -> [L=4] n_obs=0 | Base NSE=nan, DA NSE=nan | Base KGE=nan, DA KGE=nan
2026-07-28 12:59:15 [INFO]     [DEBUG L=5] df_b_base rows=5, valid_dates count=5
2026-07-28 12:59:15 [INFO]     [L=5] obs_q: [0. 0. 0. 0. 0.], q_da_seq: [nan nan nan nan nan]
2026-07-28 12:59:15 [INFO]     -> [L=5] n_obs=0 | Base NSE=nan, DA NSE=nan | Base KGE=nan, DA KGE=nan
2026-07-28 12:59:15 [INFO]     [DEBUG L=6] df_b_base rows=5, valid_dates count=5
2026-07-28 12:59:15 [INFO]     [L=6] obs_q: [0. 0. 0. 0. 0.], q_da_seq: [nan nan nan nan nan]
2026-07-28 12:59:15 [INFO]     -> [L=6] n_obs=0 | Base NSE=nan, DA NSE=nan | Base KGE=nan, DA KGE=nan
2026-07-28 12:59:15 [INFO]     [DEBUG L=7] df_b_base rows=5, valid_dates count=5
2026-07-28 12:59:15 [INFO]     [L=7] obs_q: [0. 0. 0. 0. 0.], q_da_seq: [nan nan nan nan nan]
2026-07-28 12:59:15 [INFO]     -> [L=7] n_obs=0 | Base NSE=nan, DA NSE=nan | Base KGE=nan, DA KGE=nan
2026-07-28 12:59:15 [WARNING]   [CHECK WARNING] Basin camels_11253310 returned NaN metrics! (Check streamflow observation data)
2026-07-28 12:59:15 [INFO] 
======================================================================
2026-07-28 12:59:15 [INFO]  Running Parameter Set: Config_C_LR0.1_Ep10_W7_Bg1e-5
2026-07-28 12:59:15 [INFO]  (LR=0.1, Epochs=10, Window=7d, BgWeight=1e-05, Gap=1d)
2026-07-28 12:59:15 [INFO] ======================================================================
2026-07-28 12:59:15 [INFO]  Processing Basin [1/2]: camels_02016000
2026-07-28 12:59:15 [INFO]     [Basin camels_02016000] Month: 2014-01
2026-07-28 12:59:16 [INFO]     [DEBUG dt=2014-01-01] q_base_7: [nan nan nan], q_da_7: [nan nan nan]
2026-07-28 12:59:16 [INFO]     [DEBUG dt=2014-01-02] q_base_7: [nan nan nan], q_da_7: [nan nan nan]
2026-07-28 12:59:17 [INFO]     [DEBUG dt=2014-01-03] q_base_7: [nan nan nan], q_da_7: [nan nan nan]
2026-07-28 12:59:18 [INFO]     [DEBUG dt=2014-01-04] q_base_7: [nan nan nan], q_da_7: [nan nan nan]
2026-07-28 12:59:19 [INFO]     [DEBUG dt=2014-01-05] q_base_7: [nan nan nan], q_da_7: [nan nan nan]
2026-07-28 12:59:19 [INFO]     [DEBUG] Basin camels_02016000: df_base total rows=35, ds_date_strs count=26662
2026-07-28 12:59:19 [INFO]     [DEBUG L=1] df_b_base rows=5, valid_dates count=5
2026-07-28 12:59:19 [INFO]     [L=1] obs_q: [2.04 1.68 1.27 1.05 1.  ], q_da_seq: [nan nan nan nan nan]
2026-07-28 12:59:19 [INFO]     -> [L=1] n_obs=0 | Base NSE=nan, DA NSE=nan | Base KGE=nan, DA KGE=nan
2026-07-28 12:59:19 [INFO]     [DEBUG L=2] df_b_base rows=5, valid_dates count=5
2026-07-28 12:59:19 [INFO]     [L=2] obs_q: [1.68 1.27 1.05 1.   0.86], q_da_seq: [nan nan nan nan nan]
2026-07-28 12:59:19 [INFO]     -> [L=2] n_obs=0 | Base NSE=nan, DA NSE=nan | Base KGE=nan, DA KGE=nan
2026-07-28 12:59:19 [INFO]     [DEBUG L=3] df_b_base rows=5, valid_dates count=5
2026-07-28 12:59:19 [INFO]     [L=3] obs_q: [1.27 1.05 1.   0.86 0.63], q_da_seq: [nan nan nan nan nan]
2026-07-28 12:59:19 [INFO]     -> [L=3] n_obs=0 | Base NSE=nan, DA NSE=nan | Base KGE=nan, DA KGE=nan
2026-07-28 12:59:19 [INFO]     [DEBUG L=4] df_b_base rows=5, valid_dates count=5
2026-07-28 12:59:19 [INFO]     [L=4] obs_q: [1.05 1.   0.86 0.63 0.78], q_da_seq: [nan nan nan nan nan]
2026-07-28 12:59:19 [INFO]     -> [L=4] n_obs=0 | Base NSE=nan, DA NSE=nan | Base KGE=nan, DA KGE=nan
2026-07-28 12:59:19 [INFO]     [DEBUG L=5] df_b_base rows=5, valid_dates count=5
2026-07-28 12:59:19 [INFO]     [L=5] obs_q: [1.   0.86 0.63 0.78 0.82], q_da_seq: [nan nan nan nan nan]
2026-07-28 12:59:19 [INFO]     -> [L=5] n_obs=0 | Base NSE=nan, DA NSE=nan | Base KGE=nan, DA KGE=nan
2026-07-28 12:59:19 [INFO]     [DEBUG L=6] df_b_base rows=5, valid_dates count=5
2026-07-28 12:59:19 [INFO]     [L=6] obs_q: [0.86 0.63 0.78 0.82 1.26], q_da_seq: [nan nan nan nan nan]
2026-07-28 12:59:19 [INFO]     -> [L=6] n_obs=0 | Base NSE=nan, DA NSE=nan | Base KGE=nan, DA KGE=nan
2026-07-28 12:59:19 [INFO]     [DEBUG L=7] df_b_base rows=5, valid_dates count=5
2026-07-28 12:59:19 [INFO]     [L=7] obs_q: [0.63 0.78 0.82 1.26 2.81], q_da_seq: [nan nan nan nan nan]
2026-07-28 12:59:19 [INFO]     -> [L=7] n_obs=0 | Base NSE=nan, DA NSE=nan | Base KGE=nan, DA KGE=nan
2026-07-28 12:59:19 [WARNING]   [CHECK WARNING] Basin camels_02016000 returned NaN metrics! (Check streamflow observation data)
2026-07-28 12:59:19 [INFO]  Processing Basin [2/2]: camels_11253310
2026-07-28 12:59:19 [INFO]     [Basin camels_11253310] Month: 2014-01
2026-07-28 12:59:19 [INFO]     [DEBUG dt=2014-01-01] q_base_7: [nan nan nan], q_da_7: [nan nan nan]
2026-07-28 12:59:20 [INFO]     [DEBUG dt=2014-01-02] q_base_7: [nan nan nan], q_da_7: [nan nan nan]
2026-07-28 12:59:21 [INFO]     [DEBUG dt=2014-01-03] q_base_7: [nan nan nan], q_da_7: [nan nan nan]
2026-07-28 12:59:22 [INFO]     [DEBUG dt=2014-01-04] q_base_7: [nan nan nan], q_da_7: [nan nan nan]
2026-07-28 12:59:22 [INFO]     [DEBUG dt=2014-01-05] q_base_7: [nan nan nan], q_da_7: [nan nan nan]
2026-07-28 12:59:22 [INFO]     [DEBUG] Basin camels_11253310: df_base total rows=35, ds_date_strs count=26662
2026-07-28 12:59:22 [INFO]     [DEBUG L=1] df_b_base rows=5, valid_dates count=5
2026-07-28 12:59:22 [INFO]     [L=1] obs_q: [0. 0. 0. 0. 0.], q_da_seq: [nan nan nan nan nan]
2026-07-28 12:59:22 [INFO]     -> [L=1] n_obs=0 | Base NSE=nan, DA NSE=nan | Base KGE=nan, DA KGE=nan
2026-07-28 12:59:22 [INFO]     [DEBUG L=2] df_b_base rows=5, valid_dates count=5
2026-07-28 12:59:22 [INFO]     [L=2] obs_q: [0. 0. 0. 0. 0.], q_da_seq: [nan nan nan nan nan]
2026-07-28 12:59:22 [INFO]     -> [L=2] n_obs=0 | Base NSE=nan, DA NSE=nan | Base KGE=nan, DA KGE=nan
2026-07-28 12:59:22 [INFO]     [DEBUG L=3] df_b_base rows=5, valid_dates count=5
2026-07-28 12:59:22 [INFO]     [L=3] obs_q: [0. 0. 0. 0. 0.], q_da_seq: [nan nan nan nan nan]
2026-07-28 12:59:22 [INFO]     -> [L=3] n_obs=0 | Base NSE=nan, DA NSE=nan | Base KGE=nan, DA KGE=nan
2026-07-28 12:59:22 [INFO]     [DEBUG L=4] df_b_base rows=5, valid_dates count=5
2026-07-28 12:59:22 [INFO]     [L=4] obs_q: [0. 0. 0. 0. 0.], q_da_seq: [nan nan nan nan nan]
2026-07-28 12:59:22 [INFO]     -> [L=4] n_obs=0 | Base NSE=nan, DA NSE=nan | Base KGE=nan, DA KGE=nan
2026-07-28 12:59:22 [INFO]     [DEBUG L=5] df_b_base rows=5, valid_dates count=5
2026-07-28 12:59:22 [INFO]     [L=5] obs_q: [0. 0. 0. 0. 0.], q_da_seq: [nan nan nan nan nan]
2026-07-28 12:59:22 [INFO]     -> [L=5] n_obs=0 | Base NSE=nan, DA NSE=nan | Base KGE=nan, DA KGE=nan
2026-07-28 12:59:22 [INFO]     [DEBUG L=6] df_b_base rows=5, valid_dates count=5
2026-07-28 12:59:22 [INFO]     [L=6] obs_q: [0. 0. 0. 0. 0.], q_da_seq: [nan nan nan nan nan]
2026-07-28 12:59:22 [INFO]     -> [L=6] n_obs=0 | Base NSE=nan, DA NSE=nan | Base KGE=nan, DA KGE=nan
2026-07-28 12:59:22 [INFO]     [DEBUG L=7] df_b_base rows=5, valid_dates count=5
2026-07-28 12:59:22 [INFO]     [L=7] obs_q: [0. 0. 0. 0. 0.], q_da_seq: [nan nan nan nan nan]
2026-07-28 12:59:22 [INFO]     -> [L=7] n_obs=0 | Base NSE=nan, DA NSE=nan | Base KGE=nan, DA KGE=nan
2026-07-28 12:59:22 [WARNING]   [CHECK WARNING] Basin camels_11253310 returned NaN metrics! (Check streamflow observation data)
2026-07-28 12:59:22 [INFO] 
======================================================================
2026-07-28 12:59:22 [INFO]  Running Parameter Set: Config_D_LR0.05_Ep20_W7_Bg1e-5
2026-07-28 12:59:22 [INFO]  (LR=0.05, Epochs=20, Window=7d, BgWeight=1e-05, Gap=1d)
2026-07-28 12:59:22 [INFO] ======================================================================
2026-07-28 12:59:22 [INFO]  Processing Basin [1/2]: camels_02016000
2026-07-28 12:59:22 [INFO]     [Basin camels_02016000] Month: 2014-01
2026-07-28 12:59:23 [INFO]     [DEBUG dt=2014-01-01] q_base_7: [nan nan nan], q_da_7: [nan nan nan]
2026-07-28 12:59:24 [INFO]     [DEBUG dt=2014-01-02] q_base_7: [nan nan nan], q_da_7: [nan nan nan]
2026-07-28 12:59:24 [INFO]     [DEBUG dt=2014-01-03] q_base_7: [nan nan nan], q_da_7: [nan nan nan]
2026-07-28 12:59:25 [INFO]     [DEBUG dt=2014-01-04] q_base_7: [nan nan nan], q_da_7: [nan nan nan]
2026-07-28 12:59:26 [INFO]     [DEBUG dt=2014-01-05] q_base_7: [nan nan nan], q_da_7: [nan nan nan]
2026-07-28 12:59:26 [INFO]     [DEBUG] Basin camels_02016000: df_base total rows=35, ds_date_strs count=26662
2026-07-28 12:59:26 [INFO]     [DEBUG L=1] df_b_base rows=5, valid_dates count=5
2026-07-28 12:59:26 [INFO]     [L=1] obs_q: [2.04 1.68 1.27 1.05 1.  ], q_da_seq: [nan nan nan nan nan]
2026-07-28 12:59:26 [INFO]     -> [L=1] n_obs=0 | Base NSE=nan, DA NSE=nan | Base KGE=nan, DA KGE=nan
2026-07-28 12:59:26 [INFO]     [DEBUG L=2] df_b_base rows=5, valid_dates count=5
2026-07-28 12:59:26 [INFO]     [L=2] obs_q: [1.68 1.27 1.05 1.   0.86], q_da_seq: [nan nan nan nan nan]
2026-07-28 12:59:26 [INFO]     -> [L=2] n_obs=0 | Base NSE=nan, DA NSE=nan | Base KGE=nan, DA KGE=nan
2026-07-28 12:59:26 [INFO]     [DEBUG L=3] df_b_base rows=5, valid_dates count=5
2026-07-28 12:59:26 [INFO]     [L=3] obs_q: [1.27 1.05 1.   0.86 0.63], q_da_seq: [nan nan nan nan nan]
2026-07-28 12:59:26 [INFO]     -> [L=3] n_obs=0 | Base NSE=nan, DA NSE=nan | Base KGE=nan, DA KGE=nan
2026-07-28 12:59:26 [INFO]     [DEBUG L=4] df_b_base rows=5, valid_dates count=5
2026-07-28 12:59:26 [INFO]     [L=4] obs_q: [1.05 1.   0.86 0.63 0.78], q_da_seq: [nan nan nan nan nan]
2026-07-28 12:59:26 [INFO]     -> [L=4] n_obs=0 | Base NSE=nan, DA NSE=nan | Base KGE=nan, DA KGE=nan
2026-07-28 12:59:26 [INFO]     [DEBUG L=5] df_b_base rows=5, valid_dates count=5
2026-07-28 12:59:26 [INFO]     [L=5] obs_q: [1.   0.86 0.63 0.78 0.82], q_da_seq: [nan nan nan nan nan]
2026-07-28 12:59:26 [INFO]     -> [L=5] n_obs=0 | Base NSE=nan, DA NSE=nan | Base KGE=nan, DA KGE=nan
2026-07-28 12:59:26 [INFO]     [DEBUG L=6] df_b_base rows=5, valid_dates count=5
2026-07-28 12:59:26 [INFO]     [L=6] obs_q: [0.86 0.63 0.78 0.82 1.26], q_da_seq: [nan nan nan nan nan]
2026-07-28 12:59:26 [INFO]     -> [L=6] n_obs=0 | Base NSE=nan, DA NSE=nan | Base KGE=nan, DA KGE=nan
2026-07-28 12:59:26 [INFO]     [DEBUG L=7] df_b_base rows=5, valid_dates count=5
2026-07-28 12:59:26 [INFO]     [L=7] obs_q: [0.63 0.78 0.82 1.26 2.81], q_da_seq: [nan nan nan nan nan]
2026-07-28 12:59:26 [INFO]     -> [L=7] n_obs=0 | Base NSE=nan, DA NSE=nan | Base KGE=nan, DA KGE=nan
2026-07-28 12:59:26 [WARNING]   [CHECK WARNING] Basin camels_02016000 returned NaN metrics! (Check streamflow observation data)
2026-07-28 12:59:26 [INFO]  Processing Basin [2/2]: camels_11253310
2026-07-28 12:59:26 [INFO]     [Basin camels_11253310] Month: 2014-01
2026-07-28 12:59:26 [INFO]     [DEBUG dt=2014-01-01] q_base_7: [nan nan nan], q_da_7: [nan nan nan]
2026-07-28 12:59:27 [INFO]     [DEBUG dt=2014-01-02] q_base_7: [nan nan nan], q_da_7: [nan nan nan]
2026-07-28 12:59:28 [INFO]     [DEBUG dt=2014-01-03] q_base_7: [nan nan nan], q_da_7: [nan nan nan]
2026-07-28 12:59:28 [INFO]     [DEBUG dt=2014-01-04] q_base_7: [nan nan nan], q_da_7: [nan nan nan]
2026-07-28 12:59:29 [INFO]     [DEBUG dt=2014-01-05] q_base_7: [nan nan nan], q_da_7: [nan nan nan]
2026-07-28 12:59:29 [INFO]     [DEBUG] Basin camels_11253310: df_base total rows=35, ds_date_strs count=26662
2026-07-28 12:59:29 [INFO]     [DEBUG L=1] df_b_base rows=5, valid_dates count=5
2026-07-28 12:59:29 [INFO]     [L=1] obs_q: [0. 0. 0. 0. 0.], q_da_seq: [nan nan nan nan nan]
2026-07-28 12:59:29 [INFO]     -> [L=1] n_obs=0 | Base NSE=nan, DA NSE=nan | Base KGE=nan, DA KGE=nan
2026-07-28 12:59:29 [INFO]     [DEBUG L=2] df_b_base rows=5, valid_dates count=5
2026-07-28 12:59:29 [INFO]     [L=2] obs_q: [0. 0. 0. 0. 0.], q_da_seq: [nan nan nan nan nan]
2026-07-28 12:59:29 [INFO]     -> [L=2] n_obs=0 | Base NSE=nan, DA NSE=nan | Base KGE=nan, DA KGE=nan
2026-07-28 12:59:29 [INFO]     [DEBUG L=3] df_b_base rows=5, valid_dates count=5
2026-07-28 12:59:29 [INFO]     [L=3] obs_q: [0. 0. 0. 0. 0.], q_da_seq: [nan nan nan nan nan]
2026-07-28 12:59:29 [INFO]     -> [L=3] n_obs=0 | Base NSE=nan, DA NSE=nan | Base KGE=nan, DA KGE=nan
2026-07-28 12:59:29 [INFO]     [DEBUG L=4] df_b_base rows=5, valid_dates count=5
2026-07-28 12:59:29 [INFO]     [L=4] obs_q: [0. 0. 0. 0. 0.], q_da_seq: [nan nan nan nan nan]
2026-07-28 12:59:29 [INFO]     -> [L=4] n_obs=0 | Base NSE=nan, DA NSE=nan | Base KGE=nan, DA KGE=nan
2026-07-28 12:59:29 [INFO]     [DEBUG L=5] df_b_base rows=5, valid_dates count=5
2026-07-28 12:59:29 [INFO]     [L=5] obs_q: [0. 0. 0. 0. 0.], q_da_seq: [nan nan nan nan nan]
2026-07-28 12:59:29 [INFO]     -> [L=5] n_obs=0 | Base NSE=nan, DA NSE=nan | Base KGE=nan, DA KGE=nan
2026-07-28 12:59:29 [INFO]     [DEBUG L=6] df_b_base rows=5, valid_dates count=5
2026-07-28 12:59:29 [INFO]     [L=6] obs_q: [0. 0. 0. 0. 0.], q_da_seq: [nan nan nan nan nan]
2026-07-28 12:59:29 [INFO]     -> [L=6] n_obs=0 | Base NSE=nan, DA NSE=nan | Base KGE=nan, DA KGE=nan
2026-07-28 12:59:29 [INFO]     [DEBUG L=7] df_b_base rows=5, valid_dates count=5
2026-07-28 12:59:29 [INFO]     [L=7] obs_q: [0. 0. 0. 0. 0.], q_da_seq: [nan nan nan nan nan]
2026-07-28 12:59:29 [INFO]     -> [L=7] n_obs=0 | Base NSE=nan, DA NSE=nan | Base KGE=nan, DA KGE=nan
2026-07-28 12:59:29 [WARNING]   [CHECK WARNING] Basin camels_11253310 returned NaN metrics! (Check streamflow observation data)
2026-07-28 12:59:29 [INFO] 
Saved detailed metrics CSV: /usr/local/google/home/kruparell/flood-forecasting/tutorial/notebooks/large_scale_param_selection_results/detailed_basin_parameter_eval.csv
2026-07-28 12:59:29 [INFO] 
======================================================================
2026-07-28 12:59:29 [INFO]  AGGREGATE PARAMETER SELECTION & RANKING SUMMARY                      
2026-07-28 12:59:29 [INFO] ======================================================================
2026-07-28 12:59:29 [INFO] 
--- Mean Metrics by Config ID and Lead Time ---
                     Config ID  Lead Time (Days)  Base NSE  DA NSE  NSE Delta  Base KGE  DA KGE  KGE Delta
 Config_A_LR0.1_Ep10_W7_Bg1e-6                 1       NaN     NaN        NaN       NaN     NaN        NaN
 Config_A_LR0.1_Ep10_W7_Bg1e-6                 2       NaN     NaN        NaN       NaN     NaN        NaN
 Config_A_LR0.1_Ep10_W7_Bg1e-6                 3       NaN     NaN        NaN       NaN     NaN        NaN
 Config_A_LR0.1_Ep10_W7_Bg1e-6                 4       NaN     NaN        NaN       NaN     NaN        NaN
 Config_A_LR0.1_Ep10_W7_Bg1e-6                 5       NaN     NaN        NaN       NaN     NaN        NaN
 Config_A_LR0.1_Ep10_W7_Bg1e-6                 6       NaN     NaN        NaN       NaN     NaN        NaN
 Config_A_LR0.1_Ep10_W7_Bg1e-6                 7       NaN     NaN        NaN       NaN     NaN        NaN
Config_B_LR0.05_Ep15_W7_Bg1e-6                 1       NaN     NaN        NaN       NaN     NaN        NaN
Config_B_LR0.05_Ep15_W7_Bg1e-6                 2       NaN     NaN        NaN       NaN     NaN        NaN
Config_B_LR0.05_Ep15_W7_Bg1e-6                 3       NaN     NaN        NaN       NaN     NaN        NaN
Config_B_LR0.05_Ep15_W7_Bg1e-6                 4       NaN     NaN        NaN       NaN     NaN        NaN
Config_B_LR0.05_Ep15_W7_Bg1e-6                 5       NaN     NaN        NaN       NaN     NaN        NaN
Config_B_LR0.05_Ep15_W7_Bg1e-6                 6       NaN     NaN        NaN       NaN     NaN        NaN
Config_B_LR0.05_Ep15_W7_Bg1e-6                 7       NaN     NaN        NaN       NaN     NaN        NaN
 Config_C_LR0.1_Ep10_W7_Bg1e-5                 1       NaN     NaN        NaN       NaN     NaN        NaN
 Config_C_LR0.1_Ep10_W7_Bg1e-5                 2       NaN     NaN        NaN       NaN     NaN        NaN
 Config_C_LR0.1_Ep10_W7_Bg1e-5                 3       NaN     NaN        NaN       NaN     NaN        NaN
 Config_C_LR0.1_Ep10_W7_Bg1e-5                 4       NaN     NaN        NaN       NaN     NaN        NaN
 Config_C_LR0.1_Ep10_W7_Bg1e-5                 5       NaN     NaN        NaN       NaN     NaN        NaN
 Config_C_LR0.1_Ep10_W7_Bg1e-5                 6       NaN     NaN        NaN       NaN     NaN        NaN
 Config_C_LR0.1_Ep10_W7_Bg1e-5                 7       NaN     NaN        NaN       NaN     NaN        NaN
Config_D_LR0.05_Ep20_W7_Bg1e-5                 1       NaN     NaN        NaN       NaN     NaN        NaN
Config_D_LR0.05_Ep20_W7_Bg1e-5                 2       NaN     NaN        NaN       NaN     NaN        NaN
Config_D_LR0.05_Ep20_W7_Bg1e-5                 3       NaN     NaN        NaN       NaN     NaN        NaN
Config_D_LR0.05_Ep20_W7_Bg1e-5                 4       NaN     NaN        NaN       NaN     NaN        NaN
Config_D_LR0.05_Ep20_W7_Bg1e-5                 5       NaN     NaN        NaN       NaN     NaN        NaN
Config_D_LR0.05_Ep20_W7_Bg1e-5                 6       NaN     NaN        NaN       NaN     NaN        NaN
Config_D_LR0.05_Ep20_W7_Bg1e-5                 7       NaN     NaN        NaN       NaN     NaN        NaN
2026-07-28 12:59:29 [INFO] 
--- Overall Parameter Config Rankings (Ranked by Average DA NSE) ---
                     Config ID  Base NSE  DA NSE  NSE Delta  Base KGE  DA KGE  KGE Delta
 Config_A_LR0.1_Ep10_W7_Bg1e-6       NaN     NaN        NaN       NaN     NaN        NaN
Config_B_LR0.05_Ep15_W7_Bg1e-6       NaN     NaN        NaN       NaN     NaN        NaN
 Config_C_LR0.1_Ep10_W7_Bg1e-5       NaN     NaN        NaN       NaN     NaN        NaN
Config_D_LR0.05_Ep20_W7_Bg1e-5       NaN     NaN        NaN       NaN     NaN        NaN
2026-07-28 12:59:29 [INFO] 
--- Best Performing Parameter Config for EACH Lead Time (1..7 Days) ---
 Lead Time (Days) Best Config ID  Mean DA NSE  Mean NSE Delta  Mean DA KGE  Mean KGE Delta
                1 N/A (All NaNs)          NaN             NaN          NaN             NaN
                2 N/A (All NaNs)          NaN             NaN          NaN             NaN
                3 N/A (All NaNs)          NaN             NaN          NaN             NaN
                4 N/A (All NaNs)          NaN             NaN          NaN             NaN
                5 N/A (All NaNs)          NaN             NaN          NaN             NaN
                6 N/A (All NaNs)          NaN             NaN          NaN             NaN
                7 N/A (All NaNs)          NaN             NaN          NaN             NaN
2026-07-28 12:59:29 [INFO] 
======================================================================
2026-07-28 12:59:29 [INFO] Large-scale parameter selection pipeline completed successfully!
2026-07-28 12:59:29 [INFO] All summary reports saved in: /usr/local/google/home/kruparell/flood-forecasting/tutorial/notebooks/large_scale_param_selection_results
2026-07-28 12:59:29 [INFO] ======================================================================
2026-07-28 12:59:48 [INFO] ======================================================================
2026-07-28 12:59:48 [INFO]  Large-Scale DA Parameter Selection Pipeline across Cloudtop Caravans 
2026-07-28 12:59:48 [INFO] ======================================================================
2026-07-28 12:59:48 [INFO] Hardware Compute Device: cpu
2026-07-28 12:59:48 [INFO] Full Caravans Path: /usr/local/google/home/kruparell/Caravans/Caravan-nc
2026-07-28 12:59:48 [INFO] Evaluation Date Range: 2014-01-01 to 2014-01-05 (freq='D')
2026-07-28 12:59:48 [INFO] Target Lead Times: [1, 2, 3, 4, 5, 6, 7]
2026-07-28 12:59:48 [INFO] Log File Location: /usr/local/google/home/kruparell/flood-forecasting/tutorial/notebooks/large_scale_param_selection_results/large_scale_param_selection.log
2026-07-28 12:59:48 [INFO] Loaded 2 basins from 50-basin-train.txt (NUM_BASINS=2, Seed=42).
2026-07-28 12:59:48 [INFO] Testing 4 Parameter Sets: ['Config_A_LR0.1_Ep10_W7_Bg1e-6', 'Config_B_LR0.05_Ep15_W7_Bg1e-6', 'Config_C_LR0.1_Ep10_W7_Bg1e-5', 'Config_D_LR0.05_Ep20_W7_Bg1e-5']

2026-07-28 12:59:51 [INFO] Pretrained Model loaded successfully on device [cpu]: MeanEmbeddingForecastLSTM
2026-07-28 12:59:52 [INFO] Generated 5 issue dates: ['2014-01-01', '2014-01-02', '2014-01-03', '2014-01-04', '2014-01-05']
2026-07-28 12:59:52 [INFO] 
======================================================================
2026-07-28 12:59:52 [INFO]  Running Parameter Set: Config_A_LR0.1_Ep10_W7_Bg1e-6
2026-07-28 12:59:52 [INFO]  (LR=0.1, Epochs=10, Window=7d, BgWeight=1e-06, Gap=1d)
2026-07-28 12:59:52 [INFO] ======================================================================
2026-07-28 12:59:52 [INFO]  Processing Basin [1/2]: camels_02016000
2026-07-28 12:59:52 [INFO]     [Basin camels_02016000] Month: 2014-01
2026-07-28 12:59:52 [INFO]     [DEBUG dt=2014-01-01] q_base_7: [1.5112277 1.3957624 1.2497394], q_da_7: [3.1537867 2.6293907 2.1016808]
2026-07-28 12:59:53 [INFO]     [DEBUG dt=2014-01-02] q_base_7: [1.3981655 1.2505751 1.2350147], q_da_7: [2.5831013 2.0797691 1.987407 ]
2026-07-28 12:59:54 [INFO]     [DEBUG dt=2014-01-03] q_base_7: [1.2653924 1.2533042 1.175975 ], q_da_7: [1.9452935 1.8795516 1.7967345]
2026-07-28 12:59:54 [INFO]     [DEBUG dt=2014-01-04] q_base_7: [1.2349797 1.1471547 1.0616889], q_da_7: [1.8871694 1.7782844 1.528104 ]
2026-07-28 12:59:55 [INFO]     [DEBUG dt=2014-01-05] q_base_7: [1.1435806 1.0515097 1.0090017], q_da_7: [1.5992996 1.3952588 1.3029485]
2026-07-28 12:59:55 [INFO]     [DEBUG] Basin camels_02016000: df_base total rows=35, ds_date_strs count=26662
2026-07-28 12:59:55 [INFO]     [DEBUG L=1] df_b_base rows=5, valid_dates count=5
2026-07-28 12:59:55 [INFO]     [L=1] obs_q: [2.04 1.68 1.27 1.05 1.  ], q_da_seq: [3.1537867 2.5831013 1.9452935 1.8871694 1.5992996]
2026-07-28 12:59:55 [INFO]     -> [L=1] n_obs=5 | Base NSE=0.474, DA NSE=-3.538 | Base KGE=0.322, DA KGE=0.282
2026-07-28 12:59:55 [INFO]     [DEBUG L=2] df_b_base rows=5, valid_dates count=5
2026-07-28 12:59:55 [INFO]     [L=2] obs_q: [1.68 1.27 1.05 1.   0.86], q_da_seq: [2.6293907 2.0797691 1.8795516 1.7782844 1.3952588]
2026-07-28 12:59:55 [INFO]     -> [L=2] n_obs=5 | Base NSE=0.558, DA NSE=-6.662 | Base KGE=0.398, DA KGE=0.215
2026-07-28 12:59:55 [INFO]     [DEBUG L=3] df_b_base rows=5, valid_dates count=5
2026-07-28 12:59:55 [INFO]     [L=3] obs_q: [1.27 1.05 1.   0.86 0.63], q_da_seq: [2.1016808 1.987407  1.7967345 1.528104  1.3029485]
2026-07-28 12:59:55 [INFO]     -> [L=3] n_obs=5 | Base NSE=-0.112, DA NSE=-12.817 | Base KGE=0.414, DA KGE=0.101
2026-07-28 12:59:55 [INFO]     [DEBUG L=4] df_b_base rows=5, valid_dates count=5
2026-07-28 12:59:55 [INFO]     [L=4] obs_q: [1.05 1.   0.86 0.63 0.78], q_da_seq: [1.9879594 1.8881588 1.5348947 1.4594686 1.2587361]
2026-07-28 12:59:55 [INFO]     -> [L=4] n_obs=5 | Base NSE=-1.643, DA NSE=-25.464 | Base KGE=0.511, DA KGE=-0.199
2026-07-28 12:59:55 [INFO]     [DEBUG L=5] df_b_base rows=5, valid_dates count=5
2026-07-28 12:59:55 [INFO]     [L=5] obs_q: [1.   0.86 0.63 0.78 0.82], q_da_seq: [1.8905278 1.6132258 1.471102  1.3980466 1.2326787]
2026-07-28 12:59:55 [INFO]     -> [L=5] n_obs=5 | Base NSE=-3.264, DA NSE=-35.553 | Base KGE=0.297, DA KGE=-0.263
2026-07-28 12:59:55 [INFO]     [DEBUG L=6] df_b_base rows=5, valid_dates count=5
2026-07-28 12:59:55 [INFO]     [L=6] obs_q: [0.86 0.63 0.78 0.82 1.26], q_da_seq: [1.6136786 1.5411425 1.4093846 1.3920805 2.1327808]
2026-07-28 12:59:55 [INFO]     -> [L=6] n_obs=5 | Base NSE=-1.189, DA NSE=-12.082 | Base KGE=0.512, DA KGE=0.085
2026-07-28 12:59:55 [INFO]     [DEBUG L=7] df_b_base rows=5, valid_dates count=5
2026-07-28 12:59:55 [INFO]     [L=7] obs_q: [0.63 0.78 0.82 1.26 2.81], q_da_seq: [1.5268933 1.4765841 1.4275533 2.545524  3.1754062]
2026-07-28 12:59:55 [INFO]     -> [L=7] n_obs=5 | Base NSE=0.816, DA NSE=-0.069 | Base KGE=0.699, DA KGE=0.372
2026-07-28 12:59:55 [INFO]   [CHECK SUCCESS] Basin camels_02016000 finished -> L=1 DA NSE: -3.538 | L=5 DA NSE: -35.553
2026-07-28 12:59:55 [INFO]  Processing Basin [2/2]: camels_11253310
2026-07-28 12:59:55 [INFO]     [Basin camels_11253310] Month: 2014-01
2026-07-28 12:59:56 [INFO]     [DEBUG dt=2014-01-01] q_base_7: [0.1 0.1 0.1], q_da_7: [0.1 0.1 0.1]
2026-07-28 12:59:58 [INFO]     [DEBUG dt=2014-01-02] q_base_7: [0.1 0.1 0.1], q_da_7: [0.1 0.1 0.1]
2026-07-28 13:00:00 [INFO]     [DEBUG dt=2014-01-03] q_base_7: [0.1 0.1 0.1], q_da_7: [0.1 0.1 0.1]
2026-07-28 13:00:01 [INFO]     [DEBUG dt=2014-01-04] q_base_7: [0.1 0.1 0.1], q_da_7: [0.1 0.1 0.1]
2026-07-28 13:00:02 [INFO]     [DEBUG dt=2014-01-05] q_base_7: [0.1 0.1 0.1], q_da_7: [0.1 0.1 0.1]
2026-07-28 13:00:02 [INFO]     [DEBUG] Basin camels_11253310: df_base total rows=35, ds_date_strs count=26662
2026-07-28 13:00:02 [INFO]     [DEBUG L=1] df_b_base rows=5, valid_dates count=5
2026-07-28 13:00:02 [INFO]     [L=1] obs_q: [0. 0. 0. 0. 0.], q_da_seq: [0.1 0.1 0.1 0.1 0.1]
2026-07-28 13:00:02 [INFO]     -> [L=1] n_obs=5 | Base NSE=0.000, DA NSE=0.000 | Base KGE=0.000, DA KGE=0.000
2026-07-28 13:00:02 [INFO]     [DEBUG L=2] df_b_base rows=5, valid_dates count=5
2026-07-28 13:00:02 [INFO]     [L=2] obs_q: [0. 0. 0. 0. 0.], q_da_seq: [0.1 0.1 0.1 0.1 0.1]
2026-07-28 13:00:02 [INFO]     -> [L=2] n_obs=5 | Base NSE=0.000, DA NSE=0.000 | Base KGE=0.000, DA KGE=0.000
2026-07-28 13:00:02 [INFO]     [DEBUG L=3] df_b_base rows=5, valid_dates count=5
2026-07-28 13:00:02 [INFO]     [L=3] obs_q: [0. 0. 0. 0. 0.], q_da_seq: [0.1 0.1 0.1 0.1 0.1]
2026-07-28 13:00:02 [INFO]     -> [L=3] n_obs=5 | Base NSE=0.000, DA NSE=0.000 | Base KGE=0.000, DA KGE=0.000
2026-07-28 13:00:02 [INFO]     [DEBUG L=4] df_b_base rows=5, valid_dates count=5
2026-07-28 13:00:02 [INFO]     [L=4] obs_q: [0. 0. 0. 0. 0.], q_da_seq: [0.1 0.1 0.1 0.1 0.1]
2026-07-28 13:00:02 [INFO]     -> [L=4] n_obs=5 | Base NSE=0.000, DA NSE=0.000 | Base KGE=0.000, DA KGE=0.000
2026-07-28 13:00:02 [INFO]     [DEBUG L=5] df_b_base rows=5, valid_dates count=5
2026-07-28 13:00:02 [INFO]     [L=5] obs_q: [0. 0. 0. 0. 0.], q_da_seq: [0.1 0.1 0.1 0.1 0.1]
2026-07-28 13:00:02 [INFO]     -> [L=5] n_obs=5 | Base NSE=0.000, DA NSE=0.000 | Base KGE=0.000, DA KGE=0.000
2026-07-28 13:00:02 [INFO]     [DEBUG L=6] df_b_base rows=5, valid_dates count=5
2026-07-28 13:00:02 [INFO]     [L=6] obs_q: [0. 0. 0. 0. 0.], q_da_seq: [0.1 0.1 0.1 0.1 0.1]
2026-07-28 13:00:02 [INFO]     -> [L=6] n_obs=5 | Base NSE=0.000, DA NSE=0.000 | Base KGE=0.000, DA KGE=0.000
2026-07-28 13:00:02 [INFO]     [DEBUG L=7] df_b_base rows=5, valid_dates count=5
2026-07-28 13:00:02 [INFO]     [L=7] obs_q: [0. 0. 0. 0. 0.], q_da_seq: [0.1 0.1 0.1 0.1 0.1]
2026-07-28 13:00:02 [INFO]     -> [L=7] n_obs=5 | Base NSE=0.000, DA NSE=0.000 | Base KGE=0.000, DA KGE=0.000
2026-07-28 13:00:02 [INFO]   [CHECK SUCCESS] Basin camels_11253310 finished -> L=1 DA NSE: 0.000 | L=5 DA NSE: 0.000
2026-07-28 13:00:02 [INFO] 
======================================================================
2026-07-28 13:00:02 [INFO]  Running Parameter Set: Config_B_LR0.05_Ep15_W7_Bg1e-6
2026-07-28 13:00:02 [INFO]  (LR=0.05, Epochs=15, Window=7d, BgWeight=1e-06, Gap=1d)
2026-07-28 13:00:02 [INFO] ======================================================================
2026-07-28 13:00:02 [INFO]  Processing Basin [1/2]: camels_02016000
2026-07-28 13:00:02 [INFO]     [Basin camels_02016000] Month: 2014-01
2026-07-28 13:00:03 [INFO]     [DEBUG dt=2014-01-01] q_base_7: [1.5112277 1.3957624 1.2497394], q_da_7: [3.1019416 2.5778356 2.0571887]
2026-07-28 13:00:03 [INFO]     [DEBUG dt=2014-01-02] q_base_7: [1.3981655 1.2505751 1.2350147], q_da_7: [2.5197115 2.0210364 1.9368619]
2026-07-28 13:00:04 [INFO]     [DEBUG dt=2014-01-03] q_base_7: [1.2653924 1.2533042 1.175975 ], q_da_7: [1.9476175 1.8722272 1.7671849]
2026-07-28 13:00:05 [INFO]     [DEBUG dt=2014-01-04] q_base_7: [1.2349797 1.1471547 1.0616889], q_da_7: [1.8764645 1.7460744 1.5117792]
2026-07-28 13:00:06 [INFO]     [DEBUG dt=2014-01-05] q_base_7: [1.1435806 1.0515097 1.0090017], q_da_7: [1.598879  1.3952394 1.3023999]
2026-07-28 13:00:06 [INFO]     [DEBUG] Basin camels_02016000: df_base total rows=35, ds_date_strs count=26662
2026-07-28 13:00:06 [INFO]     [DEBUG L=1] df_b_base rows=5, valid_dates count=5
2026-07-28 13:00:06 [INFO]     [L=1] obs_q: [2.04 1.68 1.27 1.05 1.  ], q_da_seq: [3.1019416 2.5197115 1.9476175 1.8764645 1.598879 ]
2026-07-28 13:00:06 [INFO]     -> [L=1] n_obs=5 | Base NSE=0.474, DA NSE=-3.236 | Base KGE=0.322, DA KGE=0.329
2026-07-28 13:00:06 [INFO]     [DEBUG L=2] df_b_base rows=5, valid_dates count=5
2026-07-28 13:00:06 [INFO]     [L=2] obs_q: [1.68 1.27 1.05 1.   0.86], q_da_seq: [2.5778356 2.0210364 1.8722272 1.7460744 1.3952394]
2026-07-28 13:00:06 [INFO]     -> [L=2] n_obs=5 | Base NSE=0.558, DA NSE=-6.056 | Base KGE=0.398, DA KGE=0.268
2026-07-28 13:00:06 [INFO]     [DEBUG L=3] df_b_base rows=5, valid_dates count=5
2026-07-28 13:00:06 [INFO]     [L=3] obs_q: [1.27 1.05 1.   0.86 0.63], q_da_seq: [2.0571887 1.9368619 1.7671849 1.5117792 1.3023999]
2026-07-28 13:00:06 [INFO]     -> [L=3] n_obs=5 | Base NSE=-0.112, DA NSE=-11.781 | Base KGE=0.414, DA KGE=0.161
2026-07-28 13:00:06 [INFO]     [DEBUG L=4] df_b_base rows=5, valid_dates count=5
2026-07-28 13:00:06 [INFO]     [L=4] obs_q: [1.05 1.   0.86 0.63 0.78], q_da_seq: [1.9501064 1.817471  1.5185597 1.4341524 1.2590278]
2026-07-28 13:00:06 [INFO]     -> [L=4] n_obs=5 | Base NSE=-1.643, DA NSE=-23.263 | Base KGE=0.511, DA KGE=-0.090
2026-07-28 13:00:06 [INFO]     [DEBUG L=5] df_b_base rows=5, valid_dates count=5
2026-07-28 13:00:06 [INFO]     [L=5] obs_q: [1.   0.86 0.63 0.78 0.82], q_da_seq: [1.8316813 1.5600127 1.443342  1.3797159 1.2344029]
2026-07-28 13:00:06 [INFO]     -> [L=5] n_obs=5 | Base NSE=-3.264, DA NSE=-32.128 | Base KGE=0.297, DA KGE=-0.121
2026-07-28 13:00:06 [INFO]     [DEBUG L=6] df_b_base rows=5, valid_dates count=5
2026-07-28 13:00:06 [INFO]     [L=6] obs_q: [0.86 0.63 0.78 0.82 1.26], q_da_seq: [1.5710384 1.496103  1.3871801 1.3502555 2.1381686]
2026-07-28 13:00:06 [INFO]     -> [L=6] n_obs=5 | Base NSE=-1.189, DA NSE=-11.145 | Base KGE=0.512, DA KGE=0.092
2026-07-28 13:00:06 [INFO]     [DEBUG L=7] df_b_base rows=5, valid_dates count=5
2026-07-28 13:00:06 [INFO]     [L=7] obs_q: [0.63 0.78 0.82 1.26 2.81], q_da_seq: [1.4949914 1.4236295 1.3761675 2.4505434 3.1232452]
2026-07-28 13:00:06 [INFO]     -> [L=7] n_obs=5 | Base NSE=0.816, DA NSE=0.073 | Base KGE=0.699, DA KGE=0.415
2026-07-28 13:00:06 [INFO]   [CHECK SUCCESS] Basin camels_02016000 finished -> L=1 DA NSE: -3.236 | L=5 DA NSE: -32.128
2026-07-28 13:00:06 [INFO]  Processing Basin [2/2]: camels_11253310
2026-07-28 13:00:06 [INFO]     [Basin camels_11253310] Month: 2014-01
2026-07-28 13:00:07 [INFO]     [DEBUG dt=2014-01-01] q_base_7: [0.1 0.1 0.1], q_da_7: [0.1 0.1 0.1]
2026-07-28 13:00:07 [INFO]     [DEBUG dt=2014-01-02] q_base_7: [0.1 0.1 0.1], q_da_7: [0.1 0.1 0.1]
2026-07-28 13:00:08 [INFO]     [DEBUG dt=2014-01-03] q_base_7: [0.1 0.1 0.1], q_da_7: [0.1 0.1 0.1]
2026-07-28 13:00:09 [INFO]     [DEBUG dt=2014-01-04] q_base_7: [0.1 0.1 0.1], q_da_7: [0.1 0.1 0.1]
2026-07-28 13:00:10 [INFO]     [DEBUG dt=2014-01-05] q_base_7: [0.1 0.1 0.1], q_da_7: [0.1 0.1 0.1]
2026-07-28 13:00:10 [INFO]     [DEBUG] Basin camels_11253310: df_base total rows=35, ds_date_strs count=26662
2026-07-28 13:00:10 [INFO]     [DEBUG L=1] df_b_base rows=5, valid_dates count=5
2026-07-28 13:00:10 [INFO]     [L=1] obs_q: [0. 0. 0. 0. 0.], q_da_seq: [0.1 0.1 0.1 0.1 0.1]
2026-07-28 13:00:10 [INFO]     -> [L=1] n_obs=5 | Base NSE=0.000, DA NSE=0.000 | Base KGE=0.000, DA KGE=0.000
2026-07-28 13:00:10 [INFO]     [DEBUG L=2] df_b_base rows=5, valid_dates count=5
2026-07-28 13:00:10 [INFO]     [L=2] obs_q: [0. 0. 0. 0. 0.], q_da_seq: [0.1 0.1 0.1 0.1 0.1]
2026-07-28 13:00:10 [INFO]     -> [L=2] n_obs=5 | Base NSE=0.000, DA NSE=0.000 | Base KGE=0.000, DA KGE=0.000
2026-07-28 13:00:10 [INFO]     [DEBUG L=3] df_b_base rows=5, valid_dates count=5
2026-07-28 13:00:10 [INFO]     [L=3] obs_q: [0. 0. 0. 0. 0.], q_da_seq: [0.1 0.1 0.1 0.1 0.1]
2026-07-28 13:00:10 [INFO]     -> [L=3] n_obs=5 | Base NSE=0.000, DA NSE=0.000 | Base KGE=0.000, DA KGE=0.000
2026-07-28 13:00:10 [INFO]     [DEBUG L=4] df_b_base rows=5, valid_dates count=5
2026-07-28 13:00:10 [INFO]     [L=4] obs_q: [0. 0. 0. 0. 0.], q_da_seq: [0.1 0.1 0.1 0.1 0.1]
2026-07-28 13:00:10 [INFO]     -> [L=4] n_obs=5 | Base NSE=0.000, DA NSE=0.000 | Base KGE=0.000, DA KGE=0.000
2026-07-28 13:00:10 [INFO]     [DEBUG L=5] df_b_base rows=5, valid_dates count=5
2026-07-28 13:00:10 [INFO]     [L=5] obs_q: [0. 0. 0. 0. 0.], q_da_seq: [0.1 0.1 0.1 0.1 0.1]
2026-07-28 13:00:10 [INFO]     -> [L=5] n_obs=5 | Base NSE=0.000, DA NSE=0.000 | Base KGE=0.000, DA KGE=0.000
2026-07-28 13:00:10 [INFO]     [DEBUG L=6] df_b_base rows=5, valid_dates count=5
2026-07-28 13:00:10 [INFO]     [L=6] obs_q: [0. 0. 0. 0. 0.], q_da_seq: [0.1 0.1 0.1 0.1 0.1]
2026-07-28 13:00:10 [INFO]     -> [L=6] n_obs=5 | Base NSE=0.000, DA NSE=0.000 | Base KGE=0.000, DA KGE=0.000
2026-07-28 13:00:10 [INFO]     [DEBUG L=7] df_b_base rows=5, valid_dates count=5
2026-07-28 13:00:10 [INFO]     [L=7] obs_q: [0. 0. 0. 0. 0.], q_da_seq: [0.1 0.1 0.1 0.1 0.1]
2026-07-28 13:00:10 [INFO]     -> [L=7] n_obs=5 | Base NSE=0.000, DA NSE=0.000 | Base KGE=0.000, DA KGE=0.000
2026-07-28 13:00:10 [INFO]   [CHECK SUCCESS] Basin camels_11253310 finished -> L=1 DA NSE: 0.000 | L=5 DA NSE: 0.000
2026-07-28 13:00:10 [INFO] 
======================================================================
2026-07-28 13:00:10 [INFO]  Running Parameter Set: Config_C_LR0.1_Ep10_W7_Bg1e-5
2026-07-28 13:00:10 [INFO]  (LR=0.1, Epochs=10, Window=7d, BgWeight=1e-05, Gap=1d)
2026-07-28 13:00:10 [INFO] ======================================================================
2026-07-28 13:00:10 [INFO]  Processing Basin [1/2]: camels_02016000
2026-07-28 13:00:10 [INFO]     [Basin camels_02016000] Month: 2014-01
2026-07-28 13:00:11 [INFO]     [DEBUG dt=2014-01-01] q_base_7: [1.5112277 1.3957624 1.2497394], q_da_7: [3.1537867 2.6293907 2.1016808]
2026-07-28 13:00:12 [INFO]     [DEBUG dt=2014-01-02] q_base_7: [1.3981655 1.2505751 1.2350147], q_da_7: [2.5831013 2.0797691 1.987407 ]
2026-07-28 13:00:12 [INFO]     [DEBUG dt=2014-01-03] q_base_7: [1.2653924 1.2533042 1.175975 ], q_da_7: [1.9452935 1.8795516 1.7967345]
2026-07-28 13:00:13 [INFO]     [DEBUG dt=2014-01-04] q_base_7: [1.2349797 1.1471547 1.0616889], q_da_7: [1.8871694 1.7782844 1.528104 ]
2026-07-28 13:00:14 [INFO]     [DEBUG dt=2014-01-05] q_base_7: [1.1435806 1.0515097 1.0090017], q_da_7: [1.5992996 1.3952588 1.3029485]
2026-07-28 13:00:14 [INFO]     [DEBUG] Basin camels_02016000: df_base total rows=35, ds_date_strs count=26662
2026-07-28 13:00:14 [INFO]     [DEBUG L=1] df_b_base rows=5, valid_dates count=5
2026-07-28 13:00:14 [INFO]     [L=1] obs_q: [2.04 1.68 1.27 1.05 1.  ], q_da_seq: [3.1537867 2.5831013 1.9452935 1.8871694 1.5992996]
2026-07-28 13:00:14 [INFO]     -> [L=1] n_obs=5 | Base NSE=0.474, DA NSE=-3.538 | Base KGE=0.322, DA KGE=0.282
2026-07-28 13:00:14 [INFO]     [DEBUG L=2] df_b_base rows=5, valid_dates count=5
2026-07-28 13:00:14 [INFO]     [L=2] obs_q: [1.68 1.27 1.05 1.   0.86], q_da_seq: [2.6293907 2.0797691 1.8795516 1.7782844 1.3952588]
2026-07-28 13:00:14 [INFO]     -> [L=2] n_obs=5 | Base NSE=0.558, DA NSE=-6.662 | Base KGE=0.398, DA KGE=0.215
2026-07-28 13:00:14 [INFO]     [DEBUG L=3] df_b_base rows=5, valid_dates count=5
2026-07-28 13:00:14 [INFO]     [L=3] obs_q: [1.27 1.05 1.   0.86 0.63], q_da_seq: [2.1016808 1.987407  1.7967345 1.528104  1.3029485]
2026-07-28 13:00:14 [INFO]     -> [L=3] n_obs=5 | Base NSE=-0.112, DA NSE=-12.817 | Base KGE=0.414, DA KGE=0.101
2026-07-28 13:00:14 [INFO]     [DEBUG L=4] df_b_base rows=5, valid_dates count=5
2026-07-28 13:00:14 [INFO]     [L=4] obs_q: [1.05 1.   0.86 0.63 0.78], q_da_seq: [1.9879594 1.8881588 1.5348947 1.4594686 1.2587361]
2026-07-28 13:00:14 [INFO]     -> [L=4] n_obs=5 | Base NSE=-1.643, DA NSE=-25.464 | Base KGE=0.511, DA KGE=-0.199
2026-07-28 13:00:14 [INFO]     [DEBUG L=5] df_b_base rows=5, valid_dates count=5
2026-07-28 13:00:14 [INFO]     [L=5] obs_q: [1.   0.86 0.63 0.78 0.82], q_da_seq: [1.8905278 1.6132258 1.471102  1.3980466 1.2326787]
2026-07-28 13:00:14 [INFO]     -> [L=5] n_obs=5 | Base NSE=-3.264, DA NSE=-35.553 | Base KGE=0.297, DA KGE=-0.263
2026-07-28 13:00:14 [INFO]     [DEBUG L=6] df_b_base rows=5, valid_dates count=5
2026-07-28 13:00:14 [INFO]     [L=6] obs_q: [0.86 0.63 0.78 0.82 1.26], q_da_seq: [1.6136786 1.5411425 1.4093846 1.3920805 2.1327808]
2026-07-28 13:00:14 [INFO]     -> [L=6] n_obs=5 | Base NSE=-1.189, DA NSE=-12.082 | Base KGE=0.512, DA KGE=0.085
2026-07-28 13:00:14 [INFO]     [DEBUG L=7] df_b_base rows=5, valid_dates count=5
2026-07-28 13:00:14 [INFO]     [L=7] obs_q: [0.63 0.78 0.82 1.26 2.81], q_da_seq: [1.5268933 1.4765841 1.4275533 2.545524  3.1754062]
2026-07-28 13:00:14 [INFO]     -> [L=7] n_obs=5 | Base NSE=0.816, DA NSE=-0.069 | Base KGE=0.699, DA KGE=0.372
2026-07-28 13:00:14 [INFO]   [CHECK SUCCESS] Basin camels_02016000 finished -> L=1 DA NSE: -3.538 | L=5 DA NSE: -35.553
2026-07-28 13:00:14 [INFO]  Processing Basin [2/2]: camels_11253310
2026-07-28 13:00:14 [INFO]     [Basin camels_11253310] Month: 2014-01
2026-07-28 13:00:15 [INFO]     [DEBUG dt=2014-01-01] q_base_7: [0.1 0.1 0.1], q_da_7: [0.1 0.1 0.1]
2026-07-28 13:00:15 [INFO]     [DEBUG dt=2014-01-02] q_base_7: [0.1 0.1 0.1], q_da_7: [0.1 0.1 0.1]
2026-07-28 13:00:16 [INFO]     [DEBUG dt=2014-01-03] q_base_7: [0.1 0.1 0.1], q_da_7: [0.1 0.1 0.1]
2026-07-28 13:00:17 [INFO]     [DEBUG dt=2014-01-04] q_base_7: [0.1 0.1 0.1], q_da_7: [0.1 0.1 0.1]
2026-07-28 13:00:18 [INFO]     [DEBUG dt=2014-01-05] q_base_7: [0.1 0.1 0.1], q_da_7: [0.1 0.1 0.1]
2026-07-28 13:00:18 [INFO]     [DEBUG] Basin camels_11253310: df_base total rows=35, ds_date_strs count=26662
2026-07-28 13:00:18 [INFO]     [DEBUG L=1] df_b_base rows=5, valid_dates count=5
2026-07-28 13:00:18 [INFO]     [L=1] obs_q: [0. 0. 0. 0. 0.], q_da_seq: [0.1 0.1 0.1 0.1 0.1]
2026-07-28 13:00:18 [INFO]     -> [L=1] n_obs=5 | Base NSE=0.000, DA NSE=0.000 | Base KGE=0.000, DA KGE=0.000
2026-07-28 13:00:18 [INFO]     [DEBUG L=2] df_b_base rows=5, valid_dates count=5
2026-07-28 13:00:18 [INFO]     [L=2] obs_q: [0. 0. 0. 0. 0.], q_da_seq: [0.1 0.1 0.1 0.1 0.1]
2026-07-28 13:00:18 [INFO]     -> [L=2] n_obs=5 | Base NSE=0.000, DA NSE=0.000 | Base KGE=0.000, DA KGE=0.000
2026-07-28 13:00:18 [INFO]     [DEBUG L=3] df_b_base rows=5, valid_dates count=5
2026-07-28 13:00:18 [INFO]     [L=3] obs_q: [0. 0. 0. 0. 0.], q_da_seq: [0.1 0.1 0.1 0.1 0.1]
2026-07-28 13:00:18 [INFO]     -> [L=3] n_obs=5 | Base NSE=0.000, DA NSE=0.000 | Base KGE=0.000, DA KGE=0.000
2026-07-28 13:00:18 [INFO]     [DEBUG L=4] df_b_base rows=5, valid_dates count=5
2026-07-28 13:00:18 [INFO]     [L=4] obs_q: [0. 0. 0. 0. 0.], q_da_seq: [0.1 0.1 0.1 0.1 0.1]
2026-07-28 13:00:18 [INFO]     -> [L=4] n_obs=5 | Base NSE=0.000, DA NSE=0.000 | Base KGE=0.000, DA KGE=0.000
2026-07-28 13:00:18 [INFO]     [DEBUG L=5] df_b_base rows=5, valid_dates count=5
2026-07-28 13:00:18 [INFO]     [L=5] obs_q: [0. 0. 0. 0. 0.], q_da_seq: [0.1 0.1 0.1 0.1 0.1]
2026-07-28 13:00:18 [INFO]     -> [L=5] n_obs=5 | Base NSE=0.000, DA NSE=0.000 | Base KGE=0.000, DA KGE=0.000
2026-07-28 13:00:18 [INFO]     [DEBUG L=6] df_b_base rows=5, valid_dates count=5
2026-07-28 13:00:18 [INFO]     [L=6] obs_q: [0. 0. 0. 0. 0.], q_da_seq: [0.1 0.1 0.1 0.1 0.1]
2026-07-28 13:00:18 [INFO]     -> [L=6] n_obs=5 | Base NSE=0.000, DA NSE=0.000 | Base KGE=0.000, DA KGE=0.000
2026-07-28 13:00:18 [INFO]     [DEBUG L=7] df_b_base rows=5, valid_dates count=5
2026-07-28 13:00:18 [INFO]     [L=7] obs_q: [0. 0. 0. 0. 0.], q_da_seq: [0.1 0.1 0.1 0.1 0.1]
2026-07-28 13:00:18 [INFO]     -> [L=7] n_obs=5 | Base NSE=0.000, DA NSE=0.000 | Base KGE=0.000, DA KGE=0.000
2026-07-28 13:00:18 [INFO]   [CHECK SUCCESS] Basin camels_11253310 finished -> L=1 DA NSE: 0.000 | L=5 DA NSE: 0.000
2026-07-28 13:00:18 [INFO] 
======================================================================
2026-07-28 13:00:18 [INFO]  Running Parameter Set: Config_D_LR0.05_Ep20_W7_Bg1e-5
2026-07-28 13:00:18 [INFO]  (LR=0.05, Epochs=20, Window=7d, BgWeight=1e-05, Gap=1d)
2026-07-28 13:00:18 [INFO] ======================================================================
2026-07-28 13:00:18 [INFO]  Processing Basin [1/2]: camels_02016000
2026-07-28 13:00:18 [INFO]     [Basin camels_02016000] Month: 2014-01
2026-07-28 13:00:19 [INFO]     [DEBUG dt=2014-01-01] q_base_7: [1.5112277 1.3957624 1.2497394], q_da_7: [2.9727678 2.4740574 1.9911985]
2026-07-28 13:00:19 [INFO]     [DEBUG dt=2014-01-02] q_base_7: [1.3981655 1.2505751 1.2350147], q_da_7: [2.4531927 1.9828454 1.9110262]
2026-07-28 13:00:19 [INFO] ======================================================================
2026-07-28 13:00:19 [INFO]  Large-Scale DA Parameter Selection Pipeline across Cloudtop Caravans 
2026-07-28 13:00:19 [INFO] ======================================================================
2026-07-28 13:00:19 [INFO] Hardware Compute Device: cpu
2026-07-28 13:00:19 [INFO] Full Caravans Path: /usr/local/google/home/kruparell/Caravans/Caravan-nc
2026-07-28 13:00:19 [INFO] Evaluation Date Range: 2014-01-01 to 2014-01-05 (freq='D')
2026-07-28 13:00:19 [INFO] Target Lead Times: [1, 2, 3, 4, 5, 6, 7]
2026-07-28 13:00:19 [INFO] Log File Location: /usr/local/google/home/kruparell/flood-forecasting/tutorial/notebooks/large_scale_param_selection_results/large_scale_param_selection.log
2026-07-28 13:00:19 [INFO] Loaded 2 basins from 50-basin-train.txt (NUM_BASINS=2, Seed=42).
2026-07-28 13:00:19 [INFO] Testing 4 Parameter Sets: ['Config_A_LR0.1_Ep10_W7_Bg1e-6', 'Config_B_LR0.05_Ep15_W7_Bg1e-6', 'Config_C_LR0.1_Ep10_W7_Bg1e-5', 'Config_D_LR0.05_Ep20_W7_Bg1e-5']

2026-07-28 13:00:20 [INFO]     [DEBUG dt=2014-01-03] q_base_7: [1.2653924 1.2533042 1.175975 ], q_da_7: [1.8571987 1.8026731 1.722121 ]
2026-07-28 13:00:21 [INFO]     [DEBUG dt=2014-01-04] q_base_7: [1.2349797 1.1471547 1.0616889], q_da_7: [1.8007001 1.7004519 1.4761055]
2026-07-28 13:00:22 [INFO] Pretrained Model loaded successfully on device [cpu]: MeanEmbeddingForecastLSTM
2026-07-28 13:00:23 [INFO]     [DEBUG dt=2014-01-05] q_base_7: [1.1435806 1.0515097 1.0090017], q_da_7: [1.4987605 1.3298029 1.2451837]
2026-07-28 13:00:23 [INFO]     [DEBUG] Basin camels_02016000: df_base total rows=35, ds_date_strs count=26662
2026-07-28 13:00:23 [INFO]     [DEBUG L=1] df_b_base rows=5, valid_dates count=5
2026-07-28 13:00:23 [INFO]     [L=1] obs_q: [2.04 1.68 1.27 1.05 1.  ], q_da_seq: [2.9727678 2.4531927 1.8571987 1.8007001 1.4987605]
2026-07-28 13:00:23 [INFO]     -> [L=1] n_obs=5 | Base NSE=0.474, DA NSE=-2.335 | Base KGE=0.322, DA KGE=0.397
2026-07-28 13:00:23 [INFO]     [DEBUG L=2] df_b_base rows=5, valid_dates count=5
2026-07-28 13:00:23 [INFO]     [L=2] obs_q: [1.68 1.27 1.05 1.   0.86], q_da_seq: [2.4740574 1.9828454 1.8026731 1.7004519 1.3298029]
2026-07-28 13:00:23 [INFO]     -> [L=2] n_obs=5 | Base NSE=0.558, DA NSE=-4.901 | Base KGE=0.398, DA KGE=0.338
2026-07-28 13:00:23 [INFO]     [DEBUG L=3] df_b_base rows=5, valid_dates count=5
2026-07-28 13:00:23 [INFO]     [L=3] obs_q: [1.27 1.05 1.   0.86 0.63], q_da_seq: [1.9911985 1.9110262 1.722121  1.4761055 1.2451837]
2026-07-28 13:00:23 [INFO]     -> [L=3] n_obs=5 | Base NSE=-0.112, DA NSE=-10.309 | Base KGE=0.414, DA KGE=0.204
2026-07-28 13:00:23 [INFO]     [DEBUG L=4] df_b_base rows=5, valid_dates count=5
2026-07-28 13:00:23 [INFO]     [L=4] obs_q: [1.05 1.   0.86 0.63 0.78], q_da_seq: [1.9053886 1.8107778 1.4883882 1.3965135 1.1834707]
2026-07-28 13:00:23 [INFO]     -> [L=4] n_obs=5 | Base NSE=-1.643, DA NSE=-21.052 | Base KGE=0.511, DA KGE=-0.117
2026-07-28 13:00:23 [INFO]     [DEBUG L=5] df_b_base rows=5, valid_dates count=5
2026-07-28 13:00:23 [INFO]     [L=5] obs_q: [1.   0.86 0.63 0.78 0.82], q_da_seq: [1.8053364 1.5548271 1.417972  1.3554282 1.1680939]
2026-07-28 13:00:23 [INFO]     -> [L=5] n_obs=5 | Base NSE=-3.264, DA NSE=-29.755 | Base KGE=0.297, DA KGE=-0.170
2026-07-28 13:00:23 [INFO]     [DEBUG L=6] df_b_base rows=5, valid_dates count=5
2026-07-28 13:00:23 [INFO]     [L=6] obs_q: [0.86 0.63 0.78 0.82 1.26], q_da_seq: [1.5499722 1.4996644 1.3723254 1.3337063 2.0248773]
2026-07-28 13:00:23 [INFO]     -> [L=6] n_obs=5 | Base NSE=-1.189, DA NSE=-10.035 | Base KGE=0.512, DA KGE=0.180
2026-07-28 13:00:23 [INFO]     [DEBUG L=7] df_b_base rows=5, valid_dates count=5
2026-07-28 13:00:23 [INFO]     [L=7] obs_q: [0.63 0.78 0.82 1.26 2.81], q_da_seq: [1.4818268 1.427454  1.371916  2.5492587 3.0379314]
2026-07-28 13:00:23 [INFO]     -> [L=7] n_obs=5 | Base NSE=0.816, DA NSE=0.019 | Base KGE=0.699, DA KGE=0.407
2026-07-28 13:00:23 [INFO]   [CHECK SUCCESS] Basin camels_02016000 finished -> L=1 DA NSE: -2.335 | L=5 DA NSE: -29.755
2026-07-28 13:00:23 [INFO]  Processing Basin [2/2]: camels_11253310
2026-07-28 13:00:23 [INFO]     [Basin camels_11253310] Month: 2014-01
2026-07-28 13:00:23 [INFO] Generated 5 issue dates: ['2014-01-01', '2014-01-02', '2014-01-03', '2014-01-04', '2014-01-05']
2026-07-28 13:00:23 [INFO] 
======================================================================
2026-07-28 13:00:23 [INFO]  Running Parameter Set: Config_A_LR0.1_Ep10_W7_Bg1e-6
2026-07-28 13:00:23 [INFO]  (LR=0.1, Epochs=10, Window=7d, BgWeight=1e-06, Gap=1d)
2026-07-28 13:00:23 [INFO] ======================================================================
2026-07-28 13:00:23 [INFO]  Processing Basin [1/2]: camels_02016000
2026-07-28 13:00:23 [INFO]     [Basin camels_02016000] Month: 2014-01
2026-07-28 13:00:29 [INFO]     [DEBUG dt=2014-01-01] q_base_7: [0.1 0.1 0.1], q_da_7: [0.1 0.1 0.1]
2026-07-28 13:00:32 [INFO]     [DEBUG dt=2014-01-02] q_base_7: [0.1 0.1 0.1], q_da_7: [0.1 0.1 0.1]
2026-07-28 13:00:35 [INFO]     [DEBUG dt=2014-01-03] q_base_7: [0.1 0.1 0.1], q_da_7: [0.1 0.1 0.1]
2026-07-28 13:00:39 [INFO]     [DEBUG dt=2014-01-04] q_base_7: [0.1 0.1 0.1], q_da_7: [0.1 0.1 0.1]
2026-07-28 13:00:40 [INFO]     [DEBUG dt=2014-01-05] q_base_7: [0.1 0.1 0.1], q_da_7: [0.1 0.1 0.1]
2026-07-28 13:00:40 [INFO]     [DEBUG] Basin camels_11253310: df_base total rows=35, ds_date_strs count=26662
2026-07-28 13:00:40 [INFO]     [DEBUG L=1] df_b_base rows=5, valid_dates count=5
2026-07-28 13:00:40 [INFO]     [L=1] obs_q: [0. 0. 0. 0. 0.], q_da_seq: [0.1 0.1 0.1 0.1 0.1]
2026-07-28 13:00:40 [INFO]     -> [L=1] n_obs=5 | Base NSE=0.000, DA NSE=0.000 | Base KGE=0.000, DA KGE=0.000
2026-07-28 13:00:40 [INFO]     [DEBUG L=2] df_b_base rows=5, valid_dates count=5
2026-07-28 13:00:40 [INFO]     [L=2] obs_q: [0. 0. 0. 0. 0.], q_da_seq: [0.1 0.1 0.1 0.1 0.1]
2026-07-28 13:00:40 [INFO]     -> [L=2] n_obs=5 | Base NSE=0.000, DA NSE=0.000 | Base KGE=0.000, DA KGE=0.000
2026-07-28 13:00:40 [INFO]     [DEBUG L=3] df_b_base rows=5, valid_dates count=5
2026-07-28 13:00:40 [INFO]     [L=3] obs_q: [0. 0. 0. 0. 0.], q_da_seq: [0.1 0.1 0.1 0.1 0.1]
2026-07-28 13:00:40 [INFO]     -> [L=3] n_obs=5 | Base NSE=0.000, DA NSE=0.000 | Base KGE=0.000, DA KGE=0.000
2026-07-28 13:00:40 [INFO]     [DEBUG L=4] df_b_base rows=5, valid_dates count=5
2026-07-28 13:00:40 [INFO]     [L=4] obs_q: [0. 0. 0. 0. 0.], q_da_seq: [0.1 0.1 0.1 0.1 0.1]
2026-07-28 13:00:40 [INFO]     -> [L=4] n_obs=5 | Base NSE=0.000, DA NSE=0.000 | Base KGE=0.000, DA KGE=0.000
2026-07-28 13:00:40 [INFO]     [DEBUG L=5] df_b_base rows=5, valid_dates count=5
2026-07-28 13:00:40 [INFO]     [L=5] obs_q: [0. 0. 0. 0. 0.], q_da_seq: [0.1 0.1 0.1 0.1 0.1]
2026-07-28 13:00:40 [INFO]     -> [L=5] n_obs=5 | Base NSE=0.000, DA NSE=0.000 | Base KGE=0.000, DA KGE=0.000
2026-07-28 13:00:40 [INFO]     [DEBUG L=6] df_b_base rows=5, valid_dates count=5
2026-07-28 13:00:40 [INFO]     [L=6] obs_q: [0. 0. 0. 0. 0.], q_da_seq: [0.1 0.1 0.1 0.1 0.1]
2026-07-28 13:00:40 [INFO]     -> [L=6] n_obs=5 | Base NSE=0.000, DA NSE=0.000 | Base KGE=0.000, DA KGE=0.000
2026-07-28 13:00:40 [INFO]     [DEBUG L=7] df_b_base rows=5, valid_dates count=5
2026-07-28 13:00:40 [INFO]     [L=7] obs_q: [0. 0. 0. 0. 0.], q_da_seq: [0.1 0.1 0.1 0.1 0.1]
2026-07-28 13:00:40 [INFO]     -> [L=7] n_obs=5 | Base NSE=0.000, DA NSE=0.000 | Base KGE=0.000, DA KGE=0.000
2026-07-28 13:00:40 [INFO]   [CHECK SUCCESS] Basin camels_11253310 finished -> L=1 DA NSE: 0.000 | L=5 DA NSE: 0.000
2026-07-28 13:00:40 [INFO] 
Saved detailed metrics CSV: /usr/local/google/home/kruparell/flood-forecasting/tutorial/notebooks/large_scale_param_selection_results/detailed_basin_parameter_eval.csv
2026-07-28 13:00:40 [INFO] 
======================================================================
2026-07-28 13:00:40 [INFO]  AGGREGATE PARAMETER SELECTION & RANKING SUMMARY                      
2026-07-28 13:00:40 [INFO] ======================================================================
2026-07-28 13:00:40 [INFO] 
--- Mean Metrics by Config ID and Lead Time ---
                     Config ID  Lead Time (Days)  Base NSE  DA NSE  NSE Delta  Base KGE  DA KGE  KGE Delta
 Config_A_LR0.1_Ep10_W7_Bg1e-6                 1     0.237  -1.769     -2.006     0.161   0.141     -0.020
 Config_A_LR0.1_Ep10_W7_Bg1e-6                 2     0.279  -3.331     -3.610     0.199   0.108     -0.092
 Config_A_LR0.1_Ep10_W7_Bg1e-6                 3    -0.056  -6.408     -6.352     0.207   0.050     -0.157
 Config_A_LR0.1_Ep10_W7_Bg1e-6                 4    -0.822 -12.732    -11.910     0.256  -0.100     -0.355
 Config_A_LR0.1_Ep10_W7_Bg1e-6                 5    -1.632 -17.776    -16.144     0.148  -0.132     -0.280
 Config_A_LR0.1_Ep10_W7_Bg1e-6                 6    -0.594  -6.041     -5.447     0.256   0.042     -0.213
 Config_A_LR0.1_Ep10_W7_Bg1e-6                 7     0.408  -0.034     -0.442     0.350   0.186     -0.163
Config_B_LR0.05_Ep15_W7_Bg1e-6                 1     0.237  -1.618     -1.855     0.161   0.164      0.004
Config_B_LR0.05_Ep15_W7_Bg1e-6                 2     0.279  -3.028     -3.307     0.199   0.134     -0.065
Config_B_LR0.05_Ep15_W7_Bg1e-6                 3    -0.056  -5.890     -5.834     0.207   0.080     -0.127
Config_B_LR0.05_Ep15_W7_Bg1e-6                 4    -0.822 -11.632    -10.810     0.256  -0.045     -0.300
Config_B_LR0.05_Ep15_W7_Bg1e-6                 5    -1.632 -16.064    -14.432     0.148  -0.060     -0.209
Config_B_LR0.05_Ep15_W7_Bg1e-6                 6    -0.594  -5.572     -4.978     0.256   0.046     -0.210
Config_B_LR0.05_Ep15_W7_Bg1e-6                 7     0.408   0.036     -0.372     0.350   0.208     -0.142
 Config_C_LR0.1_Ep10_W7_Bg1e-5                 1     0.237  -1.769     -2.006     0.161   0.141     -0.020
 Config_C_LR0.1_Ep10_W7_Bg1e-5                 2     0.279  -3.331     -3.610     0.199   0.108     -0.092
 Config_C_LR0.1_Ep10_W7_Bg1e-5                 3    -0.056  -6.408     -6.352     0.207   0.050     -0.157
 Config_C_LR0.1_Ep10_W7_Bg1e-5                 4    -0.822 -12.732    -11.910     0.256  -0.100     -0.355
 Config_C_LR0.1_Ep10_W7_Bg1e-5                 5    -1.632 -17.776    -16.144     0.148  -0.132     -0.280
 Config_C_LR0.1_Ep10_W7_Bg1e-5                 6    -0.594  -6.041     -5.447     0.256   0.042     -0.213
 Config_C_LR0.1_Ep10_W7_Bg1e-5                 7     0.408  -0.034     -0.442     0.350   0.186     -0.163
Config_D_LR0.05_Ep20_W7_Bg1e-5                 1     0.237  -1.168     -1.404     0.161   0.198      0.038
Config_D_LR0.05_Ep20_W7_Bg1e-5                 2     0.279  -2.450     -2.730     0.199   0.169     -0.030
Config_D_LR0.05_Ep20_W7_Bg1e-5                 3    -0.056  -5.154     -5.098     0.207   0.102     -0.106
Config_D_LR0.05_Ep20_W7_Bg1e-5                 4    -0.822 -10.526     -9.704     0.256  -0.058     -0.314
Config_D_LR0.05_Ep20_W7_Bg1e-5                 5    -1.632 -14.878    -13.246     0.148  -0.085     -0.234
Config_D_LR0.05_Ep20_W7_Bg1e-5                 6    -0.594  -5.018     -4.424     0.256   0.090     -0.166
Config_D_LR0.05_Ep20_W7_Bg1e-5                 7     0.408   0.010     -0.399     0.350   0.204     -0.146
2026-07-28 13:00:40 [INFO] 
--- Overall Parameter Config Rankings (Ranked by Average DA NSE) ---
                     Config ID  Base NSE  DA NSE  NSE Delta  Base KGE  DA KGE  KGE Delta
Config_D_LR0.05_Ep20_W7_Bg1e-5    -0.311  -5.598     -5.286     0.225   0.088     -0.137
Config_B_LR0.05_Ep15_W7_Bg1e-6    -0.311  -6.253     -5.941     0.225   0.075     -0.150
 Config_A_LR0.1_Ep10_W7_Bg1e-6    -0.311  -6.870     -6.559     0.225   0.042     -0.183
 Config_C_LR0.1_Ep10_W7_Bg1e-5    -0.311  -6.870     -6.559     0.225   0.042     -0.183
2026-07-28 13:00:40 [INFO] 
--- Best Performing Parameter Config for EACH Lead Time (1..7 Days) ---
 Lead Time (Days)                 Best Config ID  Mean DA NSE  Mean NSE Delta  Mean DA KGE  Mean KGE Delta
                1 Config_D_LR0.05_Ep20_W7_Bg1e-5       -1.168          -1.404        0.198           0.038
                2 Config_D_LR0.05_Ep20_W7_Bg1e-5       -2.450          -2.730        0.169          -0.030
                3 Config_D_LR0.05_Ep20_W7_Bg1e-5       -5.154          -5.098        0.102          -0.106
                4 Config_D_LR0.05_Ep20_W7_Bg1e-5      -10.526          -9.704       -0.058          -0.314
                5 Config_D_LR0.05_Ep20_W7_Bg1e-5      -14.878         -13.246       -0.085          -0.234
                6 Config_D_LR0.05_Ep20_W7_Bg1e-5       -5.018          -4.424        0.090          -0.166
                7 Config_B_LR0.05_Ep15_W7_Bg1e-6        0.036          -0.372        0.208          -0.142
2026-07-28 13:00:40 [INFO] 
======================================================================
2026-07-28 13:00:40 [INFO] Large-scale parameter selection pipeline completed successfully!
2026-07-28 13:00:40 [INFO] All summary reports saved in: /usr/local/google/home/kruparell/flood-forecasting/tutorial/notebooks/large_scale_param_selection_results
2026-07-28 13:00:40 [INFO] ======================================================================
2026-07-28 13:00:41 [INFO]   [CHECK SUCCESS] Basin camels_02016000 finished -> L=1 DA NSE: -3.538 | L=5 DA NSE: -35.553
2026-07-28 13:00:41 [INFO]  Processing Basin [2/2]: camels_11253310
2026-07-28 13:00:41 [INFO]     [Basin camels_11253310] Month: 2014-01
2026-07-28 13:00:45 [INFO]   [CHECK SUCCESS] Basin camels_11253310 finished -> L=1 DA NSE: 0.000 | L=5 DA NSE: 0.000
2026-07-28 13:00:45 [INFO] 
======================================================================
2026-07-28 13:00:45 [INFO]  Running Parameter Set: Config_B_LR0.05_Ep15_W7_Bg1e-6
2026-07-28 13:00:45 [INFO]  (LR=0.05, Epochs=15, Window=7d, BgWeight=1e-06, Gap=1d)
2026-07-28 13:00:45 [INFO] ======================================================================
2026-07-28 13:00:45 [INFO]  Processing Basin [1/2]: camels_02016000
2026-07-28 13:00:45 [INFO]     [Basin camels_02016000] Month: 2014-01
2026-07-28 13:00:48 [INFO]   [CHECK SUCCESS] Basin camels_02016000 finished -> L=1 DA NSE: -3.236 | L=5 DA NSE: -32.128
2026-07-28 13:00:48 [INFO]  Processing Basin [2/2]: camels_11253310
2026-07-28 13:00:48 [INFO]     [Basin camels_11253310] Month: 2014-01
2026-07-28 13:00:52 [INFO]   [CHECK SUCCESS] Basin camels_11253310 finished -> L=1 DA NSE: 0.000 | L=5 DA NSE: 0.000
2026-07-28 13:00:52 [INFO] 
======================================================================
2026-07-28 13:00:52 [INFO]  Running Parameter Set: Config_C_LR0.1_Ep10_W7_Bg1e-5
2026-07-28 13:00:52 [INFO]  (LR=0.1, Epochs=10, Window=7d, BgWeight=1e-05, Gap=1d)
2026-07-28 13:00:52 [INFO] ======================================================================
2026-07-28 13:00:52 [INFO]  Processing Basin [1/2]: camels_02016000
2026-07-28 13:00:52 [INFO]     [Basin camels_02016000] Month: 2014-01
2026-07-28 13:00:55 [INFO]   [CHECK SUCCESS] Basin camels_02016000 finished -> L=1 DA NSE: -3.538 | L=5 DA NSE: -35.553
2026-07-28 13:00:55 [INFO]  Processing Basin [2/2]: camels_11253310
2026-07-28 13:00:55 [INFO]     [Basin camels_11253310] Month: 2014-01
2026-07-28 13:00:58 [INFO]   [CHECK SUCCESS] Basin camels_11253310 finished -> L=1 DA NSE: 0.000 | L=5 DA NSE: 0.000
2026-07-28 13:00:58 [INFO] 
======================================================================
2026-07-28 13:00:58 [INFO]  Running Parameter Set: Config_D_LR0.05_Ep20_W7_Bg1e-5
2026-07-28 13:00:58 [INFO]  (LR=0.05, Epochs=20, Window=7d, BgWeight=1e-05, Gap=1d)
2026-07-28 13:00:58 [INFO] ======================================================================
2026-07-28 13:00:58 [INFO]  Processing Basin [1/2]: camels_02016000
2026-07-28 13:00:58 [INFO]     [Basin camels_02016000] Month: 2014-01
2026-07-28 13:01:02 [INFO]   [CHECK SUCCESS] Basin camels_02016000 finished -> L=1 DA NSE: -2.335 | L=5 DA NSE: -29.755
2026-07-28 13:01:02 [INFO]  Processing Basin [2/2]: camels_11253310
2026-07-28 13:01:02 [INFO]     [Basin camels_11253310] Month: 2014-01
2026-07-28 13:01:06 [INFO]   [CHECK SUCCESS] Basin camels_11253310 finished -> L=1 DA NSE: 0.000 | L=5 DA NSE: 0.000
2026-07-28 13:01:06 [INFO] 
Saved detailed metrics CSV: /usr/local/google/home/kruparell/flood-forecasting/tutorial/notebooks/large_scale_param_selection_results/detailed_basin_parameter_eval.csv
2026-07-28 13:01:06 [INFO] 
======================================================================
2026-07-28 13:01:06 [INFO]  AGGREGATE PARAMETER SELECTION & RANKING SUMMARY                      
2026-07-28 13:01:06 [INFO] ======================================================================
2026-07-28 13:01:06 [INFO] 
--- Mean Metrics by Config ID and Lead Time ---
                     Config ID  Lead Time (Days)  Base NSE  DA NSE  NSE Delta  Base KGE  DA KGE  KGE Delta
 Config_A_LR0.1_Ep10_W7_Bg1e-6                 1     0.237  -1.769     -2.006     0.161   0.141     -0.020
 Config_A_LR0.1_Ep10_W7_Bg1e-6                 2     0.279  -3.331     -3.610     0.199   0.108     -0.092
 Config_A_LR0.1_Ep10_W7_Bg1e-6                 3    -0.056  -6.408     -6.352     0.207   0.050     -0.157
 Config_A_LR0.1_Ep10_W7_Bg1e-6                 4    -0.822 -12.732    -11.910     0.256  -0.100     -0.355
 Config_A_LR0.1_Ep10_W7_Bg1e-6                 5    -1.632 -17.776    -16.144     0.148  -0.132     -0.280
 Config_A_LR0.1_Ep10_W7_Bg1e-6                 6    -0.594  -6.041     -5.447     0.256   0.042     -0.213
 Config_A_LR0.1_Ep10_W7_Bg1e-6                 7     0.408  -0.034     -0.442     0.350   0.186     -0.163
Config_B_LR0.05_Ep15_W7_Bg1e-6                 1     0.237  -1.618     -1.855     0.161   0.164      0.004
Config_B_LR0.05_Ep15_W7_Bg1e-6                 2     0.279  -3.028     -3.307     0.199   0.134     -0.065
Config_B_LR0.05_Ep15_W7_Bg1e-6                 3    -0.056  -5.890     -5.834     0.207   0.080     -0.127
Config_B_LR0.05_Ep15_W7_Bg1e-6                 4    -0.822 -11.632    -10.810     0.256  -0.045     -0.300
Config_B_LR0.05_Ep15_W7_Bg1e-6                 5    -1.632 -16.064    -14.432     0.148  -0.060     -0.209
Config_B_LR0.05_Ep15_W7_Bg1e-6                 6    -0.594  -5.572     -4.978     0.256   0.046     -0.210
Config_B_LR0.05_Ep15_W7_Bg1e-6                 7     0.408   0.036     -0.372     0.350   0.208     -0.142
 Config_C_LR0.1_Ep10_W7_Bg1e-5                 1     0.237  -1.769     -2.006     0.161   0.141     -0.020
 Config_C_LR0.1_Ep10_W7_Bg1e-5                 2     0.279  -3.331     -3.610     0.199   0.108     -0.092
 Config_C_LR0.1_Ep10_W7_Bg1e-5                 3    -0.056  -6.408     -6.352     0.207   0.050     -0.157
 Config_C_LR0.1_Ep10_W7_Bg1e-5                 4    -0.822 -12.732    -11.910     0.256  -0.100     -0.355
 Config_C_LR0.1_Ep10_W7_Bg1e-5                 5    -1.632 -17.776    -16.144     0.148  -0.132     -0.280
 Config_C_LR0.1_Ep10_W7_Bg1e-5                 6    -0.594  -6.041     -5.447     0.256   0.042     -0.213
 Config_C_LR0.1_Ep10_W7_Bg1e-5                 7     0.408  -0.034     -0.442     0.350   0.186     -0.163
Config_D_LR0.05_Ep20_W7_Bg1e-5                 1     0.237  -1.168     -1.404     0.161   0.198      0.038
Config_D_LR0.05_Ep20_W7_Bg1e-5                 2     0.279  -2.450     -2.730     0.199   0.169     -0.030
Config_D_LR0.05_Ep20_W7_Bg1e-5                 3    -0.056  -5.154     -5.098     0.207   0.102     -0.106
Config_D_LR0.05_Ep20_W7_Bg1e-5                 4    -0.822 -10.526     -9.704     0.256  -0.058     -0.314
Config_D_LR0.05_Ep20_W7_Bg1e-5                 5    -1.632 -14.878    -13.246     0.148  -0.085     -0.234
Config_D_LR0.05_Ep20_W7_Bg1e-5                 6    -0.594  -5.018     -4.424     0.256   0.090     -0.166
Config_D_LR0.05_Ep20_W7_Bg1e-5                 7     0.408   0.010     -0.399     0.350   0.204     -0.146
2026-07-28 13:01:06 [INFO] 
--- Overall Parameter Config Rankings (Ranked by Average DA NSE) ---
                     Config ID  Base NSE  DA NSE  NSE Delta  Base KGE  DA KGE  KGE Delta
Config_D_LR0.05_Ep20_W7_Bg1e-5    -0.311  -5.598     -5.286     0.225   0.088     -0.137
Config_B_LR0.05_Ep15_W7_Bg1e-6    -0.311  -6.253     -5.941     0.225   0.075     -0.150
 Config_A_LR0.1_Ep10_W7_Bg1e-6    -0.311  -6.870     -6.559     0.225   0.042     -0.183
 Config_C_LR0.1_Ep10_W7_Bg1e-5    -0.311  -6.870     -6.559     0.225   0.042     -0.183
2026-07-28 13:01:06 [INFO] 
--- Best Performing Parameter Config for EACH Lead Time (1..7 Days) ---
 Lead Time (Days)                 Best Config ID  Mean DA NSE  Mean NSE Delta  Mean DA KGE  Mean KGE Delta
                1 Config_D_LR0.05_Ep20_W7_Bg1e-5       -1.168          -1.404        0.198           0.038
                2 Config_D_LR0.05_Ep20_W7_Bg1e-5       -2.450          -2.730        0.169          -0.030
                3 Config_D_LR0.05_Ep20_W7_Bg1e-5       -5.154          -5.098        0.102          -0.106
                4 Config_D_LR0.05_Ep20_W7_Bg1e-5      -10.526          -9.704       -0.058          -0.314
                5 Config_D_LR0.05_Ep20_W7_Bg1e-5      -14.878         -13.246       -0.085          -0.234
                6 Config_D_LR0.05_Ep20_W7_Bg1e-5       -5.018          -4.424        0.090          -0.166
                7 Config_B_LR0.05_Ep15_W7_Bg1e-6        0.036          -0.372        0.208          -0.142
2026-07-28 13:01:06 [INFO] 
======================================================================
2026-07-28 13:01:06 [INFO] Large-scale parameter selection pipeline completed successfully!
2026-07-28 13:01:06 [INFO] All summary reports saved in: /usr/local/google/home/kruparell/flood-forecasting/tutorial/notebooks/large_scale_param_selection_results
2026-07-28 13:01:06 [INFO] ======================================================================
2026-07-28 14:01:46 [INFO] ======================================================================
2026-07-28 14:01:46 [INFO]  Large-Scale DA Parameter Selection Pipeline across Cloudtop Caravans 
2026-07-28 14:01:46 [INFO] ======================================================================
2026-07-28 14:01:46 [INFO] Hardware Compute Device: cpu
2026-07-28 14:01:46 [INFO] Full Caravans Path: /usr/local/google/home/kruparell/Caravans/Caravan-nc
2026-07-28 14:01:46 [INFO] Evaluation Date Range: 2017-01-01 to 2017-01-10
2026-07-28 14:01:46 [INFO] Target Lead Times: [1, 2, 3, 4, 5, 6, 7]
2026-07-28 14:01:46 [INFO] Log File Location: /usr/local/google/home/kruparell/flood-forecasting/tutorial/notebooks/large_scale_param_selection_results/large_scale_param_selection.log
2026-07-28 14:01:46 [INFO] Loaded 3 basins from basins-wth-forecast-streamflow-2017-2019.txt (NUM_BASINS=3, Seed=42).
2026-07-28 14:01:46 [INFO] Testing 4 Parameter Sets: ['Config_A_LR0.1_Ep10_W7_Bg1e-6', 'Config_B_LR0.05_Ep15_W7_Bg1e-6', 'Config_C_LR0.1_Ep10_W7_Bg1e-5', 'Config_D_LR0.05_Ep20_W7_Bg1e-5']

2026-07-28 14:01:47 [INFO] Pretrained Model loaded successfully on device [cpu]: MeanEmbeddingForecastLSTM
2026-07-28 14:01:48 [INFO] Generated 1 issue dates: ['2017-01-01']
2026-07-28 14:01:48 [INFO] 
======================================================================
2026-07-28 14:01:48 [INFO]  Running Parameter Set: Config_A_LR0.1_Ep10_W7_Bg1e-6
2026-07-28 14:01:48 [INFO]  (LR=0.1, Epochs=10, Window=7d, BgWeight=1e-06, Gap=1d)
2026-07-28 14:01:48 [INFO] ======================================================================
2026-07-28 14:01:48 [INFO]  Processing Basin [1/3]: camelscl_10133000
2026-07-28 14:01:48 [INFO]     [Basin camelscl_10133000] Month: 2017-01
2026-07-28 14:01:50 [INFO]     [DEBUG SAMPLE] camelscl_10133000 on 2017-01-01 -> Base(L1..7)=[1.39 1.35 1.36 1.37 1.37 1.37 1.38], DA(L1..7)=[1.04 0.96 0.98 1.01 0.99 0.98 1.  ]
2026-07-28 14:01:50 [INFO]  Processing Basin [2/3]: camelscl_6013001
2026-07-28 14:01:50 [INFO]     [Basin camelscl_6013001] Month: 2017-01
2026-07-28 14:01:50 [ERROR]     [DEBUG ERROR] NaNs detected in batch inputs for camelscl_6013001 on 2017-01-01! (static_NaN=False, y_NaN=True)
2026-07-28 14:01:51 [INFO]     [DEBUG SAMPLE] camelscl_6013001 on 2017-01-01 -> Base(L1..7)=[0.91 0.91 0.89 0.89 0.89 0.9  0.9 ], DA(L1..7)=[2.64 2.61 2.58 2.55 2.49 2.45 2.43]
2026-07-28 14:01:51 [INFO]  Processing Basin [3/3]: camelscl_6034022
2026-07-28 14:01:51 [INFO]     [Basin camelscl_6034022] Month: 2017-01
2026-07-28 14:01:53 [INFO]     [DEBUG SAMPLE] camelscl_6034022 on 2017-01-01 -> Base(L1..7)=[0.1 0.1 0.1 0.1 0.1 0.1 0.1], DA(L1..7)=[1.46 1.37 1.32 1.3  1.27 1.23 1.2 ]
2026-07-28 14:01:53 [INFO] 
======================================================================
2026-07-28 14:01:53 [INFO]  Running Parameter Set: Config_B_LR0.05_Ep15_W7_Bg1e-6
2026-07-28 14:01:53 [INFO]  (LR=0.05, Epochs=15, Window=7d, BgWeight=1e-06, Gap=1d)
2026-07-28 14:01:53 [INFO] ======================================================================
2026-07-28 14:01:53 [INFO]  Processing Basin [1/3]: camelscl_10133000
2026-07-28 14:01:53 [INFO]     [Basin camelscl_10133000] Month: 2017-01
2026-07-28 14:01:54 [INFO]     [DEBUG SAMPLE] camelscl_10133000 on 2017-01-01 -> Base(L1..7)=[1.39 1.35 1.36 1.37 1.37 1.37 1.38], DA(L1..7)=[1.07 0.98 1.01 1.04 1.01 1.01 1.03]
2026-07-28 14:01:54 [INFO]  Processing Basin [2/3]: camelscl_6013001
2026-07-28 14:01:54 [INFO]     [Basin camelscl_6013001] Month: 2017-01
2026-07-28 14:01:55 [ERROR]     [DEBUG ERROR] NaNs detected in batch inputs for camelscl_6013001 on 2017-01-01! (static_NaN=False, y_NaN=True)
2026-07-28 14:01:56 [INFO]     [DEBUG SAMPLE] camelscl_6013001 on 2017-01-01 -> Base(L1..7)=[0.91 0.91 0.89 0.89 0.89 0.9  0.9 ], DA(L1..7)=[2.66 2.63 2.6  2.56 2.5  2.45 2.44]
2026-07-28 14:01:56 [INFO]  Processing Basin [3/3]: camelscl_6034022
2026-07-28 14:01:56 [INFO]     [Basin camelscl_6034022] Month: 2017-01
2026-07-28 14:01:57 [INFO]     [DEBUG SAMPLE] camelscl_6034022 on 2017-01-01 -> Base(L1..7)=[0.1 0.1 0.1 0.1 0.1 0.1 0.1], DA(L1..7)=[1.14 1.08 1.05 1.03 1.01 0.98 0.96]
2026-07-28 14:01:58 [INFO] 
======================================================================
2026-07-28 14:01:58 [INFO]  Running Parameter Set: Config_C_LR0.1_Ep10_W7_Bg1e-5
2026-07-28 14:01:58 [INFO]  (LR=0.1, Epochs=10, Window=7d, BgWeight=1e-05, Gap=1d)
2026-07-28 14:01:58 [INFO] ======================================================================
2026-07-28 14:01:58 [INFO]  Processing Basin [1/3]: camelscl_10133000
2026-07-28 14:01:58 [INFO]     [Basin camelscl_10133000] Month: 2017-01
2026-07-28 14:01:59 [INFO]     [DEBUG SAMPLE] camelscl_10133000 on 2017-01-01 -> Base(L1..7)=[1.39 1.35 1.36 1.37 1.37 1.37 1.38], DA(L1..7)=[1.04 0.96 0.98 1.01 0.99 0.98 1.  ]
2026-07-28 14:01:59 [INFO]  Processing Basin [2/3]: camelscl_6013001
2026-07-28 14:01:59 [INFO]     [Basin camelscl_6013001] Month: 2017-01
2026-07-28 14:01:59 [ERROR]     [DEBUG ERROR] NaNs detected in batch inputs for camelscl_6013001 on 2017-01-01! (static_NaN=False, y_NaN=True)
2026-07-28 14:02:00 [INFO]     [DEBUG SAMPLE] camelscl_6013001 on 2017-01-01 -> Base(L1..7)=[0.91 0.91 0.89 0.89 0.89 0.9  0.9 ], DA(L1..7)=[2.64 2.61 2.58 2.55 2.49 2.45 2.43]
2026-07-28 14:02:00 [INFO]  Processing Basin [3/3]: camelscl_6034022
2026-07-28 14:02:00 [INFO]     [Basin camelscl_6034022] Month: 2017-01
2026-07-28 14:02:01 [INFO]     [DEBUG SAMPLE] camelscl_6034022 on 2017-01-01 -> Base(L1..7)=[0.1 0.1 0.1 0.1 0.1 0.1 0.1], DA(L1..7)=[1.46 1.37 1.32 1.3  1.27 1.23 1.2 ]
2026-07-28 14:02:01 [INFO] 
======================================================================
2026-07-28 14:02:01 [INFO]  Running Parameter Set: Config_D_LR0.05_Ep20_W7_Bg1e-5
2026-07-28 14:02:01 [INFO]  (LR=0.05, Epochs=20, Window=7d, BgWeight=1e-05, Gap=1d)
2026-07-28 14:02:01 [INFO] ======================================================================
2026-07-28 14:02:01 [INFO]  Processing Basin [1/3]: camelscl_10133000
2026-07-28 14:02:01 [INFO]     [Basin camelscl_10133000] Month: 2017-01
2026-07-28 14:02:02 [INFO]     [DEBUG SAMPLE] camelscl_10133000 on 2017-01-01 -> Base(L1..7)=[1.39 1.35 1.36 1.37 1.37 1.37 1.38], DA(L1..7)=[1.11 1.03 1.05 1.08 1.06 1.05 1.07]
2026-07-28 14:02:03 [INFO]  Processing Basin [2/3]: camelscl_6013001
2026-07-28 14:02:03 [INFO]     [Basin camelscl_6013001] Month: 2017-01
2026-07-28 14:02:03 [ERROR]     [DEBUG ERROR] NaNs detected in batch inputs for camelscl_6013001 on 2017-01-01! (static_NaN=False, y_NaN=True)
2026-07-28 14:02:04 [INFO]     [DEBUG SAMPLE] camelscl_6013001 on 2017-01-01 -> Base(L1..7)=[0.91 0.91 0.89 0.89 0.89 0.9  0.9 ], DA(L1..7)=[2.43 2.4  2.37 2.34 2.29 2.26 2.25]
2026-07-28 14:02:04 [INFO]  Processing Basin [3/3]: camelscl_6034022
2026-07-28 14:02:04 [INFO]     [Basin camelscl_6034022] Month: 2017-01
2026-07-28 14:02:05 [INFO]     [DEBUG SAMPLE] camelscl_6034022 on 2017-01-01 -> Base(L1..7)=[0.1 0.1 0.1 0.1 0.1 0.1 0.1], DA(L1..7)=[1.61 1.5  1.4  1.37 1.33 1.28 1.24]
2026-07-28 14:02:05 [INFO] 
Saved detailed metrics CSV: /usr/local/google/home/kruparell/flood-forecasting/tutorial/notebooks/large_scale_param_selection_results/detailed_basin_parameter_eval.csv
2026-07-28 14:02:05 [INFO] 
======================================================================
2026-07-28 14:02:05 [INFO]  AGGREGATE PARAMETER SELECTION & RANKING SUMMARY                      
2026-07-28 14:02:05 [INFO] ======================================================================
2026-07-28 14:02:05 [INFO] 
--- Mean Metrics by Config ID and Lead Time ---
2026-07-28 14:02:05 [INFO] 
                     Config ID  Lead Time (Days)  Base NSE  DA NSE  NSE Delta  Base KGE  DA KGE  KGE Delta
 Config_A_LR0.1_Ep10_W7_Bg1e-6                 1       NaN     NaN        NaN       NaN     NaN        NaN
 Config_A_LR0.1_Ep10_W7_Bg1e-6                 2       NaN     NaN        NaN       NaN     NaN        NaN
 Config_A_LR0.1_Ep10_W7_Bg1e-6                 3       NaN     NaN        NaN       NaN     NaN        NaN
 Config_A_LR0.1_Ep10_W7_Bg1e-6                 4       NaN     NaN        NaN       NaN     NaN        NaN
 Config_A_LR0.1_Ep10_W7_Bg1e-6                 5       NaN     NaN        NaN       NaN     NaN        NaN
 Config_A_LR0.1_Ep10_W7_Bg1e-6                 6       NaN     NaN        NaN       NaN     NaN        NaN
 Config_A_LR0.1_Ep10_W7_Bg1e-6                 7       NaN     NaN        NaN       NaN     NaN        NaN
Config_B_LR0.05_Ep15_W7_Bg1e-6                 1       NaN     NaN        NaN       NaN     NaN        NaN
Config_B_LR0.05_Ep15_W7_Bg1e-6                 2       NaN     NaN        NaN       NaN     NaN        NaN
Config_B_LR0.05_Ep15_W7_Bg1e-6                 3       NaN     NaN        NaN       NaN     NaN        NaN
Config_B_LR0.05_Ep15_W7_Bg1e-6                 4       NaN     NaN        NaN       NaN     NaN        NaN
Config_B_LR0.05_Ep15_W7_Bg1e-6                 5       NaN     NaN        NaN       NaN     NaN        NaN
Config_B_LR0.05_Ep15_W7_Bg1e-6                 6       NaN     NaN        NaN       NaN     NaN        NaN
Config_B_LR0.05_Ep15_W7_Bg1e-6                 7       NaN     NaN        NaN       NaN     NaN        NaN
 Config_C_LR0.1_Ep10_W7_Bg1e-5                 1       NaN     NaN        NaN       NaN     NaN        NaN
 Config_C_LR0.1_Ep10_W7_Bg1e-5                 2       NaN     NaN        NaN       NaN     NaN        NaN
 Config_C_LR0.1_Ep10_W7_Bg1e-5                 3       NaN     NaN        NaN       NaN     NaN        NaN
 Config_C_LR0.1_Ep10_W7_Bg1e-5                 4       NaN     NaN        NaN       NaN     NaN        NaN
 Config_C_LR0.1_Ep10_W7_Bg1e-5                 5       NaN     NaN        NaN       NaN     NaN        NaN
 Config_C_LR0.1_Ep10_W7_Bg1e-5                 6       NaN     NaN        NaN       NaN     NaN        NaN
 Config_C_LR0.1_Ep10_W7_Bg1e-5                 7       NaN     NaN        NaN       NaN     NaN        NaN
Config_D_LR0.05_Ep20_W7_Bg1e-5                 1       NaN     NaN        NaN       NaN     NaN        NaN
Config_D_LR0.05_Ep20_W7_Bg1e-5                 2       NaN     NaN        NaN       NaN     NaN        NaN
Config_D_LR0.05_Ep20_W7_Bg1e-5                 3       NaN     NaN        NaN       NaN     NaN        NaN
Config_D_LR0.05_Ep20_W7_Bg1e-5                 4       NaN     NaN        NaN       NaN     NaN        NaN
Config_D_LR0.05_Ep20_W7_Bg1e-5                 5       NaN     NaN        NaN       NaN     NaN        NaN
Config_D_LR0.05_Ep20_W7_Bg1e-5                 6       NaN     NaN        NaN       NaN     NaN        NaN
Config_D_LR0.05_Ep20_W7_Bg1e-5                 7       NaN     NaN        NaN       NaN     NaN        NaN
2026-07-28 14:02:05 [INFO] 
--- Overall Parameter Config Rankings (Ranked by Average DA NSE) ---
2026-07-28 14:02:05 [INFO] 
                     Config ID  Base NSE  DA NSE  NSE Delta  Base KGE  DA KGE  KGE Delta
 Config_A_LR0.1_Ep10_W7_Bg1e-6       NaN     NaN        NaN       NaN     NaN        NaN
Config_B_LR0.05_Ep15_W7_Bg1e-6       NaN     NaN        NaN       NaN     NaN        NaN
 Config_C_LR0.1_Ep10_W7_Bg1e-5       NaN     NaN        NaN       NaN     NaN        NaN
Config_D_LR0.05_Ep20_W7_Bg1e-5       NaN     NaN        NaN       NaN     NaN        NaN
2026-07-28 14:02:36 [INFO] ======================================================================
2026-07-28 14:02:36 [INFO]  Large-Scale DA Parameter Selection Pipeline across Cloudtop Caravans 
2026-07-28 14:02:36 [INFO] ======================================================================
2026-07-28 14:02:36 [INFO] Hardware Compute Device: cpu
2026-07-28 14:02:36 [INFO] Full Caravans Path: /usr/local/google/home/kruparell/Caravans/Caravan-nc
2026-07-28 14:02:36 [INFO] Evaluation Date Range: 2017-01-01 to 2017-01-10
2026-07-28 14:02:36 [INFO] Target Lead Times: [1, 2, 3, 4, 5, 6, 7]
2026-07-28 14:02:36 [INFO] Log File Location: /usr/local/google/home/kruparell/flood-forecasting/tutorial/notebooks/large_scale_param_selection_results/large_scale_param_selection.log
2026-07-28 14:02:36 [INFO] Loaded 3 basins from basins-wth-forecast-streamflow-2017-2019.txt (NUM_BASINS=3, Seed=42).
2026-07-28 14:02:36 [INFO] Testing 4 Parameter Sets: ['Config_A_LR0.1_Ep10_W7_Bg1e-6', 'Config_B_LR0.05_Ep15_W7_Bg1e-6', 'Config_C_LR0.1_Ep10_W7_Bg1e-5', 'Config_D_LR0.05_Ep20_W7_Bg1e-5']

2026-07-28 14:02:38 [INFO] Pretrained Model loaded successfully on device [cpu]: MeanEmbeddingForecastLSTM
2026-07-28 14:02:38 [INFO] Generated 1 issue dates: ['2017-01-01']
2026-07-28 14:02:38 [INFO] 
======================================================================
2026-07-28 14:02:38 [INFO]  Running Parameter Set: Config_A_LR0.1_Ep10_W7_Bg1e-6
2026-07-28 14:02:38 [INFO]  (LR=0.1, Epochs=10, Window=7d, BgWeight=1e-06, Gap=1d)
2026-07-28 14:02:38 [INFO] ======================================================================
2026-07-28 14:02:38 [INFO]  Processing Basin [1/3]: camelscl_10133000
2026-07-28 14:02:38 [INFO]     [Basin camelscl_10133000] Month: 2017-01
2026-07-28 14:02:40 [INFO]     [DEBUG SAMPLE] camelscl_10133000 on 2017-01-01 -> Base(L1..7)=[1.39 1.35 1.36 1.37 1.37 1.37 1.38], DA(L1..7)=[1.04 0.96 0.98 1.01 0.99 0.98 1.  ]
2026-07-28 14:02:40 [INFO]  Processing Basin [2/3]: camelscl_6013001
2026-07-28 14:02:40 [INFO]     [Basin camelscl_6013001] Month: 2017-01
2026-07-28 14:02:41 [ERROR]     [DEBUG ERROR] NaNs detected in batch inputs for camelscl_6013001 on 2017-01-01! (static_NaN=False, y_NaN=True)
2026-07-28 14:02:41 [INFO]     [DEBUG SAMPLE] camelscl_6013001 on 2017-01-01 -> Base(L1..7)=[0.91 0.91 0.89 0.89 0.89 0.9  0.9 ], DA(L1..7)=[2.64 2.61 2.58 2.55 2.49 2.45 2.43]
2026-07-28 14:02:42 [INFO]  Processing Basin [3/3]: camelscl_6034022
2026-07-28 14:02:42 [INFO]     [Basin camelscl_6034022] Month: 2017-01
2026-07-28 14:02:43 [INFO]     [DEBUG SAMPLE] camelscl_6034022 on 2017-01-01 -> Base(L1..7)=[0.1 0.1 0.1 0.1 0.1 0.1 0.1], DA(L1..7)=[1.46 1.37 1.32 1.3  1.27 1.23 1.2 ]
2026-07-28 14:02:43 [INFO] 
======================================================================
2026-07-28 14:02:43 [INFO]  Running Parameter Set: Config_B_LR0.05_Ep15_W7_Bg1e-6
2026-07-28 14:02:43 [INFO]  (LR=0.05, Epochs=15, Window=7d, BgWeight=1e-06, Gap=1d)
2026-07-28 14:02:43 [INFO] ======================================================================
2026-07-28 14:02:43 [INFO]  Processing Basin [1/3]: camelscl_10133000
2026-07-28 14:02:43 [INFO]     [Basin camelscl_10133000] Month: 2017-01
2026-07-28 14:02:44 [INFO]     [DEBUG SAMPLE] camelscl_10133000 on 2017-01-01 -> Base(L1..7)=[1.39 1.35 1.36 1.37 1.37 1.37 1.38], DA(L1..7)=[1.07 0.98 1.01 1.04 1.01 1.01 1.03]
2026-07-28 14:02:44 [INFO]  Processing Basin [2/3]: camelscl_6013001
2026-07-28 14:02:44 [INFO]     [Basin camelscl_6013001] Month: 2017-01
2026-07-28 14:02:45 [ERROR]     [DEBUG ERROR] NaNs detected in batch inputs for camelscl_6013001 on 2017-01-01! (static_NaN=False, y_NaN=True)
2026-07-28 14:02:46 [INFO]     [DEBUG SAMPLE] camelscl_6013001 on 2017-01-01 -> Base(L1..7)=[0.91 0.91 0.89 0.89 0.89 0.9  0.9 ], DA(L1..7)=[2.66 2.63 2.6  2.56 2.5  2.45 2.44]
2026-07-28 14:02:46 [INFO]  Processing Basin [3/3]: camelscl_6034022
2026-07-28 14:02:46 [INFO]     [Basin camelscl_6034022] Month: 2017-01
2026-07-28 14:02:47 [INFO]     [DEBUG SAMPLE] camelscl_6034022 on 2017-01-01 -> Base(L1..7)=[0.1 0.1 0.1 0.1 0.1 0.1 0.1], DA(L1..7)=[1.14 1.08 1.05 1.03 1.01 0.98 0.96]
2026-07-28 14:02:47 [INFO] 
======================================================================
2026-07-28 14:02:47 [INFO]  Running Parameter Set: Config_C_LR0.1_Ep10_W7_Bg1e-5
2026-07-28 14:02:47 [INFO]  (LR=0.1, Epochs=10, Window=7d, BgWeight=1e-05, Gap=1d)
2026-07-28 14:02:47 [INFO] ======================================================================
2026-07-28 14:02:47 [INFO]  Processing Basin [1/3]: camelscl_10133000
2026-07-28 14:02:48 [INFO]     [Basin camelscl_10133000] Month: 2017-01
2026-07-28 14:02:49 [INFO]     [DEBUG SAMPLE] camelscl_10133000 on 2017-01-01 -> Base(L1..7)=[1.39 1.35 1.36 1.37 1.37 1.37 1.38], DA(L1..7)=[1.04 0.96 0.98 1.01 0.99 0.98 1.  ]
2026-07-28 14:02:49 [INFO]  Processing Basin [2/3]: camelscl_6013001
2026-07-28 14:02:49 [INFO]     [Basin camelscl_6013001] Month: 2017-01
2026-07-28 14:02:49 [ERROR]     [DEBUG ERROR] NaNs detected in batch inputs for camelscl_6013001 on 2017-01-01! (static_NaN=False, y_NaN=True)
2026-07-28 14:02:50 [INFO]     [DEBUG SAMPLE] camelscl_6013001 on 2017-01-01 -> Base(L1..7)=[0.91 0.91 0.89 0.89 0.89 0.9  0.9 ], DA(L1..7)=[2.64 2.61 2.58 2.55 2.49 2.45 2.43]
2026-07-28 14:02:50 [INFO]  Processing Basin [3/3]: camelscl_6034022
2026-07-28 14:02:50 [INFO]     [Basin camelscl_6034022] Month: 2017-01
2026-07-28 14:02:51 [INFO]     [DEBUG SAMPLE] camelscl_6034022 on 2017-01-01 -> Base(L1..7)=[0.1 0.1 0.1 0.1 0.1 0.1 0.1], DA(L1..7)=[1.46 1.37 1.32 1.3  1.27 1.23 1.2 ]
2026-07-28 14:02:51 [INFO] 
======================================================================
2026-07-28 14:02:51 [INFO]  Running Parameter Set: Config_D_LR0.05_Ep20_W7_Bg1e-5
2026-07-28 14:02:51 [INFO]  (LR=0.05, Epochs=20, Window=7d, BgWeight=1e-05, Gap=1d)
2026-07-28 14:02:51 [INFO] ======================================================================
2026-07-28 14:02:51 [INFO]  Processing Basin [1/3]: camelscl_10133000
2026-07-28 14:02:51 [INFO]     [Basin camelscl_10133000] Month: 2017-01
2026-07-28 14:02:52 [INFO]     [DEBUG SAMPLE] camelscl_10133000 on 2017-01-01 -> Base(L1..7)=[1.39 1.35 1.36 1.37 1.37 1.37 1.38], DA(L1..7)=[1.11 1.03 1.05 1.08 1.06 1.05 1.07]
2026-07-28 14:02:52 [INFO]  Processing Basin [2/3]: camelscl_6013001
2026-07-28 14:02:52 [INFO]     [Basin camelscl_6013001] Month: 2017-01
2026-07-28 14:02:53 [ERROR]     [DEBUG ERROR] NaNs detected in batch inputs for camelscl_6013001 on 2017-01-01! (static_NaN=False, y_NaN=True)
2026-07-28 14:02:54 [INFO]     [DEBUG SAMPLE] camelscl_6013001 on 2017-01-01 -> Base(L1..7)=[0.91 0.91 0.89 0.89 0.89 0.9  0.9 ], DA(L1..7)=[2.43 2.4  2.37 2.34 2.29 2.26 2.25]
2026-07-28 14:02:54 [INFO]  Processing Basin [3/3]: camelscl_6034022
2026-07-28 14:02:54 [INFO]     [Basin camelscl_6034022] Month: 2017-01
2026-07-28 14:02:55 [INFO]     [DEBUG SAMPLE] camelscl_6034022 on 2017-01-01 -> Base(L1..7)=[0.1 0.1 0.1 0.1 0.1 0.1 0.1], DA(L1..7)=[1.61 1.5  1.4  1.37 1.33 1.28 1.24]
2026-07-28 14:02:55 [INFO] 
Saved detailed metrics CSV: /usr/local/google/home/kruparell/flood-forecasting/tutorial/notebooks/large_scale_param_selection_results/detailed_basin_parameter_eval.csv
2026-07-28 14:02:55 [INFO] 
======================================================================
2026-07-28 14:02:55 [INFO]  AGGREGATE PARAMETER SELECTION & RANKING SUMMARY                      
2026-07-28 14:02:55 [INFO] ======================================================================
2026-07-28 14:02:55 [INFO] 
--- Mean Metrics by Config ID and Lead Time ---
2026-07-28 14:02:55 [INFO] 
                     Config ID  Lead Time (Days)  Base NSE  DA NSE  NSE Delta  Base KGE  DA KGE  KGE Delta
 Config_A_LR0.1_Ep10_W7_Bg1e-6                 1       NaN     NaN        NaN       NaN     NaN        NaN
 Config_A_LR0.1_Ep10_W7_Bg1e-6                 2       NaN     NaN        NaN       NaN     NaN        NaN
 Config_A_LR0.1_Ep10_W7_Bg1e-6                 3       NaN     NaN        NaN       NaN     NaN        NaN
 Config_A_LR0.1_Ep10_W7_Bg1e-6                 4       NaN     NaN        NaN       NaN     NaN        NaN
 Config_A_LR0.1_Ep10_W7_Bg1e-6                 5       NaN     NaN        NaN       NaN     NaN        NaN
 Config_A_LR0.1_Ep10_W7_Bg1e-6                 6       NaN     NaN        NaN       NaN     NaN        NaN
 Config_A_LR0.1_Ep10_W7_Bg1e-6                 7       NaN     NaN        NaN       NaN     NaN        NaN
Config_B_LR0.05_Ep15_W7_Bg1e-6                 1       NaN     NaN        NaN       NaN     NaN        NaN
Config_B_LR0.05_Ep15_W7_Bg1e-6                 2       NaN     NaN        NaN       NaN     NaN        NaN
Config_B_LR0.05_Ep15_W7_Bg1e-6                 3       NaN     NaN        NaN       NaN     NaN        NaN
Config_B_LR0.05_Ep15_W7_Bg1e-6                 4       NaN     NaN        NaN       NaN     NaN        NaN
Config_B_LR0.05_Ep15_W7_Bg1e-6                 5       NaN     NaN        NaN       NaN     NaN        NaN
Config_B_LR0.05_Ep15_W7_Bg1e-6                 6       NaN     NaN        NaN       NaN     NaN        NaN
Config_B_LR0.05_Ep15_W7_Bg1e-6                 7       NaN     NaN        NaN       NaN     NaN        NaN
 Config_C_LR0.1_Ep10_W7_Bg1e-5                 1       NaN     NaN        NaN       NaN     NaN        NaN
 Config_C_LR0.1_Ep10_W7_Bg1e-5                 2       NaN     NaN        NaN       NaN     NaN        NaN
 Config_C_LR0.1_Ep10_W7_Bg1e-5                 3       NaN     NaN        NaN       NaN     NaN        NaN
 Config_C_LR0.1_Ep10_W7_Bg1e-5                 4       NaN     NaN        NaN       NaN     NaN        NaN
 Config_C_LR0.1_Ep10_W7_Bg1e-5                 5       NaN     NaN        NaN       NaN     NaN        NaN
 Config_C_LR0.1_Ep10_W7_Bg1e-5                 6       NaN     NaN        NaN       NaN     NaN        NaN
 Config_C_LR0.1_Ep10_W7_Bg1e-5                 7       NaN     NaN        NaN       NaN     NaN        NaN
Config_D_LR0.05_Ep20_W7_Bg1e-5                 1       NaN     NaN        NaN       NaN     NaN        NaN
Config_D_LR0.05_Ep20_W7_Bg1e-5                 2       NaN     NaN        NaN       NaN     NaN        NaN
Config_D_LR0.05_Ep20_W7_Bg1e-5                 3       NaN     NaN        NaN       NaN     NaN        NaN
Config_D_LR0.05_Ep20_W7_Bg1e-5                 4       NaN     NaN        NaN       NaN     NaN        NaN
Config_D_LR0.05_Ep20_W7_Bg1e-5                 5       NaN     NaN        NaN       NaN     NaN        NaN
Config_D_LR0.05_Ep20_W7_Bg1e-5                 6       NaN     NaN        NaN       NaN     NaN        NaN
Config_D_LR0.05_Ep20_W7_Bg1e-5                 7       NaN     NaN        NaN       NaN     NaN        NaN
2026-07-28 14:02:55 [INFO] 
--- Overall Parameter Config Rankings (Ranked by Average DA NSE) ---
2026-07-28 14:02:55 [INFO] 
                     Config ID  Base NSE  DA NSE  NSE Delta  Base KGE  DA KGE  KGE Delta
 Config_A_LR0.1_Ep10_W7_Bg1e-6       NaN     NaN        NaN       NaN     NaN        NaN
Config_B_LR0.05_Ep15_W7_Bg1e-6       NaN     NaN        NaN       NaN     NaN        NaN
 Config_C_LR0.1_Ep10_W7_Bg1e-5       NaN     NaN        NaN       NaN     NaN        NaN
Config_D_LR0.05_Ep20_W7_Bg1e-5       NaN     NaN        NaN       NaN     NaN        NaN
2026-07-28 14:02:55 [WARNING] No valid DA NSE metrics for Lead Time L=1
2026-07-28 14:02:55 [WARNING] No valid DA NSE metrics for Lead Time L=2
2026-07-28 14:02:55 [WARNING] No valid DA NSE metrics for Lead Time L=3
2026-07-28 14:02:55 [WARNING] No valid DA NSE metrics for Lead Time L=4
2026-07-28 14:02:55 [WARNING] No valid DA NSE metrics for Lead Time L=5
2026-07-28 14:02:55 [WARNING] No valid DA NSE metrics for Lead Time L=6
2026-07-28 14:02:55 [WARNING] No valid DA NSE metrics for Lead Time L=7
2026-07-28 14:02:55 [INFO] 
--- Best Performing Parameter Config for EACH Lead Time (1..7 Days) ---
2026-07-28 14:02:55 [INFO] 
Empty DataFrame
Columns: []
Index: []
2026-07-28 14:02:55 [INFO] 
======================================================================
2026-07-28 14:02:55 [INFO] Large-scale parameter selection pipeline completed successfully!
2026-07-28 14:02:55 [INFO] All summary reports saved in: /usr/local/google/home/kruparell/flood-forecasting/tutorial/notebooks/large_scale_param_selection_results
2026-07-28 14:02:55 [INFO] ======================================================================

2026-07-28 14:03:31 [INFO] ======================================================================
2026-07-28 14:03:31 [INFO]  Large-Scale DA Parameter Selection Pipeline across Cloudtop Caravans 
2026-07-28 14:03:31 [INFO] ======================================================================
2026-07-28 14:03:31 [INFO] Hardware Compute Device: cpu
2026-07-28 14:03:31 [INFO] Full Caravans Path: /usr/local/google/home/kruparell/Caravans/Caravan-nc
2026-07-28 14:03:31 [INFO] Evaluation Date Range: 2017-01-01 to 2017-01-10
2026-07-28 14:03:31 [INFO] Target Lead Times: [1, 2, 3, 4, 5, 6, 7]
2026-07-28 14:03:31 [INFO] Log File Location: /usr/local/google/home/kruparell/flood-forecasting/tutorial/notebooks/large_scale_param_selection_results/large_scale_param_selection.log
2026-07-28 14:03:31 [INFO] Loaded 3 basins from basins-wth-forecast-streamflow-2017-2019.txt (NUM_BASINS=3, Seed=42).
2026-07-28 14:03:31 [INFO] Testing 4 Parameter Sets: ['Config_A_LR0.1_Ep10_W7_Bg1e-6', 'Config_B_LR0.05_Ep15_W7_Bg1e-6', 'Config_C_LR0.1_Ep10_W7_Bg1e-5', 'Config_D_LR0.05_Ep20_W7_Bg1e-5']

2026-07-28 14:03:33 [INFO] Pretrained Model loaded successfully on device [cpu]: MeanEmbeddingForecastLSTM
2026-07-28 14:03:34 [INFO] Generated 1 issue dates: ['2017-01-01']
2026-07-28 14:03:34 [INFO] 
======================================================================
2026-07-28 14:03:34 [INFO]  Running Parameter Set: Config_A_LR0.1_Ep10_W7_Bg1e-6
2026-07-28 14:03:34 [INFO]  (LR=0.1, Epochs=10, Window=7d, BgWeight=1e-06, Gap=1d)
2026-07-28 14:03:34 [INFO] ======================================================================
2026-07-28 14:03:34 [INFO]  Processing Basin [1/3]: camelscl_10133000
2026-07-28 14:03:34 [INFO]     [Basin camelscl_10133000] Month: 2017-01
2026-07-28 14:03:35 [INFO]     [DEBUG SAMPLE] camelscl_10133000 on 2017-01-01 -> Base(L1..7)=[1.39 1.35 1.36 1.37 1.37 1.37 1.38], DA(L1..7)=[1.04 0.96 0.98 1.01 0.99 0.98 1.  ]
2026-07-28 14:03:35 [INFO]  Processing Basin [2/3]: camelscl_6013001
2026-07-28 14:03:35 [INFO]     [Basin camelscl_6013001] Month: 2017-01
2026-07-28 14:03:36 [INFO]     [DEBUG SAMPLE] camelscl_6013001 on 2017-01-01 -> Base(L1..7)=[0.91 0.91 0.89 0.89 0.89 0.9  0.9 ], DA(L1..7)=[2.64 2.61 2.58 2.55 2.49 2.45 2.43]
2026-07-28 14:03:37 [INFO]  Processing Basin [3/3]: camelscl_6034022
2026-07-28 14:03:37 [INFO]     [Basin camelscl_6034022] Month: 2017-01
2026-07-28 14:03:38 [INFO]     [DEBUG SAMPLE] camelscl_6034022 on 2017-01-01 -> Base(L1..7)=[0.1 0.1 0.1 0.1 0.1 0.1 0.1], DA(L1..7)=[1.46 1.37 1.32 1.3  1.27 1.23 1.2 ]
2026-07-28 14:03:38 [INFO] 
======================================================================
2026-07-28 14:03:38 [INFO]  Running Parameter Set: Config_B_LR0.05_Ep15_W7_Bg1e-6
2026-07-28 14:03:38 [INFO]  (LR=0.05, Epochs=15, Window=7d, BgWeight=1e-06, Gap=1d)
2026-07-28 14:03:38 [INFO] ======================================================================
2026-07-28 14:03:38 [INFO]  Processing Basin [1/3]: camelscl_10133000
2026-07-28 14:03:38 [INFO]     [Basin camelscl_10133000] Month: 2017-01
2026-07-28 14:03:39 [INFO]     [DEBUG SAMPLE] camelscl_10133000 on 2017-01-01 -> Base(L1..7)=[1.39 1.35 1.36 1.37 1.37 1.37 1.38], DA(L1..7)=[1.07 0.98 1.01 1.04 1.01 1.01 1.03]
2026-07-28 14:03:39 [INFO]  Processing Basin [2/3]: camelscl_6013001
2026-07-28 14:03:39 [INFO]     [Basin camelscl_6013001] Month: 2017-01
2026-07-28 14:03:41 [INFO]     [DEBUG SAMPLE] camelscl_6013001 on 2017-01-01 -> Base(L1..7)=[0.91 0.91 0.89 0.89 0.89 0.9  0.9 ], DA(L1..7)=[2.66 2.63 2.6  2.56 2.5  2.45 2.44]
2026-07-28 14:03:41 [INFO]  Processing Basin [3/3]: camelscl_6034022
2026-07-28 14:03:41 [INFO]     [Basin camelscl_6034022] Month: 2017-01
2026-07-28 14:07:56 [INFO] ======================================================================
2026-07-28 14:07:56 [INFO]  Large-Scale DA Parameter Selection Pipeline across Cloudtop Caravans 
2026-07-28 14:07:56 [INFO] ======================================================================
2026-07-28 14:07:56 [INFO] Hardware Compute Device: cpu
2026-07-28 14:07:56 [INFO] Full Caravans Path: /usr/local/google/home/kruparell/Caravans/Caravan-nc
2026-07-28 14:07:56 [INFO] Evaluation Date Range: 2018-01-01 to 2018-01-15
2026-07-28 14:07:56 [INFO] Target Lead Times: [1, 2, 3, 4, 5, 6, 7]
2026-07-28 14:07:56 [INFO] Log File Location: /usr/local/google/home/kruparell/flood-forecasting/tutorial/notebooks/large_scale_param_selection_results/large_scale_param_selection.log
2026-07-28 14:07:56 [INFO] Loaded 3 basins from basins-wth-forecast-streamflow-2017-2019.txt (NUM_BASINS=3, Seed=42).
2026-07-28 14:07:56 [INFO] Testing 4 Parameter Sets: ['Config_A_LR0.1_Ep10_W7_Bg1e-6', 'Config_B_LR0.05_Ep15_W7_Bg1e-6', 'Config_C_LR0.1_Ep10_W7_Bg1e-5', 'Config_D_LR0.05_Ep20_W7_Bg1e-5']

2026-07-28 14:07:57 [INFO] Pretrained Model loaded successfully on device [cpu]: MeanEmbeddingForecastLSTM
2026-07-28 14:07:58 [INFO] Generated 1 issue dates: ['2018-01-01']
2026-07-28 14:07:58 [INFO] 
======================================================================
2026-07-28 14:07:58 [INFO]  Running Parameter Set: Config_A_LR0.1_Ep10_W7_Bg1e-6
2026-07-28 14:07:58 [INFO]  (LR=0.1, Epochs=10, Window=7d, BgWeight=1e-06, Gap=1d)
2026-07-28 14:07:58 [INFO] ======================================================================
2026-07-28 14:07:58 [INFO]  Processing Basin [1/3]: camelscl_10133000
2026-07-28 14:07:58 [INFO]     [Basin camelscl_10133000] Month: 2018-01
2026-07-28 14:08:00 [INFO]  Processing Basin [2/3]: camelscl_6013001
2026-07-28 14:08:00 [INFO]     [Basin camelscl_6013001] Month: 2018-01
2026-07-28 14:08:01 [INFO]  Processing Basin [3/3]: camelscl_6034022
2026-07-28 14:08:01 [INFO]     [Basin camelscl_6034022] Month: 2018-01
2026-07-28 14:08:02 [INFO] 
======================================================================
2026-07-28 14:08:02 [INFO]  Running Parameter Set: Config_B_LR0.05_Ep15_W7_Bg1e-6
2026-07-28 14:08:02 [INFO]  (LR=0.05, Epochs=15, Window=7d, BgWeight=1e-06, Gap=1d)
2026-07-28 14:08:02 [INFO] ======================================================================
2026-07-28 14:08:02 [INFO]  Processing Basin [1/3]: camelscl_10133000
2026-07-28 14:08:02 [INFO]     [Basin camelscl_10133000] Month: 2018-01
2026-07-28 14:08:03 [INFO]  Processing Basin [2/3]: camelscl_6013001
2026-07-28 14:08:03 [INFO]     [Basin camelscl_6013001] Month: 2018-01
2026-07-28 14:08:04 [INFO]  Processing Basin [3/3]: camelscl_6034022
2026-07-28 14:08:04 [INFO]     [Basin camelscl_6034022] Month: 2018-01
2026-07-28 14:08:05 [INFO] 
======================================================================
2026-07-28 14:08:05 [INFO]  Running Parameter Set: Config_C_LR0.1_Ep10_W7_Bg1e-5
2026-07-28 14:08:05 [INFO]  (LR=0.1, Epochs=10, Window=7d, BgWeight=1e-05, Gap=1d)
2026-07-28 14:08:05 [INFO] ======================================================================
2026-07-28 14:08:05 [INFO]  Processing Basin [1/3]: camelscl_10133000
2026-07-28 14:08:05 [INFO]     [Basin camelscl_10133000] Month: 2018-01
2026-07-28 14:08:06 [INFO]  Processing Basin [2/3]: camelscl_6013001
2026-07-28 14:08:06 [INFO]     [Basin camelscl_6013001] Month: 2018-01
2026-07-28 14:08:07 [INFO]  Processing Basin [3/3]: camelscl_6034022
2026-07-28 14:08:07 [INFO]     [Basin camelscl_6034022] Month: 2018-01
2026-07-28 14:08:08 [INFO] 
======================================================================
2026-07-28 14:08:08 [INFO]  Running Parameter Set: Config_D_LR0.05_Ep20_W7_Bg1e-5
2026-07-28 14:08:08 [INFO]  (LR=0.05, Epochs=20, Window=7d, BgWeight=1e-05, Gap=1d)
2026-07-28 14:08:08 [INFO] ======================================================================
2026-07-28 14:08:08 [INFO]  Processing Basin [1/3]: camelscl_10133000
2026-07-28 14:08:08 [INFO]     [Basin camelscl_10133000] Month: 2018-01
2026-07-28 14:08:10 [INFO]  Processing Basin [2/3]: camelscl_6013001
2026-07-28 14:08:10 [INFO]     [Basin camelscl_6013001] Month: 2018-01
2026-07-28 14:08:11 [INFO]  Processing Basin [3/3]: camelscl_6034022
2026-07-28 14:08:11 [INFO]     [Basin camelscl_6034022] Month: 2018-01
2026-07-28 14:08:12 [INFO] 
Saved detailed metrics CSV: /usr/local/google/home/kruparell/flood-forecasting/tutorial/notebooks/large_scale_param_selection_results/detailed_basin_parameter_eval.csv
2026-07-28 14:08:12 [INFO] 
======================================================================
2026-07-28 14:08:12 [INFO]  AGGREGATE PARAMETER SELECTION & RANKING SUMMARY                      
2026-07-28 14:08:12 [INFO] ======================================================================
2026-07-28 14:08:12 [INFO] 
--- Mean Metrics by Config ID and Lead Time ---
2026-07-28 14:08:12 [INFO] 
                     Config ID  Lead Time (Days)  Base NSE  DA NSE  NSE Delta  Base KGE  DA KGE  KGE Delta
 Config_A_LR0.1_Ep10_W7_Bg1e-6                 1       NaN     NaN        NaN       NaN     NaN        NaN
 Config_A_LR0.1_Ep10_W7_Bg1e-6                 2       NaN     NaN        NaN       NaN     NaN        NaN
 Config_A_LR0.1_Ep10_W7_Bg1e-6                 3       NaN     NaN        NaN       NaN     NaN        NaN
 Config_A_LR0.1_Ep10_W7_Bg1e-6                 4       NaN     NaN        NaN       NaN     NaN        NaN
 Config_A_LR0.1_Ep10_W7_Bg1e-6                 5       NaN     NaN        NaN       NaN     NaN        NaN
 Config_A_LR0.1_Ep10_W7_Bg1e-6                 6       NaN     NaN        NaN       NaN     NaN        NaN
 Config_A_LR0.1_Ep10_W7_Bg1e-6                 7       NaN     NaN        NaN       NaN     NaN        NaN
Config_B_LR0.05_Ep15_W7_Bg1e-6                 1       NaN     NaN        NaN       NaN     NaN        NaN
Config_B_LR0.05_Ep15_W7_Bg1e-6                 2       NaN     NaN        NaN       NaN     NaN        NaN
Config_B_LR0.05_Ep15_W7_Bg1e-6                 3       NaN     NaN        NaN       NaN     NaN        NaN
Config_B_LR0.05_Ep15_W7_Bg1e-6                 4       NaN     NaN        NaN       NaN     NaN        NaN
Config_B_LR0.05_Ep15_W7_Bg1e-6                 5       NaN     NaN        NaN       NaN     NaN        NaN
Config_B_LR0.05_Ep15_W7_Bg1e-6                 6       NaN     NaN        NaN       NaN     NaN        NaN
Config_B_LR0.05_Ep15_W7_Bg1e-6                 7       NaN     NaN        NaN       NaN     NaN        NaN
 Config_C_LR0.1_Ep10_W7_Bg1e-5                 1       NaN     NaN        NaN       NaN     NaN        NaN
 Config_C_LR0.1_Ep10_W7_Bg1e-5                 2       NaN     NaN        NaN       NaN     NaN        NaN
 Config_C_LR0.1_Ep10_W7_Bg1e-5                 3       NaN     NaN        NaN       NaN     NaN        NaN
 Config_C_LR0.1_Ep10_W7_Bg1e-5                 4       NaN     NaN        NaN       NaN     NaN        NaN
 Config_C_LR0.1_Ep10_W7_Bg1e-5                 5       NaN     NaN        NaN       NaN     NaN        NaN
 Config_C_LR0.1_Ep10_W7_Bg1e-5                 6       NaN     NaN        NaN       NaN     NaN        NaN
 Config_C_LR0.1_Ep10_W7_Bg1e-5                 7       NaN     NaN        NaN       NaN     NaN        NaN
Config_D_LR0.05_Ep20_W7_Bg1e-5                 1       NaN     NaN        NaN       NaN     NaN        NaN
Config_D_LR0.05_Ep20_W7_Bg1e-5                 2       NaN     NaN        NaN       NaN     NaN        NaN
Config_D_LR0.05_Ep20_W7_Bg1e-5                 3       NaN     NaN        NaN       NaN     NaN        NaN
Config_D_LR0.05_Ep20_W7_Bg1e-5                 4       NaN     NaN        NaN       NaN     NaN        NaN
Config_D_LR0.05_Ep20_W7_Bg1e-5                 5       NaN     NaN        NaN       NaN     NaN        NaN
Config_D_LR0.05_Ep20_W7_Bg1e-5                 6       NaN     NaN        NaN       NaN     NaN        NaN
Config_D_LR0.05_Ep20_W7_Bg1e-5                 7       NaN     NaN        NaN       NaN     NaN        NaN
2026-07-28 14:08:12 [INFO] 
--- Overall Parameter Config Rankings (Ranked by Average DA NSE) ---
2026-07-28 14:08:12 [INFO] 
                     Config ID  Base NSE  DA NSE  NSE Delta  Base KGE  DA KGE  KGE Delta
 Config_A_LR0.1_Ep10_W7_Bg1e-6       NaN     NaN        NaN       NaN     NaN        NaN
Config_B_LR0.05_Ep15_W7_Bg1e-6       NaN     NaN        NaN       NaN     NaN        NaN
 Config_C_LR0.1_Ep10_W7_Bg1e-5       NaN     NaN        NaN       NaN     NaN        NaN
Config_D_LR0.05_Ep20_W7_Bg1e-5       NaN     NaN        NaN       NaN     NaN        NaN
2026-07-28 14:13:33 [INFO] ======================================================================
2026-07-28 14:13:33 [INFO]  Large-Scale DA Parameter Selection Pipeline across Cloudtop Caravans 
2026-07-28 14:13:33 [INFO] ======================================================================
2026-07-28 14:13:33 [INFO] Hardware Compute Device: cpu
2026-07-28 14:13:33 [INFO] Full Caravans Path: /usr/local/google/home/kruparell/Caravans/Caravan-nc
2026-07-28 14:13:33 [INFO] Evaluation Date Range: 2018-01-01 to 2018-01-15
2026-07-28 14:13:33 [INFO] Target Lead Times: [1, 2, 3, 4, 5, 6, 7]
2026-07-28 14:13:33 [INFO] Log File Location: /usr/local/google/home/kruparell/flood-forecasting/tutorial/notebooks/large_scale_param_selection_results/large_scale_param_selection.log
2026-07-28 14:13:33 [INFO] Loaded 3 basins from basins-wth-forecast-streamflow-2017-2019.txt (NUM_BASINS=3, Seed=42).
2026-07-28 14:13:33 [INFO] Testing 4 Parameter Sets: ['Config_A_LR0.1_Ep10_W7_Bg1e-6', 'Config_B_LR0.05_Ep15_W7_Bg1e-6', 'Config_C_LR0.1_Ep10_W7_Bg1e-5', 'Config_D_LR0.05_Ep20_W7_Bg1e-5']

2026-07-28 14:13:35 [INFO] Pretrained Model loaded successfully on device [cpu]: MeanEmbeddingForecastLSTM
2026-07-28 14:13:36 [INFO] Generated 15 issue dates: ['2018-01-01', '2018-01-02', '2018-01-03', '2018-01-04', '2018-01-05', '2018-01-06', '2018-01-07', '2018-01-08', '2018-01-09', '2018-01-10', '2018-01-11', '2018-01-12', '2018-01-13', '2018-01-14', '2018-01-15']
2026-07-28 14:13:36 [INFO] 
======================================================================
2026-07-28 14:13:36 [INFO]  Running Parameter Set: Config_A_LR0.1_Ep10_W7_Bg1e-6
2026-07-28 14:13:36 [INFO]  (LR=0.1, Epochs=10, Window=7d, BgWeight=1e-06, Gap=1d)
2026-07-28 14:13:36 [INFO] ======================================================================
2026-07-28 14:13:36 [INFO]  Processing Basin [1/3]: camelscl_10133000
2026-07-28 14:13:36 [INFO]     [Basin camelscl_10133000] Month: 2018-01
2026-07-28 14:16:11 [INFO] ======================================================================
2026-07-28 14:16:11 [INFO]  Large-Scale DA Parameter Selection Pipeline across Cloudtop Caravans 
2026-07-28 14:16:11 [INFO] ======================================================================
2026-07-28 14:16:11 [INFO] Hardware Compute Device: cpu
2026-07-28 14:16:11 [INFO] Full Caravans Path: /usr/local/google/home/kruparell/Caravans/Caravan-nc
2026-07-28 14:16:11 [INFO] Evaluation Date Range: 2018-01-01 to 2018-01-15
2026-07-28 14:16:11 [INFO] Target Lead Times: [1, 2, 3, 4, 5, 6, 7]
2026-07-28 14:16:11 [INFO] Log File Location: /usr/local/google/home/kruparell/flood-forecasting/tutorial/notebooks/large_scale_param_selection_results/large_scale_param_selection.log
2026-07-28 14:16:11 [INFO] Loaded 3 basins from basins-wth-forecast-streamflow-2017-2019.txt (NUM_BASINS=3, Seed=42).
2026-07-28 14:16:11 [INFO] Testing 4 Parameter Sets: ['Config_A_LR0.1_Ep10_W7_Bg1e-6', 'Config_B_LR0.05_Ep15_W7_Bg1e-6', 'Config_C_LR0.1_Ep10_W7_Bg1e-5', 'Config_D_LR0.05_Ep20_W7_Bg1e-5']

2026-07-28 14:16:13 [INFO] Pretrained Model loaded successfully on device [cpu]: MeanEmbeddingForecastLSTM
2026-07-28 14:16:14 [INFO] Generated 15 issue dates: ['2018-01-01', '2018-01-02', '2018-01-03', '2018-01-04', '2018-01-05', '2018-01-06', '2018-01-07', '2018-01-08', '2018-01-09', '2018-01-10', '2018-01-11', '2018-01-12', '2018-01-13', '2018-01-14', '2018-01-15']
2026-07-28 14:16:14 [INFO] 
======================================================================
2026-07-28 14:16:14 [INFO]  Running Parameter Set: Config_A_LR0.1_Ep10_W7_Bg1e-6
2026-07-28 14:16:14 [INFO]  (LR=0.1, Epochs=10, Window=7d, BgWeight=1e-06, Gap=1d)
2026-07-28 14:16:14 [INFO] ======================================================================
2026-07-28 14:16:14 [INFO]  Processing Basin [1/3]: camelscl_10133000
2026-07-28 14:16:14 [INFO]     [Basin camelscl_10133000] Month: 2018-01
2026-07-28 14:17:10 [INFO] ======================================================================
2026-07-28 14:17:10 [INFO]  Large-Scale DA Parameter Selection Pipeline across Cloudtop Caravans 
2026-07-28 14:17:10 [INFO] ======================================================================
2026-07-28 14:17:10 [INFO] Hardware Compute Device: cpu
2026-07-28 14:17:10 [INFO] Full Caravans Path: /usr/local/google/home/kruparell/Caravans/Caravan-nc
2026-07-28 14:17:10 [INFO] Evaluation Date Range: 2018-01-01 to 2018-01-15
2026-07-28 14:17:10 [INFO] Target Lead Times: [1, 2, 3, 4, 5, 6, 7]
2026-07-28 14:17:10 [INFO] Log File Location: /usr/local/google/home/kruparell/flood-forecasting/tutorial/notebooks/large_scale_param_selection_results/large_scale_param_selection.log
2026-07-28 14:17:10 [INFO] Loaded 3 basins from basins-wth-forecast-streamflow-2017-2019.txt (NUM_BASINS=3, Seed=42).
2026-07-28 14:17:10 [INFO] Testing 4 Parameter Sets: ['Config_A_LR0.1_Ep10_W7_Bg1e-6', 'Config_B_LR0.05_Ep15_W7_Bg1e-6', 'Config_C_LR0.1_Ep10_W7_Bg1e-5', 'Config_D_LR0.05_Ep20_W7_Bg1e-5']

2026-07-28 14:17:12 [INFO] Pretrained Model loaded successfully on device [cpu]: MeanEmbeddingForecastLSTM
2026-07-28 14:17:13 [INFO] Generated 15 issue dates: ['2018-01-01', '2018-01-02', '2018-01-03', '2018-01-04', '2018-01-05', '2018-01-06', '2018-01-07', '2018-01-08', '2018-01-09', '2018-01-10', '2018-01-11', '2018-01-12', '2018-01-13', '2018-01-14', '2018-01-15']
2026-07-28 14:17:13 [INFO] 
======================================================================
2026-07-28 14:17:13 [INFO]  Running Parameter Set: Config_A_LR0.1_Ep10_W7_Bg1e-6
2026-07-28 14:17:13 [INFO]  (LR=0.1, Epochs=10, Window=7d, BgWeight=1e-06, Gap=1d)
2026-07-28 14:17:13 [INFO] ======================================================================
2026-07-28 14:17:13 [INFO]  Processing Basin [1/3]: camelscl_10133000
2026-07-28 14:17:13 [INFO]     [Basin camelscl_10133000] Month: 2018-01
2026-07-28 14:17:31 [INFO]  Processing Basin [2/3]: camelscl_6013001
2026-07-28 14:17:31 [INFO]     [Basin camelscl_6013001] Month: 2018-01
2026-07-28 14:17:49 [INFO]  Processing Basin [3/3]: camelscl_6034022
2026-07-28 14:17:49 [INFO]     [Basin camelscl_6034022] Month: 2018-01
2026-07-28 14:18:06 [INFO] 
======================================================================
2026-07-28 14:18:06 [INFO]  Running Parameter Set: Config_B_LR0.05_Ep15_W7_Bg1e-6
2026-07-28 14:18:06 [INFO]  (LR=0.05, Epochs=15, Window=7d, BgWeight=1e-06, Gap=1d)
2026-07-28 14:18:06 [INFO] ======================================================================
2026-07-28 14:18:06 [INFO]  Processing Basin [1/3]: camelscl_10133000
2026-07-28 14:18:06 [INFO]     [Basin camelscl_10133000] Month: 2018-01
2026-07-28 14:18:24 [INFO]  Processing Basin [2/3]: camelscl_6013001
2026-07-28 14:18:24 [INFO]     [Basin camelscl_6013001] Month: 2018-01
2026-07-28 14:18:42 [INFO]  Processing Basin [3/3]: camelscl_6034022
2026-07-28 14:18:42 [INFO]     [Basin camelscl_6034022] Month: 2018-01
2026-07-28 14:19:01 [INFO] 
======================================================================
2026-07-28 14:19:01 [INFO]  Running Parameter Set: Config_C_LR0.1_Ep10_W7_Bg1e-5
2026-07-28 14:19:01 [INFO]  (LR=0.1, Epochs=10, Window=7d, BgWeight=1e-05, Gap=1d)
2026-07-28 14:19:01 [INFO] ======================================================================
2026-07-28 14:19:01 [INFO]  Processing Basin [1/3]: camelscl_10133000
2026-07-28 14:19:01 [INFO]     [Basin camelscl_10133000] Month: 2018-01
2026-07-28 14:19:17 [INFO]  Processing Basin [2/3]: camelscl_6013001
2026-07-28 14:19:18 [INFO]     [Basin camelscl_6013001] Month: 2018-01
2026-07-28 14:19:35 [INFO]  Processing Basin [3/3]: camelscl_6034022
2026-07-28 14:19:35 [INFO]     [Basin camelscl_6034022] Month: 2018-01
2026-07-28 14:19:52 [INFO] 
======================================================================
2026-07-28 14:19:52 [INFO]  Running Parameter Set: Config_D_LR0.05_Ep20_W7_Bg1e-5
2026-07-28 14:19:52 [INFO]  (LR=0.05, Epochs=20, Window=7d, BgWeight=1e-05, Gap=1d)
2026-07-28 14:19:52 [INFO] ======================================================================
2026-07-28 14:19:52 [INFO]  Processing Basin [1/3]: camelscl_10133000
2026-07-28 14:19:52 [INFO]     [Basin camelscl_10133000] Month: 2018-01
2026-07-28 14:20:11 [INFO]  Processing Basin [2/3]: camelscl_6013001
2026-07-28 14:20:11 [INFO]     [Basin camelscl_6013001] Month: 2018-01
2026-07-28 14:20:28 [INFO]  Processing Basin [3/3]: camelscl_6034022
2026-07-28 14:20:28 [INFO]     [Basin camelscl_6034022] Month: 2018-01
2026-07-28 14:20:46 [INFO] 
Saved detailed metrics CSV: /usr/local/google/home/kruparell/flood-forecasting/tutorial/notebooks/large_scale_param_selection_results/detailed_basin_parameter_eval.csv
2026-07-28 14:20:46 [INFO] 
======================================================================
2026-07-28 14:20:46 [INFO]  AGGREGATE PARAMETER SELECTION & RANKING SUMMARY                      
2026-07-28 14:20:46 [INFO] ======================================================================
2026-07-28 14:20:46 [INFO] 
--- Mean Metrics by Config ID and Lead Time ---
2026-07-28 14:20:46 [INFO] 
                     Config ID  Lead Time (Days)    Base NSE      DA NSE  NSE Delta  Base KGE    DA KGE  KGE Delta
 Config_A_LR0.1_Ep10_W7_Bg1e-6                 1  -70.814000  -10.900333  59.913333 -0.301667 -0.170667   0.131667
 Config_A_LR0.1_Ep10_W7_Bg1e-6                 2 -152.604333  -29.150333 123.454000 -0.344667 -0.168667   0.176000
 Config_A_LR0.1_Ep10_W7_Bg1e-6                 3 -165.644667  -37.094667 128.550333 -0.427333 -0.161333   0.265667
 Config_A_LR0.1_Ep10_W7_Bg1e-6                 4 -201.566333  -48.432333 153.133667 -0.369333 -0.032000   0.337333
 Config_A_LR0.1_Ep10_W7_Bg1e-6                 5 -210.490667  -54.170000 156.320667 -0.363000 -0.059000   0.304000
 Config_A_LR0.1_Ep10_W7_Bg1e-6                 6 -236.763333  -66.300667 170.462667 -0.301333 -0.109000   0.192000
 Config_A_LR0.1_Ep10_W7_Bg1e-6                 7 -298.370667  -88.502333 209.868667 -0.254000 -0.276667  -0.022667
Config_B_LR0.05_Ep15_W7_Bg1e-6                 1  -70.814000  -19.847667  50.966667 -0.301667 -0.132000   0.170000
Config_B_LR0.05_Ep15_W7_Bg1e-6                 2 -152.604333  -48.974667 103.629667 -0.344667 -0.158333   0.186333
Config_B_LR0.05_Ep15_W7_Bg1e-6                 3 -165.644667  -56.746333 108.898667 -0.427333 -0.152000   0.275333
Config_B_LR0.05_Ep15_W7_Bg1e-6                 4 -201.566333  -69.787667 131.778333 -0.369333 -0.046667   0.322667
Config_B_LR0.05_Ep15_W7_Bg1e-6                 5 -210.490667  -75.145333 135.344667 -0.363000 -0.076000   0.287333
Config_B_LR0.05_Ep15_W7_Bg1e-6                 6 -236.763333  -89.780333 146.983000 -0.301333 -0.083667   0.217333
Config_B_LR0.05_Ep15_W7_Bg1e-6                 7 -298.370667 -118.304000 180.067000 -0.254000 -0.183667   0.070667
 Config_C_LR0.1_Ep10_W7_Bg1e-5                 1  -70.814000  -10.900333  59.913333 -0.301667 -0.170667   0.131667
 Config_C_LR0.1_Ep10_W7_Bg1e-5                 2 -152.604333  -29.150333 123.454000 -0.344667 -0.168667   0.176000
 Config_C_LR0.1_Ep10_W7_Bg1e-5                 3 -165.644667  -37.094667 128.550333 -0.427333 -0.161333   0.265667
 Config_C_LR0.1_Ep10_W7_Bg1e-5                 4 -201.566333  -48.432333 153.133667 -0.369333 -0.032000   0.337333
 Config_C_LR0.1_Ep10_W7_Bg1e-5                 5 -210.490667  -54.170000 156.320667 -0.363000 -0.059000   0.304000
 Config_C_LR0.1_Ep10_W7_Bg1e-5                 6 -236.763333  -66.300667 170.462667 -0.301333 -0.109000   0.192000
 Config_C_LR0.1_Ep10_W7_Bg1e-5                 7 -298.370667  -88.502333 209.868667 -0.254000 -0.276667  -0.022667
Config_D_LR0.05_Ep20_W7_Bg1e-5                 1  -70.814000   -8.996333  61.817333 -0.301667 -0.072000   0.230000
Config_D_LR0.05_Ep20_W7_Bg1e-5                 2 -152.604333  -25.456000 127.148333 -0.344667 -0.072333   0.272333
Config_D_LR0.05_Ep20_W7_Bg1e-5                 3 -165.644667  -33.403667 132.241000 -0.427333 -0.066000   0.361000
Config_D_LR0.05_Ep20_W7_Bg1e-5                 4 -201.566333  -45.205000 156.361333 -0.369333  0.073000   0.442333
Config_D_LR0.05_Ep20_W7_Bg1e-5                 5 -210.490667  -51.651333 158.839333 -0.363000 -0.002333   0.361000
Config_D_LR0.05_Ep20_W7_Bg1e-5                 6 -236.763333  -63.821667 172.942000 -0.301333 -0.054333   0.247000
Config_D_LR0.05_Ep20_W7_Bg1e-5                 7 -298.370667  -85.567667 212.802667 -0.254000 -0.197333   0.056667
2026-07-28 14:20:46 [INFO] 
--- Overall Parameter Config Rankings (Ranked by Average DA NSE) ---
2026-07-28 14:20:46 [INFO] 
                     Config ID    Base NSE     DA NSE  NSE Delta  Base KGE    DA KGE  KGE Delta
Config_D_LR0.05_Ep20_W7_Bg1e-5 -190.893429 -44.871667 146.021714 -0.337333 -0.055905   0.281476
 Config_A_LR0.1_Ep10_W7_Bg1e-6 -190.893429 -47.792952 143.100476 -0.337333 -0.139619   0.197714
 Config_C_LR0.1_Ep10_W7_Bg1e-5 -190.893429 -47.792952 143.100476 -0.337333 -0.139619   0.197714
Config_B_LR0.05_Ep15_W7_Bg1e-6 -190.893429 -68.369429 122.524000 -0.337333 -0.118905   0.218524
2026-07-28 14:20:46 [INFO] 
--- Best Performing Parameter Config for EACH Lead Time (1..7 Days) ---
2026-07-28 14:20:46 [INFO] 
 Lead Time (Days)                 Best Config ID  Mean DA NSE  Mean NSE Delta  Mean DA KGE  Mean KGE Delta
                1 Config_D_LR0.05_Ep20_W7_Bg1e-5       -8.996          61.817       -0.072           0.230
                2 Config_D_LR0.05_Ep20_W7_Bg1e-5      -25.456         127.148       -0.072           0.272
                3 Config_D_LR0.05_Ep20_W7_Bg1e-5      -33.404         132.241       -0.066           0.361
                4 Config_D_LR0.05_Ep20_W7_Bg1e-5      -45.205         156.361        0.073           0.442
                5 Config_D_LR0.05_Ep20_W7_Bg1e-5      -51.651         158.839       -0.002           0.361
                6 Config_D_LR0.05_Ep20_W7_Bg1e-5      -63.822         172.942       -0.054           0.247
                7 Config_D_LR0.05_Ep20_W7_Bg1e-5      -85.568         212.803       -0.197           0.057
2026-07-28 14:20:46 [INFO] 
======================================================================
2026-07-28 14:20:46 [INFO] Large-scale parameter selection pipeline completed successfully!
2026-07-28 14:20:46 [INFO] All summary reports saved in: /usr/local/google/home/kruparell/flood-forecasting/tutorial/notebooks/large_scale_param_selection_results
2026-07-28 14:20:46 [INFO] ======================================================================

2026-07-29 07:27:59 [INFO] ======================================================================
2026-07-29 07:27:59 [INFO]  Large-Scale DA Parameter Selection Pipeline (Parallel & Sharded)    
2026-07-29 07:27:59 [INFO] ======================================================================
2026-07-29 07:27:59 [INFO] Hardware Compute Device: cpu
2026-07-29 07:27:59 [INFO] Parallel Worker Processes: 2
2026-07-29 07:27:59 [INFO] Borg Task Sharding: Shard 1 of 1
2026-07-29 07:27:59 [INFO] Full Caravans Path: /usr/local/google/home/kruparell/Caravans/Caravan-nc
2026-07-29 07:27:59 [INFO] Evaluation Date Range: 2018-01-01 to 2018-01-15
2026-07-29 07:27:59 [INFO] Target Lead Times: [1, 2, 3, 4, 5, 6, 7]
2026-07-29 07:27:59 [INFO] Log File Location: /usr/local/google/home/kruparell/flood-forecasting/tutorial/notebooks/large_scale_param_selection_results/large_scale_param_selection.log
2026-07-29 07:27:59 [INFO] Total sampled basins: 2. Assigned to this shard (0): 2 basins.
2026-07-29 07:27:59 [INFO] Testing 4 Parameter Sets: ['Config_A_LR0.1_Ep10_W7_Bg1e-6', 'Config_B_LR0.05_Ep15_W7_Bg1e-6', 'Config_C_LR0.1_Ep10_W7_Bg1e-5', 'Config_D_LR0.05_Ep20_W7_Bg1e-5']

2026-07-29 07:28:00 [INFO] Generated 15 issue dates: ['2018-01-01', '2018-01-02', '2018-01-03'] ... ['2018-01-15']
2026-07-29 07:28:00 [INFO] Total task units to execute: 8 across 2 worker processes.

2026-07-29 07:28:00 [INFO] Launching ProcessPoolExecutor with 2 parallel workers...
2026-07-29 07:28:25 [INFO]  Completed Task [1/8]: Config Config_A_LR0.1_Ep10_W7_Bg1e-6 | Basin camelscl_10133000 (Records: 7)
2026-07-29 07:28:26 [INFO]  Completed Task [2/8]: Config Config_A_LR0.1_Ep10_W7_Bg1e-6 | Basin camelscl_6013001 (Records: 7)
2026-07-29 07:28:45 [INFO]  Completed Task [3/8]: Config Config_B_LR0.05_Ep15_W7_Bg1e-6 | Basin camelscl_10133000 (Records: 7)
2026-07-29 07:28:47 [INFO]  Completed Task [4/8]: Config Config_B_LR0.05_Ep15_W7_Bg1e-6 | Basin camelscl_6013001 (Records: 7)
2026-07-29 07:29:03 [INFO]  Completed Task [5/8]: Config Config_C_LR0.1_Ep10_W7_Bg1e-5 | Basin camelscl_10133000 (Records: 7)
2026-07-29 07:29:06 [INFO]  Completed Task [6/8]: Config Config_C_LR0.1_Ep10_W7_Bg1e-5 | Basin camelscl_6013001 (Records: 7)
2026-07-29 07:29:24 [INFO]  Completed Task [7/8]: Config Config_D_LR0.05_Ep20_W7_Bg1e-5 | Basin camelscl_10133000 (Records: 7)
2026-07-29 07:29:27 [INFO]  Completed Task [8/8]: Config Config_D_LR0.05_Ep20_W7_Bg1e-5 | Basin camelscl_6013001 (Records: 7)
2026-07-29 07:29:29 [INFO] 
Saved detailed metrics CSV: /usr/local/google/home/kruparell/flood-forecasting/tutorial/notebooks/large_scale_param_selection_results/detailed_basin_parameter_eval.csv
2026-07-29 07:29:29 [INFO] 
======================================================================
2026-07-29 07:29:29 [INFO]  AGGREGATE PARAMETER SELECTION & RANKING SUMMARY                      
2026-07-29 07:29:29 [INFO] ======================================================================
2026-07-29 07:29:29 [INFO] 
--- Mean Metrics by Config ID and Lead Time ---
2026-07-29 07:29:29 [INFO] 
                     Config ID  Lead Time (Days)  Base NSE  DA NSE  NSE Delta  Base KGE  DA KGE  KGE Delta
 Config_A_LR0.1_Ep10_W7_Bg1e-6                 1   -7.0355 -0.3740     6.6610    0.1785  0.1225    -0.0555
 Config_A_LR0.1_Ep10_W7_Bg1e-6                 2   -7.2175 -0.2425     6.9750    0.1165  0.1825     0.0660
 Config_A_LR0.1_Ep10_W7_Bg1e-6                 3   -7.6915 -0.1195     7.5725    0.0090  0.2115     0.2020
 Config_A_LR0.1_Ep10_W7_Bg1e-6                 4  -11.3020 -0.6090    10.6930    0.0575  0.2485     0.1915
 Config_A_LR0.1_Ep10_W7_Bg1e-6                 5  -15.0810 -1.2710    13.8100    0.0435  0.2050     0.1615
 Config_A_LR0.1_Ep10_W7_Bg1e-6                 6  -15.7355 -2.0280    13.7075    0.0910  0.1180     0.0270
 Config_A_LR0.1_Ep10_W7_Bg1e-6                 7  -21.9790 -3.3035    18.6760    0.1415 -0.0955    -0.2370
Config_B_LR0.05_Ep15_W7_Bg1e-6                 1   -7.0355 -0.1770     6.8590    0.1785  0.2160     0.0380
Config_B_LR0.05_Ep15_W7_Bg1e-6                 2   -7.2175 -0.1185     7.0990    0.1165  0.2440     0.1275
Config_B_LR0.05_Ep15_W7_Bg1e-6                 3   -7.6915 -0.0205     7.6715    0.0090  0.2570     0.2480
Config_B_LR0.05_Ep15_W7_Bg1e-6                 4  -11.3020 -0.5070    10.7950    0.0575  0.3025     0.2450
Config_B_LR0.05_Ep15_W7_Bg1e-6                 5  -15.0810 -1.2125    13.8675    0.0435  0.2310     0.1875
Config_B_LR0.05_Ep15_W7_Bg1e-6                 6  -15.7355 -1.9325    13.8030    0.0910  0.1735     0.0825
Config_B_LR0.05_Ep15_W7_Bg1e-6                 7  -21.9790 -3.1200    18.8590    0.1415  0.0330    -0.1080
 Config_C_LR0.1_Ep10_W7_Bg1e-5                 1   -7.0355 -0.3740     6.6610    0.1785  0.1225    -0.0555
 Config_C_LR0.1_Ep10_W7_Bg1e-5                 2   -7.2175 -0.2425     6.9750    0.1165  0.1825     0.0660
 Config_C_LR0.1_Ep10_W7_Bg1e-5                 3   -7.6915 -0.1195     7.5725    0.0090  0.2115     0.2020
 Config_C_LR0.1_Ep10_W7_Bg1e-5                 4  -11.3020 -0.6090    10.6930    0.0575  0.2485     0.1915
 Config_C_LR0.1_Ep10_W7_Bg1e-5                 5  -15.0810 -1.2710    13.8100    0.0435  0.2050     0.1615
 Config_C_LR0.1_Ep10_W7_Bg1e-5                 6  -15.7355 -2.0280    13.7075    0.0910  0.1180     0.0270
 Config_C_LR0.1_Ep10_W7_Bg1e-5                 7  -21.9790 -3.3035    18.6760    0.1415 -0.0955    -0.2370
Config_D_LR0.05_Ep20_W7_Bg1e-5                 1   -7.0355  0.0275     7.0625    0.1785  0.2375     0.0590
Config_D_LR0.05_Ep20_W7_Bg1e-5                 2   -7.2175 -0.0290     7.1885    0.1165  0.2430     0.1265
Config_D_LR0.05_Ep20_W7_Bg1e-5                 3   -7.6915  0.0260     7.7175    0.0090  0.2695     0.2600
Config_D_LR0.05_Ep20_W7_Bg1e-5                 4  -11.3020 -0.5800    10.7225    0.0575  0.3220     0.2645
Config_D_LR0.05_Ep20_W7_Bg1e-5                 5  -15.0810 -1.4480    13.6330    0.0435  0.2575     0.2140
Config_D_LR0.05_Ep20_W7_Bg1e-5                 6  -15.7355 -2.4390    13.2970    0.0910  0.1885     0.0975
Config_D_LR0.05_Ep20_W7_Bg1e-5                 7  -21.9790 -3.9960    17.9825    0.1415  0.0185    -0.1230
2026-07-29 07:29:29 [INFO] 
--- Overall Parameter Config Rankings (Ranked by Average DA NSE) ---
2026-07-29 07:29:29 [INFO] 
                     Config ID   Base NSE    DA NSE  NSE Delta  Base KGE   DA KGE  KGE Delta
Config_B_LR0.05_Ep15_W7_Bg1e-6 -12.291714 -1.012571  11.279143  0.091071 0.208143   0.117214
 Config_A_LR0.1_Ep10_W7_Bg1e-6 -12.291714 -1.135357  11.156429  0.091071 0.141786   0.050786
 Config_C_LR0.1_Ep10_W7_Bg1e-5 -12.291714 -1.135357  11.156429  0.091071 0.141786   0.050786
Config_D_LR0.05_Ep20_W7_Bg1e-5 -12.291714 -1.205500  11.086214  0.091071 0.219500   0.128357
2026-07-29 07:29:29 [INFO] 
--- Best Performing Parameter Config for EACH Lead Time (1..7 Days) ---
2026-07-29 07:29:29 [INFO] 
 Lead Time (Days)                 Best Config ID  Mean DA NSE  Mean NSE Delta  Mean DA KGE  Mean KGE Delta
                1 Config_D_LR0.05_Ep20_W7_Bg1e-5        0.027           7.062        0.238           0.059
                2 Config_D_LR0.05_Ep20_W7_Bg1e-5       -0.029           7.188        0.243           0.126
                3 Config_D_LR0.05_Ep20_W7_Bg1e-5        0.026           7.718        0.270           0.260
                4 Config_B_LR0.05_Ep15_W7_Bg1e-6       -0.507          10.795        0.302           0.245
                5 Config_B_LR0.05_Ep15_W7_Bg1e-6       -1.212          13.868        0.231           0.188
                6 Config_B_LR0.05_Ep15_W7_Bg1e-6       -1.932          13.803        0.174           0.082
                7 Config_B_LR0.05_Ep15_W7_Bg1e-6       -3.120          18.859        0.033          -0.108
2026-07-29 07:29:29 [INFO] 
======================================================================
2026-07-29 07:29:29 [INFO] Pipeline completed successfully!
2026-07-29 07:29:29 [INFO] All summary reports saved in: /usr/local/google/home/kruparell/flood-forecasting/tutorial/notebooks/large_scale_param_selection_results
2026-07-29 07:29:29 [INFO] ======================================================================

2026-07-29 07:34:55 [INFO] ======================================================================
2026-07-29 07:34:55 [INFO]  Large-Scale DA Parameter Selection Pipeline (Parallel & Sharded)    
2026-07-29 07:34:55 [INFO] ======================================================================
2026-07-29 07:34:55 [INFO] Hardware Compute Device: cpu
2026-07-29 07:34:55 [INFO] Parallel Worker Processes: 4
2026-07-29 07:34:55 [INFO] Borg Task Sharding: Shard 1 of 1
2026-07-29 07:34:55 [INFO] Full Caravans Path: /usr/local/google/home/kruparell/Caravans/Caravan-nc
2026-07-29 07:34:55 [INFO] Evaluation Date Range: 2018-01-01 to 2018-01-15
2026-07-29 07:34:55 [INFO] Target Lead Times: [1, 2, 3, 4, 5, 6, 7]
2026-07-29 07:34:55 [INFO] Log File Location: /usr/local/google/home/kruparell/flood-forecasting/tutorial/notebooks/large_scale_param_selection_results/large_scale_param_selection.log
2026-07-29 07:34:55 [INFO] Total sampled basins: 3. Assigned to this shard (0): 3 basins.
2026-07-29 07:34:55 [INFO] Testing 4 Parameter Sets: ['Config_A_LR0.1_Ep10_W7_Bg1e-6', 'Config_B_LR0.05_Ep15_W7_Bg1e-6', 'Config_C_LR0.1_Ep10_W7_Bg1e-5', 'Config_D_LR0.05_Ep20_W7_Bg1e-5']

2026-07-29 07:34:56 [INFO] Generated 15 issue dates: ['2018-01-01', '2018-01-02', '2018-01-03'] ... ['2018-01-15']
2026-07-29 07:34:56 [INFO] Total task units to execute: 12 across 4 worker processes.

2026-07-29 07:34:56 [INFO] Launching ProcessPoolExecutor with 4 parallel workers...
2026-07-29 07:35:21 [INFO]  Completed Task [1/12]: Config Config_A_LR0.1_Ep10_W7_Bg1e-6 | Basin camelscl_10133000 (Records: 7)
2026-07-29 07:35:22 [INFO]  Completed Task [2/12]: Config Config_A_LR0.1_Ep10_W7_Bg1e-6 | Basin camelscl_6013001 (Records: 7)
2026-07-29 07:35:22 [INFO]  Completed Task [3/12]: Config Config_B_LR0.05_Ep15_W7_Bg1e-6 | Basin camelscl_10133000 (Records: 7)
2026-07-29 07:35:23 [INFO]  Completed Task [4/12]: Config Config_A_LR0.1_Ep10_W7_Bg1e-6 | Basin camelscl_6034022 (Records: 7)
2026-07-29 07:35:40 [INFO]  Completed Task [5/12]: Config Config_B_LR0.05_Ep15_W7_Bg1e-6 | Basin camelscl_6013001 (Records: 7)
2026-07-29 07:35:40 [INFO]  Completed Task [6/12]: Config Config_C_LR0.1_Ep10_W7_Bg1e-5 | Basin camelscl_10133000 (Records: 7)
2026-07-29 07:35:41 [INFO]  Completed Task [7/12]: Config Config_C_LR0.1_Ep10_W7_Bg1e-5 | Basin camelscl_6013001 (Records: 7)
2026-07-29 07:35:42 [INFO]  Completed Task [8/12]: Config Config_B_LR0.05_Ep15_W7_Bg1e-6 | Basin camelscl_6034022 (Records: 7)
2026-07-29 07:35:58 [INFO]  Completed Task [9/12]: Config Config_C_LR0.1_Ep10_W7_Bg1e-5 | Basin camelscl_6034022 (Records: 7)
2026-07-29 07:36:01 [INFO]  Completed Task [10/12]: Config Config_D_LR0.05_Ep20_W7_Bg1e-5 | Basin camelscl_10133000 (Records: 7)
2026-07-29 07:36:02 [INFO]  Completed Task [11/12]: Config Config_D_LR0.05_Ep20_W7_Bg1e-5 | Basin camelscl_6013001 (Records: 7)
2026-07-29 07:36:03 [INFO]  Completed Task [12/12]: Config Config_D_LR0.05_Ep20_W7_Bg1e-5 | Basin camelscl_6034022 (Records: 7)
2026-07-29 07:36:04 [INFO] 
Saved detailed metrics CSV: /usr/local/google/home/kruparell/flood-forecasting/tutorial/notebooks/large_scale_param_selection_results/detailed_basin_parameter_eval.csv
2026-07-29 07:36:04 [INFO] 
======================================================================
2026-07-29 07:36:04 [INFO]  AGGREGATE PARAMETER SELECTION & RANKING SUMMARY                      
2026-07-29 07:36:04 [INFO] ======================================================================
2026-07-29 07:36:04 [INFO] 
--- Mean Metrics by Config ID and Lead Time ---
2026-07-29 07:36:04 [INFO] 
                     Config ID  Lead Time (Days)    Base NSE      DA NSE  NSE Delta  Base KGE    DA KGE  KGE Delta
 Config_A_LR0.1_Ep10_W7_Bg1e-6                 1  -70.814000  -10.900333  59.913667 -0.301667 -0.170667   0.131667
 Config_A_LR0.1_Ep10_W7_Bg1e-6                 2 -152.604333  -29.150333 123.454000 -0.344667 -0.168667   0.176000
 Config_A_LR0.1_Ep10_W7_Bg1e-6                 3 -165.644667  -37.094667 128.550333 -0.427333 -0.161333   0.265667
 Config_A_LR0.1_Ep10_W7_Bg1e-6                 4 -201.566333  -48.432333 153.133667 -0.369333 -0.032000   0.337333
 Config_A_LR0.1_Ep10_W7_Bg1e-6                 5 -210.490667  -54.170000 156.320667 -0.363000 -0.059000   0.304000
 Config_A_LR0.1_Ep10_W7_Bg1e-6                 6 -236.763333  -66.300667 170.462667 -0.301333 -0.109000   0.192000
 Config_A_LR0.1_Ep10_W7_Bg1e-6                 7 -298.370667  -88.502333 209.868667 -0.254000 -0.276667  -0.022667
Config_B_LR0.05_Ep15_W7_Bg1e-6                 1  -70.814000  -19.847667  50.966667 -0.301667 -0.132000   0.170000
Config_B_LR0.05_Ep15_W7_Bg1e-6                 2 -152.604333  -48.974667 103.629667 -0.344667 -0.158333   0.186333
Config_B_LR0.05_Ep15_W7_Bg1e-6                 3 -165.644667  -56.746333 108.898667 -0.427333 -0.152000   0.275333
Config_B_LR0.05_Ep15_W7_Bg1e-6                 4 -201.566333  -69.787667 131.778333 -0.369333 -0.046667   0.322667
Config_B_LR0.05_Ep15_W7_Bg1e-6                 5 -210.490667  -75.145333 135.344667 -0.363000 -0.076000   0.287333
Config_B_LR0.05_Ep15_W7_Bg1e-6                 6 -236.763333  -89.780333 146.983000 -0.301333 -0.083667   0.217333
Config_B_LR0.05_Ep15_W7_Bg1e-6                 7 -298.370667 -118.304000 180.067000 -0.254000 -0.183667   0.070667
 Config_C_LR0.1_Ep10_W7_Bg1e-5                 1  -70.814000  -10.900333  59.913667 -0.301667 -0.170667   0.131667
 Config_C_LR0.1_Ep10_W7_Bg1e-5                 2 -152.604333  -29.150333 123.454000 -0.344667 -0.168667   0.176000
 Config_C_LR0.1_Ep10_W7_Bg1e-5                 3 -165.644667  -37.094667 128.550333 -0.427333 -0.161333   0.265667
 Config_C_LR0.1_Ep10_W7_Bg1e-5                 4 -201.566333  -48.432333 153.133667 -0.369333 -0.032000   0.337333
 Config_C_LR0.1_Ep10_W7_Bg1e-5                 5 -210.490667  -54.170000 156.320667 -0.363000 -0.059000   0.304000
 Config_C_LR0.1_Ep10_W7_Bg1e-5                 6 -236.763333  -66.300667 170.462667 -0.301333 -0.109000   0.192000
 Config_C_LR0.1_Ep10_W7_Bg1e-5                 7 -298.370667  -88.502333 209.868667 -0.254000 -0.276667  -0.022667
Config_D_LR0.05_Ep20_W7_Bg1e-5                 1  -70.814000   -8.996333  61.817333 -0.301667 -0.072000   0.230000
Config_D_LR0.05_Ep20_W7_Bg1e-5                 2 -152.604333  -25.456000 127.148333 -0.344667 -0.072333   0.272333
Config_D_LR0.05_Ep20_W7_Bg1e-5                 3 -165.644667  -33.403667 132.241000 -0.427333 -0.066000   0.361000
Config_D_LR0.05_Ep20_W7_Bg1e-5                 4 -201.566333  -45.205000 156.361333 -0.369333  0.073000   0.442333
Config_D_LR0.05_Ep20_W7_Bg1e-5                 5 -210.490667  -51.651333 158.839333 -0.363000 -0.002333   0.361000
Config_D_LR0.05_Ep20_W7_Bg1e-5                 6 -236.763333  -63.821667 172.942000 -0.301333 -0.054333   0.247000
Config_D_LR0.05_Ep20_W7_Bg1e-5                 7 -298.370667  -85.567667 212.802667 -0.254000 -0.197333   0.056667
2026-07-29 07:36:04 [INFO] 
--- Overall Parameter Config Rankings (Ranked by Average DA NSE) ---
2026-07-29 07:36:04 [INFO] 
                     Config ID    Base NSE     DA NSE  NSE Delta  Base KGE    DA KGE  KGE Delta
Config_D_LR0.05_Ep20_W7_Bg1e-5 -190.893429 -44.871667 146.021714 -0.337333 -0.055905   0.281476
 Config_A_LR0.1_Ep10_W7_Bg1e-6 -190.893429 -47.792952 143.100524 -0.337333 -0.139619   0.197714
 Config_C_LR0.1_Ep10_W7_Bg1e-5 -190.893429 -47.792952 143.100524 -0.337333 -0.139619   0.197714
Config_B_LR0.05_Ep15_W7_Bg1e-6 -190.893429 -68.369429 122.524000 -0.337333 -0.118905   0.218524
2026-07-29 07:36:04 [INFO] 
--- Best Performing Parameter Config for EACH Lead Time (1..7 Days) ---
2026-07-29 07:36:04 [INFO] 
 Lead Time (Days)                 Best Config ID  Mean DA NSE  Mean NSE Delta  Mean DA KGE  Mean KGE Delta
                1 Config_D_LR0.05_Ep20_W7_Bg1e-5       -8.996          61.817       -0.072           0.230
                2 Config_D_LR0.05_Ep20_W7_Bg1e-5      -25.456         127.148       -0.072           0.272
                3 Config_D_LR0.05_Ep20_W7_Bg1e-5      -33.404         132.241       -0.066           0.361
                4 Config_D_LR0.05_Ep20_W7_Bg1e-5      -45.205         156.361        0.073           0.442
                5 Config_D_LR0.05_Ep20_W7_Bg1e-5      -51.651         158.839       -0.002           0.361
                6 Config_D_LR0.05_Ep20_W7_Bg1e-5      -63.822         172.942       -0.054           0.247
                7 Config_D_LR0.05_Ep20_W7_Bg1e-5      -85.568         212.803       -0.197           0.057
2026-07-29 07:36:04 [INFO] 
======================================================================
2026-07-29 07:36:04 [INFO] Pipeline completed successfully!
2026-07-29 07:36:04 [INFO] All summary reports saved in: /usr/local/google/home/kruparell/flood-forecasting/tutorial/notebooks/large_scale_param_selection_results
2026-07-29 07:36:04 [INFO] ======================================================================

2026-07-29 07:46:51 [INFO] ======================================================================
2026-07-29 07:46:51 [INFO]  Large-Scale DA Parameter Selection Pipeline (Parallel & Sharded)    
2026-07-29 07:46:51 [INFO] ======================================================================
2026-07-29 07:46:51 [INFO] Hardware Compute Device: cpu
2026-07-29 07:46:51 [INFO] Parallel Worker Processes: 4
2026-07-29 07:46:51 [INFO] Borg Task Sharding: Shard 1 of 1
2026-07-29 07:46:51 [INFO] Full Caravans Path: /usr/local/google/home/kruparell/Caravans/Caravan-nc
2026-07-29 07:46:51 [INFO] Evaluation Date Range: 2018-01-01 to 2018-05-01
2026-07-29 07:46:51 [INFO] Target Lead Times: [1, 2, 3, 4, 5, 6, 7]
2026-07-29 07:46:51 [INFO] Log File Location: /usr/local/google/home/kruparell/flood-forecasting/tutorial/notebooks/large_scale_param_selection_results/large_scale_param_selection.log
2026-07-29 07:46:51 [INFO] Total sampled basins: 3. Assigned to this shard (0): 3 basins.
2026-07-29 07:46:51 [INFO] Testing 4 Parameter Sets: ['Config_A_LR0.1_Ep10_W7_Bg1e-6', 'Config_B_LR0.05_Ep15_W7_Bg1e-6', 'Config_C_LR0.1_Ep10_W7_Bg1e-5', 'Config_D_LR0.05_Ep20_W7_Bg1e-5']

2026-07-29 07:46:52 [INFO] Generated 121 issue dates: ['2018-01-01', '2018-01-02', '2018-01-03'] ... ['2018-05-01']
2026-07-29 07:46:52 [INFO] Total task units to execute: 12 across 4 worker processes.

2026-07-29 07:46:52 [INFO] Launching ProcessPoolExecutor with 4 parallel workers...
2026-07-29 07:48:55 [INFO] ======================================================================
2026-07-29 07:48:55 [INFO]  Large-Scale DA Parameter Selection Pipeline (Parallel & Sharded)    
2026-07-29 07:48:55 [INFO] ======================================================================
2026-07-29 07:48:55 [INFO] Hardware Compute Device: cpu
2026-07-29 07:48:55 [INFO] Parallel Worker Processes: 12
2026-07-29 07:48:55 [INFO] Borg Task Sharding: Shard 1 of 1
2026-07-29 07:48:55 [INFO] Full Caravans Path: /usr/local/google/home/kruparell/Caravans/Caravan-nc
2026-07-29 07:48:55 [INFO] Evaluation Date Range: 2018-01-01 to 2018-05-01
2026-07-29 07:48:55 [INFO] Target Lead Times: [1, 2, 3, 4, 5, 6, 7]
2026-07-29 07:48:55 [INFO] Log File Location: /usr/local/google/home/kruparell/flood-forecasting/tutorial/notebooks/large_scale_param_selection_results/large_scale_param_selection.log
2026-07-29 07:48:55 [INFO] Total sampled basins: 3. Assigned to this shard (0): 3 basins.
2026-07-29 07:48:55 [INFO] Testing 4 Parameter Sets: ['Config_A_LR0.1_Ep10_W7_Bg1e-6', 'Config_B_LR0.05_Ep15_W7_Bg1e-6', 'Config_C_LR0.1_Ep10_W7_Bg1e-5', 'Config_D_LR0.05_Ep20_W7_Bg1e-5']

2026-07-29 07:48:56 [INFO] Generated 121 issue dates: ['2018-01-01', '2018-01-02', '2018-01-03'] ... ['2018-05-01']
2026-07-29 07:48:56 [INFO] Total task units to execute: 12 across 12 worker processes.

2026-07-29 07:48:56 [INFO] Launching ProcessPoolExecutor with 12 parallel workers...
2026-07-29 07:52:05 [INFO]  Completed Task [1/12]: Config Config_A_LR0.1_Ep10_W7_Bg1e-6 | Basin camelscl_6013001 (Records: 7)
2026-07-29 07:52:10 [INFO]  Completed Task [2/12]: Config Config_A_LR0.1_Ep10_W7_Bg1e-6 | Basin camelscl_6034022 (Records: 7)
2026-07-29 07:52:11 [INFO]  Completed Task [3/12]: Config Config_C_LR0.1_Ep10_W7_Bg1e-5 | Basin camelscl_10133000 (Records: 7)
2026-07-29 07:52:13 [INFO]  Completed Task [4/12]: Config Config_A_LR0.1_Ep10_W7_Bg1e-6 | Basin camelscl_10133000 (Records: 7)
2026-07-29 07:52:16 [INFO]  Completed Task [5/12]: Config Config_C_LR0.1_Ep10_W7_Bg1e-5 | Basin camelscl_6034022 (Records: 7)
2026-07-29 07:52:16 [INFO]  Completed Task [6/12]: Config Config_C_LR0.1_Ep10_W7_Bg1e-5 | Basin camelscl_6013001 (Records: 7)
2026-07-29 07:52:17 [INFO]  Completed Task [7/12]: Config Config_B_LR0.05_Ep15_W7_Bg1e-6 | Basin camelscl_6034022 (Records: 7)
2026-07-29 07:52:21 [INFO]  Completed Task [8/12]: Config Config_B_LR0.05_Ep15_W7_Bg1e-6 | Basin camelscl_10133000 (Records: 7)
2026-07-29 07:52:22 [INFO]  Completed Task [9/12]: Config Config_B_LR0.05_Ep15_W7_Bg1e-6 | Basin camelscl_6013001 (Records: 7)
2026-07-29 07:52:28 [INFO]  Completed Task [10/12]: Config Config_D_LR0.05_Ep20_W7_Bg1e-5 | Basin camelscl_6034022 (Records: 7)
2026-07-29 07:52:30 [INFO]  Completed Task [11/12]: Config Config_D_LR0.05_Ep20_W7_Bg1e-5 | Basin camelscl_10133000 (Records: 7)
2026-07-29 07:52:34 [INFO]  Completed Task [12/12]: Config Config_D_LR0.05_Ep20_W7_Bg1e-5 | Basin camelscl_6013001 (Records: 7)
2026-07-29 07:52:36 [INFO] 
Saved detailed metrics CSV: /usr/local/google/home/kruparell/flood-forecasting/tutorial/notebooks/large_scale_param_selection_results/detailed_basin_parameter_eval.csv
2026-07-29 07:52:36 [INFO] 
======================================================================
2026-07-29 07:52:36 [INFO]  AGGREGATE PARAMETER SELECTION & RANKING SUMMARY                      
2026-07-29 07:52:36 [INFO] ======================================================================
2026-07-29 07:52:36 [INFO] 
--- Mean Metrics by Config ID and Lead Time ---
2026-07-29 07:52:36 [INFO] 
                     Config ID  Lead Time (Days)  Base NSE    DA NSE  NSE Delta  Base KGE   DA KGE  KGE Delta
 Config_A_LR0.1_Ep10_W7_Bg1e-6                 1 -1.634667  0.177000   1.811667 -0.055333 0.520667   0.576333
 Config_A_LR0.1_Ep10_W7_Bg1e-6                 2 -1.663000  0.096667   1.760000 -0.096667 0.457000   0.553667
 Config_A_LR0.1_Ep10_W7_Bg1e-6                 3 -1.703667  0.066000   1.769333 -0.137333 0.424667   0.562000
 Config_A_LR0.1_Ep10_W7_Bg1e-6                 4 -1.668333  0.073667   1.742000 -0.131000 0.409333   0.540333
 Config_A_LR0.1_Ep10_W7_Bg1e-6                 5 -1.613000  0.092333   1.705667 -0.103333 0.403667   0.507000
 Config_A_LR0.1_Ep10_W7_Bg1e-6                 6 -1.607000  0.066333   1.673333 -0.086000 0.387667   0.473667
 Config_A_LR0.1_Ep10_W7_Bg1e-6                 7 -1.562667  0.030000   1.592667 -0.078667 0.365667   0.444333
Config_B_LR0.05_Ep15_W7_Bg1e-6                 1 -1.634667 -0.122000   1.512000 -0.055333 0.445667   0.500667
Config_B_LR0.05_Ep15_W7_Bg1e-6                 2 -1.663000 -0.195333   1.468000 -0.096667 0.380667   0.477667
Config_B_LR0.05_Ep15_W7_Bg1e-6                 3 -1.703667 -0.206000   1.497667 -0.137333 0.353000   0.490000
Config_B_LR0.05_Ep15_W7_Bg1e-6                 4 -1.668333 -0.172667   1.496000 -0.131000 0.343000   0.474000
Config_B_LR0.05_Ep15_W7_Bg1e-6                 5 -1.613000 -0.134000   1.479333 -0.103333 0.343000   0.446333
Config_B_LR0.05_Ep15_W7_Bg1e-6                 6 -1.607000 -0.153667   1.453333 -0.086000 0.329000   0.415000
Config_B_LR0.05_Ep15_W7_Bg1e-6                 7 -1.562667 -0.183333   1.379333 -0.078667 0.305667   0.384333
 Config_C_LR0.1_Ep10_W7_Bg1e-5                 1 -1.634667  0.177000   1.811667 -0.055333 0.520667   0.576333
 Config_C_LR0.1_Ep10_W7_Bg1e-5                 2 -1.663000  0.096667   1.760000 -0.096667 0.457000   0.553667
 Config_C_LR0.1_Ep10_W7_Bg1e-5                 3 -1.703667  0.066000   1.769333 -0.137333 0.424667   0.562000
 Config_C_LR0.1_Ep10_W7_Bg1e-5                 4 -1.668333  0.073667   1.742000 -0.131000 0.409333   0.540333
 Config_C_LR0.1_Ep10_W7_Bg1e-5                 5 -1.613000  0.092333   1.705667 -0.103333 0.403667   0.507000
 Config_C_LR0.1_Ep10_W7_Bg1e-5                 6 -1.607000  0.066333   1.673333 -0.086000 0.387667   0.473667
 Config_C_LR0.1_Ep10_W7_Bg1e-5                 7 -1.562667  0.030000   1.592667 -0.078667 0.365667   0.444333
Config_D_LR0.05_Ep20_W7_Bg1e-5                 1 -1.634667  0.307667   1.942333 -0.055333 0.582333   0.637667
Config_D_LR0.05_Ep20_W7_Bg1e-5                 2 -1.663000  0.209000   1.872000 -0.096667 0.507333   0.604000
Config_D_LR0.05_Ep20_W7_Bg1e-5                 3 -1.703667  0.166000   1.869333 -0.137333 0.464000   0.601667
Config_D_LR0.05_Ep20_W7_Bg1e-5                 4 -1.668333  0.162000   1.830667 -0.131000 0.445333   0.576667
Config_D_LR0.05_Ep20_W7_Bg1e-5                 5 -1.613000  0.178667   1.791333 -0.103333 0.441667   0.545000
Config_D_LR0.05_Ep20_W7_Bg1e-5                 6 -1.607000  0.147667   1.754667 -0.086000 0.421000   0.506667
Config_D_LR0.05_Ep20_W7_Bg1e-5                 7 -1.562667  0.105667   1.668333 -0.078667 0.389333   0.468333
2026-07-29 07:52:36 [INFO] 
--- Overall Parameter Config Rankings (Ranked by Average DA NSE) ---
2026-07-29 07:52:36 [INFO] 
                     Config ID  Base NSE    DA NSE  NSE Delta  Base KGE   DA KGE  KGE Delta
Config_D_LR0.05_Ep20_W7_Bg1e-5 -1.636048  0.182381   1.818381 -0.098333 0.464429   0.562857
 Config_C_LR0.1_Ep10_W7_Bg1e-5 -1.636048  0.086000   1.722095 -0.098333 0.424095   0.522476
 Config_A_LR0.1_Ep10_W7_Bg1e-6 -1.636048  0.086000   1.722095 -0.098333 0.424095   0.522476
Config_B_LR0.05_Ep15_W7_Bg1e-6 -1.636048 -0.166714   1.469381 -0.098333 0.357143   0.455429
2026-07-29 07:52:36 [INFO] 
--- Best Performing Parameter Config for EACH Lead Time (1..7 Days) ---
2026-07-29 07:52:36 [INFO] 
 Lead Time (Days)                 Best Config ID  Mean DA NSE  Mean NSE Delta  Mean DA KGE  Mean KGE Delta
                1 Config_D_LR0.05_Ep20_W7_Bg1e-5        0.308           1.942        0.582           0.638
                2 Config_D_LR0.05_Ep20_W7_Bg1e-5        0.209           1.872        0.507           0.604
                3 Config_D_LR0.05_Ep20_W7_Bg1e-5        0.166           1.869        0.464           0.602
                4 Config_D_LR0.05_Ep20_W7_Bg1e-5        0.162           1.831        0.445           0.577
                5 Config_D_LR0.05_Ep20_W7_Bg1e-5        0.179           1.791        0.442           0.545
                6 Config_D_LR0.05_Ep20_W7_Bg1e-5        0.148           1.755        0.421           0.507
                7 Config_D_LR0.05_Ep20_W7_Bg1e-5        0.106           1.668        0.389           0.468
2026-07-29 07:52:36 [INFO] 
======================================================================
2026-07-29 07:52:36 [INFO] Pipeline completed successfully!
2026-07-29 07:52:36 [INFO] All summary reports saved in: /usr/local/google/home/kruparell/flood-forecasting/tutorial/notebooks/large_scale_param_selection_results
2026-07-29 07:52:36 [INFO] ======================================================================

2026-07-29 10:08:23 [INFO] ======================================================================
2026-07-29 10:08:23 [INFO]  Large-Scale DA Parameter Selection Pipeline across Cloudtop Caravans 
2026-07-29 10:08:23 [INFO] ======================================================================
2026-07-29 10:08:23 [INFO] Hardware Compute Device: cpu
2026-07-29 10:08:23 [INFO] Caravans Path: /usr/local/google/home/kruparell/Caravans/Caravan-nc
2026-07-29 10:08:23 [INFO] MultiMet Path: /usr/local/google/home/kruparell/Caravans_MultiMet
2026-07-29 10:08:23 [INFO] Pretrained Dir: /usr/local/google/home/kruparell/flood-forecasting/pretrained-models/google-floodhub-settings-55-epochs-nse-filtered-0.5-85-epochs
2026-07-29 10:08:23 [INFO] Output Dir: /usr/local/google/home/kruparell/flood-forecasting/tutorial/notebooks/large_scale_param_selection_results
2026-07-29 10:08:23 [INFO] Evaluation Date Range: 2018-01-01 to 2018-01-15
2026-07-29 10:08:23 [INFO] Target Lead Times: [1, 2, 3, 4, 5, 6, 7]
2026-07-29 10:08:23 [INFO] Log File Location: /usr/local/google/home/kruparell/flood-forecasting/tutorial/notebooks/large_scale_param_selection_results/large_scale_param_selection.log
2026-07-29 10:08:23 [INFO] Loaded 3 basins from basins-wth-forecast-streamflow-2017-2019.txt (NUM_BASINS=3, Seed=42).
2026-07-29 10:08:23 [INFO] Testing 4 Parameter Sets: ['Config_A_LR0.1_Ep10_W7_Bg1e-6', 'Config_B_LR0.05_Ep15_W7_Bg1e-6', 'Config_C_LR0.1_Ep10_W7_Bg1e-5', 'Config_D_LR0.05_Ep20_W7_Bg1e-5']

2026-07-29 10:08:28 [INFO] Pretrained Model loaded successfully on device [cpu]: MeanEmbeddingForecastLSTM
2026-07-29 10:08:29 [INFO] Generated 15 issue dates: ['2018-01-01', '2018-01-02', '2018-01-03', '2018-01-04', '2018-01-05', '2018-01-06', '2018-01-07', '2018-01-08', '2018-01-09', '2018-01-10', '2018-01-11', '2018-01-12', '2018-01-13', '2018-01-14', '2018-01-15']
2026-07-29 10:08:29 [INFO] 
======================================================================
2026-07-29 10:08:29 [INFO]  Running Parameter Set: Config_A_LR0.1_Ep10_W7_Bg1e-6
2026-07-29 10:08:29 [INFO]  (LR=0.1, Epochs=10, Window=7d, BgWeight=1e-06, Gap=1d)
2026-07-29 10:08:29 [INFO] ======================================================================
2026-07-29 10:08:29 [INFO]  Processing Basin [1/3]: camelscl_10133000
2026-07-29 10:08:29 [INFO]     [Basin camelscl_10133000] Month: 2018-01
2026-07-29 10:08:29 [ERROR] Top-level exception: prepare_multimet_batch() got an unexpected keyword argument 'multimet_path'. Did you mean 'multimet_dir'?
2026-07-29 10:08:30 [ERROR] Traceback (most recent call last):
  File "/usr/local/google/_blaze_kruparell/ca0ab5d0f135530f4a0e6e6356a0d5e4_buildrabbit/execroot/google3/blaze-out/k8-fastbuild/bin/third_party/py/neuralhydrology/Karan/large_scale_da_param_selection.runfiles/google3/third_party/py/absl/app.py", line 609, in run
    _run_main(main, args)
    ~~~~~~~~~^^^^^^^^^^^^
  File "/usr/local/google/_blaze_kruparell/ca0ab5d0f135530f4a0e6e6356a0d5e4_buildrabbit/execroot/google3/blaze-out/k8-fastbuild/bin/third_party/py/neuralhydrology/Karan/large_scale_da_param_selection.runfiles/google3/third_party/py/absl/app.py", line 529, in _run_main
    sys.exit(main(argv))
             ~~~~^^^^^^
  File "/usr/local/google/_blaze_kruparell/ca0ab5d0f135530f4a0e6e6356a0d5e4_buildrabbit/execroot/google3/blaze-out/k8-fastbuild/bin/third_party/py/neuralhydrology/Karan/large_scale_da_param_selection.runfiles/google3/third_party/py/neuralhydrology/Karan/tutorial/notebooks/large_scale_da_param_selection.py", line 509, in <lambda>
    app.run(lambda argv: main())
                         ~~~~^^
  File "/usr/local/google/_blaze_kruparell/ca0ab5d0f135530f4a0e6e6356a0d5e4_buildrabbit/execroot/google3/blaze-out/k8-fastbuild/bin/third_party/py/neuralhydrology/Karan/large_scale_da_param_selection.runfiles/google3/third_party/py/neuralhydrology/Karan/tutorial/notebooks/large_scale_da_param_selection.py", line 351, in main
    batch_b = prepare_multimet_batch(
        mode='multimet_0_and_1_to_7',
    ...<9 lines>...
        forecast_lead_days=7
    )
TypeError: prepare_multimet_batch() got an unexpected keyword argument 'multimet_path'. Did you mean 'multimet_dir'?

2026-07-29 10:08:30 [INFO] Cache Metrics: None

2026-07-29 10:08:30 [INFO] TorchDynamo attempted to trace the following frames: [

]
2026-07-29 10:08:30 [INFO] TorchDynamo compilation metrics:
Function    Runtimes (s)
----------  --------------
2026-07-29 10:08:30 [INFO] FakeTensor cache stats:
2026-07-29 10:08:30 [INFO]   cache_hits: 0
2026-07-29 10:08:30 [INFO]   cache_misses: 0
2026-07-29 10:09:15 [INFO] ======================================================================
2026-07-29 10:09:15 [INFO]  Large-Scale DA Parameter Selection Pipeline across Cloudtop Caravans 
2026-07-29 10:09:15 [INFO] ======================================================================
2026-07-29 10:09:15 [INFO] Hardware Compute Device: cpu
2026-07-29 10:09:15 [INFO] Caravans Path: /usr/local/google/home/kruparell/Caravans/Caravan-nc
2026-07-29 10:09:15 [INFO] MultiMet Path: /usr/local/google/home/kruparell/Caravans_MultiMet
2026-07-29 10:09:15 [INFO] Pretrained Dir: /usr/local/google/home/kruparell/flood-forecasting/pretrained-models/google-floodhub-settings-55-epochs-nse-filtered-0.5-85-epochs
2026-07-29 10:09:15 [INFO] Output Dir: /usr/local/google/home/kruparell/flood-forecasting/tutorial/notebooks/large_scale_param_selection_results
2026-07-29 10:09:15 [INFO] Evaluation Date Range: 2018-01-01 to 2018-01-15
2026-07-29 10:09:15 [INFO] Target Lead Times: [1, 2, 3, 4, 5, 6, 7]
2026-07-29 10:09:15 [INFO] Log File Location: /usr/local/google/home/kruparell/flood-forecasting/tutorial/notebooks/large_scale_param_selection_results/large_scale_param_selection.log
2026-07-29 10:09:15 [INFO] Loaded 3 basins from basins-wth-forecast-streamflow-2017-2019.txt (NUM_BASINS=3, Seed=42).
2026-07-29 10:09:15 [INFO] Testing 4 Parameter Sets: ['Config_A_LR0.1_Ep10_W7_Bg1e-6', 'Config_B_LR0.05_Ep15_W7_Bg1e-6', 'Config_C_LR0.1_Ep10_W7_Bg1e-5', 'Config_D_LR0.05_Ep20_W7_Bg1e-5']

2026-07-29 10:09:19 [INFO] Pretrained Model loaded successfully on device [cpu]: MeanEmbeddingForecastLSTM
2026-07-29 10:09:21 [INFO] Generated 15 issue dates: ['2018-01-01', '2018-01-02', '2018-01-03', '2018-01-04', '2018-01-05', '2018-01-06', '2018-01-07', '2018-01-08', '2018-01-09', '2018-01-10', '2018-01-11', '2018-01-12', '2018-01-13', '2018-01-14', '2018-01-15']
2026-07-29 10:09:21 [INFO] 
======================================================================
2026-07-29 10:09:21 [INFO]  Running Parameter Set: Config_A_LR0.1_Ep10_W7_Bg1e-6
2026-07-29 10:09:21 [INFO]  (LR=0.1, Epochs=10, Window=7d, BgWeight=1e-06, Gap=1d)
2026-07-29 10:09:21 [INFO] ======================================================================
2026-07-29 10:09:21 [INFO]  Processing Basin [1/3]: camelscl_10133000
2026-07-29 10:09:21 [INFO]     [Basin camelscl_10133000] Month: 2018-01
2026-07-29 10:10:35 [INFO]  Processing Basin [2/3]: camelscl_6013001
2026-07-29 10:10:35 [INFO]     [Basin camelscl_6013001] Month: 2018-01
2026-07-29 10:11:38 [INFO]  Processing Basin [3/3]: camelscl_6034022
2026-07-29 10:11:38 [INFO]     [Basin camelscl_6034022] Month: 2018-01
2026-07-29 10:13:11 [INFO] 
======================================================================
2026-07-29 10:13:11 [INFO]  Running Parameter Set: Config_B_LR0.05_Ep15_W7_Bg1e-6
2026-07-29 10:13:11 [INFO]  (LR=0.05, Epochs=15, Window=7d, BgWeight=1e-06, Gap=1d)
2026-07-29 10:13:11 [INFO] ======================================================================
2026-07-29 10:13:11 [INFO]  Processing Basin [1/3]: camelscl_10133000
2026-07-29 10:13:11 [INFO]     [Basin camelscl_10133000] Month: 2018-01
2026-07-29 10:14:24 [INFO]  Processing Basin [2/3]: camelscl_6013001
2026-07-29 10:14:24 [INFO]     [Basin camelscl_6013001] Month: 2018-01
2026-07-29 10:15:35 [INFO]  Processing Basin [3/3]: camelscl_6034022
2026-07-29 10:15:35 [INFO]     [Basin camelscl_6034022] Month: 2018-01
2026-07-29 10:16:44 [INFO] 
======================================================================
2026-07-29 10:16:44 [INFO]  Running Parameter Set: Config_C_LR0.1_Ep10_W7_Bg1e-5
2026-07-29 10:16:44 [INFO]  (LR=0.1, Epochs=10, Window=7d, BgWeight=1e-05, Gap=1d)
2026-07-29 10:16:44 [INFO] ======================================================================
2026-07-29 10:16:44 [INFO]  Processing Basin [1/3]: camelscl_10133000
2026-07-29 10:16:44 [INFO]     [Basin camelscl_10133000] Month: 2018-01
2026-07-29 10:23:20 [INFO] ======================================================================
2026-07-29 10:23:20 [INFO]  Large-Scale DA Parameter Selection Pipeline across Cloudtop Caravans 
2026-07-29 10:23:20 [INFO] ======================================================================
2026-07-29 10:23:20 [INFO] Hardware Compute Device: cpu
2026-07-29 10:23:20 [INFO] Caravans Path: /usr/local/google/home/kruparell/Caravans/Caravan-nc
2026-07-29 10:23:20 [INFO] MultiMet Path: /usr/local/google/home/kruparell/Caravans_MultiMet
2026-07-29 10:23:20 [INFO] Pretrained Dir: /usr/local/google/home/kruparell/flood-forecasting/pretrained-models/google-floodhub-settings-55-epochs-nse-filtered-0.5-85-epochs
2026-07-29 10:23:20 [INFO] Output Dir: /usr/local/google/home/kruparell/flood-forecasting/tutorial/notebooks/large_scale_param_selection_results
2026-07-29 10:23:20 [INFO] Evaluation Date Range: 2018-01-01 to 2018-01-15
2026-07-29 10:23:20 [INFO] Target Lead Times: [1, 2, 3, 4, 5, 6, 7]
2026-07-29 10:23:20 [INFO] Log File Location: /usr/local/google/home/kruparell/flood-forecasting/tutorial/notebooks/large_scale_param_selection_results/large_scale_param_selection.log
2026-07-29 10:23:20 [INFO] Loaded 3 basins from basins-wth-forecast-streamflow-2017-2019.txt (NUM_BASINS=3, Seed=42).
2026-07-29 10:23:20 [INFO] Testing 4 Parameter Sets: ['Config_A_LR0.1_Ep10_W7_Bg1e-6', 'Config_B_LR0.05_Ep15_W7_Bg1e-6', 'Config_C_LR0.1_Ep10_W7_Bg1e-5', 'Config_D_LR0.05_Ep20_W7_Bg1e-5']

2026-07-29 10:23:23 [INFO] Pretrained Model loaded successfully on device [cpu]: MeanEmbeddingForecastLSTM
2026-07-29 10:23:25 [INFO] Generated 15 issue dates: ['2018-01-01', '2018-01-02', '2018-01-03', '2018-01-04', '2018-01-05', '2018-01-06', '2018-01-07', '2018-01-08', '2018-01-09', '2018-01-10', '2018-01-11', '2018-01-12', '2018-01-13', '2018-01-14', '2018-01-15']
2026-07-29 10:23:25 [INFO] 
======================================================================
2026-07-29 10:23:25 [INFO]  Running Parameter Set: Config_A_LR0.1_Ep10_W7_Bg1e-6
2026-07-29 10:23:25 [INFO]  (LR=0.1, Epochs=10, Window=7d, BgWeight=1e-06, Gap=1d)
2026-07-29 10:23:25 [INFO] ======================================================================
2026-07-29 10:23:25 [INFO]  Processing Basin [1/3]: camelscl_10133000
2026-07-29 10:23:25 [INFO]     [Basin camelscl_10133000] Month: 2018-01
2026-07-29 12:17:31 [INFO] ======================================================================
2026-07-29 12:17:31 [INFO]  Large-Scale DA Parameter Selection Pipeline (Parallel & Sharded)    
2026-07-29 12:17:31 [INFO] ======================================================================
2026-07-29 12:17:31 [INFO] Hardware Compute Device: cpu
2026-07-29 12:17:31 [INFO] Parallel Worker Processes: 2
2026-07-29 12:17:31 [INFO] Borg Task Sharding: Shard 1 of 1
2026-07-29 12:17:31 [INFO] Full Caravans Path: /usr/local/google/home/kruparell/Caravans_V2
2026-07-29 12:17:31 [INFO] Basin List Path: /usr/local/google/home/kruparell/flood-forecasting/tutorial/basin-lists/basin_valid_intervals.csv
2026-07-29 12:17:31 [INFO] Evaluation Date Range: 2018-01-01 to 2018-05-01
2026-07-29 12:17:31 [INFO] Target Lead Times: [1, 2, 3, 4, 5, 6, 7]
2026-07-29 12:17:31 [INFO] Log File Location: /usr/local/google/home/kruparell/flood-forecasting/tutorial/notebooks/large_scale_param_selection_results/large_scale_param_selection.log
2026-07-29 12:17:31 [INFO] Total sampled basins: 2. Assigned to this shard (0): 2 basins.
2026-07-29 12:17:31 [INFO] Testing 4 Parameter Sets: ['Config_A_LR0.1_Ep10_W7_Bg1e-6', 'Config_B_LR0.05_Ep15_W7_Bg1e-6', 'Config_C_LR0.1_Ep10_W7_Bg1e-5', 'Config_D_LR0.05_Ep20_W7_Bg1e-5']

2026-07-29 12:17:33 [INFO] Generated 121 issue dates: ['2018-01-01', '2018-01-02', '2018-01-03'] ... ['2018-05-01']
2026-07-29 12:17:33 [INFO] Total task units to execute: 8 across 2 worker processes.

2026-07-29 12:17:33 [INFO] Launching ProcessPoolExecutor with 2 parallel workers...
2026-07-29 12:22:05 [INFO]  Completed Task [1/8]: Config Config_A_LR0.1_Ep10_W7_Bg1e-6 | Basin GRDC_4214555 (Records: 7)
2026-07-29 12:22:12 [INFO]  Completed Task [2/8]: Config Config_A_LR0.1_Ep10_W7_Bg1e-6 | Basin GRDC_6935100 (Records: 7)
2026-07-29 12:25:47 [INFO]  Completed Task [3/8]: Config Config_B_LR0.05_Ep15_W7_Bg1e-6 | Basin GRDC_4214555 (Records: 7)
2026-07-29 12:25:48 [INFO]  Completed Task [4/8]: Config Config_B_LR0.05_Ep15_W7_Bg1e-6 | Basin GRDC_6935100 (Records: 7)
2026-07-29 12:29:40 [INFO]  Completed Task [5/8]: Config Config_C_LR0.1_Ep10_W7_Bg1e-5 | Basin GRDC_6935100 (Records: 7)
2026-07-29 12:29:42 [INFO]  Completed Task [6/8]: Config Config_C_LR0.1_Ep10_W7_Bg1e-5 | Basin GRDC_4214555 (Records: 7)
2026-07-29 12:33:32 [INFO]  Completed Task [7/8]: Config Config_D_LR0.05_Ep20_W7_Bg1e-5 | Basin GRDC_4214555 (Records: 7)
2026-07-29 12:33:39 [INFO]  Completed Task [8/8]: Config Config_D_LR0.05_Ep20_W7_Bg1e-5 | Basin GRDC_6935100 (Records: 7)
2026-07-29 12:33:41 [INFO] 
Saved detailed metrics CSV: /usr/local/google/home/kruparell/flood-forecasting/tutorial/notebooks/large_scale_param_selection_results/detailed_basin_parameter_eval.csv
2026-07-29 12:33:41 [INFO] 
======================================================================
2026-07-29 12:33:41 [INFO]  AGGREGATE PARAMETER SELECTION & RANKING SUMMARY                      
2026-07-29 12:33:41 [INFO] ======================================================================
2026-07-29 12:33:41 [INFO] 
--- Mean Metrics by Config ID and Lead Time ---
2026-07-29 12:33:41 [INFO] 
                     Config ID  Lead Time (Days)  Base NSE  DA NSE  NSE Delta  Base KGE  DA KGE  KGE Delta
 Config_A_LR0.1_Ep10_W7_Bg1e-6                 1       NaN     NaN        NaN       NaN     NaN        NaN
 Config_A_LR0.1_Ep10_W7_Bg1e-6                 2       NaN     NaN        NaN       NaN     NaN        NaN
 Config_A_LR0.1_Ep10_W7_Bg1e-6                 3       NaN     NaN        NaN       NaN     NaN        NaN
 Config_A_LR0.1_Ep10_W7_Bg1e-6                 4       NaN     NaN        NaN       NaN     NaN        NaN
 Config_A_LR0.1_Ep10_W7_Bg1e-6                 5       NaN     NaN        NaN       NaN     NaN        NaN
 Config_A_LR0.1_Ep10_W7_Bg1e-6                 6       NaN     NaN        NaN       NaN     NaN        NaN
 Config_A_LR0.1_Ep10_W7_Bg1e-6                 7       NaN     NaN        NaN       NaN     NaN        NaN
Config_B_LR0.05_Ep15_W7_Bg1e-6                 1       NaN     NaN        NaN       NaN     NaN        NaN
Config_B_LR0.05_Ep15_W7_Bg1e-6                 2       NaN     NaN        NaN       NaN     NaN        NaN
Config_B_LR0.05_Ep15_W7_Bg1e-6                 3       NaN     NaN        NaN       NaN     NaN        NaN
Config_B_LR0.05_Ep15_W7_Bg1e-6                 4       NaN     NaN        NaN       NaN     NaN        NaN
Config_B_LR0.05_Ep15_W7_Bg1e-6                 5       NaN     NaN        NaN       NaN     NaN        NaN
Config_B_LR0.05_Ep15_W7_Bg1e-6                 6       NaN     NaN        NaN       NaN     NaN        NaN
Config_B_LR0.05_Ep15_W7_Bg1e-6                 7       NaN     NaN        NaN       NaN     NaN        NaN
 Config_C_LR0.1_Ep10_W7_Bg1e-5                 1       NaN     NaN        NaN       NaN     NaN        NaN
 Config_C_LR0.1_Ep10_W7_Bg1e-5                 2       NaN     NaN        NaN       NaN     NaN        NaN
 Config_C_LR0.1_Ep10_W7_Bg1e-5                 3       NaN     NaN        NaN       NaN     NaN        NaN
 Config_C_LR0.1_Ep10_W7_Bg1e-5                 4       NaN     NaN        NaN       NaN     NaN        NaN
 Config_C_LR0.1_Ep10_W7_Bg1e-5                 5       NaN     NaN        NaN       NaN     NaN        NaN
 Config_C_LR0.1_Ep10_W7_Bg1e-5                 6       NaN     NaN        NaN       NaN     NaN        NaN
 Config_C_LR0.1_Ep10_W7_Bg1e-5                 7       NaN     NaN        NaN       NaN     NaN        NaN
Config_D_LR0.05_Ep20_W7_Bg1e-5                 1       NaN     NaN        NaN       NaN     NaN        NaN
Config_D_LR0.05_Ep20_W7_Bg1e-5                 2       NaN     NaN        NaN       NaN     NaN        NaN
Config_D_LR0.05_Ep20_W7_Bg1e-5                 3       NaN     NaN        NaN       NaN     NaN        NaN
Config_D_LR0.05_Ep20_W7_Bg1e-5                 4       NaN     NaN        NaN       NaN     NaN        NaN
Config_D_LR0.05_Ep20_W7_Bg1e-5                 5       NaN     NaN        NaN       NaN     NaN        NaN
Config_D_LR0.05_Ep20_W7_Bg1e-5                 6       NaN     NaN        NaN       NaN     NaN        NaN
Config_D_LR0.05_Ep20_W7_Bg1e-5                 7       NaN     NaN        NaN       NaN     NaN        NaN
2026-07-29 12:33:41 [INFO] 
--- Overall Parameter Config Rankings (Ranked by Average DA NSE) ---
2026-07-29 12:33:41 [INFO] 
                     Config ID  Base NSE  DA NSE  NSE Delta  Base KGE  DA KGE  KGE Delta
 Config_A_LR0.1_Ep10_W7_Bg1e-6       NaN     NaN        NaN       NaN     NaN        NaN
Config_B_LR0.05_Ep15_W7_Bg1e-6       NaN     NaN        NaN       NaN     NaN        NaN
 Config_C_LR0.1_Ep10_W7_Bg1e-5       NaN     NaN        NaN       NaN     NaN        NaN
Config_D_LR0.05_Ep20_W7_Bg1e-5       NaN     NaN        NaN       NaN     NaN        NaN
2026-07-29 12:33:41 [INFO] 
======================================================================
2026-07-29 12:33:41 [INFO] Pipeline completed successfully!
2026-07-29 12:33:41 [INFO] All summary reports saved in: /usr/local/google/home/kruparell/flood-forecasting/tutorial/notebooks/large_scale_param_selection_results
2026-07-29 12:33:41 [INFO] ======================================================================

2026-07-29 14:48:52 [INFO] ======================================================================
2026-07-29 14:48:52 [INFO]  Large-Scale DA Parameter Selection Pipeline (Parallel & Sharded)    
2026-07-29 14:48:52 [INFO] ======================================================================
2026-07-29 14:48:52 [INFO] Hardware Compute Device: cpu
2026-07-29 14:48:52 [INFO] Parallel Worker Processes: 12
2026-07-29 14:48:52 [INFO] Borg Task Sharding: Shard 1 of 1
2026-07-29 14:48:52 [INFO] Full Caravans Path: /usr/local/google/home/kruparell/Caravans_V2
2026-07-29 14:48:52 [INFO] Basin List Path: /usr/local/google/home/kruparell/flood-forecasting/tutorial/basin-lists/basin_valid_intervals.csv
2026-07-29 14:48:52 [INFO] Evaluation Date Range: 2018-01-01 to 2018-01-15
2026-07-29 14:48:52 [INFO] Target Lead Times: [1, 2, 3, 4, 5, 6, 7]
2026-07-29 14:48:52 [INFO] Log File Location: /usr/local/google/home/kruparell/flood-forecasting/tutorial/notebooks/large_scale_param_selection_results/large_scale_param_selection.log
2026-07-29 14:48:52 [INFO] Total sampled basins: 50. Assigned to this shard (0): 50 basins.
2026-07-29 14:48:52 [INFO] Testing 4 Parameter Sets: ['Config_A_LR0.1_Ep10_W7_Bg1e-6', 'Config_B_LR0.05_Ep15_W7_Bg1e-6', 'Config_C_LR0.1_Ep10_W7_Bg1e-5', 'Config_D_LR0.05_Ep20_W7_Bg1e-5']

2026-07-29 14:48:54 [INFO] Generated 15 issue dates: ['2018-01-01', '2018-01-02', '2018-01-03'] ... ['2018-01-15']
2026-07-29 14:48:54 [INFO] Total task units to execute: 200 across 12 worker processes.

2026-07-29 14:48:54 [INFO] Launching ProcessPoolExecutor with 12 parallel workers...
2026-07-29 14:50:01 [INFO]  Completed Task [1/200]: Config Config_A_LR0.1_Ep10_W7_Bg1e-6 | Basin GRDC_1160610 (Records: 7)
2026-07-29 14:50:01 [INFO]  Completed Task [2/200]: Config Config_A_LR0.1_Ep10_W7_Bg1e-6 | Basin GRDC_1159413 (Records: 7)
2026-07-29 14:50:03 [INFO]  Completed Task [3/200]: Config Config_A_LR0.1_Ep10_W7_Bg1e-6 | Basin GRDC_1259460 (Records: 7)
2026-07-29 14:50:03 [INFO]  Completed Task [4/200]: Config Config_A_LR0.1_Ep10_W7_Bg1e-6 | Basin GRDC_1321880 (Records: 7)
2026-07-29 14:50:03 [INFO]  Completed Task [5/200]: Config Config_A_LR0.1_Ep10_W7_Bg1e-6 | Basin GRDC_1160775 (Records: 7)
2026-07-29 14:50:03 [INFO]  Completed Task [6/200]: Config Config_A_LR0.1_Ep10_W7_Bg1e-6 | Basin GRDC_3650610 (Records: 7)
2026-07-29 14:50:03 [INFO]  Completed Task [7/200]: Config Config_A_LR0.1_Ep10_W7_Bg1e-6 | Basin GRDC_1258400 (Records: 7)
2026-07-29 14:50:03 [INFO]  Completed Task [8/200]: Config Config_A_LR0.1_Ep10_W7_Bg1e-6 | Basin GRDC_3650202 (Records: 7)
2026-07-29 14:50:04 [INFO]  Completed Task [9/200]: Config Config_A_LR0.1_Ep10_W7_Bg1e-6 | Basin GRDC_4123510 (Records: 7)
2026-07-29 14:50:05 [INFO]  Completed Task [10/200]: Config Config_A_LR0.1_Ep10_W7_Bg1e-6 | Basin GRDC_4119325 (Records: 7)
2026-07-29 14:50:05 [INFO]  Completed Task [11/200]: Config Config_A_LR0.1_Ep10_W7_Bg1e-6 | Basin GRDC_4121301 (Records: 7)
2026-07-29 14:50:06 [INFO]  Completed Task [12/200]: Config Config_A_LR0.1_Ep10_W7_Bg1e-6 | Basin GRDC_4146400 (Records: 7)
2026-07-29 14:50:50 [INFO]  Completed Task [13/200]: Config Config_A_LR0.1_Ep10_W7_Bg1e-6 | Basin GRDC_4208562 (Records: 7)
2026-07-29 14:50:50 [INFO]  Completed Task [14/200]: Config Config_A_LR0.1_Ep10_W7_Bg1e-6 | Basin GRDC_4208469 (Records: 7)
2026-07-29 14:50:51 [INFO]  Completed Task [15/200]: Config Config_A_LR0.1_Ep10_W7_Bg1e-6 | Basin GRDC_5202070 (Records: 7)
2026-07-29 14:50:51 [INFO]  Completed Task [16/200]: Config Config_A_LR0.1_Ep10_W7_Bg1e-6 | Basin GRDC_6228820 (Records: 7)
2026-07-29 14:50:51 [INFO]  Completed Task [17/200]: Config Config_A_LR0.1_Ep10_W7_Bg1e-6 | Basin GRDC_4214555 (Records: 7)
2026-07-29 14:50:52 [INFO]  Completed Task [18/200]: Config Config_A_LR0.1_Ep10_W7_Bg1e-6 | Basin GRDC_5304134 (Records: 7)
2026-07-29 14:50:52 [INFO]  Completed Task [19/200]: Config Config_A_LR0.1_Ep10_W7_Bg1e-6 | Basin GRDC_6210230 (Records: 7)
2026-07-29 14:50:53 [INFO]  Completed Task [20/200]: Config Config_A_LR0.1_Ep10_W7_Bg1e-6 | Basin GRDC_6503300 (Records: 7)
2026-07-29 14:50:53 [INFO]  Completed Task [21/200]: Config Config_A_LR0.1_Ep10_W7_Bg1e-6 | Basin GRDC_6220345 (Records: 7)
2026-07-29 14:50:53 [INFO]  Completed Task [22/200]: Config Config_A_LR0.1_Ep10_W7_Bg1e-6 | Basin GRDC_5606046 (Records: 7)
2026-07-29 14:50:55 [INFO]  Completed Task [23/200]: Config Config_A_LR0.1_Ep10_W7_Bg1e-6 | Basin GRDC_6731133 (Records: 7)
2026-07-29 14:50:55 [INFO]  Completed Task [24/200]: Config Config_A_LR0.1_Ep10_W7_Bg1e-6 | Basin GRDC_6731620 (Records: 7)
2026-07-29 14:51:41 [INFO]  Completed Task [25/200]: Config Config_A_LR0.1_Ep10_W7_Bg1e-6 | Basin GRDC_6935100 (Records: 7)
2026-07-29 14:51:42 [INFO]  Completed Task [26/200]: Config Config_A_LR0.1_Ep10_W7_Bg1e-6 | Basin camelsbr_14330000 (Records: 7)
2026-07-29 14:51:42 [INFO]  Completed Task [27/200]: Config Config_A_LR0.1_Ep10_W7_Bg1e-6 | Basin camelsbr_77150000 (Records: 7)
2026-07-29 14:51:43 [INFO]  Completed Task [28/200]: Config Config_A_LR0.1_Ep10_W7_Bg1e-6 | Basin camelsbr_70100000 (Records: 7)
2026-07-29 14:51:43 [INFO]  Completed Task [29/200]: Config Config_A_LR0.1_Ep10_W7_Bg1e-6 | Basin camelsaus_415237 (Records: 7)
2026-07-29 14:51:43 [INFO]  Completed Task [30/200]: Config Config_A_LR0.1_Ep10_W7_Bg1e-6 | Basin camelsdk_90015 (Records: 7)
2026-07-29 14:51:44 [INFO]  Completed Task [31/200]: Config Config_A_LR0.1_Ep10_W7_Bg1e-6 | Basin camelses_3213 (Records: 7)
2026-07-29 14:51:45 [INFO]  Completed Task [32/200]: Config Config_A_LR0.1_Ep10_W7_Bg1e-6 | Basin camelses_1163 (Records: 7)
2026-07-29 14:51:45 [INFO]  Completed Task [33/200]: Config Config_A_LR0.1_Ep10_W7_Bg1e-6 | Basin hysets_02376500 (Records: 7)
2026-07-29 14:51:46 [INFO]  Completed Task [34/200]: Config Config_A_LR0.1_Ep10_W7_Bg1e-6 | Basin hysets_02056900 (Records: 7)
2026-07-29 14:51:46 [INFO]  Completed Task [35/200]: Config Config_A_LR0.1_Ep10_W7_Bg1e-6 | Basin hysets_02390000 (Records: 7)
2026-07-29 14:51:48 [INFO]  Completed Task [36/200]: Config Config_A_LR0.1_Ep10_W7_Bg1e-6 | Basin hysets_03340800 (Records: 7)
2026-07-29 14:52:28 [INFO]  Completed Task [37/200]: Config Config_A_LR0.1_Ep10_W7_Bg1e-6 | Basin hysets_03567500 (Records: 7)
2026-07-29 14:52:30 [INFO]  Completed Task [38/200]: Config Config_A_LR0.1_Ep10_W7_Bg1e-6 | Basin hysets_05399500 (Records: 7)
2026-07-29 14:52:31 [INFO]  Completed Task [39/200]: Config Config_A_LR0.1_Ep10_W7_Bg1e-6 | Basin hysets_05536190 (Records: 7)
2026-07-29 14:52:31 [INFO]  Completed Task [40/200]: Config Config_A_LR0.1_Ep10_W7_Bg1e-6 | Basin hysets_06928000 (Records: 7)
2026-07-29 14:52:33 [INFO]  Completed Task [41/200]: Config Config_A_LR0.1_Ep10_W7_Bg1e-6 | Basin hysets_06342450 (Records: 7)
2026-07-29 14:52:34 [INFO]  Completed Task [42/200]: Config Config_A_LR0.1_Ep10_W7_Bg1e-6 | Basin hysets_10032000 (Records: 7)
2026-07-29 14:52:34 [INFO]  Completed Task [43/200]: Config Config_A_LR0.1_Ep10_W7_Bg1e-6 | Basin hysets_09AA012 (Records: 7)
2026-07-29 14:52:34 [INFO]  Completed Task [44/200]: Config Config_A_LR0.1_Ep10_W7_Bg1e-6 | Basin hysets_07372050 (Records: 7)
2026-07-29 14:52:35 [INFO]  Completed Task [45/200]: Config Config_A_LR0.1_Ep10_W7_Bg1e-6 | Basin hysets_11284400 (Records: 7)
2026-07-29 14:52:35 [INFO]  Completed Task [46/200]: Config Config_A_LR0.1_Ep10_W7_Bg1e-6 | Basin hysets_11148900 (Records: 7)
2026-07-29 14:52:36 [INFO]  Completed Task [47/200]: Config Config_A_LR0.1_Ep10_W7_Bg1e-6 | Basin hysets_11180500 (Records: 7)
2026-07-29 14:52:36 [INFO]  Completed Task [48/200]: Config Config_A_LR0.1_Ep10_W7_Bg1e-6 | Basin hysets_12324200 (Records: 7)
2026-07-29 14:53:20 [INFO]  Completed Task [49/200]: Config Config_A_LR0.1_Ep10_W7_Bg1e-6 | Basin lamah_208017 (Records: 7)
2026-07-29 14:53:20 [INFO]  Completed Task [50/200]: Config Config_A_LR0.1_Ep10_W7_Bg1e-6 | Basin lamah_206508 (Records: 7)
2026-07-29 14:53:24 [INFO]  Completed Task [51/200]: Config Config_B_LR0.05_Ep15_W7_Bg1e-6 | Basin GRDC_1160610 (Records: 7)
2026-07-29 14:53:25 [INFO]  Completed Task [52/200]: Config Config_B_LR0.05_Ep15_W7_Bg1e-6 | Basin GRDC_1159413 (Records: 7)
2026-07-29 14:53:25 [INFO]  Completed Task [53/200]: Config Config_B_LR0.05_Ep15_W7_Bg1e-6 | Basin GRDC_1258400 (Records: 7)
2026-07-29 14:53:25 [INFO]  Completed Task [54/200]: Config Config_B_LR0.05_Ep15_W7_Bg1e-6 | Basin GRDC_1160775 (Records: 7)
2026-07-29 14:53:26 [INFO]  Completed Task [55/200]: Config Config_B_LR0.05_Ep15_W7_Bg1e-6 | Basin GRDC_1259460 (Records: 7)
2026-07-29 14:53:28 [INFO]  Completed Task [56/200]: Config Config_B_LR0.05_Ep15_W7_Bg1e-6 | Basin GRDC_3650610 (Records: 7)
2026-07-29 14:53:28 [INFO]  Completed Task [57/200]: Config Config_B_LR0.05_Ep15_W7_Bg1e-6 | Basin GRDC_3650202 (Records: 7)
2026-07-29 14:53:28 [INFO]  Completed Task [58/200]: Config Config_B_LR0.05_Ep15_W7_Bg1e-6 | Basin GRDC_1321880 (Records: 7)
2026-07-29 14:53:30 [INFO]  Completed Task [59/200]: Config Config_B_LR0.05_Ep15_W7_Bg1e-6 | Basin GRDC_4121301 (Records: 7)
2026-07-29 14:53:30 [INFO]  Completed Task [60/200]: Config Config_B_LR0.05_Ep15_W7_Bg1e-6 | Basin GRDC_4119325 (Records: 7)
2026-07-29 14:54:16 [INFO]  Completed Task [61/200]: Config Config_B_LR0.05_Ep15_W7_Bg1e-6 | Basin GRDC_4123510 (Records: 7)
2026-07-29 14:54:19 [INFO]  Completed Task [62/200]: Config Config_B_LR0.05_Ep15_W7_Bg1e-6 | Basin GRDC_4146400 (Records: 7)
2026-07-29 14:54:22 [INFO]  Completed Task [63/200]: Config Config_B_LR0.05_Ep15_W7_Bg1e-6 | Basin GRDC_4208469 (Records: 7)
2026-07-29 14:54:23 [INFO]  Completed Task [64/200]: Config Config_B_LR0.05_Ep15_W7_Bg1e-6 | Basin GRDC_4208562 (Records: 7)
2026-07-29 14:54:24 [INFO]  Completed Task [65/200]: Config Config_B_LR0.05_Ep15_W7_Bg1e-6 | Basin GRDC_4214555 (Records: 7)
2026-07-29 14:54:25 [INFO]  Completed Task [66/200]: Config Config_B_LR0.05_Ep15_W7_Bg1e-6 | Basin GRDC_5304134 (Records: 7)
2026-07-29 14:54:27 [INFO]  Completed Task [67/200]: Config Config_B_LR0.05_Ep15_W7_Bg1e-6 | Basin GRDC_5202070 (Records: 7)
2026-07-29 14:54:27 [INFO]  Completed Task [68/200]: Config Config_B_LR0.05_Ep15_W7_Bg1e-6 | Basin GRDC_5606046 (Records: 7)
2026-07-29 14:54:28 [INFO]  Completed Task [69/200]: Config Config_B_LR0.05_Ep15_W7_Bg1e-6 | Basin GRDC_6210230 (Records: 7)
2026-07-29 14:54:29 [INFO]  Completed Task [70/200]: Config Config_B_LR0.05_Ep15_W7_Bg1e-6 | Basin GRDC_6220345 (Records: 7)
2026-07-29 14:54:29 [INFO]  Completed Task [71/200]: Config Config_B_LR0.05_Ep15_W7_Bg1e-6 | Basin GRDC_6228820 (Records: 7)
2026-07-29 14:54:31 [INFO]  Completed Task [72/200]: Config Config_B_LR0.05_Ep15_W7_Bg1e-6 | Basin GRDC_6503300 (Records: 7)
2026-07-29 14:55:14 [INFO]  Completed Task [73/200]: Config Config_B_LR0.05_Ep15_W7_Bg1e-6 | Basin GRDC_6731133 (Records: 7)
2026-07-29 14:55:16 [INFO]  Completed Task [74/200]: Config Config_B_LR0.05_Ep15_W7_Bg1e-6 | Basin GRDC_6935100 (Records: 7)
2026-07-29 14:55:18 [INFO]  Completed Task [75/200]: Config Config_B_LR0.05_Ep15_W7_Bg1e-6 | Basin camelsaus_415237 (Records: 7)
2026-07-29 14:55:19 [INFO]  Completed Task [76/200]: Config Config_B_LR0.05_Ep15_W7_Bg1e-6 | Basin GRDC_6731620 (Records: 7)
2026-07-29 14:55:21 [INFO]  Completed Task [77/200]: Config Config_B_LR0.05_Ep15_W7_Bg1e-6 | Basin camelsbr_14330000 (Records: 7)
2026-07-29 14:55:21 [INFO]  Completed Task [78/200]: Config Config_B_LR0.05_Ep15_W7_Bg1e-6 | Basin camelsbr_70100000 (Records: 7)
2026-07-29 14:55:22 [INFO]  Completed Task [79/200]: Config Config_B_LR0.05_Ep15_W7_Bg1e-6 | Basin camelsbr_77150000 (Records: 7)
2026-07-29 14:55:24 [INFO]  Completed Task [80/200]: Config Config_B_LR0.05_Ep15_W7_Bg1e-6 | Basin camelsdk_90015 (Records: 7)
2026-07-29 14:55:24 [INFO]  Completed Task [81/200]: Config Config_B_LR0.05_Ep15_W7_Bg1e-6 | Basin camelses_3213 (Records: 7)
2026-07-29 14:55:24 [INFO]  Completed Task [82/200]: Config Config_B_LR0.05_Ep15_W7_Bg1e-6 | Basin camelses_1163 (Records: 7)
2026-07-29 14:55:24 [INFO]  Completed Task [83/200]: Config Config_B_LR0.05_Ep15_W7_Bg1e-6 | Basin hysets_02056900 (Records: 7)
2026-07-29 14:55:25 [INFO]  Completed Task [84/200]: Config Config_B_LR0.05_Ep15_W7_Bg1e-6 | Basin hysets_02376500 (Records: 7)
2026-07-29 14:56:09 [INFO]  Completed Task [85/200]: Config Config_B_LR0.05_Ep15_W7_Bg1e-6 | Basin hysets_02390000 (Records: 7)
2026-07-29 14:56:10 [INFO]  Completed Task [86/200]: Config Config_B_LR0.05_Ep15_W7_Bg1e-6 | Basin hysets_03340800 (Records: 7)
2026-07-29 14:56:11 [INFO]  Completed Task [87/200]: Config Config_B_LR0.05_Ep15_W7_Bg1e-6 | Basin hysets_05536190 (Records: 7)
2026-07-29 14:56:11 [INFO]  Completed Task [88/200]: Config Config_B_LR0.05_Ep15_W7_Bg1e-6 | Basin hysets_05399500 (Records: 7)
2026-07-29 14:56:11 [INFO]  Completed Task [89/200]: Config Config_B_LR0.05_Ep15_W7_Bg1e-6 | Basin hysets_03567500 (Records: 7)
2026-07-29 14:56:14 [INFO]  Completed Task [90/200]: Config Config_B_LR0.05_Ep15_W7_Bg1e-6 | Basin hysets_06342450 (Records: 7)
2026-07-29 14:56:14 [INFO]  Completed Task [91/200]: Config Config_B_LR0.05_Ep15_W7_Bg1e-6 | Basin hysets_06928000 (Records: 7)
2026-07-29 14:56:15 [INFO]  Completed Task [92/200]: Config Config_B_LR0.05_Ep15_W7_Bg1e-6 | Basin hysets_07372050 (Records: 7)
2026-07-29 14:56:15 [INFO]  Completed Task [93/200]: Config Config_B_LR0.05_Ep15_W7_Bg1e-6 | Basin hysets_11180500 (Records: 7)
2026-07-29 14:56:15 [INFO]  Completed Task [94/200]: Config Config_B_LR0.05_Ep15_W7_Bg1e-6 | Basin hysets_11148900 (Records: 7)
2026-07-29 14:56:16 [INFO]  Completed Task [95/200]: Config Config_B_LR0.05_Ep15_W7_Bg1e-6 | Basin hysets_10032000 (Records: 7)
2026-07-29 14:56:16 [INFO]  Completed Task [96/200]: Config Config_B_LR0.05_Ep15_W7_Bg1e-6 | Basin hysets_09AA012 (Records: 7)
2026-07-29 14:56:55 [INFO]  Completed Task [97/200]: Config Config_B_LR0.05_Ep15_W7_Bg1e-6 | Basin hysets_12324200 (Records: 7)
2026-07-29 14:56:56 [INFO]  Completed Task [98/200]: Config Config_C_LR0.1_Ep10_W7_Bg1e-5 | Basin GRDC_1159413 (Records: 7)
2026-07-29 14:56:56 [INFO]  Completed Task [99/200]: Config Config_B_LR0.05_Ep15_W7_Bg1e-6 | Basin hysets_11284400 (Records: 7)
2026-07-29 14:56:57 [INFO]  Completed Task [100/200]: Config Config_B_LR0.05_Ep15_W7_Bg1e-6 | Basin lamah_206508 (Records: 7)
2026-07-29 14:56:58 [INFO]  Completed Task [101/200]: Config Config_C_LR0.1_Ep10_W7_Bg1e-5 | Basin GRDC_1160775 (Records: 7)
2026-07-29 14:56:59 [INFO]  Completed Task [102/200]: Config Config_C_LR0.1_Ep10_W7_Bg1e-5 | Basin GRDC_1321880 (Records: 7)
2026-07-29 14:57:00 [INFO]  Completed Task [103/200]: Config Config_B_LR0.05_Ep15_W7_Bg1e-6 | Basin lamah_208017 (Records: 7)
2026-07-29 14:57:00 [INFO]  Completed Task [104/200]: Config Config_C_LR0.1_Ep10_W7_Bg1e-5 | Basin GRDC_1259460 (Records: 7)
2026-07-29 14:57:00 [INFO]  Completed Task [105/200]: Config Config_C_LR0.1_Ep10_W7_Bg1e-5 | Basin GRDC_1258400 (Records: 7)
2026-07-29 14:57:02 [INFO]  Completed Task [106/200]: Config Config_C_LR0.1_Ep10_W7_Bg1e-5 | Basin GRDC_1160610 (Records: 7)
2026-07-29 14:57:02 [INFO]  Completed Task [107/200]: Config Config_C_LR0.1_Ep10_W7_Bg1e-5 | Basin GRDC_3650610 (Records: 7)
2026-07-29 14:57:02 [INFO]  Completed Task [108/200]: Config Config_C_LR0.1_Ep10_W7_Bg1e-5 | Basin GRDC_3650202 (Records: 7)
2026-07-29 14:57:45 [INFO]  Completed Task [109/200]: Config Config_C_LR0.1_Ep10_W7_Bg1e-5 | Basin GRDC_4119325 (Records: 7)
2026-07-29 14:57:46 [INFO]  Completed Task [110/200]: Config Config_C_LR0.1_Ep10_W7_Bg1e-5 | Basin GRDC_4123510 (Records: 7)
2026-07-29 14:57:46 [INFO]  Completed Task [111/200]: Config Config_C_LR0.1_Ep10_W7_Bg1e-5 | Basin GRDC_4121301 (Records: 7)
2026-07-29 14:57:48 [INFO]  Completed Task [112/200]: Config Config_C_LR0.1_Ep10_W7_Bg1e-5 | Basin GRDC_4146400 (Records: 7)
2026-07-29 14:57:49 [INFO]  Completed Task [113/200]: Config Config_C_LR0.1_Ep10_W7_Bg1e-5 | Basin GRDC_4208469 (Records: 7)
2026-07-29 14:57:50 [INFO]  Completed Task [114/200]: Config Config_C_LR0.1_Ep10_W7_Bg1e-5 | Basin GRDC_4208562 (Records: 7)
2026-07-29 14:57:50 [INFO]  Completed Task [115/200]: Config Config_C_LR0.1_Ep10_W7_Bg1e-5 | Basin GRDC_5202070 (Records: 7)
2026-07-29 14:57:50 [INFO]  Completed Task [116/200]: Config Config_C_LR0.1_Ep10_W7_Bg1e-5 | Basin GRDC_4214555 (Records: 7)
2026-07-29 14:57:51 [INFO]  Completed Task [117/200]: Config Config_C_LR0.1_Ep10_W7_Bg1e-5 | Basin GRDC_5304134 (Records: 7)
2026-07-29 14:57:53 [INFO]  Completed Task [118/200]: Config Config_C_LR0.1_Ep10_W7_Bg1e-5 | Basin GRDC_6210230 (Records: 7)
2026-07-29 14:57:53 [INFO]  Completed Task [119/200]: Config Config_C_LR0.1_Ep10_W7_Bg1e-5 | Basin GRDC_5606046 (Records: 7)
2026-07-29 14:57:53 [INFO]  Completed Task [120/200]: Config Config_C_LR0.1_Ep10_W7_Bg1e-5 | Basin GRDC_6220345 (Records: 7)
2026-07-29 14:58:39 [INFO]  Completed Task [121/200]: Config Config_C_LR0.1_Ep10_W7_Bg1e-5 | Basin GRDC_6228820 (Records: 7)
2026-07-29 14:58:41 [INFO]  Completed Task [122/200]: Config Config_C_LR0.1_Ep10_W7_Bg1e-5 | Basin GRDC_6503300 (Records: 7)
2026-07-29 14:58:41 [INFO]  Completed Task [123/200]: Config Config_C_LR0.1_Ep10_W7_Bg1e-5 | Basin GRDC_6731133 (Records: 7)
2026-07-29 14:58:43 [INFO]  Completed Task [124/200]: Config Config_C_LR0.1_Ep10_W7_Bg1e-5 | Basin GRDC_6731620 (Records: 7)
2026-07-29 14:58:45 [INFO]  Completed Task [125/200]: Config Config_C_LR0.1_Ep10_W7_Bg1e-5 | Basin camelsaus_415237 (Records: 7)
2026-07-29 14:58:45 [INFO]  Completed Task [126/200]: Config Config_C_LR0.1_Ep10_W7_Bg1e-5 | Basin camelsbr_70100000 (Records: 7)
2026-07-29 14:58:46 [INFO]  Completed Task [127/200]: Config Config_C_LR0.1_Ep10_W7_Bg1e-5 | Basin camelsbr_14330000 (Records: 7)
2026-07-29 14:58:46 [INFO]  Completed Task [128/200]: Config Config_C_LR0.1_Ep10_W7_Bg1e-5 | Basin GRDC_6935100 (Records: 7)
2026-07-29 14:58:47 [INFO]  Completed Task [129/200]: Config Config_C_LR0.1_Ep10_W7_Bg1e-5 | Basin camelsbr_77150000 (Records: 7)
2026-07-29 14:58:47 [INFO]  Completed Task [130/200]: Config Config_C_LR0.1_Ep10_W7_Bg1e-5 | Basin camelsdk_90015 (Records: 7)
2026-07-29 14:58:48 [INFO]  Completed Task [131/200]: Config Config_C_LR0.1_Ep10_W7_Bg1e-5 | Basin camelses_3213 (Records: 7)
2026-07-29 14:58:48 [INFO]  Completed Task [132/200]: Config Config_C_LR0.1_Ep10_W7_Bg1e-5 | Basin camelses_1163 (Records: 7)
2026-07-29 14:59:26 [INFO]  Completed Task [133/200]: Config Config_C_LR0.1_Ep10_W7_Bg1e-5 | Basin hysets_02056900 (Records: 7)
2026-07-29 14:59:28 [INFO]  Completed Task [134/200]: Config Config_C_LR0.1_Ep10_W7_Bg1e-5 | Basin hysets_02376500 (Records: 7)
2026-07-29 14:59:29 [INFO]  Completed Task [135/200]: Config Config_C_LR0.1_Ep10_W7_Bg1e-5 | Basin hysets_02390000 (Records: 7)
2026-07-29 14:59:30 [INFO]  Completed Task [136/200]: Config Config_C_LR0.1_Ep10_W7_Bg1e-5 | Basin hysets_03567500 (Records: 7)
2026-07-29 14:59:30 [INFO]  Completed Task [137/200]: Config Config_C_LR0.1_Ep10_W7_Bg1e-5 | Basin hysets_03340800 (Records: 7)
2026-07-29 14:59:34 [INFO]  Completed Task [138/200]: Config Config_C_LR0.1_Ep10_W7_Bg1e-5 | Basin hysets_05399500 (Records: 7)
2026-07-29 14:59:35 [INFO]  Completed Task [139/200]: Config Config_C_LR0.1_Ep10_W7_Bg1e-5 | Basin hysets_06342450 (Records: 7)
2026-07-29 14:59:35 [INFO]  Completed Task [140/200]: Config Config_C_LR0.1_Ep10_W7_Bg1e-5 | Basin hysets_06928000 (Records: 7)
2026-07-29 14:59:36 [INFO]  Completed Task [141/200]: Config Config_C_LR0.1_Ep10_W7_Bg1e-5 | Basin hysets_05536190 (Records: 7)
2026-07-29 14:59:37 [INFO]  Completed Task [142/200]: Config Config_C_LR0.1_Ep10_W7_Bg1e-5 | Basin hysets_07372050 (Records: 7)
2026-07-29 14:59:37 [INFO]  Completed Task [143/200]: Config Config_C_LR0.1_Ep10_W7_Bg1e-5 | Basin hysets_09AA012 (Records: 7)
2026-07-29 14:59:37 [INFO]  Completed Task [144/200]: Config Config_C_LR0.1_Ep10_W7_Bg1e-5 | Basin hysets_10032000 (Records: 7)
2026-07-29 15:00:13 [INFO]  Completed Task [145/200]: Config Config_C_LR0.1_Ep10_W7_Bg1e-5 | Basin hysets_11148900 (Records: 7)
2026-07-29 15:00:16 [INFO]  Completed Task [146/200]: Config Config_C_LR0.1_Ep10_W7_Bg1e-5 | Basin hysets_11180500 (Records: 7)
2026-07-29 15:00:18 [INFO]  Completed Task [147/200]: Config Config_C_LR0.1_Ep10_W7_Bg1e-5 | Basin hysets_11284400 (Records: 7)
2026-07-29 15:00:19 [INFO]  Completed Task [148/200]: Config Config_C_LR0.1_Ep10_W7_Bg1e-5 | Basin lamah_206508 (Records: 7)
2026-07-29 15:00:19 [INFO]  Completed Task [149/200]: Config Config_C_LR0.1_Ep10_W7_Bg1e-5 | Basin hysets_12324200 (Records: 7)
2026-07-29 15:00:23 [INFO]  Completed Task [150/200]: Config Config_C_LR0.1_Ep10_W7_Bg1e-5 | Basin lamah_208017 (Records: 7)
2026-07-29 15:00:24 [INFO]  Completed Task [151/200]: Config Config_D_LR0.05_Ep20_W7_Bg1e-5 | Basin GRDC_1159413 (Records: 7)
2026-07-29 15:00:24 [INFO]  Completed Task [152/200]: Config Config_D_LR0.05_Ep20_W7_Bg1e-5 | Basin GRDC_1160610 (Records: 7)
2026-07-29 15:00:26 [INFO]  Completed Task [153/200]: Config Config_D_LR0.05_Ep20_W7_Bg1e-5 | Basin GRDC_1160775 (Records: 7)
2026-07-29 15:00:27 [INFO]  Completed Task [154/200]: Config Config_D_LR0.05_Ep20_W7_Bg1e-5 | Basin GRDC_1258400 (Records: 7)
2026-07-29 15:00:28 [INFO]  Completed Task [155/200]: Config Config_D_LR0.05_Ep20_W7_Bg1e-5 | Basin GRDC_1259460 (Records: 7)
2026-07-29 15:00:29 [INFO]  Completed Task [156/200]: Config Config_D_LR0.05_Ep20_W7_Bg1e-5 | Basin GRDC_1321880 (Records: 7)
2026-07-29 15:00:57 [INFO]  Completed Task [157/200]: Config Config_D_LR0.05_Ep20_W7_Bg1e-5 | Basin GRDC_3650202 (Records: 7)
2026-07-29 15:01:01 [INFO]  Completed Task [158/200]: Config Config_D_LR0.05_Ep20_W7_Bg1e-5 | Basin GRDC_3650610 (Records: 7)
2026-07-29 15:01:04 [INFO]  Completed Task [159/200]: Config Config_D_LR0.05_Ep20_W7_Bg1e-5 | Basin GRDC_4121301 (Records: 7)
2026-07-29 15:01:04 [INFO]  Completed Task [160/200]: Config Config_D_LR0.05_Ep20_W7_Bg1e-5 | Basin GRDC_4119325 (Records: 7)
2026-07-29 15:01:07 [INFO]  Completed Task [161/200]: Config Config_D_LR0.05_Ep20_W7_Bg1e-5 | Basin GRDC_4123510 (Records: 7)
2026-07-29 15:01:08 [INFO]  Completed Task [162/200]: Config Config_D_LR0.05_Ep20_W7_Bg1e-5 | Basin GRDC_4208469 (Records: 7)
2026-07-29 15:01:09 [INFO]  Completed Task [163/200]: Config Config_D_LR0.05_Ep20_W7_Bg1e-5 | Basin GRDC_4146400 (Records: 7)
2026-07-29 15:01:10 [INFO]  Completed Task [164/200]: Config Config_D_LR0.05_Ep20_W7_Bg1e-5 | Basin GRDC_4208562 (Records: 7)
2026-07-29 15:01:11 [INFO]  Completed Task [165/200]: Config Config_D_LR0.05_Ep20_W7_Bg1e-5 | Basin GRDC_4214555 (Records: 7)
2026-07-29 15:01:13 [INFO]  Completed Task [166/200]: Config Config_D_LR0.05_Ep20_W7_Bg1e-5 | Basin GRDC_5202070 (Records: 7)
2026-07-29 15:01:14 [INFO]  Completed Task [167/200]: Config Config_D_LR0.05_Ep20_W7_Bg1e-5 | Basin GRDC_5304134 (Records: 7)
2026-07-29 15:01:16 [INFO]  Completed Task [168/200]: Config Config_D_LR0.05_Ep20_W7_Bg1e-5 | Basin GRDC_5606046 (Records: 7)
2026-07-29 15:01:48 [INFO]  Completed Task [169/200]: Config Config_D_LR0.05_Ep20_W7_Bg1e-5 | Basin GRDC_6210230 (Records: 7)
2026-07-29 15:01:54 [INFO]  Completed Task [170/200]: Config Config_D_LR0.05_Ep20_W7_Bg1e-5 | Basin GRDC_6220345 (Records: 7)
2026-07-29 15:01:56 [INFO]  Completed Task [171/200]: Config Config_D_LR0.05_Ep20_W7_Bg1e-5 | Basin GRDC_6228820 (Records: 7)
2026-07-29 15:02:00 [INFO]  Completed Task [172/200]: Config Config_D_LR0.05_Ep20_W7_Bg1e-5 | Basin GRDC_6503300 (Records: 7)
2026-07-29 15:02:02 [INFO]  Completed Task [173/200]: Config Config_D_LR0.05_Ep20_W7_Bg1e-5 | Basin GRDC_6731620 (Records: 7)
2026-07-29 15:02:03 [INFO]  Completed Task [174/200]: Config Config_D_LR0.05_Ep20_W7_Bg1e-5 | Basin GRDC_6935100 (Records: 7)
2026-07-29 15:02:04 [INFO]  Completed Task [175/200]: Config Config_D_LR0.05_Ep20_W7_Bg1e-5 | Basin GRDC_6731133 (Records: 7)
2026-07-29 15:02:05 [INFO]  Completed Task [176/200]: Config Config_D_LR0.05_Ep20_W7_Bg1e-5 | Basin camelsaus_415237 (Records: 7)
2026-07-29 15:02:07 [INFO]  Completed Task [177/200]: Config Config_D_LR0.05_Ep20_W7_Bg1e-5 | Basin camelsbr_14330000 (Records: 7)
2026-07-29 15:02:08 [INFO]  Completed Task [178/200]: Config Config_D_LR0.05_Ep20_W7_Bg1e-5 | Basin camelsbr_77150000 (Records: 7)
2026-07-29 15:02:08 [INFO]  Completed Task [179/200]: Config Config_D_LR0.05_Ep20_W7_Bg1e-5 | Basin camelsbr_70100000 (Records: 7)
2026-07-29 15:02:11 [INFO]  Completed Task [180/200]: Config Config_D_LR0.05_Ep20_W7_Bg1e-5 | Basin camelsdk_90015 (Records: 7)
2026-07-29 15:02:51 [INFO]  Completed Task [181/200]: Config Config_D_LR0.05_Ep20_W7_Bg1e-5 | Basin camelses_1163 (Records: 7)
2026-07-29 15:02:56 [INFO]  Completed Task [182/200]: Config Config_D_LR0.05_Ep20_W7_Bg1e-5 | Basin camelses_3213 (Records: 7)
2026-07-29 15:02:59 [INFO]  Completed Task [183/200]: Config Config_D_LR0.05_Ep20_W7_Bg1e-5 | Basin hysets_02056900 (Records: 7)
2026-07-29 15:03:04 [INFO]  Completed Task [184/200]: Config Config_D_LR0.05_Ep20_W7_Bg1e-5 | Basin hysets_02390000 (Records: 7)
2026-07-29 15:03:06 [INFO]  Completed Task [185/200]: Config Config_D_LR0.05_Ep20_W7_Bg1e-5 | Basin hysets_02376500 (Records: 7)
2026-07-29 15:03:08 [INFO]  Completed Task [186/200]: Config Config_D_LR0.05_Ep20_W7_Bg1e-5 | Basin hysets_03340800 (Records: 7)
2026-07-29 15:03:10 [INFO]  Completed Task [187/200]: Config Config_D_LR0.05_Ep20_W7_Bg1e-5 | Basin hysets_05399500 (Records: 7)
2026-07-29 15:03:12 [INFO]  Completed Task [188/200]: Config Config_D_LR0.05_Ep20_W7_Bg1e-5 | Basin hysets_03567500 (Records: 7)
2026-07-29 15:03:12 [INFO]  Completed Task [189/200]: Config Config_D_LR0.05_Ep20_W7_Bg1e-5 | Basin hysets_05536190 (Records: 7)
2026-07-29 15:03:13 [INFO]  Completed Task [190/200]: Config Config_D_LR0.05_Ep20_W7_Bg1e-5 | Basin hysets_06342450 (Records: 7)
2026-07-29 15:03:15 [INFO]  Completed Task [191/200]: Config Config_D_LR0.05_Ep20_W7_Bg1e-5 | Basin hysets_06928000 (Records: 7)
2026-07-29 15:03:17 [INFO]  Completed Task [192/200]: Config Config_D_LR0.05_Ep20_W7_Bg1e-5 | Basin hysets_07372050 (Records: 7)
2026-07-29 15:03:44 [INFO]  Completed Task [193/200]: Config Config_D_LR0.05_Ep20_W7_Bg1e-5 | Basin hysets_09AA012 (Records: 7)
2026-07-29 15:03:51 [INFO]  Completed Task [194/200]: Config Config_D_LR0.05_Ep20_W7_Bg1e-5 | Basin hysets_10032000 (Records: 7)
2026-07-29 15:03:53 [INFO]  Completed Task [195/200]: Config Config_D_LR0.05_Ep20_W7_Bg1e-5 | Basin hysets_11148900 (Records: 7)
2026-07-29 15:03:55 [INFO]  Completed Task [196/200]: Config Config_D_LR0.05_Ep20_W7_Bg1e-5 | Basin hysets_11180500 (Records: 7)
2026-07-29 15:03:58 [INFO]  Completed Task [197/200]: Config Config_D_LR0.05_Ep20_W7_Bg1e-5 | Basin hysets_11284400 (Records: 7)
2026-07-29 15:03:59 [INFO]  Completed Task [198/200]: Config Config_D_LR0.05_Ep20_W7_Bg1e-5 | Basin hysets_12324200 (Records: 7)
2026-07-29 15:04:00 [INFO]  Completed Task [199/200]: Config Config_D_LR0.05_Ep20_W7_Bg1e-5 | Basin lamah_206508 (Records: 7)
2026-07-29 15:04:02 [INFO]  Completed Task [200/200]: Config Config_D_LR0.05_Ep20_W7_Bg1e-5 | Basin lamah_208017 (Records: 7)
2026-07-29 15:04:04 [INFO] 
Saved detailed metrics CSV: /usr/local/google/home/kruparell/flood-forecasting/tutorial/notebooks/large_scale_param_selection_results/detailed_basin_parameter_eval.csv
2026-07-29 15:04:04 [INFO] 
======================================================================
2026-07-29 15:04:04 [INFO]  AGGREGATE PARAMETER SELECTION & RANKING SUMMARY                      
2026-07-29 15:04:04 [INFO] ======================================================================
2026-07-29 15:04:04 [INFO] 
--- Mean Metrics by Config ID and Lead Time ---
2026-07-29 15:04:04 [INFO] 
                     Config ID  Lead Time (Days)  Base NSE  DA NSE  NSE Delta  Base KGE  DA KGE  KGE Delta
 Config_A_LR0.1_Ep10_W7_Bg1e-6                 1       NaN     NaN        NaN       NaN     NaN        NaN
 Config_A_LR0.1_Ep10_W7_Bg1e-6                 2       NaN     NaN        NaN       NaN     NaN        NaN
 Config_A_LR0.1_Ep10_W7_Bg1e-6                 3       NaN     NaN        NaN       NaN     NaN        NaN
 Config_A_LR0.1_Ep10_W7_Bg1e-6                 4       NaN     NaN        NaN       NaN     NaN        NaN
 Config_A_LR0.1_Ep10_W7_Bg1e-6                 5       NaN     NaN        NaN       NaN     NaN        NaN
 Config_A_LR0.1_Ep10_W7_Bg1e-6                 6       NaN     NaN        NaN       NaN     NaN        NaN
 Config_A_LR0.1_Ep10_W7_Bg1e-6                 7       NaN     NaN        NaN       NaN     NaN        NaN
Config_B_LR0.05_Ep15_W7_Bg1e-6                 1       NaN     NaN        NaN       NaN     NaN        NaN
Config_B_LR0.05_Ep15_W7_Bg1e-6                 2       NaN     NaN        NaN       NaN     NaN        NaN
Config_B_LR0.05_Ep15_W7_Bg1e-6                 3       NaN     NaN        NaN       NaN     NaN        NaN
Config_B_LR0.05_Ep15_W7_Bg1e-6                 4       NaN     NaN        NaN       NaN     NaN        NaN
Config_B_LR0.05_Ep15_W7_Bg1e-6                 5       NaN     NaN        NaN       NaN     NaN        NaN
Config_B_LR0.05_Ep15_W7_Bg1e-6                 6       NaN     NaN        NaN       NaN     NaN        NaN
Config_B_LR0.05_Ep15_W7_Bg1e-6                 7       NaN     NaN        NaN       NaN     NaN        NaN
 Config_C_LR0.1_Ep10_W7_Bg1e-5                 1       NaN     NaN        NaN       NaN     NaN        NaN
 Config_C_LR0.1_Ep10_W7_Bg1e-5                 2       NaN     NaN        NaN       NaN     NaN        NaN
 Config_C_LR0.1_Ep10_W7_Bg1e-5                 3       NaN     NaN        NaN       NaN     NaN        NaN
 Config_C_LR0.1_Ep10_W7_Bg1e-5                 4       NaN     NaN        NaN       NaN     NaN        NaN
 Config_C_LR0.1_Ep10_W7_Bg1e-5                 5       NaN     NaN        NaN       NaN     NaN        NaN
 Config_C_LR0.1_Ep10_W7_Bg1e-5                 6       NaN     NaN        NaN       NaN     NaN        NaN
 Config_C_LR0.1_Ep10_W7_Bg1e-5                 7       NaN     NaN        NaN       NaN     NaN        NaN
Config_D_LR0.05_Ep20_W7_Bg1e-5                 1       NaN     NaN        NaN       NaN     NaN        NaN
Config_D_LR0.05_Ep20_W7_Bg1e-5                 2       NaN     NaN        NaN       NaN     NaN        NaN
Config_D_LR0.05_Ep20_W7_Bg1e-5                 3       NaN     NaN        NaN       NaN     NaN        NaN
Config_D_LR0.05_Ep20_W7_Bg1e-5                 4       NaN     NaN        NaN       NaN     NaN        NaN
Config_D_LR0.05_Ep20_W7_Bg1e-5                 5       NaN     NaN        NaN       NaN     NaN        NaN
Config_D_LR0.05_Ep20_W7_Bg1e-5                 6       NaN     NaN        NaN       NaN     NaN        NaN
Config_D_LR0.05_Ep20_W7_Bg1e-5                 7       NaN     NaN        NaN       NaN     NaN        NaN
2026-07-29 15:04:04 [INFO] 
--- Overall Parameter Config Rankings (Ranked by Average DA NSE) ---
2026-07-29 15:04:04 [INFO] 
                     Config ID  Base NSE  DA NSE  NSE Delta  Base KGE  DA KGE  KGE Delta
 Config_A_LR0.1_Ep10_W7_Bg1e-6       NaN     NaN        NaN       NaN     NaN        NaN
Config_B_LR0.05_Ep15_W7_Bg1e-6       NaN     NaN        NaN       NaN     NaN        NaN
 Config_C_LR0.1_Ep10_W7_Bg1e-5       NaN     NaN        NaN       NaN     NaN        NaN
Config_D_LR0.05_Ep20_W7_Bg1e-5       NaN     NaN        NaN       NaN     NaN        NaN
2026-07-29 15:04:04 [INFO] 
======================================================================
2026-07-29 15:04:04 [INFO] Pipeline completed successfully!
2026-07-29 15:04:04 [INFO] All summary reports saved in: /usr/local/google/home/kruparell/flood-forecasting/tutorial/notebooks/large_scale_param_selection_results
2026-07-29 15:04:04 [INFO] ======================================================================

2026-07-29 15:22:07 [INFO] ======================================================================
2026-07-29 15:22:07 [INFO]  Large-Scale DA Parameter Selection Pipeline (Parallel & Sharded)    
2026-07-29 15:22:07 [INFO] ======================================================================
2026-07-29 15:22:07 [INFO] Hardware Compute Device: cpu
2026-07-29 15:22:07 [INFO] Parallel Worker Processes: 12
2026-07-29 15:22:07 [INFO] Borg Task Sharding: Shard 1 of 1
2026-07-29 15:22:07 [INFO] Full Caravans Path: /usr/local/google/home/kruparell/Caravans_V2
2026-07-29 15:22:07 [INFO] Basin List Path: /usr/local/google/home/kruparell/flood-forecasting/tutorial/basin-lists/basin_valid_intervals.csv
2026-07-29 15:22:07 [INFO] Evaluation Date Range: 2017-10-01 to 2017-10-15
2026-07-29 15:22:07 [INFO] Target Lead Times: [1, 2, 3, 4, 5, 6, 7]
2026-07-29 15:22:07 [INFO] Log File Location: /usr/local/google/home/kruparell/flood-forecasting/tutorial/notebooks/large_scale_param_selection_results/large_scale_param_selection.log
2026-07-29 15:22:08 [INFO] Total sampled basins: 3. Assigned to this shard (0): 3 basins.
2026-07-29 15:22:08 [INFO] Testing 4 Parameter Sets: ['Config_A_LR0.1_Ep10_W7_Bg1e-6', 'Config_B_LR0.05_Ep15_W7_Bg1e-6', 'Config_C_LR0.1_Ep10_W7_Bg1e-5', 'Config_D_LR0.05_Ep20_W7_Bg1e-5']

2026-07-29 15:22:09 [INFO] Generated 15 issue dates: ['2017-10-01', '2017-10-02', '2017-10-03'] ... ['2017-10-15']
2026-07-29 15:22:09 [INFO] Total task units to execute: 12 across 12 worker processes.

2026-07-29 15:22:09 [INFO] Launching ProcessPoolExecutor with 12 parallel workers...
2026-07-29 15:23:03 [INFO]  Completed Task [1/12]: Config Config_A_LR0.1_Ep10_W7_Bg1e-6 | Basin camelsaus_408200 (Records: 7)
2026-07-29 15:23:05 [INFO]  Completed Task [2/12]: Config Config_A_LR0.1_Ep10_W7_Bg1e-6 | Basin hysets_14188800 (Records: 7)
2026-07-29 15:23:06 [INFO]  Completed Task [3/12]: Config Config_C_LR0.1_Ep10_W7_Bg1e-5 | Basin hysets_14188800 (Records: 7)
2026-07-29 15:23:06 [INFO]  Completed Task [4/12]: Config Config_A_LR0.1_Ep10_W7_Bg1e-6 | Basin lamahice_63 (Records: 7)
2026-07-29 15:23:06 [INFO]  Completed Task [5/12]: Config Config_B_LR0.05_Ep15_W7_Bg1e-6 | Basin lamahice_63 (Records: 7)
2026-07-29 15:23:06 [INFO]  Completed Task [6/12]: Config Config_B_LR0.05_Ep15_W7_Bg1e-6 | Basin camelsaus_408200 (Records: 7)
2026-07-29 15:23:07 [INFO]  Completed Task [7/12]: Config Config_B_LR0.05_Ep15_W7_Bg1e-6 | Basin hysets_14188800 (Records: 7)
2026-07-29 15:23:07 [INFO]  Completed Task [8/12]: Config Config_C_LR0.1_Ep10_W7_Bg1e-5 | Basin camelsaus_408200 (Records: 7)
2026-07-29 15:23:08 [INFO]  Completed Task [9/12]: Config Config_C_LR0.1_Ep10_W7_Bg1e-5 | Basin lamahice_63 (Records: 7)
2026-07-29 15:23:08 [INFO]  Completed Task [10/12]: Config Config_D_LR0.05_Ep20_W7_Bg1e-5 | Basin hysets_14188800 (Records: 7)
2026-07-29 15:23:09 [INFO]  Completed Task [11/12]: Config Config_D_LR0.05_Ep20_W7_Bg1e-5 | Basin camelsaus_408200 (Records: 7)
2026-07-29 15:23:10 [INFO]  Completed Task [12/12]: Config Config_D_LR0.05_Ep20_W7_Bg1e-5 | Basin lamahice_63 (Records: 7)
2026-07-29 15:23:11 [INFO] 
Saved detailed metrics CSV: /usr/local/google/home/kruparell/flood-forecasting/tutorial/notebooks/large_scale_param_selection_results/detailed_basin_parameter_eval.csv
2026-07-29 15:23:11 [INFO] 
======================================================================
2026-07-29 15:23:11 [INFO]  AGGREGATE PARAMETER SELECTION & RANKING SUMMARY                      
2026-07-29 15:23:11 [INFO] ======================================================================
2026-07-29 15:23:11 [INFO] 
--- Mean Metrics by Config ID and Lead Time ---
2026-07-29 15:23:12 [INFO] 
                     Config ID  Lead Time (Days)  Base NSE  DA NSE  NSE Delta  Base KGE  DA KGE  KGE Delta
 Config_A_LR0.1_Ep10_W7_Bg1e-6                 1       NaN     NaN        NaN       NaN     NaN        NaN
 Config_A_LR0.1_Ep10_W7_Bg1e-6                 2       NaN     NaN        NaN       NaN     NaN        NaN
 Config_A_LR0.1_Ep10_W7_Bg1e-6                 3       NaN     NaN        NaN       NaN     NaN        NaN
 Config_A_LR0.1_Ep10_W7_Bg1e-6                 4       NaN     NaN        NaN       NaN     NaN        NaN
 Config_A_LR0.1_Ep10_W7_Bg1e-6                 5       NaN     NaN        NaN       NaN     NaN        NaN
 Config_A_LR0.1_Ep10_W7_Bg1e-6                 6       NaN     NaN        NaN       NaN     NaN        NaN
 Config_A_LR0.1_Ep10_W7_Bg1e-6                 7       NaN     NaN        NaN       NaN     NaN        NaN
Config_B_LR0.05_Ep15_W7_Bg1e-6                 1       NaN     NaN        NaN       NaN     NaN        NaN
Config_B_LR0.05_Ep15_W7_Bg1e-6                 2       NaN     NaN        NaN       NaN     NaN        NaN
Config_B_LR0.05_Ep15_W7_Bg1e-6                 3       NaN     NaN        NaN       NaN     NaN        NaN
Config_B_LR0.05_Ep15_W7_Bg1e-6                 4       NaN     NaN        NaN       NaN     NaN        NaN
Config_B_LR0.05_Ep15_W7_Bg1e-6                 5       NaN     NaN        NaN       NaN     NaN        NaN
Config_B_LR0.05_Ep15_W7_Bg1e-6                 6       NaN     NaN        NaN       NaN     NaN        NaN
Config_B_LR0.05_Ep15_W7_Bg1e-6                 7       NaN     NaN        NaN       NaN     NaN        NaN
 Config_C_LR0.1_Ep10_W7_Bg1e-5                 1       NaN     NaN        NaN       NaN     NaN        NaN
 Config_C_LR0.1_Ep10_W7_Bg1e-5                 2       NaN     NaN        NaN       NaN     NaN        NaN
 Config_C_LR0.1_Ep10_W7_Bg1e-5                 3       NaN     NaN        NaN       NaN     NaN        NaN
 Config_C_LR0.1_Ep10_W7_Bg1e-5                 4       NaN     NaN        NaN       NaN     NaN        NaN
 Config_C_LR0.1_Ep10_W7_Bg1e-5                 5       NaN     NaN        NaN       NaN     NaN        NaN
 Config_C_LR0.1_Ep10_W7_Bg1e-5                 6       NaN     NaN        NaN       NaN     NaN        NaN
 Config_C_LR0.1_Ep10_W7_Bg1e-5                 7       NaN     NaN        NaN       NaN     NaN        NaN
Config_D_LR0.05_Ep20_W7_Bg1e-5                 1       NaN     NaN        NaN       NaN     NaN        NaN
Config_D_LR0.05_Ep20_W7_Bg1e-5                 2       NaN     NaN        NaN       NaN     NaN        NaN
Config_D_LR0.05_Ep20_W7_Bg1e-5                 3       NaN     NaN        NaN       NaN     NaN        NaN
Config_D_LR0.05_Ep20_W7_Bg1e-5                 4       NaN     NaN        NaN       NaN     NaN        NaN
Config_D_LR0.05_Ep20_W7_Bg1e-5                 5       NaN     NaN        NaN       NaN     NaN        NaN
Config_D_LR0.05_Ep20_W7_Bg1e-5                 6       NaN     NaN        NaN       NaN     NaN        NaN
Config_D_LR0.05_Ep20_W7_Bg1e-5                 7       NaN     NaN        NaN       NaN     NaN        NaN
2026-07-29 15:23:12 [INFO] 
--- Overall Parameter Config Rankings (Ranked by Average DA NSE) ---
2026-07-29 15:23:12 [INFO] 
                     Config ID  Base NSE  DA NSE  NSE Delta  Base KGE  DA KGE  KGE Delta
 Config_A_LR0.1_Ep10_W7_Bg1e-6       NaN     NaN        NaN       NaN     NaN        NaN
Config_B_LR0.05_Ep15_W7_Bg1e-6       NaN     NaN        NaN       NaN     NaN        NaN
 Config_C_LR0.1_Ep10_W7_Bg1e-5       NaN     NaN        NaN       NaN     NaN        NaN
Config_D_LR0.05_Ep20_W7_Bg1e-5       NaN     NaN        NaN       NaN     NaN        NaN
2026-07-29 15:23:12 [INFO] 
======================================================================
2026-07-29 15:23:12 [INFO] Pipeline completed successfully!
2026-07-29 15:23:12 [INFO] All summary reports saved in: /usr/local/google/home/kruparell/flood-forecasting/tutorial/notebooks/large_scale_param_selection_results
2026-07-29 15:23:12 [INFO] ======================================================================

2026-07-29 15:49:07 [INFO] ======================================================================
2026-07-29 15:49:07 [INFO]  Large-Scale DA Parameter Selection Pipeline (Parallel & Sharded)    
2026-07-29 15:49:07 [INFO] ======================================================================
2026-07-29 15:49:07 [INFO] Hardware Compute Device: cpu
2026-07-29 15:49:07 [INFO] Parallel Worker Processes: 40
2026-07-29 15:49:07 [INFO] Borg Task Sharding: Shard 1 of 1
2026-07-29 15:49:07 [INFO] Full Caravans Path: /usr/local/google/home/kruparell/Caravans_V2
2026-07-29 15:49:07 [INFO] Basin List Path: /usr/local/google/home/kruparell/flood-forecasting/tutorial/basin-lists/basin_valid_intervals.csv
2026-07-29 15:49:07 [INFO] Evaluation Date Range: 2017-10-01 to 2017-10-15
2026-07-29 15:49:07 [INFO] Target Lead Times: [1, 2, 3, 4, 5, 6, 7]
2026-07-29 15:49:07 [INFO] Log File Location: /usr/local/google/home/kruparell/flood-forecasting/tutorial/notebooks/large_scale_param_selection_results/large_scale_param_selection.log
2026-07-29 15:49:07 [INFO] Total sampled basins: 10. Assigned to this shard (0): 10 basins.
2026-07-29 15:49:07 [INFO] Testing 4 Parameter Sets: ['Config_A_LR0.1_Ep10_W7_Bg1e-6', 'Config_B_LR0.05_Ep15_W7_Bg1e-6', 'Config_C_LR0.1_Ep10_W7_Bg1e-5', 'Config_D_LR0.05_Ep20_W7_Bg1e-5']

2026-07-29 15:49:09 [INFO] Generated 15 issue dates: ['2017-10-01', '2017-10-02', '2017-10-03'] ... ['2017-10-15']
2026-07-29 15:49:09 [INFO] Total task units to execute: 40 across 40 worker processes.

2026-07-29 15:49:09 [INFO] Launching ProcessPoolExecutor with 40 parallel workers...
2026-07-29 15:51:39 [INFO]  Completed Task [1/40]: Config Config_A_LR0.1_Ep10_W7_Bg1e-6 | Basin camelscl_10344003 (Records: 7)
2026-07-29 15:51:42 [INFO]  Completed Task [2/40]: Config Config_A_LR0.1_Ep10_W7_Bg1e-6 | Basin camelscl_4711001 (Records: 7)
2026-07-29 15:51:45 [INFO]  Completed Task [3/40]: Config Config_A_LR0.1_Ep10_W7_Bg1e-6 | Basin camelscl_10344004 (Records: 7)
2026-07-29 15:51:45 [INFO]  Completed Task [4/40]: Config Config_A_LR0.1_Ep10_W7_Bg1e-6 | Basin camelscl_10142003 (Records: 7)
2026-07-29 15:51:48 [INFO]  Completed Task [5/40]: Config Config_A_LR0.1_Ep10_W7_Bg1e-6 | Basin camelscl_6002001 (Records: 7)
2026-07-29 15:51:48 [INFO]  Completed Task [6/40]: Config Config_A_LR0.1_Ep10_W7_Bg1e-6 | Basin camelscl_5720001 (Records: 7)
2026-07-29 15:51:49 [INFO]  Completed Task [7/40]: Config Config_A_LR0.1_Ep10_W7_Bg1e-6 | Basin camelscl_5716001 (Records: 7)
2026-07-29 15:51:50 [INFO]  Completed Task [8/40]: Config Config_A_LR0.1_Ep10_W7_Bg1e-6 | Basin camelscl_5110002 (Records: 7)
2026-07-29 15:51:51 [INFO]  Completed Task [9/40]: Config Config_A_LR0.1_Ep10_W7_Bg1e-6 | Basin camelscl_6006001 (Records: 7)
2026-07-29 15:51:52 [INFO]  Completed Task [10/40]: Config Config_A_LR0.1_Ep10_W7_Bg1e-6 | Basin camelscl_8117006 (Records: 7)
2026-07-29 15:52:03 [INFO]  Completed Task [11/40]: Config Config_B_LR0.05_Ep15_W7_Bg1e-6 | Basin camelscl_4711001 (Records: 7)
2026-07-29 15:52:04 [INFO]  Completed Task [12/40]: Config Config_B_LR0.05_Ep15_W7_Bg1e-6 | Basin camelscl_5110002 (Records: 7)
2026-07-29 15:52:04 [INFO]  Completed Task [13/40]: Config Config_B_LR0.05_Ep15_W7_Bg1e-6 | Basin camelscl_10344004 (Records: 7)
2026-07-29 15:52:06 [INFO]  Completed Task [14/40]: Config Config_B_LR0.05_Ep15_W7_Bg1e-6 | Basin camelscl_5720001 (Records: 7)
2026-07-29 15:52:06 [INFO]  Completed Task [15/40]: Config Config_B_LR0.05_Ep15_W7_Bg1e-6 | Basin camelscl_10142003 (Records: 7)
2026-07-29 15:52:06 [INFO]  Completed Task [16/40]: Config Config_B_LR0.05_Ep15_W7_Bg1e-6 | Basin camelscl_10344003 (Records: 7)
2026-07-29 15:52:08 [INFO]  Completed Task [17/40]: Config Config_B_LR0.05_Ep15_W7_Bg1e-6 | Basin camelscl_5716001 (Records: 7)
2026-07-29 15:52:08 [INFO]  Completed Task [18/40]: Config Config_B_LR0.05_Ep15_W7_Bg1e-6 | Basin camelscl_6002001 (Records: 7)
2026-07-29 15:52:08 [INFO]  Completed Task [19/40]: Config Config_C_LR0.1_Ep10_W7_Bg1e-5 | Basin camelscl_10142003 (Records: 7)
2026-07-29 15:52:11 [INFO]  Completed Task [20/40]: Config Config_C_LR0.1_Ep10_W7_Bg1e-5 | Basin camelscl_10344004 (Records: 7)
2026-07-29 15:52:12 [INFO]  Completed Task [21/40]: Config Config_C_LR0.1_Ep10_W7_Bg1e-5 | Basin camelscl_10344003 (Records: 7)
2026-07-29 15:52:12 [INFO]  Completed Task [22/40]: Config Config_C_LR0.1_Ep10_W7_Bg1e-5 | Basin camelscl_4711001 (Records: 7)
2026-07-29 15:52:12 [INFO]  Completed Task [23/40]: Config Config_B_LR0.05_Ep15_W7_Bg1e-6 | Basin camelscl_8117006 (Records: 7)
2026-07-29 15:52:12 [INFO]  Completed Task [24/40]: Config Config_C_LR0.1_Ep10_W7_Bg1e-5 | Basin camelscl_5110002 (Records: 7)
2026-07-29 15:52:13 [INFO]  Completed Task [25/40]: Config Config_C_LR0.1_Ep10_W7_Bg1e-5 | Basin camelscl_5720001 (Records: 7)
2026-07-29 15:52:13 [INFO]  Completed Task [26/40]: Config Config_C_LR0.1_Ep10_W7_Bg1e-5 | Basin camelscl_5716001 (Records: 7)
2026-07-29 15:52:13 [INFO]  Completed Task [27/40]: Config Config_C_LR0.1_Ep10_W7_Bg1e-5 | Basin camelscl_8117006 (Records: 7)
2026-07-29 15:52:13 [INFO]  Completed Task [28/40]: Config Config_C_LR0.1_Ep10_W7_Bg1e-5 | Basin camelscl_6002001 (Records: 7)
2026-07-29 15:52:13 [INFO]  Completed Task [29/40]: Config Config_B_LR0.05_Ep15_W7_Bg1e-6 | Basin camelscl_6006001 (Records: 7)
2026-07-29 15:52:14 [INFO]  Completed Task [30/40]: Config Config_C_LR0.1_Ep10_W7_Bg1e-5 | Basin camelscl_6006001 (Records: 7)
2026-07-29 15:52:19 [INFO]  Completed Task [31/40]: Config Config_D_LR0.05_Ep20_W7_Bg1e-5 | Basin camelscl_10344003 (Records: 7)
2026-07-29 15:52:20 [INFO]  Completed Task [32/40]: Config Config_D_LR0.05_Ep20_W7_Bg1e-5 | Basin camelscl_10344004 (Records: 7)
2026-07-29 15:52:20 [INFO]  Completed Task [33/40]: Config Config_D_LR0.05_Ep20_W7_Bg1e-5 | Basin camelscl_4711001 (Records: 7)
2026-07-29 15:52:21 [INFO]  Completed Task [34/40]: Config Config_D_LR0.05_Ep20_W7_Bg1e-5 | Basin camelscl_10142003 (Records: 7)
2026-07-29 15:52:21 [INFO]  Completed Task [35/40]: Config Config_D_LR0.05_Ep20_W7_Bg1e-5 | Basin camelscl_5716001 (Records: 7)
2026-07-29 15:52:22 [INFO]  Completed Task [36/40]: Config Config_D_LR0.05_Ep20_W7_Bg1e-5 | Basin camelscl_5720001 (Records: 7)
2026-07-29 15:52:22 [INFO]  Completed Task [37/40]: Config Config_D_LR0.05_Ep20_W7_Bg1e-5 | Basin camelscl_5110002 (Records: 7)
2026-07-29 15:52:23 [INFO]  Completed Task [38/40]: Config Config_D_LR0.05_Ep20_W7_Bg1e-5 | Basin camelscl_6002001 (Records: 7)
2026-07-29 15:52:23 [INFO]  Completed Task [39/40]: Config Config_D_LR0.05_Ep20_W7_Bg1e-5 | Basin camelscl_8117006 (Records: 7)
2026-07-29 15:52:23 [INFO]  Completed Task [40/40]: Config Config_D_LR0.05_Ep20_W7_Bg1e-5 | Basin camelscl_6006001 (Records: 7)
2026-07-29 15:52:29 [INFO] 
Saved detailed metrics CSV: /usr/local/google/home/kruparell/flood-forecasting/tutorial/notebooks/large_scale_param_selection_results/detailed_basin_parameter_eval.csv
2026-07-29 15:52:29 [INFO] 
======================================================================
2026-07-29 15:52:29 [INFO]  AGGREGATE PARAMETER SELECTION & RANKING SUMMARY                      
2026-07-29 15:52:29 [INFO] ======================================================================
2026-07-29 15:52:29 [INFO] 
--- Mean Metrics by Config ID and Lead Time ---
2026-07-29 15:52:29 [INFO] 
                     Config ID  Lead Time (Days)  Base NSE   DA NSE  NSE Delta  Base KGE    DA KGE  KGE Delta
 Config_A_LR0.1_Ep10_W7_Bg1e-6                 1 -229.2383  -3.5353   225.7031   -0.8192  0.291889   0.155444
 Config_A_LR0.1_Ep10_W7_Bg1e-6                 2 -309.2817  -5.2549   304.0268   -0.9141  0.046333  -0.054222
 Config_A_LR0.1_Ep10_W7_Bg1e-6                 3 -576.1780  -9.1385   567.0393   -1.2205 -0.107778  -0.108889
 Config_A_LR0.1_Ep10_W7_Bg1e-6                 4 -839.3365 -13.1445   826.1922   -1.3965 -0.140000  -0.112889
 Config_A_LR0.1_Ep10_W7_Bg1e-6                 5 -840.4034 -13.6235   826.7797   -1.3176 -0.101889  -0.074111
 Config_A_LR0.1_Ep10_W7_Bg1e-6                 6 -825.4170 -13.5740   811.8431   -1.1404 -0.002556  -0.001444
 Config_A_LR0.1_Ep10_W7_Bg1e-6                 7 -820.1373 -13.4217   806.7157   -0.8738  0.001111  -0.107000
Config_B_LR0.05_Ep15_W7_Bg1e-6                 1 -229.2383  -3.5738   225.6646   -0.8192  0.187100   1.006600
Config_B_LR0.05_Ep15_W7_Bg1e-6                 2 -309.2817  -5.1477   304.1338   -0.9141  0.082667  -0.017889
Config_B_LR0.05_Ep15_W7_Bg1e-6                 3 -576.1780  -9.0165   567.1613   -1.2205 -0.081222  -0.082333
Config_B_LR0.05_Ep15_W7_Bg1e-6                 4 -839.3365 -12.9573   826.3791   -1.3965 -0.111333  -0.084111
Config_B_LR0.05_Ep15_W7_Bg1e-6                 5 -840.4034 -13.2810   827.1226   -1.3176 -0.046333  -0.018444
Config_B_LR0.05_Ep15_W7_Bg1e-6                 6 -825.4170 -13.2713   812.1457   -1.1404  0.040000   0.041111
Config_B_LR0.05_Ep15_W7_Bg1e-6                 7 -820.1373 -13.1204   807.0169   -0.8738  0.049111  -0.058667
 Config_C_LR0.1_Ep10_W7_Bg1e-5                 1 -229.2383  -3.5353   225.7031   -0.8192  0.291889   0.155444
 Config_C_LR0.1_Ep10_W7_Bg1e-5                 2 -309.2817  -5.2549   304.0268   -0.9141  0.046333  -0.054222
 Config_C_LR0.1_Ep10_W7_Bg1e-5                 3 -576.1780  -9.1385   567.0393   -1.2205 -0.107778  -0.108889
 Config_C_LR0.1_Ep10_W7_Bg1e-5                 4 -839.3365 -13.1445   826.1922   -1.3965 -0.140000  -0.112889
 Config_C_LR0.1_Ep10_W7_Bg1e-5                 5 -840.4034 -13.6235   826.7797   -1.3176 -0.101889  -0.074111
 Config_C_LR0.1_Ep10_W7_Bg1e-5                 6 -825.4170 -13.5740   811.8431   -1.1404 -0.002556  -0.001444
 Config_C_LR0.1_Ep10_W7_Bg1e-5                 7 -820.1373 -13.4217   806.7157   -0.8738  0.001111  -0.107000
Config_D_LR0.05_Ep20_W7_Bg1e-5                 1 -229.2383  -4.5116   224.7270   -0.8192  0.196900   1.016000
Config_D_LR0.05_Ep20_W7_Bg1e-5                 2 -309.2817  -6.5779   302.7037   -0.9141 -0.092200   0.822000
Config_D_LR0.05_Ep20_W7_Bg1e-5                 3 -576.1780  -9.9441   566.2336   -1.2205 -0.144111  -0.145444
Config_D_LR0.05_Ep20_W7_Bg1e-5                 4 -839.3365 -14.5499   824.7869   -1.3965 -0.163556  -0.136667
Config_D_LR0.05_Ep20_W7_Bg1e-5                 5 -840.4034 -16.2764   824.1269   -1.3176 -0.156500   1.160900
Config_D_LR0.05_Ep20_W7_Bg1e-5                 6 -825.4170 -15.9259   809.4912   -1.1404  0.027556   0.028667
Config_D_LR0.05_Ep20_W7_Bg1e-5                 7 -820.1373 -15.0686   805.0688   -0.8738  0.134889   0.027333
2026-07-29 15:52:29 [INFO] 
--- Overall Parameter Config Rankings (Ranked by Average DA NSE) ---
2026-07-29 15:52:29 [INFO] 
                     Config ID  Base NSE     DA NSE  NSE Delta  Base KGE    DA KGE  KGE Delta
Config_B_LR0.05_Ep15_W7_Bg1e-6 -634.2846 -10.052571 624.232000 -1.097443  0.017141   0.112324
 Config_A_LR0.1_Ep10_W7_Bg1e-6 -634.2846 -10.241771 624.042843 -1.097443 -0.001841  -0.043302
 Config_C_LR0.1_Ep10_W7_Bg1e-5 -634.2846 -10.241771 624.042843 -1.097443 -0.001841  -0.043302
Config_D_LR0.05_Ep20_W7_Bg1e-5 -634.2846 -11.836343 622.448300 -1.097443 -0.028146   0.396113
2026-07-29 15:52:29 [INFO] 
--- Best Performing Parameter Config for EACH Lead Time (1..7 Days) ---
2026-07-29 15:52:29 [INFO] 
 Lead Time (Days)                 Best Config ID  Mean DA NSE  Mean NSE Delta  Mean DA KGE  Mean KGE Delta
                1  Config_A_LR0.1_Ep10_W7_Bg1e-6       -3.535         225.703        0.292           0.155
                2 Config_B_LR0.05_Ep15_W7_Bg1e-6       -5.148         304.134        0.083          -0.018
                3 Config_B_LR0.05_Ep15_W7_Bg1e-6       -9.016         567.161       -0.081          -0.082
                4 Config_B_LR0.05_Ep15_W7_Bg1e-6      -12.957         826.379       -0.111          -0.084
                5 Config_B_LR0.05_Ep15_W7_Bg1e-6      -13.281         827.123       -0.046          -0.018
                6 Config_B_LR0.05_Ep15_W7_Bg1e-6      -13.271         812.146        0.040           0.041
                7 Config_B_LR0.05_Ep15_W7_Bg1e-6      -13.120         807.017        0.049          -0.059
2026-07-29 15:52:29 [INFO] 
======================================================================
2026-07-29 15:52:29 [INFO] Pipeline completed successfully!
2026-07-29 15:52:29 [INFO] All summary reports saved in: /usr/local/google/home/kruparell/flood-forecasting/tutorial/notebooks/large_scale_param_selection_results
2026-07-29 15:52:29 [INFO] ======================================================================

2026-07-29 16:21:21 [INFO] ======================================================================
2026-07-29 16:21:21 [INFO]  Large-Scale DA Parameter Selection Pipeline (Parallel & Sharded)    
2026-07-29 16:21:21 [INFO] ======================================================================
2026-07-29 16:21:21 [INFO] Hardware Compute Device: cpu
2026-07-29 16:21:21 [INFO] Parallel Worker Processes: 12
2026-07-29 16:21:21 [INFO] Borg Task Sharding: Shard 1 of 1
2026-07-29 16:21:21 [INFO] Full Caravans Path: /usr/local/google/home/kruparell/Caravans_V2
2026-07-29 16:21:21 [INFO] Basin List Path: /usr/local/google/home/kruparell/flood-forecasting/tutorial/basin-lists/CaravansV2_basin_valid_intervals.csv
2026-07-29 16:21:21 [INFO] Evaluation Date Range: 2017-10-01 to 2017-10-15
2026-07-29 16:21:21 [INFO] Target Lead Times: [1, 2, 3, 4, 5, 6, 7]
2026-07-29 16:21:21 [INFO] Log File Location: /usr/local/google/home/kruparell/flood-forecasting/tutorial/notebooks/large_scale_param_selection_results/large_scale_param_selection.log
2026-07-29 16:21:21 [INFO] Total sampled basins: 3. Assigned to this shard (0): 3 basins.
2026-07-29 16:21:21 [INFO] Testing 4 Parameter Sets: ['Config_A_LR0.1_Ep10_W7_Bg1e-6', 'Config_B_LR0.05_Ep15_W7_Bg1e-6', 'Config_C_LR0.1_Ep10_W7_Bg1e-5', 'Config_D_LR0.05_Ep20_W7_Bg1e-5']

2026-07-29 16:21:23 [INFO] Generated 15 issue dates: ['2017-10-01', '2017-10-02', '2017-10-03'] ... ['2017-10-15']
2026-07-29 16:21:23 [INFO] Total task units to execute: 12 across 12 worker processes.

2026-07-29 16:21:23 [INFO] Launching ProcessPoolExecutor with 12 parallel workers...
2026-07-29 16:22:56 [INFO]  Completed Task [1/12]: Config Config_A_LR0.1_Ep10_W7_Bg1e-6 | Basin hysets_12158010 (Records: 7)
2026-07-29 16:22:58 [INFO]  Completed Task [2/12]: Config Config_A_LR0.1_Ep10_W7_Bg1e-6 | Basin camelsaus_408200 (Records: 7)
2026-07-29 16:22:59 [INFO]  Completed Task [3/12]: Config Config_A_LR0.1_Ep10_W7_Bg1e-6 | Basin lamahice_63 (Records: 7)
2026-07-29 16:23:00 [INFO]  Completed Task [4/12]: Config Config_C_LR0.1_Ep10_W7_Bg1e-5 | Basin camelsaus_408200 (Records: 7)
2026-07-29 16:23:00 [INFO]  Completed Task [5/12]: Config Config_B_LR0.05_Ep15_W7_Bg1e-6 | Basin hysets_12158010 (Records: 7)
2026-07-29 16:23:01 [INFO]  Completed Task [6/12]: Config Config_B_LR0.05_Ep15_W7_Bg1e-6 | Basin camelsaus_408200 (Records: 7)
2026-07-29 16:23:01 [INFO]  Completed Task [7/12]: Config Config_C_LR0.1_Ep10_W7_Bg1e-5 | Basin lamahice_63 (Records: 7)
2026-07-29 16:23:02 [INFO]  Completed Task [8/12]: Config Config_C_LR0.1_Ep10_W7_Bg1e-5 | Basin hysets_12158010 (Records: 7)
2026-07-29 16:23:03 [INFO]  Completed Task [9/12]: Config Config_B_LR0.05_Ep15_W7_Bg1e-6 | Basin lamahice_63 (Records: 7)
2026-07-29 16:23:04 [INFO]  Completed Task [10/12]: Config Config_D_LR0.05_Ep20_W7_Bg1e-5 | Basin camelsaus_408200 (Records: 7)
2026-07-29 16:23:06 [INFO]  Completed Task [11/12]: Config Config_D_LR0.05_Ep20_W7_Bg1e-5 | Basin hysets_12158010 (Records: 7)
2026-07-29 16:23:07 [INFO]  Completed Task [12/12]: Config Config_D_LR0.05_Ep20_W7_Bg1e-5 | Basin lamahice_63 (Records: 7)
2026-07-29 16:23:10 [INFO] 
Saved detailed metrics CSV: /usr/local/google/home/kruparell/flood-forecasting/tutorial/notebooks/large_scale_param_selection_results/detailed_basin_parameter_eval.csv
2026-07-29 16:23:10 [INFO] 
======================================================================
2026-07-29 16:23:10 [INFO]  AGGREGATE PARAMETER SELECTION & RANKING SUMMARY                      
2026-07-29 16:23:10 [INFO] ======================================================================
2026-07-29 16:23:10 [INFO] 
--- Mean Metrics by Config ID and Lead Time ---
2026-07-29 16:23:10 [INFO] 
                     Config ID  Lead Time (Days)  Base NSE  DA NSE  NSE Delta  Base KGE  DA KGE  KGE Delta
 Config_A_LR0.1_Ep10_W7_Bg1e-6                 1   -6.0570 -0.7340     5.3235    0.0375  0.1445     0.1065
 Config_A_LR0.1_Ep10_W7_Bg1e-6                 2   -7.8515 -2.0395     5.8125   -0.1885 -0.0595     0.1290
 Config_A_LR0.1_Ep10_W7_Bg1e-6                 3   -7.1800 -1.9865     5.1940   -0.1270 -0.0715     0.0560
 Config_A_LR0.1_Ep10_W7_Bg1e-6                 4   -2.5355 -0.2325     2.3025   -0.4050 -0.2800     0.1255
 Config_A_LR0.1_Ep10_W7_Bg1e-6                 5   -2.0870 -0.1560     1.9315   -0.2830 -0.3290    -0.0455
 Config_A_LR0.1_Ep10_W7_Bg1e-6                 6   -1.3495 -0.1820     1.1680   -0.2195 -0.4355    -0.2155
 Config_A_LR0.1_Ep10_W7_Bg1e-6                 7   -1.0325 -0.1735     0.8585   -0.1245 -0.4560    -0.3315
Config_B_LR0.05_Ep15_W7_Bg1e-6                 1   -6.0570 -0.2245     5.8325    0.0375  0.3425     0.3050
Config_B_LR0.05_Ep15_W7_Bg1e-6                 2   -7.8515 -1.1530     6.6985   -0.1885  0.1500     0.3385
Config_B_LR0.05_Ep15_W7_Bg1e-6                 3   -7.1800 -1.3990     5.7810   -0.1270  0.0265     0.1535
Config_B_LR0.05_Ep15_W7_Bg1e-6                 4   -2.5355 -0.2495     2.2860   -0.4050 -0.3120     0.0930
Config_B_LR0.05_Ep15_W7_Bg1e-6                 5   -2.0870 -0.1835     1.9030   -0.2830 -0.3265    -0.0435
Config_B_LR0.05_Ep15_W7_Bg1e-6                 6   -1.3495 -0.1770     1.1725   -0.2195 -0.4005    -0.1810
Config_B_LR0.05_Ep15_W7_Bg1e-6                 7   -1.0325 -0.1675     0.8645   -0.1245 -0.4180    -0.2935
 Config_C_LR0.1_Ep10_W7_Bg1e-5                 1   -6.0570 -0.7340     5.3235    0.0375  0.1445     0.1065
 Config_C_LR0.1_Ep10_W7_Bg1e-5                 2   -7.8515 -2.0395     5.8125   -0.1885 -0.0595     0.1290
 Config_C_LR0.1_Ep10_W7_Bg1e-5                 3   -7.1800 -1.9865     5.1940   -0.1270 -0.0715     0.0560
 Config_C_LR0.1_Ep10_W7_Bg1e-5                 4   -2.5355 -0.2325     2.3025   -0.4050 -0.2800     0.1255
 Config_C_LR0.1_Ep10_W7_Bg1e-5                 5   -2.0870 -0.1560     1.9315   -0.2830 -0.3290    -0.0455
 Config_C_LR0.1_Ep10_W7_Bg1e-5                 6   -1.3495 -0.1820     1.1680   -0.2195 -0.4355    -0.2155
 Config_C_LR0.1_Ep10_W7_Bg1e-5                 7   -1.0325 -0.1735     0.8585   -0.1245 -0.4560    -0.3315
Config_D_LR0.05_Ep20_W7_Bg1e-5                 1   -6.0570 -0.6515     5.4055    0.0375  0.1495     0.1120
Config_D_LR0.05_Ep20_W7_Bg1e-5                 2   -7.8515 -1.8710     5.9805   -0.1885 -0.0525     0.1360
Config_D_LR0.05_Ep20_W7_Bg1e-5                 3   -7.1800 -1.8370     5.3435   -0.1270 -0.0555     0.0720
Config_D_LR0.05_Ep20_W7_Bg1e-5                 4   -2.5355 -0.2170     2.3185   -0.4050 -0.2595     0.1450
Config_D_LR0.05_Ep20_W7_Bg1e-5                 5   -2.0870 -0.1570     1.9300   -0.2830 -0.3095    -0.0260
Config_D_LR0.05_Ep20_W7_Bg1e-5                 6   -1.3495 -0.1640     1.1860   -0.2195 -0.4100    -0.1905
Config_D_LR0.05_Ep20_W7_Bg1e-5                 7   -1.0325 -0.1615     0.8710   -0.1245 -0.4485    -0.3240
2026-07-29 16:23:10 [INFO] 
--- Overall Parameter Config Rankings (Ranked by Average DA NSE) ---
2026-07-29 16:23:10 [INFO] 
                     Config ID  Base NSE    DA NSE  NSE Delta  Base KGE    DA KGE  KGE Delta
Config_B_LR0.05_Ep15_W7_Bg1e-6 -4.013286 -0.507714   3.505429 -0.187143 -0.134000   0.053143
Config_D_LR0.05_Ep20_W7_Bg1e-5 -4.013286 -0.722714   3.290714 -0.187143 -0.198000  -0.010786
 Config_A_LR0.1_Ep10_W7_Bg1e-6 -4.013286 -0.786286   3.227214 -0.187143 -0.212429  -0.025071
 Config_C_LR0.1_Ep10_W7_Bg1e-5 -4.013286 -0.786286   3.227214 -0.187143 -0.212429  -0.025071
2026-07-29 16:23:10 [INFO] 
--- Best Performing Parameter Config for EACH Lead Time (1..7 Days) ---
2026-07-29 16:23:10 [INFO] 
 Lead Time (Days)                 Best Config ID  Mean DA NSE  Mean NSE Delta  Mean DA KGE  Mean KGE Delta
                1 Config_B_LR0.05_Ep15_W7_Bg1e-6       -0.224           5.833        0.342           0.305
                2 Config_B_LR0.05_Ep15_W7_Bg1e-6       -1.153           6.698        0.150           0.338
                3 Config_B_LR0.05_Ep15_W7_Bg1e-6       -1.399           5.781        0.027           0.154
                4 Config_D_LR0.05_Ep20_W7_Bg1e-5       -0.217           2.318       -0.260           0.145
                5  Config_A_LR0.1_Ep10_W7_Bg1e-6       -0.156           1.932       -0.329          -0.046
                6 Config_D_LR0.05_Ep20_W7_Bg1e-5       -0.164           1.186       -0.410          -0.190
                7 Config_D_LR0.05_Ep20_W7_Bg1e-5       -0.162           0.871       -0.448          -0.324
2026-07-29 16:23:10 [INFO] 
======================================================================
2026-07-29 16:23:10 [INFO] Pipeline completed successfully!
2026-07-29 16:23:10 [INFO] All summary reports saved in: /usr/local/google/home/kruparell/flood-forecasting/tutorial/notebooks/large_scale_param_selection_results
2026-07-29 16:23:10 [INFO] ======================================================================

2026-07-29 16:32:23 [INFO] ======================================================================
2026-07-29 16:32:23 [INFO]  Large-Scale DA Parameter Selection Pipeline (Parallel & Sharded)    
2026-07-29 16:32:23 [INFO] ======================================================================
2026-07-29 16:32:23 [INFO] Hardware Compute Device: cpu
2026-07-29 16:32:23 [INFO] Parallel Worker Processes: 4
2026-07-29 16:32:23 [INFO] Borg Task Sharding: Shard 1 of 1
2026-07-29 16:32:23 [INFO] Full Caravans Path: /usr/local/google/home/kruparell/Caravans_V2
2026-07-29 16:32:23 [INFO] Basin List Path: /usr/local/google/home/kruparell/flood-forecasting/tutorial/basin-lists/CaravansV2_basin_valid_intervals.csv
2026-07-29 16:32:23 [INFO] Evaluation Date Range: 2017-01-01 to 2017-06-01
2026-07-29 16:32:23 [INFO] Target Lead Times: [1, 2, 3, 4, 5, 6, 7]
2026-07-29 16:32:23 [INFO] Log File Location: /usr/local/google/home/kruparell/flood-forecasting/tutorial/notebooks/large_scale_param_selection_results/large_scale_param_selection.log
2026-07-29 16:32:23 [INFO] Total sampled basins: 2. Assigned to this shard (0): 2 basins.
2026-07-29 16:32:23 [INFO] Testing 1 Parameter Sets: ['Config_B_LR0.05_Ep15_W7_Bg1e-6']

2026-07-29 16:32:24 [INFO] Generated 152 issue dates: ['2017-01-01', '2017-01-02', '2017-01-03'] ... ['2017-06-01']
2026-07-29 16:32:24 [INFO] Total task units to execute: 2 across 4 worker processes.

2026-07-29 16:32:24 [INFO] Launching ProcessPoolExecutor with 4 parallel workers...
2026-07-29 16:32:59 [INFO] ======================================================================
2026-07-29 16:32:59 [INFO]  Large-Scale DA Parameter Selection Pipeline (Parallel & Sharded)    
2026-07-29 16:32:59 [INFO] ======================================================================
2026-07-29 16:32:59 [INFO] Hardware Compute Device: cpu
2026-07-29 16:32:59 [INFO] Parallel Worker Processes: 4
2026-07-29 16:32:59 [INFO] Borg Task Sharding: Shard 1 of 1
2026-07-29 16:32:59 [INFO] Full Caravans Path: /usr/local/google/home/kruparell/Caravans_V2
2026-07-29 16:32:59 [INFO] Basin List Path: /usr/local/google/home/kruparell/flood-forecasting/tutorial/basin-lists/CaravansV2_basin_valid_intervals.csv
2026-07-29 16:32:59 [INFO] Evaluation Date Range: 2017-01-01 to 2017-01-15
2026-07-29 16:32:59 [INFO] Target Lead Times: [1, 2, 3, 4, 5, 6, 7]
2026-07-29 16:32:59 [INFO] Log File Location: /usr/local/google/home/kruparell/flood-forecasting/tutorial/notebooks/large_scale_param_selection_results/large_scale_param_selection.log
2026-07-29 16:32:59 [INFO] Total sampled basins: 2. Assigned to this shard (0): 2 basins.
2026-07-29 16:32:59 [INFO] Testing 1 Parameter Sets: ['Config_B_LR0.05_Ep15_W7_Bg1e-6']

2026-07-29 16:33:01 [INFO] Generated 15 issue dates: ['2017-01-01', '2017-01-02', '2017-01-03'] ... ['2017-01-15']
2026-07-29 16:33:01 [INFO] Total task units to execute: 2 across 4 worker processes.

2026-07-29 16:33:01 [INFO] Launching ProcessPoolExecutor with 4 parallel workers...
2026-07-29 16:33:10 [INFO] ======================================================================
2026-07-29 16:33:10 [INFO]  Large-Scale DA Parameter Selection Pipeline (Parallel & Sharded)    
2026-07-29 16:33:10 [INFO] ======================================================================
2026-07-29 16:33:10 [INFO] Hardware Compute Device: cpu
2026-07-29 16:33:10 [INFO] Parallel Worker Processes: 2
2026-07-29 16:33:10 [INFO] Borg Task Sharding: Shard 1 of 1
2026-07-29 16:33:10 [INFO] Full Caravans Path: /usr/local/google/home/kruparell/Caravans_V2
2026-07-29 16:33:10 [INFO] Basin List Path: /usr/local/google/home/kruparell/flood-forecasting/tutorial/basin-lists/CaravansV2_basin_valid_intervals.csv
2026-07-29 16:33:10 [INFO] Evaluation Date Range: 2017-01-01 to 2017-01-15
2026-07-29 16:33:10 [INFO] Target Lead Times: [1, 2, 3, 4, 5, 6, 7]
2026-07-29 16:33:10 [INFO] Log File Location: /usr/local/google/home/kruparell/flood-forecasting/tutorial/notebooks/large_scale_param_selection_results/large_scale_param_selection.log
2026-07-29 16:33:10 [INFO] Total sampled basins: 2. Assigned to this shard (0): 2 basins.
2026-07-29 16:33:10 [INFO] Testing 1 Parameter Sets: ['Config_B_LR0.05_Ep15_W7_Bg1e-6']

2026-07-29 16:33:12 [INFO] Generated 15 issue dates: ['2017-01-01', '2017-01-02', '2017-01-03'] ... ['2017-01-15']
2026-07-29 16:33:12 [INFO] Total task units to execute: 2 across 2 worker processes.

2026-07-29 16:33:12 [INFO] Launching ProcessPoolExecutor with 2 parallel workers...
2026-07-29 16:33:55 [INFO]  Completed Task [1/2]: Config Config_B_LR0.05_Ep15_W7_Bg1e-6 | Basin GRDC_4133750 (Records: 2)
2026-07-29 16:33:58 [INFO]  Completed Task [2/2]: Config Config_B_LR0.05_Ep15_W7_Bg1e-6 | Basin GRDC_4208025 (Records: 2)
2026-07-29 16:34:00 [INFO] 
Saved detailed metrics CSV: /usr/local/google/home/kruparell/flood-forecasting/tutorial/notebooks/large_scale_param_selection_results/detailed_basin_parameter_eval.csv
2026-07-29 16:34:08 [INFO]  Completed Task [1/2]: Config Config_B_LR0.05_Ep15_W7_Bg1e-6 | Basin GRDC_4133750 (Records: 7)
2026-07-29 16:34:08 [INFO]  Completed Task [2/2]: Config Config_B_LR0.05_Ep15_W7_Bg1e-6 | Basin GRDC_4208025 (Records: 7)
2026-07-29 16:34:10 [INFO] 
Saved detailed metrics CSV: /usr/local/google/home/kruparell/flood-forecasting/tutorial/notebooks/large_scale_param_selection_results/detailed_basin_parameter_eval.csv
2026-07-29 16:34:10 [INFO] Saved timeseries predictions CSV for hydrograph plotting: /usr/local/google/home/kruparell/flood-forecasting/tutorial/notebooks/large_scale_param_selection_results/timeseries_forecasts_and_obs.csv
2026-07-29 16:34:10 [INFO] 
======================================================================
2026-07-29 16:34:10 [INFO]  AGGREGATE PARAMETER SELECTION & RANKING SUMMARY                      
2026-07-29 16:34:10 [INFO] ======================================================================
2026-07-29 16:34:10 [INFO] 
--- Mean Metrics by Config ID and Lead Time ---
2026-07-29 16:34:10 [INFO] 
                     Config ID  Lead Time (Days)  Base NSE   DA NSE  NSE Delta  Base KGE  DA KGE  KGE Delta
Config_B_LR0.05_Ep15_W7_Bg1e-6                 1 -172.5540 -21.6765   150.8775    0.4040  0.2175    -0.1865
Config_B_LR0.05_Ep15_W7_Bg1e-6                 2 -153.1790 -25.1830   127.9960    0.3470  0.3220    -0.0250
Config_B_LR0.05_Ep15_W7_Bg1e-6                 3 -145.5005 -28.0650   117.4355    0.3155  0.2980    -0.0175
Config_B_LR0.05_Ep15_W7_Bg1e-6                 4 -150.6000 -28.5135   122.0865    0.2865  0.3065     0.0195
Config_B_LR0.05_Ep15_W7_Bg1e-6                 5 -145.4695 -33.4150   112.0545    0.2510  0.3140     0.0635
Config_B_LR0.05_Ep15_W7_Bg1e-6                 6 -154.7440 -40.4455   114.2980    0.2635  0.3140     0.0500
Config_B_LR0.05_Ep15_W7_Bg1e-6                 7 -170.1435 -50.3175   119.8260    0.2815  0.3255     0.0440
2026-07-29 16:34:10 [INFO] 
--- Overall Parameter Config Rankings (Ranked by Average DA NSE) ---
2026-07-29 16:34:10 [INFO] 
                     Config ID    Base NSE     DA NSE  NSE Delta  Base KGE   DA KGE  KGE Delta
Config_B_LR0.05_Ep15_W7_Bg1e-6 -156.027214 -32.516571 123.510571     0.307 0.299643  -0.007429
2026-07-29 16:34:10 [INFO] 
--- Best Performing Parameter Config for EACH Lead Time (1..7 Days) ---
2026-07-29 16:34:10 [INFO] 
 Lead Time (Days)                 Best Config ID  Mean DA NSE  Mean NSE Delta  Mean DA KGE  Mean KGE Delta
                1 Config_B_LR0.05_Ep15_W7_Bg1e-6      -21.676         150.878        0.218          -0.186
                2 Config_B_LR0.05_Ep15_W7_Bg1e-6      -25.183         127.996        0.322          -0.025
                3 Config_B_LR0.05_Ep15_W7_Bg1e-6      -28.065         117.436        0.298          -0.018
                4 Config_B_LR0.05_Ep15_W7_Bg1e-6      -28.513         122.086        0.306           0.020
                5 Config_B_LR0.05_Ep15_W7_Bg1e-6      -33.415         112.054        0.314           0.064
                6 Config_B_LR0.05_Ep15_W7_Bg1e-6      -40.445         114.298        0.314           0.050
                7 Config_B_LR0.05_Ep15_W7_Bg1e-6      -50.317         119.826        0.326           0.044
2026-07-29 16:34:10 [INFO] 
======================================================================
2026-07-29 16:34:10 [INFO] Pipeline completed successfully!
2026-07-29 16:34:10 [INFO] All summary reports saved in: /usr/local/google/home/kruparell/flood-forecasting/tutorial/notebooks/large_scale_param_selection_results
2026-07-29 16:34:10 [INFO] ======================================================================

2026-07-29 16:35:40 [INFO] ======================================================================
2026-07-29 16:35:40 [INFO]  Large-Scale DA Parameter Selection Pipeline (Parallel & Sharded)    
2026-07-29 16:35:40 [INFO] ======================================================================
2026-07-29 16:35:40 [INFO] Hardware Compute Device: cpu
2026-07-29 16:35:40 [INFO] Parallel Worker Processes: 4
2026-07-29 16:35:40 [INFO] Borg Task Sharding: Shard 1 of 1
2026-07-29 16:35:40 [INFO] Full Caravans Path: /usr/local/google/home/kruparell/Caravans_V2
2026-07-29 16:35:40 [INFO] Basin List Path: /usr/local/google/home/kruparell/flood-forecasting/tutorial/basin-lists/CaravansV2_basin_valid_intervals.csv
2026-07-29 16:35:40 [INFO] Evaluation Date Range: 2017-01-01 to 2017-01-15
2026-07-29 16:35:40 [INFO] Target Lead Times: [1, 2, 3, 4, 5, 6, 7]
2026-07-29 16:35:40 [INFO] Log File Location: /usr/local/google/home/kruparell/flood-forecasting/tutorial/notebooks/large_scale_param_selection_results/large_scale_param_selection.log
2026-07-29 16:35:40 [INFO] Total sampled basins: 2. Assigned to this shard (0): 2 basins.
2026-07-29 16:35:40 [INFO] Testing 1 Parameter Sets: ['Config_B_LR0.05_Ep15_W7_Bg1e-6']

2026-07-29 16:35:42 [INFO] Generated 15 issue dates: ['2017-01-01', '2017-01-02', '2017-01-03'] ... ['2017-01-15']
2026-07-29 16:35:42 [INFO] Total task units to execute: 2 across 4 worker processes.

2026-07-29 16:35:42 [INFO] Launching ProcessPoolExecutor with 4 parallel workers...
2026-07-29 16:36:32 [INFO]  Completed Task [1/2]: Config Config_B_LR0.05_Ep15_W7_Bg1e-6 | Basin GRDC_4133750 (Records: 7)
2026-07-29 16:36:32 [INFO]  Completed Task [2/2]: Config Config_B_LR0.05_Ep15_W7_Bg1e-6 | Basin GRDC_4208025 (Records: 7)
2026-07-29 16:36:35 [INFO] 
Saved detailed metrics CSV: /usr/local/google/home/kruparell/flood-forecasting/tutorial/notebooks/large_scale_param_selection_results/detailed_basin_parameter_eval.csv
2026-07-29 16:36:35 [INFO] Saved timeseries predictions CSV for hydrograph plotting: /usr/local/google/home/kruparell/flood-forecasting/tutorial/notebooks/large_scale_param_selection_results/timeseries_forecasts_and_obs.csv
2026-07-29 16:36:35 [INFO] 
======================================================================
2026-07-29 16:36:35 [INFO]  AGGREGATE PARAMETER SELECTION & RANKING SUMMARY                      
2026-07-29 16:36:35 [INFO] ======================================================================
2026-07-29 16:36:35 [INFO] 
--- Mean Metrics by Config ID and Lead Time ---
2026-07-29 16:36:35 [INFO] 
                     Config ID  Lead Time (Days)  Base NSE   DA NSE  NSE Delta  Base KGE  DA KGE  KGE Delta
Config_B_LR0.05_Ep15_W7_Bg1e-6                 1 -172.5540 -21.6765   150.8775    0.4040  0.2175    -0.1865
Config_B_LR0.05_Ep15_W7_Bg1e-6                 2 -153.1790 -25.1830   127.9960    0.3470  0.3220    -0.0250
Config_B_LR0.05_Ep15_W7_Bg1e-6                 3 -145.5005 -28.0650   117.4355    0.3155  0.2980    -0.0175
Config_B_LR0.05_Ep15_W7_Bg1e-6                 4 -150.6000 -28.5135   122.0865    0.2865  0.3065     0.0195
Config_B_LR0.05_Ep15_W7_Bg1e-6                 5 -145.4695 -33.4150   112.0545    0.2510  0.3140     0.0635
Config_B_LR0.05_Ep15_W7_Bg1e-6                 6 -154.7440 -40.4455   114.2980    0.2635  0.3140     0.0500
Config_B_LR0.05_Ep15_W7_Bg1e-6                 7 -170.1435 -50.3175   119.8260    0.2815  0.3255     0.0440
2026-07-29 16:36:35 [INFO] 
--- Overall Parameter Config Rankings (Ranked by Average DA NSE) ---
2026-07-29 16:36:35 [INFO] 
                     Config ID    Base NSE     DA NSE  NSE Delta  Base KGE   DA KGE  KGE Delta
Config_B_LR0.05_Ep15_W7_Bg1e-6 -156.027214 -32.516571 123.510571     0.307 0.299643  -0.007429
2026-07-29 16:36:35 [INFO] 
--- Best Performing Parameter Config for EACH Lead Time (1..7 Days) ---
2026-07-29 16:36:35 [INFO] 
 Lead Time (Days)                 Best Config ID  Mean DA NSE  Mean NSE Delta  Mean DA KGE  Mean KGE Delta
                1 Config_B_LR0.05_Ep15_W7_Bg1e-6      -21.676         150.878        0.218          -0.186
                2 Config_B_LR0.05_Ep15_W7_Bg1e-6      -25.183         127.996        0.322          -0.025
                3 Config_B_LR0.05_Ep15_W7_Bg1e-6      -28.065         117.436        0.298          -0.018
                4 Config_B_LR0.05_Ep15_W7_Bg1e-6      -28.513         122.086        0.306           0.020
                5 Config_B_LR0.05_Ep15_W7_Bg1e-6      -33.415         112.054        0.314           0.064
                6 Config_B_LR0.05_Ep15_W7_Bg1e-6      -40.445         114.298        0.314           0.050
                7 Config_B_LR0.05_Ep15_W7_Bg1e-6      -50.317         119.826        0.326           0.044
2026-07-29 16:36:35 [INFO] 
======================================================================
2026-07-29 16:36:35 [INFO] Pipeline completed successfully!
2026-07-29 16:36:35 [INFO] All summary reports saved in: /usr/local/google/home/kruparell/flood-forecasting/tutorial/notebooks/large_scale_param_selection_results
2026-07-29 16:36:35 [INFO] ======================================================================

2026-07-29 17:46:39 [INFO] ======================================================================
2026-07-29 17:46:39 [INFO]  Large-Scale DA Parameter Selection Pipeline (Parallel & Sharded)    
2026-07-29 17:46:39 [INFO] ======================================================================
2026-07-29 17:46:39 [INFO] Hardware Compute Device: cpu
2026-07-29 17:46:39 [INFO] Parallel Worker Processes: 32
2026-07-29 17:46:39 [INFO] Borg Task Sharding: Shard 1 of 1
2026-07-29 17:46:39 [INFO] Full Caravans Path: /usr/local/google/home/kruparell/Caravans_V2
2026-07-29 17:46:39 [INFO] Basin List Path: /usr/local/google/home/kruparell/flood-forecasting/tutorial/basin-lists/CaravansV2_basin_valid_intervals.csv
2026-07-29 17:46:39 [INFO] Evaluation Date Range: 2017-01-01 to 2017-01-15
2026-07-29 17:46:39 [INFO] Target Lead Times: [1, 2, 3, 4, 5, 6, 7]
2026-07-29 17:46:39 [INFO] Log File Location: /usr/local/google/home/kruparell/flood-forecasting/tutorial/notebooks/large_scale_param_selection_results/large_scale_param_selection.log
2026-07-29 17:46:39 [INFO] Total sampled basins: 200. Assigned to this shard (0): 200 basins.
2026-07-29 17:46:39 [INFO] Testing 1 Parameter Sets: ['Config_B_LR0.05_Ep15_W7_Bg1e-6']

2026-07-29 17:46:40 [INFO] Generated 15 issue dates: ['2017-01-01', '2017-01-02', '2017-01-03'] ... ['2017-01-15']
2026-07-29 17:46:40 [INFO] Total task units to execute: 200 across 32 worker processes.

2026-07-29 17:46:40 [INFO] Launching ProcessPoolExecutor with 32 parallel workers...
2026-07-29 17:48:59 [INFO]  Completed Task [1/200]: Config Config_B_LR0.05_Ep15_W7_Bg1e-6 | Basin GRDC_1258355 (Records: 7)
2026-07-29 17:48:59 [INFO]  Completed Task [2/200]: Config Config_B_LR0.05_Ep15_W7_Bg1e-6 | Basin GRDC_3265100 (Records: 7)
2026-07-29 17:49:01 [INFO]  Completed Task [3/200]: Config Config_B_LR0.05_Ep15_W7_Bg1e-6 | Basin GRDC_3630600 (Records: 7)
2026-07-29 17:49:01 [INFO]  Completed Task [4/200]: Config Config_B_LR0.05_Ep15_W7_Bg1e-6 | Basin GRDC_1197555 (Records: 7)
2026-07-29 17:49:01 [INFO]  Completed Task [5/200]: Config Config_B_LR0.05_Ep15_W7_Bg1e-6 | Basin GRDC_1160403 (Records: 7)
2026-07-29 17:49:02 [INFO]  Completed Task [6/200]: Config Config_B_LR0.05_Ep15_W7_Bg1e-6 | Basin GRDC_3650526 (Records: 7)
2026-07-29 17:49:04 [INFO]  Completed Task [7/200]: Config Config_B_LR0.05_Ep15_W7_Bg1e-6 | Basin GRDC_3650470 (Records: 7)
2026-07-29 17:49:09 [INFO]  Completed Task [8/200]: Config Config_B_LR0.05_Ep15_W7_Bg1e-6 | Basin GRDC_3649450 (Records: 7)
2026-07-29 17:49:09 [INFO]  Completed Task [9/200]: Config Config_B_LR0.05_Ep15_W7_Bg1e-6 | Basin GRDC_3650640 (Records: 7)
2026-07-29 17:49:09 [INFO]  Completed Task [10/200]: Config Config_B_LR0.05_Ep15_W7_Bg1e-6 | Basin GRDC_4115203 (Records: 7)
2026-07-29 17:49:10 [INFO]  Completed Task [11/200]: Config Config_B_LR0.05_Ep15_W7_Bg1e-6 | Basin GRDC_3651520 (Records: 7)
2026-07-29 17:49:12 [INFO]  Completed Task [12/200]: Config Config_B_LR0.05_Ep15_W7_Bg1e-6 | Basin GRDC_4116461 (Records: 7)
2026-07-29 17:49:13 [INFO]  Completed Task [13/200]: Config Config_B_LR0.05_Ep15_W7_Bg1e-6 | Basin GRDC_4115332 (Records: 7)
2026-07-29 17:49:14 [INFO]  Completed Task [14/200]: Config Config_B_LR0.05_Ep15_W7_Bg1e-6 | Basin GRDC_4116201 (Records: 7)
2026-07-29 17:49:14 [INFO]  Completed Task [15/200]: Config Config_B_LR0.05_Ep15_W7_Bg1e-6 | Basin GRDC_4115281 (Records: 7)
2026-07-29 17:49:14 [INFO]  Completed Task [16/200]: Config Config_B_LR0.05_Ep15_W7_Bg1e-6 | Basin GRDC_4123250 (Records: 7)
2026-07-29 17:49:17 [INFO]  Completed Task [17/200]: Config Config_B_LR0.05_Ep15_W7_Bg1e-6 | Basin GRDC_4119322 (Records: 7)
2026-07-29 17:49:18 [INFO]  Completed Task [18/200]: Config Config_B_LR0.05_Ep15_W7_Bg1e-6 | Basin GRDC_4122222 (Records: 7)
2026-07-29 17:49:18 [INFO]  Completed Task [19/200]: Config Config_B_LR0.05_Ep15_W7_Bg1e-6 | Basin GRDC_4126802 (Records: 7)
2026-07-29 17:49:18 [INFO]  Completed Task [20/200]: Config Config_B_LR0.05_Ep15_W7_Bg1e-6 | Basin GRDC_4123357 (Records: 7)
2026-07-29 17:49:22 [INFO]  Completed Task [21/200]: Config Config_B_LR0.05_Ep15_W7_Bg1e-6 | Basin GRDC_4133100 (Records: 7)
2026-07-29 17:49:25 [INFO]  Completed Task [22/200]: Config Config_B_LR0.05_Ep15_W7_Bg1e-6 | Basin GRDC_4133300 (Records: 7)
2026-07-29 17:49:25 [INFO]  Completed Task [23/200]: Config Config_B_LR0.05_Ep15_W7_Bg1e-6 | Basin GRDC_4147462 (Records: 7)
2026-07-29 17:49:26 [INFO]  Completed Task [24/200]: Config Config_B_LR0.05_Ep15_W7_Bg1e-6 | Basin GRDC_4133750 (Records: 7)
2026-07-29 17:49:26 [INFO]  Completed Task [25/200]: Config Config_B_LR0.05_Ep15_W7_Bg1e-6 | Basin GRDC_4152465 (Records: 7)
2026-07-29 17:49:26 [INFO]  Completed Task [26/200]: Config Config_B_LR0.05_Ep15_W7_Bg1e-6 | Basin GRDC_4136400 (Records: 7)
2026-07-29 17:49:27 [INFO]  Completed Task [27/200]: Config Config_B_LR0.05_Ep15_W7_Bg1e-6 | Basin GRDC_4146210 (Records: 7)
2026-07-29 17:49:28 [INFO]  Completed Task [28/200]: Config Config_B_LR0.05_Ep15_W7_Bg1e-6 | Basin GRDC_4147650 (Records: 7)
2026-07-29 17:49:30 [INFO]  Completed Task [29/200]: Config Config_B_LR0.05_Ep15_W7_Bg1e-6 | Basin GRDC_4208025 (Records: 7)
2026-07-29 17:49:30 [INFO]  Completed Task [30/200]: Config Config_B_LR0.05_Ep15_W7_Bg1e-6 | Basin GRDC_4207900 (Records: 7)
2026-07-29 17:49:31 [INFO]  Completed Task [31/200]: Config Config_B_LR0.05_Ep15_W7_Bg1e-6 | Basin GRDC_4152553 (Records: 7)
2026-07-29 17:49:33 [INFO]  Completed Task [32/200]: Config Config_B_LR0.05_Ep15_W7_Bg1e-6 | Basin GRDC_4213131 (Records: 7)
2026-07-29 17:51:26 [INFO]  Completed Task [33/200]: Config Config_B_LR0.05_Ep15_W7_Bg1e-6 | Basin GRDC_4213172 (Records: 7)
2026-07-29 17:51:28 [INFO]  Completed Task [34/200]: Config Config_B_LR0.05_Ep15_W7_Bg1e-6 | Basin GRDC_4213415 (Records: 7)
2026-07-29 17:51:29 [INFO]  Completed Task [35/200]: Config Config_B_LR0.05_Ep15_W7_Bg1e-6 | Basin GRDC_4214580 (Records: 7)
2026-07-29 17:51:30 [INFO]  Completed Task [36/200]: Config Config_B_LR0.05_Ep15_W7_Bg1e-6 | Basin GRDC_4215102 (Records: 7)
2026-07-29 17:51:32 [INFO]  Completed Task [37/200]: Config Config_B_LR0.05_Ep15_W7_Bg1e-6 | Basin GRDC_5101303 (Records: 7)
2026-07-29 17:51:34 [INFO]  Completed Task [38/200]: Config Config_B_LR0.05_Ep15_W7_Bg1e-6 | Basin GRDC_4234550 (Records: 7)
2026-07-29 17:51:35 [INFO]  Completed Task [39/200]: Config Config_B_LR0.05_Ep15_W7_Bg1e-6 | Basin GRDC_5202083 (Records: 7)
2026-07-29 17:51:35 [INFO]  Completed Task [40/200]: Config Config_B_LR0.05_Ep15_W7_Bg1e-6 | Basin GRDC_4234900 (Records: 7)
2026-07-29 17:51:36 [INFO]  Completed Task [41/200]: Config Config_B_LR0.05_Ep15_W7_Bg1e-6 | Basin GRDC_4235400 (Records: 7)
2026-07-29 17:51:38 [INFO]  Completed Task [42/200]: Config Config_B_LR0.05_Ep15_W7_Bg1e-6 | Basin GRDC_4244915 (Records: 7)
2026-07-29 17:51:38 [INFO]  Completed Task [43/200]: Config Config_B_LR0.05_Ep15_W7_Bg1e-6 | Basin GRDC_5204131 (Records: 7)
2026-07-29 17:51:40 [INFO]  Completed Task [44/200]: Config Config_B_LR0.05_Ep15_W7_Bg1e-6 | Basin GRDC_5204122 (Records: 7)
2026-07-29 17:51:42 [INFO]  Completed Task [45/200]: Config Config_B_LR0.05_Ep15_W7_Bg1e-6 | Basin GRDC_5204107 (Records: 7)
2026-07-29 17:51:42 [INFO]  Completed Task [46/200]: Config Config_B_LR0.05_Ep15_W7_Bg1e-6 | Basin GRDC_5864330 (Records: 7)
2026-07-29 17:51:43 [INFO]  Completed Task [47/200]: Config Config_B_LR0.05_Ep15_W7_Bg1e-6 | Basin GRDC_5302300 (Records: 7)
2026-07-29 17:51:45 [INFO]  Completed Task [48/200]: Config Config_B_LR0.05_Ep15_W7_Bg1e-6 | Basin GRDC_5606097 (Records: 7)
2026-07-29 17:51:47 [INFO]  Completed Task [49/200]: Config Config_B_LR0.05_Ep15_W7_Bg1e-6 | Basin GRDC_5866150 (Records: 7)
2026-07-29 17:51:48 [INFO]  Completed Task [50/200]: Config Config_B_LR0.05_Ep15_W7_Bg1e-6 | Basin GRDC_5204243 (Records: 7)
2026-07-29 17:51:49 [INFO]  Completed Task [51/200]: Config Config_B_LR0.05_Ep15_W7_Bg1e-6 | Basin GRDC_6142250 (Records: 7)
2026-07-29 17:51:53 [INFO]  Completed Task [52/200]: Config Config_B_LR0.05_Ep15_W7_Bg1e-6 | Basin GRDC_5708142 (Records: 7)
2026-07-29 17:51:55 [INFO]  Completed Task [53/200]: Config Config_B_LR0.05_Ep15_W7_Bg1e-6 | Basin GRDC_6212480 (Records: 7)
2026-07-29 17:51:56 [INFO]  Completed Task [54/200]: Config Config_B_LR0.05_Ep15_W7_Bg1e-6 | Basin GRDC_6233315 (Records: 7)
2026-07-29 17:51:56 [INFO]  Completed Task [55/200]: Config Config_B_LR0.05_Ep15_W7_Bg1e-6 | Basin GRDC_6226800 (Records: 7)
2026-07-29 17:51:57 [INFO]  Completed Task [56/200]: Config Config_B_LR0.05_Ep15_W7_Bg1e-6 | Basin GRDC_6243355 (Records: 7)
2026-07-29 17:51:59 [INFO]  Completed Task [57/200]: Config Config_B_LR0.05_Ep15_W7_Bg1e-6 | Basin GRDC_6242550 (Records: 7)
2026-07-29 17:52:01 [INFO]  Completed Task [58/200]: Config Config_B_LR0.05_Ep15_W7_Bg1e-6 | Basin GRDC_6243800 (Records: 7)
2026-07-29 17:52:02 [INFO]  Completed Task [59/200]: Config Config_B_LR0.05_Ep15_W7_Bg1e-6 | Basin GRDC_6340050 (Records: 7)
2026-07-29 17:52:03 [INFO]  Completed Task [60/200]: Config Config_B_LR0.05_Ep15_W7_Bg1e-6 | Basin GRDC_6343550 (Records: 7)
2026-07-29 17:52:04 [INFO]  Completed Task [61/200]: Config Config_B_LR0.05_Ep15_W7_Bg1e-6 | Basin GRDC_6343531 (Records: 7)
2026-07-29 17:52:05 [INFO]  Completed Task [62/200]: Config Config_B_LR0.05_Ep15_W7_Bg1e-6 | Basin GRDC_6342050 (Records: 7)
2026-07-29 17:52:06 [INFO]  Completed Task [63/200]: Config Config_B_LR0.05_Ep15_W7_Bg1e-6 | Basin GRDC_6357010 (Records: 7)
2026-07-29 17:52:06 [INFO]  Completed Task [64/200]: Config Config_B_LR0.05_Ep15_W7_Bg1e-6 | Basin GRDC_6340635 (Records: 7)
2026-07-29 17:53:52 [INFO]  Completed Task [65/200]: Config Config_B_LR0.05_Ep15_W7_Bg1e-6 | Basin GRDC_6729325 (Records: 7)
2026-07-29 17:54:00 [INFO]  Completed Task [66/200]: Config Config_B_LR0.05_Ep15_W7_Bg1e-6 | Basin GRDC_6854705 (Records: 7)
2026-07-29 17:54:02 [INFO]  Completed Task [67/200]: Config Config_B_LR0.05_Ep15_W7_Bg1e-6 | Basin camelsbr_33260000 (Records: 7)
2026-07-29 17:54:02 [INFO]  Completed Task [68/200]: Config Config_B_LR0.05_Ep15_W7_Bg1e-6 | Basin GRDC_6854650 (Records: 7)
2026-07-29 17:54:03 [INFO]  Completed Task [69/200]: Config Config_B_LR0.05_Ep15_W7_Bg1e-6 | Basin camelsaus_403217 (Records: 7)
2026-07-29 17:54:04 [INFO]  Completed Task [70/200]: Config Config_B_LR0.05_Ep15_W7_Bg1e-6 | Basin camelsbr_34070000 (Records: 7)
2026-07-29 17:54:05 [INFO]  Completed Task [71/200]: Config Config_B_LR0.05_Ep15_W7_Bg1e-6 | Basin camelsbr_15400000 (Records: 7)
2026-07-29 17:54:06 [INFO]  Completed Task [72/200]: Config Config_B_LR0.05_Ep15_W7_Bg1e-6 | Basin GRDC_6854701 (Records: 7)
2026-07-29 17:54:06 [INFO]  Completed Task [73/200]: Config Config_B_LR0.05_Ep15_W7_Bg1e-6 | Basin camelsbr_34311000 (Records: 7)
2026-07-29 17:54:09 [INFO]  Completed Task [74/200]: Config Config_B_LR0.05_Ep15_W7_Bg1e-6 | Basin camelsbr_42490000 (Records: 7)
2026-07-29 17:54:10 [INFO]  Completed Task [75/200]: Config Config_B_LR0.05_Ep15_W7_Bg1e-6 | Basin camelsbr_56750000 (Records: 7)
2026-07-29 17:54:10 [INFO]  Completed Task [76/200]: Config Config_B_LR0.05_Ep15_W7_Bg1e-6 | Basin camelsbr_45840000 (Records: 7)
2026-07-29 17:54:12 [INFO]  Completed Task [77/200]: Config Config_B_LR0.05_Ep15_W7_Bg1e-6 | Basin camelsbr_51795000 (Records: 7)
2026-07-29 17:54:12 [INFO]  Completed Task [78/200]: Config Config_B_LR0.05_Ep15_W7_Bg1e-6 | Basin camelsbr_58974000 (Records: 7)
2026-07-29 17:54:15 [INFO]  Completed Task [79/200]: Config Config_B_LR0.05_Ep15_W7_Bg1e-6 | Basin camelsch_2300 (Records: 7)
2026-07-29 17:54:16 [INFO]  Completed Task [80/200]: Config Config_B_LR0.05_Ep15_W7_Bg1e-6 | Basin camelsbr_59370000 (Records: 7)
2026-07-29 17:54:17 [INFO]  Completed Task [81/200]: Config Config_B_LR0.05_Ep15_W7_Bg1e-6 | Basin camelsbr_86410000 (Records: 7)
2026-07-29 17:54:19 [INFO]  Completed Task [82/200]: Config Config_B_LR0.05_Ep15_W7_Bg1e-6 | Basin camelsbr_86510000 (Records: 7)
2026-07-29 17:54:19 [INFO]  Completed Task [83/200]: Config Config_B_LR0.05_Ep15_W7_Bg1e-6 | Basin camelsch_2265 (Records: 7)
2026-07-29 17:54:24 [INFO]  Completed Task [84/200]: Config Config_B_LR0.05_Ep15_W7_Bg1e-6 | Basin camelsch_4021 (Records: 7)
2026-07-29 17:54:25 [INFO]  Completed Task [85/200]: Config Config_B_LR0.05_Ep15_W7_Bg1e-6 | Basin camelsch_2630 (Records: 7)
2026-07-29 17:54:26 [INFO]  Completed Task [86/200]: Config Config_B_LR0.05_Ep15_W7_Bg1e-6 | Basin camelsch_2609 (Records: 7)
2026-07-29 17:54:26 [INFO]  Completed Task [87/200]: Config Config_B_LR0.05_Ep15_W7_Bg1e-6 | Basin camelsch_2343 (Records: 7)
2026-07-29 17:54:29 [INFO]  Completed Task [88/200]: Config Config_B_LR0.05_Ep15_W7_Bg1e-6 | Basin camelsch_5030 (Records: 7)
2026-07-29 17:54:30 [INFO]  Completed Task [89/200]: Config Config_B_LR0.05_Ep15_W7_Bg1e-6 | Basin camelscl_4311001 (Records: 7)
2026-07-29 17:54:31 [INFO]  Completed Task [90/200]: Config Config_B_LR0.05_Ep15_W7_Bg1e-6 | Basin camelscl_1044001 (Records: 7)
2026-07-29 17:54:34 [INFO]  Completed Task [91/200]: Config Config_B_LR0.05_Ep15_W7_Bg1e-6 | Basin camelscl_6027001 (Records: 7)
2026-07-29 17:54:35 [INFO]  Completed Task [92/200]: Config Config_B_LR0.05_Ep15_W7_Bg1e-6 | Basin camelsdk_390001 (Records: 7)
2026-07-29 17:54:35 [INFO]  Completed Task [93/200]: Config Config_B_LR0.05_Ep15_W7_Bg1e-6 | Basin camelscl_8210003 (Records: 7)
2026-07-29 17:54:36 [INFO]  Completed Task [94/200]: Config Config_B_LR0.05_Ep15_W7_Bg1e-6 | Basin camelscl_8380006 (Records: 7)
2026-07-29 17:54:42 [INFO]  Completed Task [95/200]: Config Config_B_LR0.05_Ep15_W7_Bg1e-6 | Basin camelsdk_250087 (Records: 7)
2026-07-29 17:54:42 [INFO]  Completed Task [96/200]: Config Config_B_LR0.05_Ep15_W7_Bg1e-6 | Basin camelses_1424 (Records: 7)
2026-07-29 17:56:34 [INFO]  Completed Task [97/200]: Config Config_B_LR0.05_Ep15_W7_Bg1e-6 | Basin camelses_1552 (Records: 7)
2026-07-29 17:56:38 [INFO]  Completed Task [98/200]: Config Config_B_LR0.05_Ep15_W7_Bg1e-6 | Basin camelses_1726 (Records: 7)
2026-07-29 17:56:42 [INFO]  Completed Task [99/200]: Config Config_B_LR0.05_Ep15_W7_Bg1e-6 | Basin camelses_3169 (Records: 7)
2026-07-29 17:56:42 [INFO]  Completed Task [100/200]: Config Config_B_LR0.05_Ep15_W7_Bg1e-6 | Basin camelses_1578 (Records: 7)
2026-07-29 17:56:43 [INFO]  Completed Task [101/200]: Config Config_B_LR0.05_Ep15_W7_Bg1e-6 | Basin camelses_3211 (Records: 7)
2026-07-29 17:56:43 [INFO]  Completed Task [102/200]: Config Config_B_LR0.05_Ep15_W7_Bg1e-6 | Basin camelses_1823 (Records: 7)
2026-07-29 17:56:43 [INFO]  Completed Task [103/200]: Config Config_B_LR0.05_Ep15_W7_Bg1e-6 | Basin camelses_2029 (Records: 7)
2026-07-29 17:56:48 [INFO]  Completed Task [104/200]: Config Config_B_LR0.05_Ep15_W7_Bg1e-6 | Basin camelses_9321 (Records: 7)
2026-07-29 17:56:49 [INFO]  Completed Task [105/200]: Config Config_B_LR0.05_Ep15_W7_Bg1e-6 | Basin hysets_01421900 (Records: 7)
2026-07-29 17:56:50 [INFO]  Completed Task [106/200]: Config Config_B_LR0.05_Ep15_W7_Bg1e-6 | Basin hysets_01505810 (Records: 7)
2026-07-29 17:56:53 [INFO]  Completed Task [107/200]: Config Config_B_LR0.05_Ep15_W7_Bg1e-6 | Basin hysets_01477800 (Records: 7)
2026-07-29 17:56:54 [INFO]  Completed Task [108/200]: Config Config_B_LR0.05_Ep15_W7_Bg1e-6 | Basin hysets_01123000 (Records: 7)
2026-07-29 17:56:56 [INFO]  Completed Task [109/200]: Config Config_B_LR0.05_Ep15_W7_Bg1e-6 | Basin hysets_01613095 (Records: 7)
2026-07-29 17:56:58 [INFO]  Completed Task [110/200]: Config Config_B_LR0.05_Ep15_W7_Bg1e-6 | Basin hysets_01585104 (Records: 7)
2026-07-29 17:57:00 [INFO]  Completed Task [111/200]: Config Config_B_LR0.05_Ep15_W7_Bg1e-6 | Basin hysets_01AK001 (Records: 7)
2026-07-29 17:57:00 [INFO]  Completed Task [112/200]: Config Config_B_LR0.05_Ep15_W7_Bg1e-6 | Basin hysets_01674000 (Records: 7)
2026-07-29 17:57:00 [INFO]  Completed Task [113/200]: Config Config_B_LR0.05_Ep15_W7_Bg1e-6 | Basin hysets_01BP001 (Records: 7)
2026-07-29 17:57:00 [INFO]  Completed Task [114/200]: Config Config_B_LR0.05_Ep15_W7_Bg1e-6 | Basin hysets_01BJ012 (Records: 7)
2026-07-29 17:57:01 [INFO]  Completed Task [115/200]: Config Config_B_LR0.05_Ep15_W7_Bg1e-6 | Basin hysets_01644371 (Records: 7)
2026-07-29 17:57:06 [INFO]  Completed Task [116/200]: Config Config_B_LR0.05_Ep15_W7_Bg1e-6 | Basin hysets_02207220 (Records: 7)
2026-07-29 17:57:06 [INFO]  Completed Task [117/200]: Config Config_B_LR0.05_Ep15_W7_Bg1e-6 | Basin hysets_02052000 (Records: 7)
2026-07-29 17:57:08 [INFO]  Completed Task [118/200]: Config Config_B_LR0.05_Ep15_W7_Bg1e-6 | Basin hysets_02397500 (Records: 7)
2026-07-29 17:57:10 [INFO]  Completed Task [119/200]: Config Config_B_LR0.05_Ep15_W7_Bg1e-6 | Basin hysets_02161000 (Records: 7)
2026-07-29 17:57:13 [INFO]  Completed Task [120/200]: Config Config_B_LR0.05_Ep15_W7_Bg1e-6 | Basin hysets_02FF004 (Records: 7)
2026-07-29 17:57:16 [INFO]  Completed Task [121/200]: Config Config_B_LR0.05_Ep15_W7_Bg1e-6 | Basin hysets_02BF002 (Records: 7)
2026-07-29 17:57:17 [INFO]  Completed Task [122/200]: Config Config_B_LR0.05_Ep15_W7_Bg1e-6 | Basin hysets_02KF016 (Records: 7)
2026-07-29 17:57:18 [INFO]  Completed Task [123/200]: Config Config_B_LR0.05_Ep15_W7_Bg1e-6 | Basin hysets_02YJ001 (Records: 7)
2026-07-29 17:57:21 [INFO]  Completed Task [124/200]: Config Config_B_LR0.05_Ep15_W7_Bg1e-6 | Basin hysets_02MB010 (Records: 7)
2026-07-29 17:57:22 [INFO]  Completed Task [125/200]: Config Config_B_LR0.05_Ep15_W7_Bg1e-6 | Basin hysets_02YL011 (Records: 7)
2026-07-29 17:57:26 [INFO]  Completed Task [126/200]: Config Config_B_LR0.05_Ep15_W7_Bg1e-6 | Basin hysets_03108000 (Records: 7)
2026-07-29 17:57:27 [INFO]  Completed Task [127/200]: Config Config_B_LR0.05_Ep15_W7_Bg1e-6 | Basin hysets_03106000 (Records: 7)
2026-07-29 17:57:30 [INFO]  Completed Task [128/200]: Config Config_B_LR0.05_Ep15_W7_Bg1e-6 | Basin hysets_03213500 (Records: 7)
2026-07-29 17:59:02 [INFO]  Completed Task [129/200]: Config Config_B_LR0.05_Ep15_W7_Bg1e-6 | Basin hysets_03228750 (Records: 7)
2026-07-29 17:59:08 [INFO]  Completed Task [130/200]: Config Config_B_LR0.05_Ep15_W7_Bg1e-6 | Basin hysets_03302000 (Records: 7)
2026-07-29 17:59:15 [INFO]  Completed Task [131/200]: Config Config_B_LR0.05_Ep15_W7_Bg1e-6 | Basin hysets_04080000 (Records: 7)
2026-07-29 17:59:16 [INFO]  Completed Task [132/200]: Config Config_B_LR0.05_Ep15_W7_Bg1e-6 | Basin hysets_03349210 (Records: 7)
2026-07-29 17:59:17 [INFO]  Completed Task [133/200]: Config Config_B_LR0.05_Ep15_W7_Bg1e-6 | Basin hysets_03407500 (Records: 7)
2026-07-29 17:59:19 [INFO]  Completed Task [134/200]: Config Config_B_LR0.05_Ep15_W7_Bg1e-6 | Basin hysets_04159492 (Records: 7)
2026-07-29 17:59:19 [INFO]  Completed Task [135/200]: Config Config_B_LR0.05_Ep15_W7_Bg1e-6 | Basin hysets_04087240 (Records: 7)
2026-07-29 17:59:21 [INFO]  Completed Task [136/200]: Config Config_B_LR0.05_Ep15_W7_Bg1e-6 | Basin hysets_03574500 (Records: 7)
2026-07-29 17:59:22 [INFO]  Completed Task [137/200]: Config Config_B_LR0.05_Ep15_W7_Bg1e-6 | Basin hysets_04188100 (Records: 7)
2026-07-29 17:59:24 [INFO]  Completed Task [138/200]: Config Config_B_LR0.05_Ep15_W7_Bg1e-6 | Basin hysets_04156000 (Records: 7)
2026-07-29 17:59:26 [INFO]  Completed Task [139/200]: Config Config_B_LR0.05_Ep15_W7_Bg1e-6 | Basin hysets_04112000 (Records: 7)
2026-07-29 17:59:27 [INFO]  Completed Task [140/200]: Config Config_B_LR0.05_Ep15_W7_Bg1e-6 | Basin hysets_04161820 (Records: 7)
2026-07-29 17:59:29 [INFO]  Completed Task [141/200]: Config Config_B_LR0.05_Ep15_W7_Bg1e-6 | Basin hysets_04233255 (Records: 7)
2026-07-29 17:59:29 [INFO]  Completed Task [142/200]: Config Config_B_LR0.05_Ep15_W7_Bg1e-6 | Basin hysets_05502500 (Records: 7)
2026-07-29 17:59:30 [INFO]  Completed Task [143/200]: Config Config_B_LR0.05_Ep15_W7_Bg1e-6 | Basin hysets_05487470 (Records: 7)
2026-07-29 17:59:30 [INFO]  Completed Task [144/200]: Config Config_B_LR0.05_Ep15_W7_Bg1e-6 | Basin hysets_04282780 (Records: 7)
2026-07-29 17:59:35 [INFO]  Completed Task [145/200]: Config Config_B_LR0.05_Ep15_W7_Bg1e-6 | Basin hysets_05435950 (Records: 7)
2026-07-29 17:59:35 [INFO]  Completed Task [146/200]: Config Config_B_LR0.05_Ep15_W7_Bg1e-6 | Basin hysets_05TF002 (Records: 7)
2026-07-29 17:59:36 [INFO]  Completed Task [147/200]: Config Config_B_LR0.05_Ep15_W7_Bg1e-6 | Basin hysets_05451210 (Records: 7)
2026-07-29 17:59:36 [INFO]  Completed Task [148/200]: Config Config_B_LR0.05_Ep15_W7_Bg1e-6 | Basin hysets_06191500 (Records: 7)
2026-07-29 17:59:39 [INFO]  Completed Task [149/200]: Config Config_B_LR0.05_Ep15_W7_Bg1e-6 | Basin hysets_06867000 (Records: 7)
2026-07-29 17:59:40 [INFO]  Completed Task [150/200]: Config Config_B_LR0.05_Ep15_W7_Bg1e-6 | Basin hysets_06447000 (Records: 7)
2026-07-29 17:59:42 [INFO]  Completed Task [151/200]: Config Config_B_LR0.05_Ep15_W7_Bg1e-6 | Basin hysets_06892000 (Records: 7)
2026-07-29 17:59:44 [INFO]  Completed Task [152/200]: Config Config_B_LR0.05_Ep15_W7_Bg1e-6 | Basin hysets_06894200 (Records: 7)
2026-07-29 17:59:48 [INFO]  Completed Task [153/200]: Config Config_B_LR0.05_Ep15_W7_Bg1e-6 | Basin hysets_07105490 (Records: 7)
2026-07-29 17:59:50 [INFO]  Completed Task [154/200]: Config Config_B_LR0.05_Ep15_W7_Bg1e-6 | Basin hysets_06930000 (Records: 7)
2026-07-29 17:59:52 [INFO]  Completed Task [155/200]: Config Config_B_LR0.05_Ep15_W7_Bg1e-6 | Basin hysets_06921720 (Records: 7)
2026-07-29 17:59:53 [INFO]  Completed Task [156/200]: Config Config_B_LR0.05_Ep15_W7_Bg1e-6 | Basin hysets_07180500 (Records: 7)
2026-07-29 17:59:54 [INFO]  Completed Task [157/200]: Config Config_B_LR0.05_Ep15_W7_Bg1e-6 | Basin hysets_07185765 (Records: 7)
2026-07-29 18:00:01 [INFO]  Completed Task [158/200]: Config Config_B_LR0.05_Ep15_W7_Bg1e-6 | Basin hysets_07216500 (Records: 7)
2026-07-29 18:00:03 [INFO]  Completed Task [159/200]: Config Config_B_LR0.05_Ep15_W7_Bg1e-6 | Basin hysets_07363500 (Records: 7)
2026-07-29 18:00:05 [INFO]  Completed Task [160/200]: Config Config_B_LR0.05_Ep15_W7_Bg1e-6 | Basin hysets_07295000 (Records: 7)
2026-07-29 18:01:30 [INFO]  Completed Task [161/200]: Config Config_B_LR0.05_Ep15_W7_Bg1e-6 | Basin hysets_07375280 (Records: 7)
2026-07-29 18:01:42 [INFO]  Completed Task [162/200]: Config Config_B_LR0.05_Ep15_W7_Bg1e-6 | Basin hysets_08164390 (Records: 7)
2026-07-29 18:01:43 [INFO]  Completed Task [163/200]: Config Config_B_LR0.05_Ep15_W7_Bg1e-6 | Basin hysets_08068740 (Records: 7)
2026-07-29 18:01:43 [INFO]  Completed Task [164/200]: Config Config_B_LR0.05_Ep15_W7_Bg1e-6 | Basin hysets_08068500 (Records: 7)
2026-07-29 18:01:43 [INFO]  Completed Task [165/200]: Config Config_B_LR0.05_Ep15_W7_Bg1e-6 | Basin hysets_08164800 (Records: 7)
2026-07-29 18:01:47 [INFO]  Completed Task [166/200]: Config Config_B_LR0.05_Ep15_W7_Bg1e-6 | Basin hysets_08083230 (Records: 7)
2026-07-29 18:01:50 [INFO]  Completed Task [167/200]: Config Config_B_LR0.05_Ep15_W7_Bg1e-6 | Basin hysets_08EC013 (Records: 7)
2026-07-29 18:01:52 [INFO]  Completed Task [168/200]: Config Config_B_LR0.05_Ep15_W7_Bg1e-6 | Basin hysets_09489500 (Records: 7)
2026-07-29 18:01:54 [INFO]  Completed Task [169/200]: Config Config_B_LR0.05_Ep15_W7_Bg1e-6 | Basin hysets_09246200 (Records: 7)
2026-07-29 18:01:55 [INFO]  Completed Task [170/200]: Config Config_B_LR0.05_Ep15_W7_Bg1e-6 | Basin hysets_09349800 (Records: 7)
2026-07-29 18:01:57 [INFO]  Completed Task [171/200]: Config Config_B_LR0.05_Ep15_W7_Bg1e-6 | Basin hysets_08GE002 (Records: 7)
2026-07-29 18:01:57 [INFO]  Completed Task [172/200]: Config Config_B_LR0.05_Ep15_W7_Bg1e-6 | Basin hysets_09482000 (Records: 7)
2026-07-29 18:01:58 [INFO]  Completed Task [173/200]: Config Config_B_LR0.05_Ep15_W7_Bg1e-6 | Basin hysets_09499000 (Records: 7)
2026-07-29 18:01:59 [INFO]  Completed Task [174/200]: Config Config_B_LR0.05_Ep15_W7_Bg1e-6 | Basin hysets_10258500 (Records: 7)
2026-07-29 18:02:02 [INFO]  Completed Task [175/200]: Config Config_B_LR0.05_Ep15_W7_Bg1e-6 | Basin hysets_11044350 (Records: 7)
2026-07-29 18:02:04 [INFO]  Completed Task [176/200]: Config Config_B_LR0.05_Ep15_W7_Bg1e-6 | Basin hysets_11098000 (Records: 7)
2026-07-29 18:02:04 [INFO]  Completed Task [177/200]: Config Config_B_LR0.05_Ep15_W7_Bg1e-6 | Basin hysets_11046300 (Records: 7)
2026-07-29 18:02:04 [INFO]  Completed Task [178/200]: Config Config_B_LR0.05_Ep15_W7_Bg1e-6 | Basin hysets_11113000 (Records: 7)
2026-07-29 18:02:04 [INFO]  Completed Task [179/200]: Config Config_B_LR0.05_Ep15_W7_Bg1e-6 | Basin hysets_11203580 (Records: 7)
2026-07-29 18:02:05 [INFO]  Completed Task [180/200]: Config Config_B_LR0.05_Ep15_W7_Bg1e-6 | Basin hysets_11075720 (Records: 7)
2026-07-29 18:02:06 [INFO]  Completed Task [181/200]: Config Config_B_LR0.05_Ep15_W7_Bg1e-6 | Basin hysets_11140585 (Records: 7)
2026-07-29 18:02:09 [INFO]  Completed Task [182/200]: Config Config_B_LR0.05_Ep15_W7_Bg1e-6 | Basin hysets_11451100 (Records: 7)
2026-07-29 18:02:10 [INFO]  Completed Task [183/200]: Config Config_B_LR0.05_Ep15_W7_Bg1e-6 | Basin hysets_11123000 (Records: 7)
2026-07-29 18:02:10 [INFO]  Completed Task [184/200]: Config Config_B_LR0.05_Ep15_W7_Bg1e-6 | Basin hysets_11466320 (Records: 7)
2026-07-29 18:02:13 [INFO]  Completed Task [185/200]: Config Config_B_LR0.05_Ep15_W7_Bg1e-6 | Basin hysets_11480410 (Records: 7)
2026-07-29 18:02:13 [INFO]  Completed Task [186/200]: Config Config_B_LR0.05_Ep15_W7_Bg1e-6 | Basin hysets_13018300 (Records: 7)
2026-07-29 18:02:15 [INFO]  Completed Task [187/200]: Config Config_B_LR0.05_Ep15_W7_Bg1e-6 | Basin hysets_13317000 (Records: 7)
2026-07-29 18:02:16 [INFO]  Completed Task [188/200]: Config Config_B_LR0.05_Ep15_W7_Bg1e-6 | Basin hysets_14231000 (Records: 7)
2026-07-29 18:02:16 [INFO]  Completed Task [189/200]: Config Config_B_LR0.05_Ep15_W7_Bg1e-6 | Basin il_23103 (Records: 7)
2026-07-29 18:02:17 [INFO]  Completed Task [190/200]: Config Config_B_LR0.05_Ep15_W7_Bg1e-6 | Basin lamah_144 (Records: 7)
2026-07-29 18:02:20 [INFO]  Completed Task [191/200]: Config Config_B_LR0.05_Ep15_W7_Bg1e-6 | Basin lamah_204057 (Records: 7)
2026-07-29 18:02:22 [INFO]  Completed Task [192/200]: Config Config_B_LR0.05_Ep15_W7_Bg1e-6 | Basin lamah_205377 (Records: 7)
2026-07-29 18:02:48 [INFO]  Completed Task [193/200]: Config Config_B_LR0.05_Ep15_W7_Bg1e-6 | Basin lamah_206078 (Records: 7)
2026-07-29 18:02:53 [INFO]  Completed Task [194/200]: Config Config_B_LR0.05_Ep15_W7_Bg1e-6 | Basin lamah_212126 (Records: 7)
2026-07-29 18:02:53 [INFO]  Completed Task [195/200]: Config Config_B_LR0.05_Ep15_W7_Bg1e-6 | Basin lamah_210484 (Records: 7)
2026-07-29 18:02:53 [INFO]  Completed Task [196/200]: Config Config_B_LR0.05_Ep15_W7_Bg1e-6 | Basin lamah_207852 (Records: 7)
2026-07-29 18:02:54 [INFO]  Completed Task [197/200]: Config Config_B_LR0.05_Ep15_W7_Bg1e-6 | Basin lamah_3341 (Records: 7)
2026-07-29 18:02:54 [INFO]  Completed Task [198/200]: Config Config_B_LR0.05_Ep15_W7_Bg1e-6 | Basin lamah_213454 (Records: 7)
2026-07-29 18:02:54 [INFO]  Completed Task [199/200]: Config Config_B_LR0.05_Ep15_W7_Bg1e-6 | Basin lamah_213926 (Records: 7)
2026-07-29 18:02:55 [INFO]  Completed Task [200/200]: Config Config_B_LR0.05_Ep15_W7_Bg1e-6 | Basin lamah_76184 (Records: 7)
2026-07-29 18:03:00 [INFO] 
Saved detailed metrics CSV: /usr/local/google/home/kruparell/flood-forecasting/tutorial/notebooks/large_scale_param_selection_results/detailed_basin_parameter_eval.csv
2026-07-29 18:03:00 [INFO] Saved timeseries predictions CSV for hydrograph plotting: /usr/local/google/home/kruparell/flood-forecasting/tutorial/notebooks/large_scale_param_selection_results/timeseries_forecasts_and_obs.csv
2026-07-29 18:03:00 [INFO] 
======================================================================
2026-07-29 18:03:00 [INFO]  AGGREGATE PARAMETER SELECTION & RANKING SUMMARY                      
2026-07-29 18:03:00 [INFO] ======================================================================
2026-07-29 18:03:00 [INFO] 
--- Mean Metrics by Config ID and Lead Time ---
2026-07-29 18:03:00 [INFO] 
                     Config ID  Lead Time (Days)      Base NSE        DA NSE    NSE Delta  Base KGE    DA KGE  KGE Delta
Config_B_LR0.05_Ep15_W7_Bg1e-6                 1 -1.076156e+14 -1.001944e+14 7.421214e+12 -0.414537  0.018673   0.247894
Config_B_LR0.05_Ep15_W7_Bg1e-6                 2 -4.941093e+13 -4.941093e+13 1.315692e+02 -0.467530 -0.106365   0.209593
Config_B_LR0.05_Ep15_W7_Bg1e-6                 3 -4.915087e+13 -4.915087e+13 1.552811e+02 -0.539061 -0.187220   0.148731
Config_B_LR0.05_Ep15_W7_Bg1e-6                 4 -1.766293e+02 -2.333217e+01 1.532972e+02 -0.540823 -0.225176   0.218741
Config_B_LR0.05_Ep15_W7_Bg1e-6                 5 -1.739955e+02 -2.282143e+01 1.511741e+02 -0.571689 -0.274663   0.330589
Config_B_LR0.05_Ep15_W7_Bg1e-6                 6 -1.365302e+12 -1.365302e+12 1.461589e+02 -0.554204 -0.294308   0.294157
Config_B_LR0.05_Ep15_W7_Bg1e-6                 7 -1.351080e+12 -1.351080e+12 1.471088e+02 -1.620339 -0.290128   0.233952
2026-07-29 18:03:00 [INFO] 
--- Overall Parameter Config Rankings (Ranked by Average DA NSE) ---
2026-07-29 18:03:00 [INFO] 
                     Config ID      Base NSE        DA NSE    NSE Delta  Base KGE   DA KGE  KGE Delta
Config_B_LR0.05_Ep15_W7_Bg1e-6 -2.984197e+13 -2.878179e+13 1.060173e+12 -0.672598 -0.19417   0.240522
2026-07-29 18:03:00 [INFO] 
--- Best Performing Parameter Config for EACH Lead Time (1..7 Days) ---
2026-07-29 18:03:00 [INFO] 
 Lead Time (Days)                 Best Config ID   Mean DA NSE  Mean NSE Delta  Mean DA KGE  Mean KGE Delta
                1 Config_B_LR0.05_Ep15_W7_Bg1e-6 -1.001944e+14    7.421214e+12        0.019           0.248
                2 Config_B_LR0.05_Ep15_W7_Bg1e-6 -4.941093e+13    1.315690e+02       -0.106           0.210
                3 Config_B_LR0.05_Ep15_W7_Bg1e-6 -4.915087e+13    1.552810e+02       -0.187           0.149
                4 Config_B_LR0.05_Ep15_W7_Bg1e-6 -2.333200e+01    1.532970e+02       -0.225           0.219
                5 Config_B_LR0.05_Ep15_W7_Bg1e-6 -2.282100e+01    1.511740e+02       -0.275           0.331
                6 Config_B_LR0.05_Ep15_W7_Bg1e-6 -1.365302e+12    1.461590e+02       -0.294           0.294
                7 Config_B_LR0.05_Ep15_W7_Bg1e-6 -1.351080e+12    1.471090e+02       -0.290           0.234
2026-07-29 18:03:00 [INFO] 
======================================================================
2026-07-29 18:03:00 [INFO] Pipeline completed successfully!
2026-07-29 18:03:00 [INFO] All summary reports saved in: /usr/local/google/home/kruparell/flood-forecasting/tutorial/notebooks/large_scale_param_selection_results
2026-07-29 18:03:00 [INFO] ======================================================================

2026-07-31 13:07:20 [INFO] ======================================================================
2026-07-31 13:07:20 [INFO]  Large-Scale DA Parameter Selection Pipeline (Parallel & Sharded)    
2026-07-31 13:07:20 [INFO] ======================================================================
2026-07-31 13:07:20 [INFO] Hardware Compute Device: cpu
2026-07-31 13:07:20 [INFO] Parallel Worker Processes: 4
2026-07-31 13:07:20 [INFO] Borg Task Sharding: Shard 1 of 1
2026-07-31 13:07:20 [INFO] Full Caravans Path: /usr/local/google/home/kruparell/Caravans_V2
2026-07-31 13:07:20 [INFO] Basin List Path: /usr/local/google/home/kruparell/flood-forecasting/tutorial/basin-lists/CaravansV2_basin_valid_intervals.csv
2026-07-31 13:07:20 [INFO] Evaluation Date Range: 2017-01-01 to 2017-01-15
2026-07-31 13:07:20 [INFO] Target Lead Times: [1, 2, 3, 4, 5, 6, 7]
2026-07-31 13:07:20 [INFO] Log File Location: /usr/local/google/home/kruparell/flood-forecasting/tutorial/notebooks/large_scale_param_selection_results/large_scale_param_selection.log
2026-07-31 13:07:20 [INFO] Total sampled basins: 200. Assigned to this shard (0): 200 basins.
2026-07-31 13:07:20 [INFO] Testing 16 Parameter Sets: ['Config_1_LR0.1_Ep5_W7_Bg1e-06_c_keys', 'Config_2_LR0.1_Ep5_W7_Bg1e-06_c_keys', 'Config_3_LR0.1_Ep5_W7_Bg1e-08_c_keys', 'Config_4_LR0.1_Ep5_W7_Bg1e-08_c_keys', 'Config_5_LR0.1_Ep15_W7_Bg1e-06_c_keys', 'Config_6_LR0.1_Ep15_W7_Bg1e-06_c_keys', 'Config_7_LR0.1_Ep15_W7_Bg1e-08_c_keys', 'Config_8_LR0.1_Ep15_W7_Bg1e-08_c_keys', 'Config_9_LR0.01_Ep5_W7_Bg1e-06_c_keys', 'Config_10_LR0.01_Ep5_W7_Bg1e-06_c_keys', 'Config_11_LR0.01_Ep5_W7_Bg1e-08_c_keys', 'Config_12_LR0.01_Ep5_W7_Bg1e-08_c_keys', 'Config_13_LR0.01_Ep15_W7_Bg1e-06_c_keys', 'Config_14_LR0.01_Ep15_W7_Bg1e-06_c_keys', 'Config_15_LR0.01_Ep15_W7_Bg1e-08_c_keys', 'Config_16_LR0.01_Ep15_W7_Bg1e-08_c_keys']

2026-07-31 13:07:22 [INFO] Generated 15 issue dates: ['2017-01-01', '2017-01-02', '2017-01-03'] ... ['2017-01-15']
2026-07-31 13:07:22 [INFO] Total task units to execute: 3200 across 4 worker processes.

2026-07-31 13:07:22 [INFO] Launching ProcessPoolExecutor with 4 parallel workers...
2026-07-31 13:07:50 [INFO]  Completed Task [1/3200]: Config Config_1_LR0.1_Ep5_W7_Bg1e-06_c_keys | Basin GRDC_1160403 (Records: 7)
2026-07-31 13:07:50 [INFO]  Completed Task [2/3200]: Config Config_1_LR0.1_Ep5_W7_Bg1e-06_c_keys | Basin GRDC_1258355 (Records: 7)
2026-07-31 13:07:50 [INFO]  Completed Task [3/3200]: Config Config_1_LR0.1_Ep5_W7_Bg1e-06_c_keys | Basin GRDC_1197555 (Records: 7)
2026-07-31 13:07:51 [INFO]  Completed Task [4/3200]: Config Config_1_LR0.1_Ep5_W7_Bg1e-06_c_keys | Basin GRDC_3265100 (Records: 7)
2026-07-31 13:08:10 [INFO]  Completed Task [5/3200]: Config Config_1_LR0.1_Ep5_W7_Bg1e-06_c_keys | Basin GRDC_3630600 (Records: 7)
2026-07-31 13:08:10 [INFO]  Completed Task [6/3200]: Config Config_1_LR0.1_Ep5_W7_Bg1e-06_c_keys | Basin GRDC_3649450 (Records: 7)
2026-07-31 13:08:11 [INFO]  Completed Task [7/3200]: Config Config_1_LR0.1_Ep5_W7_Bg1e-06_c_keys | Basin GRDC_3650470 (Records: 7)
2026-07-31 13:08:11 [INFO]  Completed Task [8/3200]: Config Config_1_LR0.1_Ep5_W7_Bg1e-06_c_keys | Basin GRDC_3650526 (Records: 7)
2026-07-31 13:08:30 [INFO]  Completed Task [9/3200]: Config Config_1_LR0.1_Ep5_W7_Bg1e-06_c_keys | Basin GRDC_3650640 (Records: 7)
2026-07-31 13:08:32 [INFO]  Completed Task [10/3200]: Config Config_1_LR0.1_Ep5_W7_Bg1e-06_c_keys | Basin GRDC_3651520 (Records: 7)
2026-07-31 13:08:32 [INFO]  Completed Task [11/3200]: Config Config_1_LR0.1_Ep5_W7_Bg1e-06_c_keys | Basin GRDC_4115281 (Records: 7)
2026-07-31 13:08:32 [INFO]  Completed Task [12/3200]: Config Config_1_LR0.1_Ep5_W7_Bg1e-06_c_keys | Basin GRDC_4115203 (Records: 7)
2026-07-31 13:08:51 [INFO]  Completed Task [13/3200]: Config Config_1_LR0.1_Ep5_W7_Bg1e-06_c_keys | Basin GRDC_4115332 (Records: 7)
2026-07-31 13:09:14 [INFO] ======================================================================
2026-07-31 13:09:14 [INFO]  Large-Scale DA Parameter Selection Pipeline (Parallel & Sharded)    
2026-07-31 13:09:14 [INFO] ======================================================================
2026-07-31 13:09:14 [INFO] Hardware Compute Device: cpu
2026-07-31 13:09:14 [INFO] Parallel Worker Processes: 4
2026-07-31 13:09:14 [INFO] Borg Task Sharding: Shard 1 of 1
2026-07-31 13:09:14 [INFO] Full Caravans Path: /usr/local/google/home/kruparell/Caravans_V2
2026-07-31 13:09:14 [INFO] Basin List Path: /usr/local/google/home/kruparell/flood-forecasting/tutorial/basin-lists/CaravansV2_basin_valid_intervals.csv
2026-07-31 13:09:14 [INFO] Evaluation Date Range: 2017-01-01 to 2017-01-15
2026-07-31 13:09:14 [INFO] Target Lead Times: [1, 2, 3, 4, 5, 6, 7]
2026-07-31 13:09:14 [INFO] Log File Location: /usr/local/google/home/kruparell/flood-forecasting/tutorial/notebooks/large_scale_param_selection_results/large_scale_param_selection.log
2026-07-31 13:09:14 [INFO] Total sampled basins: 2. Assigned to this shard (0): 2 basins.
2026-07-31 13:09:14 [INFO] Testing 16 Parameter Sets: ['Config_1_LR0.1_Ep5_W7_Bg1e-06_c_keys', 'Config_2_LR0.1_Ep5_W7_Bg1e-06_c_keys', 'Config_3_LR0.1_Ep5_W7_Bg1e-08_c_keys', 'Config_4_LR0.1_Ep5_W7_Bg1e-08_c_keys', 'Config_5_LR0.1_Ep15_W7_Bg1e-06_c_keys', 'Config_6_LR0.1_Ep15_W7_Bg1e-06_c_keys', 'Config_7_LR0.1_Ep15_W7_Bg1e-08_c_keys', 'Config_8_LR0.1_Ep15_W7_Bg1e-08_c_keys', 'Config_9_LR0.01_Ep5_W7_Bg1e-06_c_keys', 'Config_10_LR0.01_Ep5_W7_Bg1e-06_c_keys', 'Config_11_LR0.01_Ep5_W7_Bg1e-08_c_keys', 'Config_12_LR0.01_Ep5_W7_Bg1e-08_c_keys', 'Config_13_LR0.01_Ep15_W7_Bg1e-06_c_keys', 'Config_14_LR0.01_Ep15_W7_Bg1e-06_c_keys', 'Config_15_LR0.01_Ep15_W7_Bg1e-08_c_keys', 'Config_16_LR0.01_Ep15_W7_Bg1e-08_c_keys']

2026-07-31 13:09:15 [INFO] Generated 15 issue dates: ['2017-01-01', '2017-01-02', '2017-01-03'] ... ['2017-01-15']
2026-07-31 13:09:15 [INFO] Total task units to execute: 32 across 4 worker processes.

2026-07-31 13:09:15 [INFO] Launching ProcessPoolExecutor with 4 parallel workers...
2026-07-31 13:09:44 [INFO]  Completed Task [1/32]: Config Config_1_LR0.1_Ep5_W7_Bg1e-06_c_keys | Basin GRDC_4133750 (Records: 7)
2026-07-31 13:09:44 [INFO]  Completed Task [2/32]: Config Config_2_LR0.1_Ep5_W7_Bg1e-06_c_keys | Basin GRDC_4133750 (Records: 7)
2026-07-31 13:09:45 [INFO]  Completed Task [3/32]: Config Config_1_LR0.1_Ep5_W7_Bg1e-06_c_keys | Basin GRDC_4208025 (Records: 7)
2026-07-31 13:09:45 [INFO]  Completed Task [4/32]: Config Config_2_LR0.1_Ep5_W7_Bg1e-06_c_keys | Basin GRDC_4208025 (Records: 7)
2026-07-31 13:10:05 [INFO]  Completed Task [5/32]: Config Config_3_LR0.1_Ep5_W7_Bg1e-08_c_keys | Basin GRDC_4133750 (Records: 7)
2026-07-31 13:10:05 [INFO]  Completed Task [6/32]: Config Config_4_LR0.1_Ep5_W7_Bg1e-08_c_keys | Basin GRDC_4133750 (Records: 7)
2026-07-31 13:10:05 [INFO]  Completed Task [7/32]: Config Config_3_LR0.1_Ep5_W7_Bg1e-08_c_keys | Basin GRDC_4208025 (Records: 7)
2026-07-31 13:10:06 [INFO]  Completed Task [8/32]: Config Config_4_LR0.1_Ep5_W7_Bg1e-08_c_keys | Basin GRDC_4208025 (Records: 7)
2026-07-31 13:10:29 [INFO]  Completed Task [9/32]: Config Config_5_LR0.1_Ep15_W7_Bg1e-06_c_keys | Basin GRDC_4133750 (Records: 7)
2026-07-31 13:10:30 [INFO]  Completed Task [10/32]: Config Config_6_LR0.1_Ep15_W7_Bg1e-06_c_keys | Basin GRDC_4133750 (Records: 7)
2026-07-31 13:10:30 [INFO]  Completed Task [11/32]: Config Config_6_LR0.1_Ep15_W7_Bg1e-06_c_keys | Basin GRDC_4208025 (Records: 7)
2026-07-31 13:10:30 [INFO]  Completed Task [12/32]: Config Config_5_LR0.1_Ep15_W7_Bg1e-06_c_keys | Basin GRDC_4208025 (Records: 7)
2026-07-31 13:10:53 [INFO]  Completed Task [13/32]: Config Config_7_LR0.1_Ep15_W7_Bg1e-08_c_keys | Basin GRDC_4133750 (Records: 7)
2026-07-31 13:10:54 [INFO]  Completed Task [14/32]: Config Config_8_LR0.1_Ep15_W7_Bg1e-08_c_keys | Basin GRDC_4133750 (Records: 7)
2026-07-31 13:10:54 [INFO]  Completed Task [15/32]: Config Config_7_LR0.1_Ep15_W7_Bg1e-08_c_keys | Basin GRDC_4208025 (Records: 7)
2026-07-31 13:10:54 [INFO]  Completed Task [16/32]: Config Config_8_LR0.1_Ep15_W7_Bg1e-08_c_keys | Basin GRDC_4208025 (Records: 7)
2026-07-31 13:11:13 [INFO]  Completed Task [17/32]: Config Config_9_LR0.01_Ep5_W7_Bg1e-06_c_keys | Basin GRDC_4208025 (Records: 7)
2026-07-31 13:11:14 [INFO]  Completed Task [18/32]: Config Config_9_LR0.01_Ep5_W7_Bg1e-06_c_keys | Basin GRDC_4133750 (Records: 7)
2026-07-31 13:11:14 [INFO]  Completed Task [19/32]: Config Config_10_LR0.01_Ep5_W7_Bg1e-06_c_keys | Basin GRDC_4208025 (Records: 7)
2026-07-31 13:11:15 [INFO]  Completed Task [20/32]: Config Config_10_LR0.01_Ep5_W7_Bg1e-06_c_keys | Basin GRDC_4133750 (Records: 7)
2026-07-31 13:11:32 [INFO]  Completed Task [21/32]: Config Config_11_LR0.01_Ep5_W7_Bg1e-08_c_keys | Basin GRDC_4133750 (Records: 7)
2026-07-31 13:11:32 [INFO]  Completed Task [22/32]: Config Config_11_LR0.01_Ep5_W7_Bg1e-08_c_keys | Basin GRDC_4208025 (Records: 7)
2026-07-31 13:11:32 [INFO]  Completed Task [23/32]: Config Config_12_LR0.01_Ep5_W7_Bg1e-08_c_keys | Basin GRDC_4133750 (Records: 7)
2026-07-31 13:11:34 [INFO]  Completed Task [24/32]: Config Config_12_LR0.01_Ep5_W7_Bg1e-08_c_keys | Basin GRDC_4208025 (Records: 7)
2026-07-31 13:11:53 [INFO]  Completed Task [25/32]: Config Config_13_LR0.01_Ep15_W7_Bg1e-06_c_keys | Basin GRDC_4133750 (Records: 7)
2026-07-31 13:11:54 [INFO]  Completed Task [26/32]: Config Config_13_LR0.01_Ep15_W7_Bg1e-06_c_keys | Basin GRDC_4208025 (Records: 7)
2026-07-31 13:11:54 [INFO]  Completed Task [27/32]: Config Config_14_LR0.01_Ep15_W7_Bg1e-06_c_keys | Basin GRDC_4133750 (Records: 7)
2026-07-31 13:11:55 [INFO]  Completed Task [28/32]: Config Config_14_LR0.01_Ep15_W7_Bg1e-06_c_keys | Basin GRDC_4208025 (Records: 7)
2026-07-31 13:12:13 [INFO]  Completed Task [29/32]: Config Config_15_LR0.01_Ep15_W7_Bg1e-08_c_keys | Basin GRDC_4133750 (Records: 7)
2026-07-31 13:12:14 [INFO]  Completed Task [30/32]: Config Config_16_LR0.01_Ep15_W7_Bg1e-08_c_keys | Basin GRDC_4133750 (Records: 7)
2026-07-31 13:12:14 [INFO]  Completed Task [31/32]: Config Config_15_LR0.01_Ep15_W7_Bg1e-08_c_keys | Basin GRDC_4208025 (Records: 7)
2026-07-31 13:12:15 [INFO]  Completed Task [32/32]: Config Config_16_LR0.01_Ep15_W7_Bg1e-08_c_keys | Basin GRDC_4208025 (Records: 7)
2026-07-31 13:12:17 [INFO] 
Saved detailed metrics CSV: /usr/local/google/home/kruparell/flood-forecasting/tutorial/notebooks/large_scale_param_selection_results/detailed_basin_parameter_eval.csv
2026-07-31 13:12:17 [INFO] Saved timeseries predictions CSV for hydrograph plotting: /usr/local/google/home/kruparell/flood-forecasting/tutorial/notebooks/large_scale_param_selection_results/timeseries_forecasts_and_obs.csv
2026-07-31 13:12:17 [INFO] 
======================================================================
2026-07-31 13:12:17 [INFO]  AGGREGATE PARAMETER SELECTION & RANKING SUMMARY                      
2026-07-31 13:12:17 [INFO] ======================================================================
2026-07-31 13:12:17 [INFO] 
--- Mean Metrics by Config ID and Lead Time ---
2026-07-31 13:12:17 [INFO] 
                              Config ID  Lead Time (Days)  Base NSE    DA NSE  NSE Delta  Base KGE  DA KGE  KGE Delta
 Config_10_LR0.01_Ep5_W7_Bg1e-06_c_keys                 1 -172.5540  -79.3425    93.2120    0.4040  0.4770     0.0735
 Config_10_LR0.01_Ep5_W7_Bg1e-06_c_keys                 2 -153.1790  -74.7170    78.4620    0.3470  0.4285     0.0815
 Config_10_LR0.01_Ep5_W7_Bg1e-06_c_keys                 3 -145.5005  -73.2810    72.2190    0.3155  0.3830     0.0675
 Config_10_LR0.01_Ep5_W7_Bg1e-06_c_keys                 4 -150.6000  -75.7480    74.8520    0.2865  0.3015     0.0145
 Config_10_LR0.01_Ep5_W7_Bg1e-06_c_keys                 5 -145.4695  -77.7530    67.7165    0.2510  0.2760     0.0250
 Config_10_LR0.01_Ep5_W7_Bg1e-06_c_keys                 6 -154.7440  -84.1230    70.6205    0.2635  0.2685     0.0045
 Config_10_LR0.01_Ep5_W7_Bg1e-06_c_keys                 7 -170.1435  -95.5230    74.6205    0.2815  0.2855     0.0040
 Config_11_LR0.01_Ep5_W7_Bg1e-08_c_keys                 1 -172.5540 -156.1820    16.3725    0.4040  0.3760    -0.0275
 Config_11_LR0.01_Ep5_W7_Bg1e-08_c_keys                 2 -153.1790 -140.8010    12.3780    0.3470  0.3195    -0.0275
 Config_11_LR0.01_Ep5_W7_Bg1e-08_c_keys                 3 -145.5005 -133.2720    12.2290    0.3155  0.2810    -0.0350
 Config_11_LR0.01_Ep5_W7_Bg1e-08_c_keys                 4 -150.6000 -134.7735    15.8265    0.2865  0.2870     0.0000
 Config_11_LR0.01_Ep5_W7_Bg1e-08_c_keys                 5 -145.4695 -131.7465    13.7230    0.2510  0.1985    -0.0515
 Config_11_LR0.01_Ep5_W7_Bg1e-08_c_keys                 6 -154.7440 -139.4780    15.2660    0.2635  0.2095    -0.0545
 Config_11_LR0.01_Ep5_W7_Bg1e-08_c_keys                 7 -170.1435 -153.8640    16.2800    0.2815  0.2155    -0.0660
 Config_12_LR0.01_Ep5_W7_Bg1e-08_c_keys                 1 -172.5540  -79.3425    93.2120    0.4040  0.4770     0.0735
 Config_12_LR0.01_Ep5_W7_Bg1e-08_c_keys                 2 -153.1790  -74.7170    78.4620    0.3470  0.4285     0.0815
 Config_12_LR0.01_Ep5_W7_Bg1e-08_c_keys                 3 -145.5005  -73.2810    72.2190    0.3155  0.3830     0.0675
 Config_12_LR0.01_Ep5_W7_Bg1e-08_c_keys                 4 -150.6000  -75.7480    74.8520    0.2865  0.3015     0.0145
 Config_12_LR0.01_Ep5_W7_Bg1e-08_c_keys                 5 -145.4695  -77.7530    67.7165    0.2510  0.2760     0.0250
 Config_12_LR0.01_Ep5_W7_Bg1e-08_c_keys                 6 -154.7440  -84.1230    70.6205    0.2635  0.2685     0.0045
 Config_12_LR0.01_Ep5_W7_Bg1e-08_c_keys                 7 -170.1435  -95.5230    74.6205    0.2815  0.2855     0.0040
Config_13_LR0.01_Ep15_W7_Bg1e-06_c_keys                 1 -172.5540 -132.1745    40.3800    0.4040  0.4195     0.0160
Config_13_LR0.01_Ep15_W7_Bg1e-06_c_keys                 2 -153.1790 -121.0460    32.1330    0.3470  0.3705     0.0235
Config_13_LR0.01_Ep15_W7_Bg1e-06_c_keys                 3 -145.5005 -114.9035    30.5975    0.3155  0.3210     0.0055
Config_13_LR0.01_Ep15_W7_Bg1e-06_c_keys                 4 -150.6000 -113.2160    37.3840    0.2865  0.2380    -0.0495
Config_13_LR0.01_Ep15_W7_Bg1e-06_c_keys                 5 -145.4695 -113.4320    32.0375    0.2510  0.2075    -0.0435
Config_13_LR0.01_Ep15_W7_Bg1e-06_c_keys                 6 -154.7440 -119.8380    34.9060    0.2635  0.1985    -0.0660
Config_13_LR0.01_Ep15_W7_Bg1e-06_c_keys                 7 -170.1435 -133.0575    37.0860    0.2815  0.2140    -0.0675
Config_14_LR0.01_Ep15_W7_Bg1e-06_c_keys                 1 -172.5540   -3.0340   169.5200    0.4040  0.5450     0.1410
Config_14_LR0.01_Ep15_W7_Bg1e-06_c_keys                 2 -153.1790   -5.8285   147.3505    0.3470  0.5275     0.1805
Config_14_LR0.01_Ep15_W7_Bg1e-06_c_keys                 3 -145.5005   -8.0950   137.4055    0.3155  0.4500     0.1340
Config_14_LR0.01_Ep15_W7_Bg1e-06_c_keys                 4 -150.6000   -8.6425   141.9575    0.2865  0.3875     0.1010
Config_14_LR0.01_Ep15_W7_Bg1e-06_c_keys                 5 -145.4695  -10.4640   135.0055    0.2510  0.3660     0.1150
Config_14_LR0.01_Ep15_W7_Bg1e-06_c_keys                 6 -154.7440  -12.0295   142.7140    0.2635  0.3805     0.1165
Config_14_LR0.01_Ep15_W7_Bg1e-06_c_keys                 7 -170.1435  -15.0790   155.0645    0.2815  0.4205     0.1390
Config_15_LR0.01_Ep15_W7_Bg1e-08_c_keys                 1 -172.5540 -132.1745    40.3800    0.4040  0.4195     0.0160
Config_15_LR0.01_Ep15_W7_Bg1e-08_c_keys                 2 -153.1790 -121.0460    32.1330    0.3470  0.3705     0.0235
Config_15_LR0.01_Ep15_W7_Bg1e-08_c_keys                 3 -145.5005 -114.9035    30.5975    0.3155  0.3210     0.0055
Config_15_LR0.01_Ep15_W7_Bg1e-08_c_keys                 4 -150.6000 -113.2160    37.3840    0.2865  0.2380    -0.0495
Config_15_LR0.01_Ep15_W7_Bg1e-08_c_keys                 5 -145.4695 -113.4320    32.0375    0.2510  0.2075    -0.0435
Config_15_LR0.01_Ep15_W7_Bg1e-08_c_keys                 6 -154.7440 -119.8380    34.9060    0.2635  0.1985    -0.0660
Config_15_LR0.01_Ep15_W7_Bg1e-08_c_keys                 7 -170.1435 -133.0575    37.0860    0.2815  0.2140    -0.0675
Config_16_LR0.01_Ep15_W7_Bg1e-08_c_keys                 1 -172.5540   -3.0340   169.5200    0.4040  0.5450     0.1410
Config_16_LR0.01_Ep15_W7_Bg1e-08_c_keys                 2 -153.1790   -5.8285   147.3505    0.3470  0.5275     0.1805
Config_16_LR0.01_Ep15_W7_Bg1e-08_c_keys                 3 -145.5005   -8.0950   137.4055    0.3155  0.4500     0.1340
Config_16_LR0.01_Ep15_W7_Bg1e-08_c_keys                 4 -150.6000   -8.6425   141.9575    0.2865  0.3875     0.1010
Config_16_LR0.01_Ep15_W7_Bg1e-08_c_keys                 5 -145.4695  -10.4640   135.0055    0.2510  0.3660     0.1150
Config_16_LR0.01_Ep15_W7_Bg1e-08_c_keys                 6 -154.7440  -12.0295   142.7140    0.2635  0.3805     0.1165
Config_16_LR0.01_Ep15_W7_Bg1e-08_c_keys                 7 -170.1435  -15.0790   155.0645    0.2815  0.4205     0.1390
   Config_1_LR0.1_Ep5_W7_Bg1e-06_c_keys                 1 -172.5540  -49.7090   122.8450    0.4040  0.5680     0.1640
   Config_1_LR0.1_Ep5_W7_Bg1e-06_c_keys                 2 -153.1790  -52.8635   100.3155    0.3470  0.5220     0.1750
   Config_1_LR0.1_Ep5_W7_Bg1e-06_c_keys                 3 -145.5005  -54.3980    91.1020    0.3155  0.4600     0.1445
   Config_1_LR0.1_Ep5_W7_Bg1e-06_c_keys                 4 -150.6000  -55.8660    94.7340    0.2865  0.3580     0.0715
   Config_1_LR0.1_Ep5_W7_Bg1e-06_c_keys                 5 -145.4695  -54.3880    91.0815    0.2510  0.3160     0.0655
   Config_1_LR0.1_Ep5_W7_Bg1e-06_c_keys                 6 -154.7440  -57.4525    97.2910    0.2635  0.3035     0.0400
   Config_1_LR0.1_Ep5_W7_Bg1e-06_c_keys                 7 -170.1435  -63.9575   106.1865    0.2815  0.3015     0.0200
   Config_2_LR0.1_Ep5_W7_Bg1e-06_c_keys                 1 -172.5540   -1.3225   171.2315    0.4040  0.1885    -0.2150
   Config_2_LR0.1_Ep5_W7_Bg1e-06_c_keys                 2 -153.1790    0.0245   153.2035    0.3470  0.2935    -0.0540
   Config_2_LR0.1_Ep5_W7_Bg1e-06_c_keys                 3 -145.5005   -0.0795   145.4210    0.3155  0.2900    -0.0260
   Config_2_LR0.1_Ep5_W7_Bg1e-06_c_keys                 4 -150.6000   -0.3290   150.2710    0.2865  0.2340    -0.0525
   Config_2_LR0.1_Ep5_W7_Bg1e-06_c_keys                 5 -145.4695   -0.9280   144.5415    0.2510  0.2470    -0.0035
   Config_2_LR0.1_Ep5_W7_Bg1e-06_c_keys                 6 -154.7440   -1.6820   153.0615    0.2635  0.2710     0.0070
   Config_2_LR0.1_Ep5_W7_Bg1e-06_c_keys                 7 -170.1435   -2.8985   167.2450    0.2815  0.2850     0.0035
   Config_3_LR0.1_Ep5_W7_Bg1e-08_c_keys                 1 -172.5540  -49.7090   122.8450    0.4040  0.5680     0.1640
   Config_3_LR0.1_Ep5_W7_Bg1e-08_c_keys                 2 -153.1790  -52.8635   100.3155    0.3470  0.5220     0.1750
   Config_3_LR0.1_Ep5_W7_Bg1e-08_c_keys                 3 -145.5005  -54.3980    91.1020    0.3155  0.4600     0.1445
   Config_3_LR0.1_Ep5_W7_Bg1e-08_c_keys                 4 -150.6000  -55.8660    94.7340    0.2865  0.3580     0.0715
   Config_3_LR0.1_Ep5_W7_Bg1e-08_c_keys                 5 -145.4695  -54.3880    91.0815    0.2510  0.3160     0.0655
   Config_3_LR0.1_Ep5_W7_Bg1e-08_c_keys                 6 -154.7440  -57.4525    97.2910    0.2635  0.3035     0.0400
   Config_3_LR0.1_Ep5_W7_Bg1e-08_c_keys                 7 -170.1435  -63.9575   106.1865    0.2815  0.3015     0.0200
   Config_4_LR0.1_Ep5_W7_Bg1e-08_c_keys                 1 -172.5540   -1.3225   171.2315    0.4040  0.1885    -0.2150
   Config_4_LR0.1_Ep5_W7_Bg1e-08_c_keys                 2 -153.1790    0.0245   153.2035    0.3470  0.2935    -0.0540
   Config_4_LR0.1_Ep5_W7_Bg1e-08_c_keys                 3 -145.5005   -0.0795   145.4210    0.3155  0.2900    -0.0260
   Config_4_LR0.1_Ep5_W7_Bg1e-08_c_keys                 4 -150.6000   -0.3290   150.2710    0.2865  0.2340    -0.0525
   Config_4_LR0.1_Ep5_W7_Bg1e-08_c_keys                 5 -145.4695   -0.9280   144.5415    0.2510  0.2470    -0.0035
   Config_4_LR0.1_Ep5_W7_Bg1e-08_c_keys                 6 -154.7440   -1.6820   153.0615    0.2635  0.2710     0.0070
   Config_4_LR0.1_Ep5_W7_Bg1e-08_c_keys                 7 -170.1435   -2.8985   167.2450    0.2815  0.2850     0.0035
  Config_5_LR0.1_Ep15_W7_Bg1e-06_c_keys                 1 -172.5540   -1.1680   171.3860    0.4040  0.4455     0.0410
  Config_5_LR0.1_Ep15_W7_Bg1e-06_c_keys                 2 -153.1790    0.2950   153.4740    0.3470  0.4455     0.0985
  Config_5_LR0.1_Ep15_W7_Bg1e-06_c_keys                 3 -145.5005   -0.9655   144.5350    0.3155  0.4170     0.1015
  Config_5_LR0.1_Ep15_W7_Bg1e-06_c_keys                 4 -150.6000   -1.8120   148.7875    0.2865  0.3410     0.0540
  Config_5_LR0.1_Ep15_W7_Bg1e-06_c_keys                 5 -145.4695   -1.5715   143.8980    0.2510  0.3175     0.0665
  Config_5_LR0.1_Ep15_W7_Bg1e-06_c_keys                 6 -154.7440   -2.0290   152.7150    0.2635  0.3385     0.0750
  Config_5_LR0.1_Ep15_W7_Bg1e-06_c_keys                 7 -170.1435   -2.9865   167.1570    0.2815  0.3700     0.0885
  Config_6_LR0.1_Ep15_W7_Bg1e-06_c_keys                 1 -172.5540  -56.5555   115.9985    0.4040  0.3885    -0.0155
  Config_6_LR0.1_Ep15_W7_Bg1e-06_c_keys                 2 -153.1790  -54.7705    98.4085    0.3470  0.4050     0.0575
  Config_6_LR0.1_Ep15_W7_Bg1e-06_c_keys                 3 -145.5005  -57.2955    88.2045    0.3155  0.3950     0.0795
  Config_6_LR0.1_Ep15_W7_Bg1e-06_c_keys                 4 -150.6000  -60.8670    89.7330    0.2865  0.3055     0.0190
  Config_6_LR0.1_Ep15_W7_Bg1e-06_c_keys                 5 -145.4695  -69.6855    75.7835    0.2510  0.2725     0.0215
  Config_6_LR0.1_Ep15_W7_Bg1e-06_c_keys                 6 -154.7440  -80.3265    74.4175    0.2635  0.2885     0.0245
  Config_6_LR0.1_Ep15_W7_Bg1e-06_c_keys                 7 -170.1435  -95.9445    74.1995    0.2815  0.3320     0.0505
  Config_7_LR0.1_Ep15_W7_Bg1e-08_c_keys                 1 -172.5540   -1.1680   171.3860    0.4040  0.4455     0.0410
  Config_7_LR0.1_Ep15_W7_Bg1e-08_c_keys                 2 -153.1790    0.2950   153.4740    0.3470  0.4455     0.0985
  Config_7_LR0.1_Ep15_W7_Bg1e-08_c_keys                 3 -145.5005   -0.9655   144.5350    0.3155  0.4170     0.1015
  Config_7_LR0.1_Ep15_W7_Bg1e-08_c_keys                 4 -150.6000   -1.8120   148.7875    0.2865  0.3410     0.0540
  Config_7_LR0.1_Ep15_W7_Bg1e-08_c_keys                 5 -145.4695   -1.5715   143.8980    0.2510  0.3175     0.0665
  Config_7_LR0.1_Ep15_W7_Bg1e-08_c_keys                 6 -154.7440   -2.0290   152.7150    0.2635  0.3385     0.0750
  Config_7_LR0.1_Ep15_W7_Bg1e-08_c_keys                 7 -170.1435   -2.9865   167.1570    0.2815  0.3700     0.0885
  Config_8_LR0.1_Ep15_W7_Bg1e-08_c_keys                 1 -172.5540  -56.5555   115.9985    0.4040  0.3885    -0.0155
  Config_8_LR0.1_Ep15_W7_Bg1e-08_c_keys                 2 -153.1790  -54.7705    98.4085    0.3470  0.4050     0.0575
  Config_8_LR0.1_Ep15_W7_Bg1e-08_c_keys                 3 -145.5005  -57.2955    88.2045    0.3155  0.3950     0.0795
  Config_8_LR0.1_Ep15_W7_Bg1e-08_c_keys                 4 -150.6000  -60.8670    89.7330    0.2865  0.3055     0.0190
  Config_8_LR0.1_Ep15_W7_Bg1e-08_c_keys                 5 -145.4695  -69.6855    75.7835    0.2510  0.2725     0.0215
  Config_8_LR0.1_Ep15_W7_Bg1e-08_c_keys                 6 -154.7440  -80.3265    74.4175    0.2635  0.2885     0.0245
  Config_8_LR0.1_Ep15_W7_Bg1e-08_c_keys                 7 -170.1435  -95.9445    74.1995    0.2815  0.3320     0.0505
  Config_9_LR0.01_Ep5_W7_Bg1e-06_c_keys                 1 -172.5540 -156.1820    16.3725    0.4040  0.3760    -0.0275
  Config_9_LR0.01_Ep5_W7_Bg1e-06_c_keys                 2 -153.1790 -140.8010    12.3780    0.3470  0.3195    -0.0275
  Config_9_LR0.01_Ep5_W7_Bg1e-06_c_keys                 3 -145.5005 -133.2720    12.2290    0.3155  0.2810    -0.0350
  Config_9_LR0.01_Ep5_W7_Bg1e-06_c_keys                 4 -150.6000 -134.7735    15.8265    0.2865  0.2870     0.0000
  Config_9_LR0.01_Ep5_W7_Bg1e-06_c_keys                 5 -145.4695 -131.7465    13.7230    0.2510  0.1985    -0.0515
  Config_9_LR0.01_Ep5_W7_Bg1e-06_c_keys                 6 -154.7440 -139.4780    15.2660    0.2635  0.2095    -0.0545
  Config_9_LR0.01_Ep5_W7_Bg1e-06_c_keys                 7 -170.1435 -153.8640    16.2800    0.2815  0.2155    -0.0660
2026-07-31 13:12:17 [INFO] 
--- Overall Parameter Config Rankings (Ranked by Average DA NSE) ---
2026-07-31 13:12:17 [INFO] 
                              Config ID    Base NSE      DA NSE  NSE Delta  Base KGE   DA KGE  KGE Delta
   Config_4_LR0.1_Ep5_W7_Bg1e-08_c_keys -156.027214   -1.030714 154.996429     0.307 0.258429  -0.048643
   Config_2_LR0.1_Ep5_W7_Bg1e-06_c_keys -156.027214   -1.030714 154.996429     0.307 0.258429  -0.048643
  Config_7_LR0.1_Ep15_W7_Bg1e-08_c_keys -156.027214   -1.462500 154.564643     0.307 0.382143   0.075000
  Config_5_LR0.1_Ep15_W7_Bg1e-06_c_keys -156.027214   -1.462500 154.564643     0.307 0.382143   0.075000
Config_16_LR0.01_Ep15_W7_Bg1e-08_c_keys -156.027214   -9.024643 147.002500     0.307 0.439571   0.132429
Config_14_LR0.01_Ep15_W7_Bg1e-06_c_keys -156.027214   -9.024643 147.002500     0.307 0.439571   0.132429
   Config_1_LR0.1_Ep5_W7_Bg1e-06_c_keys -156.027214  -55.519214 100.507929     0.307 0.404143   0.097214
   Config_3_LR0.1_Ep5_W7_Bg1e-08_c_keys -156.027214  -55.519214 100.507929     0.307 0.404143   0.097214
  Config_8_LR0.1_Ep15_W7_Bg1e-08_c_keys -156.027214  -67.920714  88.106429     0.307 0.341000   0.033857
  Config_6_LR0.1_Ep15_W7_Bg1e-06_c_keys -156.027214  -67.920714  88.106429     0.307 0.341000   0.033857
 Config_10_LR0.01_Ep5_W7_Bg1e-06_c_keys -156.027214  -80.069643  75.957500     0.307 0.345714   0.038643
 Config_12_LR0.01_Ep5_W7_Bg1e-08_c_keys -156.027214  -80.069643  75.957500     0.307 0.345714   0.038643
Config_13_LR0.01_Ep15_W7_Bg1e-06_c_keys -156.027214 -121.095357  34.932000     0.307 0.281286  -0.025929
Config_15_LR0.01_Ep15_W7_Bg1e-08_c_keys -156.027214 -121.095357  34.932000     0.307 0.281286  -0.025929
 Config_11_LR0.01_Ep5_W7_Bg1e-08_c_keys -156.027214 -141.445286  14.582143     0.307 0.269571  -0.037429
  Config_9_LR0.01_Ep5_W7_Bg1e-06_c_keys -156.027214 -141.445286  14.582143     0.307 0.269571  -0.037429
2026-07-31 13:12:17 [INFO] 
--- Best Performing Parameter Config for EACH Lead Time (1..7 Days) ---
2026-07-31 13:12:17 [INFO] 
 Lead Time (Days)                        Best Config ID  Mean DA NSE  Mean NSE Delta  Mean DA KGE  Mean KGE Delta
                1 Config_5_LR0.1_Ep15_W7_Bg1e-06_c_keys       -1.168         171.386        0.446           0.041
                2 Config_5_LR0.1_Ep15_W7_Bg1e-06_c_keys        0.295         153.474        0.446           0.098
                3  Config_2_LR0.1_Ep5_W7_Bg1e-06_c_keys       -0.080         145.421        0.290          -0.026
                4  Config_2_LR0.1_Ep5_W7_Bg1e-06_c_keys       -0.329         150.271        0.234          -0.053
                5  Config_2_LR0.1_Ep5_W7_Bg1e-06_c_keys       -0.928         144.541        0.247          -0.004
                6  Config_2_LR0.1_Ep5_W7_Bg1e-06_c_keys       -1.682         153.062        0.271           0.007
                7  Config_2_LR0.1_Ep5_W7_Bg1e-06_c_keys       -2.898         167.245        0.285           0.004
2026-07-31 13:12:17 [INFO] 
======================================================================
2026-07-31 13:12:17 [INFO] Pipeline completed successfully!
2026-07-31 13:12:17 [INFO] All summary reports saved in: /usr/local/google/home/kruparell/flood-forecasting/tutorial/notebooks/large_scale_param_selection_results
2026-07-31 13:12:17 [INFO] ======================================================================

2026-08-03 11:19:08 [INFO] ======================================================================
2026-08-03 11:19:08 [INFO]  Large-Scale DA Parameter Selection Pipeline (Parallel & Sharded)    
2026-08-03 11:19:08 [INFO] ======================================================================
2026-08-03 11:19:08 [INFO] Hardware Compute Device: cpu
2026-08-03 11:19:08 [INFO] Parallel Worker Processes: 8
2026-08-03 11:19:08 [INFO] Borg Task Sharding: Shard 1 of 1
2026-08-03 11:19:08 [INFO] Full Caravans Path: /usr/local/google/home/kruparell/Caravans_V2
2026-08-03 11:19:08 [INFO] Basin List Path: /usr/local/google/home/kruparell/flood-forecasting/tutorial/basin-lists/CaravansV2_basin_valid_intervals.csv
2026-08-03 11:19:08 [INFO] Evaluation Date Range: 2017-01-01 to 2017-03-01
2026-08-03 11:19:08 [INFO] Target Lead Times: [1, 2, 3, 4, 5, 6, 7]
2026-08-03 11:19:08 [INFO] Log File Location: /usr/local/google/home/kruparell/flood-forecasting/tutorial/notebooks/large_scale_param_selection_results/large_scale_param_selection.log
2026-08-03 11:19:08 [INFO] Total sampled basins: 8. Assigned to this shard (0): 8 basins.
2026-08-03 11:19:08 [INFO] Testing 1 Parameter Sets: ['Config_1_LR0.01_Ep5_W7_Bg1e-08_c_keys']

2026-08-03 11:19:10 [INFO] Generated 60 issue dates: ['2017-01-01', '2017-01-02', '2017-01-03'] ... ['2017-03-01']
2026-08-03 11:19:10 [INFO] Total task units to execute: 8 across 8 worker processes.

2026-08-03 11:19:10 [INFO] Launching ProcessPoolExecutor with 8 parallel workers...
2026-08-03 11:20:26 [INFO]  Completed Task [1/8]: Config Config_1_LR0.01_Ep5_W7_Bg1e-08_c_keys | Basin lamah_2327 (Records: 7)
2026-08-03 11:20:26 [INFO]  Completed Task [2/8]: Config Config_1_LR0.01_Ep5_W7_Bg1e-08_c_keys | Basin hysets_08014800 (Records: 7)
2026-08-03 11:20:27 [INFO]  Completed Task [3/8]: Config Config_1_LR0.01_Ep5_W7_Bg1e-08_c_keys | Basin GRDC_1160361 (Records: 7)
2026-08-03 11:20:27 [INFO]  Completed Task [4/8]: Config Config_1_LR0.01_Ep5_W7_Bg1e-08_c_keys | Basin camelscl_1044001 (Records: 7)
2026-08-03 11:20:27 [INFO]  Completed Task [5/8]: Config Config_1_LR0.01_Ep5_W7_Bg1e-08_c_keys | Basin GRDC_3650330 (Records: 7)
2026-08-03 11:20:28 [INFO]  Completed Task [6/8]: Config Config_1_LR0.01_Ep5_W7_Bg1e-08_c_keys | Basin hysets_07DA008 (Records: 7)
2026-08-03 11:20:28 [INFO]  Completed Task [7/8]: Config Config_1_LR0.01_Ep5_W7_Bg1e-08_c_keys | Basin GRDC_6343520 (Records: 7)
2026-08-03 11:20:28 [INFO]  Completed Task [8/8]: Config Config_1_LR0.01_Ep5_W7_Bg1e-08_c_keys | Basin GRDC_4207330 (Records: 7)
2026-08-03 11:20:30 [INFO] 
Saved detailed metrics CSV: /usr/local/google/home/kruparell/flood-forecasting/tutorial/notebooks/large_scale_param_selection_results/detailed_basin_parameter_eval.csv
2026-08-03 11:20:30 [INFO] Saved timeseries predictions CSV for hydrograph plotting: /usr/local/google/home/kruparell/flood-forecasting/tutorial/notebooks/large_scale_param_selection_results/timeseries_forecasts_and_obs.csv
2026-08-03 11:20:30 [INFO] 
======================================================================
2026-08-03 11:20:30 [INFO]  AGGREGATE PARAMETER SELECTION & RANKING SUMMARY                      
2026-08-03 11:20:30 [INFO] ======================================================================
2026-08-03 11:20:30 [INFO] 
--- Mean Metrics by Config ID and Lead Time ---
2026-08-03 11:20:30 [INFO] 
                            Config ID  Lead Time (Days)    Base NSE      DA NSE  NSE Delta  Base KGE    DA KGE  KGE Delta
Config_1_LR0.01_Ep5_W7_Bg1e-08_c_keys                 1 -144.697714 -114.167571  30.530571 -3.769333 -3.214667   0.554333
Config_1_LR0.01_Ep5_W7_Bg1e-08_c_keys                 2 -129.014571 -101.237286  27.777286 -3.386333 -2.846667   0.539833
Config_1_LR0.01_Ep5_W7_Bg1e-08_c_keys                 3 -118.722143  -92.809857  25.912429 -3.148667 -2.626500   0.521833
Config_1_LR0.01_Ep5_W7_Bg1e-08_c_keys                 4 -114.080000  -90.601857  23.478286 -3.037333 -2.565833   0.471500
Config_1_LR0.01_Ep5_W7_Bg1e-08_c_keys                 5 -111.233286  -89.633286  21.600143 -2.965333 -2.533667   0.431333
Config_1_LR0.01_Ep5_W7_Bg1e-08_c_keys                 6 -110.007857  -89.933143  20.074714 -2.958333 -2.558667   0.399667
Config_1_LR0.01_Ep5_W7_Bg1e-08_c_keys                 7 -108.665286  -89.476143  19.189286 -2.889167 -2.515333   0.374000
2026-08-03 11:20:30 [INFO] 
--- Overall Parameter Config Rankings (Ranked by Average DA NSE) ---
2026-08-03 11:20:30 [INFO] 
                            Config ID    Base NSE     DA NSE  NSE Delta  Base KGE    DA KGE  KGE Delta
Config_1_LR0.01_Ep5_W7_Bg1e-08_c_keys -119.488694 -95.408449  24.080388 -3.164929 -2.694476   0.470357
2026-08-03 11:20:30 [INFO] 
--- Best Performing Parameter Config for EACH Lead Time (1..7 Days) ---
2026-08-03 11:20:30 [INFO] 
 Lead Time (Days)                        Best Config ID  Mean DA NSE  Mean NSE Delta  Mean DA KGE  Mean KGE Delta
                1 Config_1_LR0.01_Ep5_W7_Bg1e-08_c_keys     -114.168          30.531       -3.215           0.554
                2 Config_1_LR0.01_Ep5_W7_Bg1e-08_c_keys     -101.237          27.777       -2.847           0.540
                3 Config_1_LR0.01_Ep5_W7_Bg1e-08_c_keys      -92.810          25.912       -2.626           0.522
                4 Config_1_LR0.01_Ep5_W7_Bg1e-08_c_keys      -90.602          23.478       -2.566           0.472
                5 Config_1_LR0.01_Ep5_W7_Bg1e-08_c_keys      -89.633          21.600       -2.534           0.431
                6 Config_1_LR0.01_Ep5_W7_Bg1e-08_c_keys      -89.933          20.075       -2.559           0.400
                7 Config_1_LR0.01_Ep5_W7_Bg1e-08_c_keys      -89.476          19.189       -2.515           0.374
2026-08-03 11:20:30 [INFO] 
======================================================================
2026-08-03 11:20:30 [INFO] Pipeline completed successfully!
2026-08-03 11:20:30 [INFO] All summary reports saved in: /usr/local/google/home/kruparell/flood-forecasting/tutorial/notebooks/large_scale_param_selection_results
2026-08-03 11:20:30 [INFO] ======================================================================

2026-08-03 12:34:29 [INFO] ======================================================================
2026-08-03 12:34:29 [INFO]  Large-Scale DA Parameter Selection Pipeline (Parallel & Sharded)    
2026-08-03 12:34:29 [INFO] ======================================================================
2026-08-03 12:34:29 [INFO] Hardware Compute Device: cpu
2026-08-03 12:34:29 [INFO] Parallel Worker Processes: 2
2026-08-03 12:34:29 [INFO] Borg Task Sharding: Shard 1 of 1
2026-08-03 12:34:29 [INFO] Full Caravans Path: /usr/local/google/home/kruparell/flood-forecasting/tutorial/Caravan-nc
2026-08-03 12:34:29 [INFO] Basin List Path: /usr/local/google/home/kruparell/flood-forecasting/tutorial/basin-lists/CaravansV2_basin_valid_intervals.csv
2026-08-03 12:34:29 [INFO] Evaluation Date Range: 2017-01-01 to 2017-01-15
2026-08-03 12:34:29 [INFO] Target Lead Times: [1, 2, 3, 4, 5, 6, 7]
2026-08-03 12:34:29 [INFO] Log File Location: /usr/local/google/home/kruparell/flood-forecasting/tutorial/notebooks/large_scale_param_selection_results/large_scale_param_selection.log
2026-08-03 12:34:29 [INFO] Total sampled basins: 2. Assigned to this shard (0): 2 basins.
2026-08-03 12:34:29 [INFO] Testing 1 Parameter Sets: ['Config_1_LR0.01_Ep5_W7_Bg1e-08_c_keys']

2026-08-03 12:34:29 [INFO] Generated 15 issue dates: ['2017-01-01', '2017-01-02', '2017-01-03'] ... ['2017-01-15']
2026-08-03 12:34:29 [INFO] Total task units to execute: 2 across 2 worker processes.

2026-08-03 12:34:29 [INFO] Launching ProcessPoolExecutor with 2 parallel workers...
2026-08-03 12:34:36 [INFO]  Completed Task [1/2]: Config Config_1_LR0.01_Ep5_W7_Bg1e-08_c_keys | Basin GRDC_4133750 (Records: 0)
2026-08-03 12:34:36 [INFO]  Completed Task [2/2]: Config Config_1_LR0.01_Ep5_W7_Bg1e-08_c_keys | Basin GRDC_4208025 (Records: 0)
2026-08-03 12:34:37 [INFO] 
Saved detailed metrics CSV: /usr/local/google/home/kruparell/flood-forecasting/tutorial/notebooks/large_scale_param_selection_results/detailed_basin_parameter_eval.csv
2026-08-03 12:34:37 [INFO] Saved timeseries predictions CSV for hydrograph plotting: /usr/local/google/home/kruparell/flood-forecasting/tutorial/notebooks/large_scale_param_selection_results/timeseries_forecasts_and_obs.csv
2026-08-03 12:34:37 [WARNING] No valid detailed records were produced.
