gauge_id,main_bas_id,fold,split_role
ausvic_230102,5060072670,3,train
ausvic_230200,5060072670,3,train
ausvic_230202,5060072670,3,train
ausvic_230206,5060072670,3,train
ausvic_230237,5060072670,3,train
camels_01013500,7060038320,1,val
camels_01022500,7060038340,4,train
camels_01030500,7060038810,1,val
camels_01031500,7060038810,1,val
camels_01047000,7060038980,2,train
camels_01052500,7060038980,2,train
camels_01054200,7060038980,2,train
camels_01055000,7060038980,2,train
camels_01057000,7060038980,2,train
camels_01078000,7060039160,1,val
camels_01121000,7060039170,1,val
camels_01123000,7060039170,1,val
camels_01134500,7060039620,3,train
camels_01137500,7060039620,3,train
camels_01139000,7060039620,3,train
camels_01144000,7060039620,3,train
camels_01162500,7060039620,3,train
camels_01169000,7060039620,3,train
camels_01181000,7060039620,3,train
camels_01187300,7060039620,3,train
camels_01333000,7060039870,3,train
camels_01350000,7060039870,3,train
camels_01350140,7060039870,3,train
camels_01365000,7060039870,3,train
camels_01413500,7060040360,1,val
camels_01423000,7060040360,1,val
camels_01435000,7060040360,1,val
camels_01439500,7060040360,1,val
camels_01440000,7060040360,1,val
camels_01440400,7060040360,1,val
camels_01510000,7060041050,4,train
camels_01532000,7060041050,4,train
camels_01539000,7060041050,4,train
camels_01543000,7060041050,4,train
camels_01543500,7060041050,4,train
camels_01547700,7060041050,4,train
camels_01548500,7060041050,4,train
camels_01550000,7060041050,4,train
camels_01552000,7060041050,4,train
camels_01567500,7060041050,4,train
camels_01568000,7060041050,4,train
camels_01580000,7060041050,4,train
camels_01591400,7060041060,1,val
camels_01596500,7060041400,1,val
camels_01605500,7060041400,1,val
camels_01606500,7060041400,1,val
camels_01620500,7060041400,1,val
camels_01632000,7060041400,1,val
camels_01632900,7060041400,1,val
camels_01634500,7060041400,1,val
camels_01638480,7060041400,1,val
camels_01639500,7060041400,1,val
camels_01644000,7060041400,1,val
camels_01658500,7060041410,4,train
camels_01664000,7060041650,2,train
camels_01666500,7060041650,2,train
camels_01667500,7060041650,2,train
camels_01669000,7060041660,0,test
camels_01669520,7060041660,0,test
camels_02011460,7060041900,3,train
camels_02013000,7060041900,3,train
camels_02014000,7060041900,3,train
camels_02015700,7060041900,3,train
camels_02016000,7060041900,3,train
camels_02017500,7060041900,3,train
camels_02018000,7060041900,3,train
camels_02027000,7060041900,3,train
camels_02027500,7060041900,3,train
camels_02028500,7060041900,3,train
camels_02046000,7060042240,3,train
camels_02051000,7060042240,3,train
camels_02053200,7060042240,3,train
camels_02053800,7060042310,2,train
camels_02056900,7060042310,2,train
camels_02059500,7060042310,2,train
camels_02065500,7060042310,2,train
camels_02070000,7060042310,2,train
camels_02074500,7060042310,2,train
camels_02081500,7060042320,4,train
camels_02082950,7060042320,4,train
camels_02092500,7060042750,0,test
camels_02102908,7060042940,3,train
camels_02111500,7060043090,3,train
camels_02137727,7060043160,4,train
camels_02140991,7060043160,4,train
camels_02143000,7060043160,4,train
camels_02149000,7060043160,4,train
camels_02152100,7060043160,4,train
camels_02177000,7060043500,2,train
camels_02178400,7060043500,2,train
camels_02196000,7060043500,2,train
camels_02198100,7060043500,2,train
camels_02202600,7060043510,4,train
camels_02212600,7060043640,4,train
camels_02215100,7060043640,4,train
camels_02221525,7060043640,4,train
camels_02231000,7060043650,3,train
camels_02231342,7060043860,2,train
camels_02235200,7060043860,2,train
camels_02246000,7060043860,2,train
camels_02296500,7060044860,1,val
camels_02297310,7060044860,1,val
camels_02298123,7060044860,1,val
camels_02298608,7060044870,1,val
camels_02300700,7060044870,1,val
camels_02314500,7060045480,1,val
camels_02315500,7060045480,1,val
camels_02324400,7060045490,2,train
camels_02349900,7060045890,2,train
camels_02350900,7060045890,2,train
camels_02361000,7060046130,2,train
camels_02363000,7060046130,2,train
camels_02369800,7060046330,2,train
camels_02371500,7060046390,1,val
camels_02372250,7060046390,1,val
camels_02374500,7060046390,1,val
camels_02395120,7060046590,3,train
camels_02408540,7060046590,3,train
camels_02427250,7060046590,3,train
camels_02450250,7060046590,3,train
camels_02464000,7060046590,3,train
camels_02465493,7060046590,3,train
camels_02469800,7060046590,3,train
camels_02479300,7060046600,3,train
camels_02481510,7060046790,1,val
camels_03010655,7060047060,0,test
camels_03015500,7060047060,0,test
camels_03021350,7060047060,0,test
camels_03026500,7060047060,0,test
camels_03049800,7060047060,0,test
camels_03050000,7060047060,0,test
camels_03066000,7060047060,0,test
camels_03069500,7060047060,0,test
camels_03070500,7060047060,0,test
camels_03076600,7060047060,0,test
camels_03078000,7060047060,0,test
camels_03140000,7060047060,0,test
camels_03144000,7060047060,0,test
camels_03159540,7060047060,0,test
camels_03161000,7060047060,0,test
camels_03164000,7060047060,0,test
camels_03170000,7060047060,0,test
camels_03173000,7060047060,0,test
camels_03180500,7060047060,0,test
camels_03182500,7060047060,0,test
camels_03186500,7060047060,0,test
camels_03187500,7060047060,0,test
camels_03213700,7060047060,0,test
camels_03237500,7060047060,0,test
camels_03241500,7060047060,0,test
camels_03280700,7060047060,0,test
camels_03281100,7060047060,0,test
camels_03285000,7060047060,0,test
camels_03300400,7060047060,0,test
camels_03340800,7060047060,0,test
camels_03346000,7060047060,0,test
camels_03364500,7060047060,0,test
camels_03366500,7060047060,0,test
camels_03439000,7060047060,0,test
camels_03450000,7060047060,0,test
camels_03455500,7060047060,0,test
camels_03456500,7060047060,0,test
camels_03460000,7060047060,0,test
camels_03463300,7060047060,0,test
camels_03471500,7060047060,0,test
camels_03473000,7060047060,0,test
camels_03479000,7060047060,0,test
camels_03488000,7060047060,0,test
camels_03498500,7060047060,0,test
camels_03500000,7060047060,0,test
camels_03504000,7060047060,0,test
camels_03574500,7060047060,0,test
camels_03604000,7060047060,0,test
camels_04015330,7060034520,4,train
camels_04024430,7060034520,4,train
camels_04027000,7060034520,4,train
camels_04040500,7060034520,4,train
camels_04043050,7060034520,4,train
camels_04045500,7060034520,4,train
camels_04056500,7060034520,4,train
camels_04059500,7060034520,4,train
camels_04063700,7060034520,4,train
camels_04074950,7060034520,4,train
camels_04105700,7060034520,4,train
camels_04115265,7060034520,4,train
camels_04122200,7060034520,4,train
camels_04122500,7060034520,4,train
camels_04127997,7060034520,4,train
camels_04185000,7060034520,4,train
camels_04196800,7060034520,4,train
camels_04197170,7060034520,4,train
camels_04213000,7060034520,4,train
camels_04213075,7060034520,4,train
camels_04216418,7060034520,4,train
camels_04221000,7060034520,4,train
camels_04224775,7060034520,4,train
camels_04256000,7060034520,4,train
camels_04296000,7060034520,4,train
camels_05056000,7060022240,3,train
camels_05057000,7060022240,3,train
camels_05057200,7060022240,3,train
camels_05062500,7060022240,3,train
camels_05129115,7060022240,3,train
camels_05131500,7060022240,3,train
camels_05291000,7060047060,0,test
camels_05362000,7060047060,0,test
camels_05393500,7060047060,0,test
camels_05399500,7060047060,0,test
camels_05408000,7060047060,0,test
camels_05412500,7060047060,0,test
camels_05413500,7060047060,0,test
camels_05414000,7060047060,0,test
camels_05444000,7060047060,0,test
camels_05454000,7060047060,0,test
camels_05458000,7060047060,0,test
camels_05466500,7060047060,0,test
camels_05487980,7060047060,0,test
camels_05489000,7060047060,0,test
camels_05501000,7060047060,0,test
camels_05508805,7060047060,0,test
camels_05514500,7060047060,0,test
camels_05525500,7060047060,0,test
camels_05556500,7060047060,0,test
camels_05584500,7060047060,0,test
camels_05585000,7060047060,0,test
camels_05592050,7060047060,0,test
camels_05593575,7060047060,0,test
camels_05595730,7060047060,0,test
camels_06037500,7060047060,0,test
camels_06043500,7060047060,0,test
camels_06188000,7060047060,0,test
camels_06191500,7060047060,0,test
camels_06221400,7060047060,0,test
camels_06224000,7060047060,0,test
camels_06289000,7060047060,0,test
camels_06332515,7060047060,0,test
camels_06339100,7060047060,0,test
camels_06339500,7060047060,0,test
camels_06350000,7060047060,0,test
camels_06352000,7060047060,0,test
camels_06353000,7060047060,0,test
camels_06354000,7060047060,0,test
camels_06360500,7060047060,0,test
camels_06404000,7060047060,0,test
camels_06406000,7060047060,0,test
camels_06409000,7060047060,0,test
camels_06431500,7060047060,0,test
camels_06440200,7060047060,0,test
camels_06441500,7060047060,0,test
camels_06447000,7060047060,0,test
camels_06447500,7060047060,0,test
camels_06450500,7060047060,0,test
camels_06452000,7060047060,0,test
camels_06453600,7060047060,0,test
camels_06464500,7060047060,0,test
camels_06470800,7060047060,0,test
camels_06477500,7060047060,0,test
camels_06479215,7060047060,0,test
camels_06479438,7060047060,0,test
camels_06601000,7060047060,0,test
camels_06614800,7060047060,0,test
camels_06622700,7060047060,0,test
camels_06623800,7060047060,0,test
camels_06632400,7060047060,0,test
camels_06784000,7060047060,0,test
camels_06803510,7060047060,0,test
camels_06803530,7060047060,0,test
camels_06814000,7060047060,0,test
camels_06847900,7060047060,0,test
camels_06853800,7060047060,0,test
camels_06876700,7060047060,0,test
camels_06878000,7060047060,0,test
camels_06885500,7060047060,0,test
camels_06888500,7060047060,0,test
camels_06889200,7060047060,0,test
camels_06889500,7060047060,0,test
camels_06892000,7060047060,0,test
camels_06906800,7060047060,0,test
camels_06911900,7060047060,0,test
camels_06917000,7060047060,0,test
camels_06918460,7060047060,0,test
camels_06919500,7060047060,0,test
camels_06921070,7060047060,0,test
camels_06921200,7060047060,0,test
camels_06934000,7060047060,0,test
camels_07014500,7060047060,0,test
camels_07057500,7060047060,0,test
camels_07066000,7060047060,0,test
camels_07067000,7060047060,0,test
camels_07068000,7060047060,0,test
camels_07071500,7060047060,0,test
camels_07083000,7060047060,0,test
camels_07142300,7060047060,0,test
camels_07145700,7060047060,0,test
camels_07148400,7060047060,0,test
camels_07149000,7060047060,0,test
camels_07151500,7060047060,0,test
camels_07167500,7060047060,0,test
camels_07184000,7060047060,0,test
camels_07195800,7060047060,0,test
camels_07197000,7060047060,0,test
camels_07226500,7060047060,0,test
camels_07292500,7060047060,0,test
camels_07295000,7060047060,0,test
camels_07299670,7060047060,0,test
camels_07301410,7060047060,0,test
camels_07301500,7060047060,0,test
camels_07315200,7060047060,0,test
camels_07315700,7060047060,0,test
camels_07340300,7060047060,0,test
camels_07346045,7060047060,0,test
camels_07359610,7060047060,0,test
camels_07362100,7060047060,0,test
camels_07373000,7060047060,0,test
camels_07376000,7060046900,4,train
camels_08013000,7060047800,2,train
camels_08014500,7060047800,2,train
camels_08023080,7060047850,3,train
camels_08029500,7060047850,3,train
camels_08066200,7060047970,1,val
camels_08066300,7060047970,1,val
camels_08070000,7060047980,4,train
camels_08082700,7060048300,2,train
camels_08086212,7060048300,2,train
camels_08101000,7060048300,2,train
camels_08104900,7060048300,2,train
camels_08109700,7060048300,2,train
camels_08150800,7060048410,4,train
camels_08155200,7060048410,4,train
camels_08158700,7060048410,4,train
camels_08164000,7060048480,1,val
camels_08164300,7060048480,1,val
camels_08165300,7060048620,4,train
camels_08171300,7060048620,4,train
camels_08175000,7060048620,4,train
camels_08176900,7060048620,4,train
camels_08178880,7060048620,4,train
camels_08189500,7060048630,1,val
camels_08190000,7060048860,1,val
camels_08190500,7060048860,1,val
camels_08195000,7060048860,1,val
camels_08196000,7060048860,1,val
camels_08198500,7060048860,1,val
camels_08200000,7060048860,1,val
camels_08202700,7060048860,1,val
camels_08269000,7060049270,2,train
camels_08271000,7060049270,2,train
camels_08377900,7060049270,2,train
camels_08378500,7060049270,2,train
camels_08380500,7060049270,2,train
camels_09034900,7060008710,2,train
camels_09047700,7060008710,2,train
camels_09065500,7060008710,2,train
camels_09066000,7060008710,2,train
camels_09066200,7060008710,2,train
camels_09066300,7060008710,2,train
camels_09081600,7060008710,2,train
camels_09107000,7060008710,2,train
camels_09210500,7060008710,2,train
camels_09223000,7060008710,2,train
camels_09306242,7060008710,2,train
camels_09352900,7060008710,2,train
camels_09386900,7060008710,2,train
camels_09404450,7060008710,2,train
camels_09430600,7060008710,2,train
camels_09447800,7060008710,2,train
camels_09484600,7060008710,2,train
camels_09492400,7060008710,2,train
camels_09494000,7060008710,2,train
camels_09497800,7060008710,2,train
camels_09497980,7060008710,2,train
camels_09505200,7060008710,2,train
camels_09505350,7060008710,2,train
camels_09505800,7060008710,2,train
camels_09510200,7060008710,2,train
camels_09513780,7060008710,2,train
camels_10023000,7060073620,4,train
camels_10172800,7060073620,4,train
camels_10173450,7060073650,1,val
camels_10205030,7060073650,1,val
camels_10234500,7060073650,1,val
camels_10242000,7060073650,1,val
camels_10244950,7060073870,2,train
camels_10249300,7060074340,0,test
camels_10258500,7060008710,2,train
camels_10259000,7060008710,2,train
camels_10263500,7060074330,1,val
camels_10310500,7060073630,2,train
camels_10316500,7060073630,2,train
camels_10329500,7060073630,2,train
camels_10336645,7060073920,3,train
camels_10336660,7060073920,3,train
camels_10343500,7060073920,3,train
camels_10396000,7060073780,4,train
camels_11124500,7060012600,1,val
camels_11141280,7060012960,3,train
camels_11143000,7060012960,3,train
camels_11151300,7060013170,2,train
camels_11162500,7060013180,2,train
camels_11176400,7060013180,2,train
camels_11230500,7060013550,4,train
camels_11237500,7060013550,4,train
camels_11253310,7060013550,4,train
camels_11264500,7060013550,4,train
camels_11266500,7060013550,4,train
camels_11274500,7060013550,4,train
camels_11381500,7060013550,4,train
camels_11383500,7060013550,4,train
camels_11468500,7060013560,1,val
camels_11473900,7060014040,4,train
camels_11475560,7060014040,4,train
camels_11478500,7060014040,4,train
camels_11481200,7060014050,3,train
camels_11482500,7060014050,3,train
camels_11522500,7060014200,4,train
camels_11523200,7060014200,4,train
camels_11528700,7060014200,4,train
camels_11532500,7060014210,0,test
camels_12013500,7060014940,1,val
camels_12020000,7060015090,4,train
camels_12025000,7060015090,4,train
camels_12025700,7060015090,4,train
camels_12035000,7060015090,4,train
camels_12040500,7060015100,2,train
camels_12041200,7060015100,2,train
camels_12043000,7060015100,2,train
camels_12048000,7060015100,2,train
camels_12054000,7060015100,2,train
camels_12056500,7060015100,2,train
camels_12073500,7060015100,2,train
camels_12082500,7060015100,2,train
camels_12092000,7060015900,1,val
camels_12095000,7060015900,1,val
camels_12114500,7060015910,4,train
camels_12115000,7060015910,4,train
camels_12115500,7060015910,4,train
camels_12117000,7060015910,4,train
camels_12141300,7060016000,4,train
camels_12143600,7060016000,4,train
camels_12144000,7060016000,4,train
camels_12145500,7060016000,4,train
camels_12147600,7060016000,4,train
camels_12167000,7060016010,0,test
camels_12175500,7060016090,1,val
camels_12186000,7060016090,1,val
camels_12189500,7060016090,1,val
camels_12358500,7060014930,4,train
camels_12377150,7060014930,4,train
camels_12381400,7060014930,4,train
camels_12390700,7060014930,4,train
camels_12411000,7060014930,4,train
camels_12414500,7060014930,4,train
camels_12447390,7060014930,4,train
camels_12451000,7060014930,4,train
camels_12488500,7060014930,4,train
camels_13011500,7060014930,4,train
camels_13011900,7060014930,4,train
camels_13018300,7060014930,4,train
camels_13023000,7060014930,4,train
camels_13161500,7060014930,4,train
camels_13235000,7060014930,4,train
camels_13310700,7060014930,4,train
camels_13313000,7060014930,4,train
camels_13331500,7060014930,4,train
camels_13337000,7060014930,4,train
camels_13338500,7060014930,4,train
camels_13340000,7060014930,4,train
camels_13340600,7060014930,4,train
camels_14020000,7060014930,4,train
camels_14092750,7060014930,4,train
camels_14096850,7060014930,4,train
camels_14137000,7060014930,4,train
camels_14138800,7060014930,4,train
camels_14138870,7060014930,4,train
camels_14138900,7060014930,4,train
camels_14139800,7060014930,4,train
camels_14141500,7060014930,4,train
camels_14154500,7060014930,4,train
camels_14158500,7060014930,4,train
camels_14158790,7060014930,4,train
camels_14166500,7060014930,4,train
camels_14182500,7060014930,4,train
camels_14185000,7060014930,4,train
camels_14185900,7060014930,4,train
camels_14187000,7060014930,4,train
camels_14216500,7060014930,4,train
camels_14222500,7060014930,4,train
camels_14236200,7060014930,4,train
camels_14301000,7060014800,2,train
camels_14303200,7060014530,4,train
camels_14305500,7060014530,4,train
camels_14306340,7060014530,4,train
camels_14306500,7060014530,4,train
camels_14309500,7060014520,4,train
camels_14316700,7060014520,4,train
camels_14325000,7060014440,2,train
camels_14400000,7060014250,3,train
camelsaus_003303A,5060087590,2,train
camelsaus_105101A,5060067450,3,train
camelsaus_105105A,5060067450,3,train
camelsaus_111005A,5060067860,2,train
camelsaus_113004A,5060067860,2,train
camelsaus_114001A,5060067860,2,train
camelsaus_116010A,5060067860,2,train
camelsaus_116014A,5060067860,2,train
camelsaus_116015A,5060067860,2,train
camelsaus_119003A,5060067860,2,train
camelsaus_120102A,5060068450,1,val
camelsaus_120301B,5060068450,1,val
camelsaus_120304A,5060068450,1,val
camelsaus_121001A,5060068460,2,train
camelsaus_121003A,5060068460,2,train
camelsaus_125005A,5060068460,2,train
camelsaus_130302A,5060069590,3,train
camelsaus_130403A,5060069590,3,train
camelsaus_130410A,5060069590,3,train
camelsaus_130413A,5060069590,3,train
camelsaus_132001A,5060069600,1,val
camelsaus_135002A,5060069600,1,val
camelsaus_135004A,5060069600,1,val
camelsaus_136202D,5060069960,4,train
camelsaus_136203A,5060069960,4,train
camelsaus_136208A,5060069960,4,train
camelsaus_136304A,5060069960,4,train
camelsaus_137101A,5060069970,3,train
camelsaus_137201A,5060069970,3,train
camelsaus_138004B,5060070100,3,train
camelsaus_138010A,5060070100,3,train
camelsaus_138903A,5060070100,3,train
camelsaus_143007A,5060070390,2,train
camelsaus_143009A,5060070390,2,train
camelsaus_143107A,5060070390,2,train
camelsaus_143110A,5060070390,2,train
camelsaus_145101D,5060070440,1,val
camelsaus_201001,5060070450,4,train
camelsaus_203010,5060070670,2,train
camelsaus_204002,5060070700,1,val
camelsaus_204007,5060070700,1,val
camelsaus_204014,5060070700,1,val
camelsaus_204025,5060070700,1,val
camelsaus_204034,5060070700,1,val
camelsaus_204041,5060070700,1,val
camelsaus_204046,5060070700,1,val
camelsaus_206014,5060070900,1,val
camelsaus_206018,5060070900,1,val
camelsaus_206025,5060070900,1,val
camelsaus_207004,5060070930,4,train
camelsaus_207013,5060070930,4,train
camelsaus_207015,5060070930,4,train
camelsaus_208003,5060070980,3,train
camelsaus_208009,5060070980,3,train
camelsaus_208026,5060070980,3,train
camelsaus_209003,5060071100,3,train
camelsaus_210006,5060071130,3,train
camelsaus_210011,5060071130,3,train
camelsaus_210014,5060071130,3,train
camelsaus_210016,5060071130,3,train
camelsaus_210022,5060071130,3,train
camelsaus_210031,5060071130,3,train
camelsaus_210040,5060071130,3,train
camelsaus_210052,5060071130,3,train
camelsaus_211009,5060071140,0,test
camelsaus_215002,5060071280,3,train
camelsaus_216002,5060071280,3,train
camelsaus_216009,5060071280,3,train
camelsaus_218005,5060071280,3,train
camelsaus_218007,5060071280,3,train
camelsaus_218008,5060071280,3,train
camelsaus_219003,5060071280,3,train
camelsaus_219017,5060071280,3,train
camelsaus_219022,5060071280,3,train
camelsaus_221201,5060071280,3,train
camelsaus_221208,5060071280,3,train
camelsaus_221209,5060071280,3,train
camelsaus_221210,5060071280,3,train
camelsaus_221212,5060071280,3,train
camelsaus_222004,5060071980,3,train
camelsaus_222202,5060071980,3,train
camelsaus_222206,5060071980,3,train
camelsaus_223202,5060071990,4,train
camelsaus_223204,5060071990,4,train
camelsaus_223205,5060071990,4,train
camelsaus_224201,5060071990,4,train
camelsaus_224203,5060071990,4,train
camelsaus_224206,5060071990,4,train
camelsaus_224213,5060071990,4,train
camelsaus_225201,5060072180,2,train
camelsaus_225209,5060072180,2,train
camelsaus_225218,5060072180,2,train
camelsaus_225219,5060072180,2,train
camelsaus_226023,5060072180,2,train
camelsaus_226209,5060072180,2,train
camelsaus_226402,5060072180,2,train
camelsaus_227202,5060072190,2,train
camelsaus_230205,5060072670,3,train
camelsaus_234200,5060072810,0,test
camelsaus_234201,5060072810,0,test
camelsaus_234203,5060072810,0,test
camelsaus_235203,5060072820,2,train
camelsaus_235211,5060072820,2,train
camelsaus_236205,5060072970,4,train
camelsaus_236209,5060072960,0,test
camelsaus_236210,5060072960,0,test
camelsaus_236216,5060072960,0,test
camelsaus_237200,5060072970,4,train
camelsaus_237206,5060072970,4,train
camelsaus_238235,5060073130,1,val
camelsaus_401012,5060073410,1,val
camelsaus_401017,5060073410,1,val
camelsaus_401208,5060073410,1,val
camelsaus_401210,5060073410,1,val
camelsaus_403200,5060073410,1,val
camelsaus_403214,5060073410,1,val
camelsaus_403222,5060073410,1,val
camelsaus_403223,5060073410,1,val
camelsaus_403230,5060073410,1,val
camelsaus_403232,5060073410,1,val
camelsaus_404204,5060073410,1,val
camelsaus_404207,5060073410,1,val
camelsaus_405214,5060073410,1,val
camelsaus_405218,5060073410,1,val
camelsaus_405231,5060073410,1,val
camelsaus_405234,5060073410,1,val
camelsaus_405240,5060073410,1,val
camelsaus_405264,5060073410,1,val
camelsaus_406214,5060073410,1,val
camelsaus_407213,5060073410,1,val
camelsaus_407214,5060073410,1,val
camelsaus_407217,5060073410,1,val
camelsaus_410033,5060073410,1,val
camelsaus_410038,5060073410,1,val
camelsaus_410044,5060073410,1,val
camelsaus_410057,5060073410,1,val
camelsaus_410062,5060073410,1,val
camelsaus_410088,5060073410,1,val
camelsaus_410091,5060073410,1,val
camelsaus_410156,5060073410,1,val
camelsaus_410705,5060073410,1,val
camelsaus_410713,5060073410,1,val
camelsaus_410731,5060073410,1,val
camelsaus_412066,5060073410,1,val
camelsaus_415201,5060073410,1,val
camelsaus_415206,5060073410,1,val
camelsaus_416003,5060073410,1,val
camelsaus_416008,5060073410,1,val
camelsaus_416010,5060073410,1,val
camelsaus_416023,5060073410,1,val
camelsaus_416032,5060073410,1,val
camelsaus_418005,5060073410,1,val
camelsaus_418014,5060073410,1,val
camelsaus_418015,5060073410,1,val
camelsaus_418017,5060073410,1,val
camelsaus_418021,5060073410,1,val
camelsaus_418032,5060073410,1,val
camelsaus_419005,5060073410,1,val
camelsaus_419010,5060073410,1,val
camelsaus_419054,5060073410,1,val
camelsaus_420003,5060073410,1,val
camelsaus_420017,5060073410,1,val
camelsaus_421018,5060073410,1,val
camelsaus_421048,5060073410,1,val
camelsaus_422202B,5060073410,1,val
camelsaus_422334A,5060073410,1,val
camelsaus_422394A,5060073410,1,val
camelsaus_602004,5060076890,4,train
camelsaus_603004,5060055960,1,val
camelsaus_603136,5060055960,1,val
camelsaus_604001,5060055960,1,val
camelsaus_605012,5060056090,1,val
camelsaus_606195,5060056100,3,train
camelsaus_607003,5060056100,3,train
camelsaus_607004,5060056100,3,train
camelsaus_607144,5060056100,3,train
camelsaus_607220,5060056100,3,train
camelsaus_608151,5060056100,3,train
camelsaus_609002,5060056250,2,train
camelsaus_609010,5060056250,2,train
camelsaus_609018,5060056250,2,train
camelsaus_612001,5060056390,0,test
camelsaus_612014,5060056390,0,test
camelsaus_612025,5060056390,0,test
camelsaus_614006,5060056430,1,val
camelsaus_614224,5060056430,1,val
camelsaus_616002,5060056460,3,train
camelsaus_616019,5060056460,3,train
camelsaus_617003,5060056510,0,test
camelsaus_701007,5060056620,3,train
camelsaus_701009,5060056580,4,train
camelsaus_704139,5060057320,2,train
camelsaus_707002,5060057900,1,val
camelsaus_707005,5060057720,1,val
camelsaus_708011,5060057970,3,train
camelsaus_710003,5060058580,4,train
camelsaus_710229,5060058580,4,train
camelsaus_804001,5060059950,4,train
camelsaus_809310,5060061240,1,val
camelsaus_809315,5060061240,1,val
camelsaus_809316,5060061240,1,val
camelsaus_809321,5060061240,1,val
camelsaus_809322,5060061240,1,val
camelsaus_912105A,5060065420,4,train
camelsaus_915206A,5060065600,3,train
camelsaus_919003A,5060065980,4,train
camelsaus_919005A,5060065980,4,train
camelsaus_919201A,5060065980,4,train
camelsaus_919309A,5060065980,4,train
camelsaus_A0020101,5060087590,2,train
camelsaus_A0030501,5060087590,2,train
camelsaus_G8140001,5060062110,4,train
camelsaus_G8140040,5060062110,4,train
camelsaus_G8140063,5060062110,4,train
camelsaus_G8150180,5060062200,3,train
camelsaus_G8170002,5060062380,0,test
camelsaus_G9030250,5060064130,2,train
camelsbr_12500000,6060007000,4,train
camelsbr_12520000,6060007000,4,train
camelsbr_13470000,6060007000,4,train
camelsbr_13710001,6060007000,4,train
camelsbr_13870000,6060007000,4,train
camelsbr_14250000,6060007000,4,train
camelsbr_14280001,6060007000,4,train
camelsbr_14440000,6060007000,4,train
camelsbr_14515000,6060007000,4,train
camelsbr_15130000,6060007000,4,train
camelsbr_15800000,6060007000,4,train
camelsbr_17350000,6060007000,4,train
camelsbr_18200000,6060007000,4,train
camelsbr_27550000,6060007950,3,train
camelsbr_61014000,6060016970,1,val
camelsbr_61060000,6060016970,1,val
camelsbr_61085000,6060016970,1,val
camelsbr_61115000,6060016970,1,val
camelsbr_61122000,6060016970,1,val
camelsbr_64360000,6060016970,1,val
camelsbr_64501000,6060016970,1,val
camelsbr_64625000,6060016970,1,val
camelsbr_64645000,6060016970,1,val
camelsbr_64682000,6060016970,1,val
camelsbr_64785000,6060016970,1,val
camelsbr_64820000,6060016970,1,val
camelsbr_64830000,6060016970,1,val
camelsbr_81102000,6060014460,2,train
camelsbr_81135000,6060014460,2,train
camelsbr_81200000,6060014460,2,train
camelsbr_83050000,6060014900,4,train
camelsbr_83300200,6060014900,4,train
camelsbr_83892998,6060014900,4,train
camelsch_2009,2060016510,1,val
camelsch_2011,2060016510,1,val
camelsch_2016,2060023010,1,val
camelsch_2018,2060023010,1,val
camelsch_2019,2060023010,1,val
camelsch_2020,2060013010,2,train
camelsch_2024,2060016510,1,val
camelsch_2029,2060023010,1,val
camelsch_2030,2060023010,1,val
camelsch_2033,2060023010,1,val
camelsch_2034,2060023010,1,val
camelsch_2044,2060023010,1,val
camelsch_2053,2060016510,1,val
camelsch_2056,2060023010,1,val
camelsch_2063,2060023010,1,val
camelsch_2067,2060008490,3,train
camelsch_2068,2060013010,2,train
camelsch_2070,2060023010,1,val
camelsch_2078,2060013010,2,train
camelsch_2079,2060013010,2,train
camelsch_2084,2060023010,1,val
camelsch_2085,2060023010,1,val
camelsch_2086,2060013010,2,train
camelsch_2087,2060023010,1,val
camelsch_2091,2060023010,1,val
camelsch_2099,2060023010,1,val
camelsch_2102,2060023010,1,val
camelsch_2104,2060023010,1,val
camelsch_2105,2060008490,3,train
camelsch_2106,2060023010,1,val
camelsch_2109,2060023010,1,val
camelsch_2110,2060023010,1,val
camelsch_2112,2060023010,1,val
camelsch_2117,2060016510,1,val
camelsch_2119,2060023010,1,val
camelsch_2122,2060023010,1,val
camelsch_2125,2060023010,1,val
camelsch_2126,2060023010,1,val
camelsch_2132,2060023010,1,val
camelsch_2135,2060023010,1,val
camelsch_2139,2060023010,1,val
camelsch_2141,2060023010,1,val
camelsch_2143,2060023010,1,val
camelsch_2150,2060023010,1,val
camelsch_2151,2060023010,1,val
camelsch_2152,2060023010,1,val
camelsch_2155,2060023010,1,val
camelsch_2157,2060023010,1,val
camelsch_2159,2060023010,1,val
camelsch_2160,2060023010,1,val
camelsch_2161,2060016510,1,val
camelsch_2167,2060013010,2,train
camelsch_2170,2060016510,1,val
camelsch_2174,2060016510,1,val
camelsch_2176,2060023010,1,val
camelsch_2179,2060023010,1,val
camelsch_2181,2060023010,1,val
camelsch_2185,2060023010,1,val
camelsch_2187,2060023010,1,val
camelsch_2199,2060023010,1,val
camelsch_2200,2060023010,1,val
camelsch_2202,2060023010,1,val
camelsch_2203,2060016510,1,val
camelsch_2205,2060023010,1,val
camelsch_2206,2060013010,2,train
camelsch_2210,2060016510,1,val
camelsch_2215,2060023010,1,val
camelsch_2219,2060023010,1,val
camelsch_2232,2060023010,1,val
camelsch_2239,2060008490,3,train
camelsch_2243,2060023010,1,val
camelsch_2244,2060013010,2,train
camelsch_2247,2060016510,1,val
camelsch_2256,2060008490,3,train
camelsch_2262,2060008490,3,train
camelsch_2263,2060008490,3,train
camelsch_2265,2060008490,3,train
camelsch_2269,2060016510,1,val
camelsch_2276,2060023010,1,val
camelsch_2282,2060023010,1,val
camelsch_2283,2060023010,1,val
camelsch_2288,2060023010,1,val
camelsch_2289,2060023010,1,val
camelsch_2290,2060023010,1,val
camelsch_2299,2060023010,1,val
camelsch_2300,2060023010,1,val
camelsch_2303,2060023010,1,val
camelsch_2304,2060008490,3,train
camelsch_2305,2060023010,1,val
camelsch_2307,2060023010,1,val
camelsch_2308,2060023010,1,val
camelsch_2309,2060023010,1,val
camelsch_2312,2060023010,1,val
camelsch_2319,2060008490,3,train
camelsch_2321,2060013010,2,train
camelsch_2327,2060023010,1,val
camelsch_2342,2060016510,1,val
camelsch_2343,2060023010,1,val
camelsch_2346,2060016510,1,val
camelsch_2347,2060013010,2,train
camelsch_2349,2060013010,2,train
camelsch_2351,2060016510,1,val
camelsch_2352,2060023010,1,val
camelsch_2355,2060023010,1,val
camelsch_2356,2060013010,2,train
camelsch_2364,2060013010,2,train
camelsch_2366,2060013010,2,train
camelsch_2368,2060013010,2,train
camelsch_2369,2060023010,1,val
camelsch_2370,2060016510,1,val
camelsch_2371,2060023010,1,val
camelsch_2372,2060023010,1,val
camelsch_2374,2060023010,1,val
camelsch_2378,2060023010,1,val
camelsch_2386,2060023010,1,val
camelsch_2387,2060023010,1,val
camelsch_2403,2060008490,3,train
camelsch_2409,2060023010,1,val
camelsch_2410,2060023010,1,val
camelsch_2412,2060023010,1,val
camelsch_2414,2060023010,1,val
camelsch_2415,2060023010,1,val
camelsch_2416,2060023010,1,val
camelsch_2417,2060023010,1,val
camelsch_2418,2060023010,1,val
camelsch_2419,2060016510,1,val
camelsch_2420,2060013010,2,train
camelsch_2426,2060023010,1,val
camelsch_2430,2060023010,1,val
camelsch_2432,2060016510,1,val
camelsch_2433,2060016510,1,val
camelsch_2434,2060023010,1,val
camelsch_2436,2060023010,1,val
camelsch_2437,2060023010,1,val
camelsch_2450,2060023010,1,val
camelsch_2458,2060023010,1,val
camelsch_2461,2060013010,2,train
camelsch_2462,2060008490,3,train
camelsch_2463,2060013010,2,train
camelsch_2468,2060023010,1,val
camelsch_2469,2060023010,1,val
camelsch_2471,2060023010,1,val
camelsch_2473,2060023010,1,val
camelsch_2474,2060013010,2,train
camelsch_2475,2060013010,2,train
camelsch_2477,2060023010,1,val
camelsch_2478,2060023010,1,val
camelsch_2480,2060023010,1,val
camelsch_2481,2060023010,1,val
camelsch_2485,2060016510,1,val
camelsch_2486,2060016510,1,val
camelsch_2487,2060023010,1,val
camelsch_2488,2060023010,1,val
camelsch_2490,2060016510,1,val
camelsch_2491,2060023010,1,val
camelsch_2493,2060016510,1,val
camelsch_2494,2060013010,2,train
camelsch_2497,2060023010,1,val
camelsch_2498,2060023010,1,val
camelsch_2500,2060023010,1,val
camelsch_2602,2060023010,1,val
camelsch_2603,2060023010,1,val
camelsch_2604,2060023010,1,val
camelsch_2605,2060013010,2,train
camelsch_2606,2060016510,1,val
camelsch_2607,2060016510,1,val
camelsch_2608,2060023010,1,val
camelsch_2609,2060023010,1,val
camelsch_2610,2060023010,1,val
camelsch_2612,2060013010,2,train
camelsch_2613,2060023010,1,val
camelsch_2617,2060012980,2,train
camelsch_2620,2060013010,2,train
camelsch_2629,2060013010,2,train
camelsch_2630,2060016510,1,val
camelsch_2631,2060023010,1,val
camelsch_2634,2060023010,1,val
camelsch_2635,2060023010,1,val
camelscz_24042409,2060024170,2,train
camelscz_B4403000,2060008490,3,train
camelscz_B4412000,2060008490,3,train
camelscz_B4413000,2060008490,3,train
camelscz_B4418000,2060008490,3,train
camelscz_B4421500,2060008490,3,train
camelscz_B4422000,2060008490,3,train
camelscz_B4426000,2060008490,3,train
camelscz_B4429000,2060008490,3,train
camelscz_B4430000,2060008490,3,train
camelscz_B4432000,2060008490,3,train
camelscz_B4434000,2060008490,3,train
camelscz_B4435000,2060008490,3,train
camelscz_B4437000,2060008490,3,train
camelscz_B4440000,2060008490,3,train
camelscz_B4442000,2060008490,3,train
camelscz_B4445000,2060008490,3,train
camelscz_B4447000,2060008490,3,train
camelscz_B4448000,2060008490,3,train
camelscz_B4457000,2060008490,3,train
camelscz_B4462000,2060008490,3,train
camelscz_B4465000,2060008490,3,train
camelscz_B4469000,2060008490,3,train
camelscz_B4473000,2060008490,3,train
camelscz_B4474000,2060008490,3,train
camelscz_B4477000,2060008490,3,train
camelscz_B4478000,2060008490,3,train
camelscz_B4480500,2060008490,3,train
camelscz_B6469500,2060008490,3,train
camelscz_B8449000,2060008490,3,train
camelscz_B8453000,2060008490,3,train
camelscz_B8471000,2060008490,3,train
camelscz_C4106000,2060024170,2,train
camelscz_C4107000,2060024170,2,train
camelscz_C4108000,2060024170,2,train
camelscz_C4109000,2060024170,2,train
camelscz_C4109500,2060024170,2,train
camelscz_C4110200,2060024170,2,train
camelscz_C4111000,2060024170,2,train
camelscz_C4112600,2060024170,2,train
camelscz_C4113000,2060024170,2,train
camelscz_C4115000,2060024170,2,train
camelscz_C4115100,2060024170,2,train
camelscz_C4119000,2060024170,2,train
camelscz_C4122000,2060024170,2,train
camelscz_C4123000,2060024170,2,train
camelscz_C4124000,2060024170,2,train
camelscz_C4126000,2060024170,2,train
camelscz_C4127000,2060024170,2,train
camelscz_C4128000,2060024170,2,train
camelscz_C4129000,2060024170,2,train
camelscz_C4131000,2060024170,2,train
camelscz_C4132500,2060024170,2,train
camelscz_C4133000,2060024170,2,train
camelscz_C4135000,2060024170,2,train
camelscz_C4136500,2060024170,2,train
camelscz_C4138000,2060024170,2,train
camelscz_C4139000,2060024170,2,train
camelscz_C4141000,2060024170,2,train
camelscz_C4141300,2060024170,2,train
camelscz_C4141700,2060024170,2,train
camelscz_C4143000,2060024170,2,train
camelscz_C4145000,2060024170,2,train
camelscz_C4147000,2060024170,2,train
camelscz_C4148000,2060024170,2,train
camelscz_C4148500,2060024170,2,train
camelscz_C4150000,2060024170,2,train
camelscz_C4151000,2060024170,2,train
camelscz_C4152000,2060024170,2,train
camelscz_C4153000,2060024170,2,train
camelscz_H4001000,2060024170,2,train
camelscz_H4002000,2060024170,2,train
camelscz_H4003000,2060024170,2,train
camelscz_H4004000,2060024170,2,train
camelscz_H4004200,2060024170,2,train
camelscz_H4006000,2060024170,2,train
camelscz_H4013000,2060024170,2,train
camelscz_H4014100,2060024170,2,train
camelscz_H4014800,2060024170,2,train
camelscz_H4016000,2060024170,2,train
camelscz_H4017000,2060024170,2,train
camelscz_H4017800,2060024170,2,train
camelscz_H4018000,2060024170,2,train
camelscz_H4020000,2060024170,2,train
camelscz_H4021000,2060024170,2,train
camelscz_H4023500,2060024170,2,train
camelscz_H4024000,2060024170,2,train
camelscz_H4025000,2060024170,2,train
camelscz_H4025500,2060024170,2,train
camelscz_H4027000,2060024170,2,train
camelscz_H4028000,2060024170,2,train
camelscz_H4030000,2060024170,2,train
camelscz_H4031000,2060024170,2,train
camelscz_H4032000,2060024170,2,train
camelscz_H4034000,2060024170,2,train
camelscz_H4035000,2060024170,2,train
camelscz_H4036000,2060024170,2,train
camelscz_H4037000,2060024170,2,train
camelscz_H4038000,2060024170,2,train
camelscz_H4039000,2060024170,2,train
camelscz_H4042000,2060024170,2,train
camelscz_H4043000,2060024170,2,train
camelscz_H4045000,2060024170,2,train
camelscz_H4047000,2060024170,2,train
camelscz_H4048000,2060024170,2,train
camelscz_H4049000,2060024170,2,train
camelscz_H4052000,2060024170,2,train
camelscz_H4055500,2060024170,2,train
camelscz_H4057200,2060024170,2,train
camelscz_H4058000,2060024170,2,train
camelscz_H4059000,2060024170,2,train
camelscz_H4061000,2060024170,2,train
camelscz_H4068000,2060024170,2,train
camelscz_H4069000,2060024170,2,train
camelscz_H4070000,2060024170,2,train
camelscz_H4071000,2060024170,2,train
camelscz_H4075000,2060024170,2,train
camelscz_L4172000,2060024170,2,train
camelscz_L4173000,2060024170,2,train
camelscz_L4174000,2060024170,2,train
camelscz_L4175000,2060024170,2,train
camelscz_L4176100,2060024170,2,train
camelscz_L4178500,2060024170,2,train
camelscz_L4179000,2060024170,2,train
camelscz_L4179900,2060024170,2,train
camelscz_L4180100,2060024170,2,train
camelscz_L4182000,2060024170,2,train
camelscz_L4183000,2060024170,2,train
camelscz_L4186000,2060024170,2,train
camelscz_L4186500,2060024170,2,train
camelscz_L4186800,2060024170,2,train
camelscz_L4186900,2060024170,2,train
camelscz_L4187000,2060024170,2,train
camelscz_L4187500,2060024170,2,train
camelscz_L4188000,2060024170,2,train
camelscz_L4189000,2060024170,2,train
camelscz_L4190000,2060024170,2,train
camelscz_L4191000,2060024170,2,train
camelscz_L4191800,2060024170,2,train
camelscz_L4196000,2060024170,2,train
camelscz_L4197300,2060024170,2,train
camelscz_L4198000,2060024170,2,train
camelscz_L8LUCI00,2060024170,2,train
camelscz_L8NYRS00,2060024170,2,train
camelscz_L8ZLUT00,2060024170,2,train
camelscz_O4257000,2060026060,4,train
camelscz_O4263000,2060026060,4,train
camelscz_O4265000,2060026060,4,train
camelscz_O4266000,2060026060,4,train
camelscz_O4275000,2060026060,4,train
camelscz_O4293000,2060026060,4,train
camelscz_O4294000,2060026060,4,train
camelscz_O4303000,2060026060,4,train
camelscz_O4304300,2060026060,4,train
camelscz_O4313000,2060026060,4,train
camelscz_O4345000,2060008490,3,train
camelscz_O4350000,2060008490,3,train
camelscz_O4354000,2060008490,3,train
camelscz_O4355000,2060008490,3,train
camelscz_O4360900,2060008490,3,train
camelscz_O4367000,2060008490,3,train
camelscz_O4370500,2060008490,3,train
camelscz_O4378100,2060008490,3,train
camelscz_O4379000,2060008490,3,train
camelscz_O4380000,2060008490,3,train
camelscz_O4381000,2060008490,3,train
camelscz_O4382000,2060008490,3,train
camelscz_O4387000,2060008490,3,train
camelscz_O4388000,2060008490,3,train
camelscz_O4389000,2060008490,3,train
camelscz_O4390000,2060008490,3,train
camelscz_O8SACE00,2060026060,4,train
camelscz_O8TERO00,2060026060,4,train
camelscz_P4065000,2060024170,2,train
camelscz_P4066000,2060024170,2,train
camelscz_P4077000,2060024170,2,train
camelscz_P4082000,2060024170,2,train
camelscz_P4082700,2060024170,2,train
camelscz_P4083000,2060024170,2,train
camelscz_P4084500,2060024170,2,train
camelscz_P4085000,2060024170,2,train
camelscz_P4086000,2060024170,2,train
camelscz_P4087000,2060024170,2,train
camelscz_P4088000,2060024170,2,train
camelscz_P4090000,2060024170,2,train
camelscz_P4091000,2060024170,2,train
camelscz_P4094000,2060024170,2,train
camelscz_P4098000,2060024170,2,train
camelscz_P4100000,2060024170,2,train
camelscz_P4101800,2060024170,2,train
camelscz_P4104400,2060024170,2,train
camelscz_P4153800,2060024170,2,train
camelscz_P4153900,2060024170,2,train
camelscz_P4154600,2060024170,2,train
camelscz_P4155800,2060024170,2,train
camelscz_P4158000,2060024170,2,train
camelscz_P4161000,2060024170,2,train
camelscz_P4161700,2060024170,2,train
camelscz_P4161900,2060024170,2,train
camelscz_P4162200,2060024170,2,train
camelscz_P4162520,2060024170,2,train
camelscz_P4162600,2060024170,2,train
camelscz_P4162700,2060024170,2,train
camelscz_P4163100,2060024170,2,train
camelscz_P4163200,2060024170,2,train
camelscz_P4165000,2060024170,2,train
camelscz_P4165600,2060024170,2,train
camelscz_P4165800,2060024170,2,train
camelscz_P4166000,2060024170,2,train
camelscz_P4167200,2060024170,2,train
camelscz_P4200100,2060024170,2,train
camelscz_P4203000,2060024170,2,train
camelscz_P4204000,2060024170,2,train
camelscz_P4219000,2060024170,2,train
camelscz_P4221000,2060024170,2,train
camelscz_P4226000,2060024170,2,train
camelscz_P4239000,2060024170,2,train
camelscz_P4240000,2060024170,2,train
camelscz_P4244000,2060024170,2,train
camelscz_P4245000,2060024170,2,train
camelscz_U4206000,2060024170,2,train
camelscz_U4207300,2060024170,2,train
camelscz_U4208200,2060024170,2,train
camelscz_U4210100,2060024170,2,train
camelscz_U4210900,2060024170,2,train
camelscz_U4214000,2060024170,2,train
camelscz_U4216000,2060024170,2,train
camelscz_U4222900,2060024170,2,train
camelscz_U4231000,2060024170,2,train
camelscz_U4232200,2060024170,2,train
camelscz_U4234000,2060024170,2,train
camelscz_U4235000,2060024170,2,train
camelscz_U4241000,2060024170,2,train
camelscz_U4314000,2060026060,4,train
camelscz_U4316000,2060026060,4,train
camelscz_U4320000,2060026060,4,train
camelscz_U4321000,2060026060,4,train
camelscz_U4322000,2060026060,4,train
camelscz_U4323000,2060026060,4,train
camelscz_U4324000,2060026060,4,train
camelscz_U4326000,2060026060,4,train
camelsde_DE110000,2060008490,3,train
camelsde_DE110020,2060008490,3,train
camelsde_DE110030,2060008490,3,train
camelsde_DE110040,2060008490,3,train
camelsde_DE110050,2060008490,3,train
camelsde_DE110060,2060008490,3,train
camelsde_DE110090,2060008490,3,train
camelsde_DE110100,2060008490,3,train
camelsde_DE110120,2060008490,3,train
camelsde_DE110130,2060008490,3,train
camelsde_DE110140,2060008490,3,train
camelsde_DE110150,2060008490,3,train
camelsde_DE110160,2060008490,3,train
camelsde_DE110170,2060023010,1,val
camelsde_DE110210,2060023010,1,val
camelsde_DE110220,2060023010,1,val
camelsde_DE110250,2060023010,1,val
camelsde_DE110280,2060023010,1,val
camelsde_DE110290,2060023010,1,val
camelsde_DE110300,2060023010,1,val
camelsde_DE110310,2060023010,1,val
camelsde_DE110320,2060023010,1,val
camelsde_DE110330,2060023010,1,val
camelsde_DE110340,2060023010,1,val
camelsde_DE110350,2060023010,1,val
camelsde_DE110360,2060023010,1,val
camelsde_DE110370,2060023010,1,val
camelsde_DE110380,2060023010,1,val
camelsde_DE110410,2060023010,1,val
camelsde_DE110420,2060023010,1,val
camelsde_DE110460,2060023010,1,val
camelsde_DE110470,2060023010,1,val
camelsde_DE110490,2060023010,1,val
camelsde_DE110510,2060023010,1,val
camelsde_DE110520,2060023010,1,val
camelsde_DE110530,2060023010,1,val
camelsde_DE110560,2060023010,1,val
camelsde_DE110570,2060023010,1,val
camelsde_DE110600,2060008490,3,train
camelsde_DE110610,2060008490,3,train
camelsde_DE110620,2060008490,3,train
camelsde_DE110650,2060008490,3,train
camelsde_DE110660,2060008490,3,train
camelsde_DE110680,2060008490,3,train
camelsde_DE110690,2060008490,3,train
camelsde_DE110700,2060008490,3,train
camelsde_DE110730,2060008490,3,train
camelsde_DE110750,2060008490,3,train
camelsde_DE110780,2060008490,3,train
camelsde_DE110810,2060008490,3,train
camelsde_DE110820,2060008490,3,train
camelsde_DE110840,2060008490,3,train
camelsde_DE110860,2060008490,3,train
camelsde_DE110870,2060008490,3,train
camelsde_DE110880,2060008490,3,train
camelsde_DE110890,2060008490,3,train
camelsde_DE110900,2060008490,3,train
camelsde_DE110920,2060023010,1,val
camelsde_DE110940,2060023010,1,val
camelsde_DE110950,2060023010,1,val
camelsde_DE110970,2060023010,1,val
camelsde_DE111000,2060023010,1,val
camelsde_DE111010,2060023010,1,val
camelsde_DE111030,2060023010,1,val
camelsde_DE111070,2060023010,1,val
camelsde_DE111110,2060023010,1,val
camelsde_DE111120,2060023010,1,val
camelsde_DE111130,2060023010,1,val
camelsde_DE111150,2060023010,1,val
camelsde_DE111160,2060023010,1,val
camelsde_DE111170,2060023010,1,val
camelsde_DE111180,2060023010,1,val
camelsde_DE111190,2060023010,1,val
camelsde_DE111200,2060023010,1,val
camelsde_DE111210,2060023010,1,val
camelsde_DE111220,2060023010,1,val
camelsde_DE111230,2060023010,1,val
camelsde_DE111240,2060023010,1,val
camelsde_DE111260,2060023010,1,val
camelsde_DE111280,2060023010,1,val
camelsde_DE111290,2060023010,1,val
camelsde_DE111310,2060023010,1,val
camelsde_DE111330,2060023010,1,val
camelsde_DE111340,2060023010,1,val
camelsde_DE111360,2060023010,1,val
camelsde_DE111370,2060023010,1,val
camelsde_DE111380,2060023010,1,val
camelsde_DE111410,2060023010,1,val
camelsde_DE111420,2060023010,1,val
camelsde_DE111430,2060023010,1,val
camelsde_DE111440,2060023010,1,val
camelsde_DE111450,2060023010,1,val
camelsde_DE111470,2060023010,1,val
camelsde_DE111480,2060023010,1,val
camelsde_DE111490,2060023010,1,val
camelsde_DE111500,2060023010,1,val
camelsde_DE111510,2060023010,1,val
camelsde_DE111540,2060023010,1,val
camelsde_DE111550,2060023010,1,val
camelsde_DE111560,2060023010,1,val
camelsde_DE111570,2060023010,1,val
camelsde_DE111580,2060023010,1,val
camelsde_DE111590,2060023010,1,val
camelsde_DE111610,2060023010,1,val
camelsde_DE111640,2060023010,1,val
camelsde_DE111650,2060023010,1,val
camelsde_DE111660,2060023010,1,val
camelsde_DE111670,2060023010,1,val
camelsde_DE111690,2060023010,1,val
camelsde_DE111700,2060023010,1,val
camelsde_DE111710,2060023010,1,val
camelsde_DE111760,2060023010,1,val
camelsde_DE111780,2060008490,3,train
camelsde_DE111790,2060008490,3,train
camelsde_DE111820,2060023010,1,val
camelsde_DE111830,2060008490,3,train
camelsde_DE111850,2060023010,1,val
camelsde_DE111870,2060023010,1,val
camelsde_DE111880,2060023010,1,val
camelsde_DE111900,2060023010,1,val
camelsde_DE111910,2060023010,1,val
camelsde_DE111920,2060023010,1,val
camelsde_DE111960,2060023010,1,val
camelsde_DE111980,2060008490,3,train
camelsde_DE112010,2060023010,1,val
camelsde_DE112020,2060023010,1,val
camelsde_DE112030,2060023010,1,val
camelsde_DE112040,2060023010,1,val
camelsde_DE112050,2060023010,1,val
camelsde_DE112060,2060023010,1,val
camelsde_DE112070,2060023010,1,val
camelsde_DE112100,2060023010,1,val
camelsde_DE112140,2060023010,1,val
camelsde_DE112200,2060023010,1,val
camelsde_DE112220,2060023010,1,val
camelsde_DE112260,2060023010,1,val
camelsde_DE112310,2060008490,3,train
camelsde_DE112330,2060023010,1,val
camelsde_DE112350,2060023010,1,val
camelsde_DE112360,2060023010,1,val
camelsde_DE112370,2060023010,1,val
camelsde_DE112380,2060023010,1,val
camelsde_DE112390,2060023010,1,val
camelsde_DE112400,2060008490,3,train
camelsde_DE112410,2060008490,3,train
camelsde_DE112420,2060023010,1,val
camelsde_DE112450,2060008490,3,train
camelsde_DE112480,2060023010,1,val
camelsde_DE112490,2060008490,3,train
camelsde_DE112500,2060008490,3,train
camelsde_DE210000,2060008490,3,train
camelsde_DE210020,2060008490,3,train
camelsde_DE210190,2060008490,3,train
camelsde_DE210200,2060008490,3,train
camelsde_DE210210,2060008490,3,train
camelsde_DE210220,2060008490,3,train
camelsde_DE210230,2060008490,3,train
camelsde_DE210240,2060008490,3,train
camelsde_DE210250,2060008490,3,train
camelsde_DE210260,2060008490,3,train
camelsde_DE210290,2060008490,3,train
camelsde_DE210300,2060008490,3,train
camelsde_DE210310,2060008490,3,train
camelsde_DE210320,2060008490,3,train
camelsde_DE210350,2060008490,3,train
camelsde_DE210360,2060008490,3,train
camelsde_DE210370,2060008490,3,train
camelsde_DE210380,2060008490,3,train
camelsde_DE210400,2060008490,3,train
camelsde_DE210410,2060008490,3,train
camelsde_DE210420,2060008490,3,train
camelsde_DE210430,2060008490,3,train
camelsde_DE210450,2060008490,3,train
camelsde_DE210460,2060008490,3,train
camelsde_DE210470,2060008490,3,train
camelsde_DE210480,2060008490,3,train
camelsde_DE210490,2060008490,3,train
camelsde_DE210500,2060008490,3,train
camelsde_DE210510,2060008490,3,train
camelsde_DE210520,2060008490,3,train
camelsde_DE210530,2060008490,3,train
camelsde_DE210540,2060008490,3,train
camelsde_DE210550,2060008490,3,train
camelsde_DE210560,2060008490,3,train
camelsde_DE210570,2060008490,3,train
camelsde_DE210580,2060008490,3,train
camelsde_DE210590,2060008490,3,train
camelsde_DE210600,2060008490,3,train
camelsde_DE210610,2060008490,3,train
camelsde_DE210630,2060008490,3,train
camelsde_DE210640,2060008490,3,train
camelsde_DE210650,2060008490,3,train
camelsde_DE210660,2060008490,3,train
camelsde_DE210670,2060008490,3,train
camelsde_DE210680,2060008490,3,train
camelsde_DE210690,2060008490,3,train
camelsde_DE210720,2060008490,3,train
camelsde_DE210730,2060008490,3,train
camelsde_DE210750,2060008490,3,train
camelsde_DE210760,2060008490,3,train
camelsde_DE210770,2060008490,3,train
camelsde_DE210780,2060008490,3,train
camelsde_DE210790,2060008490,3,train
camelsde_DE210800,2060008490,3,train
camelsde_DE210830,2060008490,3,train
camelsde_DE210840,2060008490,3,train
camelsde_DE210860,2060008490,3,train
camelsde_DE210870,2060008490,3,train
camelsde_DE210880,2060008490,3,train
camelsde_DE210900,2060008490,3,train
camelsde_DE210910,2060008490,3,train
camelsde_DE210920,2060008490,3,train
camelsde_DE210940,2060008490,3,train
camelsde_DE210950,2060008490,3,train
camelsde_DE210970,2060008490,3,train
camelsde_DE211000,2060008490,3,train
camelsde_DE211010,2060008490,3,train
camelsde_DE211030,2060008490,3,train
camelsde_DE211040,2060008490,3,train
camelsde_DE211050,2060008490,3,train
camelsde_DE211060,2060008490,3,train
camelsde_DE211070,2060008490,3,train
camelsde_DE211080,2060008490,3,train
camelsde_DE211090,2060008490,3,train
camelsde_DE211100,2060008490,3,train
camelsde_DE211110,2060008490,3,train
camelsde_DE211120,2060008490,3,train
camelsde_DE211130,2060008490,3,train
camelsde_DE211150,2060008490,3,train
camelsde_DE211160,2060008490,3,train
camelsde_DE211170,2060008490,3,train
camelsde_DE211180,2060008490,3,train
camelsde_DE211190,2060008490,3,train
camelsde_DE211200,2060008490,3,train
camelsde_DE211220,2060008490,3,train
camelsde_DE211230,2060008490,3,train
camelsde_DE211240,2060008490,3,train
camelsde_DE211250,2060008490,3,train
camelsde_DE211260,2060008490,3,train
camelsde_DE211270,2060008490,3,train
camelsde_DE211280,2060008490,3,train
camelsde_DE211290,2060008490,3,train
camelsde_DE211310,2060008490,3,train
camelsde_DE211320,2060008490,3,train
camelsde_DE211330,2060008490,3,train
camelsde_DE211340,2060008490,3,train
camelsde_DE211350,2060008490,3,train
camelsde_DE211360,2060008490,3,train
camelsde_DE211370,2060008490,3,train
camelsde_DE211380,2060008490,3,train
camelsde_DE211390,2060008490,3,train
camelsde_DE211400,2060008490,3,train
camelsde_DE211410,2060008490,3,train
camelsde_DE211420,2060008490,3,train
camelsde_DE211430,2060008490,3,train
camelsde_DE211440,2060008490,3,train
camelsde_DE211450,2060008490,3,train
camelsde_DE211460,2060008490,3,train
camelsde_DE211470,2060008490,3,train
camelsde_DE211490,2060008490,3,train
camelsde_DE211500,2060008490,3,train
camelsde_DE211510,2060008490,3,train
camelsde_DE211520,2060008490,3,train
camelsde_DE211530,2060008490,3,train
camelsde_DE211540,2060008490,3,train
camelsde_DE211550,2060008490,3,train
camelsde_DE211560,2060008490,3,train
camelsde_DE211570,2060008490,3,train
camelsde_DE211580,2060008490,3,train
camelsde_DE211590,2060008490,3,train
camelsde_DE211600,2060008490,3,train
camelsde_DE211610,2060008490,3,train
camelsde_DE211620,2060008490,3,train
camelsde_DE211630,2060008490,3,train
camelsde_DE211640,2060008490,3,train
camelsde_DE211680,2060008490,3,train
camelsde_DE211690,2060008490,3,train
camelsde_DE211700,2060008490,3,train
camelsde_DE211710,2060008490,3,train
camelsde_DE211720,2060008490,3,train
camelsde_DE211730,2060008490,3,train
camelsde_DE211740,2060008490,3,train
camelsde_DE211760,2060008490,3,train
camelsde_DE211770,2060008490,3,train
camelsde_DE211780,2060008490,3,train
camelsde_DE211790,2060008490,3,train
camelsde_DE211800,2060008490,3,train
camelsde_DE211810,2060008490,3,train
camelsde_DE211820,2060008490,3,train
camelsde_DE211830,2060008490,3,train
camelsde_DE211840,2060008490,3,train
camelsde_DE211870,2060008490,3,train
camelsde_DE211880,2060008490,3,train
camelsde_DE211900,2060008490,3,train
camelsde_DE211910,2060008490,3,train
camelsde_DE211930,2060008490,3,train
camelsde_DE211940,2060008490,3,train
camelsde_DE211950,2060008490,3,train
camelsde_DE211960,2060008490,3,train
camelsde_DE211970,2060008490,3,train
camelsde_DE211980,2060008490,3,train
camelsde_DE211990,2060008490,3,train
camelsde_DE212030,2060008490,3,train
camelsde_DE212040,2060008490,3,train
camelsde_DE212050,2060008490,3,train
camelsde_DE212060,2060008490,3,train
camelsde_DE212070,2060008490,3,train
camelsde_DE212080,2060008490,3,train
camelsde_DE212090,2060008490,3,train
camelsde_DE212100,2060008490,3,train
camelsde_DE212130,2060008490,3,train
camelsde_DE212200,2060008490,3,train
camelsde_DE212210,2060008490,3,train
camelsde_DE212220,2060008490,3,train
camelsde_DE212230,2060008490,3,train
camelsde_DE212240,2060008490,3,train
camelsde_DE212260,2060008490,3,train
camelsde_DE212270,2060008490,3,train
camelsde_DE212280,2060008490,3,train
camelsde_DE212290,2060008490,3,train
camelsde_DE212300,2060008490,3,train
camelsde_DE212310,2060008490,3,train
camelsde_DE212320,2060008490,3,train
camelsde_DE212330,2060008490,3,train
camelsde_DE212340,2060008490,3,train
camelsde_DE212350,2060008490,3,train
camelsde_DE212370,2060008490,3,train
camelsde_DE212380,2060008490,3,train
camelsde_DE212390,2060008490,3,train
camelsde_DE212400,2060008490,3,train
camelsde_DE212430,2060008490,3,train
camelsde_DE212440,2060008490,3,train
camelsde_DE212450,2060008490,3,train
camelsde_DE212460,2060008490,3,train
camelsde_DE212470,2060008490,3,train
camelsde_DE212500,2060008490,3,train
camelsde_DE212510,2060008490,3,train
camelsde_DE212530,2060008490,3,train
camelsde_DE212540,2060008490,3,train
camelsde_DE212550,2060008490,3,train
camelsde_DE212560,2060008490,3,train
camelsde_DE212570,2060008490,3,train
camelsde_DE212590,2060008490,3,train
camelsde_DE212600,2060008490,3,train
camelsde_DE212610,2060008490,3,train
camelsde_DE212620,2060008490,3,train
camelsde_DE212640,2060008490,3,train
camelsde_DE212650,2060008490,3,train
camelsde_DE212660,2060008490,3,train
camelsde_DE212670,2060008490,3,train
camelsde_DE212680,2060008490,3,train
camelsde_DE212690,2060008490,3,train
camelsde_DE212710,2060008490,3,train
camelsde_DE212720,2060008490,3,train
camelsde_DE212730,2060008490,3,train
camelsde_DE212740,2060008490,3,train
camelsde_DE212750,2060008490,3,train
camelsde_DE212760,2060008490,3,train
camelsde_DE212770,2060008490,3,train
camelsde_DE212780,2060008490,3,train
camelsde_DE212800,2060008490,3,train
camelsde_DE212810,2060008490,3,train
camelsde_DE212820,2060008490,3,train
camelsde_DE212830,2060008490,3,train
camelsde_DE212860,2060008490,3,train
camelsde_DE212870,2060008490,3,train
camelsde_DE212890,2060008490,3,train
camelsde_DE212900,2060008490,3,train
camelsde_DE212910,2060008490,3,train
camelsde_DE212920,2060008490,3,train
camelsde_DE212930,2060008490,3,train
camelsde_DE212940,2060008490,3,train
camelsde_DE212950,2060008490,3,train
camelsde_DE212960,2060008490,3,train
camelsde_DE212970,2060008490,3,train
camelsde_DE212980,2060008490,3,train
camelsde_DE213010,2060008490,3,train
camelsde_DE213020,2060008490,3,train
camelsde_DE213030,2060008490,3,train
camelsde_DE213050,2060008490,3,train
camelsde_DE213060,2060008490,3,train
camelsde_DE213110,2060008490,3,train
camelsde_DE213130,2060008490,3,train
camelsde_DE213140,2060008490,3,train
camelsde_DE213150,2060008490,3,train
camelsde_DE213170,2060008490,3,train
camelsde_DE213180,2060008490,3,train
camelsde_DE213190,2060008490,3,train
camelsde_DE213200,2060008490,3,train
camelsde_DE213210,2060008490,3,train
camelsde_DE213220,2060008490,3,train
camelsde_DE213250,2060008490,3,train
camelsde_DE213280,2060008490,3,train
camelsde_DE213290,2060008490,3,train
camelsde_DE213310,2060008490,3,train
camelsde_DE213320,2060008490,3,train
camelsde_DE213330,2060008490,3,train
camelsde_DE213350,2060008490,3,train
camelsde_DE213360,2060008490,3,train
camelsde_DE213370,2060008490,3,train
camelsde_DE213380,2060008490,3,train
camelsde_DE213390,2060008490,3,train
camelsde_DE213400,2060008490,3,train
camelsde_DE213420,2060008490,3,train
camelsde_DE213430,2060008490,3,train
camelsde_DE213440,2060008490,3,train
camelsde_DE213450,2060008490,3,train
camelsde_DE213460,2060008490,3,train
camelsde_DE213470,2060008490,3,train
camelsde_DE213480,2060008490,3,train
camelsde_DE213490,2060008490,3,train
camelsde_DE213500,2060008490,3,train
camelsde_DE213510,2060008490,3,train
camelsde_DE213520,2060008490,3,train
camelsde_DE213530,2060008490,3,train
camelsde_DE213540,2060008490,3,train
camelsde_DE213550,2060008490,3,train
camelsde_DE213560,2060008490,3,train
camelsde_DE213570,2060008490,3,train
camelsde_DE213580,2060008490,3,train
camelsde_DE213590,2060008490,3,train
camelsde_DE213600,2060008490,3,train
camelsde_DE213620,2060008490,3,train
camelsde_DE213630,2060008490,3,train
camelsde_DE213640,2060008490,3,train
camelsde_DE213660,2060023010,1,val
camelsde_DE213680,2060023010,1,val
camelsde_DE213690,2060023010,1,val
camelsde_DE213700,2060023010,1,val
camelsde_DE213710,2060023010,1,val
camelsde_DE213730,2060023010,1,val
camelsde_DE213740,2060023010,1,val
camelsde_DE213770,2060023010,1,val
camelsde_DE213780,2060023010,1,val
camelsde_DE213800,2060023010,1,val
camelsde_DE213820,2060023010,1,val
camelsde_DE213830,2060023010,1,val
camelsde_DE213840,2060023010,1,val
camelsde_DE213850,2060023010,1,val
camelsde_DE213860,2060023010,1,val
camelsde_DE213870,2060023010,1,val
camelsde_DE213880,2060023010,1,val
camelsde_DE213890,2060023010,1,val
camelsde_DE213900,2060023010,1,val
camelsde_DE213910,2060023010,1,val
camelsde_DE213920,2060023010,1,val
camelsde_DE213930,2060023010,1,val
camelsde_DE213940,2060023010,1,val
camelsde_DE213950,2060023010,1,val
camelsde_DE213960,2060023010,1,val
camelsde_DE213970,2060023010,1,val
camelsde_DE213990,2060023010,1,val
camelsde_DE214000,2060023010,1,val
camelsde_DE214010,2060023010,1,val
camelsde_DE214020,2060023010,1,val
camelsde_DE214030,2060023010,1,val
camelsde_DE214040,2060023010,1,val
camelsde_DE214050,2060023010,1,val
camelsde_DE214060,2060023010,1,val
camelsde_DE214070,2060023010,1,val
camelsde_DE214080,2060023010,1,val
camelsde_DE214090,2060023010,1,val
camelsde_DE214100,2060023010,1,val
camelsde_DE214110,2060023010,1,val
camelsde_DE214120,2060023010,1,val
camelsde_DE214130,2060023010,1,val
camelsde_DE214140,2060023010,1,val
camelsde_DE214150,2060023010,1,val
camelsde_DE214160,2060023010,1,val
camelsde_DE214170,2060023010,1,val
camelsde_DE214190,2060023010,1,val
camelsde_DE214200,2060023010,1,val
camelsde_DE214210,2060023010,1,val
camelsde_DE214220,2060023010,1,val
camelsde_DE214230,2060023010,1,val
camelsde_DE214240,2060023010,1,val
camelsde_DE214250,2060023010,1,val
camelsde_DE214260,2060023010,1,val
camelsde_DE214290,2060023010,1,val
camelsde_DE214300,2060023010,1,val
camelsde_DE214310,2060023010,1,val
camelsde_DE214320,2060023010,1,val
camelsde_DE214330,2060023010,1,val
camelsde_DE214350,2060023010,1,val
camelsde_DE214360,2060023010,1,val
camelsde_DE214370,2060023010,1,val
camelsde_DE214380,2060023010,1,val
camelsde_DE214400,2060023010,1,val
camelsde_DE214410,2060023010,1,val
camelsde_DE214420,2060023010,1,val
camelsde_DE214430,2060023010,1,val
camelsde_DE214440,2060023010,1,val
camelsde_DE214450,2060023010,1,val
camelsde_DE214460,2060023010,1,val
camelsde_DE214470,2060023010,1,val
camelsde_DE214480,2060023010,1,val
camelsde_DE214490,2060023010,1,val
camelsde_DE214500,2060023010,1,val
camelsde_DE214510,2060023010,1,val
camelsde_DE214520,2060023010,1,val
camelsde_DE214530,2060023010,1,val
camelsde_DE214540,2060023010,1,val
camelsde_DE214550,2060023010,1,val
camelsde_DE214560,2060023010,1,val
camelsde_DE214570,2060023010,1,val
camelsde_DE214580,2060023010,1,val
camelsde_DE214590,2060023010,1,val
camelsde_DE214600,2060023010,1,val
camelsde_DE214610,2060023010,1,val
camelsde_DE214630,2060023010,1,val
camelsde_DE214640,2060023010,1,val
camelsde_DE214650,2060023010,1,val
camelsde_DE214660,2060023010,1,val
camelsde_DE214690,2060023010,1,val
camelsde_DE214700,2060023010,1,val
camelsde_DE214720,2060023010,1,val
camelsde_DE214730,2060023010,1,val
camelsde_DE214740,2060023010,1,val
camelsde_DE214760,2060023010,1,val
camelsde_DE214770,2060023010,1,val
camelsde_DE214780,2060023010,1,val
camelsde_DE214790,2060023010,1,val
camelsde_DE214800,2060023010,1,val
camelsde_DE214810,2060023010,1,val
camelsde_DE214830,2060023010,1,val
camelsde_DE214840,2060023010,1,val
camelsde_DE214850,2060023010,1,val
camelsde_DE214860,2060023010,1,val
camelsde_DE214880,2060023010,1,val
camelsde_DE214890,2060023010,1,val
camelsde_DE214910,2060023010,1,val
camelsde_DE214920,2060023010,1,val
camelsde_DE214930,2060023010,1,val
camelsde_DE214940,2060023010,1,val
camelsde_DE214950,2060023010,1,val
camelsde_DE214960,2060023010,1,val
camelsde_DE214970,2060023010,1,val
camelsde_DE214980,2060023010,1,val
camelsde_DE214990,2060023010,1,val
camelsde_DE215010,2060023010,1,val
camelsde_DE215020,2060023010,1,val
camelsde_DE215030,2060023010,1,val
camelsde_DE215040,2060023010,1,val
camelsde_DE215050,2060023010,1,val
camelsde_DE215060,2060023010,1,val
camelsde_DE215080,2060023010,1,val
camelsde_DE215090,2060023010,1,val
camelsde_DE215100,2060023010,1,val
camelsde_DE215110,2060023010,1,val
camelsde_DE215120,2060023010,1,val
camelsde_DE215140,2060023010,1,val
camelsde_DE215150,2060023010,1,val
camelsde_DE215160,2060023010,1,val
camelsde_DE215170,2060023010,1,val
camelsde_DE215180,2060023010,1,val
camelsde_DE215190,2060024170,2,train
camelsde_DE215200,2060024170,2,train
camelsde_DE215220,2060024170,2,train
camelsde_DE215230,2060024170,2,train
camelsde_DE215240,2060024170,2,train
camelsde_DE215250,2060024170,2,train
camelsde_DE215260,2060024170,2,train
camelsde_DE215270,2060024170,2,train
camelsde_DE215280,2060024170,2,train
camelsde_DE215290,2060024170,2,train
camelsde_DE215320,2060024170,2,train
camelsde_DE215330,2060024170,2,train
camelsde_DE215340,2060024170,2,train
camelsde_DE410020,2060025960,0,test
camelsde_DE410030,2060025960,0,test
camelsde_DE410130,2060024170,2,train
camelsde_DE410140,2060024170,2,train
camelsde_DE410150,2060024170,2,train
camelsde_DE410170,2060024170,2,train
camelsde_DE410180,2060024170,2,train
camelsde_DE410210,2060024170,2,train
camelsde_DE410230,2060024170,2,train
camelsde_DE410260,2060024170,2,train
camelsde_DE410460,2060024170,2,train
camelsde_DE410470,2060024170,2,train
camelsde_DE410480,2060024170,2,train
camelsde_DE410490,2060024170,2,train
camelsde_DE410510,2060024170,2,train
camelsde_DE410530,2060024170,2,train
camelsde_DE410550,2060024170,2,train
camelsde_DE410610,2060024170,2,train
camelsde_DE410800,2060024170,2,train
camelsde_DE410810,2060024170,2,train
camelsde_DE410830,2060024170,2,train
camelsde_DE410860,2060024170,2,train
camelsde_DE411170,2060024170,2,train
camelsde_DE411220,2060024170,2,train
camelsde_DE411230,2060024170,2,train
camelsde_DE411270,2060024170,2,train
camelsde_DE411280,2060024170,2,train
camelsde_DE411300,2060024170,2,train
camelsde_DE411320,2060024170,2,train
camelsde_DE411330,2060024170,2,train
camelsde_DE411350,2060024170,2,train
camelsde_DE411400,2060024170,2,train
camelsde_DE411410,2060024170,2,train
camelsde_DE411440,2060024170,2,train
camelsde_DE411720,2060024170,2,train
camelsde_DE411730,2060024170,2,train
camelsde_DE411750,2060024170,2,train
camelsde_DE411760,2060024170,2,train
camelsde_DE411770,2060024170,2,train
camelsde_DE411790,2060024170,2,train
camelsde_DE411810,2060024170,2,train
camelsde_DE411850,2060024170,2,train
camelsde_DE411920,2060024170,2,train
camelsde_DE411940,2060024170,2,train
camelsde_DE411970,2060024170,2,train
camelsde_DE412000,2060024170,2,train
camelsde_DE412010,2060024170,2,train
camelsde_DE412020,2060024170,2,train
camelsde_DE412050,2060024170,2,train
camelsde_DE412060,2060024170,2,train
camelsde_DE412070,2060024170,2,train
camelsde_DE412080,2060024170,2,train
camelsde_DE412090,2060024170,2,train
camelsde_DE412150,2060026060,4,train
camelsde_DE412180,2060026060,4,train
camelsde_DE412190,2060026060,4,train
camelsde_DE412200,2060026060,4,train
camelsde_DE412210,2060026060,4,train
camelsde_DE412220,2060026060,4,train
camelsde_DE412240,2060026060,4,train
camelsde_DE412260,2060026060,4,train
camelsde_DE412270,2060026060,4,train
camelsde_DE412310,2060024170,2,train
camelsde_DE412320,2060024170,2,train
camelsde_DE710000,2060023940,3,train
camelsde_DE710010,2060023940,3,train
camelsde_DE710020,2060023940,3,train
camelsde_DE710030,2060023010,1,val
camelsde_DE710040,2060023940,3,train
camelsde_DE710050,2060023940,3,train
camelsde_DE710060,2060023940,3,train
camelsde_DE710080,2060023010,1,val
camelsde_DE710090,2060023010,1,val
camelsde_DE710100,2060023010,1,val
camelsde_DE710110,2060023010,1,val
camelsde_DE710120,2060023010,1,val
camelsde_DE710150,2060023940,3,train
camelsde_DE710160,2060023010,1,val
camelsde_DE710170,2060023010,1,val
camelsde_DE710180,2060023010,1,val
camelsde_DE710190,2060023940,3,train
camelsde_DE710200,2060023010,1,val
camelsde_DE710210,2060023010,1,val
camelsde_DE710220,2060023940,3,train
camelsde_DE710230,2060023010,1,val
camelsde_DE710240,2060023940,3,train
camelsde_DE710250,2060023010,1,val
camelsde_DE710260,2060023010,1,val
camelsde_DE710270,2060023010,1,val
camelsde_DE710280,2060023010,1,val
camelsde_DE710290,2060023010,1,val
camelsde_DE710300,2060023010,1,val
camelsde_DE710310,2060023010,1,val
camelsde_DE710320,2060023940,3,train
camelsde_DE710330,2060023010,1,val
camelsde_DE710340,2060023010,1,val
camelsde_DE710350,2060023010,1,val
camelsde_DE710360,2060023940,3,train
camelsde_DE710380,2060023010,1,val
camelsde_DE710390,2060023010,1,val
camelsde_DE710400,2060023010,1,val
camelsde_DE710410,2060023010,1,val
camelsde_DE710420,2060023010,1,val
camelsde_DE710430,2060023940,3,train
camelsde_DE710440,2060023940,3,train
camelsde_DE710450,2060023940,3,train
camelsde_DE710460,2060023010,1,val
camelsde_DE710470,2060023940,3,train
camelsde_DE710490,2060023940,3,train
camelsde_DE710510,2060023940,3,train
camelsde_DE710520,2060023940,3,train
camelsde_DE710530,2060023010,1,val
camelsde_DE710550,2060023940,3,train
camelsde_DE710560,2060023010,1,val
camelsde_DE710570,2060023940,3,train
camelsde_DE710580,2060023010,1,val
camelsde_DE710590,2060023010,1,val
camelsde_DE710600,2060023010,1,val
camelsde_DE710640,2060023940,3,train
camelsde_DE710650,2060023010,1,val
camelsde_DE710660,2060023010,1,val
camelsde_DE710670,2060023010,1,val
camelsde_DE710680,2060023010,1,val
camelsde_DE710690,2060023010,1,val
camelsde_DE710700,2060023940,3,train
camelsde_DE710710,2060023010,1,val
camelsde_DE710730,2060023940,3,train
camelsde_DE710740,2060023010,1,val
camelsde_DE710750,2060023010,1,val
camelsde_DE710760,2060023010,1,val
camelsde_DE710770,2060023940,3,train
camelsde_DE710780,2060023010,1,val
camelsde_DE710800,2060023940,3,train
camelsde_DE710810,2060023010,1,val
camelsde_DE710820,2060023010,1,val
camelsde_DE710830,2060023940,3,train
camelsde_DE710840,2060023940,3,train
camelsde_DE710850,2060023010,1,val
camelsde_DE710860,2060023940,3,train
camelsde_DE710870,2060023010,1,val
camelsde_DE710880,2060023010,1,val
camelsde_DE710890,2060023940,3,train
camelsde_DE710900,2060023010,1,val
camelsde_DE710920,2060023010,1,val
camelsde_DE710930,2060023940,3,train
camelsde_DE710940,2060023010,1,val
camelsde_DE710950,2060023010,1,val
camelsde_DE810010,2060025270,1,val
camelsde_DE810020,2060025270,1,val
camelsde_DE810030,2060025270,1,val
camelsde_DE810050,2060025270,1,val
camelsde_DE810060,2060025270,1,val
camelsde_DE810090,2060025270,1,val
camelsde_DE810100,2060025270,1,val
camelsde_DE810110,2060025270,1,val
camelsde_DE810120,2060025270,1,val
camelsde_DE810180,2060025270,1,val
camelsde_DE810210,2060025270,1,val
camelsde_DE810220,2060025270,1,val
camelsde_DE810300,2060025760,1,val
camelsde_DE810320,2060025760,1,val
camelsde_DE810330,2060025760,1,val
camelsde_DE810390,2060025760,1,val
camelsde_DE810410,2060025760,1,val
camelsde_DE810420,2060025760,1,val
camelsde_DE810450,2060025760,1,val
camelsde_DE810470,2060025760,1,val
camelsde_DE810490,2060025760,1,val
camelsde_DE810550,2060025760,1,val
camelsde_DE810570,2060025760,1,val
camelsde_DE810580,2060025760,1,val
camelsde_DE810590,2060025760,1,val
camelsde_DE810600,2060025760,1,val
camelsde_DE810610,2060025760,1,val
camelsde_DE810670,2060025770,3,train
camelsde_DE810700,2060025770,3,train
camelsde_DE810770,2060025770,3,train
camelsde_DE810790,2060025770,3,train
camelsde_DE810800,2060025770,3,train
camelsde_DE810830,2060025770,3,train
camelsde_DE810840,2060025770,3,train
camelsde_DE810870,2060025770,3,train
camelsde_DE810920,2060025770,3,train
camelsde_DE810930,2060025770,3,train
camelsde_DE810950,2060025770,3,train
camelsde_DE811100,2060025950,4,train
camelsde_DE811190,2060025950,4,train
camelsde_DE811210,2060025950,4,train
camelsde_DE811360,2060025950,4,train
camelsde_DE811370,2060025950,4,train
camelsde_DE811390,2060025950,4,train
camelsde_DE811420,2060025950,4,train
camelsde_DE811440,2060025950,4,train
camelsde_DE811480,2060025950,4,train
camelsde_DE811590,2060025950,4,train
camelsde_DE811610,2060025950,4,train
camelsde_DE811770,2060025960,0,test
camelsde_DE811800,2060025960,0,test
camelsde_DE811850,2060025960,0,test
camelsde_DE812030,2060024170,2,train
camelsde_DE812200,2060024170,2,train
camelsde_DE812210,2060024170,2,train
camelsde_DEA10000,2060023010,1,val
camelsde_DEA10040,2060023010,1,val
camelsde_DEA10060,2060023010,1,val
camelsde_DEA10070,2060023010,1,val
camelsde_DEA10080,2060023010,1,val
camelsde_DEA10090,2060023010,1,val
camelsde_DEA10120,2060023010,1,val
camelsde_DEA10130,2060023010,1,val
camelsde_DEA10150,2060023010,1,val
camelsde_DEA10160,2060023010,1,val
camelsde_DEA10170,2060023010,1,val
camelsde_DEA10190,2060023010,1,val
camelsde_DEA10200,2060023010,1,val
camelsde_DEA10230,2060023010,1,val
camelsde_DEA10240,2060023010,1,val
camelsde_DEA10250,2060023010,1,val
camelsde_DEA10260,2060023010,1,val
camelsde_DEA10270,2060023010,1,val
camelsde_DEA10280,2060023010,1,val
camelsde_DEA10300,2060023010,1,val
camelsde_DEA10310,2060023010,1,val
camelsde_DEA10320,2060023010,1,val
camelsde_DEA10330,2060023010,1,val
camelsde_DEA10400,2060023010,1,val
camelsde_DEA10460,2060023010,1,val
camelsde_DEA10470,2060023010,1,val
camelsde_DEA10480,2060023010,1,val
camelsde_DEA10490,2060023010,1,val
camelsde_DEA10500,2060023010,1,val
camelsde_DEA10510,2060023010,1,val
camelsde_DEA10540,2060023010,1,val
camelsde_DEA10560,2060023010,1,val
camelsde_DEA10600,2060023010,1,val
camelsde_DEA10610,2060023010,1,val
camelsde_DEA10620,2060023010,1,val
camelsde_DEA10630,2060023010,1,val
camelsde_DEA10640,2060023010,1,val
camelsde_DEA10650,2060023010,1,val
camelsde_DEA10680,2060023010,1,val
camelsde_DEA10700,2060023010,1,val
camelsde_DEA10710,2060023010,1,val
camelsde_DEA10760,2060023010,1,val
camelsde_DEA10780,2060023010,1,val
camelsde_DEA10790,2060023010,1,val
camelsde_DEA10850,2060023010,1,val
camelsde_DEA10860,2060023010,1,val
camelsde_DEA10890,2060023010,1,val
camelsde_DEA10910,2060023010,1,val
camelsde_DEA10920,2060023010,1,val
camelsde_DEA10930,2060023010,1,val
camelsde_DEA10940,2060023010,1,val
camelsde_DEA10950,2060023010,1,val
camelsde_DEA10960,2060023010,1,val
camelsde_DEA10970,2060023010,1,val
camelsde_DEA10980,2060023010,1,val
camelsde_DEA10990,2060023010,1,val
camelsde_DEA11010,2060023010,1,val
camelsde_DEA11050,2060023010,1,val
camelsde_DEA11090,2060023010,1,val
camelsde_DEA11120,2060023010,1,val
camelsde_DEA11130,2060023010,1,val
camelsde_DEA11160,2060023010,1,val
camelsde_DEA11180,2060023010,1,val
camelsde_DEA11200,2060023010,1,val
camelsde_DEA11220,2060023010,1,val
camelsde_DEA11230,2060022970,3,train
camelsde_DEA11240,2060022970,3,train
camelsde_DEA11250,2060022970,3,train
camelsde_DEA11270,2060022970,3,train
camelsde_DEA11280,2060022970,3,train
camelsde_DEA11300,2060022970,3,train
camelsde_DEA11310,2060022970,3,train
camelsde_DEA11320,2060022970,3,train
camelsde_DEA11330,2060022970,3,train
camelsde_DEA11350,2060022970,3,train
camelsde_DEA11360,2060022970,3,train
camelsde_DEA11370,2060022970,3,train
camelsde_DEA11380,2060022970,3,train
camelsde_DEA11400,2060022970,3,train
camelsde_DEA11410,2060022970,3,train
camelsde_DEA11450,2060022970,3,train
camelsde_DEA11460,2060022970,3,train
camelsde_DEA11470,2060022970,3,train
camelsde_DEA11490,2060022970,3,train
camelsde_DEA11500,2060022970,3,train
camelsde_DEA11540,2060022970,3,train
camelsde_DEA11570,2060022970,3,train
camelsde_DEA11610,2060022970,3,train
camelsde_DEA11620,2060023600,4,train
camelsde_DEA11630,2060023600,4,train
camelsde_DEA11670,2060023600,4,train
camelsde_DEA11680,2060023600,4,train
camelsde_DEA11690,2060023600,4,train
camelsde_DEA11700,2060023600,4,train
camelsde_DEA11720,2060023600,4,train
camelsde_DEA11730,2060023600,4,train
camelsde_DEA11740,2060023600,4,train
camelsde_DEA11770,2060023940,3,train
camelsde_DEA11790,2060023940,3,train
camelsde_DEA11800,2060023940,3,train
camelsde_DEA11860,2060023940,3,train
camelsde_DEA11870,2060023940,3,train
camelsde_DEA11880,2060023940,3,train
camelsde_DEA11890,2060023940,3,train
camelsde_DEA11900,2060023940,3,train
camelsde_DEA11910,2060023940,3,train
camelsde_DEA11920,2060023940,3,train
camelsde_DEA11930,2060023940,3,train
camelsde_DEA11940,2060023940,3,train
camelsde_DEA11950,2060023940,3,train
camelsde_DEA11960,2060023940,3,train
camelsde_DEA11970,2060023940,3,train
camelsde_DEA11980,2060023940,3,train
camelsde_DEA11990,2060023940,3,train
camelsde_DEA12000,2060023940,3,train
camelsde_DEA12010,2060023940,3,train
camelsde_DEA12030,2060023940,3,train
camelsde_DEA12040,2060023940,3,train
camelsde_DEA12080,2060023320,3,train
camelsde_DEA12100,2060023320,3,train
camelsde_DEA12120,2060023320,3,train
camelsde_DEA12140,2060023320,3,train
camelsde_DEA12170,2060023320,3,train
camelsde_DEA12180,2060023320,3,train
camelsde_DEB10720,2060023010,1,val
camelsde_DEC10000,2060023010,1,val
camelsde_DEC10010,2060023010,1,val
camelsde_DEC10030,2060023010,1,val
camelsde_DEC10040,2060023010,1,val
camelsde_DEC10050,2060023010,1,val
camelsde_DEC10060,2060023010,1,val
camelsde_DEC10080,2060023010,1,val
camelsde_DEC10100,2060023010,1,val
camelsde_DEC10110,2060023010,1,val
camelsde_DEC10120,2060023010,1,val
camelsde_DEC10130,2060023010,1,val
camelsde_DEC10140,2060023010,1,val
camelsde_DEC10150,2060023010,1,val
camelsde_DEC10160,2060023010,1,val
camelsde_DEC10170,2060023010,1,val
camelsde_DEC10200,2060023010,1,val
camelsde_DEC10230,2060023010,1,val
camelsde_DEC10240,2060023010,1,val
camelsde_DEC10250,2060023010,1,val
camelsde_DEC10260,2060023010,1,val
camelsde_DEC10280,2060023010,1,val
camelsde_DEC10290,2060023010,1,val
camelsde_DEC10300,2060023010,1,val
camelsde_DEC10310,2060023010,1,val
camelsde_DEC10320,2060023010,1,val
camelsde_DEC10330,2060023010,1,val
camelsde_DEC10340,2060023010,1,val
camelsde_DEC10350,2060023010,1,val
camelsde_DEC10360,2060023010,1,val
camelsde_DEC10370,2060023010,1,val
camelsde_DEC10380,2060023010,1,val
camelsde_DEC10390,2060023010,1,val
camelsde_DEC10410,2060023010,1,val
camelsde_DEC10420,2060023010,1,val
camelsde_DEC10430,2060023010,1,val
camelsde_DEC10440,2060023010,1,val
camelsde_DEC10450,2060023010,1,val
camelsde_DED10000,2060024170,2,train
camelsde_DED10060,2060024170,2,train
camelsde_DED10070,2060024170,2,train
camelsde_DED10090,2060024170,2,train
camelsde_DED10100,2060024170,2,train
camelsde_DED10110,2060024170,2,train
camelsde_DED10130,2060024170,2,train
camelsde_DED10150,2060024170,2,train
camelsde_DED10170,2060024170,2,train
camelsde_DED10180,2060024170,2,train
camelsde_DED10220,2060024170,2,train
camelsde_DED10230,2060024170,2,train
camelsde_DED10240,2060024170,2,train
camelsde_DED10260,2060024170,2,train
camelsde_DED10300,2060024170,2,train
camelsde_DED10320,2060024170,2,train
camelsde_DED10340,2060024170,2,train
camelsde_DED10350,2060024170,2,train
camelsde_DED10380,2060024170,2,train
camelsde_DED10400,2060024170,2,train
camelsde_DED10430,2060024170,2,train
camelsde_DED10460,2060024170,2,train
camelsde_DED10480,2060024170,2,train
camelsde_DED10490,2060024170,2,train
camelsde_DED10500,2060024170,2,train
camelsde_DED10520,2060024170,2,train
camelsde_DED10530,2060024170,2,train
camelsde_DED10540,2060024170,2,train
camelsde_DED10570,2060024170,2,train
camelsde_DED10620,2060024170,2,train
camelsde_DED10640,2060024170,2,train
camelsde_DED10650,2060026060,4,train
camelsde_DED10690,2060024170,2,train
camelsde_DED10700,2060024170,2,train
camelsde_DED10710,2060026060,4,train
camelsde_DED10780,2060024170,2,train
camelsde_DED10810,2060026060,4,train
camelsde_DED10830,2060024170,2,train
camelsde_DED10860,2060024170,2,train
camelsde_DED10880,2060024170,2,train
camelsde_DED10890,2060024170,2,train
camelsde_DED10900,2060024170,2,train
camelsde_DED10920,2060024170,2,train
camelsde_DED10950,2060024170,2,train
camelsde_DED10970,2060024170,2,train
camelsde_DED11000,2060024170,2,train
camelsde_DED11030,2060024170,2,train
camelsde_DED11040,2060024170,2,train
camelsde_DED11050,2060024170,2,train
camelsde_DED11100,2060024170,2,train
camelsde_DED11150,2060024170,2,train
camelsde_DED11160,2060024170,2,train
camelsde_DED11190,2060024170,2,train
camelsde_DED11210,2060024170,2,train
camelsde_DED11280,2060024170,2,train
camelsde_DED11290,2060024170,2,train
camelsde_DED11300,2060024170,2,train
camelsde_DED11330,2060024170,2,train
camelsde_DED11350,2060024170,2,train
camelsde_DED11370,2060024170,2,train
camelsde_DED11390,2060024170,2,train
camelsde_DED11400,2060024170,2,train
camelsde_DED11420,2060024170,2,train
camelsde_DED11440,2060024170,2,train
camelsde_DED11450,2060024170,2,train
camelsde_DED11460,2060024170,2,train
camelsde_DED11480,2060024170,2,train
camelsde_DED11490,2060024170,2,train
camelsde_DED11510,2060024170,2,train
camelsde_DED11540,2060024170,2,train
camelsde_DED11560,2060024170,2,train
camelsde_DED11590,2060024170,2,train
camelsde_DED11610,2060024170,2,train
camelsde_DED11620,2060024170,2,train
camelsde_DED11640,2060024170,2,train
camelsde_DED11660,2060026060,4,train
camelsde_DED11670,2060024170,2,train
camelsde_DED11690,2060024170,2,train
camelsde_DED11700,2060024170,2,train
camelsde_DED11720,2060024170,2,train
camelsde_DED11750,2060024170,2,train
camelsde_DED11790,2060024170,2,train
camelsde_DED11840,2060024170,2,train
camelsde_DED11910,2060026060,4,train
camelsde_DED11930,2060024170,2,train
camelsde_DED11960,2060024170,2,train
camelsde_DED11980,2060024170,2,train
camelsde_DED11990,2060024170,2,train
camelsde_DED12000,2060024170,2,train
camelsde_DED12020,2060024170,2,train
camelsde_DED12030,2060024170,2,train
camelsde_DED12100,2060026060,4,train
camelsde_DED12110,2060026060,4,train
camelsde_DED12180,2060024170,2,train
camelsde_DED12210,2060026060,4,train
camelsde_DED12230,2060024170,2,train
camelsde_DED12250,2060024170,2,train
camelsde_DED12260,2060024170,2,train
camelsde_DED12290,2060024170,2,train
camelsde_DED12320,2060024170,2,train
camelsde_DED12330,2060024170,2,train
camelsde_DED12340,2060024170,2,train
camelsde_DED12350,2060024170,2,train
camelsde_DED12370,2060024170,2,train
camelsde_DED12400,2060026060,4,train
camelsde_DED12410,2060024170,2,train
camelsde_DED12420,2060024170,2,train
camelsde_DED12430,2060024170,2,train
camelsde_DED12450,2060024170,2,train
camelsde_DED12470,2060024170,2,train
camelsde_DED12500,2060024170,2,train
camelsde_DED12510,2060024170,2,train
camelsde_DED12520,2060026060,4,train
camelsde_DED12530,2060024170,2,train
camelsde_DED12570,2060024170,2,train
camelsde_DED12590,2060024170,2,train
camelsde_DED12620,2060024170,2,train
camelsde_DED12630,2060024170,2,train
camelsde_DED12660,2060024170,2,train
camelsde_DED12680,2060024170,2,train
camelsde_DED12690,2060024170,2,train
camelsde_DED12710,2060024170,2,train
camelsde_DED12730,2060026060,4,train
camelsde_DED12790,2060024170,2,train
camelsde_DED12810,2060024170,2,train
camelsde_DEE10000,2060023940,3,train
camelsde_DEE10010,2060023940,3,train
camelsde_DEE10020,2060023940,3,train
camelsde_DEE10030,2060023940,3,train
camelsde_DEE10050,2060023940,3,train
camelsde_DEE10060,2060023940,3,train
camelsde_DEE10070,2060023940,3,train
camelsde_DEE10090,2060024170,2,train
camelsde_DEE10100,2060024170,2,train
camelsde_DEE10130,2060024170,2,train
camelsde_DEE10140,2060024170,2,train
camelsde_DEE10150,2060024170,2,train
camelsde_DEE10160,2060024170,2,train
camelsde_DEE10170,2060024170,2,train
camelsde_DEE10200,2060024170,2,train
camelsde_DEE10210,2060024170,2,train
camelsde_DEE10240,2060024170,2,train
camelsde_DEE10270,2060024170,2,train
camelsde_DEE10280,2060024170,2,train
camelsde_DEE10290,2060024170,2,train
camelsde_DEE10320,2060024170,2,train
camelsde_DEE10350,2060024170,2,train
camelsde_DEE10360,2060024170,2,train
camelsde_DEE10370,2060024170,2,train
camelsde_DEE10390,2060024170,2,train
camelsde_DEE10400,2060024170,2,train
camelsde_DEE10410,2060024170,2,train
camelsde_DEE10430,2060024170,2,train
camelsde_DEE10440,2060024170,2,train
camelsde_DEE10450,2060024170,2,train
camelsde_DEE10460,2060024170,2,train
camelsde_DEE10470,2060024170,2,train
camelsde_DEE10480,2060024170,2,train
camelsde_DEE10520,2060024170,2,train
camelsde_DEE10530,2060024170,2,train
camelsde_DEE10540,2060024170,2,train
camelsde_DEE10550,2060024170,2,train
camelsde_DEE10560,2060024170,2,train
camelsde_DEE10570,2060024170,2,train
camelsde_DEE10580,2060024170,2,train
camelsde_DEE10590,2060024170,2,train
camelsde_DEE10600,2060024170,2,train
camelsde_DEE10610,2060024170,2,train
camelsde_DEE10620,2060024170,2,train
camelsde_DEE10630,2060024170,2,train
camelsde_DEE10640,2060024170,2,train
camelsde_DEE10660,2060024170,2,train
camelsde_DEE10670,2060024170,2,train
camelsde_DEE10680,2060024170,2,train
camelsde_DEE10690,2060024170,2,train
camelsde_DEE10710,2060024170,2,train
camelsde_DEE10720,2060024170,2,train
camelsde_DEE10730,2060024170,2,train
camelsde_DEE10740,2060024170,2,train
camelsde_DEE10750,2060024170,2,train
camelsde_DEE10790,2060024170,2,train
camelsde_DEE10810,2060024170,2,train
camelsde_DEE10830,2060024170,2,train
camelsde_DEE10850,2060024170,2,train
camelsde_DEE10890,2060024170,2,train
camelsde_DEE10900,2060024170,2,train
camelsde_DEE10910,2060024170,2,train
camelsde_DEE10920,2060024170,2,train
camelsde_DEE10930,2060024170,2,train
camelsde_DEE10940,2060024170,2,train
camelsde_DEE10950,2060024170,2,train
camelsde_DEE10960,2060024170,2,train
camelsde_DEE10970,2060024170,2,train
camelsde_DEE10980,2060023940,3,train
camelsde_DEE11020,2060024170,2,train
camelsde_DEE11030,2060024170,2,train
camelsde_DEE11050,2060024170,2,train
camelsde_DEE11060,2060024170,2,train
camelsde_DEE11070,2060024170,2,train
camelsde_DEE11090,2060024170,2,train
camelsde_DEE11100,2060024170,2,train
camelsde_DEE11110,2060024170,2,train
camelsde_DEE11120,2060024170,2,train
camelsde_DEE11130,2060024170,2,train
camelsde_DEE11150,2060024170,2,train
camelsde_DEE11160,2060024170,2,train
camelsde_DEE11170,2060024170,2,train
camelsde_DEE11230,2060024170,2,train
camelsde_DEE11250,2060024170,2,train
camelsde_DEF10110,2060024170,2,train
camelsde_DEF10160,2060024230,2,train
camelsde_DEF10190,2060024230,2,train
camelsde_DEF10220,2060024230,2,train
camelsde_DEF10230,2060024230,2,train
camelsde_DEF10240,2060024230,2,train
camelsde_DEF10250,2060025270,1,val
camelsde_DEF10280,2060024230,2,train
camelsde_DEF10380,2060025270,1,val
camelsde_DEF10440,2060024230,2,train
camelsde_DEF10460,2060024230,2,train
camelsde_DEF10480,2060024230,2,train
camelsde_DEF10510,2060024230,2,train
camelsde_DEF10600,2060024230,2,train
camelsde_DEF10640,2060025270,1,val
camelsde_DEF10670,2060024230,2,train
camelsde_DEF10710,2060024170,2,train
camelsde_DEF10720,2060024230,2,train
camelsde_DEF10830,2060024230,2,train
camelsde_DEF10920,2060024230,2,train
camelsde_DEF10930,2060024230,2,train
camelsde_DEF10980,2060024230,2,train
camelsde_DEF11020,2060025270,1,val
camelsde_DEF11050,2060024230,2,train
camelsde_DEF11060,2060024230,2,train
camelsde_DEF11070,2060024230,2,train
camelsde_DEF11240,2060025270,1,val
camelsde_DEF11250,2060024230,2,train
camelsde_DEF11280,2060024230,2,train
camelsde_DEF11300,2060024170,2,train
camelsde_DEF11310,2060024230,2,train
camelsde_DEF11320,2060024230,2,train
camelsde_DEF11360,2060025270,1,val
camelsde_DEF11430,2060025270,1,val
camelsde_DEF11570,2060024180,2,train
camelsde_DEF11730,2060024180,2,train
camelsde_DEF11760,2060024170,2,train
camelsde_DEF11770,2060025270,1,val
camelsde_DEF11780,2060025270,1,val
camelsde_DEF11900,2060024180,2,train
camelsde_DEF12040,2060024230,2,train
camelsde_DEF12080,2060024230,2,train
camelsde_DEF12090,2060024230,2,train
camelsde_DEF12170,2060024230,2,train
camelsde_DEF12200,2060025270,1,val
camelsde_DEF12210,2060025270,1,val
camelsde_DEF12330,2060024180,2,train
camelsde_DEF12340,2060024180,2,train
camelsde_DEF12450,2060024180,2,train
camelsde_DEF12540,2060024230,2,train
camelsde_DEF12650,2060025270,1,val
camelsde_DEF12680,2060025270,1,val
camelsde_DEF12720,2060024230,2,train
camelsde_DEF12730,2060024230,2,train
camelsde_DEF12770,2060025270,1,val
camelsde_DEF12830,2060024230,2,train
camelsde_DEF12840,2060024230,2,train
camelsde_DEF12940,2060024230,2,train
camelsde_DEF12960,2060024170,2,train
camelsde_DEF13040,2060024230,2,train
camelsde_DEF13080,2060025270,1,val
camelsde_DEF13110,2060025270,1,val
camelsde_DEF13120,2060025270,1,val
camelsde_DEF13130,2060024230,2,train
camelsde_DEF13180,2060025270,1,val
camelsde_DEF13210,2060025270,1,val
camelsde_DEF13240,2060024230,2,train
camelsde_DEF13250,2060024230,2,train
camelsde_DEF13390,2060024170,2,train
camelsde_DEF13410,2060025270,1,val
camelsde_DEF13450,2060025270,1,val
camelsde_DEF13480,2060025270,1,val
camelsde_DEF13490,2060024180,2,train
camelsde_DEF13560,2060024170,2,train
camelsde_DEF13580,2060024180,2,train
camelsde_DEF13590,2060024180,2,train
camelsde_DEF13620,2060024230,2,train
camelsde_DEF13680,2060024170,2,train
camelsde_DEF13710,2060024230,2,train
camelsde_DEF13760,2060025270,1,val
camelsde_DEF13790,2060024230,2,train
camelsde_DEF13850,2060024230,2,train
camelsde_DEF13980,2060025270,1,val
camelsde_DEF14050,2060025270,1,val
camelsde_DEF14080,2060025270,1,val
camelsde_DEF14090,2060025270,1,val
camelsde_DEF14100,2060024230,2,train
camelsde_DEF14120,2060024230,2,train
camelsde_DEF14130,2060024230,2,train
camelsde_DEF14170,2060024230,2,train
camelsde_DEF14200,2060024230,2,train
camelsde_DEF14320,2060025270,1,val
camelsde_DEF14350,2060024230,2,train
camelsde_DEF14440,2060024230,2,train
camelsde_DEF14500,2060024230,2,train
camelsde_DEF14550,2060024170,2,train
camelsde_DEF14580,2060024230,2,train
camelsde_DEF14770,2060024180,2,train
camelsde_DEF14820,2060025270,1,val
camelsde_DEF14840,2060024230,2,train
camelsde_DEF14890,2060025270,1,val
camelsde_DEF14940,2060024230,2,train
camelsde_DEF14990,2060024170,2,train
camelsde_DEF15060,2060024170,2,train
camelsde_DEF15070,2060025270,1,val
camelsde_DEF15080,2060025270,1,val
camelsde_DEG10000,2060024170,2,train
camelsde_DEG10010,2060023940,3,train
camelsde_DEG10020,2060024170,2,train
camelsde_DEG10030,2060024170,2,train
camelsde_DEG10050,2060024170,2,train
camelsde_DEG10060,2060023940,3,train
camelsde_DEG10070,2060024170,2,train
camelsde_DEG10080,2060023940,3,train
camelsde_DEG10090,2060024170,2,train
camelsde_DEG10100,2060023940,3,train
camelsde_DEG10110,2060023940,3,train
camelsde_DEG10120,2060024170,2,train
camelsde_DEG10130,2060023940,3,train
camelsde_DEG10140,2060023940,3,train
camelsde_DEG10150,2060024170,2,train
camelsde_DEG10160,2060023940,3,train
camelsde_DEG10170,2060024170,2,train
camelsde_DEG10180,2060024170,2,train
camelsde_DEG10200,2060024170,2,train
camelsde_DEG10210,2060024170,2,train
camelsde_DEG10220,2060024170,2,train
camelsde_DEG10230,2060023940,3,train
camelsde_DEG10240,2060024170,2,train
camelsde_DEG10250,2060024170,2,train
camelsde_DEG10260,2060024170,2,train
camelsde_DEG10270,2060024170,2,train
camelsde_DEG10280,2060024170,2,train
camelsde_DEG10290,2060023940,3,train
camelsde_DEG10300,2060023940,3,train
camelsde_DEG10310,2060024170,2,train
camelsde_DEG10320,2060024170,2,train
camelsde_DEG10330,2060024170,2,train
camelsde_DEG10340,2060024170,2,train
camelsde_DEG10350,2060024170,2,train
camelsde_DEG10360,2060024170,2,train
camelsde_DEG10370,2060023940,3,train
camelsde_DEG10380,2060024170,2,train
camelsde_DEG10390,2060023940,3,train
camelsde_DEG10400,2060024170,2,train
camelsde_DEG10410,2060023010,1,val
camelsde_DEG10420,2060024170,2,train
camelsde_DEG10430,2060024170,2,train
camelsde_DEG10440,2060024170,2,train
camelsde_DEG10450,2060024170,2,train
camelsde_DEG10460,2060024170,2,train
camelsde_DEG10470,2060023940,3,train
camelsde_DEG10480,2060024170,2,train
camelsde_DEG10490,2060024170,2,train
camelsde_DEG10500,2060024170,2,train
camelsde_DEG10510,2060023940,3,train
camelsde_DEG10520,2060024170,2,train
camelsde_DEG10530,2060023010,1,val
camelsde_DEG10540,2060024170,2,train
camelsde_DEG10550,2060023940,3,train
camelsde_DEG10560,2060024170,2,train
camelsde_DEG10580,2060023940,3,train
camelsde_DEG10590,2060023940,3,train
camelsde_DEG10600,2060024170,2,train
camelsde_DEG10610,2060024170,2,train
camelses_1268,2060019830,1,val
camelses_1424,2060019780,2,train
camelses_1431,2060019420,0,test
camelses_1433,2060019420,0,test
camelses_1438,2060019310,1,val
camelses_1443,2060019310,1,val
camelses_1520,2060019410,3,train
camelses_1540,2060019320,4,train
camelses_1544,2060019310,1,val
camelses_1546,2060019310,1,val
camelses_1552,2060019310,1,val
camelses_1585,2060019310,1,val
camelses_1605,2060019310,1,val
camelses_1619,2060019310,1,val
camelses_1620,2060019310,1,val
camelses_1622,2060019310,1,val
camelses_1624,2060019310,1,val
camelses_1638,2060019310,1,val
camelses_1647,2060019310,1,val
camelses_1659,2060019310,1,val
camelses_1715,2060019150,3,train
camelses_1721,2060019150,3,train
camelses_1723,2060019310,1,val
camelses_1725,2060019150,3,train
camelses_1726,2060019310,1,val
camelses_1728,2060019310,1,val
camelses_1729,2060019310,1,val
camelses_1734,2060019150,3,train
camelses_1753,2060019310,1,val
camelses_1765,2060019310,1,val
camelses_1823,2060019310,1,val
camelses_1824,2060019310,1,val
camelses_1829,2060019160,0,test
camelses_2000,2060019150,3,train
camelses_2005,2060019150,3,train
camelses_2012,2060018840,3,train
camelses_2013,2060019150,3,train
camelses_2015,2060019150,3,train
camelses_2016,2060018840,3,train
camelses_2017,2060019150,3,train
camelses_2025,2060019150,3,train
camelses_2026,2060019150,3,train
camelses_2028,2060019150,3,train
camelses_2029,2060019150,3,train
camelses_2030,2060019150,3,train
camelses_2031,2060019150,3,train
camelses_2036,2060019150,3,train
camelses_2041,2060019150,3,train
camelses_2043,2060019150,3,train
camelses_2046,2060018840,3,train
camelses_2047,2060018840,3,train
camelses_2049,2060019150,3,train
camelses_2050,2060018840,3,train
camelses_2053,2060019150,3,train
camelses_2054,2060019150,3,train
camelses_2055,2060018840,3,train
camelses_2056,2060019150,3,train
camelses_2057,2060019150,3,train
camelses_2060,2060019150,3,train
camelses_2061,2060019150,3,train
camelses_2062,2060019150,3,train
camelses_2074,2060019150,3,train
camelses_2082,2060019150,3,train
camelses_2089,2060019150,3,train
camelses_2098,2060019150,3,train
camelses_2101,2060019150,3,train
camelses_2104,2060019150,3,train
camelses_2105,2060019150,3,train
camelses_2113,2060019150,3,train
camelses_2114,2060019150,3,train
camelses_2115,2060019150,3,train
camelses_2116,2060019150,3,train
camelses_2121,2060019150,3,train
camelses_2126,2060019150,3,train
camelses_2131,2060019150,3,train
camelses_2132,2060019150,3,train
camelses_2138,2060019150,3,train
camelses_2139,2060019150,3,train
camelses_2141,2060019150,3,train
camelses_2145,2060019150,3,train
camelses_2147,2060019150,3,train
camelses_2150,2060019150,3,train
camelses_2156,2060019150,3,train
camelses_2163,2060017150,3,train
camelses_2711,2060019150,3,train
camelses_2712,2060019150,3,train
camelses_2713,2060019150,3,train
camelses_2716,2060019150,3,train
camelses_2717,2060019150,3,train
camelses_2818,2060019150,3,train
camelses_3001,2060017160,3,train
camelses_3005,2060018840,3,train
camelses_3012,2060018460,4,train
camelses_3014,2060018460,4,train
camelses_3030,2060018840,3,train
camelses_3040,2060017480,4,train
camelses_3045,2060018840,3,train
camelses_3049,2060018840,3,train
camelses_3051,2060018840,3,train
camelses_3052,2060018840,3,train
camelses_3062,2060018840,3,train
camelses_3100,2060018840,3,train
camelses_3103,2060018840,3,train
camelses_3144,2060018840,3,train
camelses_3146,2060018840,3,train
camelses_3161,2060018840,3,train
camelses_3163,2060018840,3,train
camelses_3165,2060018840,3,train
camelses_3168,2060018840,3,train
camelses_3169,2060018460,4,train
camelses_3174,2060018840,3,train
camelses_3180,2060018840,3,train
camelses_3182,2060019150,3,train
camelses_3184,2060018840,3,train
camelses_3186,2060018840,3,train
camelses_3193,2060018840,3,train
camelses_3198,2060018840,3,train
camelses_3200,2060018840,3,train
camelses_3211,2060018460,4,train
camelses_3212,2060018840,3,train
camelses_3213,2060018460,4,train
camelses_3217,2060019150,3,train
camelses_3218,2060018840,3,train
camelses_3220,2060018840,3,train
camelses_3221,2060018460,4,train
camelses_3222,2060018460,4,train
camelses_3231,2060018840,3,train
camelses_3234,2060018840,3,train
camelses_3235,2060018840,3,train
camelses_3242,2060018840,3,train
camelses_3244,2060018460,4,train
camelses_3246,2060018840,3,train
camelses_3250,2060018460,4,train
camelses_3256,2060018460,4,train
camelses_3261,2060018840,3,train
camelses_3268,2060017160,3,train
camelses_3269,2060018840,3,train
camelses_3276,2060018840,3,train
camelses_3278,2060018460,4,train
camelses_3279,2060018460,4,train
camelses_5045,2060018360,1,val
camelses_5145,2060018360,1,val
camelses_8018,2060017480,4,train
camelses_8028,2060017160,3,train
camelses_8029,2060017490,1,val
camelses_8060,2060017480,4,train
camelses_8087,2060018460,4,train
camelses_8090,2060017480,4,train
camelses_8091,2060017480,4,train
camelses_8103,2060017160,3,train
camelses_8104,2060017160,3,train
camelses_8126,2060017480,4,train
camelses_8134,2060017160,3,train
camelses_8149,2060017160,3,train
camelses_9002,2060017150,3,train
camelses_9003,2060017150,3,train
camelses_9004,2060017150,3,train
camelses_9011,2060017150,3,train
camelses_9023,2060017150,3,train
camelses_9033,2060017150,3,train
camelses_9038,2060017150,3,train
camelses_9041,2060017150,3,train
camelses_9061,2060017150,3,train
camelses_9063,2060017150,3,train
camelses_9064,2060017150,3,train
camelses_9067,2060017150,3,train
camelses_9068,2060017150,3,train
camelses_9069,2060017150,3,train
camelses_9070,2060017150,3,train
camelses_9071,2060017150,3,train
camelses_9073,2060017150,3,train
camelses_9074,2060017150,3,train
camelses_9089,2060017150,3,train
camelses_9092,2060017150,3,train
camelses_9093,2060017150,3,train
camelses_9095,2060017150,3,train
camelses_9120,2060017150,3,train
camelses_9158,2060019150,3,train
camelses_9165,2060017150,3,train
camelses_9166,2060017150,3,train
camelses_9177,2060017150,3,train
camelses_9187,2060017150,3,train
camelses_9188,2060017150,3,train
camelses_9189,2060017150,3,train
camelses_9197,2060017150,3,train
camelses_9215,2060017150,3,train
camelses_9252,2060017150,3,train
camelses_9256,2060017150,3,train
camelses_9261,2060017150,3,train
camelses_9265,2060017150,3,train
camelses_9271,2060017150,3,train
camelses_9281,2060017150,3,train
camelses_9282,2060017150,3,train
camelses_9283,2060017150,3,train
camelses_9291,2060017150,3,train
camelses_9317,2060017150,3,train
camelses_9324,2060017150,3,train
camelsgb_10002,2060052390,3,train
camelsgb_10003,2060052390,3,train
camelsgb_1001,2060051160,3,train
camelsgb_11001,2060052390,3,train
camelsgb_11003,2060052390,3,train
camelsgb_11004,2060052390,3,train
camelsgb_12001,2060052390,3,train
camelsgb_12002,2060052390,3,train
camelsgb_12005,2060052390,3,train
camelsgb_12006,2060052390,3,train
camelsgb_12007,2060052390,3,train
camelsgb_12008,2060052390,3,train
camelsgb_13001,2060052390,3,train
camelsgb_13007,2060052390,3,train
camelsgb_13008,2060052390,3,train
camelsgb_14001,2060052670,1,val
camelsgb_14002,2060052390,3,train
camelsgb_15006,2060052660,2,train
camelsgb_15007,2060052660,2,train
camelsgb_15010,2060052660,2,train
camelsgb_15011,2060052660,2,train
camelsgb_15012,2060052660,2,train
camelsgb_15016,2060052660,2,train
camelsgb_15023,2060052660,2,train
camelsgb_15024,2060052660,2,train
camelsgb_15025,2060052660,2,train
camelsgb_16001,2060052670,1,val
camelsgb_16004,2060052670,1,val
camelsgb_17005,2060052670,1,val
camelsgb_18003,2060052670,1,val
camelsgb_18008,2060052670,1,val
camelsgb_18011,2060052670,1,val
camelsgb_19001,2060052670,1,val
camelsgb_20003,2060052670,1,val
camelsgb_2001,2060051160,3,train
camelsgb_2002,2060051160,3,train
camelsgb_21003,2060052940,3,train
camelsgb_21006,2060052940,3,train
camelsgb_21008,2060052940,3,train
camelsgb_21009,2060052940,3,train
camelsgb_21011,2060052940,3,train
camelsgb_21012,2060052940,3,train
camelsgb_21013,2060052940,3,train
camelsgb_21015,2060052940,3,train
camelsgb_21016,2060052670,1,val
camelsgb_21018,2060052940,3,train
camelsgb_21022,2060052940,3,train
camelsgb_21024,2060052940,3,train
camelsgb_21027,2060052940,3,train
camelsgb_22001,2060052960,1,val
camelsgb_22009,2060052960,1,val
camelsgb_23001,2060052960,1,val
camelsgb_23004,2060052960,1,val
camelsgb_23007,2060052960,1,val
camelsgb_23008,2060052960,1,val
camelsgb_24001,2060052960,1,val
camelsgb_25001,2060052960,1,val
camelsgb_26005,2060052960,1,val
camelsgb_27001,2060053240,2,train
camelsgb_27003,2060053240,2,train
camelsgb_27006,2060053260,2,train
camelsgb_27007,2060053240,2,train
camelsgb_27009,2060053240,2,train
camelsgb_27021,2060053260,2,train
camelsgb_27025,2060053260,2,train
camelsgb_27026,2060053260,2,train
camelsgb_27029,2060053240,2,train
camelsgb_27030,2060053260,2,train
camelsgb_27034,2060053240,2,train
camelsgb_27035,2060053240,2,train
camelsgb_27041,2060053240,2,train
camelsgb_27043,2060053240,2,train
camelsgb_27071,2060053240,2,train
camelsgb_27079,2060053240,2,train
camelsgb_27080,2060053240,2,train
camelsgb_27089,2060053240,2,train
camelsgb_27090,2060053240,2,train
camelsgb_28003,2060053260,2,train
camelsgb_28008,2060053260,2,train
camelsgb_28009,2060053260,2,train
camelsgb_28012,2060053260,2,train
camelsgb_28015,2060053260,2,train
camelsgb_28018,2060053260,2,train
camelsgb_28022,2060053260,2,train
camelsgb_28023,2060053260,2,train
camelsgb_28024,2060053260,2,train
camelsgb_28026,2060053260,2,train
camelsgb_28043,2060053260,2,train
camelsgb_28048,2060053260,2,train
camelsgb_28066,2060053260,2,train
camelsgb_28067,2060053260,2,train
camelsgb_28074,2060053260,2,train
camelsgb_28081,2060053260,2,train
camelsgb_28082,2060053260,2,train
camelsgb_28085,2060053260,2,train
camelsgb_28091,2060053260,2,train
camelsgb_28093,2060053260,2,train
camelsgb_28116,2060053260,2,train
camelsgb_28117,2060053260,2,train
camelsgb_30001,2060053270,1,val
camelsgb_31006,2060053270,1,val
camelsgb_32004,2060053270,1,val
camelsgb_33006,2060053500,3,train
camelsgb_33012,2060053500,3,train
camelsgb_33013,2060053500,3,train
camelsgb_33019,2060053500,3,train
camelsgb_33020,2060053500,3,train
camelsgb_33021,2060053500,3,train
camelsgb_33022,2060053500,3,train
camelsgb_33053,2060053500,3,train
camelsgb_34003,2060053510,0,test
camelsgb_34004,2060053510,0,test
camelsgb_36006,2060053510,0,test
camelsgb_37001,2060053790,4,train
camelsgb_37008,2060053510,0,test
camelsgb_38001,2060053790,4,train
camelsgb_38003,2060053790,4,train
camelsgb_38004,2060053790,4,train
camelsgb_38030,2060053790,4,train
camelsgb_39001,2060053790,4,train
camelsgb_39023,2060053790,4,train
camelsgb_39027,2060053790,4,train
camelsgb_39035,2060053790,4,train
camelsgb_39072,2060053790,4,train
camelsgb_39105,2060053790,4,train
camelsgb_39141,2060053790,4,train
camelsgb_40003,2060053800,2,train
camelsgb_40005,2060053800,2,train
camelsgb_40007,2060053800,2,train
camelsgb_4001,2060051160,3,train
camelsgb_40010,2060053800,2,train
camelsgb_40016,2060053790,4,train
camelsgb_40018,2060053790,4,train
camelsgb_4003,2060051160,3,train
camelsgb_41009,2060048790,1,val
camelsgb_42001,2060048790,1,val
camelsgb_42004,2060048790,1,val
camelsgb_42010,2060048790,1,val
camelsgb_42024,2060048790,1,val
camelsgb_43007,2060048980,3,train
camelsgb_43008,2060048980,3,train
camelsgb_43009,2060048980,3,train
camelsgb_43018,2060048980,3,train
camelsgb_44001,2060048990,3,train
camelsgb_44002,2060048990,3,train
camelsgb_45001,2060048990,3,train
camelsgb_45003,2060048990,3,train
camelsgb_45005,2060048990,3,train
camelsgb_45009,2060048990,3,train
camelsgb_45012,2060048990,3,train
camelsgb_46014,2060048990,3,train
camelsgb_47001,2060048990,3,train
camelsgb_47005,2060048990,3,train
camelsgb_47008,2060048990,3,train
camelsgb_48011,2060048990,3,train
camelsgb_50001,2060048990,3,train
camelsgb_50006,2060048990,3,train
camelsgb_52005,2060048990,3,train
camelsgb_52006,2060048990,3,train
camelsgb_52010,2060048990,3,train
camelsgb_53005,2060048990,3,train
camelsgb_53007,2060048990,3,train
camelsgb_53013,2060048990,3,train
camelsgb_53022,2060048990,3,train
camelsgb_53028,2060048990,3,train
camelsgb_54001,2060049660,4,train
camelsgb_54002,2060049660,4,train
camelsgb_54005,2060049660,4,train
camelsgb_54007,2060049660,4,train
camelsgb_54008,2060049660,4,train
camelsgb_54011,2060049660,4,train
camelsgb_54012,2060049660,4,train
camelsgb_54015,2060049660,4,train
camelsgb_54016,2060049660,4,train
camelsgb_54017,2060049660,4,train
camelsgb_54019,2060049660,4,train
camelsgb_54024,2060049660,4,train
camelsgb_54027,2060049660,4,train
camelsgb_54029,2060049660,4,train
camelsgb_54032,2060049660,4,train
camelsgb_54038,2060049660,4,train
camelsgb_54049,2060049660,4,train
camelsgb_54095,2060049660,4,train
camelsgb_55007,2060049680,2,train
camelsgb_55014,2060049680,2,train
camelsgb_55021,2060049680,2,train
camelsgb_55023,2060049680,2,train
camelsgb_55025,2060049680,2,train
camelsgb_55026,2060049680,2,train
camelsgb_55032,2060049680,2,train
camelsgb_56001,2060049690,4,train
camelsgb_56002,2060049690,4,train
camelsgb_57004,2060049690,4,train
camelsgb_57005,2060049690,4,train
camelsgb_57006,2060049690,4,train
camelsgb_57007,2060049690,4,train
camelsgb_57009,2060049690,4,train
camelsgb_58001,2060049690,4,train
camelsgb_60002,2060049690,4,train
camelsgb_60003,2060049690,4,train
camelsgb_60006,2060049690,4,train
camelsgb_60010,2060049690,4,train
camelsgb_6007,2060051160,3,train
camelsgb_62001,2060049690,4,train
camelsgb_64001,2060049690,4,train
camelsgb_66001,2060049690,4,train
camelsgb_66006,2060049690,4,train
camelsgb_66011,2060049690,4,train
camelsgb_67006,2060049690,4,train
camelsgb_67015,2060049690,4,train
camelsgb_68001,2060049690,4,train
camelsgb_68003,2060049690,4,train
camelsgb_68005,2060049690,4,train
camelsgb_69015,2060050410,2,train
camelsgb_69017,2060050410,2,train
camelsgb_69023,2060050410,2,train
camelsgb_7001,2060051160,3,train
camelsgb_7002,2060051160,3,train
camelsgb_7003,2060051160,3,train
camelsgb_7005,2060051160,3,train
camelsgb_71001,2060050420,2,train
camelsgb_71004,2060050420,2,train
camelsgb_71006,2060050420,2,train
camelsgb_71008,2060050420,2,train
camelsgb_72004,2060050420,2,train
camelsgb_72005,2060050420,2,train
camelsgb_75003,2060050420,2,train
camelsgb_75004,2060050420,2,train
camelsgb_76005,2060050420,2,train
camelsgb_76007,2060050420,2,train
camelsgb_76008,2060050420,2,train
camelsgb_77002,2060050790,4,train
camelsgb_77003,2060050790,4,train
camelsgb_78003,2060050790,4,train
camelsgb_78006,2060050790,4,train
camelsgb_79002,2060050790,4,train
camelsgb_79004,2060050790,4,train
camelsgb_79005,2060050790,4,train
camelsgb_79006,2060050790,4,train
camelsgb_80002,2060050790,4,train
camelsgb_8004,2060052380,4,train
camelsgb_8005,2060052380,4,train
camelsgb_8006,2060052380,4,train
camelsgb_8009,2060052380,4,train
camelsgb_8013,2060052380,4,train
camelsgb_81003,2060050790,4,train
camelsgb_81006,2060050790,4,train
camelsgb_82001,2060050790,4,train
camelsgb_82003,2060050790,4,train
camelsgb_83003,2060050790,4,train
camelsgb_83004,2060050790,4,train
camelsgb_83006,2060050790,4,train
camelsgb_83013,2060050790,4,train
camelsgb_84001,2060051150,3,train
camelsgb_84004,2060051150,3,train
camelsgb_84005,2060051150,3,train
camelsgb_84012,2060051150,3,train
camelsgb_84013,2060051150,3,train
camelsgb_84014,2060051150,3,train
camelsgb_84018,2060051150,3,train
camelsgb_84019,2060051150,3,train
camelsgb_84022,2060051150,3,train
camelsgb_85001,2060051160,3,train
camelsgb_9002,2060052390,3,train
camelsgb_9004,2060052390,3,train
camelsgb_94001,2060051160,3,train
camelsgb_96002,2060051160,3,train
GRDC_1159301,1060015850,1,val
GRDC_1159320,1060015850,1,val
GRDC_1159413,1060015850,1,val
GRDC_1159535,1060015850,1,val
GRDC_1159651,1060015850,1,val
GRDC_1159805,1060015850,1,val
GRDC_1159825,1060015850,1,val
GRDC_1160095,1060015560,4,train
GRDC_1160115,1060015030,4,train
GRDC_1160250,1060015030,4,train
GRDC_1160263,1060015390,3,train
GRDC_1160266,1060015390,3,train
GRDC_1160351,1060014500,1,val
GRDC_1160360,1060014920,1,val
GRDC_1160370,1060014920,1,val
GRDC_1160373,1060014920,1,val
GRDC_1160393,1060014920,1,val
GRDC_1160396,1060014920,1,val
GRDC_1160398,1060014920,1,val
GRDC_1160403,1060014500,1,val
GRDC_1160417,1060014500,1,val
GRDC_1160420,1060014500,1,val
GRDC_1160425,1060014500,1,val
GRDC_1160427,1060014500,1,val
GRDC_1160430,1060014500,1,val
GRDC_1160441,1060014500,1,val
GRDC_1160450,1060014490,0,test
GRDC_1160455,1060014500,1,val
GRDC_1160512,1060014220,2,train
GRDC_1160523,1060014220,2,train
GRDC_1160525,1060014220,2,train
GRDC_1160537,1060014220,2,train
GRDC_1160693,1060013950,1,val
GRDC_1160940,1060014930,1,val
GRDC_1160955,1060014930,1,val
GRDC_1160957,1060014930,1,val
GRDC_1160960,1060014930,1,val
GRDC_1196213,1060012590,0,test
GRDC_1196300,1060012590,0,test
GRDC_1196360,1060012590,0,test
GRDC_1196370,1060012590,0,test
GRDC_1197001,1060012680,4,train
GRDC_1197010,1060012680,4,train
GRDC_1197100,1060012680,4,train
GRDC_1197300,1060012680,4,train
GRDC_1197501,1060012680,4,train
GRDC_1197540,1060012680,4,train
GRDC_1197555,1060012680,4,train
GRDC_1197593,1060012680,4,train
GRDC_1321880,1060024880,3,train
GRDC_1322840,1060024870,2,train
GRDC_1322880,1060024870,2,train
GRDC_3617110,6060007000,4,train
GRDC_3617812,6060007000,4,train
GRDC_3618051,6060007000,4,train
GRDC_3618053,6060007000,4,train
GRDC_3618121,6060007000,4,train
GRDC_3618150,6060007000,4,train
GRDC_3618711,6060007000,4,train
GRDC_3618720,6060007000,4,train
GRDC_3618731,6060007000,4,train
GRDC_3618740,6060007000,4,train
GRDC_3618951,6060007000,4,train
GRDC_3630300,6060007000,4,train
GRDC_3632401,6060007000,4,train
GRDC_3633123,6060007000,4,train
GRDC_3633160,6060007000,4,train
GRDC_3633190,6060007000,4,train
GRDC_3633310,6060007000,4,train
GRDC_3634340,6060007000,4,train
GRDC_3634360,6060007000,4,train
GRDC_3634380,6060007000,4,train
GRDC_3634450,6060007000,4,train
GRDC_3635035,6060007000,4,train
GRDC_3635402,6060007000,4,train
GRDC_3635408,6060007000,4,train
GRDC_3635440,6060007000,4,train
GRDC_3635651,6060007000,4,train
GRDC_3637390,6060007000,4,train
GRDC_3637771,6060007000,4,train
GRDC_3637810,6060007000,4,train
GRDC_3638150,6060007000,4,train
GRDC_3638210,6060007000,4,train
GRDC_3638700,6060007000,4,train
GRDC_3649860,6060007950,3,train
GRDC_3653110,6060014460,2,train
GRDC_3660900,6060016970,1,val
GRDC_4106500,7060020510,1,val
GRDC_4106600,7060020500,2,train
GRDC_4113300,7060022240,3,train
GRDC_4113301,7060022240,3,train
GRDC_4113302,7060022240,3,train
GRDC_4113303,7060022240,3,train
GRDC_4113304,7060022240,3,train
GRDC_4113305,7060022240,3,train
GRDC_4113310,7060022240,3,train
GRDC_4113315,7060022240,3,train
GRDC_4113320,7060022240,3,train
GRDC_4113321,7060022240,3,train
GRDC_4113330,7060022240,3,train
GRDC_4113340,7060022240,3,train
GRDC_4113350,7060022240,3,train
GRDC_4113351,7060022240,3,train
GRDC_4113360,7060022240,3,train
GRDC_4113361,7060022240,3,train
GRDC_4113400,7060022240,3,train
GRDC_4113401,7060022240,3,train
GRDC_4113402,7060022240,3,train
GRDC_4113410,7060022240,3,train
GRDC_4113420,7060022240,3,train
GRDC_4113600,7060022240,3,train
GRDC_4115080,7060014930,4,train
GRDC_4115081,7060014930,4,train
GRDC_4115082,7060014930,4,train
GRDC_4115100,7060014930,4,train
GRDC_4115101,7060014930,4,train
GRDC_4115102,7060014930,4,train
GRDC_4115105,7060014930,4,train
GRDC_4115106,7060014930,4,train
GRDC_4115201,7060014930,4,train
GRDC_4115202,7060014930,4,train
GRDC_4115203,7060014930,4,train
GRDC_4115204,7060014930,4,train
GRDC_4115205,7060014930,4,train
GRDC_4115206,7060014930,4,train
GRDC_4115210,7060014930,4,train
GRDC_4115211,7060014930,4,train
GRDC_4115220,7060014930,4,train
GRDC_4115221,7060014930,4,train
GRDC_4115222,7060014930,4,train
GRDC_4115223,7060014930,4,train
GRDC_4115224,7060014930,4,train
GRDC_4115226,7060014930,4,train
GRDC_4115230,7060014930,4,train
GRDC_4115231,7060014930,4,train
GRDC_4115235,7060014930,4,train
GRDC_4115236,7060014930,4,train
GRDC_4115240,7060014930,4,train
GRDC_4115241,7060014930,4,train
GRDC_4115250,7060014930,4,train
GRDC_4115260,7060014930,4,train
GRDC_4115261,7060014930,4,train
GRDC_4115262,7060014930,4,train
GRDC_4115270,7060014930,4,train
GRDC_4115280,7060014930,4,train
GRDC_4115281,7060014930,4,train
GRDC_4115282,7060014930,4,train
GRDC_4115290,7060014930,4,train
GRDC_4115300,7060014930,4,train
GRDC_4115301,7060014930,4,train
GRDC_4115305,7060014930,4,train
GRDC_4115310,7060014930,4,train
GRDC_4115311,7060014930,4,train
GRDC_4115322,7060014930,4,train
GRDC_4115330,7060014930,4,train
GRDC_4115331,7060014930,4,train
GRDC_4115332,7060014930,4,train
GRDC_4115340,7060014930,4,train
GRDC_4115344,7060014930,4,train
GRDC_4115345,7060014930,4,train
GRDC_4115347,7060014930,4,train
GRDC_4115349,7060014930,4,train
GRDC_4115350,7060014930,4,train
GRDC_4115351,7060014930,4,train
GRDC_4115400,7060014930,4,train
GRDC_4115401,7060014930,4,train
GRDC_4115403,7060014930,4,train
GRDC_4115410,7060014930,4,train
GRDC_4115450,7060014930,4,train
GRDC_4115451,7060014930,4,train
GRDC_4116150,7060014930,4,train
GRDC_4116181,7060014930,4,train
GRDC_4116183,7060014930,4,train
GRDC_4116184,7060014930,4,train
GRDC_4116185,7060014930,4,train
GRDC_4116187,7060014930,4,train
GRDC_4116188,7060014930,4,train
GRDC_4116189,7060014930,4,train
GRDC_4116190,7060014930,4,train
GRDC_4116192,7060014930,4,train
GRDC_4116200,7060014930,4,train
GRDC_4116201,7060014930,4,train
GRDC_4116300,7060014930,4,train
GRDC_4116301,7060014930,4,train
GRDC_4116320,7060014930,4,train
GRDC_4116325,7060014930,4,train
GRDC_4116330,7060014930,4,train
GRDC_4116331,7060014930,4,train
GRDC_4116332,7060014930,4,train
GRDC_4116333,7060014930,4,train
GRDC_4116340,7060014930,4,train
GRDC_4116350,7060014930,4,train
GRDC_4116351,7060014930,4,train
GRDC_4116360,7060014930,4,train
GRDC_4116400,7060014930,4,train
GRDC_4116401,7060014930,4,train
GRDC_4116402,7060014930,4,train
GRDC_4116405,7060014930,4,train
GRDC_4116406,7060014930,4,train
GRDC_4116407,7060014930,4,train
GRDC_4116451,7060014930,4,train
GRDC_4116452,7060014930,4,train
GRDC_4116460,7060014930,4,train
GRDC_4116470,7060014930,4,train
GRDC_4116471,7060014930,4,train
GRDC_4118110,7060073830,4,train
GRDC_4118300,7060008710,2,train
GRDC_4118320,7060073690,0,test
GRDC_4118410,7060073630,2,train
GRDC_4118420,7060073780,4,train
GRDC_4118440,7060073630,2,train
GRDC_4118800,7060073650,1,val
GRDC_4118850,7060073650,1,val
GRDC_4119050,7060047060,0,test
GRDC_4119070,7060047060,0,test
GRDC_4119080,7060047060,0,test
GRDC_4119090,7060047060,0,test
GRDC_4119101,7060047060,0,test
GRDC_4119150,7060047060,0,test
GRDC_4119170,7060047060,0,test
GRDC_4119200,7060047060,0,test
GRDC_4119210,7060047060,0,test
GRDC_4119230,7060047060,0,test
GRDC_4119250,7060047060,0,test
GRDC_4119251,7060047060,0,test
GRDC_4119252,7060047060,0,test
GRDC_4119260,7060047060,0,test
GRDC_4119261,7060047060,0,test
GRDC_4119262,7060047060,0,test
GRDC_4119264,7060047060,0,test
GRDC_4119265,7060047060,0,test
GRDC_4119270,7060047060,0,test
GRDC_4119271,7060047060,0,test
GRDC_4119280,7060047060,0,test
GRDC_4119281,7060047060,0,test
GRDC_4119282,7060047060,0,test
GRDC_4119283,7060047060,0,test
GRDC_4119285,7060047060,0,test
GRDC_4119286,7060047060,0,test
GRDC_4119288,7060047060,0,test
GRDC_4119290,7060047060,0,test
GRDC_4119295,7060047060,0,test
GRDC_4119311,7060047060,0,test
GRDC_4119312,7060047060,0,test
GRDC_4119313,7060047060,0,test
GRDC_4119315,7060047060,0,test
GRDC_4119317,7060047060,0,test
GRDC_4119318,7060047060,0,test
GRDC_4119321,7060047060,0,test
GRDC_4119322,7060047060,0,test
GRDC_4119325,7060047060,0,test
GRDC_4119327,7060047060,0,test
GRDC_4119400,7060047060,0,test
GRDC_4119401,7060047060,0,test
GRDC_4119410,7060047060,0,test
GRDC_4119430,7060047060,0,test
GRDC_4119431,7060047060,0,test
GRDC_4119440,7060047060,0,test
GRDC_4119441,7060047060,0,test
GRDC_4119442,7060047060,0,test
GRDC_4119450,7060047060,0,test
GRDC_4119451,7060047060,0,test
GRDC_4119454,7060047060,0,test
GRDC_4119460,7060047060,0,test
GRDC_4119461,7060047060,0,test
GRDC_4119510,7060047060,0,test
GRDC_4119600,7060047060,0,test
GRDC_4120110,7060047060,0,test
GRDC_4120111,7060047060,0,test
GRDC_4120120,7060047060,0,test
GRDC_4120125,7060047060,0,test
GRDC_4120200,7060047060,0,test
GRDC_4120300,7060047060,0,test
GRDC_4120301,7060047060,0,test
GRDC_4120311,7060047060,0,test
GRDC_4120320,7060047060,0,test
GRDC_4120321,7060047060,0,test
GRDC_4120322,7060047060,0,test
GRDC_4120330,7060047060,0,test
GRDC_4120331,7060047060,0,test
GRDC_4120900,7060047060,0,test
GRDC_4120902,7060047060,0,test
GRDC_4120903,7060047060,0,test
GRDC_4120950,7060047060,0,test
GRDC_4120951,7060047060,0,test
GRDC_4120952,7060047060,0,test
GRDC_4120953,7060047060,0,test
GRDC_4121100,7060047060,0,test
GRDC_4121101,7060047060,0,test
GRDC_4121102,7060047060,0,test
GRDC_4121110,7060047060,0,test
GRDC_4121111,7060047060,0,test
GRDC_4121120,7060047060,0,test
GRDC_4121121,7060047060,0,test
GRDC_4121125,7060047060,0,test
GRDC_4121126,7060047060,0,test
GRDC_4121130,7060047060,0,test
GRDC_4121131,7060047060,0,test
GRDC_4121140,7060047060,0,test
GRDC_4121141,7060047060,0,test
GRDC_4121146,7060047060,0,test
GRDC_4121147,7060047060,0,test
GRDC_4121150,7060047060,0,test
GRDC_4121160,7060047060,0,test
GRDC_4121161,7060047060,0,test
GRDC_4121162,7060047060,0,test
GRDC_4121300,7060047060,0,test
GRDC_4121301,7060047060,0,test
GRDC_4121304,7060047060,0,test
GRDC_4121311,7060047060,0,test
GRDC_4121320,7060047060,0,test
GRDC_4121321,7060047060,0,test
GRDC_4121330,7060047060,0,test
GRDC_4121341,7060047060,0,test
GRDC_4121350,7060047060,0,test
GRDC_4121400,7060047060,0,test
GRDC_4121401,7060047060,0,test
GRDC_4121420,7060047060,0,test
GRDC_4121430,7060047060,0,test
GRDC_4121431,7060047060,0,test
GRDC_4121802,7060047060,0,test
GRDC_4122100,7060047060,0,test
GRDC_4122105,7060047060,0,test
GRDC_4122111,7060047060,0,test
GRDC_4122130,7060047060,0,test
GRDC_4122151,7060047060,0,test
GRDC_4122152,7060047060,0,test
GRDC_4122153,7060047060,0,test
GRDC_4122155,7060047060,0,test
GRDC_4122165,7060047060,0,test
GRDC_4122170,7060047060,0,test
GRDC_4122180,7060047060,0,test
GRDC_4122190,7060047060,0,test
GRDC_4122201,7060047060,0,test
GRDC_4122212,7060047060,0,test
GRDC_4122220,7060047060,0,test
GRDC_4122221,7060047060,0,test
GRDC_4122222,7060047060,0,test
GRDC_4122230,7060047060,0,test
GRDC_4122240,7060047060,0,test
GRDC_4122250,7060047060,0,test
GRDC_4122270,7060047060,0,test
GRDC_4122280,7060047060,0,test
GRDC_4122281,7060047060,0,test
GRDC_4122350,7060047060,0,test
GRDC_4122351,7060047060,0,test
GRDC_4122352,7060047060,0,test
GRDC_4122370,7060047060,0,test
GRDC_4122600,7060047060,0,test
GRDC_4122601,7060047060,0,test
GRDC_4122602,7060047060,0,test
GRDC_4122603,7060047060,0,test
GRDC_4122620,7060047060,0,test
GRDC_4122630,7060047060,0,test
GRDC_4122635,7060047060,0,test
GRDC_4122636,7060047060,0,test
GRDC_4122637,7060047060,0,test
GRDC_4122638,7060047060,0,test
GRDC_4122639,7060047060,0,test
GRDC_4122650,7060047060,0,test
GRDC_4122700,7060047060,0,test
GRDC_4122701,7060047060,0,test
GRDC_4122900,7060047060,0,test
GRDC_4122901,7060047060,0,test
GRDC_4122902,7060047060,0,test
GRDC_4122903,7060047060,0,test
GRDC_4123082,7060047060,0,test
GRDC_4123083,7060047060,0,test
GRDC_4123090,7060047060,0,test
GRDC_4123095,7060047060,0,test
GRDC_4123110,7060047060,0,test
GRDC_4123120,7060047060,0,test
GRDC_4123130,7060047060,0,test
GRDC_4123131,7060047060,0,test
GRDC_4123135,7060047060,0,test
GRDC_4123136,7060047060,0,test
GRDC_4123137,7060047060,0,test
GRDC_4123200,7060047060,0,test
GRDC_4123201,7060047060,0,test
GRDC_4123202,7060047060,0,test
GRDC_4123205,7060047060,0,test
GRDC_4123206,7060047060,0,test
GRDC_4123207,7060047060,0,test
GRDC_4123209,7060047060,0,test
GRDC_4123210,7060047060,0,test
GRDC_4123220,7060047060,0,test
GRDC_4123225,7060047060,0,test
GRDC_4123230,7060047060,0,test
GRDC_4123235,7060047060,0,test
GRDC_4123240,7060047060,0,test
GRDC_4123245,7060047060,0,test
GRDC_4123250,7060047060,0,test
GRDC_4123251,7060047060,0,test
GRDC_4123255,7060047060,0,test
GRDC_4123260,7060047060,0,test
GRDC_4123265,7060047060,0,test
GRDC_4123268,7060047060,0,test
GRDC_4123270,7060047060,0,test
GRDC_4123271,7060047060,0,test
GRDC_4123272,7060047060,0,test
GRDC_4123275,7060047060,0,test
GRDC_4123277,7060047060,0,test
GRDC_4123278,7060047060,0,test
GRDC_4123280,7060047060,0,test
GRDC_4123290,7060047060,0,test
GRDC_4123300,7060047060,0,test
GRDC_4123320,7060047060,0,test
GRDC_4123330,7060047060,0,test
GRDC_4123331,7060047060,0,test
GRDC_4123335,7060047060,0,test
GRDC_4123341,7060047060,0,test
GRDC_4123347,7060047060,0,test
GRDC_4123350,7060047060,0,test
GRDC_4123351,7060047060,0,test
GRDC_4123352,7060047060,0,test
GRDC_4123355,7060047060,0,test
GRDC_4123357,7060047060,0,test
GRDC_4123360,7060047060,0,test
GRDC_4123365,7060047060,0,test
GRDC_4123370,7060047060,0,test
GRDC_4123375,7060047060,0,test
GRDC_4123380,7060047060,0,test
GRDC_4123382,7060047060,0,test
GRDC_4123385,7060047060,0,test
GRDC_4123400,7060047060,0,test
GRDC_4123510,7060047060,0,test
GRDC_4125010,7060047060,0,test
GRDC_4125020,7060047060,0,test
GRDC_4125026,7060047060,0,test
GRDC_4125027,7060047060,0,test
GRDC_4125028,7060047060,0,test
GRDC_4125055,7060047060,0,test
GRDC_4125061,7060047060,0,test
GRDC_4125062,7060047060,0,test
GRDC_4125063,7060047060,0,test
GRDC_4125064,7060047060,0,test
GRDC_4125070,7060047060,0,test
GRDC_4125075,7060047060,0,test
GRDC_4125110,7060047060,0,test
GRDC_4125200,7060047060,0,test
GRDC_4125205,7060047060,0,test
GRDC_4125210,7060047060,0,test
GRDC_4125500,7060047060,0,test
GRDC_4125550,7060047060,0,test
GRDC_4125552,7060047060,0,test
GRDC_4125555,7060047060,0,test
GRDC_4125560,7060047060,0,test
GRDC_4125565,7060047060,0,test
GRDC_4125802,7060047060,0,test
GRDC_4125900,7060047060,0,test
GRDC_4125901,7060047060,0,test
GRDC_4125904,7060047060,0,test
GRDC_4125910,7060047060,0,test
GRDC_4125911,7060047060,0,test
GRDC_4125917,7060047060,0,test
GRDC_4125918,7060047060,0,test
GRDC_4125925,7060047060,0,test
GRDC_4125930,7060047060,0,test
GRDC_4125940,7060047060,0,test
GRDC_4125941,7060047060,0,test
GRDC_4125942,7060047060,0,test
GRDC_4125943,7060047060,0,test
GRDC_4125944,7060047060,0,test
GRDC_4125950,7060047060,0,test
GRDC_4126100,7060047060,0,test
GRDC_4126300,7060047060,0,test
GRDC_4126301,7060047060,0,test
GRDC_4126351,7060047060,0,test
GRDC_4126352,7060047060,0,test
GRDC_4126750,7060047060,0,test
GRDC_4126801,7060047060,0,test
GRDC_4126802,7060047060,0,test
GRDC_4126803,7060047060,0,test
GRDC_4126804,7060047060,0,test
GRDC_4126805,7060047060,0,test
GRDC_4126806,7060047060,0,test
GRDC_4126810,7060047060,0,test
GRDC_4126815,7060047060,0,test
GRDC_4127100,7060047060,0,test
GRDC_4127150,7060047060,0,test
GRDC_4127201,7060047060,0,test
GRDC_4127202,7060047060,0,test
GRDC_4127400,7060047060,0,test
GRDC_4127501,7060047060,0,test
GRDC_4127502,7060047060,0,test
GRDC_4127503,7060047060,0,test
GRDC_4127600,7060047060,0,test
GRDC_4127610,7060047060,0,test
GRDC_4127700,7060047060,0,test
GRDC_4127701,7060047060,0,test
GRDC_4127800,7060047060,0,test
GRDC_4127910,7060047060,0,test
GRDC_4127920,7060047060,0,test
GRDC_4131031,7060038320,1,val
GRDC_4132010,7060034520,4,train
GRDC_4132100,7060034520,4,train
GRDC_4132200,7060034520,4,train
GRDC_4132300,7060034520,4,train
GRDC_4132800,7060034520,4,train
GRDC_4132900,7060034520,4,train
GRDC_4133100,7060034520,4,train
GRDC_4133250,7060034520,4,train
GRDC_4133260,7060034520,4,train
GRDC_4133300,7060034520,4,train
GRDC_4133400,7060034520,4,train
GRDC_4133450,7060034520,4,train
GRDC_4133500,7060034520,4,train
GRDC_4133501,7060034520,4,train
GRDC_4133550,7060034520,4,train
GRDC_4133651,7060034520,4,train
GRDC_4133652,7060034520,4,train
GRDC_4133700,7060034520,4,train
GRDC_4133701,7060034520,4,train
GRDC_4133750,7060034520,4,train
GRDC_4133751,7060034520,4,train
GRDC_4134300,7060034520,4,train
GRDC_4134350,7060034520,4,train
GRDC_4134500,7060034520,4,train
GRDC_4134700,7060034520,4,train
GRDC_4134800,7060034520,4,train
GRDC_4135100,7060034520,4,train
GRDC_4135200,7060034520,4,train
GRDC_4135201,7060034520,4,train
GRDC_4135205,7060034520,4,train
GRDC_4135210,7060034520,4,train
GRDC_4135300,7060034520,4,train
GRDC_4135400,7060034520,4,train
GRDC_4135500,7060034520,4,train
GRDC_4135800,7060034520,4,train
GRDC_4136301,7060034520,4,train
GRDC_4136400,7060034520,4,train
GRDC_4136500,7060034520,4,train
GRDC_4143310,7060034520,4,train
GRDC_4143500,7060034520,4,train
GRDC_4143550,7060034520,4,train
GRDC_4143710,7060034520,4,train
GRDC_4143750,7060034520,4,train
GRDC_4143770,7060034520,4,train
GRDC_4143790,7060034520,4,train
GRDC_4146050,7060016100,2,train
GRDC_4146080,7060016090,1,val
GRDC_4146081,7060016090,1,val
GRDC_4146082,7060016090,1,val
GRDC_4146083,7060016090,1,val
GRDC_4146085,7060016090,1,val
GRDC_4146100,7060014210,0,test
GRDC_4146111,7060014200,4,train
GRDC_4146112,7060014200,4,train
GRDC_4146115,7060014200,4,train
GRDC_4146120,7060014050,3,train
GRDC_4146130,7060014200,4,train
GRDC_4146140,7060014200,4,train
GRDC_4146141,7060014200,4,train
GRDC_4146145,7060014200,4,train
GRDC_4146150,7060015090,4,train
GRDC_4146155,7060015100,2,train
GRDC_4146160,7060015090,4,train
GRDC_4146161,7060015090,4,train
GRDC_4146170,7060015100,2,train
GRDC_4146175,7060015100,2,train
GRDC_4146180,7060014040,4,train
GRDC_4146185,7060015100,2,train
GRDC_4146190,7060016000,4,train
GRDC_4146195,7060015900,1,val
GRDC_4146200,7060014040,4,train
GRDC_4146210,7060013560,1,val
GRDC_4146220,7060016000,4,train
GRDC_4146230,7060013560,1,val
GRDC_4146270,7060013550,4,train
GRDC_4146281,7060013550,4,train
GRDC_4146310,7060013180,2,train
GRDC_4146320,7060013170,2,train
GRDC_4146340,7060013180,2,train
GRDC_4146350,7060013180,2,train
GRDC_4146360,7060013550,4,train
GRDC_4146370,7060016090,1,val
GRDC_4146400,7060013170,2,train
GRDC_4146401,7060015100,2,train
GRDC_4146410,7060012950,1,val
GRDC_4146630,7060012600,1,val
GRDC_4146650,7060014520,4,train
GRDC_4146670,7060014340,1,val
GRDC_4146900,7060012280,3,train
GRDC_4146901,7060014340,1,val
GRDC_4146950,7060012280,3,train
GRDC_4147010,7060038810,1,val
GRDC_4147031,7060038320,1,val
GRDC_4147050,7060038980,2,train
GRDC_4147051,7060038980,2,train
GRDC_4147061,7060038340,4,train
GRDC_4147110,7060038980,2,train
GRDC_4147111,7060038980,2,train
GRDC_4147310,7060039070,3,train
GRDC_4147320,7060041900,3,train
GRDC_4147330,7060041900,3,train
GRDC_4147340,7060041920,0,test
GRDC_4147380,7060039160,1,val
GRDC_4147381,7060039160,1,val
GRDC_4147382,7060039160,1,val
GRDC_4147410,7060039170,1,val
GRDC_4147440,7060039170,1,val
GRDC_4147450,7060039170,1,val
GRDC_4147460,7060039620,3,train
GRDC_4147461,7060039620,3,train
GRDC_4147462,7060039620,3,train
GRDC_4147463,7060039620,3,train
GRDC_4147465,7060039620,3,train
GRDC_4147470,7060039620,3,train
GRDC_4147475,7060039620,3,train
GRDC_4147490,7060039630,3,train
GRDC_4147491,7060039630,3,train
GRDC_4147500,7060039870,3,train
GRDC_4147501,7060039870,3,train
GRDC_4147502,7060039870,3,train
GRDC_4147505,7060039870,3,train
GRDC_4147510,7060039870,3,train
GRDC_4147540,7060039920,1,val
GRDC_4147600,7060040360,1,val
GRDC_4147601,7060040360,1,val
GRDC_4147605,7060040360,1,val
GRDC_4147606,7060040360,1,val
GRDC_4147650,7060040360,1,val
GRDC_4147651,7060040360,1,val
GRDC_4147700,7060041050,4,train
GRDC_4147701,7060041050,4,train
GRDC_4147702,7060041050,4,train
GRDC_4147703,7060041050,4,train
GRDC_4147704,7060041050,4,train
GRDC_4147710,7060041050,4,train
GRDC_4147715,7060041050,4,train
GRDC_4147720,7060041050,4,train
GRDC_4147721,7060041050,4,train
GRDC_4147725,7060041050,4,train
GRDC_4147726,7060041050,4,train
GRDC_4147810,7060040800,2,train
GRDC_4147901,7060041400,1,val
GRDC_4147902,7060041400,1,val
GRDC_4147903,7060041400,1,val
GRDC_4147904,7060041400,1,val
GRDC_4147905,7060041400,1,val
GRDC_4147907,7060041400,1,val
GRDC_4147950,7060041650,2,train
GRDC_4148070,7060042240,3,train
GRDC_4148090,7060042310,2,train
GRDC_4148091,7060042310,2,train
GRDC_4148092,7060042310,2,train
GRDC_4148110,7060042320,4,train
GRDC_4148120,7060042740,4,train
GRDC_4148125,7060042740,4,train
GRDC_4148210,7060042940,3,train
GRDC_4148230,7060042940,3,train
GRDC_4148231,7060042940,3,train
GRDC_4148300,7060043090,3,train
GRDC_4148321,7060043090,3,train
GRDC_4148410,7060043160,4,train
GRDC_4148530,7060043160,4,train
GRDC_4148535,7060043160,4,train
GRDC_4148541,7060043160,4,train
GRDC_4148545,7060043160,4,train
GRDC_4148546,7060043160,4,train
GRDC_4148570,7060043170,3,train
GRDC_4148610,7060043510,4,train
GRDC_4148650,7060043500,2,train
GRDC_4148655,7060043500,2,train
GRDC_4148720,7060043640,4,train
GRDC_4148750,7060043650,3,train
GRDC_4148855,7060043860,2,train
GRDC_4149110,7060046870,3,train
GRDC_4149120,7060046870,3,train
GRDC_4149123,7060046870,3,train
GRDC_4149300,7060046600,3,train
GRDC_4149310,7060046590,3,train
GRDC_4149401,7060046590,3,train
GRDC_4149415,7060046590,3,train
GRDC_4149420,7060046390,1,val
GRDC_4149430,7060046590,3,train
GRDC_4149441,7060046590,3,train
GRDC_4149510,7060046320,0,test
GRDC_4149610,7060045890,2,train
GRDC_4149630,7060045890,2,train
GRDC_4149631,7060045890,2,train
GRDC_4149670,7060045890,2,train
GRDC_4149680,7060045890,2,train
GRDC_4149682,7060045890,2,train
GRDC_4149690,7060046130,2,train
GRDC_4149691,7060046130,2,train
GRDC_4149710,7060045490,2,train
GRDC_4149711,7060045490,2,train
GRDC_4149780,7060045480,1,val
GRDC_4149781,7060045480,1,val
GRDC_4149810,7060045480,1,val
GRDC_4149850,7060045410,2,train
GRDC_4149910,7060044870,1,val
GRDC_4149940,7060046900,4,train
GRDC_4149941,7060046900,4,train
GRDC_4149950,7060044860,1,val
GRDC_4149965,7060046900,4,train
GRDC_4150250,7060048300,2,train
GRDC_4150280,7060048860,1,val
GRDC_4150281,7060048860,1,val
GRDC_4150282,7060048860,1,val
GRDC_4150283,7060048860,1,val
GRDC_4150310,7060048620,4,train
GRDC_4150311,7060048620,4,train
GRDC_4150315,7060048620,4,train
GRDC_4150320,7060048620,4,train
GRDC_4150330,7060048620,4,train
GRDC_4150331,7060048620,4,train
GRDC_4150400,7060048300,2,train
GRDC_4150410,7060048480,1,val
GRDC_4150450,7060048410,4,train
GRDC_4150460,7060048410,4,train
GRDC_4150461,7060048410,4,train
GRDC_4150462,7060048410,4,train
GRDC_4150465,7060048410,4,train
GRDC_4150471,7060048410,4,train
GRDC_4150475,7060048410,4,train
GRDC_4150500,7060048300,2,train
GRDC_4150501,7060048300,2,train
GRDC_4150502,7060048300,2,train
GRDC_4150503,7060048300,2,train
GRDC_4150505,7060048300,2,train
GRDC_4150507,7060048300,2,train
GRDC_4150510,7060048300,2,train
GRDC_4150515,7060048300,2,train
GRDC_4150585,7060048860,1,val
GRDC_4150600,7060047970,1,val
GRDC_4150605,7060047970,1,val
GRDC_4150680,7060047850,3,train
GRDC_4150681,7060047850,3,train
GRDC_4150682,7060047850,3,train
GRDC_4150850,7060047770,2,train
GRDC_4151300,7060049270,2,train
GRDC_4151400,7060049270,2,train
GRDC_4151410,7060049270,2,train
GRDC_4151420,7060049270,2,train
GRDC_4151511,7060049270,2,train
GRDC_4151512,7060049270,2,train
GRDC_4151513,7060049270,2,train
GRDC_4151514,7060049270,2,train
GRDC_4151515,7060049270,2,train
GRDC_4151600,7060049270,2,train
GRDC_4151651,7060049270,2,train
GRDC_4151802,7060049270,2,train
GRDC_4151803,7060049270,2,train
GRDC_4151805,7060049270,2,train
GRDC_4152050,7060008710,2,train
GRDC_4152103,7060008710,2,train
GRDC_4152110,7060008710,2,train
GRDC_4152120,7060008710,2,train
GRDC_4152202,7060008710,2,train
GRDC_4152300,7060008710,2,train
GRDC_4152400,7060008710,2,train
GRDC_4152450,7060008710,2,train
GRDC_4152460,7060008710,2,train
GRDC_4152465,7060008710,2,train
GRDC_4152500,7060008710,2,train
GRDC_4152550,7060008710,2,train
GRDC_4152551,7060008710,2,train
GRDC_4152553,7060008710,2,train
GRDC_4152570,7060008710,2,train
GRDC_4152580,7060008710,2,train
GRDC_4152590,7060008710,2,train
GRDC_4152610,7060008710,2,train
GRDC_4152620,7060008710,2,train
GRDC_4152650,7060008710,2,train
GRDC_4152651,7060008710,2,train
GRDC_4152652,7060008710,2,train
GRDC_4152660,7060008710,2,train
GRDC_4152700,7060008710,2,train
GRDC_4152701,7060008710,2,train
GRDC_4152800,7060008710,2,train
GRDC_4152900,7060008710,2,train
GRDC_4204010,7060020090,0,test
GRDC_4204100,7060020090,0,test
GRDC_4204900,7060020090,0,test
GRDC_4207100,7060016260,2,train
GRDC_4207130,7060016260,2,train
GRDC_4207150,7060016260,2,train
GRDC_4207180,7060016260,2,train
GRDC_4207190,7060016260,2,train
GRDC_4207220,7060016260,2,train
GRDC_4207300,7060016260,2,train
GRDC_4207310,7060016260,2,train
GRDC_4207320,7060016260,2,train
GRDC_4207321,7060016260,2,train
GRDC_4207350,7060016260,2,train
GRDC_4207380,7060016260,2,train
GRDC_4207710,7060016260,2,train
GRDC_4207750,7060016260,2,train
GRDC_4207770,7060016260,2,train
GRDC_4207800,7060016260,2,train
GRDC_4207830,7060016260,2,train
GRDC_4207850,7060016260,2,train
GRDC_4207860,7060016260,2,train
GRDC_4207880,7060016260,2,train
GRDC_4207900,7060016260,2,train
GRDC_4207910,7060016260,2,train
GRDC_4213010,7060022240,3,train
GRDC_4213011,7060022240,3,train
GRDC_4213030,7060022240,3,train
GRDC_4213031,7060022240,3,train
GRDC_4213045,7060022240,3,train
GRDC_4213047,7060022240,3,train
GRDC_4213050,7060022240,3,train
GRDC_4213055,7060022240,3,train
GRDC_4213060,7060022240,3,train
GRDC_4213070,7060022240,3,train
GRDC_4213071,7060022240,3,train
GRDC_4213095,7060022240,3,train
GRDC_4213101,7060022240,3,train
GRDC_4213102,7060022240,3,train
GRDC_4213103,7060022240,3,train
GRDC_4213111,7060022240,3,train
GRDC_4213131,7060022240,3,train
GRDC_4213140,7060022240,3,train
GRDC_4213150,7060022240,3,train
GRDC_4213160,7060022240,3,train
GRDC_4213170,7060022240,3,train
GRDC_4213171,7060022240,3,train
GRDC_4213172,7060022240,3,train
GRDC_4213180,7060022240,3,train
GRDC_4213183,7060022240,3,train
GRDC_4213193,7060022240,3,train
GRDC_4213200,7060022240,3,train
GRDC_4213201,7060022240,3,train
GRDC_4213203,7060022240,3,train
GRDC_4213205,7060022240,3,train
GRDC_4213210,7060022240,3,train
GRDC_4213250,7060022240,3,train
GRDC_4213300,7060022240,3,train
GRDC_4213340,7060022240,3,train
GRDC_4213341,7060022240,3,train
GRDC_4213355,7060022240,3,train
GRDC_4213440,7060022240,3,train
GRDC_4213495,7060022240,3,train
GRDC_4213551,7060022240,3,train
GRDC_4213552,7060022240,3,train
GRDC_4213557,7060022240,3,train
GRDC_4213562,7060022240,3,train
GRDC_4213563,7060022240,3,train
GRDC_4213564,7060022240,3,train
GRDC_4213566,7060022240,3,train
GRDC_4213569,7060022240,3,train
GRDC_4213571,7060022240,3,train
GRDC_4213590,7060022240,3,train
GRDC_4213593,7060022240,3,train
GRDC_4213601,7060022240,3,train
GRDC_4213640,7060022240,3,train
GRDC_4213650,7060022240,3,train
GRDC_4213700,7060022240,3,train
GRDC_4213711,7060022240,3,train
GRDC_4213712,7060022240,3,train
GRDC_4213715,7060022240,3,train
GRDC_4213720,7060022240,3,train
GRDC_4213765,7060022240,3,train
GRDC_4213780,7060022240,3,train
GRDC_4213800,7060022240,3,train
GRDC_4213802,7060022240,3,train
GRDC_4213810,7060022240,3,train
GRDC_4213820,7060022240,3,train
GRDC_4213840,7060022240,3,train
GRDC_4213845,7060022240,3,train
GRDC_4213880,7060022240,3,train
GRDC_4213890,7060022240,3,train
GRDC_4213910,7060022240,3,train
GRDC_4213925,7060022240,3,train
GRDC_4214210,7060021740,1,val
GRDC_4214263,7060021740,1,val
GRDC_4214264,7060021740,1,val
GRDC_4214265,7060021740,1,val
GRDC_4214271,7060021740,1,val
GRDC_4214280,7060021740,1,val
GRDC_4214285,7060021740,1,val
GRDC_4214287,7060021740,1,val
GRDC_4214290,7060021740,1,val
GRDC_4214295,7060021740,1,val
GRDC_4214298,7060021740,1,val
GRDC_4214360,7060022840,1,val
GRDC_4214390,7060022840,1,val
GRDC_4214400,7060024290,2,train
GRDC_4214430,7060024030,1,val
GRDC_4214475,7060023220,0,test
GRDC_4214490,7060024030,1,val
GRDC_4214500,7060024290,2,train
GRDC_4214505,7060024290,2,train
GRDC_4214513,7060024580,1,val
GRDC_4214517,7060024580,1,val
GRDC_4214520,7060024290,2,train
GRDC_4214530,7060024580,1,val
GRDC_4214540,7060024290,2,train
GRDC_4214560,7060024580,1,val
GRDC_4214570,7060024290,2,train
GRDC_4214580,7060024290,2,train
GRDC_4214590,7060024290,2,train
GRDC_4214610,7060024680,4,train
GRDC_4215010,7060014930,4,train
GRDC_4215011,7060014930,4,train
GRDC_4215040,7060014930,4,train
GRDC_4215050,7060014930,4,train
GRDC_4215051,7060014930,4,train
GRDC_4215101,7060014930,4,train
GRDC_4215102,7060014930,4,train
GRDC_4215103,7060014930,4,train
GRDC_4215120,7060014930,4,train
GRDC_4215125,7060014930,4,train
GRDC_4215181,7060014930,4,train
GRDC_4215185,7060014930,4,train
GRDC_4215200,7060014930,4,train
GRDC_4215230,7060014930,4,train
GRDC_4215250,7060014930,4,train
GRDC_4215260,7060014930,4,train
GRDC_4215270,7060014930,4,train
GRDC_4215426,7060014930,4,train
GRDC_4215430,7060014930,4,train
GRDC_4215650,7060014930,4,train
GRDC_4215660,7060014930,4,train
GRDC_4215706,7060014930,4,train
GRDC_4215710,7060014930,4,train
GRDC_4215750,7060014930,4,train
GRDC_4220100,7060047060,0,test
GRDC_4220310,7060047060,0,test
GRDC_4220501,7060047060,0,test
GRDC_4231200,7060038320,1,val
GRDC_4231250,7060038320,1,val
GRDC_4231590,7060038320,1,val
GRDC_4231602,7060038320,1,val
GRDC_4231621,7060038320,1,val
GRDC_4231650,7060038320,1,val
GRDC_4231680,7060038320,1,val
GRDC_4231800,7060038320,1,val
GRDC_4232300,7060034520,4,train
GRDC_4232600,7060034520,4,train
GRDC_4232700,7060034520,4,train
GRDC_4232890,7060034520,4,train
GRDC_4232900,7060034520,4,train
GRDC_4234100,7060034520,4,train
GRDC_4234400,7060034520,4,train
GRDC_4234550,7060034520,4,train
GRDC_4234600,7060034520,4,train
GRDC_4234650,7060034520,4,train
GRDC_4234680,7060034520,4,train
GRDC_4234700,7060034520,4,train
GRDC_4234701,7060034520,4,train
GRDC_4234720,7060034520,4,train
GRDC_4234900,7060034520,4,train
GRDC_4235100,7060034520,4,train
GRDC_4235101,7060034520,4,train
GRDC_4235190,7060034520,4,train
GRDC_4235191,7060034520,4,train
GRDC_4235300,7060034520,4,train
GRDC_4235301,7060034520,4,train
GRDC_4235400,7060034520,4,train
GRDC_4235490,7060034520,4,train
GRDC_4235500,7060034520,4,train
GRDC_4236050,7060034520,4,train
GRDC_4236100,7060034520,4,train
GRDC_4236300,7060034520,4,train
GRDC_4236700,7060034520,4,train
GRDC_4243070,7060034520,4,train
GRDC_4243141,7060034520,4,train
GRDC_4243151,7060034520,4,train
GRDC_4243220,7060034520,4,train
GRDC_4243240,7060034520,4,train
GRDC_4243280,7060034520,4,train
GRDC_4243330,7060034520,4,train
GRDC_4243340,7060034520,4,train
GRDC_4244370,7060034570,3,train
GRDC_4244420,7060034330,4,train
GRDC_4244550,7060032080,0,test
GRDC_4244610,7060032940,4,train
GRDC_4244720,7060060320,3,train
GRDC_4244730,7060060310,2,train
GRDC_4244750,7060060310,2,train
GRDC_4244770,7060061620,4,train
GRDC_4244780,7060062930,1,val
GRDC_4244785,7060061880,2,train
GRDC_4244788,7060061880,2,train
GRDC_4244795,7060061880,2,train
GRDC_4244810,7060034870,2,train
GRDC_4244840,7060035470,3,train
GRDC_4244850,7060035470,3,train
GRDC_4244870,7060035860,2,train
GRDC_4244880,7060035860,2,train
GRDC_4244940,7060033460,0,test
GRDC_4244960,7060035870,3,train
GRDC_4244985,7060035870,3,train
GRDC_4244995,7060037350,3,train
GRDC_4245100,7060019190,2,train
GRDC_4245250,7060019010,2,train
GRDC_4245280,7060019010,2,train
GRDC_4245650,7060016850,4,train
GRDC_4245820,7060056630,0,test
GRDC_4245880,7060056770,4,train
GRDC_4245920,7060019010,2,train
GRDC_4245950,7060016270,4,train
GRDC_4247100,7060038340,4,train
GRDC_4247101,7060038340,4,train
GRDC_4247500,7060038340,4,train
GRDC_4247700,7060038340,4,train
GRDC_5101070,5060067450,3,train
GRDC_5101071,5060067450,3,train
GRDC_5101075,5060067450,3,train
GRDC_5101109,5060067860,2,train
GRDC_5101116,5060067860,2,train
GRDC_5101118,5060067860,2,train
GRDC_5101119,5060067860,2,train
GRDC_5101120,5060067860,2,train
GRDC_5101123,5060067860,2,train
GRDC_5101124,5060067860,2,train
GRDC_5101125,5060067860,2,train
GRDC_5101130,5060067860,2,train
GRDC_5101162,5060067860,2,train
GRDC_5101164,5060067860,2,train
GRDC_5101165,5060067860,2,train
GRDC_5101170,5060067860,2,train
GRDC_5101181,5060068450,1,val
GRDC_5101182,5060068450,1,val
GRDC_5101183,5060068450,1,val
GRDC_5101190,5060067860,2,train
GRDC_5101191,5060067860,2,train
GRDC_5101200,5060068450,1,val
GRDC_5101204,5060068460,2,train
GRDC_5101205,5060068450,1,val
GRDC_5101206,5060068460,2,train
GRDC_5101253,5060068460,2,train
GRDC_5101260,5060068460,2,train
GRDC_5101285,5060069590,3,train
GRDC_5101286,5060069590,3,train
GRDC_5101287,5060069590,3,train
GRDC_5101288,5060069590,3,train
GRDC_5101291,5060069600,1,val
GRDC_5101301,5060069590,3,train
GRDC_5101303,5060069590,3,train
GRDC_5101308,5060069590,3,train
GRDC_5101320,5060069600,1,val
GRDC_5101365,5060069960,4,train
GRDC_5101381,5060070100,3,train
GRDC_5101385,5060070100,3,train
GRDC_5101390,5060070100,3,train
GRDC_5101397,5060070390,2,train
GRDC_5101410,5060069600,1,val
GRDC_5101411,5060069600,1,val
GRDC_5101414,5060069960,4,train
GRDC_5101415,5060069960,4,train
GRDC_5101416,5060069960,4,train
GRDC_5101430,5060070390,2,train
GRDC_5101450,5060070440,1,val
GRDC_5101451,5060070440,1,val
GRDC_5101471,5060069970,3,train
GRDC_5101472,5060069970,3,train
GRDC_5101487,5060070100,3,train
GRDC_5101500,5060070390,2,train
GRDC_5101505,5060070390,2,train
GRDC_5104220,5060073410,1,val
GRDC_5104230,5060073410,1,val
GRDC_5104330,5060073410,1,val
GRDC_5104350,5060073410,1,val
GRDC_5109110,5060065420,4,train
GRDC_5109152,5060065600,3,train
GRDC_5109161,5060065630,1,val
GRDC_5109170,5060065780,2,train
GRDC_5109175,5060065780,2,train
GRDC_5109201,5060065980,4,train
GRDC_5109203,5060065980,4,train
GRDC_5109204,5060065980,4,train
GRDC_5109205,5060065980,4,train
GRDC_5109206,5060065980,4,train
GRDC_5109210,5060065470,2,train
GRDC_5109220,5060065850,0,test
GRDC_5109230,5060049720,2,train
GRDC_5109240,5060066270,4,train
GRDC_5110020,5060087590,2,train
GRDC_5110030,5060087590,2,train
GRDC_5110400,5060087590,2,train
GRDC_5201010,5060070450,4,train
GRDC_5201020,5060070450,4,train
GRDC_5202012,5060070700,1,val
GRDC_5202030,5060070670,2,train
GRDC_5202033,5060070670,2,train
GRDC_5202036,5060070670,2,train
GRDC_5202037,5060070700,1,val
GRDC_5202038,5060070700,1,val
GRDC_5202039,5060070670,2,train
GRDC_5202040,5060070700,1,val
GRDC_5202041,5060070700,1,val
GRDC_5202043,5060070700,1,val
GRDC_5202044,5060070700,1,val
GRDC_5202049,5060070700,1,val
GRDC_5202056,5060070700,1,val
GRDC_5202057,5060070700,1,val
GRDC_5202062,5060070900,1,val
GRDC_5202063,5060070900,1,val
GRDC_5202064,5060070900,1,val
GRDC_5202067,5060070710,3,train
GRDC_5202072,5060070930,4,train
GRDC_5202074,5060070930,4,train
GRDC_5202075,5060070930,4,train
GRDC_5202081,5060070980,3,train
GRDC_5202085,5060070980,3,train
GRDC_5202087,5060070980,3,train
GRDC_5202090,5060071100,3,train
GRDC_5202095,5060071100,3,train
GRDC_5202102,5060071130,3,train
GRDC_5202103,5060071130,3,train
GRDC_5202105,5060071130,3,train
GRDC_5202106,5060071130,3,train
GRDC_5202107,5060071130,3,train
GRDC_5202108,5060071130,3,train
GRDC_5202109,5060071130,3,train
GRDC_5202110,5060071140,0,test
GRDC_5202111,5060071130,3,train
GRDC_5202112,5060071130,3,train
GRDC_5202113,5060071130,3,train
GRDC_5202114,5060071140,0,test
GRDC_5202141,5060071280,3,train
GRDC_5202150,5060071280,3,train
GRDC_5202151,5060071280,3,train
GRDC_5202160,5060071280,3,train
GRDC_5202180,5060071280,3,train
GRDC_5202181,5060071280,3,train
GRDC_5202183,5060071280,3,train
GRDC_5202200,5060071280,3,train
GRDC_5202210,5060071280,3,train
GRDC_5202212,5060071280,3,train
GRDC_5202213,5060071280,3,train
GRDC_5202215,5060071280,3,train
GRDC_5202216,5060071980,3,train
GRDC_5202217,5060071980,3,train
GRDC_5202225,5060071980,3,train
GRDC_5202227,5060071980,3,train
GRDC_5204010,5060073410,1,val
GRDC_5204011,5060073410,1,val
GRDC_5204018,5060073410,1,val
GRDC_5204019,5060073410,1,val
GRDC_5204100,5060073410,1,val
GRDC_5204102,5060073410,1,val
GRDC_5204103,5060073410,1,val
GRDC_5204104,5060073410,1,val
GRDC_5204105,5060073410,1,val
GRDC_5204107,5060073410,1,val
GRDC_5204108,5060073410,1,val
GRDC_5204109,5060073410,1,val
GRDC_5204120,5060073410,1,val
GRDC_5204122,5060073410,1,val
GRDC_5204123,5060073410,1,val
GRDC_5204130,5060073410,1,val
GRDC_5204131,5060073410,1,val
GRDC_5204132,5060073410,1,val
GRDC_5204133,5060073410,1,val
GRDC_5204140,5060073410,1,val
GRDC_5204150,5060073410,1,val
GRDC_5204159,5060073410,1,val
GRDC_5204160,5060073410,1,val
GRDC_5204161,5060073410,1,val
GRDC_5204162,5060073410,1,val
GRDC_5204168,5060073410,1,val
GRDC_5204169,5060073410,1,val
GRDC_5204170,5060073410,1,val
GRDC_5204180,5060073410,1,val
GRDC_5204181,5060073410,1,val
GRDC_5204182,5060073410,1,val
GRDC_5204183,5060073410,1,val
GRDC_5204184,5060073410,1,val
GRDC_5204186,5060073410,1,val
GRDC_5204187,5060073410,1,val
GRDC_5204190,5060073410,1,val
GRDC_5204191,5060073410,1,val
GRDC_5204192,5060073410,1,val
GRDC_5204193,5060073410,1,val
GRDC_5204194,5060073410,1,val
GRDC_5204196,5060073410,1,val
GRDC_5204210,5060073410,1,val
GRDC_5204216,5060073410,1,val
GRDC_5204217,5060073410,1,val
GRDC_5204219,5060073410,1,val
GRDC_5204220,5060073410,1,val
GRDC_5204225,5060073410,1,val
GRDC_5204300,5060073410,1,val
GRDC_5204301,5060073410,1,val
GRDC_5204302,5060073410,1,val
GRDC_5204303,5060073410,1,val
GRDC_5204400,5060073410,1,val
GRDC_5204401,5060073410,1,val
GRDC_5204451,5060073410,1,val
GRDC_5204452,5060073410,1,val
GRDC_5204460,5060073410,1,val
GRDC_5302100,5060071280,3,train
GRDC_5302101,5060071280,3,train
GRDC_5302103,5060071280,3,train
GRDC_5302104,5060071280,3,train
GRDC_5302105,5060071280,3,train
GRDC_5302106,5060071280,3,train
GRDC_5302107,5060071980,3,train
GRDC_5302108,5060071980,3,train
GRDC_5302110,5060071990,4,train
GRDC_5302111,5060071990,4,train
GRDC_5302229,5060071980,3,train
GRDC_5302242,5060071990,4,train
GRDC_5302244,5060071990,4,train
GRDC_5302245,5060071990,4,train
GRDC_5302251,5060072180,2,train
GRDC_5302252,5060072180,2,train
GRDC_5302253,5060072180,2,train
GRDC_5302254,5060072180,2,train
GRDC_5302255,5060072180,2,train
GRDC_5302261,5060072180,2,train
GRDC_5302262,5060072180,2,train
GRDC_5302264,5060072180,2,train
GRDC_5302270,5060072190,2,train
GRDC_5302273,5060072190,2,train
GRDC_5302300,5060072670,3,train
GRDC_5302301,5060072670,3,train
GRDC_5302313,5060072810,0,test
GRDC_5302314,5060072810,0,test
GRDC_5302330,5060072820,2,train
GRDC_5302331,5060072820,2,train
GRDC_5302340,5060072820,2,train
GRDC_5302345,5060072820,2,train
GRDC_5302360,5060072970,4,train
GRDC_5302365,5060072960,0,test
GRDC_5302400,5060073130,1,val
GRDC_5302402,5060073130,1,val
GRDC_5302403,5060072970,4,train
GRDC_5302404,5060072970,4,train
GRDC_5302406,5060072970,4,train
GRDC_5304010,5060073410,1,val
GRDC_5304021,5060073410,1,val
GRDC_5304029,5060073410,1,val
GRDC_5304036,5060073410,1,val
GRDC_5304040,5060073410,1,val
GRDC_5304054,5060073410,1,val
GRDC_5304064,5060073410,1,val
GRDC_5304067,5060073410,1,val
GRDC_5304069,5060073410,1,val
GRDC_5304072,5060073410,1,val
GRDC_5304100,5060073410,1,val
GRDC_5304110,5060073410,1,val
GRDC_5304112,5060073410,1,val
GRDC_5304119,5060073410,1,val
GRDC_5304123,5060073410,1,val
GRDC_5304125,5060073410,1,val
GRDC_5304126,5060073410,1,val
GRDC_5304130,5060073410,1,val
GRDC_5304132,5060073410,1,val
GRDC_5304133,5060073410,1,val
GRDC_5304134,5060073410,1,val
GRDC_5304155,5060073410,1,val
GRDC_5304165,5060073410,1,val
GRDC_5402102,5060073140,1,val
GRDC_5402110,5060073140,1,val
GRDC_5405070,5060074320,2,train
GRDC_5405105,5060073420,0,test
GRDC_5405130,5060073420,0,test
GRDC_5410100,5060087590,2,train
GRDC_5606030,5060076890,4,train
GRDC_5606041,5060055960,1,val
GRDC_5606042,5060056090,1,val
GRDC_5606043,5060055960,1,val
GRDC_5606046,5060055960,1,val
GRDC_5606047,5060055960,1,val
GRDC_5606050,5060056100,3,train
GRDC_5606065,5060056580,4,train
GRDC_5606067,5060056620,3,train
GRDC_5606071,5060056100,3,train
GRDC_5606072,5060056100,3,train
GRDC_5606073,5060056100,3,train
GRDC_5606074,5060056100,3,train
GRDC_5606090,5060056250,2,train
GRDC_5606095,5060056100,3,train
GRDC_5606097,5060056250,2,train
GRDC_5606099,5060056250,2,train
GRDC_5606121,5060056390,0,test
GRDC_5606122,5060056390,0,test
GRDC_5606124,5060056390,0,test
GRDC_5606130,5060056430,1,val
GRDC_5606136,5060056430,1,val
GRDC_5606160,5060056460,3,train
GRDC_5606162,5060056460,3,train
GRDC_5606165,5060056460,3,train
GRDC_5606166,5060056510,0,test
GRDC_5606173,5060056460,3,train
GRDC_5606174,5060056460,3,train
GRDC_5606180,5060056100,3,train
GRDC_5606274,5060056100,3,train
GRDC_5607020,5060059440,0,test
GRDC_5607025,5060059440,0,test
GRDC_5607080,5060057970,3,train
GRDC_5607200,5060057320,2,train
GRDC_5607210,5060087790,1,val
GRDC_5607410,5060057900,1,val
GRDC_5607451,5060057970,3,train
GRDC_5607500,5060058580,4,train
GRDC_5607510,5060058420,0,test
GRDC_5607520,5060058580,4,train
GRDC_5608091,5060061240,1,val
GRDC_5608093,5060061240,1,val
GRDC_5608095,5060061240,1,val
GRDC_5608096,5060061240,1,val
GRDC_5608098,5060061240,1,val
GRDC_5708094,5060061240,1,val
GRDC_5708135,5060062110,4,train
GRDC_5708141,5060062110,4,train
GRDC_5708142,5060062110,4,train
GRDC_5708145,5060062110,4,train
GRDC_5708160,5060062380,0,test
GRDC_5708172,5060062380,0,test
GRDC_5709100,5060064130,2,train
GRDC_5709105,5060064130,2,train
GRDC_6220100,2060022770,2,train
GRDC_6220112,2060022770,2,train
GRDC_6220162,2060022770,2,train
GRDC_6220301,2060022770,2,train
GRDC_6220360,2060022770,2,train
GRDC_6229100,2060033330,4,train
GRDC_6229110,2060033330,4,train
GRDC_6232101,2060030100,4,train
GRDC_6232901,2060030100,4,train
GRDC_6232911,2060030100,4,train
GRDC_6232916,2060030100,4,train
GRDC_6232930,2060030100,4,train
GRDC_6232960,2060030100,4,train
GRDC_6232970,2060030100,4,train
GRDC_6233100,2060033020,2,train
GRDC_6233113,2060031420,3,train
GRDC_6233116,2060030270,0,test
GRDC_6233122,2060031420,3,train
GRDC_6233124,2060030270,0,test
GRDC_6233126,2060030660,1,val
GRDC_6233128,2060056770,1,val
GRDC_6233130,2060031970,3,train
GRDC_6233163,2060032680,0,test
GRDC_6233180,2060032680,0,test
GRDC_6233200,2060031490,2,train
GRDC_6233205,2060031490,2,train
GRDC_6233222,2060031410,4,train
GRDC_6233227,2060031410,4,train
GRDC_6233300,2060031960,1,val
GRDC_6233301,2060031960,1,val
GRDC_6233325,2060033320,0,test
GRDC_6233350,2060031970,3,train
GRDC_6233366,2060031970,3,train
GRDC_6233406,2060031740,2,train
GRDC_6233411,2060031740,2,train
GRDC_6233412,2060031740,2,train
GRDC_6233414,2060031740,2,train
GRDC_6233415,2060031740,2,train
GRDC_6233418,2060031740,2,train
GRDC_6233421,2060031740,2,train
GRDC_6233423,2060031740,2,train
GRDC_6233450,2060031060,4,train
GRDC_6233460,2060031160,4,train
GRDC_6233465,2060031160,4,train
GRDC_6233470,2060031160,4,train
GRDC_6233510,2060030650,2,train
GRDC_6233530,2060030650,2,train
GRDC_6233540,2060033320,0,test
GRDC_6233555,2060031210,3,train
GRDC_6233610,2060032680,0,test
GRDC_6233680,2060030650,2,train
GRDC_6233700,2060030660,1,val
GRDC_6233730,2060030660,1,val
GRDC_6233755,2060030270,0,test
GRDC_6233780,2060030170,3,train
GRDC_6233785,2060030170,3,train
GRDC_6233800,2060030170,3,train
GRDC_6238150,2060022620,0,test
GRDC_6337506,2060023940,3,train
hysets_01010000,7060038320,1,val
hysets_01010070,7060038320,1,val
hysets_01010500,7060038320,1,val
hysets_01013500,7060038320,1,val
hysets_01014000,7060038320,1,val
hysets_01017290,7060038320,1,val
hysets_01018035,7060038320,1,val
hysets_01022500,7060038340,4,train
hysets_01027200,7060038810,1,val
hysets_01030500,7060038810,1,val
hysets_01031450,7060038810,1,val
hysets_01031500,7060038810,1,val
hysets_01044550,7060038980,2,train
hysets_01046000,7060038980,2,train
hysets_01047000,7060038980,2,train
hysets_01048000,7060038980,2,train
hysets_01052500,7060038980,2,train
hysets_01054200,7060038980,2,train
hysets_01055500,7060038980,2,train
hysets_01064500,7060039060,2,train
hysets_01064801,7060039060,2,train
hysets_01074520,7060039160,1,val
hysets_01075000,7060039160,1,val
hysets_01076500,7060039160,1,val
hysets_01078000,7060039160,1,val
hysets_01086000,7060039160,1,val
hysets_01089500,7060039160,1,val
hysets_01091000,7060039160,1,val
hysets_01094000,7060039160,1,val
hysets_01111500,7060039170,1,val
hysets_01117430,7060039170,1,val
hysets_01118500,7060039170,1,val
hysets_011230695,7060039170,1,val
hysets_01125490,7060039170,1,val
hysets_01134500,7060039620,3,train
hysets_01135300,7060039620,3,train
hysets_01137500,7060039620,3,train
hysets_01144000,7060039620,3,train
hysets_01153550,7060039620,3,train
hysets_01169000,7060039620,3,train
hysets_01174500,7060039620,3,train
hysets_01176000,7060039620,3,train
hysets_01181000,7060039620,3,train
hysets_01193500,7060039620,3,train
hysets_01196500,7060039630,3,train
hysets_01198000,7060039630,3,train
hysets_01198125,7060039630,3,train
hysets_01200000,7060039630,3,train
hysets_01204000,7060039630,3,train
hysets_01321000,7060039870,3,train
hysets_01329490,7060039870,3,train
hysets_01333000,7060039870,3,train
hysets_01334000,7060039870,3,train
hysets_01334500,7060039870,3,train
hysets_01335754,7060039870,3,train
hysets_01343060,7060039870,3,train
hysets_01348000,7060039870,3,train
hysets_01349000,7060039870,3,train
hysets_01358000,7060039870,3,train
hysets_01361000,7060039870,3,train
hysets_01362200,7060039870,3,train
hysets_01371500,7060039870,3,train
hysets_01372500,7060039870,3,train
hysets_01374531,7060039870,3,train
hysets_01387500,7060039920,1,val
hysets_01400000,7060039990,0,test
hysets_01403060,7060039990,0,test
hysets_01413408,7060040360,1,val
hysets_01421900,7060040360,1,val
hysets_01422500,7060040360,1,val
hysets_01423000,7060040360,1,val
hysets_01432900,7060040360,1,val
hysets_01435000,7060040360,1,val
hysets_01439500,7060040360,1,val
hysets_01440000,7060040360,1,val
hysets_01440400,7060040360,1,val
hysets_01443500,7060040360,1,val
hysets_01445500,7060040360,1,val
hysets_01447500,7060040360,1,val
hysets_01451650,7060040360,1,val
hysets_01452000,7060040360,1,val
hysets_01452500,7060040360,1,val
hysets_01463500,7060040360,1,val
hysets_01464000,7060040360,1,val
hysets_01464750,7060040360,1,val
hysets_01472810,7060040360,1,val
hysets_01473500,7060040360,1,val
hysets_01474000,7060040360,1,val
hysets_01477000,7060040360,1,val
hysets_01478245,7060040360,1,val
hysets_01478650,7060040360,1,val
hysets_01479000,7060040360,1,val
hysets_01480015,7060040360,1,val
hysets_01481500,7060040360,1,val
hysets_01502500,7060041050,4,train
hysets_01502632,7060041050,4,train
hysets_01502731,7060041050,4,train
hysets_01503000,7060041050,4,train
hysets_01505000,7060041050,4,train
hysets_01505810,7060041050,4,train
hysets_01507000,7060041050,4,train
hysets_01509000,7060041050,4,train
hysets_01510000,7060041050,4,train
hysets_01513500,7060041050,4,train
hysets_01513831,7060041050,4,train
hysets_01515000,7060041050,4,train
hysets_01516350,7060041050,4,train
hysets_01532000,7060041050,4,train
hysets_01534000,7060041050,4,train
hysets_01538700,7060041050,4,train
hysets_01539000,7060041050,4,train
hysets_01540500,7060041050,4,train
hysets_01541000,7060041050,4,train
hysets_01543000,7060041050,4,train
hysets_01543500,7060041050,4,train
hysets_01547100,7060041050,4,train
hysets_01547700,7060041050,4,train
hysets_01547950,7060041050,4,train
hysets_01548500,7060041050,4,train
hysets_01550000,7060041050,4,train
hysets_01552000,7060041050,4,train
hysets_01555000,7060041050,4,train
hysets_01555500,7060041050,4,train
hysets_01556000,7060041050,4,train
hysets_01558000,7060041050,4,train
hysets_01559000,7060041050,4,train
hysets_01560000,7060041050,4,train
hysets_01562000,7060041050,4,train
hysets_01565000,7060041050,4,train
hysets_01566000,7060041050,4,train
hysets_01568000,7060041050,4,train
hysets_01570000,7060041050,4,train
hysets_01570500,7060041050,4,train
hysets_01571500,7060041050,4,train
hysets_01572190,7060041050,4,train
hysets_01573000,7060041050,4,train
hysets_01573560,7060041050,4,train
hysets_01574000,7060041050,4,train
hysets_01576000,7060041050,4,train
hysets_01576500,7060041050,4,train
hysets_01576754,7060041050,4,train
hysets_01576787,7060041050,4,train
hysets_01577500,7060041050,4,train
hysets_01580520,7060041050,4,train
hysets_01582000,7060041060,1,val
hysets_01586000,7060041060,1,val
hysets_01589352,7060041060,1,val
hysets_01594000,7060041060,1,val
hysets_01595000,7060041400,1,val
hysets_01595300,7060041400,1,val
hysets_01601500,7060041400,1,val
hysets_01605500,7060041400,1,val
hysets_01606000,7060041400,1,val
hysets_01606500,7060041400,1,val
hysets_01608500,7060041400,1,val
hysets_01609000,7060041400,1,val
hysets_01610000,7060041400,1,val
hysets_01610155,7060041400,1,val
hysets_01611500,7060041400,1,val
hysets_01613000,7060041400,1,val
hysets_01613095,7060041400,1,val
hysets_01613525,7060041400,1,val
hysets_01614000,7060041400,1,val
hysets_01614500,7060041400,1,val
hysets_01615000,7060041400,1,val
hysets_01616500,7060041400,1,val
hysets_01619500,7060041400,1,val
hysets_01622000,7060041400,1,val
hysets_01625000,7060041400,1,val
hysets_01626000,7060041400,1,val
hysets_01626850,7060041400,1,val
hysets_01627500,7060041400,1,val
hysets_01628500,7060041400,1,val
hysets_01629500,7060041400,1,val
hysets_01631000,7060041400,1,val
hysets_01632000,7060041400,1,val
hysets_01632082,7060041400,1,val
hysets_01632900,7060041400,1,val
hysets_01633000,7060041400,1,val
hysets_01634000,7060041400,1,val
hysets_01634500,7060041400,1,val
hysets_01635500,7060041400,1,val
hysets_01637500,7060041400,1,val
hysets_01638480,7060041400,1,val
hysets_01638500,7060041400,1,val
hysets_01639500,7060041400,1,val
hysets_01642190,7060041400,1,val
hysets_01643000,7060041400,1,val
hysets_01643500,7060041400,1,val
hysets_01643700,7060041400,1,val
hysets_01643805,7060041400,1,val
hysets_01643880,7060041400,1,val
hysets_01644000,7060041400,1,val
hysets_01644280,7060041400,1,val
hysets_01646000,7060041400,1,val
hysets_01646500,7060041400,1,val
hysets_01649500,7060041060,1,val
hysets_01656000,7060041410,4,train
hysets_01665500,7060041650,2,train
hysets_01666500,7060041650,2,train
hysets_01667500,7060041650,2,train
hysets_01668000,7060041650,2,train
hysets_01669520,7060041660,0,test
hysets_01671100,7060041820,3,train
hysets_01672500,7060041820,3,train
hysets_01674000,7060041660,0,test
hysets_01674500,7060041660,0,test
hysets_01AD002,7060038320,1,val
hysets_01AD003,7060038320,1,val
hysets_01AE001,7060038320,1,val
hysets_01AJ003,7060038320,1,val
hysets_01AJ004,7060038320,1,val
hysets_01AJ010,7060038320,1,val
hysets_01AK001,7060038320,1,val
hysets_01AK007,7060038320,1,val
hysets_01AL002,7060038320,1,val
hysets_01AM001,7060038320,1,val
hysets_01AN002,7060038320,1,val
hysets_01AP002,7060038320,1,val
hysets_01AP004,7060038320,1,val
hysets_01AP006,7060038320,1,val
hysets_01AQ001,7060038340,4,train
hysets_01BC001,7060035470,3,train
hysets_01BE001,7060035470,3,train
hysets_01BJ003,7060035480,3,train
hysets_01BJ007,7060035470,3,train
hysets_01BJ010,7060035480,3,train
hysets_01BL003,7060035480,3,train
hysets_01BO001,7060035860,2,train
hysets_01BP001,7060035860,2,train
hysets_01BQ001,7060035860,2,train
hysets_01BU002,7060038180,0,test
hysets_01BV006,7060038190,4,train
hysets_01EC001,7060037350,3,train
hysets_01ED005,7060037340,1,val
hysets_01EF001,7060035870,3,train
hysets_01EO001,7060035870,3,train
hysets_01FA001,7060063860,1,val
hysets_02013000,7060041900,3,train
hysets_02014000,7060041900,3,train
hysets_02015700,7060041900,3,train
hysets_02016000,7060041900,3,train
hysets_02017500,7060041900,3,train
hysets_02018000,7060041900,3,train
hysets_02020500,7060041900,3,train
hysets_02021500,7060041900,3,train
hysets_02024000,7060041900,3,train
hysets_02027000,7060041900,3,train
hysets_02028500,7060041900,3,train
hysets_02030500,7060041900,3,train
hysets_02031000,7060041900,3,train
hysets_02034000,7060041900,3,train
hysets_02035000,7060041900,3,train
hysets_02037500,7060041900,3,train
hysets_02039000,7060041920,0,test
hysets_02039500,7060041920,0,test
hysets_02040000,7060041920,0,test
hysets_02042500,7060041830,1,val
hysets_02044500,7060042240,3,train
hysets_02045500,7060042240,3,train
hysets_02046000,7060042240,3,train
hysets_02047000,7060042240,3,train
hysets_02047500,7060042240,3,train
hysets_02049500,7060042240,3,train
hysets_02051000,7060042240,3,train
hysets_02051500,7060042240,3,train
hysets_02052000,7060042240,3,train
hysets_02053200,7060042240,3,train
hysets_02055000,7060042310,2,train
hysets_02056000,7060042310,2,train
hysets_02056650,7060042310,2,train
hysets_02056900,7060042310,2,train
hysets_02058400,7060042310,2,train
hysets_02059500,7060042310,2,train
hysets_02061500,7060042310,2,train
hysets_02065500,7060042310,2,train
hysets_02069000,7060042310,2,train
hysets_02070000,7060042310,2,train
hysets_02071000,7060042310,2,train
hysets_02074500,7060042310,2,train
hysets_02076000,7060042310,2,train
hysets_02077000,7060042310,2,train
hysets_02081500,7060042320,4,train
hysets_02081747,7060042320,4,train
hysets_02082950,7060042320,4,train
hysets_02083000,7060042320,4,train
hysets_0208726005,7060042740,4,train
hysets_02087324,7060042740,4,train
hysets_02088500,7060042740,4,train
hysets_02091814,7060042740,4,train
hysets_02095500,7060042940,3,train
hysets_02096960,7060042940,3,train
hysets_02100500,7060042940,3,train
hysets_02101726,7060042940,3,train
hysets_02102000,7060042940,3,train
hysets_02103000,7060042940,3,train
hysets_02104220,7060042940,3,train
hysets_02106500,7060042940,3,train
hysets_02110500,7060043090,3,train
hysets_02111500,7060043090,3,train
hysets_02113850,7060043090,3,train
hysets_02118000,7060043090,3,train
hysets_02120780,7060043090,3,train
hysets_02128000,7060043090,3,train
hysets_02130561,7060043090,3,train
hysets_02130900,7060043090,3,train
hysets_02130980,7060043090,3,train
hysets_02131500,7060043090,3,train
hysets_02134170,7060043090,3,train
hysets_02134500,7060043090,3,train
hysets_02136000,7060043100,4,train
hysets_02137727,7060043160,4,train
hysets_02140991,7060043160,4,train
hysets_02143500,7060043160,4,train
hysets_02145000,7060043160,4,train
hysets_02146381,7060043160,4,train
hysets_02146507,7060043160,4,train
hysets_02146750,7060043160,4,train
hysets_02146800,7060043160,4,train
hysets_02147500,7060043160,4,train
hysets_02149000,7060043160,4,train
hysets_02150495,7060043160,4,train
hysets_02151500,7060043160,4,train
hysets_02152100,7060043160,4,train
hysets_02156300,7060043160,4,train
hysets_02156500,7060043160,4,train
hysets_02160105,7060043160,4,train
hysets_02160390,7060043160,4,train
hysets_02160700,7060043160,4,train
hysets_02161000,7060043160,4,train
hysets_02162500,7060043160,4,train
hysets_02163500,7060043160,4,train
hysets_02164110,7060043160,4,train
hysets_02167582,7060043160,4,train
hysets_02169570,7060043160,4,train
hysets_02173000,7060043170,3,train
hysets_02173030,7060043170,3,train
hysets_02173051,7060043170,3,train
hysets_02173212,7060043170,3,train
hysets_02173500,7060043170,3,train
hysets_02175000,7060043170,3,train
hysets_02175500,7060043170,3,train
hysets_02177000,7060043500,2,train
hysets_02178400,7060043500,2,train
hysets_02186000,7060043500,2,train
hysets_02191300,7060043500,2,train
hysets_02192000,7060043500,2,train
hysets_02192500,7060043500,2,train
hysets_02193500,7060043500,2,train
hysets_02196000,7060043500,2,train
hysets_02196690,7060043500,2,train
hysets_02197830,7060043500,2,train
hysets_02198000,7060043500,2,train
hysets_02200120,7060043510,4,train
hysets_02202040,7060043510,4,train
hysets_02202190,7060043510,4,train
hysets_02202500,7060043510,4,train
hysets_02202600,7060043510,4,train
hysets_02202680,7060043510,4,train
hysets_02203000,7060043510,4,train
hysets_02203900,7060043640,4,train
hysets_02207220,7060043640,4,train
hysets_02207335,7060043640,4,train
hysets_02208000,7060043640,4,train
hysets_02208450,7060043640,4,train
hysets_02209000,7060043640,4,train
hysets_02212600,7060043640,4,train
hysets_02212735,7060043640,4,train
hysets_02213000,7060043640,4,train
hysets_02215000,7060043640,4,train
hysets_02215100,7060043640,4,train
hysets_02215500,7060043640,4,train
hysets_02217475,7060043640,4,train
hysets_02217500,7060043640,4,train
hysets_02217615,7060043640,4,train
hysets_02217770,7060043640,4,train
hysets_02218300,7060043640,4,train
hysets_02219000,7060043640,4,train
hysets_02220900,7060043640,4,train
hysets_02223360,7060043640,4,train
hysets_02223500,7060043640,4,train
hysets_02224500,7060043640,4,train
hysets_02225000,7060043640,4,train
hysets_02225500,7060043640,4,train
hysets_02226000,7060043640,4,train
hysets_02226362,7060043650,3,train
hysets_02226500,7060043650,3,train
hysets_02227500,7060043650,3,train
hysets_02228000,7060043650,3,train
hysets_02231342,7060043860,2,train
hysets_02236000,7060043860,2,train
hysets_02236125,7060043860,2,train
hysets_02266496,7060044770,3,train
hysets_02301000,7060044870,1,val
hysets_02301500,7060044870,1,val
hysets_02303330,7060044870,1,val
hysets_02303400,7060044870,1,val
hysets_02314500,7060045480,1,val
hysets_02315500,7060045480,1,val
hysets_02315550,7060045480,1,val
hysets_02315920,7060045480,1,val
hysets_02316000,7060045480,1,val
hysets_02317500,7060045480,1,val
hysets_02317620,7060045480,1,val
hysets_02318000,7060045480,1,val
hysets_02318500,7060045480,1,val
hysets_02319000,7060045480,1,val
hysets_02319394,7060045480,1,val
hysets_02319500,7060045480,1,val
hysets_02320000,7060045480,1,val
hysets_02320500,7060045480,1,val
hysets_02321500,7060045480,1,val
hysets_02322500,7060045480,1,val
hysets_02322800,7060045480,1,val
hysets_02323000,7060045480,1,val
hysets_02323500,7060045480,1,val
hysets_02326500,7060045490,2,train
hysets_02326900,7060045490,2,train
hysets_02327355,7060045490,2,train
hysets_02327500,7060045490,2,train
hysets_02328522,7060045490,2,train
hysets_02329500,7060045490,2,train
hysets_02329600,7060045490,2,train
hysets_02330150,7060045490,2,train
hysets_02331000,7060045890,2,train
hysets_023312495,7060045890,2,train
hysets_02331600,7060045890,2,train
hysets_02335815,7060045890,2,train
hysets_02336968,7060045890,2,train
hysets_02337000,7060045890,2,train
hysets_02337410,7060045890,2,train
hysets_02338660,7060045890,2,train
hysets_02338840,7060045890,2,train
hysets_02339495,7060045890,2,train
hysets_02341800,7060045890,2,train
hysets_02342500,7060045890,2,train
hysets_02342850,7060045890,2,train
hysets_02343225,7060045890,2,train
hysets_02343801,7060045890,2,train
hysets_02344396,7060045890,2,train
hysets_02344500,7060045890,2,train
hysets_02347500,7060045890,2,train
hysets_02349605,7060045890,2,train
hysets_02350512,7060045890,2,train
hysets_02350600,7060045890,2,train
hysets_02350900,7060045890,2,train
hysets_02351500,7060045890,2,train
hysets_02352500,7060045890,2,train
hysets_02353000,7060045890,2,train
hysets_02353265,7060045890,2,train
hysets_02353500,7060045890,2,train
hysets_02354500,7060045890,2,train
hysets_02354800,7060045890,2,train
hysets_02355662,7060045890,2,train
hysets_02358000,7060045890,2,train
hysets_02358789,7060045890,2,train
hysets_02359000,7060045890,2,train
hysets_02359500,7060045900,1,val
hysets_02361000,7060046130,2,train
hysets_02361500,7060046130,2,train
hysets_02363000,7060046130,2,train
hysets_02365200,7060046130,2,train
hysets_02365500,7060046130,2,train
hysets_02365769,7060046130,2,train
hysets_02366000,7060046130,2,train
hysets_02366500,7060046130,2,train
hysets_02367900,7060046320,0,test
hysets_02369000,7060046320,0,test
hysets_02370000,7060046330,2,train
hysets_02370500,7060046330,2,train
hysets_02371500,7060046390,1,val
hysets_02372250,7060046390,1,val
hysets_02374250,7060046390,1,val
hysets_02374500,7060046390,1,val
hysets_02374700,7060046390,1,val
hysets_02374745,7060046390,1,val
hysets_02374950,7060046390,1,val
hysets_02375500,7060046390,1,val
hysets_02376500,7060046460,2,train
hysets_02377570,7060046460,2,train
hysets_02378500,7060046470,0,test
hysets_02379500,7060046590,3,train
hysets_02380500,7060046590,3,train
hysets_02381090,7060046590,3,train
hysets_02384500,7060046590,3,train
hysets_02385170,7060046590,3,train
hysets_02385800,7060046590,3,train
hysets_02387000,7060046590,3,train
hysets_02387600,7060046590,3,train
hysets_02389150,7060046590,3,train
hysets_02390140,7060046590,3,train
hysets_02391540,7060046590,3,train
hysets_02391860,7060046590,3,train
hysets_02392780,7060046590,3,train
hysets_02397500,7060046590,3,train
hysets_02398300,7060046590,3,train
hysets_02399200,7060046590,3,train
hysets_02400100,7060046590,3,train
hysets_02401000,7060046590,3,train
hysets_02405500,7060046590,3,train
hysets_02406500,7060046590,3,train
hysets_02408540,7060046590,3,train
hysets_02412000,7060046590,3,train
hysets_02413000,7060046590,3,train
hysets_02418230,7060046590,3,train
hysets_02418760,7060046590,3,train
hysets_02419000,7060046590,3,train
hysets_02420000,7060046590,3,train
hysets_02423380,7060046590,3,train
hysets_02423414,7060046590,3,train
hysets_02423496,7060046590,3,train
hysets_02423500,7060046590,3,train
hysets_02423630,7060046590,3,train
hysets_02424000,7060046590,3,train
hysets_02425000,7060046590,3,train
hysets_02427250,7060046590,3,train
hysets_02430680,7060046590,3,train
hysets_02439400,7060046590,3,train
hysets_02443500,7060046590,3,train
hysets_02446500,7060046590,3,train
hysets_02448000,7060046590,3,train
hysets_02448900,7060046590,3,train
hysets_02450180,7060046590,3,train
hysets_02450825,7060046590,3,train
hysets_02453000,7060046590,3,train
hysets_02453500,7060046590,3,train
hysets_02455000,7060046590,3,train
hysets_02456500,7060046590,3,train
hysets_02457595,7060046590,3,train
hysets_02461500,7060046590,3,train
hysets_02464000,7060046590,3,train
hysets_02467500,7060046590,3,train
hysets_02469800,7060046590,3,train
hysets_02471001,7060046590,3,train
hysets_02472000,7060046600,3,train
hysets_02473000,7060046600,3,train
hysets_02477500,7060046600,3,train
hysets_02479000,7060046600,3,train
hysets_02479130,7060046600,3,train
hysets_02479155,7060046600,3,train
hysets_02479300,7060046600,3,train
hysets_02481510,7060046790,1,val
hysets_02487500,7060046870,3,train
hysets_02489000,7060046870,3,train
hysets_02490500,7060046870,3,train
hysets_02492000,7060046870,3,train
hysets_02492360,7060046850,4,train
hysets_02AB021,7060034520,4,train
hysets_02AB023,7060034520,4,train
hysets_02AC002,7060034520,4,train
hysets_02AD010,7060034520,4,train
hysets_02BA003,7060034520,4,train
hysets_02BA006,7060034520,4,train
hysets_02BB003,7060034520,4,train
hysets_02BF001,7060034520,4,train
hysets_02BF002,7060034520,4,train
hysets_02CB003,7060034520,4,train
hysets_02CF011,7060034520,4,train
hysets_02DD012,7060034520,4,train
hysets_02EA005,7060034520,4,train
hysets_02EC002,7060034520,4,train
hysets_02EC009,7060034520,4,train
hysets_02EC011,7060034520,4,train
hysets_02ED003,7060034520,4,train
hysets_02ED007,7060034520,4,train
hysets_02ED101,7060034520,4,train
hysets_02FB010,7060034520,4,train
hysets_02FC016,7060034520,4,train
hysets_02FE008,7060034520,4,train
hysets_02FE009,7060034520,4,train
hysets_02FF013,7060034520,4,train
hysets_02GA010,7060034520,4,train
hysets_02GA018,7060034520,4,train
hysets_02GA047,7060034520,4,train
hysets_02GC010,7060034520,4,train
hysets_02GD010,7060034520,4,train
hysets_02GD021,7060034520,4,train
hysets_02GD027,7060034520,4,train
hysets_02GG002,7060034520,4,train
hysets_02GG003,7060034520,4,train
hysets_02GG006,7060034520,4,train
hysets_02GG009,7060034520,4,train
hysets_02HA006,7060034520,4,train
hysets_02HB004,7060034520,4,train
hysets_02HB029,7060034520,4,train
hysets_02HC009,7060034520,4,train
hysets_02HJ006,7060034520,4,train
hysets_02HL003,7060034520,4,train
hysets_02HL004,7060034520,4,train
hysets_02JC008,7060034520,4,train
hysets_02KA015,7060034520,4,train
hysets_02KC018,7060034520,4,train
hysets_02LB007,7060034520,4,train
hysets_02XA003,7060032940,4,train
hysets_02YC001,7060060320,3,train
hysets_02YE001,7060060320,3,train
hysets_02YG001,7060060320,3,train
hysets_02YJ001,7060059990,4,train
hysets_02YK002,7060060310,2,train
hysets_02YK005,7060060310,2,train
hysets_02YL001,7060060310,2,train
hysets_02YL008,7060060310,2,train
hysets_02YN002,7060061510,0,test
hysets_02YO008,7060061510,0,test
hysets_02YQ001,7060061620,4,train
hysets_02YR001,7060061630,2,train
hysets_02YR003,7060061630,2,train
hysets_02YS005,7060061870,3,train
hysets_02YS006,7060061880,2,train
hysets_02ZB001,7060063060,2,train
hysets_02ZF001,7060062930,1,val
hysets_02ZG001,7060061880,2,train
hysets_02ZG003,7060061880,2,train
hysets_02ZH001,7060061880,2,train
hysets_02ZK001,7060061880,2,train
hysets_03007800,7060047060,0,test
hysets_03010500,7060047060,0,test
hysets_03010655,7060047060,0,test
hysets_03011020,7060047060,0,test
hysets_03015310,7060047060,0,test
hysets_03015500,7060047060,0,test
hysets_03017500,7060047060,0,test
hysets_03029500,7060047060,0,test
hysets_03032500,7060047060,0,test
hysets_03034000,7060047060,0,test
hysets_03042000,7060047060,0,test
hysets_03050000,7060047060,0,test
hysets_03051000,7060047060,0,test
hysets_03053500,7060047060,0,test
hysets_03054500,7060047060,0,test
hysets_03056250,7060047060,0,test
hysets_03065000,7060047060,0,test
hysets_03067510,7060047060,0,test
hysets_03068800,7060047060,0,test
hysets_03069500,7060047060,0,test
hysets_03070260,7060047060,0,test
hysets_03070500,7060047060,0,test
hysets_03073000,7060047060,0,test
hysets_03076600,7060047060,0,test
hysets_03078000,7060047060,0,test
hysets_03079000,7060047060,0,test
hysets_03080000,7060047060,0,test
hysets_03085500,7060047060,0,test
hysets_03108000,7060047060,0,test
hysets_03109500,7060047060,0,test
hysets_03110000,7060047060,0,test
hysets_03110830,7060047060,0,test
hysets_03111500,7060047060,0,test
hysets_03111548,7060047060,0,test
hysets_03113990,7060047060,0,test
hysets_03114500,7060047060,0,test
hysets_03117500,7060047060,0,test
hysets_03118500,7060047060,0,test
hysets_03139000,7060047060,0,test
hysets_03144816,7060047060,0,test
hysets_03146500,7060047060,0,test
hysets_03149500,7060047060,0,test
hysets_03154000,7060047060,0,test
hysets_03155220,7060047060,0,test
hysets_03157000,7060047060,0,test
hysets_03157500,7060047060,0,test
hysets_03159500,7060047060,0,test
hysets_03159540,7060047060,0,test
hysets_03161000,7060047060,0,test
hysets_03164000,7060047060,0,test
hysets_03167000,7060047060,0,test
hysets_03168000,7060047060,0,test
hysets_03170000,7060047060,0,test
hysets_03173000,7060047060,0,test
hysets_03175500,7060047060,0,test
hysets_03179000,7060047060,0,test
hysets_03182500,7060047060,0,test
hysets_03183500,7060047060,0,test
hysets_03184000,7060047060,0,test
hysets_03186500,7060047060,0,test
hysets_03190000,7060047060,0,test
hysets_03194700,7060047060,0,test
hysets_03198350,7060047060,0,test
hysets_03198500,7060047060,0,test
hysets_03200500,7060047060,0,test
hysets_03202000,7060047060,0,test
hysets_03202400,7060047060,0,test
hysets_03202750,7060047060,0,test
hysets_03205470,7060047060,0,test
hysets_03207800,7060047060,0,test
hysets_03208500,7060047060,0,test
hysets_03210000,7060047060,0,test
hysets_03212980,7060047060,0,test
hysets_03213700,7060047060,0,test
hysets_03214500,7060047060,0,test
hysets_03217000,7060047060,0,test
hysets_03219500,7060047060,0,test
hysets_03230500,7060047060,0,test
hysets_03230800,7060047060,0,test
hysets_03232000,7060047060,0,test
hysets_03237500,7060047060,0,test
hysets_03240000,7060047060,0,test
hysets_03241500,7060047060,0,test
hysets_03244936,7060047060,0,test
hysets_03246500,7060047060,0,test
hysets_03251200,7060047060,0,test
hysets_03252300,7060047060,0,test
hysets_03253000,7060047060,0,test
hysets_03261500,7060047060,0,test
hysets_03267900,7060047060,0,test
hysets_03271000,7060047060,0,test
hysets_03275000,7060047060,0,test
hysets_03275600,7060047060,0,test
hysets_03281100,7060047060,0,test
hysets_03282500,7060047060,0,test
hysets_03288100,7060047060,0,test
hysets_03289500,7060047060,0,test
hysets_03291500,7060047060,0,test
hysets_03294000,7060047060,0,test
hysets_03295400,7060047060,0,test
hysets_03295890,7060047060,0,test
hysets_03297900,7060047060,0,test
hysets_03298200,7060047060,0,test
hysets_03300400,7060047060,0,test
hysets_03301000,7060047060,0,test
hysets_03301500,7060047060,0,test
hysets_03302220,7060047060,0,test
hysets_03303000,7060047060,0,test
hysets_03310300,7060047060,0,test
hysets_03310400,7060047060,0,test
hysets_03313700,7060047060,0,test
hysets_03314000,7060047060,0,test
hysets_03320500,7060047060,0,test
hysets_03321350,7060047060,0,test
hysets_03328000,7060047060,0,test
hysets_03328500,7060047060,0,test
hysets_03329700,7060047060,0,test
hysets_03331500,7060047060,0,test
hysets_03331753,7060047060,0,test
hysets_03335000,7060047060,0,test
hysets_03336645,7060047060,0,test
hysets_03336900,7060047060,0,test
hysets_03339500,7060047060,0,test
hysets_03343400,7060047060,0,test
hysets_03345500,7060047060,0,test
hysets_03346000,7060047060,0,test
hysets_03346500,7060047060,0,test
hysets_03348000,7060047060,0,test
hysets_03353800,7060047060,0,test
hysets_03358000,7060047060,0,test
hysets_03361500,7060047060,0,test
hysets_03362000,7060047060,0,test
hysets_03362500,7060047060,0,test
hysets_03363000,7060047060,0,test
hysets_03363500,7060047060,0,test
hysets_03363900,7060047060,0,test
hysets_03364000,7060047060,0,test
hysets_03364500,7060047060,0,test
hysets_03364650,7060047060,0,test
hysets_03365500,7060047060,0,test
hysets_03371500,7060047060,0,test
hysets_03373508,7060047060,0,test
hysets_03373560,7060047060,0,test
hysets_03378000,7060047060,0,test
hysets_03379500,7060047060,0,test
hysets_03382100,7060047060,0,test
hysets_03383000,7060047060,0,test
hysets_03384100,7060047060,0,test
hysets_03403910,7060047060,0,test
hysets_03404900,7060047060,0,test
hysets_03406500,7060047060,0,test
hysets_03408500,7060047060,0,test
hysets_03409500,7060047060,0,test
hysets_03413200,7060047060,0,test
hysets_03415000,7060047060,0,test
hysets_03416000,7060047060,0,test
hysets_03421000,7060047060,0,test
hysets_03424730,7060047060,0,test
hysets_03427500,7060047060,0,test
hysets_03428200,7060047060,0,test
hysets_03431060,7060047060,0,test
hysets_03432350,7060047060,0,test
hysets_03432400,7060047060,0,test
hysets_03433500,7060047060,0,test
hysets_03434500,7060047060,0,test
hysets_03436100,7060047060,0,test
hysets_03436690,7060047060,0,test
hysets_03439000,7060047060,0,test
hysets_03443000,7060047060,0,test
hysets_03447687,7060047060,0,test
hysets_03451000,7060047060,0,test
hysets_03451500,7060047060,0,test
hysets_03453000,7060047060,0,test
hysets_03453500,7060047060,0,test
hysets_03455000,7060047060,0,test
hysets_03456500,7060047060,0,test
hysets_03465500,7060047060,0,test
hysets_03466208,7060047060,0,test
hysets_03466500,7060047060,0,test
hysets_03467609,7060047060,0,test
hysets_03470000,7060047060,0,test
hysets_03471500,7060047060,0,test
hysets_03473000,7060047060,0,test
hysets_03474000,7060047060,0,test
hysets_03479000,7060047060,0,test
hysets_03488000,7060047060,0,test
hysets_03490000,7060047060,0,test
hysets_03491000,7060047060,0,test
hysets_03497300,7060047060,0,test
hysets_03498500,7060047060,0,test
hysets_03498850,7060047060,0,test
hysets_03500000,7060047060,0,test
hysets_03512000,7060047060,0,test
hysets_03518500,7060047060,0,test
hysets_03524000,7060047060,0,test
hysets_03527000,7060047060,0,test
hysets_03527220,7060047060,0,test
hysets_03528000,7060047060,0,test
hysets_03529500,7060047060,0,test
hysets_03531500,7060047060,0,test
hysets_03532000,7060047060,0,test
hysets_03539600,7060047060,0,test
hysets_03539778,7060047060,0,test
hysets_03540500,7060047060,0,test
hysets_03550000,7060047060,0,test
hysets_03567340,7060047060,0,test
hysets_03567500,7060047060,0,test
hysets_03568933,7060047060,0,test
hysets_03571000,7060047060,0,test
hysets_03574500,7060047060,0,test
hysets_03575100,7060047060,0,test
hysets_03576250,7060047060,0,test
hysets_03578000,7060047060,0,test
hysets_03588500,7060047060,0,test
hysets_03590000,7060047060,0,test
hysets_03597590,7060047060,0,test
hysets_03602500,7060047060,0,test
hysets_03604000,7060047060,0,test
hysets_03604400,7060047060,0,test
hysets_03606500,7060047060,0,test
hysets_03610000,7060047060,0,test
hysets_03NE011,7060030520,3,train
hysets_03NF001,7060030870,2,train
hysets_03OA005,7060031710,4,train
hysets_03OA015,7060031710,4,train
hysets_03OE011,7060031710,4,train
hysets_03QC001,7060032050,1,val
hysets_03QC002,7060032080,0,test
hysets_04024430,7060034520,4,train
hysets_04027000,7060034520,4,train
hysets_04031000,7060034520,4,train
hysets_04045500,7060034520,4,train
hysets_04056500,7060034520,4,train
hysets_04060500,7060034520,4,train
hysets_04060993,7060034520,4,train
hysets_04067958,7060034520,4,train
hysets_04069416,7060034520,4,train
hysets_04071000,7060034520,4,train
hysets_04073365,7060034520,4,train
hysets_04074950,7060034520,4,train
hysets_04079000,7060034520,4,train
hysets_04082400,7060034520,4,train
hysets_040851385,7060034520,4,train
hysets_04085427,7060034520,4,train
hysets_04086500,7060034520,4,train
hysets_04086600,7060034520,4,train
hysets_04087170,7060034520,4,train
hysets_04093000,7060034520,4,train
hysets_04096515,7060034520,4,train
hysets_04097500,7060034520,4,train
hysets_04099750,7060034520,4,train
hysets_04100500,7060034520,4,train
hysets_04101500,7060034520,4,train
hysets_04102500,7060034520,4,train
hysets_04108660,7060034520,4,train
hysets_04111379,7060034520,4,train
hysets_04112500,7060034520,4,train
hysets_04114000,7060034520,4,train
hysets_04116000,7060034520,4,train
hysets_04119000,7060034520,4,train
hysets_04121300,7060034520,4,train
hysets_04121500,7060034520,4,train
hysets_04122500,7060034520,4,train
hysets_04124500,7060034520,4,train
hysets_04125460,7060034520,4,train
hysets_04126740,7060034520,4,train
hysets_04127800,7060034520,4,train
hysets_04127997,7060034520,4,train
hysets_04135700,7060034520,4,train
hysets_04136000,7060034520,4,train
hysets_04142000,7060034520,4,train
hysets_04146063,7060034520,4,train
hysets_04148140,7060034520,4,train
hysets_04148500,7060034520,4,train
hysets_04151500,7060034520,4,train
hysets_04152238,7060034520,4,train
hysets_04154000,7060034520,4,train
hysets_04156000,7060034520,4,train
hysets_04159492,7060034520,4,train
hysets_04159900,7060034520,4,train
hysets_04164500,7060034520,4,train
hysets_04176500,7060034520,4,train
hysets_04178000,7060034520,4,train
hysets_04183500,7060034520,4,train
hysets_04185000,7060034520,4,train
hysets_04188100,7060034520,4,train
hysets_04188337,7060034520,4,train
hysets_04190000,7060034520,4,train
hysets_04192500,7060034520,4,train
hysets_04193500,7060034520,4,train
hysets_04195500,7060034520,4,train
hysets_04196500,7060034520,4,train
hysets_04196800,7060034520,4,train
hysets_04198000,7060034520,4,train
hysets_04199500,7060034520,4,train
hysets_04201500,7060034520,4,train
hysets_04212100,7060034520,4,train
hysets_04213500,7060034520,4,train
hysets_04214500,7060034520,4,train
hysets_04215000,7060034520,4,train
hysets_04215500,7060034520,4,train
hysets_04217000,7060034520,4,train
hysets_04223000,7060034520,4,train
hysets_04227000,7060034520,4,train
hysets_04230500,7060034520,4,train
hysets_04233255,7060034520,4,train
hysets_04234000,7060034520,4,train
hysets_04235250,7060034520,4,train
hysets_04235299,7060034520,4,train
hysets_04242500,7060034520,4,train
hysets_04250750,7060034520,4,train
hysets_04262500,7060034520,4,train
hysets_04265432,7060034520,4,train
hysets_04268800,7060034520,4,train
hysets_04269000,7060034520,4,train
hysets_04270200,7060034520,4,train
hysets_04275500,7060034520,4,train
hysets_04276500,7060034520,4,train
hysets_04282525,7060034520,4,train
hysets_04288000,7060034520,4,train
hysets_04292000,7060034520,4,train
hysets_04292500,7060034520,4,train
hysets_04293500,7060034520,4,train
hysets_04296000,7060034520,4,train
hysets_04FA002,7060024030,1,val
hysets_04GB005,7060024290,2,train
hysets_04JC002,7060024290,2,train
hysets_04JD005,7060024290,2,train
hysets_04JF001,7060024290,2,train
hysets_04LB002,7060024580,1,val
hysets_04LE002,7060024580,1,val
hysets_04LJ001,7060024580,1,val
hysets_04LK001,7060024580,1,val
hysets_05017500,7060022240,3,train
hysets_05050000,7060022240,3,train
hysets_05051300,7060022240,3,train
hysets_05054500,7060022240,3,train
hysets_05055300,7060022240,3,train
hysets_05056000,7060022240,3,train
hysets_05057200,7060022240,3,train
hysets_05059700,7060022240,3,train
hysets_05060500,7060022240,3,train
hysets_05061000,7060022240,3,train
hysets_05062000,7060022240,3,train
hysets_05062500,7060022240,3,train
hysets_05066500,7060022240,3,train
hysets_05076000,7060022240,3,train
hysets_05078000,7060022240,3,train
hysets_05078500,7060022240,3,train
hysets_05079000,7060022240,3,train
hysets_05080000,7060022240,3,train
hysets_05129115,7060022240,3,train
hysets_05131500,7060022240,3,train
hysets_05132000,7060022240,3,train
hysets_05212700,7060047060,0,test
hysets_05244000,7060047060,0,test
hysets_05270500,7060047060,0,test
hysets_05280000,7060047060,0,test
hysets_05288580,7060047060,0,test
hysets_05291000,7060047060,0,test
hysets_05293000,7060047060,0,test
hysets_05294000,7060047060,0,test
hysets_05300000,7060047060,0,test
hysets_05304500,7060047060,0,test
hysets_05313500,7060047060,0,test
hysets_05316500,7060047060,0,test
hysets_05317000,7060047060,0,test
hysets_05319500,7060047060,0,test
hysets_05320500,7060047060,0,test
hysets_05325000,7060047060,0,test
hysets_05330000,7060047060,0,test
hysets_05331833,7060047060,0,test
hysets_05333500,7060047060,0,test
hysets_05336700,7060047060,0,test
hysets_05338500,7060047060,0,test
hysets_05341752,7060047060,0,test
hysets_05342000,7060047060,0,test
hysets_05344500,7060047060,0,test
hysets_05353800,7060047060,0,test
hysets_05355200,7060047060,0,test
hysets_05362000,7060047060,0,test
hysets_05367500,7060047060,0,test
hysets_05372995,7060047060,0,test
hysets_05378500,7060047060,0,test
hysets_05379500,7060047060,0,test
hysets_05381000,7060047060,0,test
hysets_05382267,7060047060,0,test
hysets_05382325,7060047060,0,test
hysets_05383075,7060047060,0,test
hysets_05383950,7060047060,0,test
hysets_05385000,7060047060,0,test
hysets_05385500,7060047060,0,test
hysets_05387440,7060047060,0,test
hysets_05387500,7060047060,0,test
hysets_05389000,7060047060,0,test
hysets_05397500,7060047060,0,test
hysets_05399500,7060047060,0,test
hysets_05405000,7060047060,0,test
hysets_05408000,7060047060,0,test
hysets_05411600,7060047060,0,test
hysets_05411850,7060047060,0,test
hysets_05412400,7060047060,0,test
hysets_05412500,7060047060,0,test
hysets_05413500,7060047060,0,test
hysets_05414000,7060047060,0,test
hysets_05416900,7060047060,0,test
hysets_05418400,7060047060,0,test
hysets_05418500,7060047060,0,test
hysets_05419000,7060047060,0,test
hysets_05421000,7060047060,0,test
hysets_05421740,7060047060,0,test
hysets_05422000,7060047060,0,test
hysets_05422600,7060047060,0,test
hysets_05427085,7060047060,0,test
hysets_05427530,7060047060,0,test
hysets_05427718,7060047060,0,test
hysets_05429700,7060047060,0,test
hysets_05435500,7060047060,0,test
hysets_05435950,7060047060,0,test
hysets_05437050,7060047060,0,test
hysets_05437500,7060047060,0,test
hysets_05438500,7060047060,0,test
hysets_05440700,7060047060,0,test
hysets_05443500,7060047060,0,test
hysets_05444000,7060047060,0,test
hysets_05447500,7060047060,0,test
hysets_05448000,7060047060,0,test
hysets_05449500,7060047060,0,test
hysets_05451210,7060047060,0,test
hysets_05451500,7060047060,0,test
hysets_05451700,7060047060,0,test
hysets_05451900,7060047060,0,test
hysets_05452500,7060047060,0,test
hysets_05453000,7060047060,0,test
hysets_05453100,7060047060,0,test
hysets_05454220,7060047060,0,test
hysets_05454300,7060047060,0,test
hysets_05455100,7060047060,0,test
hysets_05455500,7060047060,0,test
hysets_05458000,7060047060,0,test
hysets_05458300,7060047060,0,test
hysets_05458500,7060047060,0,test
hysets_05459500,7060047060,0,test
hysets_05462000,7060047060,0,test
hysets_05463000,7060047060,0,test
hysets_05463050,7060047060,0,test
hysets_05463500,7060047060,0,test
hysets_05464000,7060047060,0,test
hysets_05464220,7060047060,0,test
hysets_05464315,7060047060,0,test
hysets_05464500,7060047060,0,test
hysets_05467000,7060047060,0,test
hysets_05469000,7060047060,0,test
hysets_05470000,7060047060,0,test
hysets_05470500,7060047060,0,test
hysets_05471000,7060047060,0,test
hysets_05471200,7060047060,0,test
hysets_05471500,7060047060,0,test
hysets_05472500,7060047060,0,test
hysets_05473400,7060047060,0,test
hysets_05474000,7060047060,0,test
hysets_05476000,7060047060,0,test
hysets_05476750,7060047060,0,test
hysets_05478265,7060047060,0,test
hysets_05479000,7060047060,0,test
hysets_05480500,7060047060,0,test
hysets_05481000,7060047060,0,test
hysets_05481300,7060047060,0,test
hysets_05481950,7060047060,0,test
hysets_05482300,7060047060,0,test
hysets_05482500,7060047060,0,test
hysets_05483450,7060047060,0,test
hysets_05484000,7060047060,0,test
hysets_05484500,7060047060,0,test
hysets_05484650,7060047060,0,test
hysets_05484800,7060047060,0,test
hysets_05486490,7060047060,0,test
hysets_05487980,7060047060,0,test
hysets_05489000,7060047060,0,test
hysets_05490600,7060047060,0,test
hysets_05496000,7060047060,0,test
hysets_05497150,7060047060,0,test
hysets_05498150,7060047060,0,test
hysets_05498700,7060047060,0,test
hysets_05500000,7060047060,0,test
hysets_05501000,7060047060,0,test
hysets_05502300,7060047060,0,test
hysets_05502500,7060047060,0,test
hysets_05504800,7060047060,0,test
hysets_05506100,7060047060,0,test
hysets_05508805,7060047060,0,test
hysets_05514500,7060047060,0,test
hysets_05514860,7060047060,0,test
hysets_05515500,7060047060,0,test
hysets_05517000,7060047060,0,test
hysets_05517500,7060047060,0,test
hysets_05517530,7060047060,0,test
hysets_05518000,7060047060,0,test
hysets_05520500,7060047060,0,test
hysets_05525000,7060047060,0,test
hysets_05525500,7060047060,0,test
hysets_05526000,7060047060,0,test
hysets_05529000,7060047060,0,test
hysets_05531300,7060047060,0,test
hysets_05532500,7060047060,0,test
hysets_05540250,7060047060,0,test
hysets_05540500,7060047060,0,test
hysets_05541710,7060047060,0,test
hysets_05542000,7060047060,0,test
hysets_05543830,7060047060,0,test
hysets_05545750,7060047060,0,test
hysets_05550001,7060047060,0,test
hysets_05551000,7060047060,0,test
hysets_05551540,7060047060,0,test
hysets_05554500,7060047060,0,test
hysets_05555300,7060047060,0,test
hysets_05556500,7060047060,0,test
hysets_05567500,7060047060,0,test
hysets_05568000,7060047060,0,test
hysets_05568800,7060047060,0,test
hysets_05569500,7060047060,0,test
hysets_05570000,7060047060,0,test
hysets_05572000,7060047060,0,test
hysets_05576500,7060047060,0,test
hysets_05578000,7060047060,0,test
hysets_05579500,7060047060,0,test
hysets_05582000,7060047060,0,test
hysets_05583000,7060047060,0,test
hysets_05584500,7060047060,0,test
hysets_05585000,7060047060,0,test
hysets_05587000,7060047060,0,test
hysets_05587900,7060047060,0,test
hysets_05591200,7060047060,0,test
hysets_05591700,7060047060,0,test
hysets_05592050,7060047060,0,test
hysets_05592800,7060047060,0,test
hysets_05593575,7060047060,0,test
hysets_05593945,7060047060,0,test
hysets_05594000,7060047060,0,test
hysets_05594450,7060047060,0,test
hysets_05594800,7060047060,0,test
hysets_05595200,7060047060,0,test
hysets_05595730,7060047060,0,test
hysets_05595820,7060047060,0,test
hysets_05AA008,7060022240,3,train
hysets_05AA022,7060022240,3,train
hysets_05AA035,7060022240,3,train
hysets_05BB001,7060022240,3,train
hysets_05BG006,7060022240,3,train
hysets_05BJ004,7060022240,3,train
hysets_05BJ010,7060022240,3,train
hysets_05BL012,7060022240,3,train
hysets_05BL014,7060022240,3,train
hysets_05CA009,7060022240,3,train
hysets_05CB001,7060022240,3,train
hysets_05CC001,7060022240,3,train
hysets_05DA009,7060022240,3,train
hysets_05DB002,7060022240,3,train
hysets_05DB006,7060022240,3,train
hysets_05DD009,7060022240,3,train
hysets_05EA005,7060022240,3,train
hysets_05FA001,7060022240,3,train
hysets_05FA011,7060022240,3,train
hysets_05HD036,7060022240,3,train
hysets_05KE010,7060022240,3,train
hysets_05LC001,7060022240,3,train
hysets_05MF001,7060022240,3,train
hysets_05PA006,7060022240,3,train
hysets_05PB014,7060022240,3,train
hysets_05PH003,7060022240,3,train
hysets_05QA004,7060022240,3,train
hysets_05QE009,7060022240,3,train
hysets_05QE012,7060022240,3,train
hysets_05RA001,7060022240,3,train
hysets_05RB003,7060022240,3,train
hysets_05TD001,7060022240,3,train
hysets_05TE002,7060022240,3,train
hysets_05TG002,7060022240,3,train
hysets_05TG003,7060022240,3,train
hysets_05UF004,7060022240,3,train
hysets_05UG001,7060022240,3,train
hysets_05UH001,7060022240,3,train
hysets_05UH002,7060022240,3,train
hysets_06019500,7060047060,0,test
hysets_06025500,7060047060,0,test
hysets_06026500,7060047060,0,test
hysets_06033000,7060047060,0,test
hysets_06036650,7060047060,0,test
hysets_06036905,7060047060,0,test
hysets_06037100,7060047060,0,test
hysets_06037500,7060047060,0,test
hysets_06043500,7060047060,0,test
hysets_06054500,7060047060,0,test
hysets_06063000,7060047060,0,test
hysets_06073500,7060047060,0,test
hysets_06077200,7060047060,0,test
hysets_06078500,7060047060,0,test
hysets_06079000,7060047060,0,test
hysets_06085800,7060047060,0,test
hysets_06089000,7060047060,0,test
hysets_06090500,7060047060,0,test
hysets_06091700,7060047060,0,test
hysets_06108000,7060047060,0,test
hysets_06108800,7060047060,0,test
hysets_06120500,7060047060,0,test
hysets_06130500,7060047060,0,test
hysets_06131200,7060047060,0,test
hysets_06154400,7060047060,0,test
hysets_06177500,7060047060,0,test
hysets_06186500,7060047060,0,test
hysets_06188000,7060047060,0,test
hysets_06191000,7060047060,0,test
hysets_06191500,7060047060,0,test
hysets_06192500,7060047060,0,test
hysets_06195600,7060047060,0,test
hysets_06200000,7060047060,0,test
hysets_06208500,7060047060,0,test
hysets_06209500,7060047060,0,test
hysets_06214500,7060047060,0,test
hysets_06221400,7060047060,0,test
hysets_06224000,7060047060,0,test
hysets_06289000,7060047060,0,test
hysets_06294000,7060047060,0,test
hysets_06295000,7060047060,0,test
hysets_06324500,7060047060,0,test
hysets_06326500,7060047060,0,test
hysets_06327500,7060047060,0,test
hysets_06329500,7060047060,0,test
hysets_06332515,7060047060,0,test
hysets_06334500,7060047060,0,test
hysets_06335500,7060047060,0,test
hysets_06335750,7060047060,0,test
hysets_06336000,7060047060,0,test
hysets_06337000,7060047060,0,test
hysets_06339100,7060047060,0,test
hysets_06339500,7060047060,0,test
hysets_06340500,7060047060,0,test
hysets_06350000,7060047060,0,test
hysets_06351200,7060047060,0,test
hysets_06352000,7060047060,0,test
hysets_06353000,7060047060,0,test
hysets_06354000,7060047060,0,test
hysets_06354580,7060047060,0,test
hysets_06356500,7060047060,0,test
hysets_06359500,7060047060,0,test
hysets_06360500,7060047060,0,test
hysets_06400875,7060047060,0,test
hysets_06404000,7060047060,0,test
hysets_06409000,7060047060,0,test
hysets_06422500,7060047060,0,test
hysets_06436180,7060047060,0,test
hysets_06436198,7060047060,0,test
hysets_06440200,7060047060,0,test
hysets_06441500,7060047060,0,test
hysets_06445685,7060047060,0,test
hysets_06446000,7060047060,0,test
hysets_06446500,7060047060,0,test
hysets_06447000,7060047060,0,test
hysets_06447230,7060047060,0,test
hysets_06447450,7060047060,0,test
hysets_06447500,7060047060,0,test
hysets_06452000,7060047060,0,test
hysets_06453600,7060047060,0,test
hysets_06463500,7060047060,0,test
hysets_06464100,7060047060,0,test
hysets_06464500,7060047060,0,test
hysets_06466500,7060047060,0,test
hysets_06469400,7060047060,0,test
hysets_06472000,7060047060,0,test
hysets_06473000,7060047060,0,test
hysets_06475000,7060047060,0,test
hysets_06476000,7060047060,0,test
hysets_06477000,7060047060,0,test
hysets_06477500,7060047060,0,test
hysets_06478500,7060047060,0,test
hysets_06478513,7060047060,0,test
hysets_06478690,7060047060,0,test
hysets_06479215,7060047060,0,test
hysets_06480650,7060047060,0,test
hysets_06481500,7060047060,0,test
hysets_06482610,7060047060,0,test
hysets_06483290,7060047060,0,test
hysets_06483500,7060047060,0,test
hysets_06485500,7060047060,0,test
hysets_06600100,7060047060,0,test
hysets_06600500,7060047060,0,test
hysets_06600900,7060047060,0,test
hysets_06601000,7060047060,0,test
hysets_06602020,7060047060,0,test
hysets_06606600,7060047060,0,test
hysets_06608500,7060047060,0,test
hysets_06609500,7060047060,0,test
hysets_06623800,7060047060,0,test
hysets_06708800,7060047060,0,test
hysets_06709000,7060047060,0,test
hysets_06709530,7060047060,0,test
hysets_06712000,7060047060,0,test
hysets_06718550,7060047060,0,test
hysets_06784000,7060047060,0,test
hysets_06785500,7060047060,0,test
hysets_06794000,7060047060,0,test
hysets_06795500,7060047060,0,test
hysets_06797500,7060047060,0,test
hysets_06799000,7060047060,0,test
hysets_06799100,7060047060,0,test
hysets_06799350,7060047060,0,test
hysets_06799500,7060047060,0,test
hysets_06800000,7060047060,0,test
hysets_06800500,7060047060,0,test
hysets_06803510,7060047060,0,test
hysets_06803520,7060047060,0,test
hysets_06803530,7060047060,0,test
hysets_06804000,7060047060,0,test
hysets_06804700,7060047060,0,test
hysets_06806500,7060047060,0,test
hysets_06807410,7060047060,0,test
hysets_06808500,7060047060,0,test
hysets_06809210,7060047060,0,test
hysets_06809500,7060047060,0,test
hysets_06810000,7060047060,0,test
hysets_06811500,7060047060,0,test
hysets_06813000,7060047060,0,test
hysets_06814000,7060047060,0,test
hysets_06814500,7060047060,0,test
hysets_06815000,7060047060,0,test
hysets_06817000,7060047060,0,test
hysets_06817500,7060047060,0,test
hysets_06817700,7060047060,0,test
hysets_06820410,7060047060,0,test
hysets_06820500,7060047060,0,test
hysets_06821190,7060047060,0,test
hysets_06827000,7060047060,0,test
hysets_06836500,7060047060,0,test
hysets_06845110,7060047060,0,test
hysets_06846500,7060047060,0,test
hysets_06847000,7060047060,0,test
hysets_06847500,7060047060,0,test
hysets_06847900,7060047060,0,test
hysets_06853800,7060047060,0,test
hysets_06860000,7060047060,0,test
hysets_06861000,7060047060,0,test
hysets_06863500,7060047060,0,test
hysets_06867000,7060047060,0,test
hysets_06869950,7060047060,0,test
hysets_06871000,7060047060,0,test
hysets_06871500,7060047060,0,test
hysets_06873000,7060047060,0,test
hysets_06876440,7060047060,0,test
hysets_06876700,7060047060,0,test
hysets_06878000,7060047060,0,test
hysets_06880800,7060047060,0,test
hysets_06881000,7060047060,0,test
hysets_06882000,7060047060,0,test
hysets_06882510,7060047060,0,test
hysets_06883000,7060047060,0,test
hysets_06884000,7060047060,0,test
hysets_06884025,7060047060,0,test
hysets_06884200,7060047060,0,test
hysets_06884400,7060047060,0,test
hysets_06885500,7060047060,0,test
hysets_06888000,7060047060,0,test
hysets_06888500,7060047060,0,test
hysets_06889200,7060047060,0,test
hysets_06889500,7060047060,0,test
hysets_06890100,7060047060,0,test
hysets_06891260,7060047060,0,test
hysets_06892000,7060047060,0,test
hysets_06892360,7060047060,0,test
hysets_06892513,7060047060,0,test
hysets_06893100,7060047060,0,test
hysets_06893150,7060047060,0,test
hysets_06893390,7060047060,0,test
hysets_06893578,7060047060,0,test
hysets_06893820,7060047060,0,test
hysets_06893890,7060047060,0,test
hysets_06894000,7060047060,0,test
hysets_06895000,7060047060,0,test
hysets_06897500,7060047060,0,test
hysets_06898000,7060047060,0,test
hysets_06899500,7060047060,0,test
hysets_06900050,7060047060,0,test
hysets_06901500,7060047060,0,test
hysets_06906800,7060047060,0,test
hysets_06909500,7060047060,0,test
hysets_06910750,7060047060,0,test
hysets_06911900,7060047060,0,test
hysets_06914500,7060047060,0,test
hysets_06917000,7060047060,0,test
hysets_06917060,7060047060,0,test
hysets_06917240,7060047060,0,test
hysets_06917500,7060047060,0,test
hysets_06917560,7060047060,0,test
hysets_06918060,7060047060,0,test
hysets_06918440,7060047060,0,test
hysets_06918460,7060047060,0,test
hysets_06918740,7060047060,0,test
hysets_06919500,7060047060,0,test
hysets_06921070,7060047060,0,test
hysets_06921200,7060047060,0,test
hysets_06921590,7060047060,0,test
hysets_06921720,7060047060,0,test
hysets_06923250,7060047060,0,test
hysets_06923950,7060047060,0,test
hysets_06927000,7060047060,0,test
hysets_06927240,7060047060,0,test
hysets_06928000,7060047060,0,test
hysets_06928300,7060047060,0,test
hysets_06928420,7060047060,0,test
hysets_06930000,7060047060,0,test
hysets_06930060,7060047060,0,test
hysets_06932000,7060047060,0,test
hysets_06933500,7060047060,0,test
hysets_06934000,7060047060,0,test
hysets_06936475,7060047060,0,test
hysets_06AD006,7060021740,1,val
hysets_06AF001,7060021740,1,val
hysets_06AG002,7060021740,1,val
hysets_06BA002,7060021740,1,val
hysets_06BB003,7060021740,1,val
hysets_06BB005,7060021740,1,val
hysets_06BD001,7060021740,1,val
hysets_06CD002,7060021740,1,val
hysets_06DA004,7060021740,1,val
hysets_06DC001,7060021740,1,val
hysets_06FB002,7060021740,1,val
hysets_07010350,7060047060,0,test
hysets_07013000,7060047060,0,test
hysets_07014000,7060047060,0,test
hysets_07014500,7060047060,0,test
hysets_07016500,7060047060,0,test
hysets_07018100,7060047060,0,test
hysets_07018500,7060047060,0,test
hysets_07019000,7060047060,0,test
hysets_07020550,7060047060,0,test
hysets_07024500,7060047060,0,test
hysets_07025400,7060047060,0,test
hysets_07026040,7060047060,0,test
hysets_07027720,7060047060,0,test
hysets_07029500,7060047060,0,test
hysets_07030050,7060047060,0,test
hysets_07030392,7060047060,0,test
hysets_07030500,7060047060,0,test
hysets_07031650,7060047060,0,test
hysets_07035800,7060047060,0,test
hysets_07036100,7060047060,0,test
hysets_07037300,7060047060,0,test
hysets_07037500,7060047060,0,test
hysets_07047942,7060047060,0,test
hysets_07047950,7060047060,0,test
hysets_07048550,7060047060,0,test
hysets_07050500,7060047060,0,test
hysets_07052345,7060047060,0,test
hysets_07052500,7060047060,0,test
hysets_07052820,7060047060,0,test
hysets_07053810,7060047060,0,test
hysets_07055607,7060047060,0,test
hysets_07055646,7060047060,0,test
hysets_07056515,7060047060,0,test
hysets_07057500,7060047060,0,test
hysets_07058000,7060047060,0,test
hysets_07061900,7060047060,0,test
hysets_07064533,7060047060,0,test
hysets_07065200,7060047060,0,test
hysets_07065495,7060047060,0,test
hysets_07066000,7060047060,0,test
hysets_07067000,7060047060,0,test
hysets_07068000,7060047060,0,test
hysets_07071500,7060047060,0,test
hysets_07072000,7060047060,0,test
hysets_07072500,7060047060,0,test
hysets_07074850,7060047060,0,test
hysets_07075000,7060047060,0,test
hysets_07077380,7060047060,0,test
hysets_07096250,7060047060,0,test
hysets_07105600,7060047060,0,test
hysets_07105900,7060047060,0,test
hysets_07106000,7060047060,0,test
hysets_07116500,7060047060,0,test
hysets_07119500,7060047060,0,test
hysets_07121500,7060047060,0,test
hysets_07124200,7060047060,0,test
hysets_07126300,7060047060,0,test
hysets_07128500,7060047060,0,test
hysets_07140900,7060047060,0,test
hysets_07141200,7060047060,0,test
hysets_07141780,7060047060,0,test
hysets_07141900,7060047060,0,test
hysets_07142300,7060047060,0,test
hysets_07142575,7060047060,0,test
hysets_07143300,7060047060,0,test
hysets_07143672,7060047060,0,test
hysets_07144100,7060047060,0,test
hysets_07144200,7060047060,0,test
hysets_07144300,7060047060,0,test
hysets_07144550,7060047060,0,test
hysets_07144780,7060047060,0,test
hysets_07145700,7060047060,0,test
hysets_07148400,7060047060,0,test
hysets_07149000,7060047060,0,test
hysets_07151500,7060047060,0,test
hysets_07157940,7060047060,0,test
hysets_07165750,7060047060,0,test
hysets_07167500,7060047060,0,test
hysets_07169800,7060047060,0,test
hysets_07172000,7060047060,0,test
hysets_07184000,7060047060,0,test
hysets_07184500,7060047060,0,test
hysets_07185700,7060047060,0,test
hysets_07185765,7060047060,0,test
hysets_07186000,7060047060,0,test
hysets_07187000,7060047060,0,test
hysets_07187600,7060047060,0,test
hysets_07188653,7060047060,0,test
hysets_07188838,7060047060,0,test
hysets_07188885,7060047060,0,test
hysets_07191160,7060047060,0,test
hysets_07191179,7060047060,0,test
hysets_071912213,7060047060,0,test
hysets_07191222,7060047060,0,test
hysets_07194800,7060047060,0,test
hysets_07195400,7060047060,0,test
hysets_07195430,7060047060,0,test
hysets_07197360,7060047060,0,test
hysets_07203000,7060047060,0,test
hysets_07211500,7060047060,0,test
hysets_07216500,7060047060,0,test
hysets_07226500,7060047060,0,test
hysets_07233500,7060047060,0,test
hysets_07249400,7060047060,0,test
hysets_07260673,7060047060,0,test
hysets_07261500,7060047060,0,test
hysets_07268000,7060047060,0,test
hysets_07275900,7060047060,0,test
hysets_07283000,7060047060,0,test
hysets_07290000,7060047060,0,test
hysets_07292500,7060047060,0,test
hysets_07299670,7060047060,0,test
hysets_07301410,7060047060,0,test
hysets_07308200,7060047060,0,test
hysets_07311700,7060047060,0,test
hysets_07311800,7060047060,0,test
hysets_07311900,7060047060,0,test
hysets_07315200,7060047060,0,test
hysets_07315700,7060047060,0,test
hysets_07332390,7060047060,0,test
hysets_07337900,7060047060,0,test
hysets_07338750,7060047060,0,test
hysets_07340300,7060047060,0,test
hysets_07343000,7060047060,0,test
hysets_07346045,7060047060,0,test
hysets_07346050,7060047060,0,test
hysets_07346070,7060047060,0,test
hysets_07348700,7060047060,0,test
hysets_07352000,7060047060,0,test
hysets_07359002,7060047060,0,test
hysets_07359610,7060047060,0,test
hysets_07362100,7060047060,0,test
hysets_07363000,7060047060,0,test
hysets_07363400,7060047060,0,test
hysets_07363500,7060047060,0,test
hysets_07364150,7060047060,0,test
hysets_07367005,7060047060,0,test
hysets_07372050,7060047060,0,test
hysets_07372200,7060047060,0,test
hysets_07375280,7060046900,4,train
hysets_07375500,7060046900,4,train
hysets_07376000,7060046900,4,train
hysets_07377000,7060046900,4,train
hysets_07378500,7060046900,4,train
hysets_07382000,7060047480,3,train
hysets_08013000,7060047800,2,train
hysets_08013500,7060047800,2,train
hysets_08014500,7060047800,2,train
hysets_08014800,7060047800,2,train
hysets_08023080,7060047850,3,train
hysets_08028000,7060047850,3,train
hysets_08033900,7060047850,3,train
hysets_08040600,7060047850,3,train
hysets_08041500,7060047850,3,train
hysets_08048800,7060047970,1,val
hysets_08048970,7060047970,1,val
hysets_08061540,7060047970,1,val
hysets_08064700,7060047970,1,val
hysets_08065800,7060047970,1,val
hysets_08066200,7060047970,1,val
hysets_08066300,7060047970,1,val
hysets_08068000,7060047980,4,train
hysets_08068275,7060047980,4,train
hysets_08068500,7060047980,4,train
hysets_08070200,7060047980,4,train
hysets_08071000,7060047980,4,train
hysets_08080700,7060048300,2,train
hysets_08082700,7060048300,2,train
hysets_08084800,7060048300,2,train
hysets_08086050,7060048300,2,train
hysets_08086212,7060048300,2,train
hysets_08095300,7060048300,2,train
hysets_08101000,7060048300,2,train
hysets_0810464660,7060048300,2,train
hysets_08104900,7060048300,2,train
hysets_08105095,7060048300,2,train
hysets_08109700,7060048300,2,train
hysets_08110100,7060048300,2,train
hysets_08110430,7060048300,2,train
hysets_08111700,7060048300,2,train
hysets_08120500,7060048410,4,train
hysets_08123800,7060048410,4,train
hysets_08131400,7060048410,4,train
hysets_08134000,7060048410,4,train
hysets_08148500,7060048410,4,train
hysets_08150000,7060048410,4,train
hysets_08150700,7060048410,4,train
hysets_08150800,7060048410,4,train
hysets_08152000,7060048410,4,train
hysets_08152900,7060048410,4,train
hysets_08155300,7060048410,4,train
hysets_08155400,7060048410,4,train
hysets_08158600,7060048410,4,train
hysets_08158700,7060048410,4,train
hysets_08158827,7060048410,4,train
hysets_08159000,7060048410,4,train
hysets_08164000,7060048480,1,val
hysets_08164300,7060048480,1,val
hysets_08164390,7060048480,1,val
hysets_08164450,7060048480,1,val
hysets_08165300,7060048620,4,train
hysets_08166000,7060048620,4,train
hysets_08167500,7060048620,4,train
hysets_08168797,7060048620,4,train
hysets_08170500,7060048620,4,train
hysets_08171000,7060048620,4,train
hysets_08171300,7060048620,4,train
hysets_08174600,7060048620,4,train
hysets_08175000,7060048620,4,train
hysets_08176900,7060048620,4,train
hysets_08178880,7060048620,4,train
hysets_08185065,7060048620,4,train
hysets_08185100,7060048620,4,train
hysets_08189300,7060048630,1,val
hysets_08189500,7060048630,1,val
hysets_08190500,7060048860,1,val
hysets_08195000,7060048860,1,val
hysets_08196000,7060048860,1,val
hysets_08198000,7060048860,1,val
hysets_08198500,7060048860,1,val
hysets_08200000,7060048860,1,val
hysets_08202700,7060048860,1,val
hysets_08205500,7060048860,1,val
hysets_08206600,7060048860,1,val
hysets_08207500,7060048860,1,val
hysets_08210400,7060048860,1,val
hysets_08247500,7060049270,2,train
hysets_08279000,7060049270,2,train
hysets_08284100,7060049270,2,train
hysets_08289000,7060049270,2,train
hysets_08378500,7060049270,2,train
hysets_08379500,7060049270,2,train
hysets_08390500,7060049270,2,train
hysets_08398500,7060049270,2,train
hysets_08401200,7060049270,2,train
hysets_08401900,7060049270,2,train
hysets_08405150,7060049270,2,train
hysets_08405500,7060049270,2,train
hysets_08408500,7060049270,2,train
hysets_08433000,7060049270,2,train
hysets_08447020,7060049270,2,train
hysets_08481500,7060049270,2,train
hysets_08CD001,7060020090,0,test
hysets_08CE001,7060020090,0,test
hysets_08CG001,7060020090,0,test
hysets_08DB001,7060019190,2,train
hysets_08EB004,7060019010,2,train
hysets_08EC013,7060019010,2,train
hysets_08ED001,7060019010,2,train
hysets_08ED002,7060019010,2,train
hysets_08EE003,7060019010,2,train
hysets_08EE020,7060019010,2,train
hysets_08EF001,7060019010,2,train
hysets_08FB004,7060017930,3,train
hysets_08FB006,7060017930,3,train
hysets_08FC003,7060018020,4,train
hysets_08FE003,7060018610,3,train
hysets_08FF001,7060018780,2,train
hysets_08FF002,7060018780,2,train
hysets_08FF003,7060018780,2,train
hysets_08GA071,7060016270,4,train
hysets_08GA072,7060016270,4,train
hysets_08GA075,7060016270,4,train
hysets_08GB013,7060016270,4,train
hysets_08GD004,7060016850,4,train
hysets_08GE002,7060017140,1,val
hysets_08GF007,7060017150,0,test
hysets_08HA001,7060056770,4,train
hysets_08HA010,7060056770,4,train
hysets_08HB074,7060056770,4,train
hysets_08HF005,7060056620,1,val
hysets_08JB002,7060016260,2,train
hysets_08JB003,7060016260,2,train
hysets_08JE001,7060016260,2,train
hysets_08KA001,7060016260,2,train
hysets_08KA004,7060016260,2,train
hysets_08KA005,7060016260,2,train
hysets_08KA007,7060016260,2,train
hysets_08KA013,7060016260,2,train
hysets_08KB001,7060016260,2,train
hysets_08KB003,7060016260,2,train
hysets_08KC001,7060016260,2,train
hysets_08KE016,7060016260,2,train
hysets_08KH001,7060016260,2,train
hysets_08KH006,7060016260,2,train
hysets_08KH030,7060016260,2,train
hysets_08LA001,7060016260,2,train
hysets_08LA027,7060016260,2,train
hysets_08LB020,7060016260,2,train
hysets_08LB038,7060016260,2,train
hysets_08LB047,7060016260,2,train
hysets_08LB064,7060016260,2,train
hysets_08LB069,7060016260,2,train
hysets_08LB076,7060016260,2,train
hysets_08LD001,7060016260,2,train
hysets_08LE024,7060016260,2,train
hysets_08LE027,7060016260,2,train
hysets_08LE031,7060016260,2,train
hysets_08LF051,7060016260,2,train
hysets_08LG008,7060016260,2,train
hysets_08MA001,7060016260,2,train
hysets_08MA003,7060016260,2,train
hysets_08MB006,7060016260,2,train
hysets_08ME025,7060016260,2,train
hysets_08ME027,7060016260,2,train
hysets_08MF065,7060016260,2,train
hysets_08MF068,7060016260,2,train
hysets_08MG001,7060016260,2,train
hysets_08MG005,7060016260,2,train
hysets_08MG013,7060016260,2,train
hysets_08MH001,7060016260,2,train
hysets_08MH016,7060016260,2,train
hysets_08MH056,7060016260,2,train
hysets_08MH103,7060016260,2,train
hysets_08NA002,7060014930,4,train
hysets_08NA006,7060014930,4,train
hysets_08NB005,7060014930,4,train
hysets_08NB012,7060014930,4,train
hysets_08NB014,7060014930,4,train
hysets_08NC004,7060014930,4,train
hysets_08ND012,7060014930,4,train
hysets_08ND013,7060014930,4,train
hysets_08NE006,7060014930,4,train
hysets_08NE039,7060014930,4,train
hysets_08NE074,7060014930,4,train
hysets_08NE110,7060014930,4,train
hysets_08NG065,7060014930,4,train
hysets_08NH005,7060014930,4,train
hysets_08NH007,7060014930,4,train
hysets_08NH119,7060014930,4,train
hysets_08NJ013,7060014930,4,train
hysets_08NJ160,7060014930,4,train
hysets_08NK002,7060014930,4,train
hysets_08NK016,7060014930,4,train
hysets_08NK018,7060014930,4,train
hysets_08NK022,7060014930,4,train
hysets_08NL004,7060014930,4,train
hysets_08NL007,7060014930,4,train
hysets_08NL024,7060014930,4,train
hysets_08NL038,7060014930,4,train
hysets_08NL050,7060014930,4,train
hysets_08NL069,7060014930,4,train
hysets_08NL076,7060014930,4,train
hysets_08NN002,7060014930,4,train
hysets_08NN023,7060014930,4,train
hysets_09070000,7060008710,2,train
hysets_09081600,7060008710,2,train
hysets_09107000,7060008710,2,train
hysets_09112200,7060008710,2,train
hysets_09112500,7060008710,2,train
hysets_09119000,7060008710,2,train
hysets_09124500,7060008710,2,train
hysets_09146020,7060008710,2,train
hysets_09146200,7060008710,2,train
hysets_09165000,7060008710,2,train
hysets_09166500,7060008710,2,train
hysets_09196500,7060008710,2,train
hysets_09239500,7060008710,2,train
hysets_09242500,7060008710,2,train
hysets_09246200,7060008710,2,train
hysets_09253000,7060008710,2,train
hysets_09255000,7060008710,2,train
hysets_09260000,7060008710,2,train
hysets_09266500,7060008710,2,train
hysets_09292000,7060008710,2,train
hysets_09292500,7060008710,2,train
hysets_09299500,7060008710,2,train
hysets_09304200,7060008710,2,train
hysets_09304500,7060008710,2,train
hysets_09304800,7060008710,2,train
hysets_09306222,7060008710,2,train
hysets_09306255,7060008710,2,train
hysets_09326500,7060008710,2,train
hysets_09330500,7060008710,2,train
hysets_09342500,7060008710,2,train
hysets_09349800,7060008710,2,train
hysets_09361500,7060008710,2,train
hysets_09371000,7060008710,2,train
hysets_09371520,7060008710,2,train
hysets_09381800,7060008710,2,train
hysets_09382000,7060008710,2,train
hysets_09385700,7060008710,2,train
hysets_09386900,7060008710,2,train
hysets_09403600,7060008710,2,train
hysets_09404208,7060008710,2,train
hysets_09404343,7060008710,2,train
hysets_09404450,7060008710,2,train
hysets_09405500,7060008710,2,train
hysets_09406000,7060008710,2,train
hysets_09406100,7060008710,2,train
hysets_09408135,7060008710,2,train
hysets_09424447,7060008710,2,train
hysets_09430600,7060008710,2,train
hysets_09432000,7060008710,2,train
hysets_09442000,7060008710,2,train
hysets_09444000,7060008710,2,train
hysets_09444200,7060008710,2,train
hysets_09444500,7060008710,2,train
hysets_09447000,7060008710,2,train
hysets_09447800,7060008710,2,train
hysets_09466500,7060008710,2,train
hysets_09468500,7060008710,2,train
hysets_09471000,7060008710,2,train
hysets_09471400,7060008710,2,train
hysets_09471550,7060008710,2,train
hysets_09472050,7060008710,2,train
hysets_09473000,7060008710,2,train
hysets_09481740,7060008710,2,train
hysets_09482000,7060008710,2,train
hysets_09484600,7060008710,2,train
hysets_09485450,7060008710,2,train
hysets_09485700,7060008710,2,train
hysets_09486055,7060008710,2,train
hysets_09486350,7060008710,2,train
hysets_09486500,7060008710,2,train
hysets_09486520,7060008710,2,train
hysets_09486800,7060008710,2,train
hysets_09487000,7060008710,2,train
hysets_09490500,7060008710,2,train
hysets_09494000,7060008710,2,train
hysets_09496500,7060008710,2,train
hysets_09497500,7060008710,2,train
hysets_09497980,7060008710,2,train
hysets_09498400,7060008710,2,train
hysets_09499000,7060008710,2,train
hysets_09503700,7060008710,2,train
hysets_09504000,7060008710,2,train
hysets_09504500,7060008710,2,train
hysets_09505350,7060008710,2,train
hysets_09505800,7060008710,2,train
hysets_09506000,7060008710,2,train
hysets_09508500,7060008710,2,train
hysets_09510200,7060008710,2,train
hysets_09512800,7060008710,2,train
hysets_09513780,7060008710,2,train
hysets_09513860,7060008710,2,train
hysets_09516500,7060008710,2,train
hysets_09517000,7060008710,2,train
hysets_09520280,7060008710,2,train
hysets_09537500,7060007830,0,test
hysets_10011500,7060073620,4,train
hysets_10023000,7060073620,4,train
hysets_10105900,7060073620,4,train
hysets_10109000,7060073620,4,train
hysets_10109001,7060073620,4,train
hysets_10113500,7060073620,4,train
hysets_10128500,7060073620,4,train
hysets_10131000,7060073620,4,train
hysets_10174500,7060073650,1,val
hysets_10194200,7060073650,1,val
hysets_10205030,7060073650,1,val
hysets_10242000,7060073650,1,val
hysets_10258500,7060008710,2,train
hysets_10259100,7060008710,2,train
hysets_10260500,7060073800,3,train
hysets_10296500,7060073830,4,train
hysets_10321590,7060073630,2,train
hysets_10321940,7060073630,2,train
hysets_10321950,7060073630,2,train
hysets_10322150,7060073630,2,train
hysets_10329500,7060073630,2,train
hysets_10396000,7060073780,4,train
hysets_11028500,7060012280,3,train
hysets_11042400,7060012280,3,train
hysets_11044300,7060012280,3,train
hysets_11046000,7060012280,3,train
hysets_11046300,7060012280,3,train
hysets_11046530,7060012280,3,train
hysets_11047300,7060012280,3,train
hysets_11057500,7060012590,4,train
hysets_11097000,7060012600,1,val
hysets_11123500,7060012600,1,val
hysets_11124500,7060012600,1,val
hysets_11132500,7060012600,1,val
hysets_11133000,7060012600,1,val
hysets_11136800,7060012950,1,val
hysets_11137900,7060012950,1,val
hysets_11140000,7060012950,1,val
hysets_11140585,7060012950,1,val
hysets_11143250,7060012960,3,train
hysets_11147500,7060013170,2,train
hysets_11149900,7060013170,2,train
hysets_11151300,7060013170,2,train
hysets_11151700,7060013170,2,train
hysets_11152000,7060013170,2,train
hysets_11152050,7060013170,2,train
hysets_11153000,7060013180,2,train
hysets_11156500,7060013180,2,train
hysets_11157500,7060013180,2,train
hysets_11158600,7060013180,2,train
hysets_11159000,7060013180,2,train
hysets_11160000,7060013180,2,train
hysets_11161000,7060013180,2,train
hysets_11162570,7060013180,2,train
hysets_11176400,7060013180,2,train
hysets_11186001,7060013550,4,train
hysets_11189500,7060013550,4,train
hysets_11214600,7060013550,4,train
hysets_11216200,7060013550,4,train
hysets_11216500,7060013550,4,train
hysets_11218400,7060013550,4,train
hysets_11230500,7060013550,4,train
hysets_11231600,7060013550,4,train
hysets_11246700,7060013550,4,train
hysets_11253310,7060013550,4,train
hysets_11264500,7060013550,4,train
hysets_11266500,7060013550,4,train
hysets_11270900,7060013550,4,train
hysets_11274500,7060013550,4,train
hysets_11276600,7060013550,4,train
hysets_11276900,7060013550,4,train
hysets_11277300,7060013550,4,train
hysets_11278400,7060013550,4,train
hysets_11289650,7060013550,4,train
hysets_11289651,7060013550,4,train
hysets_11292900,7060013550,4,train
hysets_11295270,7060013550,4,train
hysets_11295300,7060013550,4,train
hysets_11302000,7060013550,4,train
hysets_11314500,7060013550,4,train
hysets_11317000,7060013550,4,train
hysets_11318500,7060013550,4,train
hysets_11335000,7060013550,4,train
hysets_11342000,7060013550,4,train
hysets_11367500,7060013550,4,train
hysets_11374000,7060013550,4,train
hysets_11376000,7060013550,4,train
hysets_11376550,7060013550,4,train
hysets_11377100,7060013550,4,train
hysets_11379500,7060013550,4,train
hysets_11381500,7060013550,4,train
hysets_11383500,7060013550,4,train
hysets_11389500,7060013550,4,train
hysets_11390500,7060013550,4,train
hysets_11396200,7060013550,4,train
hysets_11402000,7060013550,4,train
hysets_11413000,7060013550,4,train
hysets_11418000,7060013550,4,train
hysets_11421000,7060013550,4,train
hysets_11428800,7060013550,4,train
hysets_11433300,7060013550,4,train
hysets_11441900,7060013550,4,train
hysets_11453500,7060013550,4,train
hysets_11458500,7060013560,1,val
hysets_11461500,7060013560,1,val
hysets_11463500,7060013560,1,val
hysets_11465750,7060013560,1,val
hysets_11466320,7060013560,1,val
hysets_11466800,7060013560,1,val
hysets_11467200,7060013560,1,val
hysets_11467510,7060013560,1,val
hysets_11468000,7060013560,1,val
hysets_11469000,7060013560,1,val
hysets_11471500,7060014040,4,train
hysets_11473900,7060014040,4,train
hysets_11475800,7060014040,4,train
hysets_11476500,7060014040,4,train
hysets_11477000,7060014040,4,train
hysets_11478500,7060014040,4,train
hysets_11480410,7060014050,3,train
hysets_11481200,7060014050,3,train
hysets_11481500,7060014050,3,train
hysets_11482500,7060014050,3,train
hysets_11493500,7060014200,4,train
hysets_11501000,7060014200,4,train
hysets_11502500,7060014200,4,train
hysets_11519500,7060014200,4,train
hysets_11521500,7060014200,4,train
hysets_11522500,7060014200,4,train
hysets_11523200,7060014200,4,train
hysets_11528700,7060014200,4,train
hysets_11532500,7060014210,0,test
hysets_12013500,7060014940,1,val
hysets_12020000,7060015090,4,train
hysets_12025000,7060015090,4,train
hysets_12026150,7060015090,4,train
hysets_12026400,7060015090,4,train
hysets_12027500,7060015090,4,train
hysets_12031000,7060015090,4,train
hysets_12035000,7060015090,4,train
hysets_12037400,7060015090,4,train
hysets_12039500,7060015100,2,train
hysets_12040500,7060015100,2,train
hysets_12041200,7060015100,2,train
hysets_12043000,7060015100,2,train
hysets_12054000,7060015100,2,train
hysets_12056500,7060015100,2,train
hysets_12082500,7060015100,2,train
hysets_12087000,7060015100,2,train
hysets_12096500,7060015900,1,val
hysets_12097500,7060015900,1,val
hysets_12097850,7060015900,1,val
hysets_12099200,7060015900,1,val
hysets_12100490,7060015900,1,val
hysets_12101500,7060015900,1,val
hysets_12134500,7060016000,4,train
hysets_12137800,7060016000,4,train
hysets_12141300,7060016000,4,train
hysets_12144000,7060016000,4,train
hysets_12144500,7060016000,4,train
hysets_12149000,7060016000,4,train
hysets_12150800,7060016000,4,train
hysets_12167000,7060016010,0,test
hysets_12175500,7060016090,1,val
hysets_12179900,7060016090,1,val
hysets_12182500,7060016090,1,val
hysets_12186000,7060016090,1,val
hysets_12189500,7060016090,1,val
hysets_12193400,7060016090,1,val
hysets_12200500,7060016090,1,val
hysets_12201500,7060016100,2,train
hysets_12205000,7060016100,2,train
hysets_12208000,7060016100,2,train
hysets_12210000,7060016100,2,train
hysets_12210700,7060016100,2,train
hysets_12213100,7060016100,2,train
hysets_12302055,7060014930,4,train
hysets_12323600,7060014930,4,train
hysets_12323760,7060014930,4,train
hysets_12324200,7060014930,4,train
hysets_12324400,7060014930,4,train
hysets_12324680,7060014930,4,train
hysets_12330000,7060014930,4,train
hysets_12331500,7060014930,4,train
hysets_12331800,7060014930,4,train
hysets_12334510,7060014930,4,train
hysets_12334550,7060014930,4,train
hysets_12335500,7060014930,4,train
hysets_12340000,7060014930,4,train
hysets_12344000,7060014930,4,train
hysets_12352500,7060014930,4,train
hysets_12353000,7060014930,4,train
hysets_12354500,7060014930,4,train
hysets_12358500,7060014930,4,train
hysets_12365700,7060014930,4,train
hysets_12370000,7060014930,4,train
hysets_12389500,7060014930,4,train
hysets_12392155,7060014930,4,train
hysets_12392300,7060014930,4,train
hysets_12396500,7060014930,4,train
hysets_12409000,7060014930,4,train
hysets_12411000,7060014930,4,train
hysets_12413000,7060014930,4,train
hysets_12413210,7060014930,4,train
hysets_12413470,7060014930,4,train
hysets_12413500,7060014930,4,train
hysets_12413860,7060014930,4,train
hysets_12413875,7060014930,4,train
hysets_12414500,7060014930,4,train
hysets_12414900,7060014930,4,train
hysets_12424000,7060014930,4,train
hysets_12433200,7060014930,4,train
hysets_12434590,7060014930,4,train
hysets_12445900,7060014930,4,train
hysets_12447383,7060014930,4,train
hysets_12448000,7060014930,4,train
hysets_12448500,7060014930,4,train
hysets_12448998,7060014930,4,train
hysets_12449500,7060014930,4,train
hysets_12449950,7060014930,4,train
hysets_12451000,7060014930,4,train
hysets_12452500,7060014930,4,train
hysets_12452800,7060014930,4,train
hysets_12452890,7060014930,4,train
hysets_12452990,7060014930,4,train
hysets_12456500,7060014930,4,train
hysets_12457000,7060014930,4,train
hysets_12458000,7060014930,4,train
hysets_12459000,7060014930,4,train
hysets_12462500,7060014930,4,train
hysets_12464800,7060014930,4,train
hysets_12465000,7060014930,4,train
hysets_12465400,7060014930,4,train
hysets_12467000,7060014930,4,train
hysets_12488500,7060014930,4,train
hysets_12502500,7060014930,4,train
hysets_12506000,7060014930,4,train
hysets_12508990,7060014930,4,train
hysets_13010065,7060014930,4,train
hysets_13011000,7060014930,4,train
hysets_13011500,7060014930,4,train
hysets_13011900,7060014930,4,train
hysets_13018750,7060014930,4,train
hysets_13022500,7060014930,4,train
hysets_13023000,7060014930,4,train
hysets_13046995,7060014930,4,train
hysets_13135500,7060014930,4,train
hysets_13137500,7060014930,4,train
hysets_13153500,7060014930,4,train
hysets_13171620,7060014930,4,train
hysets_13185000,7060014930,4,train
hysets_13186000,7060014930,4,train
hysets_13235000,7060014930,4,train
hysets_13237920,7060014930,4,train
hysets_13295000,7060014930,4,train
hysets_13296500,7060014930,4,train
hysets_13297355,7060014930,4,train
hysets_13302500,7060014930,4,train
hysets_13307000,7060014930,4,train
hysets_13309220,7060014930,4,train
hysets_13310700,7060014930,4,train
hysets_13317000,7060014930,4,train
hysets_13331500,7060014930,4,train
hysets_13333000,7060014930,4,train
hysets_13335050,7060014930,4,train
hysets_13336500,7060014930,4,train
hysets_13337000,7060014930,4,train
hysets_13338500,7060014930,4,train
hysets_13339500,7060014930,4,train
hysets_13340000,7060014930,4,train
hysets_13340600,7060014930,4,train
hysets_13344500,7060014930,4,train
hysets_13345000,7060014930,4,train
hysets_13351000,7060014930,4,train
hysets_14013000,7060014930,4,train
hysets_14018500,7060014930,4,train
hysets_14020000,7060014930,4,train
hysets_14020300,7060014930,4,train
hysets_14020850,7060014930,4,train
hysets_14038530,7060014930,4,train
hysets_14044000,7060014930,4,train
hysets_14046000,7060014930,4,train
hysets_14046500,7060014930,4,train
hysets_14048000,7060014930,4,train
hysets_14091500,7060014930,4,train
hysets_14093000,7060014930,4,train
hysets_14096850,7060014930,4,train
hysets_14097100,7060014930,4,train
hysets_14107000,7060014930,4,train
hysets_14111400,7060014930,4,train
hysets_14113000,7060014930,4,train
hysets_14137000,7060014930,4,train
hysets_14158500,7060014930,4,train
hysets_14159200,7060014930,4,train
hysets_14165000,7060014930,4,train
hysets_14171000,7060014930,4,train
hysets_14178000,7060014930,4,train
hysets_14182500,7060014930,4,train
hysets_14185000,7060014930,4,train
hysets_14185900,7060014930,4,train
hysets_14190500,7060014930,4,train
hysets_14197900,7060014930,4,train
hysets_14200000,7060014930,4,train
hysets_14201340,7060014930,4,train
hysets_14202000,7060014930,4,train
hysets_14211010,7060014930,4,train
hysets_14216000,7060014930,4,train
hysets_14216500,7060014930,4,train
hysets_14219000,7060014930,4,train
hysets_14222500,7060014930,4,train
hysets_14231000,7060014930,4,train
hysets_14231900,7060014930,4,train
hysets_14236200,7060014930,4,train
hysets_14242580,7060014930,4,train
hysets_14243000,7060014930,4,train
hysets_14301500,7060014530,4,train
hysets_14306500,7060014530,4,train
hysets_14307620,7060014530,4,train
hysets_14308000,7060014520,4,train
hysets_14309500,7060014520,4,train
hysets_14312000,7060014520,4,train
hysets_14316700,7060014520,4,train
hysets_14318000,7060014520,4,train
hysets_14319500,7060014520,4,train
hysets_14321000,7060014520,4,train
hysets_14325000,7060014440,2,train
hysets_14338000,7060014340,1,val
hysets_14375100,7060014340,1,val
hysets_394839104570300,7060047060,0,test
il_14120,2060000360,4,train
il_15120,2060000360,4,train
il_17110,2060000360,4,train
il_17117,2060000360,4,train
il_17135,2060000360,4,train
il_17155,2060000360,4,train
il_17162,2060000360,4,train
il_17164,2060000360,4,train
il_18125,2060000360,4,train
il_18131,2060000360,4,train
il_18150,2060000360,4,train
il_18178,2060000360,4,train
il_18180,2060000360,4,train
il_19130,2060000360,4,train
il_19160,2060000360,4,train
il_19178,2060000360,4,train
il_2105,2060000360,4,train
il_21105,2060000360,4,train
il_21120,2060000360,4,train
il_21130,2060000360,4,train
il_23103,2060000350,4,train
il_23105,2060000350,4,train
il_23134,2060000350,4,train
il_23150,2060000350,4,train
il_30124,2060085720,1,val
il_30131,2060085720,1,val
il_30165,2060085720,1,val
il_30170,2060085720,1,val
il_30175,2060085720,1,val
il_31110,2060085720,1,val
il_31115,2060085720,1,val
il_31155,2060085720,1,val
il_31160,2060085720,1,val
il_31163,2060085720,1,val
il_31165,2060085720,1,val
il_38175,2060085720,1,val
il_4110,2060000360,4,train
il_48125,2060085720,1,val
il_48130,2060085720,1,val
il_48185,2060085720,1,val
il_48192,2060085720,1,val
il_55106,2060085720,1,val
il_55140,2060085720,1,val
il_55165,2060085720,1,val
il_56140,2060085720,1,val
il_56150,2060085720,1,val
il_56164,2060085720,1,val
il_57125,2060085720,1,val
il_57130,2060085720,1,val
il_57160,2060085720,1,val
il_57165,2060085720,1,val
il_57180,2060085720,1,val
il_58150,2060085720,1,val
il_58175,2060085720,1,val
il_59185,2060085720,1,val
il_59195,2060085720,1,val
il_60105,2060084740,4,train
il_60110,2060084740,4,train
il_60140,2060084740,4,train
il_60190,2060084750,3,train
il_7105,2060000360,4,train
il_8146,2060000360,4,train
il_8155,2060000360,4,train
lamahice_15,2060058580,3,train
lamahice_20,2060059260,4,train
lamahice_56,2060058580,3,train
lamahice_64,2060058260,0,test
lamahice_86,2060059250,2,train
lamahice_96,2060059250,2,train
