gauge_id,dataset,n_observation_days,gauge_lat,gauge_lon,gauge_name,country,area,main_bas_id,group_id,fold,split_role
ausvic_230102,ausvic,2922,-37.6314,144.801,Deep Creek at Bulla,Australia,860.3485431419829,5060072670,3,3,train
ausvic_230200,ausvic,2922,-37.727706,144.836476,Maribyrnong River at Keilor,Australia,1306.0112053698558,5060072670,3,3,train
ausvic_230202,ausvic,2922,-37.583217,144.742036,Jacksons Creek at Sunbury,Australia,342.7511368305603,5060072670,3,3,train
ausvic_230206,ausvic,2922,-37.47537,144.572443,Jacksons Creek at Gisborne,Australia,90.95822667509152,5060072670,3,3,train
ausvic_230237,ausvic,2922,-37.6778,144.805,Maribyrnong River at Keilor North,Australia,1279.398597665061,5060072670,3,3,train
camels_01013500,camels,2921,47.23739,-68.58264,"Fish River near Fort Kent, Maine",United States of America,2297.683154625437,7060038320,1,1,val
camels_01022500,camels,2921,44.60797,-67.93524,"Narraguagus River at Cherryfield, Maine",United States of America,619.1025954030504,7060038340,4,4,train
camels_01030500,camels,2921,45.50097,-68.30596,"Mattawamkeag River near Mattawamkeag, Maine",United States of America,3666.943011361588,7060038810,1,1,val
camels_01031500,camels,2921,45.17501,-69.3147,"Piscataquis River near Dover-Foxcroft, Maine",United States of America,764.8241487847673,7060038810,1,1,val
camels_01047000,camels,2921,44.8692,-69.9551,"Carrabassett River near North Anson, Maine",United States of America,902.8950759161186,7060038980,2,2,train
camels_01052500,camels,2921,44.87739,-71.05749,"Diamond River near Wentworth Location, NH",United States of America,395.4449102166139,7060038980,2,2,train
camels_01054200,camels,2921,44.39044,-70.97964,"Wild River at Gilead, Maine",United States of America,180.83578258638576,7060038980,2,2,train
camels_01055000,camels,2921,44.64275,-70.58878,"Swift River near Roxbury, Maine",United States of America,250.42611656282844,7060038980,2,2,train
camels_01057000,camels,2921,44.30399,-70.53968,"Little Androscoggin River near South Paris, Maine",United States of America,197.42826356745337,7060038980,2,2,train
camels_01078000,camels,2921,43.56646,-71.74786,"SMITH RIVER NEAR BRISTOL, NH",United States of America,221.56128512151847,7060039160,1,1,val
camels_01121000,camels,2921,41.84371,-72.16897,"MOUNT HOPE RIVER NEAR WARRENVILLE, CT.",United States of America,94.39441250906812,7060039170,1,1,val
camels_01123000,camels,2921,41.67177,-72.0523,"LITTLE RIVER NEAR HANOVER, CT.",United States of America,83.9188028973241,7060039170,1,1,val
camels_01134500,camels,2921,44.51172,-71.83731,"MOOSE RIVER AT VICTORY, VT",United States of America,209.0953393912348,7060039620,3,3,train
camels_01137500,camels,2921,44.26867,-71.63036,"AMMONOOSUC RIVER AT BETHLEHEM JUNCTION, NH",United States of America,237.80740881227263,7060039620,3,3,train
camels_01139000,camels,2921,44.15034,-72.06509,"WELLS RIVER AT WELLS RIVER, VT",United States of America,258.98321178700803,7060039620,3,3,train
camels_01144000,camels,2921,43.71424,-72.41815,"WHITE RIVER AT WEST HARTFORD, VT",United States of America,1777.408716575921,7060039620,3,3,train
camels_01162500,camels,2921,42.68259,-72.11508,"PRIEST BROOK NEAR WINCHENDON, MA",United States of America,77.94575988334304,7060039620,3,3,train
camels_01169000,camels,2921,42.63842,-72.72509,"NORTH RIVER AT SHATTUCKVILLE, MA",United States of America,233.4531968528464,7060039620,3,3,train
camels_01181000,camels,2921,42.23731,-72.89565,"WEST BRANCH WESTFIELD RIVER AT HUNTINGTON, MA",United States of America,244.8619753135553,7060039620,3,3,train
camels_01187300,camels,2921,42.03732,-72.93899,"HUBBARD RIVER NR. WEST HARTLAND, CT.",United States of America,53.91775233256445,7060039620,3,3,train
camels_01333000,camels,2921,42.70897,-73.19677,"GREEN RIVER AT WILLIAMSTOWN, MA",United States of America,111.3226948261138,7060039870,3,3,train
camels_01350000,camels,2921,42.31953,-74.43654,SCHOHARIE CREEK AT PRATTSVILLE NY,United States of America,613.6460531564197,7060039870,3,3,train
camels_01350140,camels,2921,42.42897,-74.47293,MINE KILL NEAR NORTH BLENHEIM NY,United States of America,47.6733788326372,7060039870,3,3,train
camels_01365000,camels,2921,41.86648,-74.4871,RONDOUT CREEK NEAR LOWES CORNERS NY,United States of America,102.60286139533804,7060039870,3,3,train
camels_01413500,camels,2921,42.14481,-74.65349,EAST BR DELAWARE R AT MARGARETVILLE NY,United States of America,433.2357388128525,7060040360,1,1,val
camels_01423000,camels,2921,42.1662,-75.13989,WEST BRANCH DELAWARE RIVER AT WALTON NY,United States of America,860.7021764231342,7060040360,1,1,val
camels_01435000,camels,2921,41.89009,-74.58988,NEVERSINK RIVER NEAR CLARYVILLE NY,United States of America,183.20016283737263,7060040360,1,1,val
camels_01439500,camels,2921,41.08815,-75.03767,"Bush Kill at Shoemakers, PA",United States of America,305.7564933128151,7060040360,1,1,val
camels_01440000,camels,2921,41.10667,-74.95222,FLAT BROOK NEAR FLATBROOKVILLE NJ,United States of America,171.3682659950159,7060040360,1,1,val
camels_01440400,camels,2921,41.08481,-75.21462,"Brodhead Creek near Analomink, PA",United States of America,178.50330347885946,7060040360,1,1,val
camels_01510000,camels,2921,42.54118,-75.89964,OTSELIC RIVER AT CINCINNATUS NY,United States of America,382.2670187873862,7060041050,4,4,train
camels_01532000,camels,2921,41.70702,-76.48467,"Towanda Creek near Monroeton, PA",United States of America,556.0260153812195,7060041050,4,4,train
camels_01539000,camels,2921,41.07814,-76.43106,"Fishing Creek near Bloomsburg, PA",United States of America,704.16963631742,7060041050,4,4,train
camels_01543000,camels,2921,41.4134,-78.19695,"Driftwood Br Sinnemahoning Cr at Sterling Run, PA",United States of America,703.7449939247832,7060041050,4,4,train
camels_01543500,camels,2921,41.31728,-78.10306,"Sinnemahoning Creek at Sinnemahoning, PA",United States of America,1776.5907215025363,7060041050,4,4,train
camels_01547700,camels,2921,41.05951,-77.60583,"Marsh Creek at Blanchard, PA",United States of America,115.04463573920911,7060041050,4,4,train
camels_01548500,camels,2921,41.52174,-77.44748,"Pine Creek at Cedar Run, PA",United States of America,1555.2262672071736,7060041050,4,4,train
camels_01550000,camels,2921,41.41841,-77.03275,"Lycoming Creek near Trout Run, PA",United States of America,455.6402648267032,7060041050,4,4,train
camels_01552000,camels,2921,41.32508,-76.91246,"Loyalsock Creek at Loyalsockville, PA",United States of America,1127.7016317397213,7060041050,4,4,train
camels_01567500,camels,2921,40.37092,-77.40221,"Bixler Run near Loysville, PA",United States of America,39.559773818841926,7060041050,4,4,train
camels_01568000,camels,2921,40.32342,-77.16887,"Sherman Creek at Shermans Dale, PA",United States of America,535.8875182816188,7060041050,4,4,train
camels_01580000,camels,2921,39.62997,-76.40331,"DEER CREEK AT ROCKS, MD",United States of America,246.85030431714912,7060041050,4,4,train
camels_01591400,camels,2921,39.25597,-77.05106,"CATTAIL CREEK NEAR GLENWOOD, MD",United States of America,59.55746967875565,7060041060,1,1,val
camels_01596500,camels,2921,39.57006,-79.10194,"SAVAGE RIVER NEAR BARTON, MD",United States of America,127.61017609705344,7060041400,1,1,val
camels_01605500,camels,2921,38.63567,-79.33782,"SOUTH BRANCH POTOMAC RIVER AT FRANKLIN, WV",United States of America,474.1732416558583,7060041400,1,1,val
camels_01606500,camels,2921,38.99122,-79.17587,"SO. BRANCH POTOMAC RIVER NR PETERSBURG, WV",United States of America,1685.174708203916,7060041400,1,1,val
camels_01620500,camels,2921,38.33763,-79.24004,"NORTH RIVER NEAR STOKESVILLE, VA",United States of America,61.1271778964823,7060041400,1,1,val
camels_01632000,camels,2921,38.63706,-78.8528,"N F SHENANDOAH RIVER AT COOTES STORE, VA",United States of America,546.7043874876955,7060041400,1,1,val
camels_01632900,camels,2921,38.69345,-78.64279,"SMITH CREEK NEAR NEW MARKET, VA",United States of America,248.8236103366676,7060041400,1,1,val
camels_01634500,camels,2921,39.08122,-78.32945,"CEDAR CREEK NEAR WINCHESTER, VA",United States of America,264.22677990433743,7060041400,1,1,val
camels_01638480,camels,2921,39.25455,-77.57638,"CATOCTIN CREEK AT TAYLORSTOWN, VA",United States of America,233.58728921187063,7060041400,1,1,val
camels_01639500,camels,2921,39.61236,-77.23744,"BIG PIPE CREEK AT BRUCEVILLE, MD",United States of America,266.9608884014904,7060041400,1,1,val
camels_01644000,camels,2921,39.01955,-77.57749,"GOOSE CREEK NEAR LEESBURG, VA",United States of America,858.8115964401188,7060041400,1,1,val
camels_01658500,camels,2921,38.58734,-77.4286,"S F QUANTICO CREEK NEAR INDEPENDENT HILL, VA",United States of America,23.78267929842358,7060041410,4,4,train
camels_01664000,camels,2921,38.53068,-77.8136,"RAPPAHANNOCK RIVER AT REMINGTON, VA",United States of America,1603.511552246232,7060041650,2,2,train
camels_01666500,camels,2921,38.32513,-78.09556,"ROBINSON RIVER NEAR LOCUST DALE, VA",United States of America,465.63800808525497,7060041650,2,2,train
camels_01667500,camels,2921,38.35041,-77.975,"RAPIDAN RIVER NEAR CULPEPER, VA",United States of America,1209.9189442442723,7060041650,2,2,train
camels_01669000,camels,2921,37.87708,-76.90052,"PISCATAWAY CREEK NEAR TAPPAHANNOCK, VA",United States of America,75.19450209100698,7060041660,0,0,test
camels_01669520,camels,2921,37.63375,-76.69635,"DRAGON SWAMP AT MASCOT, VA",United States of America,277.31652258059023,7060041660,0,0,test
camels_02011460,camels,2921,38.2454,-79.76866,"BACK CREEK NEAR SUNRISE, VA",United States of America,235.3075158235496,7060041900,3,3,train
camels_02013000,camels,2921,37.8029,-80.047,"DUNLAP CREEK NEAR COVINGTON, VA",United States of America,436.0761479531383,7060041900,3,3,train
camels_02014000,camels,2921,37.72901,-80.04228,"POTTS CREEK NEAR COVINGTON, VA",United States of America,396.9886817364013,7060041900,3,3,train
camels_02015700,camels,2921,38.1954,-79.57032,"BULLPASTURE RIVER AT WILLIAMSVILLE, VA",United States of America,286.377206711085,7060041900,3,3,train
camels_02016000,camels,2921,37.7918,-79.75949,"COWPASTURE RIVER NEAR CLIFTON FORGE, VA",United States of America,1193.9665626251322,7060041900,3,3,train
camels_02017500,camels,2921,37.50624,-80.10671,"JOHNS CREEK AT NEW CASTLE, VA",United States of America,285.2584061790841,7060041900,3,3,train
camels_02018000,camels,2921,37.66596,-79.91144,"CRAIG CREEK AT PARR, VA",United States of America,851.702188085878,7060041900,3,3,train
camels_02027000,camels,2921,37.71542,-78.98169,"TYE RIVER NEAR LOVINGSTON, VA",United States of America,241.3288601362962,7060041900,3,3,train
camels_02027500,camels,2921,37.70236,-79.02752,"PINEY RIVER AT PINEY RIVER, VA",United States of America,127.91280687579092,7060041900,3,3,train
camels_02028500,camels,2921,37.86959,-78.82335,"ROCKFISH RIVER NEAR GREENFIELD, VA",United States of America,246.2660867611635,7060041900,3,3,train
camels_02046000,camels,2921,37.06709,-77.60249,"STONY CREEK NEAR DINWIDDIE, VA",United States of America,290.9140450533884,7060042240,3,3,train
camels_02051000,camels,2921,36.99737,-78.34972,"NORTH MEHERRIN RIVER NEAR LUNENBURG, VA",United States of America,144.77947681539155,7060042240,3,3,train
camels_02053200,camels,2921,36.37083,-77.02556,"POTECASI CREEK NEAR UNION, NC",United States of America,581.3053451495236,7060042240,3,3,train
camels_02053800,camels,2921,37.14013,-80.26643,"S F ROANOKE RIVER NEAR SHAWSVILLE, VA",United States of America,288.2974137844979,7060042310,2,2,train
camels_02056900,camels,2921,37.04514,-79.8442,"BLACKWATER RIVER NEAR ROCKY MOUNT, VA",United States of America,299.1927680597534,7060042310,2,2,train
camels_02059500,camels,2921,37.1732,-79.52031,"GOOSE CREEK NEAR HUDDLESTON, VA",United States of America,486.233295296614,7060042310,2,2,train
camels_02065500,camels,2921,37.07931,-78.76362,"CUB CREEK AT PHENIX, VA",United States of America,252.68247264705124,7060042310,2,2,train
camels_02070000,camels,2921,36.56819,-79.98726,"NORTH MAYO RIVER NEAR SPENCER, VA",United States of America,278.8594483823663,7060042310,2,2,train
camels_02074500,camels,2921,36.61958,-79.50419,"SANDY RIVER NEAR DANVILLE, VA",United States of America,288.7365980354291,7060042310,2,2,train
camels_02081500,camels,2921,36.19417,-78.58306,"TAR RIVER NEAR TAR RIVER, NC",United States of America,432.9701566804801,7060042320,4,4,train
camels_02082950,camels,2921,36.18333,-77.87611,"LITTLE FISHING CREEK NEAR WHITE OAK, NC",United States of America,461.3815003788304,7060042320,4,4,train
camels_02092500,camels,2921,35.06417,-77.46139,"TRENT RIVER NEAR TRENTON, NC",United States of America,435.0607834710876,7060042750,0,0,test
camels_02102908,camels,2921,35.18278,-79.1775,"FLAT CREEK NEAR INVERNESS, NC",United States of America,20.187180738717178,7060042940,3,3,train
camels_02111500,camels,2921,36.175,-81.16889,"REDDIES RIVER AT NORTH WILKESBORO, NC",United States of America,233.1074098350376,7060043090,3,3,train
camels_02137727,camels,2921,35.68583,-82.06028,"CATAWBA R NR PLEASANT GARDENS, NC",United States of America,329.0155921326665,7060043160,4,4,train
camels_02140991,camels,2921,35.83361,-81.71194,"JOHNS RIVER AT ARNEYS STORE, NC",United States of America,522.0718824939519,7060043160,4,4,train
camels_02143000,camels,2921,35.68444,-81.40333,"HENRY FORK NEAR HENRY RIVER, NC",United States of America,222.233644145876,7060043160,4,4,train
camels_02149000,camels,2921,35.42345,-82.1115,"COVE CREEK NEAR LAKE LURE, NC",United States of America,203.8105282244164,7060043160,4,4,train
camels_02152100,camels,2921,35.49306,-81.68222,"FIRST BROAD RIVER NEAR CASAR, NC",United States of America,156.46353080435964,7060043160,4,4,train
camels_02177000,camels,2921,34.81398,-83.30599,"CHATTOOGA RIVER NEAR CLAYTON, GA",United States of America,527.1908358961526,7060043500,2,2,train
camels_02178400,camels,2921,34.89037,-83.53044,"TALLULAH RIVER NEAR CLAYTON, GA",United States of America,152.14591067658864,7060043500,2,2,train
camels_02196000,camels,2921,33.7293,-82.18179,"STEVENS CREEK NEAR MODOC, SC",United States of America,1408.8174300202145,7060043500,2,2,train
camels_02198100,camels,2921,32.93766,-81.81539,"BEAVERDAM CREEK NEAR SARDIS, GA",United States of America,79.76679490637363,7060043500,2,2,train
camels_02202600,camels,2921,32.16798,-81.48817,"BLACK CREEK NEAR BLITCHTON, GA",United States of America,623.906680673049,7060043510,4,4,train
camels_02212600,camels,2921,33.09985,-83.72351,"FALLING CREEK NEAR JULIETTE, GA",United States of America,190.0972017921721,7060043640,4,4,train
camels_02215100,camels,2921,32.23944,-83.50167,"TUCSAWHATCHEE CREEK NEAR HAWKINSVILLE, GA",United States of America,425.9978030144635,7060043640,4,4,train
camels_02221525,camels,2921,33.25236,-83.48128,"MURDER CREEK BELOW EATONTON, GA",United States of America,493.762632113246,7060043640,4,4,train
camels_02231000,camels,2921,30.35885,-82.0815,"ST. MARYS RIVER NR MACCLENNY, FLA.",United States of America,1858.8013173587533,7060043650,3,3,train
camels_02231342,camels,2921,27.56865,-80.79617,"FT DRUM CREEK AT SUNSHINE ST PKY NEAR FT DRUM, FL",United States of America,194.25325394806805,7060043860,2,2,train
camels_02235200,camels,2921,28.87453,-81.48938,"BLACKWATER CREEK NEAR CASSIA, FL",United States of America,300.9304201512397,7060043860,2,2,train
camels_02246000,camels,2921,30.1133,-81.90649,"NORTH FORK BLACK CREEK NR MIDDLEBURG, FLA.",United States of America,451.68172230371664,7060043860,2,2,train
camels_02296500,camels,2921,27.37504,-81.79647,CHARLIE CREEK NEAR GARDNER FL,United States of America,893.9992741543153,7060044860,1,1,val
camels_02297310,camels,2921,27.19949,-81.98842,HORSE CREEK NEAR ARCADIA FL,United States of America,537.9104605238318,7060044860,1,1,val
camels_02298123,camels,2921,27.052,-81.78453,PRAIRIE CREEK NEAR FORT OGDEN FL,United States of America,541.9983226859208,7060044860,1,1,val
camels_02298608,camels,2921,27.34366,-82.15676,MYAKKA RIVER AT MYAKKA CITY FL,United States of America,314.3976336707859,7060044870,1,1,val
camels_02300700,camels,2921,27.79197,-82.35204,BULLFROG CREEK NEAR WIMAUMA FL,United States of America,85.97495241479606,7060044870,1,1,val
camels_02314500,camels,2921,30.68056,-82.56056,"SUWANNEE RIVER AT US 441, AT FARGO, GA",United States of America,2811.062565362304,7060045480,1,1,val
camels_02315500,camels,2921,30.32578,-82.73818,"SUWANNEE RIVER AT WHITE SPRINGS, FLA.",United States of America,5921.059561630095,7060045480,1,1,val
camels_02324400,camels,2921,30.09827,-83.47181,"FENHOLLOWAY RIVER NEAR FOLEY, FLA.",United States of America,210.41445360360217,7060045490,2,2,train
camels_02349900,camels,2921,32.19556,-83.90222,"TURKEY CREEK AT BYROMVILLE, GA",United States of America,124.4304297028274,7060045890,2,2,train
camels_02350900,camels,2921,31.76444,-84.25333,"KINCHAFOONEE CREEK NEAR DAWSON, GA",United States of America,1366.4415438576436,7060045890,2,2,train
camels_02361000,camels,2921,31.34295,-85.61049,"CHOCTAWHATCHEE RIVER NEAR NEWTON, AL.",United States of America,1780.6193970055326,7060046130,2,2,train
camels_02363000,camels,2921,31.59489,-85.783,PEA RIVER NEAR ARITON AL,United States of America,1293.706711347575,7060046130,2,2,train
camels_02369800,camels,2921,31.02768,-86.70996,BLACKWATER RIVER NEAR BRADLEY AL,United States of America,231.2577675964164,7060046330,2,2,train
camels_02371500,camels,2921,31.5735,-86.25162,CONECUH RIVER AT BRANTLEY AL,United States of America,1258.8959600965095,7060046390,1,1,val
camels_02372250,camels,2921,31.59627,-86.40552,PATSALIGA CREEK NEAR BRANTLEY AL,United States of America,1146.0558093569953,7060046390,1,1,val
camels_02374500,camels,2921,31.4185,-86.98664,MURDER CREEK NEAR EVERGREEN AL,United States of America,458.7703589559312,7060046390,1,1,val
camels_02395120,camels,2921,34.24278,-84.88972,"TWO RUN CREEK NEAR KINGSTON, GA",United States of America,85.2181117021181,7060046590,3,3,train
camels_02408540,camels,2921,32.91679,-86.27025,HATCHET CREEK BELOW ROCKFORD AL,United States of America,684.0331216016301,7060046590,3,3,train
camels_02427250,camels,2921,31.99626,-87.06832,"PINE BARREN CREEK NEAR SNOW HILL, AL.",United States of America,681.1617039242551,7060046590,3,3,train
camels_02450250,camels,2921,34.28538,-87.39891,SIPSEY FORK NEAR GRAYSON AL,United States of America,242.38624690478304,7060046590,3,3,train
camels_02464000,camels,2921,33.47928,-87.59723,NORTH RIVER NEAR SAMANTHA AL,United States of America,582.2727774141343,7060046590,3,3,train
camels_02465493,camels,2921,32.99735,-87.62223,ELLIOTTS CREEK AT MOUNDVILLE AL,United States of America,86.6014053473557,7060046590,3,3,train
camels_02469800,camels,2921,31.74432,-88.02251,SATILPA CREEK NEAR COFFEEVILLE AL,United States of America,423.5375952308031,7060046590,3,3,train
camels_02479300,camels,2921,30.73611,-88.78111,"RED CREEK AT VESTRY, MS",United States of America,1154.3192118841937,7060046600,3,3,train
camels_02481510,camels,2921,30.48361,-89.27444,"WOLF RIVER NR LANDON, MS",United States of America,802.2992439119722,7060046790,1,1,val
camels_03010655,camels,2921,41.96173,-78.19807,"Oswayo Creek at Shinglehouse, PA",United States of America,254.65933771193843,7060047060,0,0,test
camels_03015500,camels,2921,41.85256,-79.31727,"Brokenstraw Creek at Youngsville, PA",United States of America,830.3203780196909,7060047060,0,0,test
camels_03021350,camels,2921,42.01533,-79.78255,"French Creek near Wattsburg, PA",United States of America,248.34596502559185,7060047060,0,0,test
camels_03026500,camels,2921,41.63117,-78.57669,"Sevenmile Run near Rasselas, PA",United States of America,20.27469159185711,7060047060,0,0,test
camels_03049800,camels,2921,40.52035,-79.93811,"Little Pine Creek near Etna, PA",United States of America,16.04909579362564,7060047060,0,0,test
camels_03050000,camels,2921,38.80927,-79.88173,"TYGART VALLEY RIVER NEAR DAILEY, WV",United States of America,489.0865581310839,7060047060,0,0,test
camels_03066000,camels,2921,39.12705,-79.46838,"BLACKWATER R AT DAVIS, WV",United States of America,224.8394193036125,7060047060,0,0,test
camels_03069500,camels,2921,39.12288,-79.68117,"CHEAT RIVER NEAR PARSONS, WV",United States of America,1851.584563924462,7060047060,0,0,test
camels_03070500,camels,2921,39.61564,-79.70477,"BIG SANDY CREEK AT ROCKVILLE, WV",United States of America,517.932839103192,7060047060,0,0,test
camels_03076600,camels,2921,39.65614,-79.39411,"BEAR CREEK AT FRIENDSVILLE, MD",United States of America,128.07037176889028,7060047060,0,0,test
camels_03078000,camels,2921,39.70219,-79.13639,"CASSELMAN RIVER AT GRANTSVILLE, MD",United States of America,165.0626320363916,7060047060,0,0,test
camels_03140000,camels,2921,40.36285,-81.86236,Mill Creek near Coshocton OH,United States of America,71.31633418778175,7060047060,0,0,test
camels_03144000,camels,2921,40.13257,-82.14792,Wakatomika Creek near Frazeysburg OH,United States of America,364.688831529089,7060047060,0,0,test
camels_03159540,camels,2921,39.06369,-81.8818,Shade River near Chester OH,United States of America,400.3036706154372,7060047060,0,0,test
camels_03161000,camels,2921,36.39333,-81.40694,"SOUTH FORK NEW RIVER NEAR JEFFERSON, NC",United States of America,533.493945472224,7060047060,0,0,test
camels_03164000,camels,2921,36.64735,-80.97897,"NEW RIVER NEAR GALAX, VA",United States of America,2963.305976920179,7060047060,0,0,test
camels_03170000,camels,2921,37.03763,-80.55672,"LITTLE RIVER AT GRAYSONTOWN, VA",United States of America,800.0121855125166,7060047060,0,0,test
camels_03173000,camels,2921,37.26818,-80.70951,"WALKER CREEK AT BANE, VA",United States of America,775.7652905163629,7060047060,0,0,test
camels_03180500,camels,2921,38.54373,-79.83312,"GREENBRIER RIVER AT DURBIN, WV",United States of America,346.14957464623893,7060047060,0,0,test
camels_03182500,camels,2921,38.18595,-80.13062,"GREENBRIER RIVER AT BUCKEYE, WV",United States of America,1364.2032285559424,7060047060,0,0,test
camels_03186500,camels,2921,38.379,-80.48397,"WILLIAMS RIVER AT DYER, WV",United States of America,331.5481426604806,7060047060,0,0,test
camels_03187500,camels,2921,38.29539,-80.52648,"CRANBERRY RIVER NEAR RICHWOOD, WV",United States of America,207.8761915413909,7060047060,0,0,test
camels_03213700,camels,2921,37.67316,-82.28014,"TUG FORK AT WILLIAMSON, WV",United States of America,2429.653575437966,7060047060,0,0,test
camels_03237500,camels,2921,38.80368,-83.42102,Ohio Brush Creek near West Union OH,United States of America,1000.4353487789718,7060047060,0,0,test
camels_03241500,camels,2921,39.72284,-83.88271,Massies Creek at Wilberforce OH,United States of America,173.0365135934899,7060047060,0,0,test
camels_03280700,camels,2921,37.16509,-83.30796,"CUTSHIN CREEK AT WOOTON, KY",United States of America,158.71500443056064,7060047060,0,0,test
camels_03281100,camels,2921,37.15203,-83.7602,"GOOSE CREEK AT MANCHESTER, KY",United States of America,425.1880115888037,7060047060,0,0,test
camels_03285000,camels,2921,37.64202,-84.66078,"DIX RIVER NEAR DANVILLE, KY",United States of America,823.1202671292644,7060047060,0,0,test
camels_03300400,camels,2921,37.83284,-85.29607,"BEECH FORK AT MAUD, KY",United States of America,1128.3199875704952,7060047060,0,0,test
camels_03340800,camels,2921,39.81255,-86.9539,BIG RACCOON CREEK NEAR FINCASTLE IND,United States of America,363.1293212034208,7060047060,0,0,test
camels_03346000,camels,2921,39.01004,-87.94559,"NORTH FORK EMBARRAS RIVER NEAR OBLONG, IL",United States of America,828.1884460926823,7060047060,0,0,test
camels_03364500,camels,2921,39.27477,-85.70165,"CLIFTY CREEK AT HARTSVILLE, IN",United States of America,242.0094029157117,7060047060,0,0,test
camels_03366500,camels,2921,38.80422,-85.67386,"MUSCATATUCK RIVER NEAR DEPUTY, IN",United States of America,762.0792350202614,7060047060,0,0,test
camels_03439000,camels,2921,35.14333,-82.82472,"FRENCH BROAD RIVER AT ROSMAN, NC",United States of America,177.99471516630686,7060047060,0,0,test
camels_03450000,camels,2921,35.65306,-82.40528,"BEETREE CREEK NEAR SWANNANOA, NC",United States of America,14.167080324843209,7060047060,0,0,test
camels_03455500,camels,2921,35.39611,-82.9375,"W F PIGEON R ABOVE LAKE LOGAN NR HAZELWOOD, NC",United States of America,71.27697772631896,7060047060,0,0,test
camels_03456500,camels,2921,35.46167,-82.86972,"EAST FORK PIGEON RIVER NEAR CANTON, NC",United States of America,137.3849343536078,7060047060,0,0,test
camels_03460000,camels,2921,35.6675,-83.07361,"CATALOOCHEE CREEK NEAR CATALOOCHEE, NC",United States of America,127.82617851828208,7060047060,0,0,test
camels_03463300,camels,2921,35.83151,-82.18429,"SOUTH TOE RIVER NEAR CELO, NC",United States of America,113.33924498043142,7060047060,0,0,test
camels_03471500,camels,2921,36.76039,-81.63123,"S F HOLSTON RIVER AT RIVERSIDE NR CHILHOWIE, VA",United States of America,198.06881786926527,7060047060,0,0,test
camels_03473000,camels,2921,36.65178,-81.84401,"S F HOLSTON RIVER NEAR DAMASCUS, VA",United States of America,783.9928225173128,7060047060,0,0,test
camels_03479000,camels,2921,36.23917,-81.82222,"WATAUGA RIVER NEAR SUGAR GROVE, NC",United States of America,237.785107358006,7060047060,0,0,test
camels_03488000,camels,2921,36.89678,-81.74623,"N F HOLSTON RIVER NEAR SALTVILLE, VA",United States of America,573.5820202135839,7060047060,0,0,test
camels_03498500,camels,2921,35.78562,-83.8846,"LITTLE RIVER NEAR MARYVILLE, TN",United States of America,700.5084177752941,7060047060,0,0,test
camels_03500000,camels,2921,35.15,-83.37972,"LITTLE TENNESSEE RIVER NEAR PRENTISS, NC",United States of America,362.368077812074,7060047060,0,0,test
camels_03504000,camels,2921,35.1275,-83.61861,"NANTAHALA RIVER NEAR RAINBOW SPRINGS, NC",United States of America,134.42979986405592,7060047060,0,0,test
camels_03574500,camels,2921,34.62425,-86.30637,PAINT ROCK RIVER NEAR WOODVILLE AL,United States of America,859.7353908387481,7060047060,0,0,test
camels_03604000,camels,2921,35.49591,-87.8328,"BUFFALO RIVER NEAR FLAT WOODS, TN",United States of America,1163.6659321380396,7060047060,0,0,test
camels_04015330,camels,2921,46.94688,-91.7924,"KNIFE RIVER NEAR TWO HARBORS, MN",United States of America,225.08905497032336,7060034520,4,4,train
camels_04024430,camels,2921,46.63327,-92.09408,"NEMADJI RIVER NEAR SOUTH SUPERIOR, WI",United States of America,1092.1299380979765,7060034520,4,4,train
camels_04027000,camels,2921,46.48661,-90.6963,"BAD RIVER NEAR ODANAH, WI",United States of America,1542.647578188397,7060034520,4,4,train
camels_04040500,camels,2921,46.58411,-88.57597,"STURGEON RIVER NEAR SIDNAW, MI",United States of America,420.7243829354853,7060034520,4,4,train
camels_04043050,camels,2921,47.22854,-88.38539,"TRAP ROCK RIVER NEAR LAKE LINDEN, MI",United States of America,76.64554188318176,7060034520,4,4,train
camels_04045500,camels,2921,46.57502,-85.26955,"TAHQUAMENON RIVER NEAR PARADISE, MI",United States of America,1962.8259916350248,7060034520,4,4,train
camels_04056500,camels,2921,46.03053,-86.16125,"MANISTIQUE RIVER NEAR MANISTIQUE, MI",United States of America,2975.893965897814,7060034520,4,4,train
camels_04059500,camels,2921,45.75552,-87.20152,"FORD RIVER NEAR HYDE, MI",United States of America,1185.8747259806312,7060034520,4,4,train
camels_04063700,camels,2921,45.76357,-88.46318,"POPPLE RIVER NEAR FENCE, WI",United States of America,370.3060350577837,7060034520,4,4,train
camels_04074950,camels,2921,45.18997,-88.73344,"WOLF RIVER AT LANGLADE, WI",United States of America,1213.438569784781,7060034520,4,4,train
camels_04105700,camels,2921,42.35337,-85.35389,"AUGUSTA CREEK NEAR AUGUSTA, MI",United States of America,100.65244279869948,7060034520,4,4,train
camels_04115265,camels,2921,43.24976,-84.98113,"FISH CREEK NEAR CRYSTAL, MI",United States of America,95.97745574805658,7060034520,4,4,train
camels_04122200,camels,2921,43.46418,-86.23257,"WHITE RIVER NEAR WHITEHALL, MI",United States of America,1020.7926795003784,7060034520,4,4,train
camels_04122500,camels,2921,43.94501,-86.27869,"PERE MARQUETTE RIVER AT SCOTTVILLE, MI",United States of America,1797.4376166945633,7060034520,4,4,train
camels_04127997,camels,2921,45.27446,-84.60003,"STURGEON RIVER AT WOLVERINE, MI",United States of America,503.0281902610567,7060034520,4,4,train
camels_04185000,camels,2921,41.5045,-84.42967,Tiffin River at Stryker OH,United States of America,1062.931226989935,7060034520,4,4,train
camels_04196800,camels,2921,40.92283,-83.34881,Tymochtee Creek at Crawford OH,United States of America,607.6359600190913,7060034520,4,4,train
camels_04197170,camels,2921,41.11367,-83.16825,Rock Creek at Tiffin OH,United States of America,95.91339724921868,7060034520,4,4,train
camels_04213000,camels,2921,41.927,-80.60397,Conneaut Creek at Conneaut OH,United States of America,465.42718678923023,7060034520,4,4,train
camels_04213075,camels,2921,41.992,-80.29117,"Brandy Run near Girard, PA",United States of America,11.927396118594029,7060034520,4,4,train
camels_04216418,camels,2921,42.86395,-78.28363,TONAWANDA CREEK AT ATTICA NY,United States of America,196.7166625702857,7060034520,4,4,train
camels_04221000,camels,2921,42.12229,-77.95722,GENESEE RIVER AT WELLSVILLE NY,United States of America,750.2245428988301,7060034520,4,4,train
camels_04224775,camels,2921,42.53562,-77.70416,CANASERAGA CREEK ABOVE DANSVILLE NY,United States of America,231.9866968503072,7060034520,4,4,train
camels_04256000,camels,2921,43.74729,-75.33435,INDEPENDENCE RIVER AT DONNATTSBURG NY,United States of America,237.6104619346117,7060034520,4,4,train
camels_04296000,camels,2921,44.86894,-72.2701,"BLACK RIVER AT COVENTRY, VT",United States of America,300.2797017437608,7060034520,4,4,train
camels_05056000,camels,2921,47.80555,-98.71622,"SHEYENNE RIVER NR WARWICK, ND",United States of America,5632.076778853513,7060022240,3,3,train
camels_05057000,camels,2921,47.43277,-98.0276,"SHEYENNE RIVER NR COOPERSTOWN, ND",United States of America,8113.276774169856,7060022240,3,3,train
camels_05057200,camels,2921,47.22916,-98.12482,"BALDHILL CREEK NR DAZEY, ND",United States of America,1895.4862619276416,7060022240,3,3,train
camels_05062500,camels,2921,47.26663,-96.24478,"WILD RICE RIVER AT TWIN VALLEY, MN",United States of America,2429.2948089687006,7060022240,3,3,train
camels_05129115,camels,2921,48.26463,-92.56599,"VERMILION RIVER NR CRANE LAKE, MN",United States of America,2367.244942822665,7060022240,3,3,train
camels_05131500,camels,2921,48.39578,-93.54933,"LITTLE FORK RIVER AT LITTLEFORK, MN",United States of America,4331.032111372349,7060022240,3,3,train
camels_05291000,camels,2921,45.29163,-96.48756,"WHETSTONE RIVER NEAR BIG STONE CITY, SD",United States of America,1056.5065992820462,7060047060,0,0,test
camels_05362000,camels,2921,45.30803,-90.95652,"JUMP RIVER AT SHELDON, WI",United States of America,1490.6487538461022,7060047060,0,0,test
camels_05393500,camels,2921,45.44913,-89.97931,"SPIRIT RIVER AT SPIRIT FALLS, WI",United States of America,225.44705163970497,7060047060,0,0,test
camels_05399500,camels,2921,44.82191,-90.07958,"BIG EAU PLEINE RIVER AT STRATFORD, WI",United States of America,577.590964447684,7060047060,0,0,test
camels_05408000,camels,2921,43.57414,-90.64319,"KICKAPOO RIVER AT LA FARGE, WI",United States of America,688.797699288965,7060047060,0,0,test
camels_05412500,camels,2921,42.73999,-91.2618,"Turkey River at Garber, IA",United States of America,4019.3154365138057,7060047060,0,0,test
camels_05413500,camels,2921,42.72027,-90.81929,"GRANT RIVER AT BURTON, WI",United States of America,709.3452066920611,7060047060,0,0,test
camels_05414000,camels,2921,42.7311,-90.64041,"PLATTE RIVER NEAR ROCKVILLE, WI",United States of America,368.0369751790782,7060047060,0,0,test
camels_05444000,camels,2921,41.90281,-89.69622,"ELKHORN CREEK NEAR PENROSE, IL",United States of America,376.60071293338245,7060047060,0,0,test
camels_05454000,camels,2921,41.70002,-91.48767,"Rapid Creek near Iowa City, IA",United States of America,68.37554441516757,7060047060,0,0,test
camels_05458000,camels,2921,43.03328,-92.50354,"Little Cedar River near Ionia, IA",United States of America,782.2269217795051,7060047060,0,0,test
camels_05466500,camels,2921,41.18698,-90.96737,"EDWARDS RIVER NEAR NEW BOSTON, IL",United States of America,1162.4576036129297,7060047060,0,0,test
camels_05487980,camels,2921,41.24688,-93.26607,"White Breast Creek near Dallas, IA",United States of America,876.8676233514409,7060047060,0,0,test
camels_05489000,camels,2921,41.219,-92.90853,"Cedar Creek near Bussey, IA",United States of America,973.8712396827482,7060047060,0,0,test
camels_05501000,camels,2921,39.81799,-91.5177,"North River at Palmyra, MO",United States of America,928.6767786703026,7060047060,0,0,test
camels_05508805,camels,2921,39.52046,-91.34275,"Spencer Cr. bl Plum Cr. nr Frankford, MO",United States of America,536.1008000324307,7060047060,0,0,test
camels_05514500,camels,2921,39.0088,-90.97754,"CUIVRE RIVER NEAR TROY, MO",United States of America,2408.2878039421853,7060047060,0,0,test
camels_05525500,camels,2921,40.63004,-87.72392,"SUGAR CREEK AT MILFORD, IL",United States of America,1156.4274109515293,7060047060,0,0,test
camels_05556500,camels,2921,41.36587,-89.49843,"BIG BUREAU CREEK AT PRINCETON, IL",United States of America,506.2491490517461,7060047060,0,0,test
camels_05584500,camels,2921,40.33032,-90.89624,"LA MOINE RIVER AT COLMAR, IL",United States of America,1708.911306912969,7060047060,0,0,test
camels_05585000,camels,2921,40.02477,-90.63179,"LA MOINE RIVER AT RIPLEY, IL",United States of America,3366.207541069375,7060047060,0,0,test
camels_05592050,camels,2921,39.40587,-88.89646,"ROBINSON CREEK NEAR SHELBYVILLE, IL",United States of America,260.37463493829057,7060047060,0,0,test
camels_05593575,camels,2921,38.44172,-89.41675,"LITTLE CROOKED CREEK NEAR NEW MINDEN, IL",United States of America,220.60017073506887,7060047060,0,0,test
camels_05595730,camels,2921,38.25394,-89.03979,"RAYSE CREEK NEAR WALTONVILLE, IL",United States of America,233.030773025948,7060047060,0,0,test
camels_06037500,camels,2921,44.65687,-111.06827,Madison River near West Yellowstone MT,United States of America,1125.1211688378403,7060047060,0,0,test
camels_06043500,camels,2921,45.49743,-111.27051,Gallatin River near Gallatin Gateway MT,United States of America,2116.029689893054,7060047060,0,0,test
camels_06188000,camels,2921,44.92772,-110.39381,"LAMAR RIVER NR TOWER FALLS RANGER STATION, YNP",United States of America,1726.6558786596588,7060047060,0,0,test
camels_06191500,camels,2921,45.11188,-110.79438,Yellowstone River at Corwin Springs MT,United States of America,6793.097713186935,7060047060,0,0,test
camels_06221400,camels,2921,43.34551,-109.41014,"DINWOODY CREEK ABOVE LAKES, NEAR BURRIS, WYO.",United States of America,231.46101170566303,7060047060,0,0,test
camels_06224000,camels,2921,43.1769,-109.20291,"BULL LAKE CREEK ABOVE BULL LAKE, WY",United States of America,484.7675348183698,7060047060,0,0,test
camels_06289000,camels,2921,45.00691,-107.61509,Little Bighorn River at State Line nr Wyola MT,United States of America,471.1037957693612,7060047060,0,0,test
camels_06332515,camels,2921,47.78724,-102.76853,"BEAR DEN CREEK NR MANDAREE, ND",United States of America,191.17437457776285,7060047060,0,0,test
camels_06339100,camels,2921,47.23613,-102.76991,"KNIFE RIVER AT MANNING, ND",United States of America,528.2812277528319,7060047060,0,0,test
camels_06339500,camels,2921,47.15445,-102.05989,"KNIFE RIVER NR GOLDEN VALLEY, ND",United States of America,3153.063153377629,7060047060,0,0,test
camels_06350000,camels,2921,46.42667,-102.55183,"CANNONBALL RIVER AT REGENT, ND",United States of America,1502.923592036562,7060047060,0,0,test
camels_06352000,camels,2921,46.15417,-102.47405,"CEDAR CREEK NR HAYNES, ND",United States of America,1439.3396849192304,7060047060,0,0,test
camels_06353000,camels,2921,46.09167,-101.33374,"CEDAR CREEK NR RALEIGH, ND",United States of America,4593.526217606494,7060047060,0,0,test
camels_06354000,camels,2921,46.37611,-100.93444,"CANNONBALL RIVER AT BREIEN, ND",United States of America,10600.22410691772,7060047060,0,0,test
camels_06360500,camels,2921,45.25582,-100.84292,MOREAU R NEAR WHITEHORSE SD,United States of America,12572.50969465809,7060047060,0,0,test
camels_06404000,camels,2921,43.87249,-103.33658,BATTLE CR NEAR KEYSTONE SD,United States of America,151.4998288627278,7060047060,0,0,test
camels_06406000,camels,2921,43.82805,-103.19602,BATTLE CR AT HERMOSA SD,United States of America,436.5894959739151,7060047060,0,0,test
camels_06409000,camels,2921,44.01359,-103.83048,CASTLE CR ABOVE DEERFIELD RES NEAR HILL CITY SD,United States of America,208.99203752515427,7060047060,0,0,test
camels_06431500,camels,2921,44.48248,-103.86159,SPEARFISH CR AT SPEARFISH SD,United States of America,427.1325192337945,7060047060,0,0,test
camels_06440200,camels,2921,43.96888,-101.76709,"SOUTH FORK BAD R NEAR COTTONWOOD,SD",United States of America,653.8653782095386,7060047060,0,0,test
camels_06441500,camels,2921,44.32665,-100.3843,BAD R NEAR FORT PIERRE SD,United States of America,8127.440649232418,7060047060,0,0,test
camels_06447000,camels,2921,43.7525,-101.52487,WHITE R NEAR KADOKA SD,United States of America,12845.193533190592,7060047060,0,0,test
camels_06447500,camels,2921,43.16667,-101.63015,LITTLE WHITE R NEAR MARTIN SD,United States of America,791.5409648296455,7060047060,0,0,test
camels_06450500,camels,2921,43.60139,-100.74986,LITTLE WHITE R BELOW WHITE RIVER SD,United States of America,4066.695873419269,7060047060,0,0,test
camels_06452000,camels,2921,43.74833,-99.55649,WHITE R NEAR OACOMA SD,United States of America,25768.954367292827,7060047060,0,0,test
camels_06453600,camels,2921,42.81099,-98.17586,"PONCA CREEK AT VERDEL, NEBR.",United States of America,2101.131689061376,7060047060,0,0,test
camels_06464500,camels,2921,43.02889,-99.78067,KEYA PAHA R AT WEWELA SD,United States of America,2918.7962087458063,7060047060,0,0,test
camels_06470800,camels,2921,46.22524,-98.07177,"BEAR CREEK NR OAKES, ND",United States of America,993.2871583802814,7060047060,0,0,test
camels_06477500,camels,2921,43.7764,-98.24567,FIRESTEEL CR NEAR MOUNT VERNON SD,United States of America,1530.6863708064598,7060047060,0,0,test
camels_06479215,camels,2921,45.1808,-97.18619,BIG SIOUX RIVER NR FLORENCE SD,United States of America,177.68657105183965,7060047060,0,0,test
camels_06479438,camels,2921,45.00608,-97.16508,BIG SIOUX R NEAR WATERTOWN SD,United States of America,796.8317683411167,7060047060,0,0,test
camels_06601000,camels,2921,42.32158,-96.48768,"OMAHA CR AT HOMER, NEBR",United States of America,452.3821281274072,7060047060,0,0,test
camels_06614800,camels,2921,40.49609,-105.86501,"MICHIGAN RIVER NEAR CAMERON PASS, CO.",United States of America,4.1976216829595,7060047060,0,0,test
camels_06622700,camels,2921,41.37024,-106.52058,"NORTH BRUSH CREEK NEAR SARATOGA, WY",United States of America,101.48723655616548,7060047060,0,0,test
camels_06623800,camels,2921,41.02358,-106.82477,"ENCAMPMENT RIVER AB HOG PARK CR, NR ENCAMPMENT, WY",United States of America,188.6691930600108,7060047060,0,0,test
camels_06632400,camels,2921,41.58525,-106.22279,"ROCK CREEK AB KING CANYON CANAL, NR ARLINGTON, WY",United States of America,164.87041067665697,7060047060,0,0,test
camels_06784000,camels,2921,41.03244,-98.74053,"SOUTH LOUP R AT ST. MICHAEL, NEBR.",United States of America,6377.916547052081,7060047060,0,0,test
camels_06803510,camels,2921,40.89311,-96.68155,"LITTLE SALT CREEK NEAR LINCOLN, NEBR.",United States of America,118.23549278538776,7060047060,0,0,test
camels_06803530,camels,2921,41.0157,-96.54428,"ROCK CREEK NEAR CERESCO, NEBR.",United States of America,309.21704773944725,7060047060,0,0,test
camels_06814000,camels,2921,39.94778,-96.10862,"TURKEY C NR SENECA, KS",United States of America,716.8832451245277,7060047060,0,0,test
camels_06847900,camels,2921,39.76985,-100.10078,"PRAIRIE DOG C AB KEITH SEBELIUS LAKE, KS",United States of America,1537.6970215930153,7060047060,0,0,test
camels_06853800,camels,2921,39.89925,-98.25043,"WHITE ROCK C NR BURR OAK, KS",United States of America,596.9457386803155,7060047060,0,0,test
camels_06876700,camels,2921,39.13907,-97.83696,"SALT C NR ADA, KS",United States of America,1053.0480075651135,7060047060,0,0,test
camels_06878000,camels,2921,39.03111,-97.04029,"CHAPMAN C NR CHAPMAN, KS",United States of America,777.0421584475448,7060047060,0,0,test
camels_06885500,camels,2921,39.68192,-96.44289,"BLACK VERMILLION R NR FRANKFORT, KS",United States of America,1074.1454623222558,7060047060,0,0,test
camels_06888500,camels,2921,39.06265,-96.15025,"MILL C NR PAXICO, KS",United States of America,841.6203339804705,7060047060,0,0,test
camels_06889200,camels,2921,39.23833,-95.8886,"SOLDIER C NR DELIA, KS",United States of America,406.2903379867292,7060047060,0,0,test
camels_06889500,camels,2921,39.09938,-95.72495,"SOLDIER C NR TOPEKA, KS",United States of America,765.4109531425487,7060047060,0,0,test
camels_06892000,camels,2921,39.11633,-95.01088,"STRANGER C NR TONGANOXIE, KS",United States of America,1089.9689348884708,7060047060,0,0,test
camels_06906800,camels,2921,38.70225,-92.97883,"Lamine River near Otterville, MO",United States of America,1410.6822536946124,7060047060,0,0,test
camels_06911900,camels,2921,38.71069,-95.83603,"DRAGOON C NR BURLINGAME, KS",United States of America,290.8794107983461,7060047060,0,0,test
camels_06917000,camels,2921,38.01897,-94.71367,"L OSAGE R AT FULTON, KS",United States of America,766.8367616266628,7060047060,0,0,test
camels_06918460,camels,2921,37.40237,-93.80203,"Turnback Creek above Greenfield, MO",United States of America,650.8904124534805,7060047060,0,0,test
camels_06919500,camels,2921,37.8342,-93.87549,"Cedar Creek near Pleasant View, MO",United States of America,1068.6303709608906,7060047060,0,0,test
camels_06921070,camels,2921,37.68265,-93.37033,"Pomme de Terre River near Polk, MO",United States of America,716.7145614604523,7060047060,0,0,test
camels_06921200,camels,2921,37.75047,-93.26618,"Lindley Creek near Polk, MO",United States of America,328.44200263559185,7060047060,0,0,test
camels_06934000,camels,2921,38.38881,-91.81989,"Gasconade River near Rich Fountain, MO",United States of America,8263.539255495745,7060047060,0,0,test
camels_07014500,camels,2921,38.15853,-91.10846,"Meramec River near Sullivan, MO",United States of America,3849.49330185908,7060047060,0,0,test
camels_07057500,camels,2921,36.62303,-92.24813,"North Fork River near Tecumseh, MO",United States of America,1455.9891586347292,7060047060,0,0,test
camels_07066000,camels,2921,37.15408,-91.35816,"Jacks Fork at Eminence, MO",United States of America,1050.1927545839649,7060047060,0,0,test
camels_07067000,camels,2921,36.99138,-91.01351,"Current River at Van Buren, MO",United States of America,4341.013501964073,7060047060,0,0,test
camels_07068000,camels,2921,36.622,-90.84762,"Current River at Doniphan, MO",United States of America,5310.623460214859,7060047060,0,0,test
camels_07071500,camels,2921,36.64868,-91.20082,"Eleven Point River near Bardley, MO",United States of America,2029.1648724095503,7060047060,0,0,test
camels_07083000,camels,2921,39.17221,-106.38919,"HALFMOON CREEK NEAR MALTA, CO.",United States of America,66.15061775414951,7060047060,0,0,test
camels_07142300,camels,2921,37.87159,-98.87614,"RATTLESNAKE C NR MACKSVILLE, KS",United States of America,1922.9321493901127,7060047060,0,0,test
camels_07145700,camels,2921,37.24955,-97.4039,"SLATE C AT WELLINGTON, KS",United States of America,400.5109527487938,7060047060,0,0,test
camels_07148400,camels,2921,36.81503,-98.64814,"Salt Fork Arkansas River nr Alva, OK",United States of America,2558.930491282369,7060047060,0,0,test
camels_07149000,camels,2921,37.0392,-98.47021,"MEDICINE LODGE R NR KIOWA, KS",United States of America,2262.9102890213985,7060047060,0,0,test
camels_07151500,camels,2921,37.12891,-97.60144,"CHIKASKIA R NR CORBIN, KS",United States of America,2110.835971091181,7060047060,0,0,test
camels_07167500,camels,2921,37.70821,-96.2236,"OTTER C AT CLIMAX, KS",United States of America,321.1968316260525,7060047060,0,0,test
camels_07184000,camels,2921,37.28125,-95.03267,"LIGHTNING C NR MCCUNE, KS",United States of America,514.6384221750807,7060047060,0,0,test
camels_07195800,camels,2921,36.25548,-94.43394,"Flint Creek at Springtown, AR",United States of America,38.50046041727073,7060047060,0,0,test
camels_07197000,camels,2921,35.9212,-94.83856,"Baron Fork at Eldon, OK",United States of America,806.9572380374129,7060047060,0,0,test
camels_07226500,camels,2921,35.43838,-103.52579,"UTE CREEK NEAR LOGAN, NM",United States of America,5244.546096249891,7060047060,0,0,test
camels_07292500,camels,2921,31.32472,-91.10944,"HOMOCHITTO RIVER AT ROSETTA, MS",United States of America,2079.012330528481,7060047060,0,0,test
camels_07295000,camels,2921,31.22694,-91.29556,"BUFFALO RIVER NR WOODVILLE, MS",United States of America,467.0684032100781,7060047060,0,0,test
camels_07299670,camels,2921,34.35452,-99.74037,"Groesbeck Ck at SH 6 nr Quanah, TX",United States of America,831.2124350834389,7060047060,0,0,test
camels_07301410,camels,2921,35.4731,-100.12095,"Sweetwater Ck nr Kelton, TX",United States of America,773.8047301943725,7060047060,0,0,test
camels_07301500,camels,2921,35.16811,-99.50731,"North Fork Red River near Carter, OK",United States of America,6885.4859610966805,7060047060,0,0,test
camels_07315200,camels,2921,33.81288,-98.08504,"E Fk Little Wichita Rv nr Henrietta, TX",United States of America,502.8989495959572,7060047060,0,0,test
camels_07315700,camels,2921,34.00426,-97.56697,"Mud Creek near Courtney, OK",United States of America,1491.5814940289808,7060047060,0,0,test
camels_07340300,camels,2921,34.37955,-94.23576,"Cossatot River near Vandervoort, AR",United States of America,252.04252069891072,7060047060,0,0,test
camels_07346045,camels,2921,32.77792,-94.35742,"Black Cypress Bayou at Jefferson, TX",United States of America,963.1026436977688,7060047060,0,0,test
camels_07359610,camels,2921,34.38278,-93.60611,"Caddo River near Caddo Gap, AR",United States of America,343.2741366648468,7060047060,0,0,test
camels_07362100,camels,2921,33.37596,-92.77711,"SMACKOVER CREEK NEAR SMACKOVER, ARK.",United States of America,997.0868467208634,7060047060,0,0,test
camels_07373000,camels,2921,31.53629,-92.40847,"Big Creek at Pollock, LA",United States of America,134.2120086756048,7060047060,0,0,test
camels_07376000,camels,2921,30.5038,-90.67732,"Tickfaw River at Holden, LA",United States of America,650.6275416175478,7060046900,4,4,train
camels_08013000,camels,2921,30.99602,-92.67375,"CALCASIEU RIVER NR GLENMORA, LA",United States of America,1301.395144599027,7060047800,2,2,train
camels_08014500,camels,2921,30.69875,-92.89319,"Whiskey Chitto Creek Near Oberlin, LA",United States of America,1326.7566140218812,7060047800,2,2,train
camels_08023080,camels,2921,31.97933,-93.93408,"Bayou Grand Cane near Stanley, LA",United States of America,199.1322207665402,7060047850,3,3,train
camels_08029500,camels,2921,30.81889,-93.78556,"Big Cow Ck nr Newton, TX",United States of America,384.6247720479396,7060047850,3,3,train
camels_08066200,camels,2921,30.71631,-94.95882,"Long King Ck at Livingston, TX",United States of America,374.9915979557844,7060047970,1,1,val
camels_08066300,camels,2921,30.48139,-94.77972,"Menard Ck nr Rye, TX",United States of America,391.2147425012066,7060047970,1,1,val
camels_08070000,camels,2921,30.3366,-95.1041,"E Fk San Jacinto Rv nr Cleveland, TX",United States of America,845.7441045422865,7060047980,4,4,train
camels_08082700,camels,2921,33.32927,-99.46508,"Millers Ck nr Munday, TX",United States of America,277.0826899678454,7060048300,2,2,train
camels_08086212,camels,2921,32.7329,-99.14063,"Hubbard Ck bl Albany, TX",United States of America,1590.976157512732,7060048300,2,2,train
camels_08101000,camels,2921,31.28489,-97.88502,"Cowhouse Ck at Pidcoke, TX",United States of America,1185.9091790430375,7060048300,2,2,train
camels_08104900,camels,2921,30.62575,-97.69112,"S Fk San Gabriel Rv at Georgetown, TX",United States of America,348.1548946661287,7060048300,2,2,train
camels_08109700,camels,2921,30.33938,-96.9047,"Middle Yegua Ck nr Dime Box, TX",United States of America,622.3258110169065,7060048300,2,2,train
camels_08150800,camels,2921,30.64352,-99.09588,"Beaver Ck nr Mason, TX",United States of America,562.5508793988581,7060048410,4,4,train
camels_08155200,camels,2921,30.29632,-97.92557,"Barton Ck at SH 71 nr Oak Hill, TX",United States of America,241.93001039249145,7060048410,4,4,train
camels_08158700,camels,2921,30.08299,-98.00779,"Onion Ck nr Driftwood, TX",United States of America,321.8507075897415,7060048410,4,4,train
camels_08164000,camels,2921,28.95998,-96.68637,"Lavaca Rv nr Edna, TX",United States of America,2123.7987564920427,7060048480,1,1,val
camels_08164300,camels,2921,29.46691,-96.81276,"Navidad Rv nr Hallettsville, TX",United States of America,866.4125320209732,7060048480,1,1,val
camels_08165300,camels,2921,30.0641,-99.38699,"N Fk Guadalupe Rv nr Hunt, TX",United States of America,440.3346038610135,7060048620,4,4,train
camels_08171300,camels,2921,29.97938,-97.91,"Blanco Rv nr Kyle, TX",United States of America,1074.8759378502668,7060048620,4,4,train
camels_08175000,camels,2921,29.21525,-97.44943,"Sandies Ck nr Westhoff, TX",United States of America,1427.336029237052,7060048620,4,4,train
camels_08176900,camels,2921,28.86165,-97.22638,"Coleto Ck at Arnold Rd nr Schroeder, TX",United States of America,926.4485413845564,7060048620,4,4,train
camels_08178880,camels,2921,29.72384,-99.07004,"Medina Rv at Bandera, TX",United States of America,852.3237900464118,7060048620,4,4,train
camels_08189500,camels,2921,28.29195,-97.27916,"Mission Rv at Refugio, TX",United States of America,1818.869991435913,7060048630,1,1,val
camels_08190000,camels,2921,29.42857,-99.99729,"Nueces Rv at Laguna, TX",United States of America,1925.678689982008,7060048860,1,1,val
camels_08190500,camels,2921,29.47273,-100.23646,"W Nueces Rv nr Brackettville, TX",United States of America,1802.5546016042388,7060048860,1,1,val
camels_08195000,camels,2921,29.48857,-99.70478,"Frio Rv at Concan, TX",United States of America,1011.459333789404,7060048860,1,1,val
camels_08196000,camels,2921,29.50468,-99.78145,"Dry Frio Rv nr Reagan Wells, TX",United States of America,344.5991306925321,7060048860,1,1,val
camels_08198500,camels,2921,29.31431,-99.48047,"Sabinal Rv at Sabinal, TX",United States of America,641.1627744419507,7060048860,1,1,val
camels_08200000,camels,2921,29.56967,-99.24671,"Hondo Ck nr Tarpley, TX",United States of America,249.57775018500493,7060048860,1,1,val
camels_08202700,camels,2921,29.37079,-99.28782,"Seco Ck at Rowe Ranch nr D'Hanis, TX",United States of America,431.3406064548799,7060048860,1,1,val
camels_08269000,camels,2921,36.43947,-105.50362,"RIO PUEBLO DE TAOS NEAR TAOS, NM",United States of America,163.21246669364422,7060049270,2,2,train
camels_08271000,camels,2921,36.50836,-105.53084,"RIO LUCERO NEAR ARROYO SECO, NM",United States of America,46.40015143212967,7060049270,2,2,train
camels_08377900,camels,2921,35.77725,-105.65807,"RIO MORA NEAR TERRERO, NM",United States of America,138.90661392229873,7060049270,2,2,train
camels_08378500,camels,2921,35.70837,-105.68252,"PECOS RIVER NEAR PECOS, NM",United States of America,444.8775648786793,7060049270,2,2,train
camels_08380500,camels,2921,35.65199,-105.3189,"GALLINAS CREEK NEAR MONTEZUMA, NM",United States of America,199.53802870682645,7060049270,2,2,train
camels_09034900,camels,2921,39.76026,-105.9064,"BOBTAIL CREEK NEAR JONES PASS, CO.",United States of America,21.27516314882441,7060008710,2,2,train
camels_09047700,camels,2921,39.59443,-105.97252,"KEYSTONE GULCH NEAR DILLON, CO.",United States of America,24.5613620680346,7060008710,2,2,train
camels_09065500,camels,2921,39.62582,-106.27808,"GORE CREEK AT UPPER STATION, NEAR MINTURN, CO.",United States of America,37.69615677322368,7060008710,2,2,train
camels_09066000,camels,2921,39.59638,-106.26503,"BLACK GORE CREEK NEAR MINTURN, CO.",United States of America,32.5053689055302,7060008710,2,2,train
camels_09066200,camels,2921,39.64832,-106.32308,"BOOTH CREEK NEAR MINTURN, CO.",United States of America,16.01976193075291,7060008710,2,2,train
camels_09066300,camels,2921,39.64582,-106.38225,"MIDDLE CREEK NEAR MINTURN, CO.",United States of America,15.874685222735115,7060008710,2,2,train
camels_09081600,camels,2921,39.23221,-107.22727,"CRYSTAL RIVER AB AVALANCHE C, NEAR REDSTONE, CO.",United States of America,436.4326928353421,7060008710,2,2,train
camels_09107000,camels,2921,38.86027,-106.5667,"TAYLOR RIVER AT TAYLOR PARK, CO.",United States of America,331.73832261015474,7060008710,2,2,train
camels_09210500,camels,2921,42.09605,-110.41656,"FONTENELLE C NR HERSCHLER RANCH, NR FONTENELLE, WY",United States of America,397.4527271554025,7060008710,2,2,train
camels_09223000,camels,2921,42.11049,-110.70962,"HAMS FORK BELOW POLE CREEK, NEAR FRONTIER, WY",United States of America,333.7724046032455,7060008710,2,2,train
camels_09306242,camels,2921,39.92025,-108.47287,"CORRAL GULCH NEAR RANGELY, CO.",United States of America,87.27241115016555,7060008710,2,2,train
camels_09352900,camels,2921,37.4775,-107.54367,"VALLECITO CREEK NEAR BAYFIELD, CO.",United States of America,187.84101618977743,7060008710,2,2,train
camels_09386900,camels,2921,35.28253,-108.55341,"RIO NUTRIA NEAR RAMAH, NM",United States of America,186.25024649673296,7060008710,2,2,train
camels_09404450,camels,2921,37.33943,-112.60438,"EAST FORK VIRGIN RIVER NEAR GLENDALE, UT",United States of America,195.62651407251943,7060008710,2,2,train
camels_09430600,camels,2921,33.16673,-108.64978,"MOGOLLON CREEK NEAR CLIFF, NM",United States of America,190.857795928246,7060008710,2,2,train
camels_09447800,camels,2921,32.95562,-109.53119,"BONITA CREEK NEAR MORENCI, AZ.",United States of America,777.4951266698906,7060008710,2,2,train
camels_09484600,camels,2921,32.03591,-110.67758,"PANTANO WASH NEAR VAIL, AZ.",United States of America,1241.0493726860293,7060008710,2,2,train
camels_09492400,camels,2921,33.82227,-109.81454,"EAST FORK WHITE RIVER NEAR FORT APACHE, AZ.",United States of America,120.3687956266946,7060008710,2,2,train
camels_09494000,camels,2921,33.73644,-110.16677,"WHITE RIVER NEAR FORT APACHE, AZ.",United States of America,1628.5209302104463,7060008710,2,2,train
camels_09497800,camels,2921,33.84311,-110.55761,"CIBECUE CREEK NEAR CHYSOTILE, AZ.",United States of America,752.2561878877874,7060008710,2,2,train
camels_09497980,camels,2921,33.82783,-110.85623,"CHERRY CREEK NEAR GLOBE, AZ.",United States of America,516.9151591117195,7060008710,2,2,train
camels_09505200,camels,2921,34.67474,-111.67209,"WET BEAVER CREEK NEAR RIMROCK, AZ.",United States of America,287.49312669101687,7060008710,2,2,train
camels_09505350,camels,2921,34.72863,-111.77571,"DRY BEAVER CREEK NEAR RIMROCK, AZ.",United States of America,370.08030664909626,7060008710,2,2,train
camels_09505800,camels,2921,34.53864,-111.69404,"WEST CLEAR CREEK NEAR CAMP VERDE, AZ.",United States of America,625.077280084306,7060008710,2,2,train
camels_09510200,camels,2921,33.69421,-111.5418,"SYCAMORE CREEK NEAR FORT MCDOWELL, AZ.",United States of America,428.3841651310508,7060008710,2,2,train
camels_09513780,camels,2921,33.9742,-112.09905,"NEW RIVER NEAR ROCK SPRINGS, AZ.",United States of America,191.29400661183288,7060008710,2,2,train
camels_10023000,camels,2921,41.60994,-111.25409,"BIG CREEK NEAR RANDOLPH, UT",United States of America,147.02417246883337,7060073620,4,4,train
camels_10172800,camels,2921,40.49633,-112.5744,"SOUTH WILLOW CREEK NEAR GRANTSVILLE, UT",United States of America,76.4764059434384,7060073620,4,4,train
camels_10173450,camels,2921,37.62276,-112.51688,"MAMMOTH CREEK ABV WEST HATCH DITCH, NEAR HATCH, UT",United States of America,281.46157853010834,7060073650,1,1,val
camels_10205030,camels,2921,38.91191,-111.53047,"SALINA CREEK NEAR EMERY, UT",United States of America,150.60570039964122,7060073650,1,1,val
camels_10234500,camels,2921,38.28053,-112.56827,"BEAVER RIVER NEAR BEAVER, UT",United States of America,238.52112653264123,7060073650,1,1,val
camels_10242000,camels,2921,37.6722,-113.03467,"COAL CREEK NEAR CEDAR CITY, UT",United States of America,1902.1845784893007,7060073650,1,1,val
camels_10244950,camels,2921,39.20154,-114.68916,"STEPTOE C NR ELY, NV",United States of America,29.10068339355269,7060073870,2,2,train
camels_10249300,camels,2921,38.88743,-117.24537,"S TWIN R NR ROUND MOUNTAIN, NV",United States of America,608.2103783454417,7060074340,0,0,test
camels_10258500,camels,2921,33.74502,-116.53557,PALM CYN C NR PALM SPRINGS CA,United States of America,285.7179179305189,7060008710,2,2,train
camels_10259000,camels,2921,33.76002,-116.55002,ANDREAS C NR PALM SPRINGS CA,United States of America,23.90782926220983,7060008710,2,2,train
camels_10263500,camels,2921,34.42083,-117.83951,BIG ROCK C NR VALYERMO CA,United States of America,310.1642654238059,7060074330,1,1,val
camels_10310500,camels,2921,39.11324,-119.79824,"CLEAR CREEK NEAR CARSON CITY, NV",United States of America,47.74100890472516,7060073630,2,2,train
camels_10316500,camels,2921,40.69076,-115.477,"LAMOILLE C NR LAMOILLE, NV",United States of America,90.83571453833687,7060073630,2,2,train
camels_10329500,camels,2921,41.53462,-117.41791,"MARTIN C NR PARADISE VALLEY, NV",United States of America,513.3336533187937,7060073630,2,2,train
camels_10336645,camels,2921,39.05185,-120.11852,GENERAL C NR MEEKS BAY CA,United States of America,20.237779215551967,7060073920,3,3,train
camels_10336660,camels,2921,39.10741,-120.16214,BLACKWOOD C NR TAHOE CITY CA,United States of America,32.37565767870588,7060073920,3,3,train
camels_10343500,camels,2921,39.43157,-120.23798,SAGEHEN C NR TRUCKEE CA,United States of America,27.27549500718668,7060073920,3,3,train
camels_10396000,camels,2921,42.79083,-118.8675,DONNER UND BLITZEN RIVER NR FRENCHGLEN OR,United States of America,967.2953125459626,7060073780,4,4,train
camels_11124500,camels,2921,34.59666,-119.90875,SANTA CRUZ C NR SANTA YNEZ CA,United States of America,192.4727979257493,7060012600,1,1,val
camels_11141280,camels,2921,35.23553,-120.47239,LOPEZ C NR ARROYO GRANDE CA,United States of America,56.16972005115561,7060012960,3,3,train
camels_11143000,camels,2921,36.2458,-121.77329,BIG SUR R NR BIG SUR CA,United States of America,121.1055627257252,7060012960,3,3,train
camels_11151300,camels,2921,36.26802,-121.0663,SAN LORENZO C BL BITTERWATER C NR KING CITY CA,United States of America,648.170558878491,7060013170,2,2,train
camels_11162500,camels,2921,37.26078,-122.32886,PESCADERO C NR PESCADERO CA,United States of America,119.21332251893848,7060013180,2,2,train
camels_11176400,camels,2921,37.56132,-121.68384,ARROYO VALLE BL LANG CN NR LIVERMORE CA,United States of America,336.3876108832146,7060013180,2,2,train
camels_11230500,camels,2921,37.33939,-118.97345,BEAR C NR LAKE THOMAS A EDISON CA,United States of America,142.26120313085983,7060013550,4,4,train
camels_11237500,camels,2921,37.19856,-119.21373,PITMAN C BL TAMARACK C CA,United States of America,65.02102201337435,7060013550,4,4,train
camels_11253310,camels,2921,36.40217,-120.43349,CANTUA C NR CANTUA CREEK CA,United States of America,235.8510257756705,7060013550,4,4,train
camels_11264500,camels,2921,37.73159,-119.55877,MERCED R A HAPPY ISLES BRIDGE NR YOSEMITE CA,United States of America,471.72666423834727,7060013550,4,4,train
camels_11266500,camels,2921,37.71687,-119.66628,MERCED R A POHONO BRIDGE NR YOSEMITE CA,United States of America,835.6163664874763,7060013550,4,4,train
camels_11274500,camels,2921,37.31549,-121.12521,ORESTIMBA C NR NEWMAN CA,United States of America,529.8478030982178,7060013550,4,4,train
camels_11381500,camels,2921,40.0546,-122.02415,MILL C NR LOS MOLINOS CA,United States of America,340.4872487052314,7060013550,4,4,train
camels_11383500,camels,2921,40.01405,-121.94832,DEER C NR VINA CA,United States of America,633.4386859520732,7060013550,4,4,train
camels_11468500,camels,2921,39.42822,-123.73779,NOYO R NR FORT BRAGG CA,United States of America,273.2986618497243,7060013560,1,1,val
camels_11473900,camels,2921,39.70627,-123.32529,MF EEL R NR DOS RIOS CA,United States of America,1928.7456711928808,7060014040,4,4,train
camels_11475560,camels,2921,39.7296,-123.64391,ELDER C NR BRANSCOMB CA,United States of America,16.90242029379387,7060014040,4,4,train
camels_11478500,camels,2921,40.48042,-123.89088,VAN DUZEN R NR BRIDGEVILLE CA,United States of America,574.2727878198435,7060014040,4,4,train
camels_11481200,camels,2921,41.01096,-124.08173,LITTLE R NR TRINIDAD CA,United States of America,106.62332235846613,7060014050,3,3,train
camels_11482500,camels,2921,41.29929,-124.05118,REDWOOD C A ORICK CA,United States of America,723.700970677594,7060014050,3,3,train
camels_11522500,camels,2921,41.37763,-123.47756,SALMON R A SOMES BAR CA,United States of America,1944.0552273721632,7060014200,4,4,train
camels_11523200,camels,2921,41.11126,-122.70558,TRINITY R AB COFFEE C NR TRINITY CTR CA,United States of America,384.56161859007176,7060014200,4,4,train
camels_11528700,camels,2921,40.64986,-123.4942,SF TRINITY R BL HYAMPOM CA,United States of America,1980.3844957862525,7060014200,4,4,train
camels_11532500,camels,2921,41.7915,-124.07619,SMITH R NR CRESCENT CITY CA,United States of America,1587.7272337434738,7060014210,0,0,test
camels_12013500,camels,2921,46.65093,-123.65266,"WILLAPA RIVER NEAR WILLAPA, WA",United States of America,340.0100036576852,7060014940,1,1,val
camels_12020000,camels,2921,46.61732,-123.27764,"CHEHALIS RIVER NEAR DOTY, WA",United States of America,295.6148718155141,7060015090,4,4,train
camels_12025000,camels,2921,46.6201,-122.94513,"NEWAUKUM RIVER NEAR CHEHALIS, WA",United States of America,409.33505203241737,7060015090,4,4,train
camels_12025700,camels,2921,46.7726,-122.59401,"SKOOKUMCHUCK RIVER NEAR VAIL, WA",United States of America,105.28541602678028,7060015090,4,4,train
camels_12035000,camels,2921,47.00065,-123.49488,"SATSOP RIVER NEAR SATSOP, WA",United States of America,767.0636659678202,7060015090,4,4,train
camels_12040500,camels,2921,47.53786,-124.31575,"QUEETS RIVER NEAR CLEARWATER, WA",United States of America,1151.940087541029,7060015100,2,2,train
camels_12041200,camels,2921,47.80675,-124.25103,"HOH RIVER AT US HIGHWAY 101 NEAR FORKS, WA",United States of America,660.6034169109719,7060015100,2,2,train
camels_12043000,camels,2921,47.96008,-124.39299,"CALAWAH RIVER NEAR FORKS, WA",United States of America,347.50188687368734,7060015100,2,2,train
camels_12048000,camels,2921,48.01426,-123.13268,"DUNGENESS RIVER NEAR SEQUIM, WA",United States of America,407.2162827149923,7060015100,2,2,train
camels_12054000,camels,2921,47.68398,-123.01155,"DUCKABUSH RIVER NEAR BRINNON, WA",United States of America,178.4281149722574,7060015100,2,2,train
camels_12056500,camels,2921,47.51426,-123.32989,"NF SKOKOMISH R BL STAIRCASE RPDS NR HOODSPORT, WA",United States of America,146.87395555142544,7060015100,2,2,train
camels_12073500,camels,2921,47.38926,-122.69902,"HUGE CREEK NEAR WAUNA, WA",United States of America,15.746873287864242,7060015100,2,2,train
camels_12082500,camels,2921,46.75261,-122.08372,"NISQUALLY RIVER NEAR NATIONAL, WA",United States of America,358.72622757105285,7060015100,2,2,train
camels_12092000,camels,2921,46.90372,-122.03511,"PUYALLUP RIVER NEAR ELECTRON, WA",United States of America,240.5722323086002,7060015900,1,1,val
camels_12095000,camels,2921,47.13955,-122.09261,"SOUTH PRAIRIE CREEK AT SOUTH PRAIRIE, WA",United States of America,232.25187806592248,7060015900,1,1,val
camels_12114500,camels,2921,47.34205,-121.54899,"CEDAR RIVER BELOW BEAR CREEK NEAR CEDAR FALLS, WA",United States of America,66.35190647207033,7060015910,4,4,train
camels_12115000,camels,2921,47.37011,-121.6251,"CEDAR RIVER NEAR CEDAR FALLS, WA",United States of America,110.72711631516968,7060015910,4,4,train
camels_12115500,camels,2921,47.35066,-121.66316,"REX RIVER NEAR CEDAR FALLS, WA",United States of America,43.21779512587482,7060015910,4,4,train
camels_12117000,camels,2921,47.38649,-121.84622,"TAYLOR CREEK NEAR SELLECK, WA",United States of America,45.05624304904502,7060015910,4,4,train
camels_12141300,camels,2921,47.48594,-121.64788,"MIDDLE FORK SNOQUALMIE RIVER NEAR TANNER, WA",United States of America,402.9703270999426,7060016000,4,4,train
camels_12143600,camels,2921,47.4526,-121.71788,"SF SNOQUALMIE RIVER AT EDGEWICK, WA",United States of America,164.6697732350127,7060016000,4,4,train
camels_12144000,camels,2921,47.49288,-121.79011,"SF SNOQUALMIE RIVER AT NORTH BEND, WA",United States of America,212.33649991858587,7060016000,4,4,train
camels_12145500,camels,2921,47.53982,-121.909,"RAGING RIVER NEAR FALL CITY, WA",United States of America,83.65746147351862,7060016000,4,4,train
camels_12147600,camels,2921,47.70677,-121.60011,"SOUTH FORK TOLT RIVER NEAR INDEX, WA",United States of America,16.119474408997448,7060016000,4,4,train
camels_12167000,camels,2921,48.26149,-122.04764,"NF STILLAGUAMISH RIVER NEAR ARLINGTON, WA",United States of America,689.7499397156691,7060016010,0,0,test
camels_12175500,camels,2921,48.67263,-121.0729,"THUNDER CREEK NEAR NEWHALEM, WA",United States of America,273.1633842184796,7060016090,1,1,val
camels_12186000,camels,2921,48.16872,-121.47067,"SAUK RIVER AB WHITECHUCK RIVER NEAR DARRINGTON, WA",United States of America,397.57950516893777,7060016090,1,1,val
camels_12189500,camels,2921,48.42456,-121.56846,"SAUK RIVER NEAR SAUK, WA",United States of America,1852.6521508588853,7060016090,1,1,val
camels_12358500,camels,2921,48.49524,-114.01012,Middle Fork Flathead River nr West Glacier MT,United States of America,2908.659775674179,7060014930,4,4,train
camels_12377150,camels,2921,47.32299,-113.97955,Mission Cr ab Reservoir nr ST Ignatius MT,United States of America,32.35056306260966,7060014930,4,4,train
camels_12381400,camels,2921,47.19549,-113.85065,South Fork Jocko River near Arlee MT,United States of America,148.28024376868814,7060014930,4,4,train
camels_12390700,camels,2921,47.58605,-115.35515,Prospect Creek at Thompson Falls MT,United States of America,468.4483603046863,7060014930,4,4,train
camels_12411000,camels,2921,47.70611,-115.97917,NF COEUR D ALENE R AB SHOSHONE CK NR PRICHARD ID,United States of America,863.5544788567977,7060014930,4,4,train
camels_12414500,camels,2921,47.27464,-116.18905,ST JOE RIVER AT CALDER ID,United States of America,2653.9731927801176,7060014930,4,4,train
camels_12447390,camels,2921,48.82292,-120.14592,"ANDREWS CREEK NEAR MAZAMA, WA",United States of America,58.29058375350642,7060014930,4,4,train
camels_12451000,camels,2921,48.32958,-120.69177,"STEHEKIN RIVER AT STEHEKIN, WA",United States of America,827.6891819956809,7060014930,4,4,train
camels_12488500,camels,2921,46.97762,-121.1687,"AMERICAN RIVER NEAR NILE, WA",United States of America,205.752466968988,7060014930,4,4,train
camels_13011500,camels,2921,43.85028,-110.51778,PACIFIC CREEK AT MORAN WY,United States of America,404.5426517556583,7060014930,4,4,train
camels_13011900,camels,2921,43.83806,-110.44111,BUFFALO FORK AB LAVA CREEK NR MORAN WY,United States of America,846.5265710623287,7060014930,4,4,train
camels_13018300,camels,2921,43.45215,-110.70409,"CACHE CREEK NEAR JACKSON, WY",United States of America,29.606770935252023,7060014930,4,4,train
camels_13023000,camels,2921,43.14278,-110.97667,GREYS RIVER AB RESERVOIR NR ALPINE WY,United States of America,1161.745227501625,7060014930,4,4,train
camels_13161500,camels,2921,41.93324,-115.67453,BRUNEAU RIVER AT ROWLAND NV,United States of America,988.8162124950314,7060014930,4,4,train
camels_13235000,camels,2921,44.08528,-115.62222,SF PAYETTE RIVER AT LOWMAN ID,United States of America,1156.3511162760017,7060014930,4,4,train
camels_13310700,camels,2921,44.98694,-115.725,SF SALMON RIVER NR KRASSEL RANGER STATION ID,United States of America,852.8098741343956,7060014930,4,4,train
camels_13313000,camels,2921,44.96167,-115.5,JOHNSON CREEK AT YELLOW PINE ID,United States of America,564.0510967782144,7060014930,4,4,train
camels_13331500,camels,2921,45.61987,-117.72659,"MINAM RIVER NEAR MINAM, OR",United States of America,617.5956285852459,7060014930,4,4,train
camels_13337000,camels,2921,46.15083,-115.58722,LOCHSA RIVER NR LOWELL ID,United States of America,3044.241985969207,7060014930,4,4,train
camels_13338500,camels,2921,46.08639,-115.97667,SF CLEARWATER RIVER AT STITES ID,United States of America,3018.523944958314,7060014930,4,4,train
camels_13340000,camels,2921,46.47833,-116.2575,CLEARWATER RIVER AT OROFINO ID,United States of America,14234.86759867216,7060014930,4,4,train
camels_13340600,camels,2921,46.84047,-115.6207,NF CLEARWATER RIVER NR CANYON RANGER STATION ID,United States of America,3346.4323148190965,7060014930,4,4,train
camels_14020000,camels,2921,45.71958,-118.32329,"UMATILLA RIVER ABOVE MEACHAM CREEK, NR GIBBON, OR",United States of America,342.26264717159603,7060014930,4,4,train
camels_14092750,camels,2921,44.75039,-121.6334,"SHITIKE CR, AT PETERS PASTURE, NR WARM SPRINGS, OR",United States of America,64.92955491730959,7060014930,4,4,train
camels_14096850,camels,2921,44.95873,-121.39423,"BEAVER CREEK, BLW QUARTZ CR, NR SIMNASHO, OR.",United States of America,383.5833415292996,7060014930,4,4,train
camels_14137000,camels,2921,45.39956,-122.13731,"SANDY RIVER NEAR MARMOT, OR",United States of America,674.8227521904955,7060014930,4,4,train
camels_14138800,camels,2921,45.45262,-121.89147,"BLAZED ALDER CREEK NEAR RHODODENDRON, OREG.",United States of America,21.714397991504683,7060014930,4,4,train
camels_14138870,camels,2921,45.48012,-122.02564,"FIR CREEK NEAR BRIGHTWOOD, OR",United States of America,15.304206908406483,7060014930,4,4,train
camels_14138900,camels,2921,45.49429,-122.03592,"NORTH FORK BULL RUN RIVER NEAR MULTNOMAH FALLS, OR",United States of America,21.997812461567385,7060014930,4,4,train
camels_14139800,camels,2921,45.44456,-122.10953,"SOUTH FORK BULL RUN RIVER NEAR BULL RUN, OR",United States of America,41.31168430755584,7060014930,4,4,train
camels_14141500,camels,2921,45.4154,-122.17148,"LITTLE SANDY RIVER NEAR BULL RUN, OREG.",United States of America,60.23006196373363,7060014930,4,4,train
camels_14154500,camels,2921,43.73596,-122.8734,"ROW RIVER ABOVE PITCHER CREEK NEAR, DORENA, OREG",United States of America,548.5762943400358,7060014930,4,4,train
camels_14158500,camels,2921,44.36095,-121.99562,"MCKENZIE RIVER AT OUTLET OF CLEAR LAKE, OR",United States of America,122.80623554344773,7060014930,4,4,train
camels_14158790,camels,2921,44.33457,-122.04701,"SMITH R AB SMITH R RES NR BELKNAP SPRGS,OREG.",United States of America,40.65752002499477,7060014930,4,4,train
camels_14166500,camels,2921,44.04984,-123.42621,"LONG TOM RIVER NEAR NOTI, OREG.",United States of America,237.6581373432156,7060014930,4,4,train
camels_14182500,camels,2921,44.79151,-122.57897,"LITTLE NORTH SANTIAM RIVER NEAR MEHAMA, OR",United States of America,292.11024084346167,7060014930,4,4,train
camels_14185000,camels,2921,44.39179,-122.49758,"SOUTH SANTIAM RIVER BELOW CASCADIA, OR",United States of America,448.57703934964434,7060014930,4,4,train
camels_14185900,camels,2921,44.54012,-122.43591,"QUARTZVILLE CREEK NEAR CASCADIA, OREG.",United States of America,257.82082302775063,7060014930,4,4,train
camels_14187000,camels,2921,44.37235,-122.62314,"WILEY CREEK NEAR FOSTER, OR",United States of America,137.73517125493382,7060014930,4,4,train
camels_14216500,camels,2921,46.07567,-121.9987,"MUDDY CREEK BELOW CLEAR CREEK NEAR COUGAR, WA",United States of America,349.1913200575767,7060014930,4,4,train
camels_14222500,camels,2921,45.83678,-122.46621,"EAST FORK LEWIS RIVER NEAR HEISSON, WA",United States of America,328.4977077641743,7060014930,4,4,train
camels_14236200,camels,2921,46.59538,-122.45956,"TILTON RIVER AB BEAR CANYON CREEK NEAR CINEBAR, WA",United States of America,363.1718356562213,7060014930,4,4,train
camels_14301000,camels,2921,45.704,-123.7554,"NEHALEM RIVER NEAR FOSS, OR",United States of America,1740.8406769262162,7060014800,2,2,train
camels_14303200,camels,2921,45.32428,-123.5465,"TUCCA CREEK NEAR BLAINE, OR.",United States of America,7.8988841320370256,7060014530,4,4,train
camels_14305500,camels,2921,44.71512,-123.88733,"SILETZ RIVER AT SILETZ, OR",United States of America,525.3087046885297,7060014530,4,4,train
camels_14306340,camels,2921,44.2479,-123.63649,"EAST FORK LOBSTER CREEK NEAR ALSEA, OR.",United States of America,14.607325664624714,7060014530,4,4,train
camels_14306500,camels,2921,44.38595,-123.83178,"ALSEA RIVER NEAR TIDEWATER, OR",United States of America,859.0839121240878,7060014530,4,4,train
camels_14309500,camels,2921,42.804,-123.61091,"WEST FORK COW CREEK NEAR GLENDALE, OR",United States of America,225.81482707776487,7060014520,4,4,train
camels_14316700,camels,2921,43.34984,-122.72894,"STEAMBOAT CREEK NEAR GLIDE, OR",United States of America,587.0147424166797,7060014520,4,4,train
camels_14325000,camels,2921,42.8915,-124.07065,"SOUTH FORK COQUILLE RIVER AT POWERS, OR",United States of America,444.2084407247387,7060014440,2,2,train
camels_14400000,camels,2921,42.12344,-124.18731,"CHETCO RIVER NEAR BROOKINGS, OR",United States of America,702.2358086310752,7060014250,3,3,train
camelsaus_003303A,camelsaus,2922,-24.43,145.46,Barcoo River at Blackall (003303A),Australia,5729.666331636799,5060087590,2,2,train
camelsaus_105101A,camelsaus,2922,-15.281389,144.838611,Normanby River at Battle Camp (105101A),Australia,2315.857321914464,5060067450,3,3,train
camelsaus_105105A,camelsaus,2922,-15.771111,145.014167,East Normanby River at Development Road (105105A),Australia,297.1153567914087,5060067450,3,3,train
camelsaus_111005A,camelsaus,2922,-17.1832,145.7248,Mulgrave River at The Fisheries (111005A),Australia,357.82460706776493,5060067860,2,2,train
camelsaus_113004A,camelsaus,2922,-17.739722,145.63,Cochable Creek at Powerline (113004A),Australia,93.69073978087596,5060067860,2,2,train
camelsaus_114001A,camelsaus,2922,-18.1069,145.8054,Murray River at Upper Murray (114001A),Australia,155.94245557822612,5060067860,2,2,train
camelsaus_116010A,camelsaus,2922,-18.204444,145.537778,Blencoe Creek at Blencoe Falls (116010A),Australia,227.54102753258456,5060067860,2,2,train
camelsaus_116014A,camelsaus,2922,-17.625,145.298889,Wild River at Silver Valley (116014A),Australia,587.3770757928648,5060067860,2,2,train
camelsaus_116015A,camelsaus,2922,-17.735278,145.438056,Blunder Creek at Wooroora (116015A),Australia,126.32823724649586,5060067860,2,2,train
camelsaus_119003A,camelsaus,2922,-19.63,147.11,Haughton River at Powerline (119003A),Australia,1765.4238933459303,5060067860,2,2,train
camelsaus_120102A,camelsaus,2922,-19.3719,146.3589,Keelbottom Creek at Keelbottom (120102A),Australia,194.1404620679179,5060068450,1,1,val
camelsaus_120301B,camelsaus,2922,-21.53,146.86,Belyando River at Gregory Development Road (120301B),Australia,35413.295900495985,5060068450,1,1,val
camelsaus_120304A,camelsaus,2922,-21.45,147.71,Suttor River at Eaglefield (120304A),Australia,1960.109846241818,5060068450,1,1,val
camelsaus_121001A,camelsaus,2922,-20.289444,148.116111,Don River at Ida Creek (121001A),Australia,605.6186516405234,5060068460,2,2,train
camelsaus_121003A,camelsaus,2922,-20.15,148.15,Don River at Reeves (121003A),Australia,1015.8757138230388,5060068460,2,2,train
camelsaus_125005A,camelsaus,2922,-21.3228,148.8351,BlaCreeks Creek at Whitefords (125005A),Australia,511.571148031716,5060068460,2,2,train
camelsaus_130302A,camelsaus,2922,-25.64,149.79,Dawson River at Taroom (130302A),Australia,15829.012344587338,5060069590,3,3,train
camelsaus_130403A,camelsaus,2922,-22.0383,149.1286,Connors River at Mt Bridget (130403A),Australia,1289.0762420978508,5060069590,3,3,train
camelsaus_130410A,camelsaus,2922,-22.1742,148.3811,Isaac River at Deverill (130410A),Australia,4079.78647235375,5060069590,3,3,train
camelsaus_130413A,camelsaus,2922,-21.7696,148.7869,Denison Creek at Braeside (130413A),Australia,766.825610524633,5060069590,3,3,train
camelsaus_132001A,camelsaus,2922,-23.99,151.1,Calliope River at Castlehope (132001A),Australia,1290.1873620989886,5060069600,1,1,val
camelsaus_135002A,camelsaus,2922,-24.7533,151.5872,Kolan River at Springfield (135002A),Australia,549.2013750625146,5060069600,1,1,val
camelsaus_135004A,camelsaus,2922,-24.97,151.89,Gin Gin Creek at Dam Site (135004A),Australia,537.6672428922109,5060069600,1,1,val
camelsaus_136202D,camelsaus,2922,-26.301111,152.044444,Barambah Creek at Litzows (136202D),Australia,651.2458057681672,5060069960,4,4,train
camelsaus_136203A,camelsaus,2922,-26.733889,151.820556,Barker Creek at Brooklands (136203A),Australia,311.3387823417919,5060069960,4,4,train
camelsaus_136208A,camelsaus,2922,-25.902778,151.844167,Boonara Creek at Ettiewyn (136208A),Australia,1395.3059817562885,5060069960,4,4,train
camelsaus_136304A,camelsaus,2922,-26.1816,151.5461,Stuart River at Proston Rifle Range (136304A),Australia,1557.8372291238472,5060069960,4,4,train
camelsaus_137101A,camelsaus,2922,-25.086667,152.240833,Gregory River at Burrum Highway (137101A),Australia,454.6240826013263,5060069970,3,3,train
camelsaus_137201A,camelsaus,2922,-25.266944,152.368611,Isis River at Bruce Highway (137201A),Australia,445.6800353574958,5060069970,3,3,train
camelsaus_138004B,camelsaus,2922,-25.903611,152.349167,Munna Creek at Marodian (138004B),Australia,1192.0415055632072,5060070100,3,3,train
camelsaus_138010A,camelsaus,2922,-26.079444,152.22,Wide Bay Creek at Kilkivan (138010A),Australia,352.65970660277657,5060070100,3,3,train
camelsaus_138903A,camelsaus,2922,-25.82,152.72,Tinana Creek at Bauple East (138903A),Australia,774.0743822024215,5060070100,3,3,train
camelsaus_143007A,camelsaus,2922,-26.8061,152.2711,Brisbane River at Linville (143007A),Australia,2014.7768595229984,5060070390,2,2,train
camelsaus_143009A,camelsaus,2922,-26.996389,152.408611,Brisbane River at Gregors Creek (143009A),Australia,3877.784958419475,5060070390,2,2,train
camelsaus_143107A,camelsaus,2922,-27.6,152.69,Bremer River at Walloon (143107A),Australia,625.6985157457749,5060070390,2,2,train
camelsaus_143110A,camelsaus,2922,-27.8275,152.510833,Bremer River at Adams Bridge (143110A),Australia,126.00903267196988,5060070390,2,2,train
camelsaus_145101D,camelsaus,2922,-28.053056,153.045278,Albert River at Lumeah Number 2 (145101D),Australia,167.1857200774145,5060070440,1,1,val
camelsaus_201001,camelsaus,2922,-28.3553,153.292,Oxley River at Eungella (201001),Australia,215.2736141041064,5060070450,4,4,train
camelsaus_203010,camelsaus,2922,-28.7381,153.163,Leycester River at Rock Valley (203010),Australia,176.30160461864884,5060070670,2,2,train
camelsaus_204002,camelsaus,2922,-28.89,152.56,Clarence River at Tabulam (204002),Australia,4554.868611196808,5060070700,1,1,val
camelsaus_204007,camelsaus,2922,-29.51,152.68,Clarence River at Lilydale (Newbold Crossing (204007),Australia,16977.092939131504,5060070700,1,1,val
camelsaus_204014,camelsaus,2922,-29.6947,152.1049,Mann River at Mitchell (204014),Australia,884.3410220559334,5060070700,1,1,val
camelsaus_204025,camelsaus,2922,-30.2544,153.0323,Orara River at Karangi (204025),Australia,134.50300881647004,5060070700,1,1,val
camelsaus_204034,camelsaus,2922,-29.763056,152.213333,Henry River at Newton Boyd (204034),Australia,400.7881495297633,5060070700,1,1,val
camelsaus_204041,camelsaus,2922,-29.7242,152.8092,Orara River at Bawden Br (204041),Australia,1813.2476546835644,5060070700,1,1,val
camelsaus_204046,camelsaus,2922,-29.0573,152.3849,Timbarra River at Drake (204046),Australia,1717.9452683722525,5060070700,1,1,val
camelsaus_206014,camelsaus,2922,-30.476389,152.028333, Wollomombi River at Coninside (206014),Australia,370.4909714549031,5060070900,1,1,val
camelsaus_206018,camelsaus,2922,-31.049722,151.766111,Apsley River at Apsley Falls (206018),Australia,864.0699319446416,5060070900,1,1,val
camelsaus_206025,camelsaus,2922,-30.681,151.7133,Salisbury Waters River at near Dangar Falls (206025),Australia,649.5380487382814,5060070900,1,1,val
camelsaus_207004,camelsaus,2922,-31.4241,152.4697,Hastings River at Ellenborough (Kindee Bridg (207004),Australia,1583.335904201506,5060070930,4,4,train
camelsaus_207013,camelsaus,2922,-31.481,152.4478,Ellenborough River at D/S Bunnoo R Junction (207013),Australia,498.3628952376936,5060070930,4,4,train
camelsaus_207015,camelsaus,2922,-31.3714,152.2442,Hastings River at Mount Seaview (207015),Australia,349.59287654294724,5060070930,4,4,train
camelsaus_208003,camelsaus,2922,-31.8981,152.0956,Gloucester River at Doon Ayre (208003),Australia,1631.6387701310025,5060070980,3,3,train
camelsaus_208009,camelsaus,2922,-31.579167,151.315278,Barnard River at Barry (208009),Australia,151.60487405322456,5060070980,3,3,train
camelsaus_208026,camelsaus,2922,-31.6417,151.7342,Myall River at Jacky Barkers (208026),Australia,547.4429233318731,5060070980,3,3,train
camelsaus_209003,camelsaus,2922,-32.48,151.96,Karuah River at Booral (209003),Australia,983.255640371849,5060071100,3,3,train
camelsaus_210006,camelsaus,2922,-32.342778,150.101389,Goulburn River at Coggan (210006),Australia,3388.9888517932136,5060071130,3,3,train
camelsaus_210011,camelsaus,2922,-32.318889,151.688056,William River at Tillegra (210011),Australia,196.13936087608604,5060071130,3,3,train
camelsaus_210014,camelsaus,2922,-32.1531,151.0474,Rouchel Brook River at Rouchel Brook (The Vale) (210014),Australia,401.56812754787234,5060071130,3,3,train
camelsaus_210016,camelsaus,2922,-32.42,150.32,Goulburn River at Kerrabee (210016),Australia,4971.782816872714,5060071130,3,3,train
camelsaus_210022,camelsaus,2922,-32.3078,151.5117,Allyn River at Halton (210022),Australia,188.8404250637048,5060071130,3,3,train
camelsaus_210031,camelsaus,2922,-32.35,150.57,Goulburn River at Sandy Hollow (210031),Australia,6813.440027117436,5060071130,3,3,train
camelsaus_210040,camelsaus,2922,-32.2708,150.6349,Wybong Creek at Wybong (210040),Australia,671.0630507803049,5060071130,3,3,train
camelsaus_210052,camelsaus,2922,-32.0119,150.9965,Pages River at Gundy Recorder (210052),Australia,1071.0898411353442,5060071130,3,3,train
camelsaus_211009,camelsaus,2922,-33.2724,151.3593,Wyong River at Gracemere (211009),Australia,236.65159660787504,5060071140,0,0,test
camelsaus_215002,camelsaus,2922,-35.340833,149.739444,Shoalhaven River at Warri  (215002),Australia,1395.0745814348031,5060071280,3,3,train
camelsaus_216002,camelsaus,2922,-35.468056,150.237222,Clyde River at Brooman (216002),Australia,858.9834783231371,5060071280,3,3,train
camelsaus_216009,camelsaus,2922,-35.714,150.0342,BuCreekenbowra River at Buckenbowra No.3 (216009),Australia,161.78199811799578,5060071280,3,3,train
camelsaus_218005,camelsaus,2922,-36.1975,149.7606,Tuross River at D/S Wadbilliga R Junct (218005),Australia,918.1509350894236,5060071280,3,3,train
camelsaus_218007,camelsaus,2922,-36.2586,149.6914,Wadbilliga River at Wadbilliga (218007),Australia,123.3706546740757,5060071280,3,3,train
camelsaus_218008,camelsaus,2922,-36.13,150.0,Tuross River at Eurobodalla (218008),Australia,1605.8231185883208,5060071280,3,3,train
camelsaus_219003,camelsaus,2922,-36.6674,149.6469,Bemboka River at Morans Crossing (219003),Australia,314.3108812385906,5060071280,3,3,train
camelsaus_219017,camelsaus,2922,-36.6,149.8094,Double Creek at near Brogo (219017),Australia,152.74736604974882,5060071280,3,3,train
camelsaus_219022,camelsaus,2922,-36.7319,149.6842,Tantawangalo Creek at Candelo Dam Site (219022),Australia,198.7856417132508,5060071280,3,3,train
camelsaus_221201,camelsaus,2922,-37.373,149.2,Cann(West Branch River at Weeragua (221201),Australia,323.1439100527544,5060071280,3,3,train
camelsaus_221208,camelsaus,2922,-37.689,149.49,Wingan River at Wingan Inlet National Park (221208),Australia,420.6648090135821,5060071280,3,3,train
camelsaus_221209,camelsaus,2922,-37.356,149.21,Cann(East Branch River at Weeragua (221209),Australia,148.7719256749013,5060071280,3,3,train
camelsaus_221210,camelsaus,2922,-37.416389,149.518611,Genoa River at The Gorge (221210),Australia,838.2018764263233,5060071280,3,3,train
camelsaus_221212,camelsaus,2922,-37.606,148.9,Bemm River at Princes HWY (221212),Australia,726.908263377508,5060071280,3,3,train
camelsaus_222004,camelsaus,2922,-36.9969,149.0925,Little Plains River at Wellesley (Rowes) (222004),Australia,614.0180164577405,5060071980,3,3,train
camelsaus_222202,camelsaus,2922,-37.512,148.55,Brodribb Riber River at Sardine Creek (222202),Australia,651.921694891298,5060071980,3,3,train
camelsaus_222206,camelsaus,2922,-37.494722,148.174722,Buchan River at Buchan (222206),Australia,847.6035349053847,5060071980,3,3,train
camelsaus_223202,camelsaus,2922,-37.268056,147.728056,Tambo River at Swifts Creek (223202),Australia,894.5498707093767,5060071990,4,4,train
camelsaus_223204,camelsaus,2922,-37.59294631,147.697124,Nicholson River at Deptford (223204),Australia,289.1951969267382,5060071990,4,4,train
camelsaus_223205,camelsaus,2922,-37.67253062,147.8698513,Tambo River at D/S Of Ramrod Creek (223205),Australia,2673.7919973610874,5060071990,4,4,train
camelsaus_224201,camelsaus,2922,-37.49,147.17,Wonnangatta R River at Waterford (224201),Australia,1975.557451766564,5060071990,4,4,train
camelsaus_224203,camelsaus,2922,-37.76358991,147.3747776,Mitchell River at Glenaladale (224203),Australia,3918.8969263021663,5060071990,4,4,train
camelsaus_224206,camelsaus,2922,-37.406389,147.088056,Wonnangatta River at Crooked River (224206),Australia,1102.7323370262045,5060071990,4,4,train
camelsaus_224213,camelsaus,2922,-37.493889,147.271389,Dargo River at Lower Dargo Rd (224213),Australia,666.5499513406359,5060071990,4,4,train
camelsaus_225201,camelsaus,2922,-37.9685868,147.0760061,Avon River at Stratford (225201),Australia,1460.5455374671594,5060072180,2,2,train
camelsaus_225209,camelsaus,2922,-37.62961037,146.6233123,Macalister River at Licola (225209),Australia,1237.6936424902428,5060072180,2,2,train
camelsaus_225218,camelsaus,2922,-37.812,147.09,Freestone Creek at Briagolong (225218),Australia,305.328244782204,5060072180,2,2,train
camelsaus_225219,camelsaus,2922,-37.516111,146.566111,Macalister River at Glencairn (225219),Australia,572.2255263421815,5060072180,2,2,train
camelsaus_226023,camelsaus,2922,-38.19405359,146.5439326,Traralgon Creek at Traralgon (226023),Australia,168.424220177694,5060072180,2,2,train
camelsaus_226209,camelsaus,2922,-38.206,146.0,Moe R River at Darnum (226209),Australia,215.6847806834805,5060072180,2,2,train
camelsaus_226402,camelsaus,2922,-38.176,146.21,Moe Drain River at Trafalgar East (226402),Australia,609.3954269755038,5060072180,2,2,train
camelsaus_227202,camelsaus,2922,-38.582,145.99,Tarwin River at Meeniyan (227202),Australia,1069.4110747016089,5060072190,2,2,train
camelsaus_230205,camelsaus,2922,-37.632,144.8,Deep Creek at Bulla (D/S of Emu Ck Ju (230205),Australia,860.6732532647145,5060072670,3,3,train
camelsaus_234200,camelsaus,2922,-37.809,143.59,Woady Yaloak River River at Pitfield (234200),Australia,309.1902199234803,5060072810,0,0,test
camelsaus_234201,camelsaus,2922,-38.012,143.64,Woady Yaloak River at Cressy (Yarima) (234201),Australia,1147.8958166356704,5060072810,0,0,test
camelsaus_234203,camelsaus,2922,-38.354,143.42,Pirron YalloCreek C River at Pirron Yallock (above H'Wy (234203),Australia,164.40496671014165,5060072810,0,0,test
camelsaus_235203,camelsaus,2922,-38.445,142.96,Curdies River River at Curdie (235203),Australia,779.8890180660683,5060072820,2,2,train
camelsaus_235211,camelsaus,2922,-38.588,143.26,Kennedys Creek at Kennedys Ck (235211),Australia,266.0396891832653,5060072820,2,2,train
camelsaus_236205,camelsaus,2922,-38.316,142.48,Merri River at Woodford (236205),Australia,901.9784725768596,5060072970,4,4,train
camelsaus_236209,camelsaus,2922,-38.33543732,142.6251911,Hopkins River at Hopkins Falls (236209),Australia,8449.445069417437,5060072960,0,0,test
camelsaus_236210,camelsaus,2922,-38.24379422,142.7030202,Hopkins River at Framlingham (236210),Australia,5189.657797885499,5060072960,0,0,test
camelsaus_236216,camelsaus,2922,-38.30559215,142.8812902,Mount Emu Creek at Taroon (Ayrford Road Bridge) (236216),Australia,2982.342356538261,5060072960,0,0,test
camelsaus_237200,camelsaus,2922,-38.31991057,142.2264285,Moyne River at Toolong (237200),Australia,558.9196590457682,5060072970,4,4,train
camelsaus_237206,camelsaus,2922,-38.258,141.94,Eumeralla River at Codrington (237206),Australia,432.7794525100167,5060072970,4,4,train
camelsaus_238235,camelsaus,2922,-37.98,141.46,Crawford River at Lower Crawford (238235),Australia,600.4448729798943,5060073130,1,1,val
camelsaus_401012,camelsaus,2922,-36.318333,148.051944,Murray River at Biggara (401012),Australia,1257.5263229354875,5060073410,1,1,val
camelsaus_401017,camelsaus,2922,-35.77,147.93,Mannus Creek at Yarramundi (401017),Australia,199.50359006746228,5060073410,1,1,val
camelsaus_401208,camelsaus,2922,-36.213333,147.677778,Cudgewa Creek at Berringama (401208),Australia,356.3377571635228,5060073410,1,1,val
camelsaus_401210,camelsaus,2922,-36.568611,147.413611,Snowy Creek at Below Granite Flat (401210),Australia,413.0903922600814,5060073410,1,1,val
camelsaus_403200,camelsaus,2922,-36.35066081,146.3209358,Ovens River at Wangaratta (403200),Australia,5119.495419420961,5060073410,1,1,val
camelsaus_403214,camelsaus,2922,-36.577778,146.820278,Happy Valley Creek at Rosewhite (403214),Australia,137.69043558319663,5060073410,1,1,val
camelsaus_403222,camelsaus,2922,-36.910833,146.700556,Buffalo River at Abbeyard (403222),Australia,415.0160587612809,5060073410,1,1,val
camelsaus_403223,camelsaus,2922,-36.5163133,146.3894165,King River at Docker Road Bridge (403223),Australia,1083.5304150243594,5060073410,1,1,val
camelsaus_403230,camelsaus,2922,-36.5334707,146.6683095,Ovens River at Rocky Point (403230),Australia,2968.004015070696,5060073410,1,1,val
camelsaus_403232,camelsaus,2922,-36.751111,146.979722,Morses Creek at Wandiligong (403232),Australia,125.38906049693092,5060073410,1,1,val
camelsaus_404204,camelsaus,2922,-36.12376902,145.8319105,Boosey Creek at Tungamah (404204),Australia,830.6052263287922,5060073410,1,1,val
camelsaus_404207,camelsaus,2922,-36.612222,146.058611,Holland Creek at Kelfeera (404207),Australia,454.90147865123146,5060073410,1,1,val
camelsaus_405214,camelsaus,2922,-37.159,146.11,Delatite River at Tonga Br (405214),Australia,359.9516392816687,5060073410,1,1,val
camelsaus_405218,camelsaus,2922,-37.291667,146.1875,Jamieson River at Gerrang Bridge (405218),Australia,366.9054342204517,5060073410,1,1,val
camelsaus_405231,camelsaus,2922,-37.347,145.29,King Parrot Creek at Flowerdale (405231),Australia,182.66315482673332,5060073410,1,1,val
camelsaus_405234,camelsaus,2922,-36.888,145.68,Seven Creeks River at D/S of Polly McQuinn Weir (405234),Australia,154.80512413717878,5060073410,1,1,val
camelsaus_405240,camelsaus,2922,-37.061,145.06,Sugarloaf Creek at Ash Br (405240),Australia,611.0313255463625,5060073410,1,1,val
camelsaus_405264,camelsaus,2922,-37.520556,146.076667,Big River at D/S of Frenchman Creek Junction (405264),Australia,336.53748332954945,5060073410,1,1,val
camelsaus_406214,camelsaus,2922,-36.773889,144.428333,Axe Creek at Longlea (406214),Australia,235.95255899939752,5060073410,1,1,val
camelsaus_407213,camelsaus,2922,-37.085,143.81,McCallums Creek at Carisbrook (407213),Australia,467.1856128802554,5060073410,1,1,val
camelsaus_407214,camelsaus,2922,-37.296944,143.789444,Creswick Creek at Clunes (407214),Australia,305.3231668488165,5060073410,1,1,val
camelsaus_407217,camelsaus,2922,-37.15795783,144.2084168,Loddon River at Vaughan D/S Fryers Creek (407217),Australia,294.407270597355,5060073410,1,1,val
camelsaus_410033,camelsaus,2922,-36.17,149.09,Murrumbidgee River at Mittagang Crossing (410033),Australia,1894.7754205142724,5060073410,1,1,val
camelsaus_410038,camelsaus,2922,-35.0192,148.2457,Adjungbilly Creek at Darbalara (410038),Australia,389.3140922523419,5060073410,1,1,val
camelsaus_410044,camelsaus,2922,-34.9319,148.1616,Muttama Creek at Coolac (410044),Australia,1063.265898462987,5060073410,1,1,val
camelsaus_410057,camelsaus,2922,-35.33,148.348889,Goobarragandra River at Lacmalac (410057),Australia,664.89112367886,5060073410,1,1,val
camelsaus_410062,camelsaus,2922,-36.1793,149.3485,Numeralla River at Numeralla School (410062),Australia,673.782599440254,5060073410,1,1,val
camelsaus_410088,camelsaus,2922,-35.42,148.73,Goodradigbee River at Brindabella (No.2&No.3-Cab (410088),Australia,428.1548729383478,5060073410,1,1,val
camelsaus_410091,camelsaus,2922,-35.69,146.72,Billabong Creek at Walbundrie (410091),Australia,2638.1700552818543,5060073410,1,1,val
camelsaus_410156,camelsaus,2922,-35.35,147.55,Kyeamba Creek at Book Book (410156),Australia,144.53080056942596,5060073410,1,1,val
camelsaus_410705,camelsaus,2922,-35.335556,149.316111,Molonglo River at Burbong (410705),Australia,497.7569630748458,5060073410,1,1,val
camelsaus_410713,camelsaus,2922,-35.3843,148.9656,Paddy's River at Riverlea (410713),Australia,226.47695192549483,5060073410,1,1,val
camelsaus_410731,camelsaus,2922,-35.575,149.066111,Gudgenby River at Tennent (410731),Australia,669.5115506508799,5060073410,1,1,val
camelsaus_412066,camelsaus,2922,-34.112778,149.5975,Abercrombie River at Hadley No. 2 (412066),Australia,1635.7824931119517,5060073410,1,1,val
camelsaus_415201,camelsaus,2922,-36.909,142.64,Wimmera River at Glenorchy Weir Tail Gauge (415201),Australia,1972.9751329643268,5060073410,1,1,val
camelsaus_415206,camelsaus,2922,-36.95390887,142.8600891,Wimmera River at Glynwylln (415206),Australia,1385.8647004353847,5060073410,1,1,val
camelsaus_416003,camelsaus,2922,-29.029167,151.725833,Tenterfield Creek at Clifton (416003),Australia,556.0919334910908,5060073410,1,1,val
camelsaus_416008,camelsaus,2922,-29.219167,151.383056,Beadt River at Haystack (416008),Australia,899.4129650249513,5060073410,1,1,val
camelsaus_416010,camelsaus,2922,-29.2642,150.8984,Macintyre River at Wallangra (416010),Australia,2145.493589048112,5060073410,1,1,val
camelsaus_416023,camelsaus,2922,-29.2929,151.9234,Deepwater River at Bolivia (416023),Australia,539.8269448130991,5060073410,1,1,val
camelsaus_416032,camelsaus,2922,-29.017,151.5986,Mole River at Donaldson (416032),Australia,1588.7492429509264,5060073410,1,1,val
camelsaus_418005,camelsaus,2922,-29.916944,151.114167,Copes Creek at Kimberley (418005),Australia,237.84007848686537,5060073410,1,1,val
camelsaus_418014,camelsaus,2922,-30.4675,151.362778,Gwydir River at Yarrowyck (418014),Australia,827.2791529584279,5060073410,1,1,val
camelsaus_418015,camelsaus,2922,-29.83,150.35,Horton River at Rider (Killara) (418015),Australia,1958.7534452156983,5060073410,1,1,val
camelsaus_418017,camelsaus,2922,-29.7992,150.5832,Myall Creek at Molroy (418017),Australia,873.3106453761164,5060073410,1,1,val
camelsaus_418021,camelsaus,2922,-30.2293,151.1857,Laura Creek at Laura (418021),Australia,347.38364977685166,5060073410,1,1,val
camelsaus_418032,camelsaus,2922,-29.6719,150.0426,Tycannah Creek at Horseshoe Lagoon (418032),Australia,855.1513348263284,5060073410,1,1,val
camelsaus_419005,camelsaus,2922,-30.678611,150.778056,Namoi River at North Cuerindi (419005),Australia,2538.5367080287765,5060073410,1,1,val
camelsaus_419010,camelsaus,2922,-30.9669,151.3448,Macdonald River at Woolbrook (419010),Australia,844.8713866839594,5060073410,1,1,val
camelsaus_419054,camelsaus,2922,-31.0396,151.1694,Swamp Oak Creek at Limbri (419054),Australia,393.5391075763017,5060073410,1,1,val
camelsaus_420003,camelsaus,2922,-31.3861,149.2011,Belar Creek at Warkton (Blackburns) (420003),Australia,130.939356513774,5060073410,1,1,val
camelsaus_420017,camelsaus,2922,-31.4197,149.3103,Castlereagh River at Hidden Valley (420017),Australia,1157.168432200427,5060073410,1,1,val
camelsaus_421018,camelsaus,2922,-32.6808,148.9478,Bell River at Newrea (421018),Australia,1635.7574722590746,5060073410,1,1,val
camelsaus_421048,camelsaus,2922,-32.7072,148.5511,Little River at Obley No.2 (421048),Australia,578.0292399643944,5060073410,1,1,val
camelsaus_422202B,camelsaus,2922,-26.708889,150.178889,Dogwood Creek at Gilweir (422202B),Australia,2989.8167324003048,5060073410,1,1,val
camelsaus_422334A,camelsaus,2922,-27.926389,151.8625,Kings Creek at Aides Bridge (422334A),Australia,514.5672185494255,5060073410,1,1,val
camelsaus_422394A,camelsaus,2922,-28.371111,152.141944,Condamine River at Elbow Valley (422394A),Australia,328.4775719285137,5060073410,1,1,val
camelsaus_602004,camelsaus,2922,-34.8861,118.0,Kalgan R River at Stevens Farm (602004),Australia,2433.2608402125934,5060076890,4,4,train
camelsaus_603004,camelsaus,2922,-34.9108,117.4783,Hay River at Sunny Glen (603004),Australia,1235.1662088600594,5060055960,1,1,val
camelsaus_603136,camelsaus,2922,-34.8667,117.315,Denmark River at Mt Lindesay (603136),Australia,494.4894844871664,5060055960,1,1,val
camelsaus_604001,camelsaus,2922,-34.6227,117.0353,Kent River at Rocky Glen (604001),Australia,1118.5417599940415,5060055960,1,1,val
camelsaus_605012,camelsaus,2922,-34.9062,116.7885,Frankland R River at Mount Frankland (605012),Australia,4737.720988112506,5060056090,1,1,val
camelsaus_606195,camelsaus,2922,-34.8069,116.5752,Weld River at Ordnance Rd Crossing (606195),Australia,246.0267407738125,5060056100,3,3,train
camelsaus_607003,camelsaus,2922,-34.3694,116.2777,Warren River at Wheatley Farm (607003),Australia,2989.7196979487403,5060056100,3,3,train
camelsaus_607004,camelsaus,2922,-34.3311,116.4585,Perup River at Quabicup Hill (607004),Australia,665.7343573533352,5060056100,3,3,train
camelsaus_607144,camelsaus,2922,-34.3486,116.3475,Wilgarup River at Quintarrup (607144),Australia,472.4589868597618,5060056100,3,3,train
camelsaus_607220,camelsaus,2922,-34.5217,115.8994,Warren River at Barker Rd Crossing (607220),Australia,3940.088890905717,5060056100,3,3,train
camelsaus_608151,camelsaus,2922,-34.3272,115.7846,Donnelly River at Strickland (608151),Australia,771.0487356548019,5060056100,3,3,train
camelsaus_609002,camelsaus,2922,-34.2761,115.3022,Scott River at Brennans Ford (609002),Australia,594.1103322206383,5060056250,2,2,train
camelsaus_609010,camelsaus,2922,-32.9048,117.614,Northern Arthur River at Lake Toolibin Inflow (609010),Australia,440.3561466659392,5060056250,2,2,train
camelsaus_609018,camelsaus,2922,-33.9435,115.6914,St John Brook River at Barrabup Pool (609018),Australia,550.7368723132903,5060056250,2,2,train
camelsaus_612001,camelsaus,2922,-33.3303,116.2632,Collie R East River at Coolangatta Farm (612001),Australia,1343.6171068161036,5060056390,0,0,test
camelsaus_612014,camelsaus,2922,-33.2776,116.2756,Bingham River at Palmer (612014),Australia,366.4930046860436,5060056390,0,0,test
camelsaus_612025,camelsaus,2922,-33.4557,116.4258,Camballan Creek at James Well (612025),Australia,167.8390315132527,5060056390,0,0,test
camelsaus_614006,camelsaus,2922,-32.7722,116.0843,Murray River at Baden Powell Wtr Spout (614006),Australia,6758.9032099719625,5060056430,1,1,val
camelsaus_614224,camelsaus,2922,-32.8656,116.3981,Hotham River at Marradong Rd Bridge (614224),Australia,3966.404183107598,5060056430,1,1,val
camelsaus_616002,camelsaus,2922,-32.068333,116.2925,Darkin River at Pine Plantation (616002),Australia,670.2874170793111,5060056460,3,3,train
camelsaus_616019,camelsaus,2922,-31.6744,116.1178,BroCreekman River at Yalliawirra (616019),Australia,1527.480508909493,5060056460,3,3,train
camelsaus_617003,camelsaus,2922,-31.3194,115.627,Gingin Brook River at Bookine Bookine (617003),Australia,1405.9839160379763,5060056510,0,0,test
camelsaus_701007,camelsaus,2922,-28.7629,114.6688,Chapman River at Utakarra (701007),Australia,1933.8902314160152,5060056620,3,3,train
camelsaus_701009,camelsaus,2922,-29.238,115.0351,Irwin River at Mountain Bridge (701009),Australia,5262.677594205754,5060056580,4,4,train
camelsaus_704139,camelsaus,2922,-24.8276,113.7691,Gascoyne River at Nine Mile Bridge (704139),Australia,73056.7871392986,5060057320,2,2,train
camelsaus_707002,camelsaus,2922,-21.6162,115.9225,Robe River at Yarraloola (707002),Australia,7282.315286071814,5060057900,1,1,val
camelsaus_707005,camelsaus,2922,-22.0226,115.5945,Cane River at Toolunga (707005),Australia,2336.7461743049444,5060057720,1,1,val
camelsaus_708011,camelsaus,2922,-23.4014,119.7943,Fortescue River at Newman (708011),Australia,2883.634276604083,5060057970,3,3,train
camelsaus_710003,camelsaus,2922,-20.3114,119.249,De Grey River at Coolenar Pool (710003),Australia,53466.02195890894,5060058580,4,4,train
camelsaus_710229,camelsaus,2922,-21.0943,119.3173,Shaw River at North Pole Mine (710229),Australia,6514.485035269965,5060058580,4,4,train
camelsaus_804001,camelsaus,2922,-17.008889,125.4275,Isdell River at Dales Yard (804001),Australia,1838.880439188072,5060059950,4,4,train
camelsaus_809310,camelsaus,2922,-17.425833,127.600556,Ord River at Bedford Downs (809310),Australia,549.7032290205328,5060061240,1,1,val
camelsaus_809315,camelsaus,2922,-17.1775,129.0925,Negri River at Mistake Ck Homestead (809315),Australia,7493.996516628267,5060061240,1,1,val
camelsaus_809316,camelsaus,2922,-17.3738,128.8537,Ord River at Old Ord Homestead (809316),Australia,19483.02933023741,5060061240,1,1,val
camelsaus_809321,camelsaus,2922,-16.1863,128.3,Dunham River at Dunham Gorge (809321),Australia,1642.188544233845,5060061240,1,1,val
camelsaus_809322,camelsaus,2922,-16.6475,128.0925,Wilson River at Odonnell Range (809322),Australia,2536.7093141443925,5060061240,1,1,val
camelsaus_912105A,camelsaus,2922,-18.970833,138.803333,Gregory River at Riversleigh No. 2 (912105A),Australia,11416.658076213496,5060065420,4,4,train
camelsaus_915206A,camelsaus,2922,-20.2013,140.2233,Dugald River at Railway Crossing (915206A),Australia,659.6439267877912,5060065600,3,3,train
camelsaus_919003A,camelsaus,2922,-16.471389,144.290556,Mitchell River at O.K. Bridge (919003A),Australia,7754.122104552916,5060065980,4,4,train
camelsaus_919005A,camelsaus,2922,-16.6788,145.2267,Rifle Creek at Fonthill (919005A),Australia,367.91376387316143,5060065980,4,4,train
camelsaus_919201A,camelsaus,2922,-16.108056,144.778611,Palmer River at Goldfields (919201A),Australia,533.271813122421,5060065980,4,4,train
camelsaus_919309A,camelsaus,2922,-16.545278,143.784722,Walsh River at Trimbles Crossing (919309A),Australia,8677.66407999898,5060065980,4,4,train
camelsaus_A0020101,camelsaus,2922,-25.9088,139.3667,Diamantina River at Birdsville (A0020101),Australia,119303.48666214263,5060087590,2,2,train
camelsaus_A0030501,camelsaus,2922,-27.7013,140.8433,Cooper Creek at Cullyamurra Water Hole (A0030501),Australia,233353.7769335156,5060087590,2,2,train
camelsaus_G8140001,camelsaus,2922,-14.463333,132.256944,Katherine River at Railway Bridge (G8140001),Australia,8274.45125215054,5060062110,4,4,train
camelsaus_G8140040,camelsaus,2922,-13.8308,130.7358,Daly River at Mount Nancar (G8140040),Australia,47832.15019362224,5060062110,4,4,train
camelsaus_G8140063,camelsaus,2922,-13.798,131.3396,Douglas River at D/S Old Douglas H/S (G8140063),Australia,844.3498002013528,5060062110,4,4,train
camelsaus_G8150180,camelsaus,2922,-12.9696,130.7621,Finniss River at Gitchams (G8150180),Australia,1047.9343093121463,5060062200,3,3,train
camelsaus_G8170002,camelsaus,2922,-13.240556,131.108333,Adelaide River at Railway Bridge (G8170002),Australia,645.6875361891318,5060062380,0,0,test
camelsaus_G9030250,camelsaus,2922,-14.6953,134.4197,Ropa River at Red Rock  (G9030250),Australia,43624.52266450094,5060064130,2,2,train
camelsbr_12500000,camelsbr,2921,-7.6333,-72.6603,cruzeiro do sul,Brazil,38092.91379861183,6060007000,4,4,train
camelsbr_12520000,camelsbr,2921,-7.0556,-71.6892,ipixuna,Brazil,55719.917062071,6060007000,4,4,train
camelsbr_13470000,camelsbr,2921,-11.0178,-68.745,brasileia,Brazil,7251.469553910214,6060007000,4,4,train
camelsbr_13710001,camelsbr,2921,-8.6533,-67.375,valparaiso - montante,Brazil,105906.48552277424,6060007000,4,4,train
camelsbr_13870000,camelsbr,2921,-7.2581,-64.7975,labrea,Brazil,227881.11476596465,6060007000,4,4,train
camelsbr_14250000,camelsbr,2921,0.3717,-67.3128,sao felipe,Brazil,124382.80328529426,6060007000,4,4,train
camelsbr_14280001,camelsbr,2921,0.1303,-68.5386,taraqua,Brazil,44069.38067775824,6060007000,4,4,train
camelsbr_14440000,camelsbr,2921,0.8842,-62.6219,posto ajuricaba,Brazil,17848.064240089825,6060007000,4,4,train
camelsbr_14515000,camelsbr,2921,3.2078,-60.5711,fazenda passarao,Brazil,49579.428546300194,6060007000,4,4,train
camelsbr_15130000,camelsbr,2921,-13.4858,-61.05,pimenteiras,Brazil,55942.89684243529,6060007000,4,4,train
camelsbr_15800000,camelsbr,2921,-7.7058,-60.5783,boca do guariba,Brazil,70446.79559406651,6060007000,4,4,train
camelsbr_17350000,camelsbr,2921,-9.817222,-54.885833,cachimbo,Brazil,1015.5372092333592,6060007000,4,4,train
camelsbr_18200000,camelsbr,2921,-1.7789,-54.3972,arapari,Brazil,12484.742100764452,6060007000,4,4,train
camelsbr_27550000,camelsbr,2921,-7.613611,-49.045278,arapoema,Brazil,1205.0096554002466,6060007950,3,3,train
camelsbr_61014000,camelsbr,2921,-22.17,-44.636944,alagoa,Brazil,286.1006779225822,6060016970,1,1,val
camelsbr_61060000,camelsbr,2921,-21.688889,-44.350833,fazenda laranjeiras,Brazil,1974.127240067896,6060016970,1,1,val
camelsbr_61085000,camelsbr,2921,-21.279444,-43.814444,campolide,Brazil,554.9639935165293,6060016970,1,1,val
camelsbr_61115000,camelsbr,2921,-21.0525,-44.211111,usina sao joao del rei,Brazil,608.2225074552232,6060016970,1,1,val
camelsbr_61122000,camelsbr,2921,-21.195556,-44.328611,vila rio das mortes,Brazil,273.4755374895843,6060016970,1,1,val
camelsbr_64360000,camelsbr,2921,-23.7667,-49.95,tomazina,Brazil,2021.843157690481,6060016970,1,1,val
camelsbr_64501000,camelsbr,2921,-23.6372,-50.9233,porto londrina,Brazil,18676.132162062804,6060016970,1,1,val
camelsbr_64625000,camelsbr,2921,-24.83,-51.1422,tereza cristina,Brazil,3619.202225759001,6060016970,1,1,val
camelsbr_64645000,camelsbr,2921,-24.3419,-51.4244,porto espanhol,Brazil,8610.707366037781,6060016970,1,1,val
camelsbr_64682000,camelsbr,2921,-23.441389,-52.604722,japura - rio dos indios,Brazil,817.2351787932278,6060016970,1,1,val
camelsbr_64785000,camelsbr,2921,-24.554444,-52.901389,ponte do goio - bang,Brazil,1347.56817729391,6060016970,1,1,val
camelsbr_64820000,camelsbr,2921,-24.2,-53.3331,porto formosa,Brazil,17442.876854486298,6060016970,1,1,val
camelsbr_64830000,camelsbr,2921,-24.1881,-53.7461,balsa santa maria,Brazil,20978.709266058704,6060016970,1,1,val
camelsbr_81102000,camelsbr,2921,-24.930278,-49.483056,balsa do jacare,Brazil,1722.5526177050629,6060014460,2,2,train
camelsbr_81135000,camelsbr,2921,-24.7964,-49.2725,balsa do cerro azul,Brazil,4679.402257711904,6060014460,2,2,train
camelsbr_81200000,camelsbr,2921,-24.6556,-48.9997,capela da ribeira,Brazil,7429.425102690947,6060014460,2,2,train
camelsbr_83050000,camelsbr,2921,-27.113889,-49.995278,taio,Brazil,1597.508391472361,6060014900,4,4,train
camelsbr_83300200,camelsbr,2921,-27.2078,-49.6292,rio do sul - novo,Brazil,5150.339392683113,6060014900,4,4,train
camelsbr_83892998,camelsbr,2921,-27.197222,-49.087778,botuvera-montante,Brazil,790.4382743101773,6060014900,4,4,train
camelsch_2009,camelsch,1827,46.35,6.89,Porte_du_Scex,CH,5225.273653143499,2060016510,1,1,val
camelsch_2011,camelsch,1827,46.22,7.36,Sion,CH,3363.354924084301,2060016510,1,1,val
camelsch_2016,camelsch,1827,47.48,8.19,Brugg,CH,11649.797794427994,2060023010,1,1,val
camelsch_2018,camelsch,1827,47.42,8.27,Mellingen,CH,3376.6137700936074,2060023010,1,1,val
camelsch_2019,camelsch,1827,46.75,8.09,Brienzwiler,CH,553.6847750354171,2060023010,1,1,val
camelsch_2020,camelsch,1827,46.19,9.01,Bellinzona,CH,1513.4924252453204,2060013010,2,2,train
camelsch_2024,camelsch,1827,46.13,7.09,Branson,CH,3717.857977812756,2060016510,1,1,val
camelsch_2029,camelsch,1827,47.12,7.28,Brügg-Aegerten,CH,8226.62048963216,2060023010,1,1,val
camelsch_2030,camelsch,1827,46.76,7.61,Thun,CH,2452.753985662572,2060023010,1,1,val
camelsch_2033,camelsch,1827,46.78,9.21,Ilanz,CH,771.9873061523159,2060023010,1,1,val
camelsch_2034,camelsch,1827,46.84,6.94,Payerne-Caserne_d'aviation,CH,414.8251096779886,2060023010,1,1,val
camelsch_2044,camelsch,1827,47.6,8.68,Andelfingen,CH,1696.7337286641282,2060023010,1,1,val
camelsch_2053,camelsch,1827,46.1,7.06,Martigny-Pont_de_Rossettan,CH,673.7924161768851,2060016510,1,1,val
camelsch_2056,camelsch,1827,46.88,8.62,Seedorf,CH,830.9809633645826,2060023010,1,1,val
camelsch_2063,camelsch,1827,47.27,7.83,Murgenthal,CH,10032.407865498575,2060023010,1,1,val
camelsch_2067,camelsch,1827,46.89,10.47,Martina,CH,1932.3385159027584,2060008490,3,3,train
camelsch_2068,camelsch,1827,46.16,8.91,Riazzino,CH,1608.977277883506,2060013010,2,2,train
camelsch_2070,camelsch,1827,46.95,7.75,Emmenmatt,CH,441.8424681980205,2060023010,1,1,val
camelsch_2078,camelsch,1827,46.3,10.08,Le_Prese,CH,167.26671038209105,2060013010,2,2,train
camelsch_2079,camelsch,1827,46.3,10.08,Le_Prese,CH,1.0000273624227485,2060013010,2,2,train
camelsch_2084,camelsch,1827,47.0,8.6,Ingenbohl,CH,315.7637259544357,2060023010,1,1,val
camelsch_2085,camelsch,1827,47.06,7.18,Hagneck,CH,5098.271838825177,2060023010,1,1,val
camelsch_2086,camelsch,1827,46.38,8.97,Loderio,CH,399.18370457088383,2060013010,2,2,train
camelsch_2087,camelsch,1827,46.64,8.59,Andermatt,CH,189.67742378662888,2060023010,1,1,val
camelsch_2091,camelsch,1827,47.56,7.8,Rheinfelden-Messstation,CH,34383.20543793149,2060023010,1,1,val
camelsch_2099,camelsch,1827,47.39,8.53,Zürich-Unterhard,CH,2167.98057207713,2060023010,1,1,val
camelsch_2102,camelsch,1827,46.9,8.25,Sarnen,CH,268.5756972337628,2060023010,1,1,val
camelsch_2104,camelsch,1827,47.13,9.09,Weesen-Biäsche,CH,1058.62749012395,2060023010,1,1,val
camelsch_2105,camelsch,1827,46.48,9.83,St._Moritzbad,CH,154.9851023218623,2060008490,3,3,train
camelsch_2106,camelsch,1827,47.52,7.62,Münchenstein-Hofmatt,CH,884.7929218488506,2060023010,1,1,val
camelsch_2109,camelsch,1827,46.66,7.87,Gsteig,CH,379.6508048131505,2060023010,1,1,val
camelsch_2110,camelsch,1827,47.22,8.4,Mühlau-Hünenberg,CH,2894.47917492116,2060023010,1,1,val
camelsch_2112,camelsch,1827,47.33,9.41,Appenzell,CH,74.22640470033569,2060023010,1,1,val
camelsch_2117,camelsch,1827,46.08,7.21,Le_Châble-Villette,CH,253.02411786685764,2060016510,1,1,val
camelsch_2119,camelsch,1827,46.8,7.17,Fribourg,CH,1267.189308141505,2060023010,1,1,val
camelsch_2122,camelsch,1827,47.28,7.38,Moutier-La_Charrue,CH,185.27662331839943,2060023010,1,1,val
camelsch_2125,camelsch,1827,47.22,8.42,Frauenthal,CH,261.00360312775973,2060023010,1,1,val
camelsch_2126,camelsch,1827,47.5,8.95,Wängi,CH,79.91414612650051,2060023010,1,1,val
camelsch_2132,camelsch,1827,47.52,8.65,Neftenbach,CH,342.34289239569046,2060023010,1,1,val
camelsch_2135,camelsch,1827,46.93,7.45,Bern-Schönau,CH,2933.356687596012,2060023010,1,1,val
camelsch_2139,camelsch,1827,47.45,9.66,St._Margrethen,CH,174.45158444169817,2060023010,1,1,val
camelsch_2141,camelsch,1827,46.66,9.57,Tiefencastel,CH,527.6420228730328,2060023010,1,1,val
camelsch_2143,camelsch,1827,47.57,8.33,Rekingen,CH,14677.089524805284,2060023010,1,1,val
camelsch_2150,camelsch,1827,46.97,9.61,Felsenbach,CH,612.0970440062389,2060023010,1,1,val
camelsch_2151,camelsch,1827,46.66,7.44,Oberwil,CH,342.7878352076026,2060023010,1,1,val
camelsch_2152,camelsch,1827,47.05,8.3,Luzern-Geissmattbrücke,CH,2247.92718955334,2060023010,1,1,val
camelsch_2155,camelsch,1827,47.16,7.55,Wiler-Limpachmündung,CH,921.5810912370496,2060023010,1,1,val
camelsch_2157,camelsch,1827,47.16,7.56,Gerlafingen,CH,12.642030987642578,2060023010,1,1,val
camelsch_2159,camelsch,1827,46.89,7.5,Belp-Mülimatt,CH,115.83570679333712,2060023010,1,1,val
camelsch_2160,camelsch,1827,46.6,7.09,Broc-Château_d'en_bas,CH,634.5593733580389,2060023010,1,1,val
camelsch_2161,camelsch,1827,46.39,8.01,Blatten_bei_Naters,CH,194.999732341402,2060016510,1,1,val
camelsch_2167,camelsch,1827,45.97,8.85,Ponte_Tresa-Rocchetta,CH,607.4279789376085,2060013010,2,2,train
camelsch_2170,camelsch,1827,46.18,6.16,Genève-Bout_du_Monde,CH,1970.366261142864,2060016510,1,1,val
camelsch_2174,camelsch,1827,46.15,5.97,Chancy-Aux_Ripes,CH,10284.914216668682,2060016510,1,1,val
camelsch_2176,camelsch,1827,47.37,8.53,Zürich-Sihlhölzli,CH,341.6326661950443,2060023010,1,1,val
camelsch_2179,camelsch,1827,46.89,7.35,Thörishaus-Sensematt,CH,350.23960519575826,2060023010,1,1,val
camelsch_2181,camelsch,1827,47.51,9.21,Halden,CH,1081.930500041684,2060023010,1,1,val
camelsch_2185,camelsch,1827,46.86,9.51,Chur,CH,263.65382248685273,2060023010,1,1,val
camelsch_2187,camelsch,1827,47.24,9.51,Salez,CH,182.1091397152823,2060023010,1,1,val
camelsch_2199,camelsch,1827,47.58,7.6,Basel,CH,452.98733106954165,2060023010,1,1,val
camelsch_2200,camelsch,1827,46.63,7.9,Zweilütschinen,CH,164.4875159873312,2060023010,1,1,val
camelsch_2202,camelsch,1827,47.49,7.73,Liestal,CH,260.4722603217502,2060023010,1,1,val
camelsch_2203,camelsch,1827,46.32,6.97,Aigle,CH,131.23947612513882,2060016510,1,1,val
camelsch_2205,camelsch,1827,47.52,8.23,Untersiggenthal-Stilli,CH,17505.866486290644,2060023010,1,1,val
camelsch_2206,camelsch,1827,46.17,9.08,Melera_(Valle_Morobbia),CH,1.0636012851041523,2060013010,2,2,train
camelsch_2210,camelsch,1827,47.35,7.08,Ocourt,CH,1271.9740959127726,2060016510,1,1,val
camelsch_2215,camelsch,1827,46.91,7.23,Laupen,CH,1856.83985843254,2060023010,1,1,val
camelsch_2219,camelsch,1827,46.43,7.47,Oberried_/_Lenk,CH,34.652747396510726,2060023010,1,1,val
camelsch_2232,camelsch,1827,46.49,7.55,Adelboden,CH,28.71268322044014,2060023010,1,1,val
camelsch_2239,camelsch,1827,46.63,10.19,Punt_dal_Gall,CH,293.83421787226644,2060008490,3,3,train
camelsch_2243,camelsch,1827,47.48,8.31,Baden-Limmatpromenade,CH,2387.0879743535315,2060023010,1,1,val
camelsch_2244,camelsch,1827,46.22,8.02,Klusmatten,CH,19.38568347037748,2060013010,2,2,train
camelsch_2247,camelsch,1827,47.08,6.71,Sortie_du_lac_des_Brenets,CH,865.0622781515277,2060016510,1,1,val
camelsch_2256,camelsch,1827,46.49,9.9,Pontresina,CH,66.35643444834926,2060008490,3,3,train
camelsch_2262,camelsch,1827,46.49,9.91,Pontresina,CH,106.63470841310938,2060008490,3,3,train
camelsch_2263,camelsch,1827,46.57,9.94,La_Punt-Chamues-ch,CH,73.1633494502042,2060008490,3,3,train
camelsch_2265,camelsch,1827,46.79,10.28,Tarasp,CH,1576.585125701186,2060008490,3,3,train
camelsch_2269,camelsch,1827,46.42,7.82,Blatten,CH,77.16715568909356,2060016510,1,1,val
camelsch_2276,camelsch,1827,46.91,8.56,Isenthal,CH,43.74943704211884,2060023010,1,1,val
camelsch_2282,camelsch,1827,47.02,7.84,Wasen-Kurzeneialp,CH,0.5620769780012703,2060023010,1,1,val
camelsch_2283,camelsch,1827,47.02,7.89,Wasen-Riedbad,CH,0.6036730006795543,2060023010,1,1,val
camelsch_2288,camelsch,1827,47.68,8.63,Neuhausen-Flurlingerbrücke,CH,11848.441300189756,2060023010,1,1,val
camelsch_2289,camelsch,1827,47.56,7.62,Basel-Rheinhalle,CH,35732.06537219414,2060023010,1,1,val
camelsch_2290,camelsch,1827,46.91,6.56,St-Sulpice,CH,103.78225595517992,2060023010,1,1,val
camelsch_2299,camelsch,1827,46.81,8.6,Erstfeld-Bodenberg,CH,20.62767013480849,2060023010,1,1,val
camelsch_2300,camelsch,1827,47.08,8.81,Euthal-Rüti,CH,58.970107402250896,2060023010,1,1,val
camelsch_2303,camelsch,1827,47.41,9.08,Jonschwil-Mühlau,CH,491.5412610618418,2060023010,1,1,val
camelsch_2304,camelsch,1827,46.66,10.19,Zernez-Punt_la_Drossa,CH,55.10689572885678,2060008490,3,3,train
camelsch_2305,camelsch,1827,47.4,9.26,Herisau-Zellersmühle,CH,16.674353292349117,2060023010,1,1,val
camelsch_2307,camelsch,1827,47.2,7.17,Sonceboz,CH,126.89504223668514,2060023010,1,1,val
camelsch_2308,camelsch,1827,47.49,9.47,Goldach-Bleiche,CH,50.259685018833785,2060023010,1,1,val
camelsch_2309,camelsch,1827,47.49,9.47,Horn-Farbmühle,CH,0.6427456901013615,2060023010,1,1,val
camelsch_2312,camelsch,1827,47.55,9.36,Salmsach-Hungerbühl,CH,47.24445060668526,2060023010,1,1,val
camelsch_2319,camelsch,1827,46.69,10.12,Zernez,CH,26.874427410007687,2060008490,3,3,train
camelsch_2321,camelsch,1827,46.02,8.96,Pregassona,CH,75.57623727312819,2060013010,2,2,train
camelsch_2327,camelsch,1827,46.78,9.88,Davos-Kriegsmatte,CH,42.74656253087516,2060023010,1,1,val
camelsch_2342,camelsch,1827,46.32,7.99,Brig,CH,76.31477864745952,2060016510,1,1,val
camelsch_2343,camelsch,1827,47.12,7.83,Huttwil-Häberenbad,CH,59.76075645981433,2060023010,1,1,val
camelsch_2346,camelsch,1827,46.32,7.98,Brig,CH,903.6675166167544,2060016510,1,1,val
camelsch_2347,camelsch,1827,46.2,9.17,Roveredo-Bacino_di_compenso,CH,8.102061121315105,2060013010,2,2,train
camelsch_2349,camelsch,1827,45.85,9.01,Chiasso-Ponte_di_Polenta,CH,46.96984778608623,2060013010,2,2,train
camelsch_2351,camelsch,1827,46.28,7.88,Visp,CH,783.6988284759747,2060016510,1,1,val
camelsch_2352,camelsch,1827,46.92,8.99,Linthal-Ausgleichsbecken_KLL,CH,146.48384184279428,2060023010,1,1,val
camelsch_2355,camelsch,1827,46.76,9.79,Davos-Frauenkirch,CH,183.189222491124,2060023010,1,1,val
camelsch_2356,camelsch,1827,46.37,8.54,Cavergno-Pontit,CH,23.85340578427056,2060013010,2,2,train
camelsch_2364,camelsch,1827,46.52,8.67,Piotta,CH,158.47020952496706,2060013010,2,2,train
camelsch_2366,camelsch,1827,46.4,10.07,La_Rösa,CH,14.05299460328876,2060013010,2,2,train
camelsch_2368,camelsch,1827,46.17,8.77,Locarno-Solduno,CH,926.3538688885376,2060013010,2,2,train
camelsch_2369,camelsch,1827,46.78,6.72,Yvonand-La_Mauguettaz,CH,105.01906961643536,2060023010,1,1,val
camelsch_2370,camelsch,1827,47.23,6.93,Le_Noirmont-La_Goule,CH,1043.9259856191693,2060016510,1,1,val
camelsch_2371,camelsch,1827,46.55,6.15,Le_Chenit-Frontière,CH,45.72485564546046,2060023010,1,1,val
camelsch_2372,camelsch,1827,47.1,9.07,Mollis-Linthbrücke,CH,598.5938202934028,2060023010,1,1,val
camelsch_2374,camelsch,1827,47.36,9.12,Mogelsberg-Aachsäge,CH,87.84828905440683,2060023010,1,1,val
camelsch_2378,camelsch,1827,46.73,6.52,Orbe-Le_Chalet,CH,341.88469765545807,2060023010,1,1,val
camelsch_2386,camelsch,1827,47.57,8.89,Frauenfeld,CH,212.67431358941616,2060023010,1,1,val
camelsch_2387,camelsch,1827,46.72,9.45,Fürstenau,CH,1572.6849576926486,2060023010,1,1,val
camelsch_2403,camelsch,1827,46.64,10.02,Cinuos-Chel,CH,731.532380264716,2060008490,3,3,train
camelsch_2409,camelsch,1827,46.87,7.8,Eggiwil-Heidbüel,CH,124.02918613363327,2060023010,1,1,val
camelsch_2410,camelsch,1827,47.24,9.52,Ruggell,CH,114.14799588306224,2060023010,1,1,val
camelsch_2412,camelsch,1827,46.66,7.08,Vuippens-Château,CH,43.2824766521355,2060023010,1,1,val
camelsch_2414,camelsch,1827,47.38,9.01,Mosnang-Rietholz,CH,3.178059836947061,2060023010,1,1,val
camelsch_2415,camelsch,1827,47.57,8.48,Rheinsfelden,CH,416.1882763137867,2060023010,1,1,val
camelsch_2416,camelsch,1827,47.22,8.25,Hitzkirch-Richensee,CH,73.10114673544093,2060023010,1,1,val
camelsch_2417,camelsch,1827,47.16,8.12,Oberkirch,CH,75.43454354752912,2060023010,1,1,val
camelsch_2418,camelsch,1827,46.66,9.58,Tiefencastel,CH,323.8274538013477,2060023010,1,1,val
camelsch_2419,camelsch,1827,46.47,8.24,Reckingen,CH,213.6863046859821,2060016510,1,1,val
camelsch_2420,camelsch,1827,46.22,9.06,Lumino-Sassello,CH,470.61120617109606,2060013010,2,2,train
camelsch_2426,camelsch,1827,47.05,9.42,Mels,CH,105.78275045376044,2060023010,1,1,val
camelsch_2430,camelsch,1827,46.65,8.99,Somvitg-Encardens,CH,21.69875212223672,2060023010,1,1,val
camelsch_2432,camelsch,1827,46.54,6.55,Ecublens-Les_Bois,CH,227.0094670915888,2060016510,1,1,val
camelsch_2433,camelsch,1827,46.47,6.41,Allaman-Le_Coulet,CH,105.04869100303338,2060016510,1,1,val
camelsch_2434,camelsch,1827,47.35,7.89,Olten-Hammermühle,CH,233.1287650609013,2060023010,1,1,val
camelsch_2436,camelsch,1827,46.94,8.28,Alpnach-Chilch-Erli,CH,21.54356550509232,2060023010,1,1,val
camelsch_2437,camelsch,1827,46.6,6.81,Ecublens-Eschiens,CH,6.904419773002703,2060023010,1,1,val
camelsch_2450,camelsch,1827,47.28,7.94,Zofingen,CH,365.1896148603637,2060023010,1,1,val
camelsch_2458,camelsch,1827,47.01,6.9,Valangin,CH,112.0078110501685,2060023010,1,1,val
camelsch_2461,camelsch,1827,45.98,8.88,Magliaso-Ponte,CH,34.28708789774696,2060013010,2,2,train
camelsch_2462,camelsch,1827,46.62,10.0,S-chanf,CH,614.321239121975,2060008490,3,3,train
camelsch_2463,camelsch,1827,46.01,8.91,Bioggio-Campagna,CH,5.412352037642073,2060013010,2,2,train
camelsch_2468,camelsch,1827,47.41,9.33,St._Gallen-Bruggen_/_Au,CH,260.32699848531297,2060023010,1,1,val
camelsch_2469,camelsch,1827,46.67,7.67,Hondrich,CH,489.3722150649909,2060023010,1,1,val
camelsch_2471,camelsch,1827,47.25,7.83,Murgenthal-Walliswil,CH,182.8579571670388,2060023010,1,1,val
camelsch_2473,camelsch,1827,47.38,9.64,Diepoldsau-Rietbrücke,CH,6280.478314803388,2060023010,1,1,val
camelsch_2474,camelsch,1827,46.28,9.12,Buseno,CH,120.21225037927256,2060013010,2,2,train
camelsch_2475,camelsch,1827,46.34,8.61,Bignasco-Ponte_nuovo,CH,314.6832740566122,2060013010,2,2,train
camelsch_2477,camelsch,1827,47.18,8.5,Zug-Letzi,CH,99.97041543569276,2060023010,1,1,val
camelsch_2478,camelsch,1827,47.39,7.4,Soyhières-Bois_du_Treuil,CH,567.8839669826336,2060023010,1,1,val
camelsch_2480,camelsch,1827,46.95,6.84,Boudry,CH,376.6586767923753,2060023010,1,1,val
camelsch_2481,camelsch,1827,46.97,8.41,Buochs-Flugplatz,CH,227.3871192922245,2060023010,1,1,val
camelsch_2485,camelsch,1827,47.5,7.01,Boncourt-Frontière,CH,211.4089470727948,2060016510,1,1,val
camelsch_2486,camelsch,1827,46.47,6.85,Vevey-Copet,CH,64.27956840044023,2060016510,1,1,val
camelsch_2487,camelsch,1827,47.03,8.07,Werthenstein-Chappelboden,CH,310.6364395790843,2060023010,1,1,val
camelsch_2488,camelsch,1827,46.66,7.58,Latterbach,CH,561.7137572845863,2060023010,1,1,val
camelsch_2490,camelsch,1827,46.22,6.0,Dardagny-Les_Granges,CH,119.06897155454872,2060016510,1,1,val
camelsch_2491,camelsch,1827,46.87,8.65,Bürglen-Galgenwäldli,CH,107.611098412806,2060023010,1,1,val
camelsch_2493,camelsch,1827,46.41,6.27,Gland-Route_Suisse,CH,119.4555853846694,2060016510,1,1,val
camelsch_2494,camelsch,1827,46.36,8.95,Pollegio-Campagna,CH,442.5887363415838,2060013010,2,2,train
camelsch_2497,camelsch,1827,47.19,7.97,Nebikon,CH,104.3952655406623,2060023010,1,1,val
camelsch_2498,camelsch,1827,46.77,9.21,Castrisch,CH,379.8752725780303,2060023010,1,1,val
camelsch_2500,camelsch,1827,46.97,7.48,Ittigen,CH,66.87551434930684,2060023010,1,1,val
camelsch_2602,camelsch,1827,46.84,9.46,Domat/Ems,CH,3220.0210195904374,2060023010,1,1,val
camelsch_2603,camelsch,1827,46.94,7.8,Langnau,CH,186.94486076209915,2060023010,1,1,val
camelsch_2604,camelsch,1827,47.15,8.72,Biberbrugg,CH,31.826670548909725,2060023010,1,1,val
camelsch_2605,camelsch,1827,46.25,8.84,Lavertezzo-Campiöi,CH,184.6315499502684,2060013010,2,2,train
camelsch_2606,camelsch,1827,46.2,6.14,Genève-Halle_de_l'ìle,CH,7980.5871931236225,2060016510,1,1,val
camelsch_2607,camelsch,1827,46.53,8.36,Oberwald,CH,38.490393652885125,2060016510,1,1,val
camelsch_2608,camelsch,1827,47.11,8.21,Neuenkirch,CH,10.370202967223534,2060023010,1,1,val
camelsch_2609,camelsch,1827,47.15,8.74,Einsiedeln,CH,46.58728747704656,2060023010,1,1,val
camelsch_2610,camelsch,1827,47.35,7.43,Vicques,CH,72.49042838262409,2060023010,1,1,val
camelsch_2612,camelsch,1827,46.26,8.84,Lavertezzo,CH,44.375132256655256,2060013010,2,2,train
camelsch_2613,camelsch,1827,47.6,7.59,Weil-Palmrainbrücke_(_D_),CH,36302.64687806463,2060023010,1,1,val
camelsch_2617,camelsch,1827,46.63,10.45,Müstair,CH,128.24511539659872,2060012980,2,2,train
camelsch_2620,camelsch,1827,46.33,9.53,Soglio,CH,176.89812544195308,2060013010,2,2,train
camelsch_2629,camelsch,1827,46.0,8.91,Agno,CH,99.61195550040917,2060013010,2,2,train
camelsch_2630,camelsch,1827,46.23,7.37,Sion,CH,27.54766040292729,2060016510,1,1,val
camelsch_2631,camelsch,1827,46.52,9.18,Hinterrhein,CH,41.413749959848616,2060023010,1,1,val
camelsch_2634,camelsch,1827,47.07,8.28,Emmen,CH,476.9862082819154,2060023010,1,1,val
camelsch_2635,camelsch,1827,47.11,8.77,Einsiedeln-Gross,CH,8.9206642416771,2060023010,1,1,val
camelscz_24042409,camelscz,2922,50.3683378,13.445646,24042409,Czechia,3579.195417468672,2060024170,2,2,train
camelscz_B4403000,camelscz,2922,49.30233509,17.39870823,B4403000,Czechia,6989.381995934198,2060008490,3,3,train
camelscz_B4412000,camelscz,2922,49.23093027,17.67235646,B4412000,Czechia,310.78338977652555,2060008490,3,3,train
camelscz_B4413000,camelscz,2922,49.13322557,17.50118812,B4413000,Czechia,7863.134471837811,2060008490,3,3,train
camelscz_B4418000,camelscz,2922,49.01613497,17.64369359,B4418000,Czechia,399.5993688336632,2060008490,3,3,train
camelscz_B4421500,camelscz,2922,48.93305774,17.29738823,B4421500,Czechia,9115.118575164252,2060008490,3,3,train
camelscz_B4422000,camelscz,2922,48.90440584,17.34345392,B4422000,Czechia,172.25668726970616,2060008490,3,3,train
camelscz_B4426000,camelscz,2922,48.68727503,16.98839091,B4426000,Czechia,9694.456696299783,2060008490,3,3,train
camelscz_B4429000,camelscz,2922,48.99302787,15.43473834,B4429000,Czechia,516.0367113033743,2060008490,3,3,train
camelscz_B4430000,camelscz,2922,48.903325,15.69137317,B4430000,Czechia,1746.0437463414487,2060008490,3,3,train
camelscz_B4432000,camelscz,2922,48.95968019,15.68332125,B4432000,Czechia,367.1763943440717,2060008490,3,3,train
camelscz_B4434000,camelscz,2922,48.89470652,15.81906951,B4434000,Czechia,2218.167800320527,2060008490,3,3,train
camelscz_B4435000,camelscz,2922,48.85397087,16.04283158,B4435000,Czechia,2489.0924881869323,2060008490,3,3,train
camelscz_B4437000,camelscz,2922,48.79091064,16.43753869,B4437000,Czechia,3513.60558177442,2060008490,3,3,train
camelscz_B4440000,camelscz,2922,48.83988606,16.28469549,B4440000,Czechia,641.2727053933718,2060008490,3,3,train
camelscz_B4442000,camelscz,2922,49.59510192,16.2450952,B4442000,Czechia,365.9443439142955,2060008490,3,3,train
camelscz_B4445000,camelscz,2922,49.542917,16.33765844,B4445000,Czechia,485.1040964368322,2060008490,3,3,train
camelscz_B4447000,camelscz,2922,49.3569099,16.35952997,B4447000,Czechia,384.2768237363209,2060008490,3,3,train
camelscz_B4448000,camelscz,2922,49.27741325,16.43966979,B4448000,Czechia,1475.1257504305545,2060008490,3,3,train
camelscz_B4457000,camelscz,2922,49.24539599,16.67500796,B4457000,Czechia,1116.515619839831,2060008490,3,3,train
camelscz_B4462000,camelscz,2922,49.03631703,16.61606888,B4462000,Czechia,3924.9947917479662,2060008490,3,3,train
camelscz_B4465000,camelscz,2922,49.38222296,15.5026013,B4465000,Czechia,306.4663895398697,2060008490,3,3,train
camelscz_B4469000,camelscz,2922,49.21515404,15.93476957,B4469000,Czechia,959.8837493088714,2060008490,3,3,train
camelscz_B4473000,camelscz,2922,49.31962588,16.02558594,B4473000,Czechia,477.30864992521634,2060008490,3,3,train
camelscz_B4474000,camelscz,2922,49.11593756,16.34364978,B4474000,Czechia,859.4365954737497,2060008490,3,3,train
camelscz_B4477000,camelscz,2922,49.05102037,16.30567812,B4477000,Czechia,559.4488671724384,2060008490,3,3,train
camelscz_B4478000,camelscz,2922,49.0839791,16.41173646,B4478000,Czechia,2671.082364021818,2060008490,3,3,train
camelscz_B4480500,camelscz,2922,48.80371579,16.85372495,B4480500,Czechia,12246.270057540598,2060008490,3,3,train
camelscz_B6469500,camelscz,2922,49.10309213,16.18290878,B6469500,Czechia,1151.470992258828,2060008490,3,3,train
camelscz_B8449000,camelscz,2922,49.18597798,16.59159527,B8449000,Czechia,1631.8313612383338,2060008490,3,3,train
camelscz_B8453000,camelscz,2922,49.55345496,16.55869591,B8453000,Czechia,125.87088782432096,2060008490,3,3,train
camelscz_B8471000,camelscz,2922,49.39272619,16.0125167,B8471000,Czechia,221.8059447431571,2060008490,3,3,train
camelscz_C4106000,camelscz,2922,48.92787322,13.79486403,C4106000,Czechia,175.62645281682336,2060024170,2,2,train
camelscz_C4107000,camelscz,2922,48.86209385,13.89743545,C4107000,Czechia,345.8792201502839,2060024170,2,2,train
camelscz_C4108000,camelscz,2922,48.86334241,13.86560145,C4108000,Czechia,102.74214537523548,2060024170,2,2,train
camelscz_C4109000,camelscz,2922,48.62543711,14.30609688,C4109000,Czechia,988.534595686363,2060024170,2,2,train
camelscz_C4109500,camelscz,2922,48.72683185,14.33684593,C4109500,Czechia,1294.5178047640622,2060024170,2,2,train
camelscz_C4110200,camelscz,2922,48.81308856,14.31283727,C4110200,Czechia,197.0885540856505,2060024170,2,2,train
camelscz_C4111000,camelscz,2922,48.91744394,14.43106773,C4111000,Czechia,1815.0002970567737,2060024170,2,2,train
camelscz_C4112600,camelscz,2922,48.78259809,14.51841445,C4112600,Czechia,435.23027494764415,2060024170,2,2,train
camelscz_C4113000,camelscz,2922,48.86312177,14.49715021,C4113000,Czechia,492.17818876435183,2060024170,2,2,train
camelscz_C4115000,camelscz,2922,48.93512696,14.49005184,C4115000,Czechia,955.990970966434,2060024170,2,2,train
camelscz_C4115100,camelscz,2922,48.98138361,14.46233823,C4115100,Czechia,2829.955250354581,2060024170,2,2,train
camelscz_C4119000,camelscz,2922,48.9497124,14.88049848,C4119000,Czechia,932.8394812289268,2060024170,2,2,train
camelscz_C4122000,camelscz,2922,48.99481712,14.84220897,C4122000,Czechia,1114.2780384083917,2060024170,2,2,train
camelscz_C4123000,camelscz,2922,49.11872057,14.73779623,C4123000,Czechia,1534.2405606979678,2060024170,2,2,train
camelscz_C4124000,camelscz,2922,49.17162872,15.05638426,C4124000,Czechia,295.9040479806592,2060024170,2,2,train
camelscz_C4126000,camelscz,2922,49.15118666,15.10620468,C4126000,Czechia,208.3970669645788,2060024170,2,2,train
camelscz_C4127000,camelscz,2922,49.07409449,14.96551943,C4127000,Czechia,682.3023039589929,2060024170,2,2,train
camelscz_C4128000,camelscz,2922,49.06694424,14.87226662,C4128000,Czechia,65.78833820717827,2060024170,2,2,train
camelscz_C4129000,camelscz,2922,49.15768463,14.75897402,C4129000,Czechia,980.4530337176265,2060024170,2,2,train
camelscz_C4131000,camelscz,2922,49.28098586,14.70063129,C4131000,Czechia,3148.8687359030705,2060024170,2,2,train
camelscz_C4132500,camelscz,2922,49.35009858,14.44972159,C4132500,Czechia,217.78935390679425,2060024170,2,2,train
camelscz_C4133000,camelscz,2922,49.28840676,14.47091428,C4133000,Czechia,4049.946761036501,2060024170,2,2,train
camelscz_C4135000,camelscz,2922,49.02595423,13.49724731,C4135000,Czechia,89.47077592203951,2060024170,2,2,train
camelscz_C4136500,camelscz,2922,49.11760414,13.42780804,C4136500,Czechia,133.48253474603612,2060024170,2,2,train
camelscz_C4138000,camelscz,2922,49.2366121,13.52487832,C4138000,Czechia,531.5581811976937,2060024170,2,2,train
camelscz_C4139000,camelscz,2922,49.29568181,13.4354508,C4139000,Czechia,91.20693948963898,2060024170,2,2,train
camelscz_C4141000,camelscz,2922,49.27044364,13.8303189,C4141000,Czechia,1129.5407599777964,2060024170,2,2,train
camelscz_C4141300,camelscz,2922,49.09322161,13.7955685,C4141300,Czechia,79.52116124785701,2060024170,2,2,train
camelscz_C4141700,camelscz,2922,49.09975046,13.80241774,C4141700,Czechia,104.46487780275024,2060024170,2,2,train
camelscz_C4143000,camelscz,2922,49.19740333,13.88548869,C4143000,Czechia,383.0430378778883,2060024170,2,2,train
camelscz_C4145000,camelscz,2922,48.95712627,13.9414286,C4145000,Czechia,85.304040816133,2060024170,2,2,train
camelscz_C4147000,camelscz,2922,49.03632047,13.95292785,C4147000,Czechia,201.4554588585584,2060024170,2,2,train
camelscz_C4148000,camelscz,2922,49.0402343,13.9940114,C4148000,Czechia,210.9910944999941,2060024170,2,2,train
camelscz_C4148500,camelscz,2922,49.05616112,14.07882985,C4148500,Czechia,72.47809437145278,2060024170,2,2,train
camelscz_C4150000,camelscz,2922,49.24611854,14.13200447,C4150000,Czechia,837.6419331177075,2060024170,2,2,train
camelscz_C4151000,camelscz,2922,49.31654228,14.14346034,C4151000,Czechia,2903.8121013313284,2060024170,2,2,train
camelscz_C4152000,camelscz,2922,49.41997299,14.11895546,C4152000,Czechia,389.8519229425958,2060024170,2,2,train
camelscz_C4153000,camelscz,2922,49.43960191,14.12817965,C4153000,Czechia,367.8856346491476,2060024170,2,2,train
camelscz_H4001000,camelscz,2922,50.72322769,15.598237,H4001000,Czechia,52.90986744483354,2060024170,2,2,train
camelscz_H4002000,camelscz,2922,50.71018354,15.58508051,H4002000,Czechia,61.09918359046421,2060024170,2,2,train
camelscz_H4003000,camelscz,2922,50.55215175,15.6944345,H4003000,Czechia,72.34821447931904,2060024170,2,2,train
camelscz_H4004000,camelscz,2922,50.54188476,15.7262895,H4004000,Czechia,77.09108617252488,2060024170,2,2,train
camelscz_H4004200,camelscz,2922,50.51436516,15.74179108,H4004200,Czechia,298.6614113275831,2060024170,2,2,train
camelscz_H4006000,camelscz,2922,50.45480842,15.77180473,H4006000,Czechia,529.9384716047297,2060024170,2,2,train
camelscz_H4013000,camelscz,2922,50.6605095,15.82034148,H4013000,Czechia,81.54431115456669,2060024170,2,2,train
camelscz_H4014100,camelscz,2922,50.44867131,16.0516219,H4014100,Czechia,399.6354716146009,2060024170,2,2,train
camelscz_H4014800,camelscz,2922,50.41053651,16.05617191,H4014800,Czechia,454.54754527118007,2060024170,2,2,train
camelscz_H4016000,camelscz,2922,50.34279664,15.92511124,H4016000,Czechia,1219.4136085413566,2060024170,2,2,train
camelscz_H4017000,camelscz,2922,50.52998073,16.1898291,H4017000,Czechia,94.47622188932552,2060024170,2,2,train
camelscz_H4017800,camelscz,2922,50.49137687,16.18319053,H4017800,Czechia,66.94323946400114,2060024170,2,2,train
camelscz_H4018000,camelscz,2922,50.48317382,16.18083392,H4018000,Czechia,247.7214582394986,2060024170,2,2,train
camelscz_H4020000,camelscz,2922,50.35162822,16.13002036,H4020000,Czechia,496.80896157794064,2060024170,2,2,train
camelscz_H4021000,camelscz,2922,50.34129516,15.92593465,H4021000,Czechia,608.7587353696554,2060024170,2,2,train
camelscz_H4023500,camelscz,2922,50.27378254,16.48084241,H4023500,Czechia,45.2888213383563,2060024170,2,2,train
camelscz_H4024000,camelscz,2922,50.11695313,16.5528556,H4024000,Czechia,153.04809848058616,2060024170,2,2,train
camelscz_H4025000,camelscz,2922,50.06512249,16.54041321,H4025000,Czechia,181.75885700318585,2060024170,2,2,train
camelscz_H4025500,camelscz,2922,50.09798527,16.46485032,H4025500,Czechia,59.18669304820175,2060024170,2,2,train
camelscz_H4027000,camelscz,2922,50.13630989,16.37956344,H4027000,Czechia,83.84078813132378,2060024170,2,2,train
camelscz_H4028000,camelscz,2922,50.12048818,16.19535551,H4028000,Czechia,485.7180494121179,2060024170,2,2,train
camelscz_H4030000,camelscz,2922,50.154414,16.27571555,H4030000,Czechia,75.09582365456563,2060024170,2,2,train
camelscz_H4031000,camelscz,2922,50.12883544,16.18482451,H4031000,Czechia,212.5218857029264,2060024170,2,2,train
camelscz_H4032000,camelscz,2922,50.05061839,16.60694012,H4032000,Czechia,98.0824220719252,2060024170,2,2,train
camelscz_H4034000,camelscz,2922,49.98857235,16.3959635,H4034000,Czechia,302.77418620807816,2060024170,2,2,train
camelscz_H4035000,camelscz,2922,49.95382959,16.41469187,H4035000,Czechia,173.6092916510089,2060024170,2,2,train
camelscz_H4036000,camelscz,2922,50.07802336,16.135345,H4036000,Czechia,693.2163182117944,2060024170,2,2,train
camelscz_H4037000,camelscz,2922,50.14866518,16.06696868,H4037000,Czechia,1551.1048410030917,2060024170,2,2,train
camelscz_H4038000,camelscz,2922,50.2697845,16.19485978,H4038000,Czechia,74.33986158212669,2060024170,2,2,train
camelscz_H4039000,camelscz,2922,50.21082255,16.02157195,H4039000,Czechia,290.1551191843888,2060024170,2,2,train
camelscz_H4042000,camelscz,2922,50.09473994,15.80658798,H4042000,Czechia,4282.159646130652,2060024170,2,2,train
camelscz_H4043000,camelscz,2922,49.8739862,16.30732369,H4043000,Czechia,144.4169434178268,2060024170,2,2,train
camelscz_H4045000,camelscz,2922,49.90064467,16.2124187,H4045000,Czechia,354.70979980120705,2060024170,2,2,train
camelscz_H4047000,camelscz,2922,50.03674454,15.90672355,H4047000,Czechia,621.4770433518937,2060024170,2,2,train
camelscz_H4048000,camelscz,2922,49.73827979,15.91673004,H4048000,Czechia,56.92206727037978,2060024170,2,2,train
camelscz_H4049000,camelscz,2922,49.8039457,15.68443242,H4049000,Czechia,203.5898425455715,2060024170,2,2,train
camelscz_H4052000,camelscz,2922,49.88135422,15.81045586,H4052000,Czechia,268.1766136264713,2060024170,2,2,train
camelscz_H4055500,camelscz,2922,49.88695213,16.02638518,H4055500,Czechia,151.75325980514162,2060024170,2,2,train
camelscz_H4057200,camelscz,2922,49.92247763,15.95338892,H4057200,Czechia,81.2390697740386,2060024170,2,2,train
camelscz_H4058000,camelscz,2922,49.97871295,15.87364671,H4058000,Czechia,460.970467931586,2060024170,2,2,train
camelscz_H4059000,camelscz,2922,50.01635723,15.79012757,H4059000,Czechia,852.6219139917497,2060024170,2,2,train
camelscz_H4061000,camelscz,2922,50.0450832,15.57189764,H4061000,Czechia,6414.368151189973,2060024170,2,2,train
camelscz_H4068000,camelscz,2922,50.43382564,15.35215582,H4068000,Czechia,38.918553456004936,2060024170,2,2,train
camelscz_H4069000,camelscz,2922,50.43190887,15.58341698,H4069000,Czechia,38.2077636532939,2060024170,2,2,train
camelscz_H4070000,camelscz,2922,50.23784792,15.49967934,H4070000,Czechia,454.29695904530286,2060024170,2,2,train
camelscz_H4071000,camelscz,2922,50.40115357,15.68598124,H4071000,Czechia,43.15734857592691,2060024170,2,2,train
camelscz_H4075000,camelscz,2922,50.12730032,15.24166313,H4075000,Czechia,1147.8094400832442,2060024170,2,2,train
camelscz_L4172000,camelscz,2922,49.82668535,12.83903932,L4172000,Czechia,215.2789671190211,2060024170,2,2,train
camelscz_L4173000,camelscz,2922,49.73724776,12.99434411,L4173000,Czechia,295.509238943964,2060024170,2,2,train
camelscz_L4174000,camelscz,2922,49.75226921,13.00862298,L4174000,Czechia,1140.069196531015,2060024170,2,2,train
camelscz_L4175000,camelscz,2922,49.82820356,13.06378601,L4175000,Czechia,296.17833212937734,2060024170,2,2,train
camelscz_L4176100,camelscz,2922,49.78903234,13.17642179,L4176100,Czechia,1602.866125681209,2060024170,2,2,train
camelscz_L4178500,camelscz,2922,49.56622074,12.83564063,L4178500,Czechia,171.79796932452692,2060024170,2,2,train
camelscz_L4179000,camelscz,2922,49.5527588,13.07116673,L4179000,Czechia,699.987106705993,2060024170,2,2,train
camelscz_L4179900,camelscz,2922,49.68883268,13.32580399,L4179900,Czechia,1177.0826979576473,2060024170,2,2,train
camelscz_L4180100,camelscz,2922,49.71759423,13.36111301,L4180100,Czechia,1260.5152616211938,2060024170,2,2,train
camelscz_L4182000,camelscz,2922,49.40336405,13.26291347,L4182000,Czechia,343.42999963822274,2060024170,2,2,train
camelscz_L4183000,camelscz,2922,49.67685394,13.40282519,L4183000,Czechia,889.8851292229375,2060024170,2,2,train
camelscz_L4186000,camelscz,2922,49.76646161,13.40095987,L4186000,Czechia,4004.439967413234,2060024170,2,2,train
camelscz_L4186500,camelscz,2922,49.50101669,13.56220733,L4186500,Czechia,141.44234602537344,2060024170,2,2,train
camelscz_L4186800,camelscz,2922,49.55277955,13.57497191,L4186800,Czechia,373.3595301358453,2060024170,2,2,train
camelscz_L4186900,camelscz,2922,49.63109202,13.53206315,L4186900,Czechia,102.30806793841552,2060024170,2,2,train
camelscz_L4187000,camelscz,2922,49.71388646,13.42453438,L4187000,Czechia,731.3495811899996,2060024170,2,2,train
camelscz_L4187500,camelscz,2922,49.71418017,13.66218826,L4187500,Czechia,156.26211316898224,2060024170,2,2,train
camelscz_L4188000,camelscz,2922,49.78240007,13.50892633,L4188000,Czechia,357.00287816221487,2060024170,2,2,train
camelscz_L4189000,camelscz,2922,50.09634668,13.26997419,L4189000,Czechia,391.8182768987439,2060024170,2,2,train
camelscz_L4190000,camelscz,2922,49.93352811,13.39048072,L4190000,Czechia,771.6500456412333,2060024170,2,2,train
camelscz_L4191000,camelscz,2922,49.91935863,13.54600596,L4191000,Czechia,6433.735010154322,2060024170,2,2,train
camelscz_L4191800,camelscz,2922,50.08934011,13.75547761,L4191800,Czechia,301.5877995351107,2060024170,2,2,train
camelscz_L4196000,camelscz,2922,49.77649495,14.00574194,L4196000,Czechia,157.3847319264386,2060024170,2,2,train
camelscz_L4197300,camelscz,2922,49.95616925,14.06733117,L4197300,Czechia,622.8606403387088,2060024170,2,2,train
camelscz_L4198000,camelscz,2922,49.958601,14.08742896,L4198000,Czechia,8257.370414989651,2060024170,2,2,train
camelscz_L8LUCI00,camelscz,2922,49.80582549,12.5835926,L8LUCI00,Czechia,104.38224209122754,2060024170,2,2,train
camelscz_L8NYRS00,camelscz,2922,49.26399217,13.14394527,L8NYRS00,Czechia,80.74203735827875,2060024170,2,2,train
camelscz_L8ZLUT00,camelscz,2922,50.08498333,13.12674598,L8ZLUT00,Czechia,214.4773750393751,2060024170,2,2,train
camelscz_O4257000,camelscz,2922,49.81977111,18.21696374,O4257000,Czechia,1609.3635602894512,2060026060,4,4,train
camelscz_O4263000,camelscz,2922,50.08860264,17.70839737,O4263000,Czechia,367.6146318015457,2060026060,4,4,train
camelscz_O4265000,camelscz,2922,50.09718904,17.69445718,O4265000,Czechia,171.4697396254713,2060026060,4,4,train
camelscz_O4266000,camelscz,2922,49.93514317,17.92263147,O4266000,Czechia,924.7175985130372,2060026060,4,4,train
camelscz_O4275000,camelscz,2922,49.87940243,18.17656048,O4275000,Czechia,2029.4534254067385,2060026060,4,4,train
camelscz_O4293000,camelscz,2922,49.84705474,18.29352327,O4293000,Czechia,811.6879218375611,2060026060,4,4,train
camelscz_O4294000,camelscz,2922,49.92116343,18.32812163,O4294000,Czechia,4645.982577438388,2060026060,4,4,train
camelscz_O4303000,camelscz,2922,49.9310005,18.41887583,O4303000,Czechia,1073.6408225735129,2060026060,4,4,train
camelscz_O4304300,camelscz,2922,50.2727272,17.72039796,O4304300,Czechia,199.4190019822557,2060026060,4,4,train
camelscz_O4313000,camelscz,2922,50.29056442,17.29406238,O4313000,Czechia,221.926230789039,2060026060,4,4,train
camelscz_O4345000,camelscz,2922,50.04096354,16.9113794,O4345000,Czechia,348.62426267082,2060008490,3,3,train
camelscz_O4350000,camelscz,2922,49.96370982,16.99709727,O4350000,Czechia,246.30921657594288,2060008490,3,3,train
camelscz_O4354000,camelscz,2922,49.86702953,16.8387121,O4354000,Czechia,443.59402733358127,2060008490,3,3,train
camelscz_O4355000,camelscz,2922,49.75579269,16.97553666,O4355000,Czechia,1553.8390145183296,2060008490,3,3,train
camelscz_O4360900,camelscz,2922,49.73943888,16.92758897,O4360900,Czechia,551.4183493285778,2060008490,3,3,train
camelscz_O4367000,camelscz,2922,49.57725174,17.26086006,O4367000,Czechia,3312.294272588466,2060008490,3,3,train
camelscz_O4370500,camelscz,2922,49.35013424,18.23445424,O4370500,Czechia,23.079933016054937,2060008490,3,3,train
camelscz_O4378100,camelscz,2922,49.30557951,18.00246337,O4378100,Czechia,134.24267728385607,2060008490,3,3,train
camelscz_O4379000,camelscz,2922,49.3424905,17.98575209,O4379000,Czechia,503.8997932691496,2060008490,3,3,train
camelscz_O4380000,camelscz,2922,49.41822212,18.0447133,O4380000,Czechia,57.210744327400654,2060008490,3,3,train
camelscz_O4381000,camelscz,2922,49.42332,18.01953,O4381000,Czechia,63.80446591687547,2060008490,3,3,train
camelscz_O4382000,camelscz,2922,49.44435454,17.97015479,O4382000,Czechia,721.4570801147381,2060008490,3,3,train
camelscz_O4387000,camelscz,2922,49.47296391,17.97743546,O4387000,Czechia,251.2996396613355,2060008490,3,3,train
camelscz_O4388000,camelscz,2922,49.47244126,17.82816769,O4388000,Czechia,85.90810394098332,2060008490,3,3,train
camelscz_O4389000,camelscz,2922,49.53003191,17.74598575,O4389000,Czechia,1271.3955930258107,2060008490,3,3,train
camelscz_O4390000,camelscz,2922,49.44961193,17.41017446,O4390000,Czechia,1587.1412272478435,2060008490,3,3,train
camelscz_O8SACE00,camelscz,2922,49.51434139,18.41358826,O8SACE00,Czechia,146.20733568174757,2060026060,4,4,train
camelscz_O8TERO00,camelscz,2922,49.77758165,18.52336696,O8TERO00,Czechia,83.56125634765219,2060026060,4,4,train
camelscz_P4065000,camelscz,2922,49.82892388,15.5680431,P4065000,Czechia,200.4674362359143,2060024170,2,2,train
camelscz_P4066000,camelscz,2922,49.88947129,15.47734042,P4066000,Czechia,379.8820436545602,2060024170,2,2,train
camelscz_P4077000,camelscz,2922,50.23975973,15.14558601,P4077000,Czechia,456.6390557359514,2060024170,2,2,train
camelscz_P4082000,camelscz,2922,50.04898675,15.01614113,P4082000,Czechia,263.45797885058334,2060024170,2,2,train
camelscz_P4082700,camelscz,2922,50.81951941,15.34775177,P4082700,Czechia,10.341529877225964,2060024170,2,2,train
camelscz_P4083000,camelscz,2922,50.76467861,15.39724502,P4083000,Czechia,50.8894174098879,2060024170,2,2,train
camelscz_P4084500,camelscz,2922,50.69502871,15.43841124,P4084500,Czechia,180.8763152911516,2060024170,2,2,train
camelscz_P4085000,camelscz,2922,50.63797952,15.51711049,P4085000,Czechia,44.14978692652766,2060024170,2,2,train
camelscz_P4086000,camelscz,2922,50.62450365,15.44099825,P4086000,Czechia,320.98862442881466,2060024170,2,2,train
camelscz_P4087000,camelscz,2922,50.5886506,15.33448397,P4087000,Czechia,168.550026854963,2060024170,2,2,train
camelscz_P4088000,camelscz,2922,50.79125597,15.21001291,P4088000,Czechia,25.61570137916048,2060024170,2,2,train
camelscz_P4090000,camelscz,2922,50.65465508,15.32572441,P4090000,Czechia,178.3080420510562,2060024170,2,2,train
camelscz_P4091000,camelscz,2922,50.63992065,15.27440081,P4091000,Czechia,788.9405921119875,2060024170,2,2,train
camelscz_P4094000,camelscz,2922,50.57530685,14.96387523,P4094000,Czechia,154.30063897901528,2060024170,2,2,train
camelscz_P4098000,camelscz,2922,50.48363854,14.92799223,P4098000,Czechia,1641.0757395898918,2060024170,2,2,train
camelscz_P4100000,camelscz,2922,50.41067883,14.90917838,P4100000,Czechia,168.54902860630276,2060024170,2,2,train
camelscz_P4101800,camelscz,2922,50.24870245,14.77541645,P4101800,Czechia,2151.621442470896,2060024170,2,2,train
camelscz_P4104400,camelscz,2922,50.23793533,14.59261498,P4104400,Czechia,13134.483017229397,2060024170,2,2,train
camelscz_P4153800,camelscz,2922,49.66143118,14.3013548,P4153800,Czechia,132.6230431840564,2060024170,2,2,train
camelscz_P4153900,camelscz,2922,49.71535302,14.41487326,P4153900,Czechia,267.7189640297076,2060024170,2,2,train
camelscz_P4154600,camelscz,2922,49.84814376,14.40289048,P4154600,Czechia,307.5098586804434,2060024170,2,2,train
camelscz_P4155800,camelscz,2922,49.609042,15.61416415,P4155800,Czechia,380.4902458102589,2060024170,2,2,train
camelscz_P4158000,camelscz,2922,49.61857583,15.52721057,P4158000,Czechia,792.8306251562134,2060024170,2,2,train
camelscz_P4161000,camelscz,2922,49.74085932,15.10118363,P4161000,Czechia,1416.9108588176568,2060024170,2,2,train
camelscz_P4161700,camelscz,2922,49.48231474,15.24969143,P4161700,Czechia,272.33414544528694,2060024170,2,2,train
camelscz_P4161900,camelscz,2922,49.50012578,15.27938763,P4161900,Czechia,127.80803485234676,2060024170,2,2,train
camelscz_P4162200,camelscz,2922,49.52596258,15.17368472,P4162200,Czechia,316.49574440539675,2060024170,2,2,train
camelscz_P4162520,camelscz,2922,49.55027314,15.21663247,P4162520,Czechia,789.229801303208,2060024170,2,2,train
camelscz_P4162600,camelscz,2922,49.58028749,15.20746281,P4162600,Czechia,112.98576386482536,2060024170,2,2,train
camelscz_P4162700,camelscz,2922,49.61389137,15.20598826,P4162700,Czechia,27.355143584931543,2060024170,2,2,train
camelscz_P4163100,camelscz,2922,49.66050416,15.08716591,P4163100,Czechia,71.34594941317818,2060024170,2,2,train
camelscz_P4163200,camelscz,2922,49.72636675,15.08465962,P4163200,Czechia,1174.596177290986,2060024170,2,2,train
camelscz_P4165000,camelscz,2922,49.78545765,15.02485268,P4165000,Czechia,2805.2595687395515,2060024170,2,2,train
camelscz_P4165600,camelscz,2922,49.62059711,14.83936505,P4165600,Czechia,210.8773969831164,2060024170,2,2,train
camelscz_P4165800,camelscz,2922,49.75154853,14.88863769,P4165800,Czechia,116.71608529323257,2060024170,2,2,train
camelscz_P4166000,camelscz,2922,49.78892694,14.93293318,P4166000,Czechia,540.47562032089,2060024170,2,2,train
camelscz_P4167200,camelscz,2922,49.85959537,14.64995377,P4167200,Czechia,4025.329381616136,2060024170,2,2,train
camelscz_P4200100,camelscz,2922,50.02749545,14.39673713,P4200100,Czechia,26641.65638065427,2060024170,2,2,train
camelscz_P4203000,camelscz,2922,50.31318244,14.36262875,P4203000,Czechia,27973.925197276272,2060024170,2,2,train
camelscz_P4204000,camelscz,2922,50.35236173,14.46939886,P4204000,Czechia,41681.27828472622,2060024170,2,2,train
camelscz_P4219000,camelscz,2922,50.35769976,13.80363368,P4219000,Czechia,4961.214932269106,2060024170,2,2,train
camelscz_P4221000,camelscz,2922,50.65391104,14.04246936,P4221000,Czechia,48398.33168002712,2060024170,2,2,train
camelscz_P4226000,camelscz,2922,50.64676484,14.00641238,P4226000,Czechia,927.2548833303362,2060024170,2,2,train
camelscz_P4239000,camelscz,2922,50.73943081,14.31038934,P4239000,Czechia,1152.383859206117,2060024170,2,2,train
camelscz_P4240000,camelscz,2922,50.78216176,14.20961521,P4240000,Czechia,50948.82940432184,2060024170,2,2,train
camelscz_P4244000,camelscz,2922,50.87389892,14.25110175,P4244000,Czechia,214.5052175011729,2060024170,2,2,train
camelscz_P4245000,camelscz,2922,50.88041114,14.23762433,P4245000,Czechia,51235.92978331145,2060024170,2,2,train
camelscz_U4206000,camelscz,2922,50.08571188,12.38502308,U4206000,Czechia,687.005794349129,2060024170,2,2,train
camelscz_U4207300,camelscz,2922,50.17258231,12.62025381,U4207300,Czechia,1717.474636205814,2060024170,2,2,train
camelscz_U4208200,camelscz,2922,50.18859516,12.62906048,U4208200,Czechia,288.2145387942587,2060024170,2,2,train
camelscz_U4210100,camelscz,2922,50.24856901,12.81996645,U4210100,Czechia,125.47165827544455,2060024170,2,2,train
camelscz_U4210900,camelscz,2922,50.1534118,12.84576553,U4210900,Czechia,255.35784557413376,2060024170,2,2,train
camelscz_U4214000,camelscz,2922,50.23677253,12.88156103,U4214000,Czechia,2849.3669597319795,2060024170,2,2,train
camelscz_U4216000,camelscz,2922,50.33490905,13.54036266,U4216000,Czechia,3966.126180906173,2060024170,2,2,train
camelscz_U4222900,camelscz,2922,50.55404863,13.77306382,U4222900,Czechia,559.2929467276016,2060024170,2,2,train
camelscz_U4231000,camelscz,2922,50.6900543,14.78854984,U4231000,Czechia,117.84307333852344,2060024170,2,2,train
camelscz_U4232200,camelscz,2922,50.65803729,14.72706725,U4232200,Czechia,268.68257186328015,2060024170,2,2,train
camelscz_U4234000,camelscz,2922,50.68650473,14.64523589,U4234000,Czechia,117.89142671823508,2060024170,2,2,train
camelscz_U4235000,camelscz,2922,50.68290514,14.53689239,U4235000,Czechia,620.7898612890685,2060024170,2,2,train
camelscz_U4241000,camelscz,2922,50.81401811,14.35151045,U4241000,Czechia,97.40879771546064,2060024170,2,2,train
camelscz_U4314000,camelscz,2922,50.72300682,15.13005309,U4314000,Czechia,53.51029023104078,2060026060,4,4,train
camelscz_U4316000,camelscz,2922,50.76809519,15.05197195,U4316000,Czechia,121.55476010632805,2060026060,4,4,train
camelscz_U4320000,camelscz,2922,50.85452872,14.8233525,U4320000,Czechia,353.6036865574892,2060026060,4,4,train
camelscz_U4321000,camelscz,2922,50.90601202,14.62815296,U4321000,Czechia,88.53645851072497,2060026060,4,4,train
camelscz_U4322000,camelscz,2922,50.87620718,15.21094113,U4322000,Czechia,26.105484737144344,2060026060,4,4,train
camelscz_U4323000,camelscz,2922,50.92039119,15.07737987,U4323000,Czechia,131.82563867107353,2060026060,4,4,train
camelscz_U4324000,camelscz,2922,50.94949069,15.0304339,U4324000,Czechia,186.61166305682968,2060026060,4,4,train
camelscz_U4326000,camelscz,2922,50.97817998,15.03479933,U4326000,Czechia,244.13673840476275,2060026060,4,4,train
camelsde_DE110000,camelsde,1827,47.92550718,8.679585994,"Donau, Kirchen-Hausen",Germany,760.8370244429814,2060008490,3,3,train
camelsde_DE110020,camelsde,1827,48.07246248,9.39609996,"Donau, Hundersingen",Germany,2610.906050240027,2060008490,3,3,train
camelsde_DE110030,camelsde,1827,48.26627016,9.731456713,"Donau, Berg",Germany,4081.895450953652,2060008490,3,3,train
camelsde_DE110040,camelsde,1827,48.26344013,9.900817462,"Baierzer Rot, Achstetten",Germany,272.0122436376287,2060008490,3,3,train
camelsde_DE110050,camelsde,1827,48.00142684,8.302930553,"Urach, Urach",Germany,17.441729659016737,2060008490,3,3,train
camelsde_DE110060,camelsde,1827,47.87660605,10.03760326,"Aitrach, Lauben",Germany,308.1017340213626,2060008490,3,3,train
camelsde_DE110090,camelsde,1827,48.24409685,9.224155407,"Lauchert, Gammertingen",Germany,155.51927896228588,2060008490,3,3,train
camelsde_DE110100,camelsde,1827,48.05294228,8.974534734,"Donau, Beuron",Germany,1307.4200789780623,2060008490,3,3,train
camelsde_DE110120,camelsde,1827,48.07452138,9.818366061,"Umlach, Ummendorf",Germany,94.25970030174116,2060008490,3,3,train
camelsde_DE110130,camelsde,1827,48.06706583,10.04851154,"Rot, Binnrot",Germany,131.27745256009624,2060008490,3,3,train
camelsde_DE110140,camelsde,1827,47.98837751,8.795632327,"Elta, Tuttlingen",Germany,83.34375923493143,2060008490,3,3,train
camelsde_DE110150,camelsde,1827,47.95860003,8.77661674,"Donau, Möhringen-Espenbrücke",Germany,866.3056957742859,2060008490,3,3,train
camelsde_DE110160,camelsde,1827,48.29404025,9.197258185,"Lauchert, Mägerkingen",Germany,90.60256684932484,2060008490,3,3,train
camelsde_DE110170,camelsde,1827,49.6156225,9.623949009,"Brehmbach, Königheim",Germany,59.16267397209448,2060023010,1,1,val
camelsde_DE110210,camelsde,1827,49.61722248,9.449523099,"Erfa, Hardheim",Germany,104.30372454296231,2060023010,1,1,val
camelsde_DE110220,camelsde,1827,47.68427928,9.900031374,"Gießbach, Lochhammer",Germany,29.304327225514868,2060023010,1,1,val
camelsde_DE110250,camelsde,1827,47.92522076,8.191594624,"Josbach, Hölzlebruck",Germany,46.93986229214589,2060023010,1,1,val
camelsde_DE110280,camelsde,1827,47.61519143,7.903850578,"Hasel, Wehr",Germany,24.15568474441303,2060023010,1,1,val
camelsde_DE110290,camelsde,1827,47.91749688,7.740339623,"Möhlin, Oberambringen",Germany,45.89446405708241,2060023010,1,1,val
camelsde_DE110300,camelsde,1827,47.86049116,7.759964283,"Neumagen, Untermünstertal",Germany,66.0637814796442,2060023010,1,1,val
camelsde_DE110310,camelsde,1827,48.39170784,8.03256515,"Kinzig, Schwaibach",Germany,954.5735103918058,2060023010,1,1,val
camelsde_DE110320,camelsde,1827,48.30597345,8.219191448,"Wolf, Oberwolfach",Germany,126.40337142015166,2060023010,1,1,val
camelsde_DE110330,camelsde,1827,48.24042398,8.212972874,"Gutach, Gutach",Germany,145.04523315140344,2060023010,1,1,val
camelsde_DE110340,camelsde,1827,48.58437419,8.12590209,"Acher, Kappelrodeck",Germany,52.840687038875,2060023010,1,1,val
camelsde_DE110350,camelsde,1827,48.16836032,8.631586145,"Neckar, Rottweil",Germany,457.3952950464615,2060023010,1,1,val
camelsde_DE110360,camelsde,1827,48.28986393,8.577900846,"Neckar, Oberndorf",Germany,696.1769594860787,2060023010,1,1,val
camelsde_DE110370,camelsde,1827,48.44597816,8.706280054,"Neckar, Horb",Germany,1120.2550162579105,2060023010,1,1,val
camelsde_DE110380,camelsde,1827,48.58480953,8.609756516,"Nagold, Altensteig",Germany,134.60976293276028,2060023010,1,1,val
camelsde_DE110410,camelsde,1827,48.5614034,9.267024499,"Erms, Riederich",Germany,158.93870614641597,2060023010,1,1,val
camelsde_DE110420,camelsde,1827,48.80422055,9.517501074,"Rems, Schorndorf",Germany,415.3993520174489,2060023010,1,1,val
camelsde_DE110460,camelsde,1827,49.49364102,9.046115991,"Itter, Eberbach",Germany,99.89983536744124,2060023010,1,1,val
camelsde_DE110470,camelsde,1827,49.31046978,8.818275142,"Elsenz, Meckesheim",Germany,256.96103810397284,2060023010,1,1,val
camelsde_DE110490,camelsde,1827,48.40554973,8.771182306,"Eyach, Bad Imnau",Germany,334.0963632439563,2060023010,1,1,val
camelsde_DE110510,camelsde,1827,48.71690575,8.542308779,"Große Enz, Lautenhof",Germany,83.35242481314569,2060023010,1,1,val
camelsde_DE110520,camelsde,1827,48.8128726,8.582568819,"Enz, Höfen",Germany,220.51723299723656,2060023010,1,1,val
camelsde_DE110530,camelsde,1827,48.89073454,10.00720541,"Lein, Abtsgmünd",Germany,248.1668454658476,2060023010,1,1,val
camelsde_DE110560,camelsde,1827,49.37852335,9.373457217,"Seckach, Sennfeld",Germany,212.75413457994088,2060023010,1,1,val
camelsde_DE110570,camelsde,1827,48.72647381,8.734376072,"Nagold, Calw",Germany,584.0081091583819,2060023010,1,1,val
camelsde_DE110600,camelsde,1827,48.23996647,9.861079963,"Dürnach, Laupheim",Germany,99.8125401069322,2060008490,3,3,train
camelsde_DE110610,camelsde,1827,48.07324156,8.389992107,"Kirnach, Maria Tann",Germany,29.69052333705467,2060008490,3,3,train
camelsde_DE110620,camelsde,1827,47.84706544,9.967069226,"Wurzacher Ach, Reichenhofen",Germany,151.39684872199456,2060008490,3,3,train
camelsde_DE110650,camelsde,1827,48.51375055,9.98781167,"Lone, Breitingen",Germany,98.95496593547314,2060008490,3,3,train
camelsde_DE110660,camelsde,1827,48.08373276,9.275508387,"Lauchert, Laucherthal",Germany,436.4044833198856,2060008490,3,3,train
camelsde_DE110680,camelsde,1827,47.98974219,8.353369684,"Breg, Hammereisenbach",Germany,164.46516415898773,2060008490,3,3,train
camelsde_DE110690,camelsde,1827,47.95584272,8.490414141,"Brigach, Donaueschingen",Germany,181.45635670123875,2060008490,3,3,train
camelsde_DE110700,camelsde,1827,48.23860337,9.831223947,"Riß, Niederkirch",Germany,390.8005296416491,2060008490,3,3,train
camelsde_DE110730,camelsde,1827,48.0059359,9.163832043,"Ablach, Menningen",Germany,220.9163037,2060008490,3,3,train
camelsde_DE110750,camelsde,1827,48.03461118,8.943299935,"Bära, Fridingen",Germany,131.2056337670216,2060008490,3,3,train
camelsde_DE110780,camelsde,1827,48.1517428,9.794756076,"Riß, Warthausen",Germany,286.5889753604346,2060008490,3,3,train
camelsde_DE110810,camelsde,1827,48.02194392,8.277182458,"Linach, Unterlinach",Germany,9.710812081935336,2060008490,3,3,train
camelsde_DE110820,camelsde,1827,47.9905022,9.966625127,"Ölbach, Hirschbronn-Zulauf",Germany,24.915155453093995,2060008490,3,3,train
camelsde_DE110840,camelsde,1827,47.95178348,10.04177205,"Rappenbach, Kunenberg",Germany,7.052481175754945,2060008490,3,3,train
camelsde_DE110860,camelsde,1827,47.96825562,9.365719053,"Ostrach, Jettkofen",Germany,108.2649206,2060008490,3,3,train
camelsde_DE110870,camelsde,1827,47.74815094,10.1266363,"Kürnach, Häfeliswald",Germany,18.566059126264907,2060008490,3,3,train
camelsde_DE110880,camelsde,1827,48.00141818,9.237642221,"Andelsbach, Bittelschieß",Germany,138.81027786907305,2060008490,3,3,train
camelsde_DE110890,camelsde,1827,47.94851938,10.04861432,"Schmiddisbach, Schmiddis",Germany,5.914417876304752,2060008490,3,3,train
camelsde_DE110900,camelsde,1827,47.93558871,8.500637688,"Breg, Donaueschingen",Germany,292.22019847391294,2060008490,3,3,train
camelsde_DE110920,camelsde,1827,48.81870717,8.297144076,"Murg, Bad Rotenfels",Germany,466.2247716776759,2060023010,1,1,val
camelsde_DE110940,camelsde,1827,48.33993005,7.850372499,"Schutter, Lahr",Germany,128.82738815773308,2060023010,1,1,val
camelsde_DE110950,camelsde,1827,47.70471129,9.818650604,"Untere Argen, Beutelsau",Germany,262.9156434162288,2060023010,1,1,val
camelsde_DE110970,camelsde,1827,49.2222129,9.894453969,"Jagst, Elpershofen",Germany,809.6079719663599,2060023010,1,1,val
camelsde_DE111000,camelsde,1827,48.56786757,9.636286851,"Fils, Wiesensteig",Germany,31.28231222303328,2060023010,1,1,val
camelsde_DE111010,camelsde,1827,48.62733309,9.816412512,"Fils, Geislingen",Germany,145.57226771644716,2060023010,1,1,val
camelsde_DE111030,camelsde,1827,48.68617629,9.381644785,"Neckar, Wendlingen-Kläranlage",Germany,3243.7047103783366,2060023010,1,1,val
camelsde_DE111070,camelsde,1827,48.72621537,8.890810051,"Würm, Schafhausen",Germany,238.21045687388624,2060023010,1,1,val
camelsde_DE111110,camelsde,1827,48.52703475,8.077403692,"Rench, Oberkirch",Germany,162.92507653625066,2060023010,1,1,val
camelsde_DE111120,camelsde,1827,48.47314787,8.387323535,"Forbach, Christophstal",Germany,19.35791432998248,2060023010,1,1,val
camelsde_DE111130,camelsde,1827,49.29201295,8.679112616,"Leimbach, Wiesloch",Germany,112.96782181150094,2060023010,1,1,val
camelsde_DE111150,camelsde,1827,47.73781566,8.838961584,"Radolfzeller Aach, Rielasingen",Germany,201.8676284871728,2060023010,1,1,val
camelsde_DE111160,camelsde,1827,47.6725752,9.534897818,"Schussen, Gerbertshaus",Germany,773.8745191265151,2060023010,1,1,val
camelsde_DE111170,camelsde,1827,47.8278577,9.638556038,"Wolfegger Ach, Rainpadent",Germany,168.41440392970705,2060023010,1,1,val
camelsde_DE111180,camelsde,1827,47.75407396,9.308415415,"Deggenhauser Aach, Neufrach",Germany,73.21764449100046,2060023010,1,1,val
camelsde_DE111190,camelsde,1827,47.94285438,8.007667092,"Rotbach, Falkensteig",Germany,41.000151435897,2060023010,1,1,val
camelsde_DE111200,camelsde,1827,47.84260097,8.849845735,"Radolfzeller Aach, Aach-Niedrigwasser",Germany,7.915839167905261,2060023010,1,1,val
camelsde_DE111210,camelsde,1827,47.78055732,9.600427561,"Schussen, Ravensburg",Germany,639.6433232523545,2060023010,1,1,val
camelsde_DE111220,camelsde,1827,47.65913117,9.496326722,"Rotach, Friedrichshafen",Germany,126.147164268872,2060023010,1,1,val
camelsde_DE111230,camelsde,1827,47.67703841,9.862591425,"Obere Argen, Epplings",Germany,163.23569978320202,2060023010,1,1,val
camelsde_DE111240,camelsde,1827,47.71516029,10.0518261,"Untere Argen, Rengers",Germany,128.62737698238683,2060023010,1,1,val
camelsde_DE111260,camelsde,1827,48.77431855,8.220036784,"Oos, Baden-Baden",Germany,73.46347375626588,2060023010,1,1,val
camelsde_DE111280,camelsde,1827,48.68849453,8.696342629,"Teinach, Bad Teinach",Germany,53.522866975951146,2060023010,1,1,val
camelsde_DE111290,camelsde,1827,49.07188632,9.512284257,"Fichtenberger Rot, Böhringsweiler",Germany,16.184383946142503,2060023010,1,1,val
camelsde_DE111310,camelsde,1827,48.1378671,8.565617773,"Eschach, Horgen-Kläranlage",Germany,204.5345707167301,2060023010,1,1,val
camelsde_DE111330,camelsde,1827,48.5502469,8.471428793,"Nagold, Erzgrube-Zulauf",Germany,33.63574445197679,2060023010,1,1,val
camelsde_DE111340,camelsde,1827,48.78214344,8.521699466,"Eyach, Eyachmühle",Germany,37.22135429,2060023010,1,1,val
camelsde_DE111360,camelsde,1827,48.55977966,9.042628748,"Goldersbach, Bebenhausen",Germany,44.53546082,2060023010,1,1,val
camelsde_DE111370,camelsde,1827,48.34171134,8.786832228,"Stunzach, Gruol",Germany,75.57165392865097,2060023010,1,1,val
camelsde_DE111380,camelsde,1827,48.63720943,9.323664457,"Aich, Oberensingen",Germany,178.6918060220304,2060023010,1,1,val
camelsde_DE111410,camelsde,1827,48.59873901,8.380152428,"Murg, Schwarzenberg",Germany,178.28654854773552,2060023010,1,1,val
camelsde_DE111420,camelsde,1827,48.60678782,8.363672684,"Schönmünz, Schönmünzach",Germany,47.13617930420139,2060023010,1,1,val
camelsde_DE111430,camelsde,1827,47.69947902,7.845420733,"Wiese, Zell",Germany,207.04510306017872,2060023010,1,1,val
camelsde_DE111440,camelsde,1827,48.51651157,8.338584975,"Murg, Baiersbronn",Germany,64.0884796045441,2060023010,1,1,val
camelsde_DE111450,camelsde,1827,47.90309185,9.676142377,"Schussen, Durlesbach",Germany,273.4052586790252,2060023010,1,1,val
camelsde_DE111470,camelsde,1827,47.75654606,9.455037377,"Rotach, Fuchstobel",Germany,58.06094573,2060023010,1,1,val
camelsde_DE111480,camelsde,1827,47.8483426,8.450182132,"Wutach, Ewattingen",Germany,354.5955727058171,2060023010,1,1,val
camelsde_DE111490,camelsde,1827,48.49007718,8.145409233,"Rench, Ramsbach",Germany,108.46374688077594,2060023010,1,1,val
camelsde_DE111500,camelsde,1827,47.71816864,7.794653161,"Kleine Wiese, Tegernau",Germany,69.6898856806329,2060023010,1,1,val
camelsde_DE111510,camelsde,1827,48.3113952,8.373313513,"Kinzig, Schenkenzell",Germany,75.37594653804496,2060023010,1,1,val
camelsde_DE111540,camelsde,1827,47.66788891,9.172853228,"Rhein, Konstanz",Germany,10860.91767567885,2060023010,1,1,val
camelsde_DE111550,camelsde,1827,48.97008985,9.281725379,"Bottwar, Steinheim",Germany,75.92154113468821,2060023010,1,1,val
camelsde_DE111560,camelsde,1827,48.92342282,8.95237213,"Enz, Vaihingen",Germany,1656.509326732236,2060023010,1,1,val
camelsde_DE111570,camelsde,1827,49.02988357,10.10043141,"Jagst, Jagstzell",Germany,327.3768807911112,2060023010,1,1,val
camelsde_DE111580,camelsde,1827,48.91757664,9.067519221,"Glems, Talhausen",Germany,192.2954810814814,2060023010,1,1,val
camelsde_DE111590,camelsde,1827,48.53679626,8.724347076,"Waldach, Iselshausen",Germany,147.62020329728094,2060023010,1,1,val
camelsde_DE111610,camelsde,1827,49.26854667,9.219941288,"Jagst, Untergriesheim",Germany,1818.1179287833445,2060023010,1,1,val
camelsde_DE111640,camelsde,1827,48.33924397,8.834215915,"Eyach, Owingen",Germany,213.439099471669,2060023010,1,1,val
camelsde_DE111650,camelsde,1827,48.3712624,8.578456746,"Glatt, Hopfau",Germany,231.5306284,2060023010,1,1,val
camelsde_DE111660,camelsde,1827,48.51426784,8.58334939,"Waldach, Vörbach",Germany,42.09663471091,2060023010,1,1,val
camelsde_DE111670,camelsde,1827,48.70926374,9.355228251,"Körsch, Denkendorf",Germany,125.01390905473112,2060023010,1,1,val
camelsde_DE111690,camelsde,1827,48.52287189,9.144495287,"Echaz, Wannweil",Germany,134.2468086061977,2060023010,1,1,val
camelsde_DE111700,camelsde,1827,49.32930553,9.245333144,"Schefflenz, Allfeld",Germany,59.40221577373625,2060023010,1,1,val
camelsde_DE111710,camelsde,1827,49.34586829,9.128617271,"Elz, Mosbach",Germany,154.9139271701114,2060023010,1,1,val
camelsde_DE111760,camelsde,1827,48.81996113,10.12106543,"Weißer Kocher, Unterkochen",Germany,9.165113086803055,2060023010,1,1,val
camelsde_DE111780,camelsde,1827,47.9633104,8.766459969,"Krähenbach, Möhringen",Germany,27.642315773711925,2060008490,3,3,train
camelsde_DE111790,camelsde,1827,47.85959756,10.02872396,"Eschach, Nibelhöfe",Germany,131.80585938924523,2060008490,3,3,train
camelsde_DE111820,camelsde,1827,48.87048484,8.711096837,"Würm, Pforzheim",Germany,417.4974834647549,2060023010,1,1,val
camelsde_DE111830,camelsde,1827,48.40322039,9.777649351,"Ach, Blaubeuren",Germany,159.53831191725467,2060008490,3,3,train
camelsde_DE111850,camelsde,1827,48.11177893,8.033507636,"Wilde Gutach, Simonswald",Germany,126.03780428442772,2060023010,1,1,val
camelsde_DE111870,camelsde,1827,48.34278623,8.053267383,"Erlenbach, Zell am Harmersbach",Germany,103.04783961319438,2060023010,1,1,val
camelsde_DE111880,camelsde,1827,48.29072046,7.94730853,"Schutter, Wittelbach",Germany,48.88231370804464,2060023010,1,1,val
camelsde_DE111900,camelsde,1827,48.50643814,9.374040352,"Erms, Bad Urach",Germany,107.63275011531776,2060023010,1,1,val
camelsde_DE111910,camelsde,1827,48.16029421,8.652062528,"Prim, Göllsdorf",Germany,122.47356931404056,2060023010,1,1,val
camelsde_DE111920,camelsde,1827,48.91383641,8.753958105,"Enz, Eutingen",Germany,1487.2628776805527,2060023010,1,1,val
camelsde_DE111960,camelsde,1827,48.28406756,8.137653528,"Kinzig, Hausach",Germany,671.4280770221595,2060023010,1,1,val
camelsde_DE111980,camelsde,1827,48.25588387,9.579885161,"Große Lauter, Lauterach",Germany,337.6230351804237,2060008490,3,3,train
camelsde_DE112010,camelsde,1827,49.08167743,9.196390361,"Schozach, Talheim",Germany,74.18361273272117,2060023010,1,1,val
camelsde_DE112020,camelsde,1827,49.6065228,9.742817272,"Grünbach, Grünsfeld oh. Mündung",Germany,45.823218468451216,2060023010,1,1,val
camelsde_DE112030,camelsde,1827,49.00490094,9.143603494,"Enz, Besigheim",Germany,2219.4904316097022,2060023010,1,1,val
camelsde_DE112040,camelsde,1827,49.03643457,9.636185224,"Fichtenberger Rot, Oberrot",Germany,69.36327837,2060023010,1,1,val
camelsde_DE112050,camelsde,1827,48.26343663,8.368794527,"Schiltach, Hinterlehengericht",Germany,105.64348528126636,2060023010,1,1,val
camelsde_DE112060,camelsde,1827,47.78200952,8.824747165,"Saubach, Hausen",Germany,137.08901205971046,2060023010,1,1,val
camelsde_DE112070,camelsde,1827,49.00808481,8.515945489,"Pfinz, Berghausen",Germany,231.50984211383545,2060023010,1,1,val
camelsde_DE112100,camelsde,1827,49.04060223,9.910531619,"Bühler, Bühlertann",Germany,124.05098722818886,2060023010,1,1,val
camelsde_DE112140,camelsde,1827,48.62926095,9.820988358,"Eyb, Geislingen",Germany,114.08035932611892,2060023010,1,1,val
camelsde_DE112200,camelsde,1827,48.77978805,8.574747313,"Enz, Calmbach",Germany,205.25224056551457,2060023010,1,1,val
camelsde_DE112220,camelsde,1827,49.25011692,9.455655198,"Ohrn, Ohrnberg-Ort",Germany,152.46778544746994,2060023010,1,1,val
camelsde_DE112260,camelsde,1827,48.77541357,8.573627336,"Große Enz, Calmbach-Mitte",Germany,115.63307900506486,2060023010,1,1,val
camelsde_DE112310,camelsde,1827,48.39864629,9.964810588,"Blau, Ulm",Germany,487.8848298862482,2060008490,3,3,train
camelsde_DE112330,camelsde,1827,48.34296214,8.021629764,"Kinzig, Biberach",Germany,928.0346968306006,2060023010,1,1,val
camelsde_DE112350,camelsde,1827,48.68733823,9.73822696,"Fils, Salach",Germany,359.8263542759171,2060023010,1,1,val
camelsde_DE112360,camelsde,1827,49.60587703,9.746750698,"Wittigbach, Grünsfeld",Germany,180.71411285538923,2060023010,1,1,val
camelsde_DE112370,camelsde,1827,49.12146129,8.607440879,"Saalbach, Bruchsal",Germany,175.79001862748814,2060023010,1,1,val
camelsde_DE112380,camelsde,1827,49.15660709,8.633704536,"Kraichbach, Ubstadt",Germany,160.5992019893996,2060023010,1,1,val
camelsde_DE112390,camelsde,1827,48.82217991,9.548285607,"Wieslauf, Haubersbronn",Germany,76.7317514103662,2060023010,1,1,val
camelsde_DE112400,camelsde,1827,48.29956584,9.722497242,"Schmiech, Ehingen-Berkach",Germany,167.65321779650944,2060008490,3,3,train
camelsde_DE112410,camelsde,1827,48.05764202,8.464510231,"Brigach, Villingen",Germany,99.76021728057638,2060008490,3,3,train
camelsde_DE112420,camelsde,1827,48.11916443,7.988789762,"Elz, Gutach",Germany,302.08463341353763,2060023010,1,1,val
camelsde_DE112450,camelsde,1827,47.99957288,10.04211765,"Haslach, Rot an der Rot",Germany,39.27216208049992,2060008490,3,3,train
camelsde_DE112480,camelsde,1827,49.1701562,9.264333457,"Sulm, Erlenbach",Germany,100.74985637513342,2060023010,1,1,val
camelsde_DE112490,camelsde,1827,48.63015018,10.15446846,"Brenz, Bolheim",Germany,317.2057359358731,2060008490,3,3,train
camelsde_DE112500,camelsde,1827,48.03670463,9.78729965,"Riß, Schweinhausen",Germany,85.24456758,2060008490,3,3,train
camelsde_DE210000,camelsde,1827,48.38934204,9.986740567," Donau , Neu-Ulm Bad Held_Donau ",Germany,7586.635083845735,2060008490,3,3,train
camelsde_DE210020,camelsde,1827,48.56817724,10.49871424," Donau , Dillingen ",Germany,11315.36042758005,2060008490,3,3,train
camelsde_DE210190,camelsde,1827,47.5242705,10.2603056," Iller , Sonthofen ",Germany,400.1442922780751,2060008490,3,3,train
camelsde_DE210200,camelsde,1827,47.73041323,10.31687965," Iller , Kempten ",Germany,952.791243226592,2060008490,3,3,train
camelsde_DE210210,camelsde,1827,48.37089511,9.987711192," Iller , Wiblingen_Iller ",Germany,2180.481065827244,2060008490,3,3,train
camelsde_DE210220,camelsde,1827,47.32603448,10.26684022," Stillach , Birgsau ",Germany,33.97896197927381,2060008490,3,3,train
camelsde_DE210230,camelsde,1827,47.42287013,10.27140384," Stillach , Oberstdorf_Stillach ",Germany,81.22007647727808,2060008490,3,3,train
camelsde_DE210240,camelsde,1827,47.42343617,10.27733621," Trettach , Oberstdorf_Trettach ",Germany,75.9534188034518,2060008490,3,3,train
camelsde_DE210250,camelsde,1827,47.34771265,10.30961982," Traufbach , Spielmannsau ",Germany,8.029960960702045,2060008490,3,3,train
camelsde_DE210260,camelsde,1827,47.39121739,10.29421525," Oybach , Gruben ",Germany,24.180267422682963,2060008490,3,3,train
camelsde_DE210290,camelsde,1827,47.50463306,10.3235556," Ostrach , Reckenberg ",Germany,126.6006311390044,2060008490,3,3,train
camelsde_DE210300,camelsde,1827,47.53001416,10.29719482," Starzlach , Winkel ",Germany,19.926574834036327,2060008490,3,3,train
camelsde_DE210310,camelsde,1827,47.5219969,10.22988001," Gunzesrieder Ach , Gunzesried ",Germany,47.14212470791505,2060008490,3,3,train
camelsde_DE210320,camelsde,1827,47.55792063,10.10761946," Konstanzer Ach , Thalkirchdorf ",Germany,21.915402793236257,2060008490,3,3,train
camelsde_DE210350,camelsde,1827,47.62810774,10.35822124," Rottach , Greifenmühle ",Germany,31.189483149948742,2060008490,3,3,train
camelsde_DE210360,camelsde,1827,47.69805035,10.3427427," Durach , Durach ",Germany,16.570508568489203,2060008490,3,3,train
camelsde_DE210370,camelsde,1827,47.76820208,10.33688611," Leubas , Stielings ",Germany,60.42873429084504,2060008490,3,3,train
camelsde_DE210380,camelsde,1827,48.04493614,10.15011875," Memminger Ach , Heimertingen ",Germany,120.62512263764523,2060008490,3,3,train
camelsde_DE210400,camelsde,1827,48.36959315,10.15126147," Roth , Roth_Roth ",Germany,167.11612128832934,2060008490,3,3,train
camelsde_DE210410,camelsde,1827,48.07168161,10.29955181," Günz , Lauben_Günz ",Germany,314.7322527048336,2060008490,3,3,train
camelsde_DE210420,camelsde,1827,48.23611977,10.31396543," Günz , Nattenhausen ",Germany,522.828387824181,2060008490,3,3,train
camelsde_DE210430,camelsde,1827,48.35239443,10.30215761," Günz , Waldstetten ",Germany,600.3438928856153,2060008490,3,3,train
camelsde_DE210450,camelsde,1827,48.1696759,10.43358722," Mindel , Hasberg_Mindel ",Germany,216.6278552,2060008490,3,3,train
camelsde_DE210460,camelsde,1827,48.48559928,10.38042749," Mindel , Offingen ",Germany,953.6466821238616,2060008490,3,3,train
camelsde_DE210470,camelsde,1827,48.13300973,10.51010198," Flossach , Zaisertshofen ",Germany,183.8664171339268,2060008490,3,3,train
camelsde_DE210480,camelsde,1827,48.45563259,10.37971812," Kammel , Remshart ",Germany,250.28581225158325,2060008490,3,3,train
camelsde_DE210490,camelsde,1827,48.54735381,10.31880633," Brenz , Bächingen ",Germany,739.3480665149851,2060008490,3,3,train
camelsde_DE210500,camelsde,1827,48.61502082,10.42719267," Egau , Wittislingen ",Germany,361.9289267069273,2060008490,3,3,train
camelsde_DE210510,camelsde,1827,49.17578831,10.25894291," Wörnitz , Reichenbach ",Germany,87.99893481727536,2060008490,3,3,train
camelsde_DE210520,camelsde,1827,49.04776081,10.51765248," Wörnitz , Gerolfingen ",Germany,586.3245245692044,2060008490,3,3,train
camelsde_DE210530,camelsde,1827,48.81230769,10.64159489," Wörnitz , Heroldingen ",Germany,1105.952946150941,2060008490,3,3,train
camelsde_DE210540,camelsde,1827,48.78324617,10.69238869," Wörnitz , Harburg ",Germany,1564.717543625571,2060008490,3,3,train
camelsde_DE210550,camelsde,1827,49.22622114,10.32179654," Sulzach , Rödenweiler ",Germany,25.791819324594023,2060008490,3,3,train
camelsde_DE210560,camelsde,1827,48.80856176,10.60204965," Eger , Lierheim ",Germany,394.79724752582456,2060008490,3,3,train
camelsde_DE210570,camelsde,1827,48.35902095,10.57000986," Zusam , Fleinhausen ",Germany,179.5520132,2060008490,3,3,train
camelsde_DE210580,camelsde,1827,48.60866515,10.71760947," Zusam , Pfaffenhofen_Zusam ",Germany,508.3912370164792,2060008490,3,3,train
camelsde_DE210590,camelsde,1827,48.2936789,10.65381781," Schmutter , Fischach ",Germany,132.1335041125025,2060008490,3,3,train
camelsde_DE210600,camelsde,1827,48.49217986,10.82735472," Schmutter , Achsheim ",Germany,357.2747061905442,2060008490,3,3,train
camelsde_DE210610,camelsde,1827,48.63546439,10.81856946," Schmutter , Druisheim ",Germany,478.5991607174939,2060008490,3,3,train
camelsde_DE210630,camelsde,1827,47.69818219,10.79794821," Lech , Lechbruck ",Germany,1709.9602050283156,2060008490,3,3,train
camelsde_DE210640,camelsde,1827,48.04152281,10.87498197," Lech , Landsberg ",Germany,2286.332045430757,2060008490,3,3,train
camelsde_DE210650,camelsde,1827,48.31661194,10.94589757," Lech , Haunstetten_Lech ",Germany,2540.6860197681467,2060008490,3,3,train
camelsde_DE210660,camelsde,1827,48.40697004,10.88803106," Lech , Augsburg uh Wertach ",Germany,3962.9051972266593,2060008490,3,3,train
camelsde_DE210670,camelsde,1827,47.580715,10.55748099," Vils , Pfronten Ried ",Germany,113.33127607314285,2060008490,3,3,train
camelsde_DE210680,camelsde,1827,47.55394533,10.51572586," Steinacher Achen , Fallmühle ",Germany,21.917785921024187,2060008490,3,3,train
camelsde_DE210690,camelsde,1827,47.58701119,10.68387451," Füssener Achen , Eschach ",Germany,62.7518705890062,2060008490,3,3,train
camelsde_DE210720,camelsde,1827,47.64745571,10.8196767," Trauchgauer Ach , Trauchgau_Trauchgauer Ach ",Germany,28.18952766787121,2060008490,3,3,train
camelsde_DE210730,camelsde,1827,47.72676564,10.8917619," Illach , Engen_Illach ",Germany,32.100815676657724,2060008490,3,3,train
camelsde_DE210750,camelsde,1827,47.58498533,10.40906552," Wertach , Wertach_Wertach ",Germany,35.213402440090654,2060008490,3,3,train
camelsde_DE210760,camelsde,1827,47.60185546,10.42314248," Wertach , Sebastianskapelle ",Germany,60.68668294844954,2060008490,3,3,train
camelsde_DE210770,camelsde,1827,47.62094507,10.46181353," Wertach , Haslach Werksabfluss ",Germany,82.57081749522845,2060008490,3,3,train
camelsde_DE210780,camelsde,1827,47.77343789,10.59537383," Wertach , Thalhofen ",Germany,289.5144843621089,2060008490,3,3,train
camelsde_DE210790,camelsde,1827,47.82632844,10.64290964," Wertach , Biessenhofen ",Germany,441.75007040192986,2060008490,3,3,train
camelsde_DE210800,camelsde,1827,48.06327798,10.65181369," Wertach , Türkheim ",Germany,651.6910842863766,2060008490,3,3,train
camelsde_DE210830,camelsde,1827,47.70592591,10.51108233," Waldbach , Görisried ",Germany,23.61165566005685,2060008490,3,3,train
camelsde_DE210840,camelsde,1827,47.74813256,10.58327926," Lobach , Leuterschach ",Germany,101.99321837516472,2060008490,3,3,train
camelsde_DE210860,camelsde,1827,47.82640503,10.6532317," Geltnach , Hörmanshofen ",Germany,93.2127202614529,2060008490,3,3,train
camelsde_DE210870,camelsde,1827,48.04671239,10.71869245," Gennach , Buchloe ",Germany,135.24002174087758,2060008490,3,3,train
camelsde_DE210880,camelsde,1827,48.1480658,10.75515822," Singold , Langerringen_Singold ",Germany,98.61363892311536,2060008490,3,3,train
camelsde_DE210900,camelsde,1827,48.16708017,10.92655318," Verlorener Bach , Winkl ",Germany,123.56689099544631,2060008490,3,3,train
camelsde_DE210910,camelsde,1827,48.27328424,10.98608628," Paar , Mering ",Germany,138.6092354,2060008490,3,3,train
camelsde_DE210920,camelsde,1827,48.38370634,11.05084591," Paar , Dasing ",Germany,239.40903076572025,2060008490,3,3,train
camelsde_DE210940,camelsde,1827,48.57407177,11.28229626," Paar , Mühlried ",Germany,672.3395080603402,2060008490,3,3,train
camelsde_DE210950,camelsde,1827,48.71768307,11.49369903," Paar , Manching (Ort) ",Germany,851.1695889916676,2060008490,3,3,train
camelsde_DE210970,camelsde,1827,48.42135993,11.14974639," Ecknach , Blumenthal ",Germany,61.23393229549031,2060008490,3,3,train
camelsde_DE211000,camelsde,1827,48.64274112,11.7841209," Abens , Mainburg ",Germany,143.10924183439775,2060008490,3,3,train
camelsde_DE211010,camelsde,1827,48.81654342,11.83063942," Abens , Aunkofen ",Germany,360.5158418634202,2060008490,3,3,train
camelsde_DE211030,camelsde,1827,48.68303528,11.61731673," Ilm , Geisenfeld ",Germany,455.95114716507817,2060008490,3,3,train
camelsde_DE211040,camelsde,1827,49.38271837,10.37327343," Altmühl , Binzwangen ",Germany,24.991427729529622,2060008490,3,3,train
camelsde_DE211050,camelsde,1827,49.20653813,10.5446138," Altmühl , Thann ",Germany,321.89186605524446,2060008490,3,3,train
camelsde_DE211060,camelsde,1827,49.10052873,10.75362728," Altmühl , Aha ",Germany,688.7086005429833,2060008490,3,3,train
camelsde_DE211070,camelsde,1827,48.95317078,10.9135461," Altmühl , Treuchtlingen ",Germany,890.0273800511351,2060008490,3,3,train
camelsde_DE211080,camelsde,1827,48.88303884,11.20056538," Altmühl , Eichstätt ",Germany,1393.975520814112,2060008490,3,3,train
camelsde_DE211090,camelsde,1827,49.02837746,11.47820919," Altmühl , Beilngries o.d.Sulz_Altmühl ",Germany,2243.4539518772976,2060008490,3,3,train
camelsde_DE211100,camelsde,1827,49.15677329,10.5487321," Wieseth , Bechhofen ",Germany,92.357621804691,2060008490,3,3,train
camelsde_DE211110,camelsde,1827,48.96730751,10.95351607," Schambach , Schambach ",Germany,98.8105034044532,2060008490,3,3,train
camelsde_DE211120,camelsde,1827,49.02988043,11.36540516," Schwarzach , Mettendorf ",Germany,302.9404320835121,2060008490,3,3,train
camelsde_DE211130,camelsde,1827,49.12168247,11.51639979," Unterbürger Laber , Holnstein ",Germany,88.78674172676068,2060008490,3,3,train
camelsde_DE211150,camelsde,1827,49.17120775,11.72755798," Schwarze Laber , Parsberg ",Germany,184.91167658453105,2060008490,3,3,train
camelsde_DE211160,camelsde,1827,49.02785181,11.91449865," Schwarze Laber , Deuerling ",Germany,438.4213439362922,2060008490,3,3,train
camelsde_DE211170,camelsde,1827,49.5356146,12.15394834," Naab , Unterköblitz ",Germany,2000.6125918743749,2060008490,3,3,train
camelsde_DE211180,camelsde,1827,49.23400735,12.08409125," Naab , Münchshofen ",Germany,4009.597390521868,2060008490,3,3,train
camelsde_DE211190,camelsde,1827,49.11795563,11.93604339," Naab , Heitzenhofen ",Germany,5417.882287611108,2060008490,3,3,train
camelsde_DE211200,camelsde,1827,49.7977126,12.16487761," Waldnaab , Windischeschenbach ",Germany,584.0089764085185,2060008490,3,3,train
camelsde_DE211220,camelsde,1827,49.80861307,12.36384474," Tirschenreuther Waldnaab , Iglersreuth Speicherzufluss ",Germany,52.16600356238327,2060008490,3,3,train
camelsde_DE211230,camelsde,1827,49.81568596,12.32873027," Tirschenreuther Waldnaab , Liebenstein Werksabfluss ",Germany,75.03330399581019,2060008490,3,3,train
camelsde_DE211240,camelsde,1827,49.81201711,12.16467637," Tirschenreuther Waldnaab , Johannisthal ",Germany,296.36950405605336,2060008490,3,3,train
camelsde_DE211250,camelsde,1827,49.79038804,12.32803087," Geisbach , Geisleithen ",Germany,13.662163396217643,2060008490,3,3,train
camelsde_DE211260,camelsde,1827,49.83559198,12.06283902," Fichtelnaab , Erbendorf ",Germany,180.08896113811372,2060008490,3,3,train
camelsde_DE211270,camelsde,1827,49.77787633,12.02820642," Schweinnaab , Friedersreuth ",Germany,5.907806986284691,2060008490,3,3,train
camelsde_DE211280,camelsde,1827,49.73090297,12.04557216," Schweinnaab , Hammerles ",Germany,25.988303816047992,2060008490,3,3,train
camelsde_DE211290,camelsde,1827,49.82344,11.89211333," Haidenaab , Unterbruck_Haidenaab ",Germany,190.671080493227,2060008490,3,3,train
camelsde_DE211310,camelsde,1827,49.60835709,12.12823598," Haidenaab , Wildenau ",Germany,719.6859767676584,2060008490,3,3,train
camelsde_DE211320,camelsde,1827,49.71821392,11.9159188," Creußen , Grafenwöhr ",Germany,181.3786363375501,2060008490,3,3,train
camelsde_DE211330,camelsde,1827,49.61825636,12.49305898," Pfreimd , Pfrentsch ",Germany,227.8048967479212,2060008490,3,3,train
camelsde_DE211340,camelsde,1827,49.57231385,12.34029356," Pfreimd , Böhmischbruck ",Germany,483.27722376831593,2060008490,3,3,train
camelsde_DE211350,camelsde,1827,49.519339,12.26424346," Pfreimd , Trausnitz u.d. Mühle ",Germany,541.4700676191372,2060008490,3,3,train
camelsde_DE211360,camelsde,1827,49.6204953,12.41763045," Zottbach , Lohma ",Germany,99.7947373577578,2060008490,3,3,train
camelsde_DE211370,camelsde,1827,49.40959966,12.70440037," Schwarzach , Höll ",Germany,61.04175610444612,2060008490,3,3,train
camelsde_DE211380,camelsde,1827,49.38938193,12.69631481," Schwarzach , Hocha Perlseeabfluss ",Germany,72.4647934833169,2060008490,3,3,train
camelsde_DE211390,camelsde,1827,49.33725466,12.51516206," Schwarzach , Rötz Speicherzufluss ",Germany,397.7929871320054,2060008490,3,3,train
camelsde_DE211400,camelsde,1827,49.35951902,12.44792873," Schwarzach , Eixendorf Speicherabfluss ",Germany,415.36951787156994,2060008490,3,3,train
camelsde_DE211410,camelsde,1827,49.40445014,12.21093732," Schwarzach , Warnbach ",Germany,819.2215388569845,2060008490,3,3,train
camelsde_DE211420,camelsde,1827,49.43539397,12.59605847," Bayerische Schwarzach , Tiefenbach_Bayer. Schwarzach ",Germany,59.50861660861595,2060008490,3,3,train
camelsde_DE211430,camelsde,1827,49.40474964,12.60504276," Bayerische Schwarzach , Witzelsmühle Silberseeabfluss ",Germany,72.36508641897433,2060008490,3,3,train
camelsde_DE211440,camelsde,1827,49.43206193,12.45932887," Ascha , Untereppenried ",Germany,61.58815079552719,2060008490,3,3,train
camelsde_DE211450,camelsde,1827,49.41076682,12.3088721," Murach , Fronhof ",Germany,121.4805154058683,2060008490,3,3,train
camelsde_DE211460,camelsde,1827,49.61197292,11.80146364," Vils , Vilseck_Vils ",Germany,230.7237187784812,2060008490,3,3,train
camelsde_DE211470,camelsde,1827,49.44816972,11.85481897," Vils , Amberg_Vils ",Germany,443.2996536395654,2060008490,3,3,train
camelsde_DE211490,camelsde,1827,49.20014404,11.9432379," Vils , Dietldorf ",Germany,1104.8971738249902,2060008490,3,3,train
camelsde_DE211500,camelsde,1827,49.49437158,11.79789479," Rosenbach , Obersdorf ",Germany,69.06412018891149,2060008490,3,3,train
camelsde_DE211510,camelsde,1827,49.29209243,11.81424184," Lauterach , Stettkirchen ",Germany,237.8555389785481,2060008490,3,3,train
camelsde_DE211520,camelsde,1827,49.1814695,12.74639271," Regen , Chamerau ",Germany,1352.7669527738924,2060008490,3,3,train
camelsde_DE211530,camelsde,1827,49.18996872,12.49519198," Regen , Kienhof ",Germany,2172.373966620561,2060008490,3,3,train
camelsde_DE211540,camelsde,1827,49.22281881,12.17466125," Regen , Marienthal ",Germany,2606.895473650428,2060008490,3,3,train
camelsde_DE211550,camelsde,1827,49.01004663,13.22089051," Schwarzer Regen , Zwiesel_Schwarzer Regen ",Germany,293.22006323003245,2060008490,3,3,train
camelsde_DE211560,camelsde,1827,49.0422764,12.99929686," Schwarzer Regen , Teisnach_Schwarzer Regen ",Germany,623.4304748896917,2060008490,3,3,train
camelsde_DE211570,camelsde,1827,49.07120729,12.91996322," Schwarzer Regen , Sägmühle ",Germany,836.4551118535501,2060008490,3,3,train
camelsde_DE211580,camelsde,1827,49.06006626,12.91769132," Aitnach , Viechtach Reibenmühle ",Germany,53.33535480241175,2060008490,3,3,train
camelsde_DE211590,camelsde,1827,49.01849104,13.23013427," Großer Regen , Zwiesel_Großer Regen ",Germany,174.72434366520278,2060008490,3,3,train
camelsde_DE211600,camelsde,1827,49.00733988,13.3713054," Kleiner Regen , Hirschbach_Kleiner Regen ",Germany,11.981707762431094,2060008490,3,3,train
camelsde_DE211610,camelsde,1827,49.00938016,13.23450261," Kleiner Regen , Lohmannmühle ",Germany,116.19771522702275,2060008490,3,3,train
camelsde_DE211620,camelsde,1827,49.03652717,12.99655569," Teisnach , Teisnach_Teisnach ",Germany,109.22012599345568,2060008490,3,3,train
camelsde_DE211630,camelsde,1827,49.17161579,13.09084751," Weißer Regen , Lohberg ",Germany,39.49896718995739,2060008490,3,3,train
camelsde_DE211640,camelsde,1827,49.16877062,12.85316355," Weißer Regen , Kötzting ",Germany,225.8459726864245,2060008490,3,3,train
camelsde_DE211680,camelsde,1827,49.30218727,12.83646273," Chamb , Furth im Wald ",Germany,279.5320072214128,2060008490,3,3,train
camelsde_DE211690,camelsde,1827,49.24043076,12.73345213," Chamb , Kothmaißling ",Germany,407.6339565688161,2060008490,3,3,train
camelsde_DE211700,camelsde,1827,49.28234575,12.91772865," Freybach , Leming ",Germany,66.7348936084141,2060008490,3,3,train
camelsde_DE211710,camelsde,1827,49.32042425,12.89498365," Danglesbach , Ösbühl ",Germany,26.75846648442776,2060008490,3,3,train
camelsde_DE211720,camelsde,1827,49.06259693,12.27487746," Otterbach , Heuweg ",Germany,47.96876540860502,2060008490,3,3,train
camelsde_DE211730,camelsde,1827,49.03861297,12.25238338," Otterbach , Hammermühle ",Germany,89.9519717846546,2060008490,3,3,train
camelsde_DE211740,camelsde,1827,48.94118775,12.2004159," Pfatter , Köfering ",Germany,75.28423857572481,2060008490,3,3,train
camelsde_DE211760,camelsde,1827,48.91549814,12.42540123," Große Laber , Schönach ",Germany,399.6331849103818,2060008490,3,3,train
camelsde_DE211770,camelsde,1827,48.79280471,12.30089136," Kleine Laber , Grafentraubach ",Germany,241.58728438060768,2060008490,3,3,train
camelsde_DE211780,camelsde,1827,48.81045717,12.56972742," Aiterach , Salching ",Germany,136.14603814136348,2060008490,3,3,train
camelsde_DE211790,camelsde,1827,48.82062723,12.68688677," Ödbach , Haberkofen ",Germany,11.272665172002691,2060008490,3,3,train
camelsde_DE211800,camelsde,1827,48.85398627,12.96248333," Kollbach , Deggendorf_Kollbach ",Germany,36.3765951507629,2060008490,3,3,train
camelsde_DE211810,camelsde,1827,47.44334219,11.27082604," Isar , Mittenwald_Isar ",Germany,391.1264456870292,2060008490,3,3,train
camelsde_DE211820,camelsde,1827,47.55341966,11.41807712," Isar , Rißbachdüker ",Germany,537.8686857706815,2060008490,3,3,train
camelsde_DE211830,camelsde,1827,47.59132909,11.54759545," Isar , Sylvenstein_Isar ",Germany,1149.275270194143,2060008490,3,3,train
camelsde_DE211840,camelsde,1827,47.68425993,11.57187371," Isar , Lenggries ",Germany,1386.7744612828765,2060008490,3,3,train
camelsde_DE211870,camelsde,1827,47.77903267,11.54002097," Isar , Bad Tölz KW ",Germany,1541.1414543932951,2060008490,3,3,train
camelsde_DE211880,camelsde,1827,47.91616138,11.44613551," Isar , Puppling ",Germany,1718.958339491866,2060008490,3,3,train
camelsde_DE211900,camelsde,1827,48.14535927,11.59678838," Isar , München_Isar ",Germany,2864.544436199133,2060008490,3,3,train
camelsde_DE211910,camelsde,1827,48.39815491,11.7522182," Isar , Freising_Isar ",Germany,3165.3169485778594,2060008490,3,3,train
camelsde_DE211930,camelsde,1827,48.52758852,12.13342371," Isar , Landshut Birket ",Germany,7916.732154466802,2060008490,3,3,train
camelsde_DE211940,camelsde,1827,48.54590297,12.1366547," Pfettrach , Landshut Flutmulde ",Germany,142.3094056025197,2060008490,3,3,train
camelsde_DE211950,camelsde,1827,48.67520255,12.6926594," Isar , Landau ",Germany,8596.188239952915,2060008490,3,3,train
camelsde_DE211960,camelsde,1827,48.77091698,12.88353932," Isar mit Mühlbächen , Plattling ",Germany,8933.787024765763,2060008490,3,3,train
camelsde_DE211970,camelsde,1827,47.42727175,11.25307543," Leutasch , Mittenwald_Leutasch ",Germany,108.6050232953835,2060008490,3,3,train
camelsde_DE211980,camelsde,1827,47.51803937,11.44230061," Rißbach , Rißbachklamm ",Germany,181.7397103277777,2060008490,3,3,train
camelsde_DE211990,camelsde,1827,47.58255247,11.60666717," Walchen , Walchen ",Germany,216.6334418479901,2060008490,3,3,train
camelsde_DE212030,camelsde,1827,47.48340736,11.06320722," Loisach , Garmisch oh Partnach ",Germany,246.52439406206904,2060008490,3,3,train
camelsde_DE212040,camelsde,1827,47.50228146,11.08822303," Loisach , Garmisch uh Partnach ",Germany,387.0679224362439,2060008490,3,3,train
camelsde_DE212050,camelsde,1827,47.53082044,11.11695844," Loisach , Farchant ",Germany,421.0961200939211,2060008490,3,3,train
camelsde_DE212060,camelsde,1827,47.59751688,11.18687018," Loisach , Eschenlohe Brücke ",Germany,465.561145727268,2060008490,3,3,train
camelsde_DE212070,camelsde,1827,47.66749574,11.32492493," Loisach , Schlehdorf ",Germany,639.7402502697557,2060008490,3,3,train
camelsde_DE212080,camelsde,1827,47.66576143,11.36297351," Loisach , Kochel ",Germany,678.871583,2060008490,3,3,train
camelsde_DE212090,camelsde,1827,47.83522419,11.41495068," Loisach , Beuerberg_Loisach ",Germany,950.9159496052232,2060008490,3,3,train
camelsde_DE212100,camelsde,1827,47.48013307,11.11527375," Partnach , Partenkirchen_Partnach ",Germany,96.05969969730096,2060008490,3,3,train
camelsde_DE212130,camelsde,1827,47.72886174,11.30375092," Lothdorfer Bach , Dürnhausen ",Germany,12.56718807069459,2060008490,3,3,train
camelsde_DE212200,camelsde,1827,48.0791037,11.12924205," Amper , Stegen_Amper ",Germany,1128.373243,2060008490,3,3,train
camelsde_DE212210,camelsde,1827,48.1226164,11.15725252," Amper , Grafrath ",Germany,1199.902992734813,2060008490,3,3,train
camelsde_DE212220,camelsde,1827,48.17705021,11.26139102," Amper , Fürstenfeldbruck ",Germany,1240.9926756611394,2060008490,3,3,train
camelsde_DE212230,camelsde,1827,48.29714474,11.49191079," Amper , Ampermoching ",Germany,2205.2015769481045,2060008490,3,3,train
camelsde_DE212240,camelsde,1827,48.46067225,11.86547739," Amper , Inkofen ",Germany,3191.726214410972,2060008490,3,3,train
camelsde_DE212260,camelsde,1827,47.59458481,11.06413768," Ammer , Oberammergau ",Germany,114.82461327659657,2060008490,3,3,train
camelsde_DE212270,camelsde,1827,47.77827003,11.05735197," Ammer , Peißenberg ",Germany,296.9543958248943,2060008490,3,3,train
camelsde_DE212280,camelsde,1827,47.84713616,11.13500075," Ammer , Weilheim ",Germany,607.5234709226374,2060008490,3,3,train
camelsde_DE212290,camelsde,1827,47.6443877,10.96588036," Halbammer , Unternogg ",Germany,42.8695645849884,2060008490,3,3,train
camelsde_DE212300,camelsde,1827,47.69278137,11.12196908," Ach , Obernach_Ach ",Germany,38.002047605872406,2060008490,3,3,train
camelsde_DE212310,camelsde,1827,47.76777395,11.12317644," Ach , Oberhausen ",Germany,115.23539771051634,2060008490,3,3,train
camelsde_DE212320,camelsde,1827,47.92361602,11.11098002," Rott , Raisting ",Germany,57.35632874501382,2060008490,3,3,train
camelsde_DE212330,camelsde,1827,47.99822357,11.17924479," Kienbach , Herrsching ",Germany,13.438498673116715,2060008490,3,3,train
camelsde_DE212340,camelsde,1827,47.98228425,11.00284699," Windach , Obermühlhausen_Windach ",Germany,34.927000170655745,2060008490,3,3,train
camelsde_DE212350,camelsde,1827,48.00307579,11.01513722," Windach , Oberfinning Speicherabgabe ",Germany,67.45752845,2060008490,3,3,train
camelsde_DE212370,camelsde,1827,47.98779712,11.00592931," Beurerbach , Obermühlhausen_Beurerbach ",Germany,15.162617688312585,2060008490,3,3,train
camelsde_DE212380,camelsde,1827,48.25190667,11.36472875," Maisach , Bergkirchen ",Germany,213.8284120014777,2060008490,3,3,train
camelsde_DE212390,camelsde,1827,48.02919519,11.36309844," Würm , Leutstetten ",Germany,328.11168643078577,2060008490,3,3,train
camelsde_DE212400,camelsde,1827,48.16721343,11.45885916," Würm , Obermenzing ",Germany,382.3720981613811,2060008490,3,3,train
camelsde_DE212430,camelsde,1827,48.00026976,11.3467174," Georgenbach , Starnberg_Georgenbach ",Germany,46.77364927197869,2060008490,3,3,train
camelsde_DE212440,camelsde,1827,47.99779571,11.36096569," Lüßbach , Percha ",Germany,49.99314625920234,2060008490,3,3,train
camelsde_DE212450,camelsde,1827,48.31663655,11.20519104," Glonn , Odelzhausen ",Germany,104.1013865690173,2060008490,3,3,train
camelsde_DE212460,camelsde,1827,48.42657433,11.52610566," Glonn , Hohenkammer ",Germany,389.257300834192,2060008490,3,3,train
camelsde_DE212470,camelsde,1827,48.2530124,11.89809811," Sempt , Berg_Sempt ",Germany,229.0317537867184,2060008490,3,3,train
camelsde_DE212500,camelsde,1827,48.41298788,11.98242314," Strogen , Appolding ",Germany,132.25495249011203,2060008490,3,3,train
camelsde_DE212510,camelsde,1827,48.27135492,11.97227342," Hammerbach , Operding ",Germany,14.296516706156188,2060008490,3,3,train
camelsde_DE212530,camelsde,1827,48.5535744,12.11101972," Pfettrach , Altdorf ",Germany,108.94666704977632,2060008490,3,3,train
camelsde_DE212540,camelsde,1827,48.73686274,12.74481479," Reißingerbach , Wallersdorf ",Germany,84.01578486083477,2060008490,3,3,train
camelsde_DE212550,camelsde,1827,48.79832889,13.0928536," Hengersberger Ohe , Auerbach ",Germany,86.91198989098238,2060008490,3,3,train
camelsde_DE212560,camelsde,1827,48.52743476,12.47228674," Vils , Aham ",Germany,561.626326116372,2060008490,3,3,train
camelsde_DE212570,camelsde,1827,48.60625735,12.69381803," Vils , Rottersdorf ",Germany,725.6165765889751,2060008490,3,3,train
camelsde_DE212590,camelsde,1827,48.4532272,12.36562162," Große Vils , Vilsbiburg ",Germany,317.720848767988,2060008490,3,3,train
camelsde_DE212600,camelsde,1827,48.49583001,12.34402234," Kleine Vils , Dietelskirchen ",Germany,144.93140406806316,2060008490,3,3,train
camelsde_DE212610,camelsde,1827,48.52688995,12.73119692," Kollbach , Kollbach ",Germany,94.61004813445528,2060008490,3,3,train
camelsde_DE212620,camelsde,1827,48.61049971,12.95634027," Kollbach , Bruckhäuser_Kollbach ",Germany,274.5824631388824,2060008490,3,3,train
camelsde_DE212640,camelsde,1827,48.58532906,13.19671638," Wolfach , Neustift ",Germany,128.6400174652397,2060008490,3,3,train
camelsde_DE212650,camelsde,1827,48.62843158,13.37318674," Gaißa , Hörmannsberg ",Germany,210.79804389339336,2060008490,3,3,train
camelsde_DE212660,camelsde,1827,48.73134958,13.43913248," Ilz , Schrottenbaummühle ",Germany,362.4849044907823,2060008490,3,3,train
camelsde_DE212670,camelsde,1827,48.68874396,13.45185312," Ilz , Kalteneck ",Germany,758.6433172336074,2060008490,3,3,train
camelsde_DE212680,camelsde,1827,48.93804174,13.41248506," Große Ohe , Taferlruck ",Germany,18.85985844410456,2060008490,3,3,train
camelsde_DE212690,camelsde,1827,48.83679825,13.35375569," Große Ohe , Schönberg ",Germany,82.3019522667199,2060008490,3,3,train
camelsde_DE212710,camelsde,1827,48.81891125,13.35381842," Mitternacher Ohe , Eberhardsreuth ",Germany,112.5605030116168,2060008490,3,3,train
camelsde_DE212720,camelsde,1827,48.8569466,13.38736059," Kleine Ohe , Grafenau ",Germany,78.00587522371207,2060008490,3,3,train
camelsde_DE212730,camelsde,1827,48.71864663,13.46804408," Wolfsteiner Ohe , Fürsteneck ",Germany,370.2628838818515,2060008490,3,3,train
camelsde_DE212740,camelsde,1827,48.84881707,13.54230662," Reschwasser , Unterkashof ",Germany,59.86643536472994,2060008490,3,3,train
camelsde_DE212750,camelsde,1827,48.82460112,13.56554655," Saußwasser , Linden_Saußwasser ",Germany,89.48017166068598,2060008490,3,3,train
camelsde_DE212760,camelsde,1827,48.72726566,13.52314262," Osterbach , Röhrnbach ",Germany,119.9726664363351,2060008490,3,3,train
camelsde_DE212770,camelsde,1827,47.64403765,12.19640682," Inn , Oberaudorf_Inn ",Germany,9696.521876889488,2060008490,3,3,train
camelsde_DE212780,camelsde,1827,47.85408967,12.14350902," Inn , Rosenheim o.d. Mangfall ",Germany,10146.415767798451,2060008490,3,3,train
camelsde_DE212800,camelsde,1827,48.05930919,12.23424555," Inn , Wasserburg ",Germany,11951.066660554476,2060008490,3,3,train
camelsde_DE212810,camelsde,1827,48.18802525,12.42216737," Inn , Kraiburg ",Germany,12250.36966641265,2060008490,3,3,train
camelsde_DE212820,camelsde,1827,48.23911647,12.52860614," Inn , Mühldorf ",Germany,12394.274365752006,2060008490,3,3,train
camelsde_DE212830,camelsde,1827,48.25521929,12.72983202," Inn , Eschelbach_Inn ",Germany,13308.748905808812,2060008490,3,3,train
camelsde_DE212860,camelsde,1827,47.61388774,12.15650936," Kieferbach , Bleyerbrücke ",Germany,114.3496090246884,2060008490,3,3,train
camelsde_DE212870,camelsde,1827,47.65843011,12.15404685," Auerbach , Bad Trißl ",Germany,38.74784212550854,2060008490,3,3,train
camelsde_DE212890,camelsde,1827,47.74627062,12.18164335," Steinbach , Nußdorf ",Germany,32.49961507,2060008490,3,3,train
camelsde_DE212900,camelsde,1827,47.85012342,12.18708367," Sims , Stephanskirchen ",Germany,100.63230759456596,2060008490,3,3,train
camelsde_DE212910,camelsde,1827,47.77343377,11.76847102," Mangfall , Schmerold ",Germany,245.0154388,2060008490,3,3,train
camelsde_DE212920,camelsde,1827,47.89526651,11.78346915," Mangfall , Valley ",Germany,388.7656901753997,2060008490,3,3,train
camelsde_DE212930,camelsde,1827,47.8926685,11.85240175," Mangfall , Feldolling ",Germany,758.0043056723979,2060008490,3,3,train
camelsde_DE212940,camelsde,1827,47.85797064,11.99402728," Mangfall , Bad Aibling Willinger Brücke ",Germany,800.5671875859192,2060008490,3,3,train
camelsde_DE212950,camelsde,1827,47.84476638,12.12540684," Mangfall , Rosenheim_Mangfall ",Germany,1113.356711721726,2060008490,3,3,train
camelsde_DE212960,camelsde,1827,47.67526085,11.76690703," Weißach , Oberach ",Germany,96.291693958964,2060008490,3,3,train
camelsde_DE212970,camelsde,1827,47.62739459,11.75006272," Sagenbach , Bad Kreuth ",Germany,19.55128389328041,2060008490,3,3,train
camelsde_DE212980,camelsde,1827,47.69194988,11.77390638," Rottach , Rottach ",Germany,33.0389771989438,2060008490,3,3,train
camelsde_DE213010,camelsde,1827,47.78917152,11.82916542," Schlierach , Miesbach ",Germany,59.130376363381146,2060008490,3,3,train
camelsde_DE213020,camelsde,1827,47.70920588,11.93379199," Leitzach , Stauden ",Germany,112.48976789862697,2060008490,3,3,train
camelsde_DE213030,camelsde,1827,47.88677227,11.82907271," Leitzach , Erb ",Germany,214.2158477046613,2060008490,3,3,train
camelsde_DE213050,camelsde,1827,47.92245984,11.99070839," Glonn , Beyharting ",Germany,71.21654507971274,2060008490,3,3,train
camelsde_DE213060,camelsde,1827,47.86062792,12.01061878," Glonn , Bad Aibling_Glonn ",Germany,150.6921659509108,2060008490,3,3,train
camelsde_DE213110,camelsde,1827,47.79693091,11.97269742," Aubach , Au ",Germany,12.529504536981378,2060008490,3,3,train
camelsde_DE213130,camelsde,1827,47.98013727,12.21214644," Murn , Weichselbaum ",Germany,153.07447726664154,2060008490,3,3,train
camelsde_DE213140,camelsde,1827,47.99304113,12.01048533," Attel , Aßling ",Germany,65.18291614870418,2060008490,3,3,train
camelsde_DE213150,camelsde,1827,48.02387476,12.14789453," Attel , Anger ",Germany,245.68489082663388,2060008490,3,3,train
camelsde_DE213170,camelsde,1827,48.28093165,12.61261413," Isen , Engfurt ",Germany,540.9940501227411,2060008490,3,3,train
camelsde_DE213180,camelsde,1827,48.22971793,12.13782795," Goldach , Großschwindau ",Germany,20.29371478607268,2060008490,3,3,train
camelsde_DE213190,camelsde,1827,47.93442373,12.48021476," Alz , Seebruck ",Germany,1450.8318035611555,2060008490,3,3,train
camelsde_DE213200,camelsde,1827,48.00344831,12.5316595," Alz , Altenmarkt oh Traun ",Germany,1598.5758693662249,2060008490,3,3,train
camelsde_DE213210,camelsde,1827,48.02710639,12.55532571," Alz , Trostberg_Alz ",Germany,1948.455575661794,2060008490,3,3,train
camelsde_DE213220,camelsde,1827,48.17148422,12.73100894," Alz , Burgkirchen_Alz ",Germany,2205.252912050583,2060008490,3,3,train
camelsde_DE213250,camelsde,1827,47.7814129,12.47560073," Tiroler Achen , Staudach ",Germany,964.8497367494928,2060008490,3,3,train
camelsde_DE213280,camelsde,1827,47.78062007,12.32372768," Prien , Aschau ",Germany,55.52057955365159,2060008490,3,3,train
camelsde_DE213290,camelsde,1827,47.85536295,12.34093688," Prien , Prien_Prien ",Germany,91.24516913790116,2060008490,3,3,train
camelsde_DE213310,camelsde,1827,47.81037817,12.57294396," Weiße Ache , Bergen ",Germany,19.00827320627269,2060008490,3,3,train
camelsde_DE213320,camelsde,1827,47.8331501,12.6460511," Traun , Hochberg ",Germany,246.48758759512964,2060008490,3,3,train
camelsde_DE213330,camelsde,1827,47.99122064,12.54242643," Traun , Stein_Traun ",Germany,339.5743482708874,2060008490,3,3,train
camelsde_DE213350,camelsde,1827,47.82557147,12.64531063," Weiße Traun , Siegsdorf ",Germany,155.1523665,2060008490,3,3,train
camelsde_DE213360,camelsde,1827,47.82909178,12.64944132," Rote Traun , Wernleiten ",Germany,90.62600400116548,2060008490,3,3,train
camelsde_DE213370,camelsde,1827,47.93964382,12.93278868," Salzach , Laufen S. Keller ",Germany,6104.84256292887,2060008490,3,3,train
camelsde_DE213380,camelsde,1827,48.15863934,12.83434003," Salzach , Burghausen ",Germany,6647.401701383228,2060008490,3,3,train
camelsde_DE213390,camelsde,1827,47.64578386,13.03226222," Berchtesgadener Ache , Berchtesgaden KA ",Germany,371.4483077606562,2060008490,3,3,train
camelsde_DE213400,camelsde,1827,47.6140619,12.95315864," Ramsauer Ache , Ilsank ",Germany,123.71154115155252,2060008490,3,3,train
camelsde_DE213420,camelsde,1827,47.61636991,12.99695121," Königsseer Ache , Schwöbbrücke ",Germany,157.66519788683934,2060008490,3,3,train
camelsde_DE213430,camelsde,1827,47.68118732,12.82282059," Saalach , Unterjettenberg ",Germany,941.7846230531832,2060008490,3,3,train
camelsde_DE213440,camelsde,1827,47.7473334,12.90019387," Saalach , Staufeneck ",Germany,1033.774370829522,2060008490,3,3,train
camelsde_DE213450,camelsde,1827,47.76519136,12.91338996," Stoißer Ache , Piding ",Germany,49.45681238379807,2060008490,3,3,train
camelsde_DE213460,camelsde,1827,47.85279533,12.83058952," Sur , Teisendorf ",Germany,57.3819411065833,2060008490,3,3,train
camelsde_DE213470,camelsde,1827,47.89009021,12.83804028," Sur , Ammerberg ",Germany,69.55139465,2060008490,3,3,train
camelsde_DE213480,camelsde,1827,47.84716899,12.9459734," Sur , Brodhausen ",Germany,133.5904468,2060008490,3,3,train
camelsde_DE213490,camelsde,1827,47.8432807,12.78532895," Oberteisendorfer Ache , Hammer ",Germany,15.363712248771868,2060008490,3,3,train
camelsde_DE213500,camelsde,1827,47.82590742,12.90808459," Kleine Sur , Thundorf ",Germany,18.547669426547355,2060008490,3,3,train
camelsde_DE213510,camelsde,1827,47.91750774,12.82790399," Götzinger Achen , Unverzug ",Germany,133.30957182798167,2060008490,3,3,train
camelsde_DE213520,camelsde,1827,48.26767168,13.02888647," Simbach , Simbach_Simbach ",Germany,28.40845817,2060008490,3,3,train
camelsde_DE213530,camelsde,1827,48.36914693,12.52690056," Rott , Kinning ",Germany,110.217638921899,2060008490,3,3,train
camelsde_DE213540,camelsde,1827,48.41189397,12.83230377," Rott , Linden_Rott ",Germany,530.5168252721802,2060008490,3,3,train
camelsde_DE213550,camelsde,1827,48.42028688,12.90464111," Rott , Postmünster_Rott ",Germany,594.5898459412127,2060008490,3,3,train
camelsde_DE213560,camelsde,1827,48.43584873,13.07264863," Rott , Birnbach ",Germany,856.8135416831979,2060008490,3,3,train
camelsde_DE213570,camelsde,1827,48.42821256,13.33389871," Rott , Ruhstorf ",Germany,1046.7967890743946,2060008490,3,3,train
camelsde_DE213580,camelsde,1827,48.43268175,12.5704362," Bina , Panzing ",Germany,116.24998622441244,2060008490,3,3,train
camelsde_DE213590,camelsde,1827,48.42075532,12.72845732," Mertseebach , Kirchberg ",Germany,27.86638491347404,2060008490,3,3,train
camelsde_DE213600,camelsde,1827,48.40524047,12.75661282," Mertseebach , Eggenfelden_Mertseebach ",Germany,31.964159225629583,2060008490,3,3,train
camelsde_DE213620,camelsde,1827,48.39666293,13.00528824," Altbach , Triftern ",Germany,56.63400388945182,2060008490,3,3,train
camelsde_DE213630,camelsde,1827,48.57738307,13.57968778," Erlau , Erlachleiten ",Germany,216.4499766672729,2060008490,3,3,train
camelsde_DE213640,camelsde,1827,48.57208528,13.74474138," Ranna , Rannasäge ",Germany,36.354826505268974,2060008490,3,3,train
camelsde_DE213660,camelsde,1827,47.54266609,10.01560672," Weißach , Oberstaufen ",Germany,60.82017245444934,2060023010,1,1,val
camelsde_DE213680,camelsde,1827,47.64555548,10.08490291," Untere Argen , Seltmans ",Germany,67.29936245598007,2060023010,1,1,val
camelsde_DE213690,camelsde,1827,50.0994424,11.37271097," Main , Mainleus ",Germany,1164.7328334685749,2060023010,1,1,val
camelsde_DE213700,camelsde,1827,50.1648794,11.15133557," Main , Schwürbitz ",Germany,2416.4304208306303,2060023010,1,1,val
camelsde_DE213710,camelsde,1827,49.95116626,10.87348801," Main , Kemmern ",Germany,4231.1310054298165,2060023010,1,1,val
camelsde_DE213730,camelsde,1827,50.03117622,10.22075816," Main , Schweinfurt Neuer Hafen ",Germany,12661.737390762366,2060023010,1,1,val
camelsde_DE213740,camelsde,1827,49.79610247,9.925796256," Main , Würzburg_Main ",Germany,13957.385200335351,2060023010,1,1,val
camelsde_DE213770,camelsde,1827,50.0384672,11.67467085," Weißer Main , Bad Berneck_Weißer Main ",Germany,54.27979237171005,2060023010,1,1,val
camelsde_DE213780,camelsde,1827,50.09527974,11.52410652," Weißer Main , Ködnitz ",Germany,311.7723628587564,2060023010,1,1,val
camelsde_DE213800,camelsde,1827,50.06503861,11.55184996," Trebgast , Trebgast ",Germany,62.35900321404615,2060023010,1,1,val
camelsde_DE213820,camelsde,1827,50.12717252,11.52513328," Schorgast , Untersteinach_Schorgast ",Germany,243.6206974421448,2060023010,1,1,val
camelsde_DE213830,camelsde,1827,50.11811335,11.50644474," Schorgast , Kauerndorf ",Germany,246.351258985074,2060023010,1,1,val
camelsde_DE213840,camelsde,1827,50.11993555,11.61509942," Koserbach , Adlerhütte ",Germany,33.30162670089863,2060023010,1,1,val
camelsde_DE213850,camelsde,1827,50.18030941,11.52407536," Untere Steinach , Oberhammer ",Germany,64.22395344118564,2060023010,1,1,val
camelsde_DE213860,camelsde,1827,50.13269643,11.52608571," Untere Steinach , Untersteinach_Untere Steinach ",Germany,138.9520489899873,2060023010,1,1,val
camelsde_DE213870,camelsde,1827,49.84645215,11.62300047," Roter Main , Creußen ",Germany,34.40003607236285,2060023010,1,1,val
camelsde_DE213880,camelsde,1827,49.90664675,11.62090327," Roter Main , Schlehenmühle ",Germany,70.81365401378515,2060023010,1,1,val
camelsde_DE213890,camelsde,1827,49.94908862,11.56614772," Roter Main , Bayreuth ",Germany,335.43352715688485,2060023010,1,1,val
camelsde_DE213900,camelsde,1827,50.0753647,11.42631957," Roter Main , Unterzettlitz ",Germany,502.1428013111629,2060023010,1,1,val
camelsde_DE213910,camelsde,1827,49.8973418,11.66178447," Ölschnitz , Gampelmühle ",Germany,63.621754000504616,2060023010,1,1,val
camelsde_DE213920,camelsde,1827,49.96956106,11.68333088," Warme Steinach , Untersteinach_Warme Steinach ",Germany,75.42203101602482,2060023010,1,1,val
camelsde_DE213930,camelsde,1827,50.09050166,11.23819985," Weismain , Weismain_Weismain ",Germany,68.95495498023566,2060023010,1,1,val
camelsde_DE213940,camelsde,1827,50.35217093,11.51072656," Rodach , Streitmühle ",Germany,56.34145329308406,2060023010,1,1,val
camelsde_DE213950,camelsde,1827,50.31794627,11.48573459," Rodach , Rieblich ",Germany,118.30452903978085,2060023010,1,1,val
camelsde_DE213960,camelsde,1827,50.27816938,11.43062196," Rodach , Erlabrück ",Germany,251.61385605039683,2060023010,1,1,val
camelsde_DE213970,camelsde,1827,50.18153287,11.22653327," Rodach , Unterlangenstadt ",Germany,711.3335884656358,2060023010,1,1,val
camelsde_DE213990,camelsde,1827,50.36358012,11.49207179," Nordhalbener Ködel , Mauthaus_Nordhalbener Ködel ",Germany,18.18645494160222,2060023010,1,1,val
camelsde_DE214000,camelsde,1827,50.36297656,11.4836177," Tschirner Ködel , Mauthaus_Tschirner Ködel ",Germany,12.524714892219594,2060023010,1,1,val
camelsde_DE214010,camelsde,1827,50.26827554,11.54142003," Wilde Rodach , Bernstein am Wald ",Germany,34.990144803042845,2060023010,1,1,val
camelsde_DE214020,camelsde,1827,50.27103546,11.46170662," Wilde Rodach , Wallenfels ",Germany,95.69487003726611,2060023010,1,1,val
camelsde_DE214030,camelsde,1827,50.32176513,11.28464083," Haßlach , Neukenroth ",Germany,142.81176081442,2060023010,1,1,val
camelsde_DE214040,camelsde,1827,50.36871905,11.30676188," Buchbach , Friedersdorf ",Germany,11.092345274040843,2060023010,1,1,val
camelsde_DE214050,camelsde,1827,50.29201266,11.36770049," Kronach , Steinberg_Kronach ",Germany,95.05481513459756,2060023010,1,1,val
camelsde_DE214060,camelsde,1827,50.32542621,11.36067113," Kremnitz , Geschwend ",Germany,46.47267565677912,2060023010,1,1,val
camelsde_DE214070,camelsde,1827,50.27731626,11.15938333," Steinach , Fürth am Berg ",Germany,146.5580610345,2060023010,1,1,val
camelsde_DE214080,camelsde,1827,50.34726159,11.02804978," Itz , Schönstädt ",Germany,128.2319054549099,2060023010,1,1,val
camelsde_DE214090,camelsde,1827,50.2491746,10.96208738," Itz , Coburg ",Germany,361.7919642564927,2060023010,1,1,val
camelsde_DE214100,camelsde,1827,50.12940219,10.87122675," Itz , Schenkenau ",Germany,951.975737765781,2060023010,1,1,val
camelsde_DE214110,camelsde,1827,50.29664401,11.05166362," Röden , Mönchröden ",Germany,69.55670668025593,2060023010,1,1,val
camelsde_DE214120,camelsde,1827,50.34964123,10.96315858," Lauter (Lauterbach) , Neukirchen ",Germany,18.548076198061484,2060023010,1,1,val
camelsde_DE214130,camelsde,1827,50.3146593,10.97317227," Lauter (Lauterbach) , Oberlauter ",Germany,33.67300408600957,2060023010,1,1,val
camelsde_DE214140,camelsde,1827,50.29791849,10.92432522," Sulzbach , Kösfeld ",Germany,35.064309118568005,2060023010,1,1,val
camelsde_DE214150,camelsde,1827,50.27689394,10.94435548," Sulzbach , Goldbergsee Ablaufpegel ",Germany,52.44277989669932,2060023010,1,1,val
camelsde_DE214160,camelsde,1827,50.17744876,10.84212278," Rodach , Heinersdorf ",Germany,377.4772369481216,2060023010,1,1,val
camelsde_DE214170,camelsde,1827,50.23949388,10.7859215," Kreck , Autenhausen ",Germany,162.69441613241847,2060023010,1,1,val
camelsde_DE214190,camelsde,1827,50.14458007,10.70588072," Baunach , Lohr ",Germany,161.38191712990425,2060023010,1,1,val
camelsde_DE214200,camelsde,1827,50.00210033,10.84345242," Baunach , Leucherhof ",Germany,376.5169809559012,2060023010,1,1,val
camelsde_DE214210,camelsde,1827,50.1456863,10.73612692," Weisach , Pfarrweisach ",Germany,37.81022379786717,2060023010,1,1,val
camelsde_DE214220,camelsde,1827,49.54609499,10.97364272," Regnitz , Hüttendorf ",Germany,3846.678220350166,2060023010,1,1,val
camelsde_DE214230,camelsde,1827,49.8327457,10.94896532," Regnitz , Pettstadt ",Germany,6956.768280392924,2060023010,1,1,val
camelsde_DE214240,camelsde,1827,49.25022853,11.08419394," Rednitz , Roth Kläranlage ",Germany,958.405720745887,2060023010,1,1,val
camelsde_DE214250,camelsde,1827,49.43607678,10.9911751," Rednitz , Neumühle_Rednitz ",Germany,1809.618349522444,2060023010,1,1,val
camelsde_DE214260,camelsde,1827,49.40430686,10.46525249," Fränkische Rezat , Mitteldachstetten ",Germany,24.72002071475876,2060023010,1,1,val
camelsde_DE214290,camelsde,1827,49.19539385,10.88734127," Fränkische Rezat , Wernfels Kläranlage ",Germany,374.54152137046,2060023010,1,1,val
camelsde_DE214300,camelsde,1827,49.30949153,10.57299446," Hennenbach , Ansbach_Hennenbach (alt) ",Germany,8.573260757343846,2060023010,1,1,val
camelsde_DE214310,camelsde,1827,49.02987046,10.95495346," Schwäbische Rezat , Weißenburg ",Germany,30.349767054571068,2060023010,1,1,val
camelsde_DE214320,camelsde,1827,49.12056538,11.00384901," Schwäbische Rezat , Seemannsmühle ",Germany,162.1995968382644,2060023010,1,1,val
camelsde_DE214330,camelsde,1827,49.15339184,11.01289711," Schwäbische Rezat , Mühlstetten ",Germany,253.27688912458325,2060023010,1,1,val
camelsde_DE214350,camelsde,1827,49.24782382,11.09396286," Roth , Roth Bleiche ",Germany,175.80697386157516,2060023010,1,1,val
camelsde_DE214360,camelsde,1827,49.24120484,11.05347462," Aurach , Rothaurach ",Germany,123.69698487814377,2060023010,1,1,val
camelsde_DE214370,camelsde,1827,49.36882062,11.37760506," Schwarzach , Rasch ",Germany,207.5609664,2060023010,1,1,val
camelsde_DE214380,camelsde,1827,49.35518598,11.14118862," Schwarzach , Wendelstein ",Germany,321.1034543,2060023010,1,1,val
camelsde_DE214400,camelsde,1827,49.39392978,10.73396254," Bibert , Lentersdorf ",Germany,47.132741395285095,2060023010,1,1,val
camelsde_DE214410,camelsde,1827,49.42652643,10.89556547," Bibert , Weinzierlein ",Germany,293.0814191745544,2060023010,1,1,val
camelsde_DE214420,camelsde,1827,49.36697535,10.70660706," Haselbach , Bruckberg ",Germany,78.38130055395169,2060023010,1,1,val
camelsde_DE214430,camelsde,1827,49.7063733,11.55862038," Pegnitz , Michelfeld ",Germany,95.98606853506494,2060023010,1,1,val
camelsde_DE214440,camelsde,1827,49.60559201,11.50495089," Pegnitz , Güntersthal ",Germany,314.837490295924,2060023010,1,1,val
camelsde_DE214450,camelsde,1827,49.52588958,11.49140427," Pegnitz , Hohenstadt ",Germany,468.9724015965271,2060023010,1,1,val
camelsde_DE214460,camelsde,1827,49.50626409,11.27287681," Pegnitz , Lauf ",Germany,939.1360121667328,2060023010,1,1,val
camelsde_DE214470,camelsde,1827,49.4558195,11.05253552," Pegnitz , Nürnberg Lederersteg ",Germany,1184.2218415551952,2060023010,1,1,val
camelsde_DE214480,camelsde,1827,49.49937679,11.52586019," Högenbach , Pommelsbrunn ",Germany,101.93567082896084,2060023010,1,1,val
camelsde_DE214490,camelsde,1827,49.55823038,11.34303882," Schnaittach , Schnaittach Markt ",Germany,62.68007706279791,2060023010,1,1,val
camelsde_DE214500,camelsde,1827,49.48170584,11.23886422," Röthenbach , Röthenbach ",Germany,80.19296540552378,2060023010,1,1,val
camelsde_DE214510,camelsde,1827,49.45248649,10.60745315," Zenn , Stöckach ",Germany,76.1725170870784,2060023010,1,1,val
camelsde_DE214520,camelsde,1827,49.49340767,10.75411879," Zenn , Laubendorf ",Germany,169.74290287432046,2060023010,1,1,val
camelsde_DE214530,camelsde,1827,49.50763864,10.90212237," Zenn , Kreppendorf ",Germany,245.36276458418808,2060023010,1,1,val
camelsde_DE214540,camelsde,1827,49.52044996,11.08950335," Gründlach , Frauenkreuz ",Germany,35.30307400971435,2060023010,1,1,val
camelsde_DE214550,camelsde,1827,49.54462507,10.70995278," Aurach , Emskirchen ",Germany,41.77024184762502,2060023010,1,1,val
camelsde_DE214560,camelsde,1827,49.56732616,10.96383863," Aurach , Frauenaurach ",Germany,166.52689982293822,2060023010,1,1,val
camelsde_DE214570,camelsde,1827,49.59681499,11.21503954," Schwabach , Büg ",Germany,79.30496638677295,2060023010,1,1,val
camelsde_DE214580,camelsde,1827,49.60167772,11.02014958," Schwabach , Erlangen ",Germany,184.79906119281725,2060023010,1,1,val
camelsde_DE214590,camelsde,1827,49.93518042,11.29058605," Wiesent , Hollfeld ",Germany,133.70128223580255,2060023010,1,1,val
camelsde_DE214600,camelsde,1827,49.77834173,11.33230806," Wiesent , Behringersmühle ",Germany,432.0097134833733,2060023010,1,1,val
camelsde_DE214610,camelsde,1827,49.80315663,11.25835693," Wiesent , Muggendorf ",Germany,659.9726801587494,2060023010,1,1,val
camelsde_DE214630,camelsde,1827,49.77304822,11.40186365," Püttlach , Pottenstein ",Germany,115.74037853269787,2060023010,1,1,val
camelsde_DE214640,camelsde,1827,49.82437695,11.1913946," Leinleiterbach , Unterleinleiter ",Germany,83.57013591249066,2060023010,1,1,val
camelsde_DE214650,camelsde,1827,49.69431553,11.27162882," Trubach , Bärenthal ",Germany,61.7752893447824,2060023010,1,1,val
camelsde_DE214660,camelsde,1827,49.48487716,10.3917906," Aisch , Illesheim ",Germany,97.87218213100478,2060023010,1,1,val
camelsde_DE214690,camelsde,1827,49.72595149,10.93238187," Aisch , Laufermühle ",Germany,945.6054325189372,2060023010,1,1,val
camelsde_DE214700,camelsde,1827,49.75917033,10.98403213," Aisch , Hallerndorf ",Germany,982.69141271923,2060023010,1,1,val
camelsde_DE214720,camelsde,1827,49.79997356,10.92639407," Reiche Ebrach , Röbersdorf ",Germany,279.5973815052104,2060023010,1,1,val
camelsde_DE214730,camelsde,1827,49.85526784,10.69023185," Rauhe Ebrach , Schönbrunn ",Germany,109.98343605447624,2060023010,1,1,val
camelsde_DE214740,camelsde,1827,49.82250813,10.84172073," Rauhe Ebrach , Vorra ",Germany,296.89551231066696,2060023010,1,1,val
camelsde_DE214760,camelsde,1827,49.90800238,10.3968728," Volkach , Dingolshausen ",Germany,15.797165185814652,2060023010,1,1,val
camelsde_DE214770,camelsde,1827,49.90846553,10.29874619," Volkach , Brünnstadt ",Germany,43.2193859741124,2060023010,1,1,val
camelsde_DE214780,camelsde,1827,49.81605057,10.2924974," Schwarzach , Reupelsdorf ",Germany,77.39870294553226,2060023010,1,1,val
camelsde_DE214790,camelsde,1827,49.79198537,10.27521837," Castellbach , Atzhausen ",Germany,79.0230002707385,2060023010,1,1,val
camelsde_DE214800,camelsde,1827,49.66244102,10.15485547," Breitbach , Marktbreit ",Germany,149.27606203125765,2060023010,1,1,val
camelsde_DE214810,camelsde,1827,49.79937305,9.948383197," Pleichach , Würzburg_Pleichach ",Germany,126.32353404572116,2060023010,1,1,val
camelsde_DE214830,camelsde,1827,49.97547488,9.962764976," Wern , Arnstein ",Germany,331.7554974598834,2060023010,1,1,val
camelsde_DE214840,camelsde,1827,50.02728458,9.74922951," Wern , Sachsenheim ",Germany,596.2611691550402,2060023010,1,1,val
camelsde_DE214850,camelsde,1827,50.2960589,10.46886475," Fränkische Saale , Bad Königshofen im Grabfeld ",Germany,88.98992609,2060023010,1,1,val
camelsde_DE214860,camelsde,1827,50.31026855,10.19300995," Fränkische Saale , Salz ",Germany,1039.1378753961822,2060023010,1,1,val
camelsde_DE214880,camelsde,1827,50.18062436,10.07305223," Fränkische Saale , Bad Kissingen Golfplatz ",Germany,1575.7900902991316,2060023010,1,1,val
camelsde_DE214890,camelsde,1827,50.08746445,9.735328457," Fränkische Saale , Wolfsmünster ",Germany,2117.6210544688424,2060023010,1,1,val
camelsde_DE214910,camelsde,1827,50.47796829,10.18293211," Streu , Nordheim vor der Rhön ",Germany,63.56563223759184,2060023010,1,1,val
camelsde_DE214920,camelsde,1827,50.37078441,10.25894741," Streu , Unsleben ",Germany,433.826095599404,2060023010,1,1,val
camelsde_DE214930,camelsde,1827,50.47419821,10.25199584," Sulz , Stockheim ",Germany,40.8123065,2060023010,1,1,val
camelsde_DE214940,camelsde,1827,50.38213363,10.2275981," Els , Wechterswinkel ",Germany,91.95676404213494,2060023010,1,1,val
camelsde_DE214950,camelsde,1827,50.39924728,10.04494534," Brend , Unterweißenbrunn ",Germany,47.72092398798433,2060023010,1,1,val
camelsde_DE214960,camelsde,1827,50.34930987,10.15599299," Brend , Schweinhof ",Germany,111.91893730043276,2060023010,1,1,val
camelsde_DE214970,camelsde,1827,50.21363472,10.23750559," Lauer , Poppenlauer ",Germany,152.23509848345125,2060023010,1,1,val
camelsde_DE214980,camelsde,1827,50.19660623,9.959613422," Thulba , Oberthulba ",Germany,76.26910461064097,2060023010,1,1,val
camelsde_DE214990,camelsde,1827,50.21993062,9.966858514," Lauter , Schlimpfhof ",Germany,12.299709613267044,2060023010,1,1,val
camelsde_DE215010,camelsde,1827,50.3077721,9.788955789," Sinn , Bad Brückenau ",Germany,90.98441637779054,2060023010,1,1,val
camelsde_DE215020,camelsde,1827,50.20070977,9.616533765," Sinn , Mittelsinn ",Germany,461.30119051755867,2060023010,1,1,val
camelsde_DE215030,camelsde,1827,50.0740801,9.687199622," Sinn , Gemünden Lachsfangsteg ",Germany,617.2067171397101,2060023010,1,1,val
camelsde_DE215040,camelsde,1827,50.06098733,9.475325308," Lohr , Frammersbach ",Germany,68.6349661180494,2060023010,1,1,val
camelsde_DE215050,camelsde,1827,50.02516804,9.54041732," Lohr , Partenstein ",Germany,217.3783135240353,2060023010,1,1,val
camelsde_DE215060,camelsde,1827,49.86957863,9.596718535," Hafenlohr , Hafenlohr ",Germany,146.57599932803316,2060023010,1,1,val
camelsde_DE215080,camelsde,1827,49.77475649,9.653454218," Aalbach , Wüstenzell ",Germany,120.03505922034992,2060023010,1,1,val
camelsde_DE215090,camelsde,1827,49.32557961,10.19324423," Tauber , Bockenfeld ",Germany,74.92161950831606,2060023010,1,1,val
camelsde_DE215100,camelsde,1827,49.5133612,10.01971709," Gollach , Bieberehren ",Germany,166.3945182538236,2060023010,1,1,val
camelsde_DE215110,camelsde,1827,49.71067945,9.271525494," Erf , Bürgstadt ",Germany,241.3463565922385,2060023010,1,1,val
camelsde_DE215120,camelsde,1827,49.68039153,9.218229943," Mud , Weilbach ",Germany,398.3603530086359,2060023010,1,1,val
camelsde_DE215140,camelsde,1827,49.85881156,9.284484227," Elsava , Hobbach ",Germany,81.01669431886484,2060023010,1,1,val
camelsde_DE215150,camelsde,1827,49.82719634,9.216376348," Elsava , Rück ",Germany,143.60762150933667,2060023010,1,1,val
camelsde_DE215160,camelsde,1827,49.99498985,9.187110832," Aschaff , Goldbach ",Germany,142.23186609251457,2060023010,1,1,val
camelsde_DE215170,camelsde,1827,50.08264437,9.24320448," Kahl , Schöllkrippen ",Germany,64.56898331201342,2060023010,1,1,val
camelsde_DE215180,camelsde,1827,50.08623115,9.065350776," Kahl , Alzenau ",Germany,180.79698480397016,2060023010,1,1,val
camelsde_DE215190,camelsde,1827,50.12989414,11.99476858," Eger , Marktleuthen ",Germany,114.02467313216572,2060024170,2,2,train
camelsde_DE215200,camelsde,1827,50.10162998,12.21333364," Eger , Hohenberg ",Germany,297.8821647578269,2060024170,2,2,train
camelsde_DE215220,camelsde,1827,50.02146814,12.10487619," Röslau , Lorenzreuth ",Germany,121.87083072840836,2060024170,2,2,train
camelsde_DE215230,camelsde,1827,50.05467891,12.18949863," Röslau , Arzberg ",Germany,290.84800337492953,2060024170,2,2,train
camelsde_DE215240,camelsde,1827,50.00378585,12.1027731," Kössein , Marktredwitz ",Germany,70.15162028436573,2060024170,2,2,train
camelsde_DE215250,camelsde,1827,49.93300724,12.29082264," Wondreb , Dobrigau ",Germany,93.75902904780769,2060024170,2,2,train
camelsde_DE215260,camelsde,1827,50.00433872,12.31460455," Wondreb , Waldsassen ",Germany,229.54993395112345,2060024170,2,2,train
camelsde_DE215270,camelsde,1827,50.1862248,11.84635618," Sächsische Saale , Weißdorf ",Germany,46.86816666611969,2060024170,2,2,train
camelsde_DE215280,camelsde,1827,50.26282164,11.93265487," Sächsische Saale , Oberkotzau ",Germany,230.54896750252752,2060024170,2,2,train
camelsde_DE215290,camelsde,1827,50.32402284,11.91449584," Sächsische Saale , Hof ",Germany,520.7935799044984,2060024170,2,2,train
camelsde_DE215320,camelsde,1827,50.24544341,12.01964045," Schwesnitz , Rehau_Schwesnitz ",Germany,84.2600153389228,2060024170,2,2,train
camelsde_DE215330,camelsde,1827,50.28578213,11.98072095," Südliche Regnitz , Kautendorf ",Germany,91.7679603125204,2060024170,2,2,train
camelsde_DE215340,camelsde,1827,50.36755963,11.69103805," Selbitz , Hölle ",Germany,201.0390494408336,2060024170,2,2,train
camelsde_DE410020,camelsde,1827,53.31087983,13.8498944,"Ucker (Priestergraben), Prenzlau, Wehr UP",Germany,379.0372234859124,2060025960,0,0,test
camelsde_DE410030,camelsde,1827,53.48099281,13.86100102,"Strasburger Mühlbach, Wilsickow",Germany,129.7992757,2060025960,0,0,test
camelsde_DE410130,camelsde,1827,51.47242387,13.89340604,"Pössnitz, Schwarzheide-Ost",Germany,48.79877241,2060024170,2,2,train
camelsde_DE410140,camelsde,1827,51.37515594,13.88496265,"Ruhlander Schwarzwasser, Lipsa",Germany,156.21876810590402,2060024170,2,2,train
camelsde_DE410150,camelsde,1827,51.46435212,13.62825234,"Hammergraben Lauchhammer, Plessa 2",Germany,197.5421763,2060024170,2,2,train
camelsde_DE410170,camelsde,1827,51.37711645,13.76483632,"Pulsnitz, Ortrand",Germany,243.53580917419765,2060024170,2,2,train
camelsde_DE410180,camelsde,1827,51.43958568,13.44788514,"Große Röder, Stolzenhain 1",Germany,866.7597261079931,2060024170,2,2,train
camelsde_DE410210,camelsde,1827,51.5618846,13.48236055,"Kleine Elster, Schadewitz",Germany,617.901866056611,2060024170,2,2,train
camelsde_DE410230,camelsde,1827,51.8145673,13.23339977,"Schweinitzer Fließ, Schönewalde",Germany,234.546333291045,2060024170,2,2,train
camelsde_DE410260,camelsde,1827,52.77313952,13.24292697,"Havel (Oranienburger Havel), Sachsenhausen, Sohlabsturz",Germany,1883.148117,2060024170,2,2,train
camelsde_DE410460,camelsde,1827,51.57697513,14.36987186,"Spree, Spremberg",Germany,2141.480826344116,2060024170,2,2,train
camelsde_DE410470,camelsde,1827,51.76250602,14.34168817,"Spree, Cottbus, Sandower Brücke",Germany,2328.4794508701348,2060024170,2,2,train
camelsde_DE410480,camelsde,1827,51.84179528,14.20933951,"Spree/Hauptspree, Schmogrow, Spreewehr UP",Germany,2390.3772976875302,2060024170,2,2,train
camelsde_DE410490,camelsde,1827,51.95990542,13.89927132,"Spree/Hauptspree, Lübben, Zusammenfluss",Germany,4266.024188968896,2060024170,2,2,train
camelsde_DE410510,camelsde,1827,52.171976,14.25469412,"Spree, Beeskow, Spreeschleuse UP",Germany,5354.407069829384,2060024170,2,2,train
camelsde_DE410530,camelsde,1827,52.3917166,13.7642028,"Spree/Müggelspree, Hohenbinde",Germany,6210.293924529416,2060024170,2,2,train
camelsde_DE410550,camelsde,1827,51.66357358,14.39547751,"Spree, Bräsinchen, Hauptabflusspegel",Germany,2210.356580274476,2060024170,2,2,train
camelsde_DE410610,camelsde,1827,51.9365812,13.862341,"Berste, Treppendorf",Germany,322.18869750624475,2060024170,2,2,train
camelsde_DE410800,camelsde,1827,52.56931541,13.72142735,"Erpe/Neuenhagener Fließ, Altlandsberg 2, Walkmühle",Germany,109.5452231983939,2060024170,2,2,train
camelsde_DE410810,camelsde,1827,52.10711203,13.7471315,"Dahme, Märkisch Buchholz 2",Germany,526.7192855609377,2060024170,2,2,train
camelsde_DE410830,camelsde,1827,51.97551006,13.61821265,"Dahme, Prierow 2",Germany,284.7263160758317,2060024170,2,2,train
camelsde_DE410860,camelsde,1827,52.21818538,13.77324143,"Dahme/Dahme-Wasserstraße, Prieros, Schleuse OP",Germany,673.4347033560739,2060024170,2,2,train
camelsde_DE411170,camelsde,1827,52.16583702,13.9912963,"Grubenmühlenfließ, Forsthaus Grubenmühle",Germany,6.404945598431823,2060024170,2,2,train
camelsde_DE411220,camelsde,1827,52.36277279,13.11630357,"Nuthe, Babelsberg-Drewitz",Germany,1787.661166845114,2060024170,2,2,train
camelsde_DE411230,camelsde,1827,52.12692634,13.21567929,"Hammerfließ, Woltersdorf II",Germany,202.8515394947907,2060024170,2,2,train
camelsde_DE411270,camelsde,1827,52.16324391,13.08273421,"Pfefferfließ, Dobbrikow, Hammerbrücke",Germany,87.39802508,2060024170,2,2,train
camelsde_DE411280,camelsde,1827,52.17379727,12.7323619,"Plane, Trebitz",Germany,238.27315157973925,2060024170,2,2,train
camelsde_DE411300,camelsde,1827,52.27603213,12.60049839,"Plane, Golzow, Brücke",Germany,470.6532471,2060024170,2,2,train
camelsde_DE411320,camelsde,1827,52.37233484,12.54634077,"Plane, Göttin",Germany,513.0656263,2060024170,2,2,train
camelsde_DE411330,camelsde,1827,52.18898242,12.63783253,"Fredersdorfer Bach, Fredersdorf, Brücke",Germany,43.30916106725364,2060024170,2,2,train
camelsde_DE411350,camelsde,1827,52.23726804,13.1288437,"Nieplitz, Blankensee, Wehr UP",Germany,770.43048,2060024170,2,2,train
camelsde_DE411400,camelsde,1827,52.34800337,12.4840479,"Buckau, Neue Mühle, Wehr OP",Germany,332.8374877502626,2060024170,2,2,train
camelsde_DE411410,camelsde,1827,52.29623228,12.44634182,"Verlorenwasser, Wenzlow, Forellenanlage",Germany,107.3205104,2060024170,2,2,train
camelsde_DE411440,camelsde,1827,52.2789874,13.15496937,"Nuthe, Gröben, Wehr OP",Germany,1665.3886620650796,2060024170,2,2,train
camelsde_DE411720,camelsde,1827,52.81278668,12.62880486,"Temnitz, Läsikower Brücke",Germany,351.5931322453239,2060024170,2,2,train
camelsde_DE411730,camelsde,1827,52.89067913,12.45621474,"Dosse, Wusterhausen, Pegel 12",Germany,750.8669024128229,2060024170,2,2,train
camelsde_DE411750,camelsde,1827,53.30745102,12.36086298,"Dosse, Freyenstein",Germany,44.03452864,2060024170,2,2,train
camelsde_DE411760,camelsde,1827,53.16280203,12.49066834,"Dosse, Wittstock UP",Germany,209.1120489103968,2060024170,2,2,train
camelsde_DE411770,camelsde,1827,52.99491279,12.50323414,"Dosse, Wulkow, Pegel 1, Wehr OP",Germany,534.6329638835324,2060024170,2,2,train
camelsde_DE411790,camelsde,1827,52.82465039,12.42039502,"Dosse, Hohenofen, Wehr OP",Germany,841.3000223580161,2060024170,2,2,train
camelsde_DE411810,camelsde,1827,53.16137757,12.48069788,"Glinze, Wittstock",Germany,76.02321854268237,2060024170,2,2,train
camelsde_DE411850,camelsde,1827,52.94376025,12.40309967,"Jäglitz, Kyritz, B5 Brücke",Germany,349.04194978371726,2060024170,2,2,train
camelsde_DE411920,camelsde,1827,52.94800808,12.05956414,"Karthane, Groß Leppin",Germany,121.12520224478249,2060024170,2,2,train
camelsde_DE411940,camelsde,1827,52.95643723,11.9372841,"Karthane, Bad Wilsnack",Germany,287.9577584900309,2060024170,2,2,train
camelsde_DE411970,camelsde,1827,53.08167838,11.86536785,"Stepenitz, Perleberg, B5 Brücke",Germany,728.7656383119222,2060024170,2,2,train
camelsde_DE412000,camelsde,1827,53.14969627,12.00588439,"Stepenitz, Wolfshagen",Germany,542.4878301343593,2060024170,2,2,train
camelsde_DE412010,camelsde,1827,53.20187514,12.03008726,"Stepenitz, Lockstädt",Germany,279.7289983,2060024170,2,2,train
camelsde_DE412020,camelsde,1827,53.11563255,11.90023391,"Schlatbach, Groß Linde",Germany,65.52803854,2060024170,2,2,train
camelsde_DE412050,camelsde,1827,53.16705203,12.19486809,"Dömnitz, Pritzwalk, Hainholz",Germany,74.19748784661006,2060024170,2,2,train
camelsde_DE412060,camelsde,1827,53.15209086,12.20335316,"Kemnitzbach, Pritzwalk",Germany,44.5252484992968,2060024170,2,2,train
camelsde_DE412070,camelsde,1827,53.16348433,12.12896646,"Dömnitz, Schönhagener Mühle",Germany,146.54472591914327,2060024170,2,2,train
camelsde_DE412080,camelsde,1827,53.21149048,11.72990401,"Löcknitz, Dallmin",Germany,274.3117123753468,2060024170,2,2,train
camelsde_DE412090,camelsde,1827,53.07858528,11.62524938,"Löcknitz, Gadow",Germany,463.92473980088295,2060024170,2,2,train
camelsde_DE412150,camelsde,1827,51.67321181,14.7479076,"Lausitzer Neiße, Klein Bademeusel",Germany,2699.6628666302977,2060026060,4,4,train
camelsde_DE412180,camelsde,1827,51.91144647,14.69521345,"Lausitzer Neiße, Schlagsdorf",Germany,3149.480924933826,2060026060,4,4,train
camelsde_DE412190,camelsde,1827,51.96915397,14.70691864,"Lausitzer Neiße, Guben 2",Germany,4054.412953613753,2060026060,4,4,train
camelsde_DE412200,camelsde,1827,51.57677971,14.69926102,"Föhrenfließ/Lachgraben, Zschorno",Germany,82.27193674288972,2060026060,4,4,train
camelsde_DE412210,camelsde,1827,51.66958664,14.60660661,"Obere Malxe, Jocksdorf",Germany,27.438508829165905,2060026060,4,4,train
camelsde_DE412220,camelsde,1827,51.76867558,14.59174651,"Obere Malxe, Mulknitz",Germany,123.63707027544037,2060026060,4,4,train
camelsde_DE412240,camelsde,1827,51.97219394,14.65120157,"Buderoser Mühlenfließ, Granoer Hammer",Germany,105.95244208318483,2060026060,4,4,train
camelsde_DE412260,camelsde,1827,52.77465716,13.62792199,"Finow, Biesenthal, Wehrmühle UP",Germany,167.1900139,2060026060,4,4,train
camelsde_DE412270,camelsde,1827,52.72405096,14.14055482,"Wriezener Alte Oder, Wriezen, Hafen",Germany,1039.718807237672,2060026060,4,4,train
camelsde_DE412310,camelsde,1827,52.25549464,13.19115325,"Nuthe, Nuthe_OH_Nieplitz",Germany,856.2015576289512,2060024170,2,2,train
camelsde_DE412320,camelsde,1827,52.21523688,13.20634488,"Nuthe, Nuthe_OH_Großbeerener Graben",Germany,681.1632333,2060024170,2,2,train
camelsde_DE710000,camelsde,1827,51.11076865,9.560030191,"Pfieffe, Adelshausen",Germany,115.80644195243218,2060023940,3,3,train
camelsde_DE710010,camelsde,1827,50.75780135,9.285161282,"Schwalm, Alsfeld",Germany,131.40933563352866,2060023940,3,3,train
camelsde_DE710020,camelsde,1827,50.76245308,9.206541981,"Antreff, Angenrod",Germany,59.47152635925673,2060023940,3,3,train
camelsde_DE710030,camelsde,1827,50.58260553,8.463828086,"Dill, Aßlar",Germany,691.816198496207,2060023010,1,1,val
camelsde_DE710040,camelsde,1827,51.03546435,8.624170168,"Eder, Auhammer",Germany,488.2134303042058,2060023940,3,3,train
camelsde_DE710050,camelsde,1827,50.86387905,9.719943795,"Fulda, Bad Hersfeld 1",Germany,2034.7920786538275,2060023940,3,3,train
camelsde_DE710060,camelsde,1827,50.87424782,9.700071274,"Geis, Bad Hersfeld 2",Germany,74.49995906681669,2060023940,3,3,train
camelsde_DE710080,camelsde,1827,50.28956367,9.365616396,"Salz, Bad Soden",Germany,87.20528366073893,2060023010,1,1,val
camelsde_DE710090,camelsde,1827,50.18224119,8.741056745,"Nidda, Bad Vilbel",Germany,1612.531273908899,2060023010,1,1,val
camelsde_DE710100,camelsde,1827,50.84711325,8.927098525,"Wohra, Bartenhausen",Germany,271.695516490599,2060023010,1,1,val
camelsde_DE710110,camelsde,1827,49.68360351,8.633822264,"Lauter, Bensheim",Germany,27.38467187382044,2060023010,1,1,val
camelsde_DE710120,camelsde,1827,50.90598014,8.532631936,"Lahn, Biedenkopf",Germany,305.8427822410629,2060023010,1,1,val
camelsde_DE710150,camelsde,1827,51.35152574,9.037552173,"Twiste, Braunsen",Germany,117.34058016769666,2060023940,3,3,train
camelsde_DE710160,camelsde,1827,50.88727235,8.44783577,"Perf, Breidenbach",Germany,92.27623556611378,2060023010,1,1,val
camelsde_DE710170,camelsde,1827,50.31224106,8.786821869,"Wetter, Bruchenbrücken",Germany,510.00436195702224,2060023010,1,1,val
camelsde_DE710180,camelsde,1827,50.28757595,9.104189345,"Seemenbach, Büdingen",Germany,93.58613984542578,2060023010,1,1,val
camelsde_DE710190,camelsde,1827,51.14999399,8.796228599,"Orke, Dalwigksthal",Germany,228.42720924157945,2060023940,3,3,train
camelsde_DE710200,camelsde,1827,50.74145338,8.280537419,"Dill, Dillenburg 1",Germany,249.72679203068816,2060023010,1,1,val
camelsde_DE710210,camelsde,1827,50.76135389,8.286043475,"Dietzhölze, Dillenburg 2",Germany,81.33365650865396,2060023010,1,1,val
camelsde_DE710220,camelsde,1827,50.4608821,9.625643014,"Fliede, Dorfborn",Germany,161.1406287576009,2060023940,3,3,train
camelsde_DE710230,camelsde,1827,49.81386305,8.627978746,"Modau, Eberstadt",Germany,91.96680661522969,2060023010,1,1,val
camelsde_DE710240,camelsde,1827,51.38367343,9.145311158,"Erpe, Ehringen",Germany,137.6543845142355,2060023940,3,3,train
camelsde_DE710250,camelsde,1827,50.45872681,9.121465554,"Eichelbach, Eichelsachsen",Germany,23.658479704255072,2060023010,1,1,val
camelsde_DE710260,camelsde,1827,50.13674736,8.399583487,"Schwarzbach, Eppstein",Germany,108.88318852446662,2060023010,1,1,val
camelsde_DE710270,camelsde,1827,50.4550887,8.333749449,"Weil, Essershausen",Germany,205.73595496204084,2060023010,1,1,val
camelsde_DE710280,camelsde,1827,50.71922912,8.648338838,"Salzböde, Etzelmühle",Germany,80.7454216178854,2060023010,1,1,val
camelsde_DE710290,camelsde,1827,49.63881237,8.766926009,"Weschnitz, Fahrenbach",Germany,44.1905118621557,2060023010,1,1,val
camelsde_DE710300,camelsde,1827,50.55712674,9.050596821,"Seenbach, Freienseen",Germany,11.048483336689332,2060023010,1,1,val
camelsde_DE710310,camelsde,1827,50.33127693,8.774658447,"Usa, Friedberg",Germany,183.5577469299685,2060023010,1,1,val
camelsde_DE710320,camelsde,1827,51.12539272,9.295007752,"Eder, Fritzlar",Germany,1792.677794142966,2060023940,3,3,train
camelsde_DE710330,camelsde,1827,50.1988263,9.188869845,"Kinzig, Gelnhausen ",Germany,671.7664970996443,2060023010,1,1,val
camelsde_DE710340,camelsde,1827,50.96686724,8.97331997,"Wohra, Gemünden",Germany,100.66534205182512,2060023010,1,1,val
camelsde_DE710350,camelsde,1827,49.79409395,8.822432335,"Fischbach, Groß-Bieberau 2",Germany,35.51317345094249,2060023010,1,1,val
camelsde_DE710360,camelsde,1827,50.86691797,9.229945382,"Antreff, Gungelshausen",Germany,114.16885701987196,2060023940,3,3,train
camelsde_DE710380,camelsde,1827,50.75081273,8.212519743,"Dill, Haiger",Germany,62.77574322351925,2060023010,1,1,val
camelsde_DE710390,camelsde,1827,50.23540706,9.130285814,"Gründau, Hain-Gründau 1",Germany,56.66664835927239,2060023010,1,1,val
camelsde_DE710400,camelsde,1827,49.84132921,9.05122842,"Mümling, Hainstadt",Germany,322.0160476470872,2060023010,1,1,val
camelsde_DE710410,camelsde,1827,50.13208103,8.945805501,"Kinzig, Hanau",Germany,940.3259182204956,2060023010,1,1,val
camelsde_DE710420,camelsde,1827,49.97368169,8.984178075,"Gersprenz, Harreshausen",Germany,475.6422292352245,2060023010,1,1,val
camelsde_DE710430,camelsde,1827,51.07254009,9.367337002,"Efze, Hebel",Germany,217.03114028308565,2060023940,3,3,train
camelsde_DE710440,camelsde,1827,51.63126238,9.465584886,"Diemel, Helmarshausen",Germany,1755.87601414783,2060023940,3,3,train
camelsde_DE710450,camelsde,1827,51.25573687,9.685369633,"Losse, Helsa",Germany,53.58045730258944,2060023940,3,3,train
camelsde_DE710460,camelsde,1827,50.69717536,8.348586566,"Aar, Herbornseelbach",Germany,132.484716517232,2060023010,1,1,val
camelsde_DE710470,camelsde,1827,50.80761011,9.73369063,"Haune, Hermannspiegel",Germany,419.0907130454827,2060023940,3,3,train
camelsde_DE710490,camelsde,1827,50.44964825,9.813882617,"Fulda, Hettenhausen",Germany,54.32810751279542,2060023940,3,3,train
camelsde_DE710510,camelsde,1827,51.11903819,9.973705153,"Sontra, Hoheneiche",Germany,223.5480435286241,2060023940,3,3,train
camelsde_DE710520,camelsde,1827,51.54833486,9.411238342,"Esse, Hümme",Germany,188.0226019211854,2060023940,3,3,train
camelsde_DE710530,camelsde,1827,50.28303906,8.795510501,"Nidda, Ilbenstadt",Germany,1068.3717465666014,2060023010,1,1,val
camelsde_DE710550,camelsde,1827,50.59795168,9.636739249,"Fulda, Kämmerzell",Germany,560.330340150756,2060023940,3,3,train
camelsde_DE710560,camelsde,1827,50.21250167,9.273822919,"Bieber, Kassel",Germany,79.18283529641133,2060023010,1,1,val
camelsde_DE710570,camelsde,1827,50.83503886,9.571015424,"Aula, Kirchheim",Germany,71.88269191859123,2060023940,3,3,train
camelsde_DE710580,camelsde,1827,50.3582027,8.592831453,"Usa, Kransberg",Germany,85.57686871460186,2060023010,1,1,val
camelsde_DE710590,camelsde,1827,50.65046848,8.717711473,"Lumda, Lollar",Germany,126.49168692642708,2060023010,1,1,val
camelsde_DE710600,camelsde,1827,49.66873342,8.571179826,"Weschnitz, Lorsch",Germany,379.38894713652746,2060023010,1,1,val
camelsde_DE710640,camelsde,1827,50.5843784,9.764948712,"Haune, Melzdorf",Germany,107.34696978179088,2060023940,3,3,train
camelsde_DE710650,camelsde,1827,50.23401376,8.059170793,"Aar, Michelbach",Germany,144.0762821533948,2060023010,1,1,val
camelsde_DE710660,camelsde,1827,49.6766283,8.997295508,"Mümling, Michelstadt",Germany,131.976639352546,2060023010,1,1,val
camelsde_DE710670,camelsde,1827,50.54586789,8.911703137,"Wetter, Münster",Germany,85.3294450903645,2060023010,1,1,val
camelsde_DE710680,camelsde,1827,50.47488259,8.794967886,"Wetter, Muschenheim",Germany,175.2649822817628,2060023010,1,1,val
camelsde_DE710690,camelsde,1827,49.95081636,8.45261523,"Schwarzbach, Nauheim",Germany,137.7066525994122,2060023010,1,1,val
camelsde_DE710700,camelsde,1827,51.17148112,9.990681453,"Wehre, Niddawitzhausen",Germany,428.1114440150684,2060023940,3,3,train
camelsde_DE710710,camelsde,1827,50.36361668,8.147825737,"Emsbach, Niederbrechen",Germany,304.4693552920908,2060023010,1,1,val
camelsde_DE710730,camelsde,1827,50.77179647,9.562305662,"Jossa, Niederjossa",Germany,117.13898229327316,2060023940,3,3,train
camelsde_DE710740,camelsde,1827,50.89000865,8.74611378,"Wetschaft, Niederwetter",Germany,174.4366763807433,2060023010,1,1,val
camelsde_DE710750,camelsde,1827,50.2221171,8.690508133,"Erlenbach, Ober-Erlenbach",Germany,70.51402817256796,2060023010,1,1,val
camelsde_DE710760,camelsde,1827,50.21851258,8.653148731,"Eschbach, Ober-Eschbach",Germany,45.442336866224665,2060023010,1,1,val
camelsde_DE710770,camelsde,1827,51.44287246,9.306918997,"Warme, Obermeiser",Germany,118.54926275068532,2060023940,3,3,train
camelsde_DE710780,camelsde,1827,50.73485863,8.981665117,"Ohm, Ober-Ofleiden",Germany,316.6413811715427,2060023010,1,1,val
camelsde_DE710800,camelsde,1827,50.83431603,9.988348415,"Ulster, Philippsthal",Germany,419.1025833229354,2060023940,3,3,train
camelsde_DE710810,camelsde,1827,50.47826229,9.091367311,"Nidda, Rainrod",Germany,35.896511872193535,2060023010,1,1,val
camelsde_DE710820,camelsde,1827,50.3405305,8.377775497,"Weil, Rod an der Weil",Germany,76.92238507584219,2060023010,1,1,val
camelsde_DE710830,camelsde,1827,50.85446809,9.286660287,"Schwalm, Röllshausen",Germany,250.28555388456667,2060023940,3,3,train
camelsde_DE710840,camelsde,1827,50.46573887,9.703876412,"Döllbach, Rothemann",Germany,69.00671987089179,2060023940,3,3,train
camelsde_DE710850,camelsde,1827,50.51541894,8.958907285,"Horloff, Ruppertsburg",Germany,40.92932170206368,2060023010,1,1,val
camelsde_DE710860,camelsde,1827,50.54017209,9.426941923,"Altefeldbach, Schlechtenwegen",Germany,28.762960958381967,2060023940,3,3,train
camelsde_DE710870,camelsde,1827,50.48957396,9.109144543,"Nidda, Schotten 1",Germany,27.974163751152208,2060023010,1,1,val
camelsde_DE710880,camelsde,1827,50.47815868,9.107286638,"Läunsbach, Schotten 2",Germany,5.736631956011679,2060023010,1,1,val
camelsde_DE710890,camelsde,1827,50.63648469,9.816273014,"Nüst, Silges",Germany,78.24300402075441,2060023940,3,3,train
camelsde_DE710900,camelsde,1827,50.3199082,9.476354594,"Kinzig, Steinau",Germany,115.92237845846424,2060023010,1,1,val
camelsde_DE710920,camelsde,1827,50.4358641,9.024426525,"Nidda, Unter-Schmitten",Germany,127.2253657508167,2060023010,1,1,val
camelsde_DE710930,camelsde,1827,51.07164077,9.328251057,"Schwalm, Uttershausen",Germany,986.3714055158364,2060023940,3,3,train
camelsde_DE710940,camelsde,1827,50.2773174,9.31066991,"Bracht, Weilers",Germany,111.7791907152295,2060023010,1,1,val
camelsde_DE710950,camelsde,1827,50.22264704,8.874099093,"Nidder, Windecken",Germany,392.5172219068008,2060023010,1,1,val
camelsde_DE810010,camelsde,1827,53.85565446,11.11748893,"Stepenitz, Börzow",Germany,437.71585145169774,2060025270,1,1,val
camelsde_DE810020,camelsde,1827,53.83946517,11.13977797,"Stepenitz, Questin",Germany,241.0204082521469,2060025270,1,1,val
camelsde_DE810030,camelsde,1827,53.80585189,11.20474637,"Stepenitz, Diedrichshagen",Germany,93.47195583825838,2060025270,1,1,val
camelsde_DE810050,camelsde,1827,53.8462623,10.93651403,"Maurine, Schönberg",Germany,125.95833349473476,2060025270,1,1,val
camelsde_DE810060,camelsde,1827,53.81886273,11.05650633,"Radegast, Törber",Germany,161.96680017369988,2060025270,1,1,val
camelsde_DE810090,camelsde,1827,53.70501904,11.11180364,"Radegast, Gadebusch",Germany,20.434659019414003,2060025270,1,1,val
camelsde_DE810100,camelsde,1827,53.8395186,11.17735112,"Poischower Mühlbach, Wotenitz",Germany,78.06841689920624,2060025270,1,1,val
camelsde_DE810110,camelsde,1827,53.95691942,11.22077339,"Tarnewitzer Bach, Eulenkrug",Germany,69.41317623140965,2060025270,1,1,val
camelsde_DE810120,camelsde,1827,53.86751012,11.4487323,"Wallensteingraben, Rothentor",Germany,65.77051334336967,2060025270,1,1,val
camelsde_DE810180,camelsde,1827,54.06072229,11.62117734,"Hellbach, Teßmannsdorf",Germany,213.62517511230072,2060025270,1,1,val
camelsde_DE810210,camelsde,1827,54.04552135,11.71180186,"Hellbach, Jörnstorf",Germany,101.28073585919492,2060025270,1,1,val
camelsde_DE810220,camelsde,1827,54.02993164,11.67695498,"Panzower Bach, Neubukow",Germany,59.11300391,2060025270,1,1,val
camelsde_DE810300,camelsde,1827,53.74492194,11.83241592,"Warnow, Groß Görnow",Germany,804.5894635372038,2060025760,1,1,val
camelsde_DE810320,camelsde,1827,53.65868225,11.57048187,"Warnow, Langen Brütz",Germany,354.50753211827885,2060025760,1,1,val
camelsde_DE810330,camelsde,1827,53.60935083,11.65478432,"Warnow, Rönkenhof",Germany,258.61665538380026,2060025760,1,1,val
camelsde_DE810390,camelsde,1827,54.05574095,12.1869615,"Kösterbeck, Kessin",Germany,87.05766827848895,2060025760,1,1,val
camelsde_DE810410,camelsde,1827,53.96067957,12.05218124,"Beke, Bröbberow",Germany,304.87794128309935,2060025760,1,1,val
camelsde_DE810420,camelsde,1827,53.94113785,12.10414258,"Beke, Schwaan",Germany,316.16639803074213,2060025760,1,1,val
camelsde_DE810450,camelsde,1827,53.79953331,12.16942948,"Nebel, Güstrow",Germany,658.5695082538087,2060025760,1,1,val
camelsde_DE810470,camelsde,1827,53.6907969,12.32217789,"Nebel, Ahrenshagen",Germany,188.8045937037759,2060025760,1,1,val
camelsde_DE810490,camelsde,1827,53.61349704,12.33460512,"Nebel, Dobbin",Germany,50.35532532,2060025760,1,1,val
camelsde_DE810550,camelsde,1827,53.79882299,12.26113662,"Augraben, Dehmen",Germany,119.3855315,2060025760,1,1,val
camelsde_DE810570,camelsde,1827,53.77825756,12.24848051,"Lößnitz, Klueß",Germany,184.31211220351145,2060025760,1,1,val
camelsde_DE810580,camelsde,1827,53.737218,11.83557421,"Mildenitz, Sternberger Burg",Germany,513.7259142668886,2060025760,1,1,val
camelsde_DE810590,camelsde,1827,53.64510721,12.03489025,"Mildenitz, Alte Mühle",Germany,250.07502148599235,2060025760,1,1,val
camelsde_DE810600,camelsde,1827,53.59234202,12.09163986,"Mildenitz, Goldberg",Germany,188.24180105481057,2060025760,1,1,val
camelsde_DE810610,camelsde,1827,53.72453842,11.74567117,"Brüeler Bach, Sülten",Germany,308.6514093012321,2060025760,1,1,val
camelsde_DE810670,camelsde,1827,54.19790835,12.3157277,"Wallbach, Willershagen",Germany,51.22064395,2060025770,3,3,train
camelsde_DE810700,camelsde,1827,54.1276658,12.59196116,"Schulenberger Mühlb., Schulenberg",Germany,48.62615517369474,2060025770,3,3,train
camelsde_DE810770,camelsde,1827,53.88996148,12.33472074,"Korleputer Bach, Liessow unterh. Entnahme",Germany,50.68121694364054,2060025770,3,3,train
camelsde_DE810790,camelsde,1827,54.29858644,12.54873144,"Saaler Bach, Hessenburg",Germany,44.85397512857219,2060025770,3,3,train
camelsde_DE810800,camelsde,1827,54.29410044,12.71912523,"Langenhanshäger Bach, Löbnitz",Germany,36.47232922,2060025770,3,3,train
camelsde_DE810830,camelsde,1827,54.29577928,12.73426269,"Barthe, Redebas",Germany,244.6806585421937,2060025770,3,3,train
camelsde_DE810840,camelsde,1827,54.2454554,12.8470643,"Wolfsbach, Lendershagen",Germany,29.52678117,2060025770,3,3,train
camelsde_DE810870,camelsde,1827,54.31423369,13.0571987,"Kronenhalsgraben, Stralsund SW",Germany,10.348850568636845,2060025770,3,3,train
camelsde_DE810920,camelsde,1827,54.46491579,13.30561113,"Duvenbach, Kluis",Germany,56.35845523557896,2060025770,3,3,train
camelsde_DE810930,camelsde,1827,54.37995186,13.47944702,"Karower Bach, Dolgemost",Germany,16.39369205,2060025770,3,3,train
camelsde_DE810950,camelsde,1827,54.51913161,13.5300399,"Sagarder Bach, Sagard Vorwerk",Germany,12.71977937,2060025770,3,3,train
camelsde_DE811100,camelsde,1827,53.91635025,13.02655172,"Peene, Demmin - Meyenkrebsbrücke",Germany,4164.917560538567,2060025950,4,4,train
camelsde_DE811190,camelsde,1827,53.69573485,12.78224395,"Ostpeene, Gielow Süd",Germany,361.75621298558553,2060025950,4,4,train
camelsde_DE811210,camelsde,1827,53.58879115,12.78212285,"Ostpeene, Groß Gievitz",Germany,79.11409529306296,2060025950,4,4,train
camelsde_DE811360,camelsde,1827,54.09272837,12.89933262,"Trebel, Kirch-Baggendorf",Germany,211.088064,2060025950,4,4,train
camelsde_DE811370,camelsde,1827,54.11105261,13.04127157,"Poggendorfer Trebel, Grimmen",Germany,65.96082050378126,2060025950,4,4,train
camelsde_DE811390,camelsde,1827,54.1332496,12.81777286,"Blinde Trebel, Drechow",Germany,116.44993242084128,2060025950,4,4,train
camelsde_DE811420,camelsde,1827,54.037258,12.70773985,"Tangrimer Bach, Tangrim",Germany,34.74081352832096,2060025950,4,4,train
camelsde_DE811440,camelsde,1827,53.79228781,13.31180059,"Tollense, Klempenow Straßenbrücke",Germany,1379.5087865945509,2060025950,4,4,train
camelsde_DE811480,camelsde,1827,53.55721971,13.25297804,"Tollense, Neubrandenburg/Vierrademühle",Germany,527.4109486011869,2060025950,4,4,train
camelsde_DE811590,camelsde,1827,53.57245158,13.26740814,"Datze, Neubrandenburg NO",Germany,76.93852366985635,2060025950,4,4,train
camelsde_DE811610,camelsde,1827,53.57695387,13.1973481,"Malliner Wasser, Zirzow",Germany,301.731313317874,2060025950,4,4,train
camelsde_DE811770,camelsde,1827,53.62200191,13.61439424,"Golmer Mühlbach, Brohm UP",Germany,106.70139399881003,2060025960,0,0,test
camelsde_DE811800,camelsde,1827,53.66896646,13.54285927,"Datze, Friedland",Germany,181.4867349,2060025960,0,0,test
camelsde_DE811850,camelsde,1827,53.51379711,13.9914036,"Uecker, Pasewalk Bollwerk",Germany,1266.459894,2060025960,0,0,test
camelsde_DE812030,camelsde,1827,53.28996742,12.51720629,"Zepkower Elde, Wredenhagen",Germany,73.45441118379087,2060024170,2,2,train
camelsde_DE812200,camelsde,1827,53.32023588,11.02169406,"Sude, Garlitz",Germany,671.7015657211829,2060024170,2,2,train
camelsde_DE812210,camelsde,1827,53.25357676,11.04909945,"Rögnitz, Laave",Germany,356.2516,2060024170,2,2,train
camelsde_DEA10000,camelsde,1827,50.93876592,8.325084772,"Lahn, Feudingen",Germany,25.347282776484008,2060023010,1,1,val
camelsde_DEA10040,camelsde,1827,50.8940235,8.026453234,"Sieg, Weidenau",Germany,134.07355925132228,2060023010,1,1,val
camelsde_DEA10060,camelsde,1827,50.95875116,7.995169413,"Ferndorf, Kreuztal",Germany,63.60560709817748,2060023010,1,1,val
camelsde_DEA10070,camelsde,1827,50.89566829,8.023192373,"Ferndorf, Weidenau 2",Germany,153.4038681445434,2060023010,1,1,val
camelsde_DEA10080,camelsde,1827,50.86317561,8.080119455,"Weiß, Niederdielfen",Germany,46.00753832329959,2060023010,1,1,val
camelsde_DEA10090,camelsde,1827,50.84510281,7.96675755,"Sieg, Niederschelden2",Germany,442.48015888491136,2060023010,1,1,val
camelsde_DEA10120,camelsde,1827,50.77701764,7.442662503,"Sieg, Eitorf",Germany,1467.56762444451,2060023010,1,1,val
camelsde_DEA10130,camelsde,1827,50.84125045,7.416051647,"Bröl, Broeleck",Germany,100.10546771971114,2060023010,1,1,val
camelsde_DEA10150,camelsde,1827,50.7659167,7.300142415,"Hanfbach, Geisbach",Germany,48.5607416868326,2060023010,1,1,val
camelsde_DEA10160,camelsde,1827,50.79760539,7.25715825,"Sieg, Siegburg-Kaldauen",Germany,1881.1247868140867,2060023010,1,1,val
camelsde_DEA10170,camelsde,1827,50.77347885,7.215759817,"Pleisbach, Niederpleis",Germany,85.22082649953819,2060023010,1,1,val
camelsde_DEA10190,camelsde,1827,50.98675747,7.664634206,"Steinagger, Oberagger",Germany,12.62381647261134,2060023010,1,1,val
camelsde_DEA10200,camelsde,1827,51.00891592,7.280168496,"Kürtener Sülz, Hommerich",Germany,63.531862583659226,2060023010,1,1,val
camelsde_DEA10230,camelsde,1827,50.79791622,7.159143458,"Sieg, Menden 1",Germany,2813.805470295148,2060023010,1,1,val
camelsde_DEA10240,camelsde,1827,51.25556246,7.158433992,"Wupper, Wt-Kluserbrücke",Germany,336.5319156661213,2060023010,1,1,val
camelsde_DEA10250,camelsde,1827,51.21966122,7.105449221,"Wupper, Buchenhofen",Germany,374.6610847636025,2060023010,1,1,val
camelsde_DEA10260,camelsde,1827,51.13409375,7.121833057,"Wupper, Glüder",Germany,490.901538059048,2060023010,1,1,val
camelsde_DEA10270,camelsde,1827,51.07019021,6.994310005,"Wupper, Opladen",Germany,604.6923372783825,2060023010,1,1,val
camelsde_DEA10280,camelsde,1827,51.03829962,7.007484628,"Dhünn, Manfort",Germany,163.39515118184983,2060023010,1,1,val
camelsde_DEA10300,camelsde,1827,51.15967223,6.924554664,"Itter, Hilden 1",Germany,29.131678665986147,2060023010,1,1,val
camelsde_DEA10310,camelsde,1827,51.22611678,6.917011658,"Düssel, Erkrath",Germany,73.81840929820173,2060023010,1,1,val
camelsde_DEA10320,camelsde,1827,51.22382698,6.976136724,"Düssel, Eigen",Germany,43.77503773638443,2060023010,1,1,val
camelsde_DEA10330,camelsde,1827,50.57166234,6.759701936,"Eschweiler Bach, Möschemer Mühle",Germany,31.90950788380721,2060023010,1,1,val
camelsde_DEA10400,camelsde,1827,50.71788114,6.655303708,"Neffelbach, Bessenich",Germany,43.72471880167293,2060023010,1,1,val
camelsde_DEA10460,camelsde,1827,51.30397358,6.812066774,"Anger, Ratingen",Germany,59.036776953820656,2060023010,1,1,val
camelsde_DEA10470,camelsde,1827,51.3514042,8.487923476,"Ruhr, Olsberg",Germany,109.98051375620464,2060023010,1,1,val
camelsde_DEA10480,camelsde,1827,51.34772336,8.28036265,"Ruhr, Meschede",Germany,425.03974013344737,2060023010,1,1,val
camelsde_DEA10490,camelsde,1827,51.29435273,8.175049209,"Wenne, Wenholthausen",Germany,184.5486201182263,2060023010,1,1,val
camelsde_DEA10500,camelsde,1827,51.39811475,8.130461805,"Ruhr, Oeventrop",Germany,759.2193892540868,2060023010,1,1,val
camelsde_DEA10510,camelsde,1827,51.28518899,8.033881814,"Waldbach, Endorf",Germany,12.514727625048453,2060023010,1,1,val
camelsde_DEA10540,camelsde,1827,51.49068436,8.325243551,"Möhne, Belecke 3",Germany,248.98558999089173,2060023010,1,1,val
camelsde_DEA10560,camelsde,1827,51.30999962,7.841736354,"Hönne, Balve_Garbeck",Germany,22.670541,2060023010,1,1,val
camelsde_DEA10600,camelsde,1827,51.44714393,7.777423335,"Hönne, Menden_Sauerland",Germany,253.36050899663465,2060023010,1,1,val
camelsde_DEA10610,camelsde,1827,51.44795338,7.662176076,"Baarbach, Iserlohn_Hennen",Germany,50.85487106274606,2060023010,1,1,val
camelsde_DEA10620,camelsde,1827,51.43598915,7.581096926,"Ruhr, Villigst",Germany,2008.400460150801,2060023010,1,1,val
camelsde_DEA10630,camelsde,1827,51.15859519,8.374445932,"Lenne, Oberkirchen",Germany,37.60134897255994,2060023010,1,1,val
camelsde_DEA10640,camelsde,1827,51.10887224,8.100413743,"Lenne, Kickenbach",Germany,185.8457588182156,2060023010,1,1,val
camelsde_DEA10650,camelsde,1827,51.06553924,8.043019698,"Silberbach, Varste",Germany,17.26248499029972,2060023010,1,1,val
camelsde_DEA10680,camelsde,1827,51.21624692,7.954597506,"Lenne, Roenkhausen",Germany,880.1347987985201,2060023010,1,1,val
camelsde_DEA10700,camelsde,1827,51.28945813,7.676103601,"Lenne, Altena",Germany,1184.818167472054,2060023010,1,1,val
camelsde_DEA10710,camelsde,1827,51.13989087,7.614939588,"Volme, Kierspe",Germany,23.347781650982828,2060023010,1,1,val
camelsde_DEA10760,camelsde,1827,51.38520731,7.449844715,"Volme, Hagen_Eckesey",Germany,422.9978005290865,2060023010,1,1,val
camelsde_DEA10780,camelsde,1827,51.32026844,7.084500039,"Hardenberger Bach, Neviges",Germany,19.819436084699607,2060023010,1,1,val
camelsde_DEA10790,camelsde,1827,51.35453514,7.121893074,"Deilbach, Langenberg 2",Germany,57.22115100241075,2060023010,1,1,val
camelsde_DEA10850,camelsde,1827,51.76112374,8.918270737,"Beke, Altenbeken 2",Germany,20.59477768227842,2060023010,1,1,val
camelsde_DEA10860,camelsde,1827,51.74489268,8.731251344,"Lippe, Neuhaus 1",Germany,105.47569303367894,2060023010,1,1,val
camelsde_DEA10890,camelsde,1827,51.46002205,8.624450626,"Alme, Niederalme",Germany,33.2517417860526,2060023010,1,1,val
camelsde_DEA10910,camelsde,1827,51.54201457,8.525703333,"Alme, Weine",Germany,142.4470486182634,2060023010,1,1,val
camelsde_DEA10920,camelsde,1827,51.54948969,8.564391757,"Afte, Bueren",Germany,167.83547160275563,2060023010,1,1,val
camelsde_DEA10930,camelsde,1827,51.58123022,8.580203252,"Alme, Brenken",Germany,328.6985198850855,2060023010,1,1,val
camelsde_DEA10940,camelsde,1827,51.64102116,8.681276313,"Alme, Niederntudorf",Germany,397.714788870922,2060023010,1,1,val
camelsde_DEA10950,camelsde,1827,51.67039018,8.91578763,"Schmittwasser, Herbram",Germany,24.075221661570964,2060023010,1,1,val
camelsde_DEA10960,camelsde,1827,51.71661109,8.923877728,"Ellerbach, Schwaney",Germany,29.145565965475186,2060023010,1,1,val
camelsde_DEA10970,camelsde,1827,51.6633788,8.718349645,"Altenau, Nordborchen",Germany,330.24211616466044,2060023010,1,1,val
camelsde_DEA10980,camelsde,1827,51.73412729,8.709370743,"Alme, Neuhaus 2",Germany,755.3236863204163,2060023010,1,1,val
camelsde_DEA10990,camelsde,1827,51.7658118,8.717844446,"Strothe, Neuhaus 3",Germany,65.70642182,2060023010,1,1,val
camelsde_DEA11010,camelsde,1827,51.74890596,8.630529149,"Lippe, Bentfeld",Germany,1053.8904267687053,2060023010,1,1,val
camelsde_DEA11050,camelsde,1827,51.71419113,8.263806326,"Liese, Liesborn",Germany,66.22329379495515,2060023010,1,1,val
camelsde_DEA11090,camelsde,1827,51.66310624,8.088919321,"Lippe, Kesseler 3",Germany,2047.5145726732064,2060023010,1,1,val
camelsde_DEA11120,camelsde,1827,51.66617327,7.866871684,"Ahse, Westtuennen",Germany,415.6807514327437,2060023010,1,1,val
camelsde_DEA11130,camelsde,1827,51.71489633,7.297582832,"Lippe, Leven",Germany,3366.3313983653984,2060023010,1,1,val
camelsde_DEA11160,camelsde,1827,51.70782778,7.491638144,"Funne, Selm-Ondrup",Germany,36.40973475201746,2060023010,1,1,val
camelsde_DEA11180,camelsde,1827,51.73108069,7.186589697,"Lippe, Haltern",Germany,4248.258442381167,2060023010,1,1,val
camelsde_DEA11200,camelsde,1827,51.67385787,6.851152958,"Lippe, Schermbeck 1",Germany,4767.267816097,2060023010,1,1,val
camelsde_DEA11220,camelsde,1827,51.77674989,5.984303918,"Groesbeeker Bach, Kranenburg",Germany,25.79838063420268,2060023010,1,1,val
camelsde_DEA11230,camelsde,1827,50.55454624,6.245620711,"Rur, Monschau",Germany,145.8519120367229,2060022970,3,3,train
camelsde_DEA11240,camelsde,1827,50.54492905,6.553717297,"Urft, Kall-Sportpl.",Germany,130.26673925963425,2060022970,3,3,train
camelsde_DEA11250,camelsde,1827,50.48262102,6.433030395,"Platißbach, Hellenthal",Germany,36.84958839737575,2060022970,3,3,train
camelsde_DEA11270,camelsde,1827,50.52482551,6.468390071,"Olef, Schleiden",Germany,159.57056816586947,2060022970,3,3,train
camelsde_DEA11280,camelsde,1827,50.5777162,6.491249515,"Urft, Gemünd",Germany,343.47257077768177,2060022970,3,3,train
camelsde_DEA11300,camelsde,1827,50.69271517,6.452315295,"Rur, Zerkall 1",Germany,789.0424486021775,2060022970,3,3,train
camelsde_DEA11310,camelsde,1827,50.8596458,6.433563838,"Rur, Selhausen",Germany,934.2547225732784,2060022970,3,3,train
camelsde_DEA11320,camelsde,1827,50.89733829,6.373546547,"Rur, Altenburg 1",Germany,976.4478751335428,2060022970,3,3,train
camelsde_DEA11330,camelsde,1827,50.72815787,6.183334861,"Inde, Kornelimünster",Germany,64.56347796880613,2060022970,3,3,train
camelsde_DEA11350,camelsde,1827,50.81470863,6.288645327,"Inde, Eschweiler",Germany,222.99713141511933,2060022970,3,3,train
camelsde_DEA11360,camelsde,1827,50.83015041,6.371674918,"Wehebach, Luchem",Germany,62.02834115088026,2060022970,3,3,train
camelsde_DEA11370,camelsde,1827,50.92488393,6.349347302,"Rur, Jülich Stadion",Germany,1444.5827832004318,2060022970,3,3,train
camelsde_DEA11380,camelsde,1827,50.98072513,6.274923514,"Rur, Linnich 1",Germany,1518.1541207432265,2060022970,3,3,train
camelsde_DEA11400,camelsde,1827,50.782571,6.111800955,"Wurm, Kalkofen",Germany,32.40168904182518,2060022970,3,3,train
camelsde_DEA11410,camelsde,1827,50.79467937,6.129232515,"Haarbach, Haaren",Germany,16.556539685438214,2060022970,3,3,train
camelsde_DEA11450,camelsde,1827,51.0149414,6.179431271,"Wurm, Randerath",Germany,301.743474704518,2060022970,3,3,train
camelsde_DEA11460,camelsde,1827,51.09789367,6.104512621,"Rur, Stah",Germany,2151.585543449052,2060022970,3,3,train
camelsde_DEA11470,camelsde,1827,51.13576049,6.291717868,"Beeckbach, Baltes",Germany,15.99411871,2060022970,3,3,train
camelsde_DEA11490,camelsde,1827,51.19927567,6.229769099,"Schwalm, Pannenmühle",Germany,128.91239237418074,2060022970,3,3,train
camelsde_DEA11500,camelsde,1827,51.22831648,6.08787934,"Schwalm, Landesgrenze",Germany,243.8678048597975,2060022970,3,3,train
camelsde_DEA11540,camelsde,1827,51.3107465,6.253193757,"Nette, Sassenfeld",Germany,101.1516826557728,2060022970,3,3,train
camelsde_DEA11570,camelsde,1827,51.3907358,6.336282371,"Nette, Hs. Langenfeld",Germany,178.6294714566999,2060022970,3,3,train
camelsde_DEA11610,camelsde,1827,51.68389843,6.150842766,"Niers, Goch",Germany,1402.545546,2060022970,3,3,train
camelsde_DEA11620,camelsde,1827,51.83071451,8.595068798,"Ems, Espeln (Ems)",Germany,38.09668452952469,2060023600,4,4,train
camelsde_DEA11630,camelsde,1827,51.81831746,8.533760809,"Ems, Steinhorst",Germany,113.897546,2060023600,4,4,train
camelsde_DEA11670,camelsde,1827,51.88619363,8.484139114,"Ölbach, Verl",Germany,52.265070731445455,2060023600,4,4,train
camelsde_DEA11680,camelsde,1827,51.94836747,8.255421602,"Lutter, Marienfeld",Germany,130.7628245366275,2060023600,4,4,train
camelsde_DEA11690,camelsde,1827,52.01197468,8.160743837,"Hessel, Versmold",Germany,66.9778886289825,2060023600,4,4,train
camelsde_DEA11700,camelsde,1827,51.97249767,7.898404894,"Ems, Einen",Germany,1444.5759675675722,2060023600,4,4,train
camelsde_DEA11720,camelsde,1827,51.88391378,7.728157418,"Werse, Albersloh",Germany,316.01369935324607,2060023600,4,4,train
camelsde_DEA11730,camelsde,1827,51.9537276,7.562810096,"Münstersche Aa, Roxeler Str.",Germany,87.63084730216427,2060023600,4,4,train
camelsde_DEA11740,camelsde,1827,52.28241683,7.478966144,"Hemelter Bach, Rheine",Germany,92.91642486582994,2060023600,4,4,train
camelsde_DEA11770,camelsde,1827,51.04952711,8.283975065,"Eder, Muesse",Germany,123.9111826839223,2060023940,3,3,train
camelsde_DEA11790,camelsde,1827,51.03144748,8.386278737,"Odeborn, Raumland",Germany,84.55726690276163,2060023940,3,3,train
camelsde_DEA11800,camelsde,1827,50.99936879,8.4877444,"Eder, Beddelhausen",Germany,355.1644633703908,2060023940,3,3,train
camelsde_DEA11860,camelsde,1827,51.71339682,9.190685611,"Brucht, Brakel",Germany,97.19948069117258,2060023940,3,3,train
camelsde_DEA11870,camelsde,1827,51.70843708,9.321572256,"Nethe, Ottbergen",Germany,429.5376596443065,2060023940,3,3,train
camelsde_DEA11880,camelsde,1827,51.92482711,9.105800387,"Diestel, Blomberg",Germany,59.93571805420429,2060023940,3,3,train
camelsde_DEA11890,camelsde,1827,51.91091157,9.130093841,"Emmer, Schieder-Ness.",Germany,267.0135635898567,2060023940,3,3,train
camelsde_DEA11900,camelsde,1827,51.91407489,9.144882984,"Niese, Schieder",Germany,69.12683848527709,2060023940,3,3,train
camelsde_DEA11910,camelsde,1827,51.93496473,9.193338509,"Emmer, Schieder-Stausee",Germany,362.80073654088267,2060023940,3,3,train
camelsde_DEA11920,camelsde,1827,51.95329878,8.825283774,"Werre, Mesche",Germany,91.47908094661868,2060023940,3,3,train
camelsde_DEA11930,camelsde,1827,52.01669869,8.75031578,"Werre, Pottenhausen",Germany,167.42888070631895,2060023940,3,3,train
camelsde_DEA11940,camelsde,1827,52.01621133,8.959630776,"Bega, Vossheide",Germany,81.67199643490191,2060023940,3,3,train
camelsde_DEA11950,camelsde,1827,52.01015789,8.958891817,"Passade, Vossheide P.",Germany,58.89743807463133,2060023940,3,3,train
camelsde_DEA11960,camelsde,1827,52.02973115,8.850237576,"Ilse, Liemergrund",Germany,51.77209084298061,2060023940,3,3,train
camelsde_DEA11970,camelsde,1827,52.05334453,8.771627017,"Bega, Lindemannsheide neu",Germany,310.14848471502216,2060023940,3,3,train
camelsde_DEA11980,camelsde,1827,52.09100214,8.701503851,"Werre, Ahmsen",Germany,594.3730473329155,2060023940,3,3,train
camelsde_DEA11990,camelsde,1827,52.07053267,8.618454707,"Aa, Brake",Germany,205.8814748976212,2060023940,3,3,train
camelsde_DEA12000,camelsde,1827,52.1333776,8.670976039,"Werre, Herford",Germany,865.300282592959,2060023940,3,3,train
camelsde_DEA12010,camelsde,1827,52.18868368,8.514299719,"Else, Oberahle",Germany,268.447486584006,2060023940,3,3,train
camelsde_DEA12030,camelsde,1827,52.19788381,8.710164726,"Werre, Löhne",Germany,1313.4719475582503,2060023940,3,3,train
camelsde_DEA12040,camelsde,1827,52.28221973,8.878243265,"Bastau, Rodenbeck",Germany,120.6992926,2060023940,3,3,train
camelsde_DEA12080,camelsde,1827,51.73846666,6.765092757,"Issel, Dämmerwald",Germany,57.30958894511328,2060023320,3,3,train
camelsde_DEA12100,camelsde,1827,51.82769082,6.752220635,"Bocholter Aa, Rhedebrügge",Germany,248.8904006188092,2060023320,3,3,train
camelsde_DEA12120,camelsde,1827,52.0809977,6.77441773,"Berkel, Ammeloe",Germany,332.3567140003798,2060023320,3,3,train
camelsde_DEA12140,camelsde,1827,52.10889346,7.356874608,"Steinfurter Aa, Temmingsmühle",Germany,111.26353353038466,2060023320,3,3,train
camelsde_DEA12170,camelsde,1827,52.11698287,7.117102692,"Dinkel, Heek",Germany,108.7388461,2060023320,3,3,train
camelsde_DEA12180,camelsde,1827,52.21794316,7.024670782,"Dinkel, Gronau",Germany,198.360227776814,2060023320,3,3,train
camelsde_DEB10720,camelsde,1827,49.94045221,7.90316872,"Nahe, Dietersheim",Germany,4046.887917684268,2060023010,1,1,val
camelsde_DEC10000,camelsde,1827,49.59531856,6.874568287,"Wadrill, Schieferstollen",Germany,44.78231100677808,2060023010,1,1,val
camelsde_DEC10010,camelsde,1827,49.2320393,6.829978164,"Rossel, Geislautern",Germany,203.34883562355648,2060023010,1,1,val
camelsde_DEC10030,camelsde,1827,49.34226357,6.592730897,"Nied, Niedaltdorf",Germany,1330.891125904611,2060023010,1,1,val
camelsde_DEC10040,camelsde,1827,49.23650228,7.262402901,"Blies, Blieskastel",Germany,1712.5150104256986,2060023010,1,1,val
camelsde_DEC10050,camelsde,1827,49.13478,7.181266025,"Blies, Reinheim",Germany,1796.6862587764235,2060023010,1,1,val
camelsde_DEC10060,camelsde,1827,49.2496954,6.69727401,"Bist, Überherrn",Germany,118.59854835683171,2060023010,1,1,val
camelsde_DEC10080,camelsde,1827,49.63351622,7.001765087,"Altbach (Talsperre), Nonnweiler II",Germany,16.398002990000705,2060023010,1,1,val
camelsde_DEC10100,camelsde,1827,49.26455383,7.006390918,"Sulzbach, Jägersfreude",Germany,30.28859255744913,2060023010,1,1,val
camelsde_DEC10110,camelsde,1827,49.34974781,7.179689799,"Blies, Neunkirchen",Germany,316.4433918922312,2060023010,1,1,val
camelsde_DEC10120,camelsde,1827,49.20385402,7.05822448,"Saarbach, Fechingen",Germany,47.70310133327055,2060023010,1,1,val
camelsde_DEC10130,camelsde,1827,49.46198669,6.852782932,"Prims, Michelbach",Germany,439.534336022368,2060023010,1,1,val
camelsde_DEC10140,camelsde,1827,49.41012333,6.897964881,"Theel, Lebach",Germany,209.713724507118,2060023010,1,1,val
camelsde_DEC10150,camelsde,1827,49.53075342,6.90017334,"Löster, Dagstuhl",Germany,62.2034810613964,2060023010,1,1,val
camelsde_DEC10160,camelsde,1827,49.24979608,7.254637839,"Würzbach, Lautzkirchen",Germany,54.87547359032048,2060023010,1,1,val
camelsde_DEC10170,camelsde,1827,49.54150962,6.798165838,"Hölzbach, Rappweiler",Germany,8.9843103879393,2060023010,1,1,val
camelsde_DEC10200,camelsde,1827,49.3764264,6.787762909,"Prims, Nalbach",Germany,710.997310692569,2060023010,1,1,val
camelsde_DEC10230,camelsde,1827,49.25673682,6.870670491,"Köllerbach, Völklingen",Germany,76.94097035181187,2060023010,1,1,val
camelsde_DEC10240,camelsde,1827,49.47562311,7.162716833,"Blies, Alsfassen",Germany,41.998396784240505,2060023010,1,1,val
camelsde_DEC10250,camelsde,1827,49.26349544,7.31879191,"Schwarzbach, Einöd",Germany,1151.8981051607027,2060023010,1,1,val
camelsde_DEC10260,camelsde,1827,49.56429786,7.173337351,"Freisbach, Wolfersweiler",Germany,28.8329799231287,2060023010,1,1,val
camelsde_DEC10280,camelsde,1827,49.48765066,6.836445622,"Losheimer Bach, Nunkirchen",Germany,104.31480726774296,2060023010,1,1,val
camelsde_DEC10290,camelsde,1827,49.22416787,7.04427086,"Rohrbach, Sbr.-Schafbrücke",Germany,58.40565622519296,2060023010,1,1,val
camelsde_DEC10300,camelsde,1827,49.52222481,6.718379693,"Losheimer Bach, Losheim I",Germany,12.686953579670522,2060023010,1,1,val
camelsde_DEC10310,camelsde,1827,49.3814265,7.21176661,"Oster, Hangard",Germany,110.91678845467132,2060023010,1,1,val
camelsde_DEC10320,camelsde,1827,49.64683592,6.986682159,"Prims (Talsperre), Nonnweiler I",Germany,18.328502401407068,2060023010,1,1,val
camelsde_DEC10330,camelsde,1827,49.50710503,6.466741168,"Leuk, Oberleuken",Germany,13.65960254,2060023010,1,1,val
camelsde_DEC10340,camelsde,1827,49.53483871,6.893962453,"Wadrill, Wadern",Germany,72.12026505365789,2060023010,1,1,val
camelsde_DEC10350,camelsde,1827,49.50058864,6.798369573,"Hölzbach, Niederlosheim",Germany,13.655089840002535,2060023010,1,1,val
camelsde_DEC10360,camelsde,1827,49.57490283,7.06509345,"Bos, Eckelhausen",Germany,6.357502166112538,2060023010,1,1,val
camelsde_DEC10370,camelsde,1827,49.39948455,7.166938374,"Blies, Ottweiler",Germany,144.79873654478806,2060023010,1,1,val
camelsde_DEC10380,camelsde,1827,49.5075619,7.076236684,"Blies, Oberthal",Germany,8.447152381562487,2060023010,1,1,val
camelsde_DEC10390,camelsde,1827,49.40734661,6.961478856,"Ill, Eppelborn",Germany,119.3101336290245,2060023010,1,1,val
camelsde_DEC10410,camelsde,1827,49.47052359,7.17264055,"Todbach, Urweiler",Germany,42.53885266314404,2060023010,1,1,val
camelsde_DEC10420,camelsde,1827,49.44633515,6.647256708,"Seffersbach, Merzig",Germany,50.18293419743733,2060023010,1,1,val
camelsde_DEC10430,camelsde,1827,49.25104632,6.977284508,"Fischbach, Sbr.-Rußhütte",Germany,51.43647039868421,2060023010,1,1,val
camelsde_DEC10440,camelsde,1827,49.51258284,6.744489131,"Losheimer Bach, Losheim III",Germany,15.362531112248606,2060023010,1,1,val
camelsde_DEC10450,camelsde,1827,49.16019166,7.157286845,"Mandelbach, Bebelsheim",Germany,21.34685402011688,2060023010,1,1,val
camelsde_DED10000,camelsde,1827,50.32941629,12.25814613,"Weiße Elster, Adorf 1",Germany,170.3096751896763,2060024170,2,2,train
camelsde_DED10060,camelsde,1827,50.80532791,13.60682647,"Wilde Weißeritz, Ammelsdorf",Germany,51.352785729105904,2060024170,2,2,train
camelsde_DED10070,camelsde,1827,50.55831673,12.99878393,"Sehma, Annaberg 1",Germany,49.0820888466121,2060024170,2,2,train
camelsde_DED10090,camelsde,1827,50.58736566,12.71521501,"Schwarzwasser, Aue 1",Germany,360.3355397225715,2060024170,2,2,train
camelsde_DED10100,camelsde,1827,50.58952144,12.69999249,"Zwickauer Mulde, Aue 3",Germany,678.4379521510765,2060024170,2,2,train
camelsde_DED10110,camelsde,1827,51.59075931,12.5807312,"Vereinigte Mulde, Bad Düben 1",Germany,6157.16667236022,2060024170,2,2,train
camelsde_DED10130,camelsde,1827,50.2712709,12.24527808,"Weiße Elster, Bad Elster 1",Germany,47.44566650427264,2060024170,2,2,train
camelsde_DED10150,camelsde,1827,51.16787783,14.40867455,"Spree, Bautzen 1",Germany,276.0507135376105,2060024170,2,2,train
camelsde_DED10170,camelsde,1827,50.85895732,13.39294424,"Freiberger Mulde, Berthelsdorf",Germany,243.4835380900724,2060024170,2,2,train
camelsde_DED10180,camelsde,1827,50.88185653,14.04656901,"Biela, Bielatal 1",Germany,37.00261312699797,2060024170,2,2,train
camelsde_DED10220,camelsde,1827,51.12438627,14.17738033,"Wesenitz, Bischofswerda",Germany,66.64609146656764,2060024170,2,2,train
camelsde_DED10230,camelsde,1827,50.75169707,13.19247309,"Flöha, Borstendorf",Germany,637.54950808758,2060024170,2,2,train
camelsde_DED10240,camelsde,1827,51.4055052,14.57465956,"Schwarzer Schöps, Boxberg",Germany,651.0722098391878,2060024170,2,2,train
camelsde_DED10260,camelsde,1827,50.72724036,12.90739508,"Zwönitz, Burkhardtsdorf 2",Germany,92.61829450601267,2060024170,2,2,train
camelsde_DED10300,camelsde,1827,51.21190321,12.38723137,"Pleiße, Böhlen 1",Germany,1259.366934701951,2060024170,2,2,train
camelsde_DED10320,camelsde,1827,51.03131842,13.15919429,"Striegis, Böhrigen",Germany,250.79710770893087,2060024170,2,2,train
camelsde_DED10340,camelsde,1827,50.84526241,12.92211956,"Chemnitz, Chemnitz 1",Germany,397.68399825911575,2060024170,2,2,train
camelsde_DED10350,camelsde,1827,51.12133513,12.80647574,"Zwickauer Mulde, Colditz",Germany,2311.880230693044,2060024170,2,2,train
camelsde_DED10380,camelsde,1827,50.88674986,14.1081566,"Cunnersdorfer Bach, Cunnersdorf 1",Germany,33.184744078991905,2060024170,2,2,train
camelsde_DED10400,camelsde,1827,50.89446267,13.66396253,"Rote Weißeritz, Dippoldiswalde 1",Germany,73.94524928061323,2060024170,2,2,train
camelsde_DED10430,camelsde,1827,50.95383723,13.85368715,"Müglitz, Dohna",Germany,193.0598389917758,2060024170,2,2,train
camelsde_DED10460,camelsde,1827,51.00905496,14.58194482,"Spree, Ebersbach",Germany,16.29843486490226,2060024170,2,2,train
camelsde_DED10480,camelsde,1827,51.02209804,13.9938193,"Wesenitz, Elbersdorf",Germany,226.3050564607501,2060024170,2,2,train
camelsde_DED10490,camelsde,1827,50.61084735,12.16817184,"Weiße Elster, Elsterberg",Germany,956.5531575355452,2060024170,2,2,train
camelsde_DED10500,camelsde,1827,50.86152364,13.07468732,"Flöha, Flöha 1",Germany,791.0178018881091,2060024170,2,2,train
camelsde_DED10520,camelsde,1827,51.05258658,13.69815504,"Vereinigte Weißeritz, Friedrichstadt",Germany,375.5694369393057,2060024170,2,2,train
camelsde_DED10530,camelsde,1827,51.12585431,13.43168722,"Triebisch, Garsebach",Germany,163.96412799444062,2060024170,2,2,train
camelsde_DED10540,camelsde,1827,50.76497666,13.78730815,"Rotes Wasser, Geising 1",Germany,21.32525697,2060024170,2,2,train
camelsde_DED10570,camelsde,1827,51.2529839,12.77741307,"Vereinigte Mulde, Golzern 1",Germany,5413.146232256661,2060024170,2,2,train
camelsde_DED10620,camelsde,1827,51.19833178,13.77294443,"Große Röder, Großdittmannsdorf",Germany,293.99038151407643,2060024170,2,2,train
camelsde_DED10640,camelsde,1827,51.07146816,14.64919469,"Löbauer Wasser, Großschweidnitz",Germany,41.68442367232706,2060024170,2,2,train
camelsde_DED10650,camelsde,1827,50.89705555,14.67013003,"Mandau, Großschönau 2",Germany,160.41659921402527,2060026060,4,4,train
camelsde_DED10690,camelsde,1827,51.20186602,14.62321388,"Löbauer Wasser, Gröditz 2",Germany,191.83771072490185,2060024170,2,2,train
camelsde_DED10700,camelsde,1827,50.98089165,12.78002045,"Chemnitz, Göritzhain",Germany,527.7344309503278,2060024170,2,2,train
camelsde_DED10710,camelsde,1827,51.16116216,14.99317853,"Lausitzer Neiße, Görlitz",Germany,1624.006239616139,2060026060,4,4,train
camelsde_DED10780,camelsde,1827,50.97958601,13.61714514,"Wilde Weißeritz, Hainsberg 7",Germany,164.63376045056708,2060024170,2,2,train
camelsde_DED10810,camelsde,1827,50.86175582,14.82135014,"Lausitzer Neiße, Hartau 1",Germany,367.56140069354217,2060026060,4,4,train
camelsde_DED10830,camelsde,1827,50.78361335,12.92440033,"Würschnitz, Harthau",Germany,132.55177527661306,2060024170,2,2,train
camelsde_DED10860,camelsde,1827,51.01539508,13.47746077,"Triebisch, Herzogswalde 2",Germany,45.59233960051659,2060024170,2,2,train
camelsde_DED10880,camelsde,1827,51.03776085,14.45185163,"Rosenbach, Hohberg",Germany,50.09279765086099,2060024170,2,2,train
camelsde_DED10890,camelsde,1827,51.15418628,14.92343084,"Weißer Schöps, Holtendorf",Germany,53.60689370279168,2060024170,2,2,train
camelsde_DED10900,camelsde,1827,50.68382611,13.05538444,"Zschopau, Hopfgarten",Germany,530.2807261959248,2060024170,2,2,train
camelsde_DED10920,camelsde,1827,50.75728215,12.85795902,"Würschnitz, Jahnsdorf 1",Germany,100.15774022672342,2060024170,2,2,train
camelsde_DED10950,camelsde,1827,50.43699853,12.72832343,"Schwarzwasser, Johanngeorgenstadt 4",Germany,75.56308760409557,2060024170,2,2,train
camelsde_DED10970,camelsde,1827,51.25241666,14.81184486,"Schwarzer Schöps, Jänkendorf 1",Germany,125.82655939279296,2060024170,2,2,train
camelsde_DED11000,camelsde,1827,50.5172204,13.10288221,"Jöhstädter Schwarzwasser, Jöhstadt 4",Germany,40.16150948182779,2060024170,2,2,train
camelsde_DED11030,camelsde,1827,50.92644635,14.18727948,"Kirnitzsch, Kirnitzschtal",Germany,153.41958104484402,2060024170,2,2,train
camelsde_DED11040,camelsde,1827,51.21039292,12.29159209,"Weiße Elster, Kleindalzig",Germany,2892.2282571644905,2060024170,2,2,train
camelsde_DED11050,camelsde,1827,51.29062102,13.49882265,"Große Röder, Kleinraschütz",Germany,689.3662182525529,2060024170,2,2,train
camelsde_DED11100,camelsde,1827,50.35396013,12.4709585,"Zwota (Svatava), Klingenthal 1",Germany,58.54814804967644,2060024170,2,2,train
camelsde_DED11150,camelsde,1827,50.94301605,13.7660702,"Lockwitzbach, Kreischa",Germany,42.457452838541045,2060024170,2,2,train
camelsde_DED11160,camelsde,1827,51.05515014,13.02157344,"Zschopau, Kriebstein UP",Germany,1747.867711518373,2060024170,2,2,train
camelsde_DED11190,camelsde,1827,50.98301318,13.37874803,"Bobritzsch, Krummenhennersdorf 1",Germany,150.303707,2060024170,2,2,train
camelsde_DED11210,camelsde,1827,50.8074092,13.07475571,"Zschopau, Kunnersdorf",Germany,676.0519551830901,2060024170,2,2,train
camelsde_DED11280,camelsde,1827,51.38152975,12.43557166,"Parthe, Leipzig-Thekla",Germany,311.2581060232101,2060024170,2,2,train
camelsde_DED11290,camelsde,1827,51.15927914,12.94865717,"Freiberger Mulde, Leisnig",Germany,2867.0265216052107,2060024170,2,2,train
camelsde_DED11300,camelsde,1827,50.88616893,13.02001216,"Zschopau, Lichtenwalde 1",Germany,1566.457618858518,2060024170,2,2,train
camelsde_DED11330,camelsde,1827,50.86731245,13.85429008,"Seidewitz, Liebstadt 2",Germany,25.64216737403097,2060024170,2,2,train
camelsde_DED11350,camelsde,1827,51.33055837,14.53029768,"Spree, Lieske",Germany,769.8024431477783,2060024170,2,2,train
camelsde_DED11370,camelsde,1827,51.27940916,14.43609101,"Lomschanke, Lomske",Germany,25.05736459595481,2060024170,2,2,train
camelsde_DED11390,camelsde,1827,51.08789809,13.14002704,"Freiberger Mulde, Mahlitzsch",Germany,911.6264009805768,2060024170,2,2,train
camelsde_DED11400,camelsde,1827,50.8329625,13.97967208,"Bahra, Markersbach",Germany,47.99431004279096,2060024170,2,2,train
camelsde_DED11420,camelsde,1827,51.31496197,13.25293352,"Döllnitz, Merzdorf",Germany,206.5450730646369,2060024170,2,2,train
camelsde_DED11440,camelsde,1827,50.79974615,13.44348224,"Freiberger Mulde, Mulda 1",Germany,76.26381373217613,2060024170,2,2,train
camelsde_DED11450,camelsde,1827,51.09201822,13.41205398,"Triebisch, Munzig 1",Germany,113.18762567341696,2060024170,2,2,train
camelsde_DED11460,camelsde,1827,50.61092159,12.27224061,"Göltzsch, Mylau",Germany,153.09710305722425,2060024170,2,2,train
camelsde_DED11480,camelsde,1827,51.24124445,13.01695056,"Döllnitz, Nebitzschen",Germany,55.04745466942791,2060024170,2,2,train
camelsde_DED11490,camelsde,1827,51.29219276,12.7753619,"Mutzschener Wasser, Neichen 1",Germany,46.43674513344664,2060024170,2,2,train
camelsde_DED11510,camelsde,1827,51.34894487,12.75855361,"Mühlbach, Nemt 1",Germany,60.81307905027808,2060024170,2,2,train
camelsde_DED11540,camelsde,1827,50.78134871,12.37045484,"Pleiße, Neukirchen 1",Germany,164.1678171814331,2060024170,2,2,train
camelsde_DED11560,camelsde,1827,50.91625372,13.97741064,"Gottleuba, Neundorf",Germany,131.5773304905164,2060024170,2,2,train
camelsde_DED11590,camelsde,1827,51.02834596,14.21135235,"Polenz, Neustadt 1",Germany,40.13115613248917,2060024170,2,2,train
camelsde_DED11610,camelsde,1827,51.47642474,14.19703997,"Schwarze Elster, Neuwiese",Germany,677.0078075539838,2060024170,2,2,train
camelsde_DED11620,camelsde,1827,51.18193599,13.55176253,"Niederauer Dorfbach, Niederau",Germany,12.301980783342971,2060024170,2,2,train
camelsde_DED11640,camelsde,1827,50.77700461,12.53002286,"Mülsenbach, Niedermülsen 1",Germany,49.75158573864096,2060024170,2,2,train
camelsde_DED11660,camelsde,1827,50.95358174,14.72894183,"Landwasser, Niederoderwitz",Germany,28.61804243298254,2060026060,4,4,train
camelsde_DED11670,camelsde,1827,50.63155242,12.67911853,"Zwickauer Mulde, Niederschlema",Germany,750.7949385889017,2060024170,2,2,train
camelsde_DED11690,camelsde,1827,50.64819375,12.82893149,"Zwönitz, Niederzwönitz",Germany,30.780972220971705,2060024170,2,2,train
camelsde_DED11700,camelsde,1827,51.06749957,13.26505188,"Freiberger Mulde, Nossen 1",Germany,583.8099660176983,2060024170,2,2,train
camelsde_DED11720,camelsde,1827,50.90217243,13.24806494,"Große Striegis, Oberschöna 1",Germany,53.316865567420805,2060024170,2,2,train
camelsde_DED11750,camelsde,1827,50.40408736,12.17994415,"Weiße Elster, Oelsnitz 1",Germany,327.243121814349,2060024170,2,2,train
camelsde_DED11790,camelsde,1827,51.20115617,13.16143512,"Jahna, Ostrau 1",Germany,62.99561133283032,2060024170,2,2,train
camelsde_DED11840,camelsde,1827,51.19547604,13.37230284,"Ketzerbach, Piskowitz 2",Germany,156.39930324261846,2060024170,2,2,train
camelsde_DED11910,camelsde,1827,51.4719682,14.9469443,"Lausitzer Neiße, Podrosche 3",Germany,2047.4405904546009,2060026060,4,4,train
camelsde_DED11930,camelsde,1827,50.94188196,14.13403247,"Lachsbach, Porschdorf 1",Germany,266.4679032723593,2060024170,2,2,train
camelsde_DED11960,camelsde,1827,51.20614049,14.30561843,"Hoyerswerdaer Schwarzwasser, Prischwitz",Germany,102.9036937618557,2060024170,2,2,train
camelsde_DED11980,camelsde,1827,51.11464675,13.91979011,"Große Röder, Radeberg",Germany,114.66012828165624,2060024170,2,2,train
camelsde_DED11990,camelsde,1827,51.21592337,13.72024301,"Promnitz, Radeburg 3",Germany,78.59232065517955,2060024170,2,2,train
camelsde_DED12000,camelsde,1827,50.45936149,12.49034975,"Zwickauer Mulde, Rautenkranz",Germany,87.93557392308378,2060024170,2,2,train
camelsde_DED12020,camelsde,1827,50.72781663,13.7013261,"Wilde Weißeritz, Rehefeld 2",Germany,17.30450119,2060024170,2,2,train
camelsde_DED12030,camelsde,1827,51.25400067,13.95102015,"Pulsnitz, Reichenau 1",Germany,87.21985899385987,2060024170,2,2,train
camelsde_DED12100,camelsde,1827,51.0252543,14.7963539,"Pließnitz, Rennersdorf 3",Germany,78.4229514988791,2060026060,4,4,train
camelsde_DED12110,camelsde,1827,51.02270579,14.7794834,"Berthelsdorfer Wasser, Rennersdorf 6",Germany,13.353369981472952,2060026060,4,4,train
camelsde_DED12180,camelsde,1827,50.53515223,12.40341219,"Göltzsch, Rodewisch 1",Germany,71.51484702762264,2060024170,2,2,train
camelsde_DED12210,camelsde,1827,50.95525302,14.89623712,"Lausitzer Neiße, Rosenthal 1",Germany,872.7532580387551,2060026060,4,4,train
camelsde_DED12230,camelsde,1827,50.61892573,13.35994555,"Natzschung (Nacetinsky potok), Rothenthal",Germany,75.88887993617573,2060024170,2,2,train
camelsde_DED12250,camelsde,1827,50.41429324,12.53179726,"Große Pyra, Sachsengrund",Germany,6.333217545591647,2060024170,2,2,train
camelsde_DED12260,camelsde,1827,51.07883039,14.43502099,"Spree, Schirgiswalde",Germany,177.4179681988742,2060024170,2,2,train
camelsde_DED12290,camelsde,1827,50.52843353,13.13107598,"Preßnitz, Schmalzgrube 2",Germany,62.34868192847948,2060024170,2,2,train
camelsde_DED12320,camelsde,1827,51.32744746,14.2310484,"Klosterwasser, Schönau",Germany,93.58424321207951,2060024170,2,2,train
camelsde_DED12330,camelsde,1827,50.28310706,12.33268842,"Haarbach, Schönlind 2",Germany,9.256249530894376,2060024170,2,2,train
camelsde_DED12340,camelsde,1827,51.15499574,14.74974085,"Schwarzer Schöps, Schöps",Germany,43.32020517714245,2060024170,2,2,train
camelsde_DED12350,camelsde,1827,50.97101927,14.26969272,"Sebnitz, Sebnitz 2",Germany,101.43204241658488,2060024170,2,2,train
camelsde_DED12370,camelsde,1827,51.26658284,13.25433896,"Jahna, Seerhausen 1",Germany,156.5894900613987,2060024170,2,2,train
camelsde_DED12400,camelsde,1827,50.92461245,14.60727421,"Mandau, Seifhennersdorf 1",Germany,74.86903287624973,2060026060,4,4,train
camelsde_DED12410,camelsde,1827,51.51083157,14.40428847,"Spree, Spreewitz",Germany,1905.652993025814,2060024170,2,2,train
camelsde_DED12420,camelsde,1827,51.43045431,14.52239814,"Spree, Sprey",Germany,1575.8579216057412,2060024170,2,2,train
camelsde_DED12430,camelsde,1827,50.79458481,12.606154,"Lungwitzbach, St. Egidien",Germany,124.37362190954092,2060024170,2,2,train
camelsde_DED12450,camelsde,1827,50.47892622,12.09863179,"Weiße Elster, Straßberg",Germany,609.8773970567419,2060024170,2,2,train
camelsde_DED12470,camelsde,1827,51.0458106,12.56995011,"Wyhra, Streitwald 1",Germany,178.4421113508037,2060024170,2,2,train
camelsde_DED12500,camelsde,1827,51.27130485,14.88497636,"Weißer Schöps, Särichen",Germany,132.3816459003073,2060024170,2,2,train
camelsde_DED12510,camelsde,1827,50.61045531,12.9603726,"Zschopau, Tannenberg",Germany,90.84433319063912,2060024170,2,2,train
camelsde_DED12520,camelsde,1827,51.06422072,14.94411517,"Pließnitz, Tauchritz",Germany,163.9267477777764,2060026060,4,4,train
camelsde_DED12530,camelsde,1827,51.43713758,12.67155654,"Lossa, Thallwitz",Germany,139.20353514783733,2060024170,2,2,train
camelsde_DED12570,camelsde,1827,51.34817116,14.20100673,"Schwarze Elster, Trado 3",Germany,165.13488379060598,2060024170,2,2,train
camelsde_DED12590,camelsde,1827,51.00683151,12.77253799,"Zwickauer Mulde, Wechselburg 1",Germany,2091.345414083928,2060024170,2,2,train
camelsde_DED12620,camelsde,1827,50.61640776,13.05652678,"Pöhlbach, Wiesa",Germany,85.80916122245722,2060024170,2,2,train
camelsde_DED12630,camelsde,1827,50.54297436,12.79431705,"Große Mittweida, Wildenau 1",Germany,165.3525877651758,2060024170,2,2,train
camelsde_DED12660,camelsde,1827,51.05503555,13.5350637,"Wilde Sau, Wilsdruff 1",Germany,26.697200651301724,2060024170,2,2,train
camelsde_DED12680,camelsde,1827,50.77691348,13.42353129,"Chemnitzbach, Wolfsgrund",Germany,35.65551632542915,2060024170,2,2,train
camelsde_DED12690,camelsde,1827,50.90144439,12.67139514,"Zwickauer Mulde, Wolkenburg",Germany,1414.170395058921,2060024170,2,2,train
camelsde_DED12710,camelsde,1827,51.29423551,14.32369548,"Hoyerswerdaer Schwarzwasser, Zescha",Germany,173.80637596710446,2060024170,2,2,train
camelsde_DED12730,camelsde,1827,50.89655306,14.83670218,"Lausitzer Neiße, Zittau 1",Germany,704.5052385561854,2060026060,4,4,train
camelsde_DED12790,camelsde,1827,50.74090531,12.49359417,"Zwickauer Mulde, Zwickau-Pölbitz",Germany,1032.1923590144222,2060024170,2,2,train
camelsde_DED12810,camelsde,1827,50.68256588,13.21199102,"Schwarze Pockau, Zöblitz",Germany,123.35404679435666,2060024170,2,2,train
camelsde_DEE10000,camelsde,1827,52.15457607,11.18888427,"Aller, Ummendorf",Germany,52.14194493663064,2060023940,3,3,train
camelsde_DEE10010,camelsde,1827,52.21257171,11.13417621,"Aller, Alleringersleben",Germany,142.60861404251366,2060023940,3,3,train
camelsde_DEE10020,camelsde,1827,52.27806973,11.06855239,"Aller, Walbeck",Germany,199.1748698781987,2060023940,3,3,train
camelsde_DEE10030,camelsde,1827,52.31437689,11.05633634,"Aller, Weferlingen",Germany,232.0771245676752,2060023940,3,3,train
camelsde_DEE10050,camelsde,1827,52.38450326,11.17052908,"Spetze, Etingen-Zillbeck",Germany,89.53377568071723,2060023940,3,3,train
camelsde_DEE10060,camelsde,1827,51.84274168,10.65330726,"Ilse, Ilsenburg",Germany,21.00638859184981,2060023940,3,3,train
camelsde_DEE10070,camelsde,1827,51.99451306,10.65296458,"Ilse, Hoppenstedt",Germany,169.62499014246993,2060023940,3,3,train
camelsde_DEE10090,camelsde,1827,51.85908632,12.77068239,"Zahna, Dietrichsdorf",Germany,157.91461397357952,2060024170,2,2,train
camelsde_DEE10100,camelsde,1827,51.92288973,12.25867311,"Rossel, Mühlstedt",Germany,158.52076204082854,2060024170,2,2,train
camelsde_DEE10130,camelsde,1827,51.11049652,11.7055039,"Saale, Saaleck",Germany,5008.655751830747,2060024170,2,2,train
camelsde_DEE10140,camelsde,1827,51.15678641,11.83176149,"Saale, Naumburg-Grochlitz",Germany,11406.081419706346,2060024170,2,2,train
camelsde_DEE10150,camelsde,1827,51.30570719,12.04942665,"Saale, Leuna-Kröllwitz",Germany,12022.024539592798,2060024170,2,2,train
camelsde_DEE10160,camelsde,1827,51.27093825,11.54556028,"Unstrut, Wangen",Germany,5994.555855925935,2060024170,2,2,train
camelsde_DEE10170,camelsde,1827,51.22629702,11.68451781,"Unstrut, Laucha",Germany,6201.627404393507,2060024170,2,2,train
camelsde_DEE10200,camelsde,1827,51.45578217,11.11887889,"Helme, Bennungen",Germany,901.2041984468495,2060024170,2,2,train
camelsde_DEE10210,camelsde,1827,51.56502275,10.95783149,"Thyra, Stolberg",Germany,30.47459958718641,2060024170,2,2,train
camelsde_DEE10240,camelsde,1827,51.46971204,11.12933025,"Leine, Wickerode(Leine)",Germany,62.240084691497685,2060024170,2,2,train
camelsde_DEE10270,camelsde,1827,51.22216378,11.60962592,"Biberbach, Thalwinkel",Germany,54.19484123636912,2060024170,2,2,train
camelsde_DEE10280,camelsde,1827,51.1181816,11.85578066,"Wethau, Mertendorf",Germany,203.5047083531228,2060024170,2,2,train
camelsde_DEE10290,camelsde,1827,51.22475129,12.06224725,"Rippach, Rippach",Germany,161.45167439806727,2060024170,2,2,train
camelsde_DEE10320,camelsde,1827,51.05709642,12.14371167,"Weiße Elster, Zeitz",Germany,2497.107299199788,2060024170,2,2,train
camelsde_DEE10350,camelsde,1827,51.44274709,12.03120631,"Reide, Bruckdorf",Germany,119.94171658524866,2060024170,2,2,train
camelsde_DEE10360,camelsde,1827,51.5350535,11.94601852,"Götsche, Sennewitz",Germany,47.209055229883205,2060024170,2,2,train
camelsde_DEE10370,camelsde,1827,51.50708192,11.80858737,"Salza, Zappendorf",Germany,551.3247117097328,2060024170,2,2,train
camelsde_DEE10390,camelsde,1827,51.3788431,11.58883937,"Querne-Weida, Querfurt",Germany,51.47235966118515,2060024170,2,2,train
camelsde_DEE10400,camelsde,1827,51.44136107,11.67761568,"Querne-Weida, Stedten",Germany,174.9806911345907,2060024170,2,2,train
camelsde_DEE10410,camelsde,1827,51.61413823,11.73358644,"Schlenze, Friedeburg",Germany,107.8703994545527,2060024170,2,2,train
camelsde_DEE10430,camelsde,1827,51.57582106,11.27870323,"Wipper, Wippra",Germany,136.34339101171133,2060024170,2,2,train
camelsde_DEE10440,camelsde,1827,51.60667878,11.46800933,"Wipper, Mansfeld-Leimbach",Germany,225.5555919513724,2060024170,2,2,train
camelsde_DEE10450,camelsde,1827,51.7526545,11.52786587,"Wipper, Großschierstedt",Germany,545.6353407825058,2060024170,2,2,train
camelsde_DEE10460,camelsde,1827,51.6594079,11.3572765,"Eine, Stangerode",Germany,73.05836096617641,2060024170,2,2,train
camelsde_DEE10470,camelsde,1827,51.7534985,11.43598682,"Eine, Aschersleben",Germany,163.7477285479503,2060024170,2,2,train
camelsde_DEE10480,camelsde,1827,51.76410747,11.79370515,"Fuhne (westlich), Baalberge",Germany,678.1813620849758,2060024170,2,2,train
camelsde_DEE10520,camelsde,1827,51.73598821,10.80767827,"Bode, Hirtenstieg-ÜLSP",Germany,158.42073518986828,2060024170,2,2,train
camelsde_DEE10530,camelsde,1827,51.74158112,10.91939303,"Bode, Wendefurth",Germany,313.80932217944104,2060024170,2,2,train
camelsde_DEE10540,camelsde,1827,51.73765255,11.02381561,"Bode, Thale",Germany,385.9499252030157,2060024170,2,2,train
camelsde_DEE10550,camelsde,1827,51.83353506,11.20897062,"Bode, Ditfurt",Germany,697.5285754967326,2060024170,2,2,train
camelsde_DEE10560,camelsde,1827,51.88757548,11.18957399,"Bode, Wegeleben",Germany,1202.3176716178864,2060024170,2,2,train
camelsde_DEE10570,camelsde,1827,52.00553086,11.3192404,"Bode, Hadmersleben",Germany,2725.0680432195104,2060024170,2,2,train
camelsde_DEE10580,camelsde,1827,51.85404302,11.58871853,"Bode, Staßfurt",Germany,3201.997716677958,2060024170,2,2,train
camelsde_DEE10590,camelsde,1827,51.69966107,10.72867727,"Warme Bode, Tanne",Germany,71.04841806375082,2060024170,2,2,train
camelsde_DEE10600,camelsde,1827,51.73745038,10.76473484,"Warme Bode, Königshütte-WB",Germany,102.31073439650272,2060024170,2,2,train
camelsde_DEE10610,camelsde,1827,51.74327741,10.68322112,"Kalte Bode, Elend",Germany,24.312914434442995,2060024170,2,2,train
camelsde_DEE10620,camelsde,1827,51.74947262,10.74852846,"Kalte Bode, Königshütte-KB",Germany,43.8618689099655,2060024170,2,2,train
camelsde_DEE10630,camelsde,1827,51.6928895,10.79052149,"Rappbode, Trautenstein",Germany,38.65329890578398,2060024170,2,2,train
camelsde_DEE10640,camelsde,1827,51.69189256,10.85931169,"Hassel, Hasselfelde",Germany,35.17192089,2060024170,2,2,train
camelsde_DEE10660,camelsde,1827,51.64382991,10.9817354,"Selke, Güntersberge",Germany,25.474410335431365,2060024170,2,2,train
camelsde_DEE10670,camelsde,1827,51.63155023,11.0974094,"Selke, Silberhütte",Germany,100.4003457737257,2060024170,2,2,train
camelsde_DEE10680,camelsde,1827,51.69137265,11.28386714,"Selke, Meisdorf",Germany,178.7167693969016,2060024170,2,2,train
camelsde_DEE10690,camelsde,1827,51.83886005,11.26981112,"Selke, Hausneindorf",Germany,452.2686835040585,2060024170,2,2,train
camelsde_DEE10710,camelsde,1827,51.80395561,10.69457505,"Holtemme, Hanneckenbruch",Germany,9.180946611073548,2060024170,2,2,train
camelsde_DEE10720,camelsde,1827,51.81786194,10.72885982,"Holtemme, Steinerne Renne",Germany,15.7847167108696,2060024170,2,2,train
camelsde_DEE10730,camelsde,1827,51.88498925,10.96317689,"Holtemme, Mahndorf",Germany,160.10038782027647,2060024170,2,2,train
camelsde_DEE10740,camelsde,1827,51.94157241,11.15863609,"Holtemme, Nienhagen",Germany,268.00693500485266,2060024170,2,2,train
camelsde_DEE10750,camelsde,1827,51.78201979,10.76090654,"Zillierbach, Zillierbachtalsperre Zulauf",Germany,5.179030545,2060024170,2,2,train
camelsde_DEE10790,camelsde,1827,51.86432852,10.90719966,"Hellbach, Derenburg (Hellbach)",Germany,25.26927742441945,2060024170,2,2,train
camelsde_DEE10810,camelsde,1827,52.02358165,11.22449124,"Großer Graben, Oschersleben",Germany,843.091967570924,2060024170,2,2,train
camelsde_DEE10830,camelsde,1827,52.24908318,11.95753244,"Ihle, Grabow",Germany,144.0744027390929,2060024170,2,2,train
camelsde_DEE10850,camelsde,1827,52.26916194,12.17498511,"Tucheim-Parchener Bach, Tucheim",Germany,127.780024309864,2060024170,2,2,train
camelsde_DEE10890,camelsde,1827,52.72083661,12.08793803,"Trübengraben, Schönfeld I",Germany,186.5806439,2060024170,2,2,train
camelsde_DEE10900,camelsde,1827,52.82807758,12.22360777,"Neue Jäglitz, Waldfrieden",Germany,59.671965209070166,2060024170,2,2,train
camelsde_DEE10910,camelsde,1827,51.95949008,12.01543347,"Nuthe, Nutha",Germany,486.1331117230923,2060024170,2,2,train
camelsde_DEE10920,camelsde,1827,52.01995931,12.09091923,"Lindauer Nuthe, Kuhberge",Germany,142.42535074367152,2060024170,2,2,train
camelsde_DEE10930,camelsde,1827,52.00794996,12.09408434,"Grimmer Nuthe, Strinum",Germany,73.00037381,2060024170,2,2,train
camelsde_DEE10940,camelsde,1827,51.97411442,12.14461585,"Boner Nuthe, Pulspforde",Germany,126.99073519207204,2060024170,2,2,train
camelsde_DEE10950,camelsde,1827,52.04141938,11.61588476,"Sülze, Dodendorf",Germany,119.7484963101782,2060024170,2,2,train
camelsde_DEE10960,camelsde,1827,52.11579203,12.06609514,"Ehle, Loburg",Germany,71.34591975284555,2060024170,2,2,train
camelsde_DEE10970,camelsde,1827,52.07130637,11.87061578,"Ehle, Dannigkow",Germany,261.88128638658105,2060024170,2,2,train
camelsde_DEE10980,camelsde,1827,52.56192734,10.98267649,"Ohre, Jahrstedt",Germany,141.6877101861463,2060023940,3,3,train
camelsde_DEE11020,camelsde,1827,52.2498966,11.39700628,"Beber, Hundisburg",Germany,178.90925345279916,2060024170,2,2,train
camelsde_DEE11030,camelsde,1827,52.4925631,11.86102355,"Tanger, Demker",Germany,370.5272905709016,2060024170,2,2,train
camelsde_DEE11050,camelsde,1827,52.47492323,11.78933395,"Lüderitzer Tanger, Schönwalde",Germany,97.13355468069275,2060024170,2,2,train
camelsde_DEE11060,camelsde,1827,52.75416994,11.55007852,"Biese, Hagenau",Germany,702.714147114887,2060024170,2,2,train
camelsde_DEE11070,camelsde,1827,52.83275805,11.77499406,"Biese, Dobbrun",Germany,1591.346312305734,2060024170,2,2,train
camelsde_DEE11090,camelsde,1827,52.53804019,11.38893415,"Milde, Gardelegen",Germany,144.8214384600695,2060024170,2,2,train
camelsde_DEE11100,camelsde,1827,52.66164098,11.44772853,"Milde, Karritz (Milde)",Germany,250.33416948851425,2060024170,2,2,train
camelsde_DEE11110,camelsde,1827,52.52643312,11.43209201,"Laugebach, Zienau",Germany,61.53364286,2060024170,2,2,train
camelsde_DEE11120,camelsde,1827,52.65888782,11.4564919,"Schaugraben/Secantsgraben, Karritz (Secantsgraben)",Germany,202.6954446155366,2060024170,2,2,train
camelsde_DEE11130,camelsde,1827,52.66553395,11.37442373,"Untermilde, Kalbe",Germany,130.6901926669183,2060024170,2,2,train
camelsde_DEE11150,camelsde,1827,52.58082562,11.78773013,"Uchte, Tornau",Germany,89.57993561824942,2060024170,2,2,train
camelsde_DEE11160,camelsde,1827,52.60978687,11.86847161,"Uchte, Stendal",Germany,134.15746566177603,2060024170,2,2,train
camelsde_DEE11170,camelsde,1827,52.71746247,11.85418075,"Uchte, Goldbeck",Germany,383.7147809841546,2060024170,2,2,train
camelsde_DEE11230,camelsde,1827,52.81921279,11.02745125,"Salzwedeler Dumme, Tylsen",Germany,195.3500656038586,2060024170,2,2,train
camelsde_DEE11250,camelsde,1827,52.8537987,11.35671988,"Flötgraben, Ritzleben",Germany,110.43632719154216,2060024170,2,2,train
camelsde_DEF10110,camelsde,1827,53.70805112,10.173985,"Ammersbek, Ammersbek",Germany,88.37941824,2060024170,2,2,train
camelsde_DEF10160,camelsde,1827,54.54732733,8.940064939,"Arlau, ArlauSchleuseBP",Germany,251.5130984,2060024230,2,2,train
camelsde_DEF10190,camelsde,1827,54.70092854,9.460017326,"Treene, Augaard",Germany,135.683155563176,2060024230,2,2,train
camelsde_DEF10220,camelsde,1827,53.90140354,9.885325166,"Ohlau, BadBramstedtOhlau",Germany,74.22541692099654,2060024230,2,2,train
camelsde_DEF10230,camelsde,1827,53.91793204,9.899987499,"Osterau, BadBramstedtOsterau",Germany,173.54360936292892,2060024230,2,2,train
camelsde_DEF10240,camelsde,1827,53.90928765,9.890013167,"SchmalfelderAu, BadBramstedtSchmalfelderAu",Germany,177.6823076352481,2060024230,2,2,train
camelsde_DEF10250,camelsde,1827,53.92346897,10.69839317,"Schwartau, BadSchwartau",Germany,218.0867489968206,2060025270,1,1,val
camelsde_DEF10280,camelsde,1827,54.04586519,9.81909957,"Bünzau, Bargfeld",Germany,210.07882212617767,2060024230,2,2,train
camelsde_DEF10380,camelsde,1827,54.63722397,9.704094939,"Oxbek, Billwatt",Germany,82.70286425522079,2060025270,1,1,val
camelsde_DEF10440,camelsde,1827,54.22367986,9.76923761,"BokelerAu, BokelBokelerAu",Germany,27.853206069548584,2060024230,2,2,train
camelsde_DEF10460,camelsde,1827,53.87038543,9.724337854,"Störbek, BokelStörbek",Germany,34.167351940763254,2060024230,2,2,train
camelsde_DEF10480,camelsde,1827,54.08337961,9.804734917,"Höllenau, BökenHöllenau",Germany,62.74639814399668,2060024230,2,2,train
camelsde_DEF10510,camelsde,1827,54.69960111,9.631141597,"Bondenau, Bondebrück",Germany,19.06666974557692,2060024230,2,2,train
camelsde_DEF10600,camelsde,1827,54.07926575,10.01476693,"Schwale, Brachenfeld",Germany,74.95717299868977,2060024230,2,2,train
camelsde_DEF10640,camelsde,1827,53.60447544,10.64909406,"Priesterbach, Breitenfelde",Germany,28.78495506,2060025270,1,1,val
camelsde_DEF10670,camelsde,1827,53.99487595,9.811050934,"BrokstedterAu, Brokstedt",Germany,88.49308369,2060024230,2,2,train
camelsde_DEF10710,camelsde,1827,53.69714341,10.2158504,"Hunnau, Bünningstedt",Germany,49.73450902,2060024170,2,2,train
camelsde_DEF10720,camelsde,1827,54.36814406,9.74561441,"Schirnau, Bünsdorf",Germany,49.42134428374384,2060024230,2,2,train
camelsde_DEF10830,camelsde,1827,54.10341828,9.191047361,"Dellbrückau, Dellbrück",Germany,16.411853782508473,2060024230,2,2,train
camelsde_DEF10920,camelsde,1827,54.00590334,9.522902138,"Bekau, Dragerborn2",Germany,38.849071043646326,2060024230,2,2,train
camelsde_DEF10930,camelsde,1827,54.59548962,9.035566993,"Ostenau, Drelsdorf",Germany,74.59146451106778,2060024230,2,2,train
camelsde_DEF10980,camelsde,1827,54.61607526,9.376073945,"Treene, Eggebek",Germany,187.85390349521924,2060024230,2,2,train
camelsde_DEF11020,camelsde,1827,54.18978613,10.05532784,"Eider, Eiderkaten",Germany,90.70075512243864,2060025270,1,1,val
camelsde_DEF11050,camelsde,1827,54.59046272,9.447242351,"BollingstedterAu, Engbrück",Germany,82.82472625978048,2060024230,2,2,train
camelsde_DEF11060,camelsde,1827,54.54260947,9.341438045,"Jübek, Esperstoft",Germany,25.7379766,2060024230,2,2,train
camelsde_DEF11070,camelsde,1827,54.57850433,9.365950215,"BollingstedterAu, Esperstoftfeld",Germany,105.98653767388834,2060024230,2,2,train
camelsde_DEF11240,camelsde,1827,54.24142249,10.05122833,"Eider, Flintbek",Germany,113.6586711,2060025270,1,1,val
camelsde_DEF11250,camelsde,1827,53.92578704,9.787522276,"Bramau, FöhrdenBarl",Germany,461.32615981150377,2060024230,2,2,train
camelsde_DEF11280,camelsde,1827,54.486182,9.343499286,"SilberstedterAu, Friedrichsfeld",Germany,66.90745991108942,2060024230,2,2,train
camelsde_DEF11300,camelsde,1827,53.52519323,10.35524422,"SchwarzeAu, Friedrichsruh",Germany,70.98477227679012,2060024170,2,2,train
camelsde_DEF11310,camelsde,1827,54.37482173,9.083144397,"Treene, FriedrichstadtEidermühle",Germany,785.3020226453676,2060024230,2,2,train
camelsde_DEF11320,camelsde,1827,54.37171744,9.088279422,"Ostersielzug, FriedrichstadtSpülschleuse",Germany,875.6766014,2060024230,2,2,train
camelsde_DEF11360,camelsde,1827,54.53581302,9.642505998,"FüsingerAu, Füsing",Germany,228.0352266591509,2060025270,1,1,val
camelsde_DEF11430,camelsde,1827,54.84214136,9.542206223,"Schwennau, Glücksburg",Germany,30.50645903771539,2060025270,1,1,val
camelsde_DEF11570,camelsde,1827,53.81404673,9.709225691,"Offenau, GrOffenseht",Germany,9.538909568,2060024180,2,2,train
camelsde_DEF11730,camelsde,1827,53.6404241,9.824322768,"Düpenau, Halstenbek",Germany,42.234392827685305,2060024180,2,2,train
camelsde_DEF11760,camelsde,1827,53.60550747,10.43435398,"Bille, Hamfelde",Germany,73.17304809,2060024170,2,2,train
camelsde_DEF11770,camelsde,1827,54.28601663,10.07314831,"Eider, Hammer",Germany,138.07380599500496,2060025270,1,1,val
camelsde_DEF11780,camelsde,1827,54.15177768,10.84706698,"KremperAu, HasselburgerMuehle",Germany,31.17516755,2060025270,1,1,val
camelsde_DEF11900,camelsde,1827,53.75738036,9.898674901,"Pinnau, Hohenhorst",Germany,32.43562047362181,2060024180,2,2,train
camelsde_DEF12040,camelsde,1827,54.09867987,9.769996473,"BuckenerAu, Innien",Germany,61.29886834344372,2060024230,2,2,train
camelsde_DEF12080,camelsde,1827,54.5503717,9.079450406,"Arlau, Jägerkrug",Germany,109.38840408481528,2060024230,2,2,train
camelsde_DEF12090,camelsde,1827,54.22969697,9.632496233,"Jevenau, Jevenstedt",Germany,101.08738584406083,2060024230,2,2,train
camelsde_DEF12170,camelsde,1827,53.94689277,9.725967572,"Stör, KellinghusenParkplatz",Germany,670.4460383024553,2060024230,2,2,train
camelsde_DEF12200,camelsde,1827,54.06947492,10.65553338,"Schwartau, Kesdorf",Germany,57.294453,2060025270,1,1,val
camelsde_DEF12210,camelsde,1827,54.32337774,10.2038327,"Schwentine, KielOppendorf",Germany,715.3200405665311,2060025270,1,1,val
camelsde_DEF12330,camelsde,1827,53.75990441,9.720599878,"EkholterAu, Kölln",Germany,37.49341408629012,2060024180,2,2,train
camelsde_DEF12340,camelsde,1827,53.76639548,9.708300997,"Krückau, KöllnReisiekA23",Germany,130.07637589276283,2060024180,2,2,train
camelsde_DEF12450,camelsde,1827,53.79552476,9.844698814,"Krückau, Langeln",Germany,36.531821225810624,2060024180,2,2,train
camelsde_DEF12540,camelsde,1827,54.77067401,8.976108631,"LeckerAu, Leck",Germany,138.9103649925577,2060024230,2,2,train
camelsde_DEF12650,camelsde,1827,54.33259528,11.04150848,"GodderstorferAu, Löhrstorf",Germany,51.09999976972616,2060025270,1,1,val
camelsde_DEF12680,camelsde,1827,53.84710479,10.64157611,"Trave, LübeckMoisling",Germany,908.5897888521164,2060025270,1,1,val
camelsde_DEF12720,camelsde,1827,54.68415878,9.0183341,"KleineAu, Lütjenholm",Germany,39.95720511,2060024230,2,2,train
camelsde_DEF12730,camelsde,1827,54.79873733,9.109677783,"LeckerAu, Lütjenhorn",Germany,33.53148158028329,2060024230,2,2,train
camelsde_DEF12770,camelsde,1827,53.96469316,10.66697268,"Curau, Malkendorf",Germany,49.38073350529204,2060025270,1,1,val
camelsde_DEF12830,camelsde,1827,54.01387169,9.440944309,"Stegau, Mehlbek2",Germany,29.14591360415529,2060024230,2,2,train
camelsde_DEF12840,camelsde,1827,54.09166304,9.041219804,"Miele, Meldorf",Germany,221.3751704277075,2060024230,2,2,train
camelsde_DEF12940,camelsde,1827,54.70770018,9.523183796,"Bondenau, Mühlenbrück",Germany,75.85114911242852,2060024230,2,2,train
camelsde_DEF12960,camelsde,1827,53.7718084,10.12437012,"Alster, Naherfurth",Germany,85.28843746,2060024170,2,2,train
camelsde_DEF13040,camelsde,1827,54.72153795,9.112838273,"Rodau, Neuhörup",Germany,48.44175001671671,2060024230,2,2,train
camelsde_DEF13080,camelsde,1827,54.74668532,9.804083204,"Lippingau, Niesgrau",Germany,42.23135155,2060025270,1,1,val
camelsde_DEF13110,camelsde,1827,53.65973049,10.58005892,"Steinau, Nusse",Germany,65.99568375,2060025270,1,1,val
camelsde_DEF13120,camelsde,1827,53.82697835,10.3359009,"Trave, Nütschau",Germany,493.99098662317454,2060025270,1,1,val
camelsde_DEF13130,camelsde,1827,54.69503907,9.581979682,"MühlenstromBondenau, Obdrup",Germany,13.819943779305902,2060024230,2,2,train
camelsde_DEF13180,camelsde,1827,53.81275969,10.37000328,"Trave, OldesloeOP",Germany,541.013756656829,2060025270,1,1,val
camelsde_DEF13210,camelsde,1827,53.80536457,10.372116,"Beste, Oldesloe3Stadtpark",Germany,209.2296457607523,2060025270,1,1,val
camelsde_DEF13240,camelsde,1827,54.28467471,9.702339596,"Wehrau, OsterrönfeldWehrau",Germany,112.52872314237956,2060024230,2,2,train
camelsde_DEF13250,camelsde,1827,54.05103013,9.916700634,"Stör, Padenstedt",Germany,204.42124803584548,2060024230,2,2,train
camelsde_DEF13390,camelsde,1827,53.47678618,10.61283935,"Steinau, Pötrau",Germany,93.34260336021916,2060024170,2,2,train
camelsde_DEF13410,camelsde,1827,54.23545956,10.28444923,"Schwentine, Preetz",Germany,415.8528675891524,2060025270,1,1,val
camelsde_DEF13450,camelsde,1827,53.79557222,10.35740316,"Beste, QuellenthalBeste",Germany,139.14240396485636,2060025270,1,1,val
camelsde_DEF13480,camelsde,1827,54.23552174,10.51583599,"Kossau, Rantzau",Germany,70.48600661678816,2060025270,1,1,val
camelsde_DEF13490,camelsde,1827,53.70672269,9.783077426,"Bilsbek, Rantzel",Germany,34.14804331,2060024180,2,2,train
camelsde_DEF13560,camelsde,1827,53.50542675,10.24090568,"Bille, Reinbek",Germany,342.29620944853195,2060024170,2,2,train
camelsde_DEF13580,camelsde,1827,53.65810841,9.848274306,"MühlenauRellingen, Rellingen",Germany,76.19232788593071,2060024180,2,2,train
camelsde_DEF13590,camelsde,1827,53.72265443,9.87476138,"Pinnau, Renzel",Germany,69.48369277198918,2060024180,2,2,train
camelsde_DEF13620,camelsde,1827,54.00302244,9.602629461,"Rantzau, Ridders",Germany,23.22469091,2060024230,2,2,train
camelsde_DEF13680,camelsde,1827,53.54249167,10.29909671,"Bille, Sachsenwaldau",Germany,234.7282529816973,2060024170,2,2,train
camelsde_DEF13710,camelsde,1827,54.03419435,9.815755337,"Bünzau, Sarlhusen",Germany,219.44485148149,2060024230,2,2,train
camelsde_DEF13760,camelsde,1827,53.95789709,10.28176934,"Trave, Schackendorf",Germany,347.37404548250737,2060025270,1,1,val
camelsde_DEF13790,camelsde,1827,54.07626773,9.293017319,"MühlenbachSchafstedt, Schafstedt",Germany,22.138041634164548,2060024230,2,2,train
camelsde_DEF13850,camelsde,1827,54.68419376,8.760818669,"BongsielerKanal, SchlüttsielBP",Germany,740.6151766940048,2060024230,2,2,train
camelsde_DEF13980,camelsde,1827,54.00855764,10.67554726,"Schwartau, Schulendorf",Germany,135.41905754407003,2060025270,1,1,val
camelsde_DEF14050,camelsde,1827,53.81331118,10.41844419,"Trave, Sehmsdorf",Germany,754.9373257178466,2060025270,1,1,val
camelsde_DEF14080,camelsde,1827,54.19622431,10.55666083,"MalenterAu, Sieversdorf",Germany,44.55076474048023,2060025270,1,1,val
camelsde_DEF14090,camelsde,1827,54.25569101,10.87099176,"Johannisbek, Sipsdorf",Germany,38.418017769055766,2060025270,1,1,val
camelsde_DEF14100,camelsde,1827,54.69975925,9.022825556,"SoholmerAu, Soholm",Germany,340.29519083069977,2060024230,2,2,train
camelsde_DEF14120,camelsde,1827,54.58235482,9.313269984,"Jerrisbek, Sollerupmühle",Germany,87.28390557344451,2060024230,2,2,train
camelsde_DEF14130,camelsde,1827,54.70950401,9.495998777,"Kielstau, Soltfeld",Germany,49.18571222554135,2060024230,2,2,train
camelsde_DEF14170,camelsde,1827,54.35653564,9.554734701,"Sorge, Sorgbrück",Germany,142.22294222919982,2060024230,2,2,train
camelsde_DEF14200,camelsde,1827,54.03173886,9.161374921,"Panzergraben, Spersdiek",Germany,10.902187792346847,2060024230,2,2,train
camelsde_DEF14320,camelsde,1827,54.68428037,9.921250113,"Grimsau, Stutebüll",Germany,24.23644490754111,2060025270,1,1,val
camelsde_DEF14350,camelsde,1827,54.19855167,9.372349606,"Süderau, Süderrade",Germany,10.35707347,2060024230,2,2,train
camelsde_DEF14440,camelsde,1827,54.12838288,9.546953853,"TodenbüttelerAu, Todenbüttel",Germany,87.46531909822139,2060024230,2,2,train
camelsde_DEF14500,camelsde,1827,54.51434765,9.317290713,"Treene, Treia",Germany,480.6343063979618,2060024230,2,2,train
camelsde_DEF14550,camelsde,1827,53.60561855,10.41748993,"TrittauerMühlenbach, Trittau",Germany,72.11058063290763,2060024170,2,2,train
camelsde_DEF14580,camelsde,1827,54.0860229,10.01393808,"Dosenbek, Tungendorf",Germany,28.01394025708681,2060024230,2,2,train
camelsde_DEF14770,camelsde,1827,53.58642933,9.724186767,"WedelerAu, Wedel1",Germany,30.926259511371136,2060024180,2,2,train
camelsde_DEF14820,camelsde,1827,54.30772535,10.78521037,"OldenburgerGraben, WeißenhausBP",Germany,120.8745166,2060025270,1,1,val
camelsde_DEF14840,camelsde,1827,54.13283958,9.32356622,"Gieselau, Wennbüttel",Germany,35.06254636088447,2060024230,2,2,train
camelsde_DEF14890,camelsde,1827,54.58707979,9.684505693,"LoiterAu, Westerakeby",Germany,201.8422489609155,2060025270,1,1,val
camelsde_DEF14940,camelsde,1827,54.00959082,9.806865989,"Stör, Willenscharen",Germany,521.9469353405384,2060024230,2,2,train
camelsde_DEF14990,camelsde,1827,53.4539304,10.59908087,"Linau, Witzeeze",Germany,105.60975027177436,2060024170,2,2,train
camelsde_DEF15060,camelsde,1827,53.71850538,10.11564341,"Alster, Wulksfelde",Germany,141.73093176447745,2060024170,2,2,train
camelsde_DEF15070,camelsde,1827,53.86930302,10.52123846,"Heilsau, Zarpen",Germany,56.21506892,2060025270,1,1,val
camelsde_DEF15080,camelsde,1827,53.80630236,10.58545986,"Grinau, Ziegelhof",Germany,30.64177759100513,2060025270,1,1,val
camelsde_DEG10000,camelsde,1827,51.23172651,10.44699276,"Unstrut, Ammern",Germany,183.7076370992145,2060024170,2,2,train
camelsde_DEG10010,camelsde,1827,51.37870892,9.970427917,"Leine, Arenshausen",Germany,271.51334591231625,2060023940,3,3,train
camelsde_DEG10020,camelsde,1827,50.8091063,10.93302176,"Gera, Arnstadt",Germany,174.373563617145,2060024170,2,2,train
camelsde_DEG10030,camelsde,1827,50.75085718,12.15798864,"Weiße Elster, Berga",Germany,1380.521028410269,2060024170,2,2,train
camelsde_DEG10050,camelsde,1827,51.45040696,10.59276553,"Bode, Bleicherode",Germany,103.68385935762592,2060024170,2,2,train
camelsde_DEG10060,camelsde,1827,50.76104866,10.3241237,"Werra, Breitungen",Germany,1766.4294089535665,2060023940,3,3,train
camelsde_DEG10070,camelsde,1827,51.07214606,11.69374299,"Saale, Camburg-Stöben",Germany,3964.4219802955313,2060024170,2,2,train
camelsde_DEG10080,camelsde,1827,50.44790053,10.6782929,"Werra, Ebenhards",Germany,219.36913773164449,2060023940,3,3,train
camelsde_DEG10090,camelsde,1827,50.88769636,10.98537038,"Wipfra, Eischleben",Germany,162.49715459022926,2060024170,2,2,train
camelsde_DEG10100,camelsde,1827,50.98034416,10.3448833,"Nesse, Eisenach-Nessemühle",Germany,397.7247015067625,2060023940,3,3,train
camelsde_DEG10110,camelsde,1827,50.97477117,10.34386764,"Hörsel, Eisenach-Petersberg",Germany,329.1259111703746,2060023940,3,3,train
camelsde_DEG10120,camelsde,1827,50.76490099,12.03159288,"Auma, Eisenhammer",Germany,136.43621467855647,2060024170,2,2,train
camelsde_DEG10130,camelsde,1827,50.41816952,10.89749312,"Werra, Eisfeld.Bahnbrücke",Germany,51.68048966711011,2060023940,3,3,train
camelsde_DEG10140,camelsde,1827,50.54517754,10.47524649,"Hasel, Ellingshausen",Germany,320.3902542599258,2060023940,3,3,train
camelsde_DEG10150,camelsde,1827,50.92476633,10.98761718,"Gera, Erfurt-Möbisburg",Germany,843.9160937340894,2060024170,2,2,train
camelsde_DEG10160,camelsde,1827,51.09633779,10.27401042,"Werra, Frankenroda",Germany,4202.947036633636,2060023940,3,3,train
camelsde_DEG10170,camelsde,1827,50.76014055,11.54314147,"Orla, Freienorla",Germany,254.9358488285054,2060024170,2,2,train
camelsde_DEG10180,camelsde,1827,50.68399708,10.78206099,"Wilde Gera, Gehlberg",Germany,12.748723903607512,2060024170,2,2,train
camelsde_DEG10200,camelsde,1827,50.83041686,10.66255133,"Apfelstädt, Georgenthal1",Germany,82.55583263560546,2060024170,2,2,train
camelsde_DEG10210,camelsde,1827,50.91154822,12.04449013,"Weiße Elster, Gera-Langenberg",Germany,2181.758142967214,2060024170,2,2,train
camelsde_DEG10220,camelsde,1827,50.71206662,10.82967184,"Zahme Gera, Geraberg",Germany,18.329611409736074,2060024170,2,2,train
camelsde_DEG10230,camelsde,1827,50.96141077,10.07132665,"Werra, Gerstungen",Germany,3034.0921390405647,2060023940,3,3,train
camelsde_DEG10240,camelsde,1827,50.89104482,12.43053161,"Pleiße, Gößnitz",Germany,291.8658311062686,2060024170,2,2,train
camelsde_DEG10250,camelsde,1827,50.69748441,11.01835028,"Ilm, Gräfinau-Angstedt",Germany,162.2719063642223,2060024170,2,2,train
camelsde_DEG10260,camelsde,1827,50.65574015,12.19873697,"Weiße Elster, Greiz",Germany,1251.28616342795,2060024170,2,2,train
camelsde_DEG10270,camelsde,1827,50.91805916,12.38715044,"Sprotte, Großstöbnitz",Germany,153.47484396533446,2060024170,2,2,train
camelsde_DEG10280,camelsde,1827,51.34709766,10.97328481,"Wipper, Hachelbich",Germany,522.3282725326292,2060024170,2,2,train
camelsde_DEG10290,camelsde,1827,51.37813491,10.12792679,"Leine, Heiligenstadt",Germany,138.7358218230736,2060023940,3,3,train
camelsde_DEG10300,camelsde,1827,50.51863582,10.79307803,"Nahe, Hinternah",Germany,36.43633336036008,2060023940,3,3,train
camelsde_DEG10310,camelsde,1827,51.59766596,10.78592141,"Bere, Ilfeld",Germany,62.476458841741845,2060024170,2,2,train
camelsde_DEG10320,camelsde,1827,50.91997532,10.9555128,"Apfelstädt, Ingersleben",Germany,374.05195874899874,2060024170,2,2,train
camelsde_DEG10330,camelsde,1827,50.55851528,11.05792773,"Schwarza, Katzhütte",Germany,122.71960898235491,2060024170,2,2,train
camelsde_DEG10340,camelsde,1827,50.61389609,11.44226518,"Saale, Kaulsdorf",Germany,1660.2978831949888,2060024170,2,2,train
camelsde_DEG10350,camelsde,1827,50.60195797,11.4449399,"Loquitz, Kaulsdorf-Eichicht",Germany,361.1485689165977,2060024170,2,2,train
camelsde_DEG10360,camelsde,1827,50.63057179,11.9168092,"Weida, Läwitz",Germany,101.61688129555156,2060024170,2,2,train
camelsde_DEG10370,camelsde,1827,50.57424271,10.41531153,"Werra, Meiningen",Germany,1161.975689037089,2060023940,3,3,train
camelsde_DEG10380,camelsde,1827,50.94208847,11.38783568,"Ilm, Mellingen",Germany,627.6469073103541,2060024170,2,2,train
camelsde_DEG10390,camelsde,1827,50.71794842,10.39464661,"Schmalkalde, Mittelschmalkalden",Germany,151.9202135275314,2060023940,3,3,train
camelsde_DEG10400,camelsde,1827,50.56798644,11.74923139,"Wisenta, Möschlitz",Germany,156.71262101210948,2060024170,2,2,train
camelsde_DEG10410,camelsde,1827,50.29691783,11.14606002,"Steinach, Mupperg",Germany,134.12365368786314,2060023010,1,1,val
camelsde_DEG10420,camelsde,1827,51.10654734,10.71121072,"Unstrut, Nägelstedt",Germany,707.4084068964145,2060024170,2,2,train
camelsde_DEG10430,camelsde,1827,51.0718414,11.57931413,"Ilm, Niedertrebra",Germany,892.877304733438,2060024170,2,2,train
camelsde_DEG10440,camelsde,1827,51.50674624,10.78383345,"Zorge, Nordhausen",Germany,300.8585856344195,2060024170,2,2,train
camelsde_DEG10450,camelsde,1827,51.30138667,11.18004868,"Unstrut, Oldisleben",Germany,4158.652992737173,2060024170,2,2,train
camelsde_DEG10460,camelsde,1827,50.52491424,11.39056752,"Loquitz, Probstzella",Germany,83.36341678928086,2060024170,2,2,train
camelsde_DEG10470,camelsde,1827,50.49645155,10.72496486,"Schleuse, Rappelsdorf",Germany,253.69215597882223,2060023940,3,3,train
camelsde_DEG10480,camelsde,1827,50.84773911,11.6054737,"Saale, Rothenstein",Germany,3344.1336142302644,2060024170,2,2,train
camelsde_DEG10490,camelsde,1827,50.71656765,11.33350932,"Saale, Rudolstadt",Germany,2671.105306341378,2060024170,2,2,train
camelsde_DEG10500,camelsde,1827,50.6706682,11.35544867,"Saale, Saalfeld-Remschütz",Germany,2116.67914567604,2060024170,2,2,train
camelsde_DEG10510,camelsde,1827,50.50887893,10.74623533,"Nahe, Schleusingen",Germany,113.2316959066488,2060023940,3,3,train
camelsde_DEG10520,camelsde,1827,50.64757222,11.19033541,"Schwarza, Schwarzburg",Germany,339.8313884385102,2060024170,2,2,train
camelsde_DEG10530,camelsde,1827,50.43045862,11.15885232,"Steinach, Steinach",Germany,37.48385350095793,2060023010,1,1,val
camelsde_DEG10540,camelsde,1827,51.15235808,10.98547057,"Unstrut, Straußfurt",Germany,2034.2918107463083,2060024170,2,2,train
camelsde_DEG10550,camelsde,1827,50.60849166,10.68114583,"Lauter, Suhl",Germany,41.19999212410918,2060023940,3,3,train
camelsde_DEG10560,camelsde,1827,51.46773465,10.80972513,"Helme, Sundhausen",Germany,199.1222669869868,2060024170,2,2,train
camelsde_DEG10580,camelsde,1827,50.80698623,9.976700944,"Ulster, Unterbreizbach-Räsa",Germany,400.651284387724,2060023940,3,3,train
camelsde_DEG10590,camelsde,1827,50.83397921,10.04767288,"Werra, Vacha",Germany,2237.260553770428,2060023940,3,3,train
camelsde_DEG10600,camelsde,1827,51.25706895,10.89145914,"Helbe, Wasserthaleben",Germany,371.0545142697907,2060024170,2,2,train
camelsde_DEG10610,camelsde,1827,50.76156031,12.06199714,"Weida, Weida",Germany,296.0162282414433,2060024170,2,2,train
camelses_1268,camelses,1735,43.1902,-4.3626,PUENTELLES,Spain,649.366903463531,2060019830,1,1,val
camelses_1424,camelses,1735,43.1046,-7.1157,RIBEIRA DE PIQUIN,Spain,347.39152706184024,2060019780,2,2,train
camelses_1431,camelses,1735,43.2836,-7.2009,MASMA,Spain,144.9668651752648,2060019420,0,0,test
camelses_1433,camelses,1735,43.3325,-7.224,SAN ACISCLO,Spain,162.88088519475784,2060019420,0,0,test
camelses_1438,camelses,1735,43.3706,-7.3529,CHAVIN,Spain,198.65703359171133,2060019310,1,1,val
camelses_1443,camelses,1735,43.3822,-7.5432,SANTA MARIA DE MERA,Spain,110.69471512732451,2060019310,1,1,val
camelses_1520,camelses,1735,42.5832,-8.2401,CAROLLO,Spain,559.2319738692582,2060019410,3,3,train
camelses_1540,camelses,1735,42.4949,-8.3855,VIDALOISO (BASTABALES),Spain,139.6375360462251,2060019320,4,4,train
camelses_1544,camelses,1735,42.5048,-8.0131,A PONTE NOVA,Spain,521.1521532578075,2060019310,1,1,val
camelses_1546,camelses,1735,42.464,-8.0607,PONTE CIRELA,Spain,331.0511310646614,2060019310,1,1,val
camelses_1552,camelses,1735,42.4638,-8.2015,PUENTE CIRA,Spain,543.2971277019086,2060019310,1,1,val
camelses_1585,camelses,1735,42.2325,-8.3001,PONTECALDELAS,Spain,102.02431548084694,2060019310,1,1,val
camelses_1605,camelses,1735,43.1005,-7.3252,PONTEVILAR,Spain,638.7523155586032,2060019310,1,1,val
camelses_1619,camelses,1735,43.0855,-7.4124,BEGONTE,Spain,838.6013753939361,2060019310,1,1,val
camelses_1620,camelses,1735,43.04,-7.3848,GONDAY,Spain,191.19634997484349,2060019310,1,1,val
camelses_1622,camelses,1735,43.0129,-7.3515,LUGO,Spain,2203.7746824659903,2060019310,1,1,val
camelses_1624,camelses,1735,42.5219,-7.3139,"PARAMO, EL",Spain,829.8806851646323,2060019310,1,1,val
camelses_1638,camelses,1735,42.2612,-8.0453,CARBALLINO,Spain,132.77271409463611,2060019310,1,1,val
camelses_1647,camelses,1735,42.0359,-8.381,TUY,Spain,146.52681403548664,2060019310,1,1,val
camelses_1659,camelses,1735,42.1506,-8.0815,ARNOYA,Spain,734.7378068994753,2060019310,1,1,val
camelses_1715,camelses,1735,42.4106,-6.1733,BOEZA,Spain,105.80981649135848,2060019150,3,3,train
camelses_1721,camelses,1735,42.3559,-6.4337,CACABELOS,Spain,540.5856405489537,2060019150,3,3,train
camelses_1723,camelses,1735,42.4528,-6.3854,FABERO,Spain,218.14411187206807,2060019310,1,1,val
camelses_1725,camelses,1735,42.4229,-6.4645,VEGUELLINA,Spain,117.65444201612748,2060019150,3,3,train
camelses_1726,camelses,1735,42.3621,-6.4902,VILLAFRANCA DEL BIERZO,Spain,432.44943080020704,2060019310,1,1,val
camelses_1728,camelses,1735,42.3031,-6.4926,REQUEJO,Spain,3097.2427694061644,2060019310,1,1,val
camelses_1729,camelses,1735,42.3201,-6.5724,OENCIA,Spain,111.84996750089998,2060019310,1,1,val
camelses_1734,camelses,1735,42.2453,-6.4838,PUENTE DE DOMINGO FLOREZ,Spain,556.7927848108911,2060019150,3,3,train
camelses_1753,camelses,1735,42.2743,-7.205,PARADA,Spain,365.799173909781,2060019310,1,1,val
camelses_1765,camelses,1735,42.3318,-7.2842,RIVAS ALTAS,Spain,354.105084945674,2060019310,1,1,val
camelses_1823,camelses,1735,42.0615,-8.3024,BOUZA DO VISO,Spain,399.1930278932125,2060019310,1,1,val
camelses_1824,camelses,1735,42.5305,-7.422,GUNTIN,Spain,165.1582457001432,2060019310,1,1,val
camelses_1829,camelses,1735,42.1204,-7.5812,PUENTE FREIJO,Spain,530.8788262125581,2060019160,0,0,test
camelses_2000,camelses,1735,41.5441,-2.4527,VINUESA,Spain,103.62727674196842,2060019150,3,3,train
camelses_2005,camelses,1735,41.3432,-3.0502,OSMA,Spain,895.1191410755607,2060019150,3,3,train
camelses_2012,camelses,1735,41.1802,-3.4416,SEPULVEDA,Spain,466.9382801910118,2060018840,3,3,train
camelses_2013,camelses,1735,41.3914,-3.405,ARANDA DE DUERO,Spain,7435.84352856898,2060019150,3,3,train
camelses_2015,camelses,1735,41.3354,-4.3959,HERRERA DE DUERO,Spain,12721.638439785174,2060019150,3,3,train
camelses_2016,camelses,1735,41.1002,-3.5117,PAJARES DE PEDRAZA,Spain,281.2343762173682,2060018840,3,3,train
camelses_2017,camelses,1735,41.3028,-3.0611,NAVAPALOS,Spain,6390.253514637655,2060019150,3,3,train
camelses_2025,camelses,1735,41.4203,-4.2852,VILLANUEVA DE LOS INFANTES,Spain,855.443098299334,2060019150,3,3,train
camelses_2026,camelses,1735,42.2524,-4.2507,ABIA DE LAS TORRES,Spain,637.6873358959995,2060019150,3,3,train
camelses_2028,camelses,1735,42.0204,-3.164,SALAS DE LOS INFANTES,Spain,357.47384504810265,2060019150,3,3,train
camelses_2029,camelses,1735,42.075,-4.1458,CORDOVILLA,Spain,4213.031122944136,2060019150,3,3,train
camelses_2030,camelses,1735,42.0314,-3.3031,COVARRUBIAS,Spain,1204.1213916067286,2060019150,3,3,train
camelses_2031,camelses,1735,42.0444,-4.0446,PERAL DE ARLANZA,Spain,2406.7179504540604,2060019150,3,3,train
camelses_2036,camelses,1735,42.0322,-4.1426,QUINTANA DEL PUENTE,Spain,5196.390950738028,2060019150,3,3,train
camelses_2041,camelses,1735,42.192,-4.3126,VILLALCAZAR DE SIRGA,Spain,318.54683960325474,2060019150,3,3,train
camelses_2043,camelses,1735,41.4428,-4.3821,CABEZON DE PISUERGA,Spain,14241.592410836996,2060019150,3,3,train
camelses_2046,camelses,1735,40.3859,-4.4226,AVILA,Spain,762.0691819399445,2060018840,3,3,train
camelses_2047,camelses,1735,40.4301,-4.3221,MEDIANA DE VOLTOYA,Spain,131.0973060945476,2060018840,3,3,train
camelses_2049,camelses,1735,41.4947,-3.4726,CABAÑES DE ESGUEVA,Spain,269.66228828395083,2060019150,3,3,train
camelses_2050,camelses,1735,40.5707,-4.0847,SEGOVIA,Spain,245.6866780066543,2060018840,3,3,train
camelses_2053,camelses,1735,41.0921,-4.2041,BERNARDOS,Spain,1449.9351242537032,2060019150,3,3,train
camelses_2054,camelses,1735,41.3015,-4.555,SAN MIGUEL DEL PINO,Spain,36596.01003638791,2060019150,3,3,train
camelses_2055,camelses,1735,40.4623,-4.1433,SAN RAFAEL,Spain,174.6855652546517,2060018840,3,3,train
camelses_2056,camelses,1735,41.2925,-4.4612,VALDESTILLAS,Spain,5249.910387186243,2060019150,3,3,train
camelses_2057,camelses,1735,41.0647,-4.0728,VILLOVELA DE PIRON,Spain,200.31206320553784,2060019150,3,3,train
camelses_2060,camelses,1735,42.1454,-5.4945,CEBRONES DEL RIO,Spain,3208.709154564672,2060019150,3,3,train
camelses_2061,camelses,1735,42.302,-5.5242,SANTA MARINA DEL REY,Spain,1518.1805842094927,2060019150,3,3,train
camelses_2062,camelses,1735,41.3054,-5.2446,TORO-DUERO,Spain,41660.6881373909,2060019150,3,3,train
camelses_2074,camelses,1735,41.5827,-5.3812,CASTROPEPE,Spain,6786.387385099078,2060019150,3,3,train
camelses_2082,camelses,1735,42.0328,-5.454,MORALES DEL REY,Spain,636.4312415841147,2060019150,3,3,train
camelses_2089,camelses,1735,42.1321,-6.1509,MORLA DE LA VALDERIA,Spain,280.9050505520321,2060019150,3,3,train
camelses_2098,camelses,1735,42.5606,-5.3928,VILLAMANIN,Spain,130.06853420169907,2060019150,3,3,train
camelses_2101,camelses,1735,41.532,-2.4709,MOLINOS DE DUERO,Spain,133.2646866205151,2060019150,3,3,train
camelses_2104,camelses,1735,42.3648,-5.0219,VILLAVERDE DE ARCAYOS,Spain,454.200271789947,2060019150,3,3,train
camelses_2105,camelses,1735,42.1257,-5.0548,SANTERVAS DE CAMPOS,Spain,278.30903584124576,2060019150,3,3,train
camelses_2113,camelses,1735,42.021,-6.16,STA. EULALIA DE RIONEGRO,Spain,375.8629365670774,2060019150,3,3,train
camelses_2114,camelses,1735,41.1238,-4.3154,COCA-VOLTOYA,Spain,1009.2760984929912,2060019150,3,3,train
camelses_2115,camelses,1735,42.3537,-5.3442,LEON,Spain,538.6089587588948,2060019150,3,3,train
camelses_2116,camelses,1735,42.1519,-3.5541,CELADA DEL CAMINO,Spain,1766.1379307384757,2060019150,3,3,train
camelses_2121,camelses,1735,41.3043,-5.4321,ZAMORA,Spain,46161.76876082816,2060019150,3,3,train
camelses_2126,camelses,1735,41.462,-5.2955,VILLARDIGA,Spain,1327.53545728668,2060019150,3,3,train
camelses_2131,camelses,1735,42.4551,-4.1448,VILLAESCUSA DE LAS TORRES,Spain,376.56413942120247,2060019150,3,3,train
camelses_2132,camelses,1735,41.3742,-4.2141,QUINTANILLA DE ONESIMO,Spain,12157.161706809928,2060019150,3,3,train
camelses_2138,camelses,1735,42.4605,-5.5724,CASTRO DE LA LOMBA,Spain,275.81795367639666,2060019150,3,3,train
camelses_2139,camelses,1735,42.2053,-3.4414,BURGOS-ARLANZON,Spain,681.9244509362777,2060019150,3,3,train
camelses_2141,camelses,1735,42.0354,-3.194,PINILLA DE LOS MOROS,Spain,286.4315110718791,2060019150,3,3,train
camelses_2145,camelses,1735,42.0218,-5.4426,MANGANESES DE LA POLVOROSA,Spain,4393.472609286781,2060019150,3,3,train
camelses_2147,camelses,1735,42.4232,-5.2239,AMBASAGUAS,Spain,283.9270753621464,2060019150,3,3,train
camelses_2150,camelses,1735,42.4925,-5.3028,PARDAVE,Spain,256.8949107541771,2060019150,3,3,train
camelses_2156,camelses,1735,42.24,-5.5709,SAN FELIX DE LA VEGA,Spain,775.176067406656,2060019150,3,3,train
camelses_2163,camelses,1735,41.2959,-2.3037,ALMAZAN,Spain,2889.806181219029,2060017150,3,3,train
camelses_2711,camelses,1735,42.22,-5.3353,BENAMARIEL-2,Spain,3953.742166445638,2060019150,3,3,train
camelses_2712,camelses,1735,40.5452,-5.2145,ALCONADA,Spain,440.8859401930473,2060019150,3,3,train
camelses_2713,camelses,1735,42.1837,-5.5531,SANTIAGO DE LA VALDUERNA,Spain,306.48185056656075,2060019150,3,3,train
camelses_2716,camelses,1735,41.5954,-6.0105,CAMARZANA-REGATO,Spain,256.1873127234574,2060019150,3,3,train
camelses_2717,camelses,1735,41.5657,-5.5053,VILLAVEZA DE VALVERDE,Spain,185.058401629284,2060019150,3,3,train
camelses_2818,camelses,1735,41.5055,-7.2607,RABAL,Spain,724.8373916961634,2060019150,3,3,train
camelses_3001,camelses,1735,40.3539,-1.5555,PERALEJOS DE LAS TRUCHAS,Spain,410.8157887243936,2060017160,3,3,train
camelses_3005,camelses,1735,40.4146,-2.3509,TRILLO,Spain,3279.6420931218468,2060018840,3,3,train
camelses_3012,camelses,1735,39.5147,-4.1149,"PORTUSA, LA",Spain,27127.078933164525,2060018460,4,4,train
camelses_3014,camelses,1735,39.5518,-3.5216,PUENTE ALGODOR,Spain,23042.678035716217,2060018460,4,4,train
camelses_3030,camelses,1735,40.4945,-1.5755,VENTOSA,Spain,940.8569519618084,2060018840,3,3,train
camelses_3040,camelses,1735,40.2947,-2.0151,SANTA MARIA DEL VAL,Spain,115.15829086012523,2060017480,4,4,train
camelses_3045,camelses,1735,40.2637,-2.1841,PRIEGO (ESCABAS),Spain,329.4939623471142,2060018840,3,3,train
camelses_3049,camelses,1735,41.0311,-3.1951,MATALLANA,Spain,252.44045836046004,2060018840,3,3,train
camelses_3051,camelses,1735,40.3513,-3.33,ALGETE,Spain,2459.985519336438,2060018840,3,3,train
camelses_3052,camelses,1735,40.2343,-3.3034,MEJORADA DEL CAMPO,Spain,6913.143391417737,2060018840,3,3,train
camelses_3062,camelses,1735,40.2736,-3.2518,ESPINILLOS,Spain,3946.789610563289,2060018840,3,3,train
camelses_3100,camelses,1735,40.3741,-4.0021,VILLALBA,Spain,232.5978672875003,2060018840,3,3,train
camelses_3103,camelses,1735,40.1311,-3.5644,BATRES,Spain,943.8399014057158,2060018840,3,3,train
camelses_3144,camelses,1735,40.1014,-6.0612,"VILLAR, EL",Spain,389.9135767038002,2060018840,3,3,train
camelses_3146,camelses,1735,40.0641,-5.5645,"TORNO, EL",Spain,314.2778902230889,2060018840,3,3,train
camelses_3161,camelses,1735,40.0905,-5.0244,ARENAS DE SAN PEDRO,Spain,785.4982499303741,2060018840,3,3,train
camelses_3163,camelses,1735,39.4854,-6.5901,PIEDRAS ALBAS,Spain,982.1509881513882,2060018840,3,3,train
camelses_3165,camelses,1735,41.0806,-3.1138,VALVERDE DE LOS ARROYOS,Spain,279.6506027073989,2060018840,3,3,train
camelses_3168,camelses,1735,39.3948,-5.5734,MONROY,Spain,780.1895606981316,2060018840,3,3,train
camelses_3169,camelses,1735,39.3427,-6.595,MEMBRIO,Spain,1966.0721507416065,2060018460,4,4,train
camelses_3174,camelses,1735,40.0812,-3.3451,PUENTE TITULCIA,Spain,8793.558518516533,2060018840,3,3,train
camelses_3180,camelses,1735,40.2441,-4.1921,SAN MARTIN DE VALDEIGLESIAS,Spain,632.8070162119355,2060018840,3,3,train
camelses_3182,camelses,1735,40.3006,-5.5647,GARCIBUEY,Spain,372.533664996985,2060019150,3,3,train
camelses_3184,camelses,1735,39.5559,-5.5417,"BAZAGONA, LA",Spain,4041.617059389904,2060018840,3,3,train
camelses_3186,camelses,1735,40.2529,-2.1935,PRIEGO-TRABAQUE,Spain,388.787674078938,2060018840,3,3,train
camelses_3193,camelses,1735,40.281,-3.2513,TOROTE,Spain,255.94297091974707,2060018840,3,3,train
camelses_3198,camelses,1735,40.2211,-4.0812,VILLAMANTILLA,Spain,261.7865725504186,2060018840,3,3,train
camelses_3200,camelses,1735,40.2528,-6.0051,SOTOSERRANO,Spain,236.5703679707555,2060018840,3,3,train
camelses_3211,camelses,1735,39.4616,-4.3401,VILLAREJO DE MONTALBAN,Spain,136.19444510983433,2060018460,4,4,train
camelses_3212,camelses,1735,39.5506,-4.3455,MALPICA,Spain,410.8663679667279,2060018840,3,3,train
camelses_3213,camelses,1735,39.462,-4.5049,ALCAUDETE DE LA JARA,Spain,188.53697491672563,2060018460,4,4,train
camelses_3217,camelses,1735,40.2534,-5.5338,HORCAJO DE MONTEMAYOR,Spain,176.87788495315982,2060019150,3,3,train
camelses_3218,camelses,1735,40.2907,-6.0024,MIRANDA DEL CASTAÑAR,Spain,102.4454668837767,2060018840,3,3,train
camelses_3220,camelses,1735,39.3003,-6.0658,SANTA MARTA DE MAGASCA,Spain,457.8011449712841,2060018840,3,3,train
camelses_3221,camelses,1735,39.4618,-5.3111,BOHONAL DE IBOR,Spain,267.4268786910025,2060018460,4,4,train
camelses_3222,camelses,1735,39.4538,-5.2511,PERALEDA DE SAN ROMAN,Spain,191.5097880444652,2060018460,4,4,train
camelses_3231,camelses,1735,40.2427,-4.4216,NAVALUENGA,Spain,697.1931673216567,2060018840,3,3,train
camelses_3234,camelses,1735,40.0021,-5.425,JARAIZ DE LA VERA,Spain,225.3343908439255,2060018840,3,3,train
camelses_3235,camelses,1735,40.2301,-6.1123,NUÑOMORAL,Spain,108.44753201622808,2060018840,3,3,train
camelses_3242,camelses,1735,40.181,-6.1552,CASAR DE PALOMERO,Spain,188.44519540009176,2060018840,3,3,train
camelses_3244,camelses,1735,39.4326,-5.3503,CAMPILLO DE DELEITOSA,Spain,139.14392361372515,2060018460,4,4,train
camelses_3246,camelses,1735,39.2004,-6.2916,AYUELA,Spain,315.0545362197316,2060018840,3,3,train
camelses_3250,camelses,1735,39.2727,-5.5533,TRUJILLO,Spain,163.27654164179796,2060018460,4,4,train
camelses_3256,camelses,1735,39.4429,-5.0329,ALDEANUEVA DE BARBARROYA,Spain,367.2521786404538,2060018460,4,4,train
camelses_3261,camelses,1735,40.0324,-5.2611,MAJADA,Spain,2133.295807308069,2060018840,3,3,train
camelses_3268,camelses,1735,40.4047,-1.5758,TARAVILLAS,Spain,185.175343288804,2060017160,3,3,train
camelses_3269,camelses,1735,40.3805,-2.3905,CERECEDA,Spain,105.61515396922545,2060018840,3,3,train
camelses_3276,camelses,1735,39.4811,-6.0131,TORREJON,Spain,158.71367096161546,2060018840,3,3,train
camelses_3278,camelses,1735,39.2759,-7.1224,VALENCIA DE ALCANTARA,Spain,168.07198263224777,2060018460,4,4,train
camelses_3279,camelses,1735,39.362,-5.5436,TRUJILLO,Spain,290.32655831620565,2060018460,4,4,train
camelses_5045,camelses,1735,37.103,-4.1,LOJA,Spain,4070.511155164712,2060018360,1,1,val
camelses_5145,camelses,1735,37.5112,-5.4359,"PEDROSO, EL",Spain,297.8210933871732,2060018360,1,1,val
camelses_8018,camelses,1735,39.5025,-1.0847,ZAGRA,Spain,3931.078567964488,2060017480,4,4,train
camelses_8028,camelses,1735,40.3653,-0.5833,VILLALBA ALTA,Spain,482.62125740323785,2060017160,3,3,train
camelses_8029,camelses,1735,38.5331,-0.2944,MONTABERNER,Spain,319.6969843576968,2060017490,1,1,val
camelses_8060,camelses,1735,39.2842,-1.07,REQUENA,Spain,704.2309842065969,2060017480,4,4,train
camelses_8087,camelses,1735,39.4906,-2.2042,BELMONTEJO,Spain,185.7762990635997,2060018460,4,4,train
camelses_8090,camelses,1735,39.5625,-1.424,PAJARONCILLO,Spain,832.6927432364148,2060017480,4,4,train
camelses_8091,camelses,1735,39.5108,-2.1718,CASTELLAR,Spain,1888.1928657714432,2060017480,4,4,train
camelses_8103,camelses,1735,40.0656,-1.153,TORREALTA,Spain,3001.154838652333,2060017160,3,3,train
camelses_8104,camelses,1735,40.0629,-1.1719,LOS SANTOS,Spain,241.6801935587952,2060017160,3,3,train
camelses_8126,camelses,1735,40.1319,-1.5055,VENTA DE JUAN ROMERO,Spain,276.01374884416344,2060017480,4,4,train
camelses_8134,camelses,1735,40.0657,-0.3622,ARENOS ENTRADA E. (C.E. LOS CANTOS),Spain,1408.097914755036,2060017160,3,3,train
camelses_8149,camelses,1735,40.2339,-1.1726,GEA DE ALBARRACIN,Spain,734.5640062359621,2060017160,3,3,train
camelses_9002,camelses,1735,42.1048,-1.4141,CASTEJON,Spain,25111.24567561434,2060017150,3,3,train
camelses_9003,camelses,1735,42.2227,-1.5656,ANDOSILLA,Spain,1291.0524318857613,2060017150,3,3,train
camelses_9004,camelses,1735,42.1853,-1.4804,FUNES,Spain,2969.882930747614,2060017150,3,3,train
camelses_9011,camelses,1735,41.3931,-0.5252,ZARAGOZA,Spain,40876.53448789021,2060017150,3,3,train
camelses_9023,camelses,1735,42.2109,1.2735,SEO DE URGEL,Spain,1230.6224504921463,2060017150,3,3,train
camelses_9033,camelses,1735,41.5446,-0.0732,PERALTA DE ALCOFEA,Spain,761.2289222439921,2060017150,3,3,train
camelses_9038,camelses,1735,42.2954,-2.4103,TORREMONTALVO,Spain,1099.510632602049,2060017150,3,3,train
camelses_9041,camelses,1735,40.5549,-1.1536,NAVARRETE DEL RIO,Spain,377.56848182531,2060017150,3,3,train
camelses_9061,camelses,1735,42.3437,-0.4516,JAVIERREGAY,Spain,351.0888776602543,2060017150,3,3,train
camelses_9063,camelses,1735,42.3842,-1.0044,SIGÜES,Spain,505.3118258839148,2060017150,3,3,train
camelses_9064,camelses,1735,42.4251,-1.0937,ASPURZ,Spain,396.687320625538,2060017150,3,3,train
camelses_9067,camelses,1735,42.5326,-1.3624,OLAVE,Spain,230.90966346342253,2060017150,3,3,train
camelses_9068,camelses,1735,42.4948,-1.4714,ASIAIN,Spain,928.781785586736,2060017150,3,3,train
camelses_9069,camelses,1735,42.4727,-1.4724,ECHAURI,Spain,1881.9477055961736,2060017150,3,3,train
camelses_9070,camelses,1735,42.413,-2.0255,ERAUL,Spain,166.45163758227625,2060017150,3,3,train
camelses_9071,camelses,1735,42.4016,-2.0209,ESTELLA,Spain,788.3550920915977,2060017150,3,3,train
camelses_9073,camelses,1735,42.3307,-1.1519,SANGÜESA,Spain,233.33096421201523,2060017150,3,3,train
camelses_9074,camelses,1735,42.4038,-2.5349,ARCE,Spain,1362.835012613957,2060017150,3,3,train
camelses_9089,camelses,1735,41.401,-0.5031,ZARAGOZA,Spain,3939.403504597164,2060017150,3,3,train
camelses_9092,camelses,1735,42.4809,-3.2406,TRESPADERNE,Spain,1092.485411255673,2060017150,3,3,train
camelses_9093,camelses,1735,42.4407,-3.245,OÑA,Spain,1033.2415785359033,2060017150,3,3,train
camelses_9095,camelses,1735,42.0145,0.0754,BARBASTRO,Spain,331.63817832345114,2060017150,3,3,train
camelses_9120,camelses,1735,42.2457,-2.122,MENDAVIA,Spain,11975.497900063374,2060017150,3,3,train
camelses_9158,camelses,1735,42.2311,-3.1248,SAN MIGUEL DE PEDROSO,Spain,190.078348348843,2060019150,3,3,train
camelses_9165,camelses,1735,42.412,-2.5541,MIRANDA DE EBRO,Spain,312.93801206557487,2060017150,3,3,train
camelses_9166,camelses,1735,42.4829,-3.2126,VIRUES,Spain,292.25580937802505,2060017150,3,3,train
camelses_9177,camelses,1735,41.0623,0.1234,BATEA,Spain,330.36273475441294,2060017150,3,3,train
camelses_9187,camelses,1735,42.0658,-0.5646,ERLA,Spain,262.11290370466213,2060017150,3,3,train
camelses_9188,camelses,1735,42.4701,-3.0241,BERGUENDA,Spain,346.308872773575,2060017150,3,3,train
camelses_9189,camelses,1735,42.4014,-2.5846,ORON,Spain,216.3889221095834,2060017150,3,3,train
camelses_9197,camelses,1735,42.1949,-2.2428,LEZA DE RIO LEZA,Spain,282.9744143626683,2060017150,3,3,train
camelses_9215,camelses,1735,41.1257,-1.1246,CERVERUELA,Spain,353.1450795486947,2060017150,3,3,train
camelses_9252,camelses,1735,42.3304,1.0919,ESCALO,Spain,441.4950689403632,2060017150,3,3,train
camelses_9256,camelses,1735,42.2221,1.4851,ISOBOL,Spain,655.309321301367,2060017150,3,3,train
camelses_9261,camelses,1735,41.3829,-1.3825,TRASOBARES,Spain,120.76690484467446,2060017150,3,3,train
camelses_9265,camelses,1735,42.3104,1.136,TIRVIA,Spain,408.75357658243536,2060017150,3,3,train
camelses_9271,camelses,1735,42.4311,-0.3131,CANFRANC ANTIGUO,Spain,102.66920467237988,2060017150,3,3,train
camelses_9281,camelses,1735,42.3444,-2.5238,HARO,Spain,1212.5507896052031,2060017150,3,3,train
camelses_9282,camelses,1735,42.3529,-0.5258,MARTES,Spain,1082.371481324948,2060017150,3,3,train
camelses_9283,camelses,1735,42.5648,-3.3424,VILLARCAYO,Spain,266.1587775962774,2060017150,3,3,train
camelses_9291,camelses,1735,42.0459,-0.5541,LUNA,Spain,112.4091417531744,2060017150,3,3,train
camelses_9317,camelses,1735,42.5223,-2.4036,VITORIA-ABETXUKO,Spain,677.0496949229749,2060017150,3,3,train
camelses_9324,camelses,1735,42.4852,-1.4335,ARAZURI,Spain,806.2175773238587,2060017150,3,3,train
camelsgb_10002,camelsgb,2922,57.526691146071,-1.832792330640136,Ugie at Inverugie,Scotland,324.3123507633707,2060052390,3,3,train
camelsgb_10003,camelsgb,2922,57.36377126841398,-2.090017339930295,Ythan at Ellon,Scotland,529.9924661936965,2060052390,3,3,train
camelsgb_1001,camelsgb,2922,58.47619578230649,-3.267060556538969,Wick at Tarroul,Scotland,157.4450958169057,2060051160,3,3,train
camelsgb_11001,camelsgb,2922,57.21832145169754,-2.187586463990544,Don at Parkhill,Scotland,1263.679902886383,2060052390,3,3,train
camelsgb_11003,camelsgb,2922,57.24230293320858,-2.717123061826016,Don at Bridge of Alford,Scotland,507.72176029132993,2060052390,3,3,train
camelsgb_11004,camelsgb,2922,57.323518779572936,-2.464869565631641,Urie at Pitcaple,Scotland,194.59980690648,2060052390,3,3,train
camelsgb_12001,camelsgb,2922,57.05012909020802,-2.603567174692242,Dee at Woodend,Scotland,1374.035090863065,2060052390,3,3,train
camelsgb_12002,camelsgb,2922,57.07542399235027,-2.3358251556053893,Dee at Park,Scotland,1825.2718290400087,2060052390,3,3,train
camelsgb_12005,camelsgb,2922,57.03951543059123,-3.0493050348361272,Muick at Invermuick,Scotland,108.90835359962912,2060052390,3,3,train
camelsgb_12006,camelsgb,2922,57.059926128258894,-3.069535420960291,Gairn at Invergairn,Scotland,145.2722611853086,2060052390,3,3,train
camelsgb_12007,camelsgb,2922,56.98804048513928,-3.486197881431712,Dee at Mar Lodge,Scotland,290.6889906324556,2060052390,3,3,train
camelsgb_12008,camelsgb,2922,57.02524568604738,-2.5171609453401493,Feugh at Heugh Head,Scotland,231.85998043836744,2060052390,3,3,train
camelsgb_13001,camelsgb,2922,56.85144055086835,-2.2861194693239084,Bervie at Inverbervie,Scotland,123.94636553952806,2060052390,3,3,train
camelsgb_13007,camelsgb,2922,56.76687729301276,-2.4933654538663426,North Esk at Logie Mill,Scotland,743.8813403913169,2060052390,3,3,train
camelsgb_13008,camelsgb,2922,56.7269227498334,-2.655900445358707,South Esk at Brechin,Scotland,487.6034342993549,2060052390,3,3,train
camelsgb_14001,camelsgb,2922,56.33090339132829,-2.9484430071478327,Eden at Kemback,Scotland,307.4457537352678,2060052670,1,1,val
camelsgb_14002,camelsgb,2922,56.48175496410612,-2.851665394978175,Dighty Water at Balmossie Mill,Scotland,127.08220722545664,2060052390,3,3,train
camelsgb_15006,camelsgb,2922,56.51441409853575,-3.3869639448602205,Tay at Ballathie,Great Britain,4566.175467626968,2060052660,2,2,train
camelsgb_15007,camelsgb,2922,56.660068233774574,-3.756901358563639,Tay at Pitnacree,Scotland,1143.7911880428212,2060052660,2,2,train
camelsgb_15010,camelsgb,2922,56.60590453803648,-3.151232702664105,Isla at Wester Cardean,Scotland,362.2080906890287,2060052660,2,2,train
camelsgb_15011,camelsgb,2922,56.61422920026542,-3.980864766273719,Lyon at Comrie Bridge,Scotland,386.5375935589726,2060052660,2,2,train
camelsgb_15012,camelsgb,2922,56.69656769956334,-3.720794936843039,Tummel at Pitlochry,Scotland,1658.6656655553534,2060052660,2,2,train
camelsgb_15016,camelsgb,2922,56.59638814308706,-3.9850617805403457,Tay at Kenmore,Scotland,595.5085047132471,2060052660,2,2,train
camelsgb_15023,camelsgb,2922,56.560980890635335,-3.607201736162133,Braan at Hermitage,Scotland,209.78439150982663,2060052660,2,2,train
camelsgb_15024,camelsgb,2922,56.45816210098314,-4.331876616238332,Dochart at Killin,Scotland,231.47680477787264,2060052660,2,2,train
camelsgb_15025,camelsgb,2922,56.60905795202071,-3.3471758070336914,Ericht at Craighall,Scotland,435.4898490807287,2060052660,2,2,train
camelsgb_16001,camelsgb,2922,56.33018707924382,-3.726992969424669,Earn at Kinkell Bridge,Scotland,582.0491158949636,2060052670,1,1,val
camelsgb_16004,camelsgb,2922,56.34759941048151,-3.548359530328773,Earn at Forteviot Bridge,Scotland,780.4229509614839,2060052670,1,1,val
camelsgb_17005,camelsgb,2922,55.99837264372875,-3.6819988231395016,Avon at Polmonthill,Scotland,193.9760508019449,2060052670,1,1,val
camelsgb_18003,camelsgb,2922,56.18573475488031,-4.055574579219282,Teith at Bridge of Teith,Scotland,513.2528565129388,2060052670,1,1,val
camelsgb_18008,camelsgb,2922,56.25788153660383,-4.285414753187121,Leny at Anie,Scotland,191.52227486873463,2060052670,1,1,val
camelsgb_18011,camelsgb,2922,56.13609979104489,-3.970218305438582,Forth at Craigforth,Scotland,1022.972347373731,2060052670,1,1,val
camelsgb_19001,camelsgb,2922,55.963133418733385,-3.3385327800556057,Almond at Craigiehall,Scotland,377.9270348249536,2060052670,1,1,val
camelsgb_20003,camelsgb,2922,55.91003218681246,-2.8714976514569384,Tyne at Spilmersford,Scotland,162.11584046471438,2060052670,1,1,val
camelsgb_2001,camelsgb,2922,58.14100101841326,-3.702948434618894,Helmsdale at Kilphedir,Scotland,550.5759725178066,2060051160,3,3,train
camelsgb_2002,camelsgb,2922,58.01055688609858,-3.8775654725303017,Brora at Bruachrobie,Scotland,421.4330446744797,2060051160,3,3,train
camelsgb_21003,camelsgb,2922,55.64800654699852,-3.18024679324982,Tweed at Peebles,Scotland,695.2682080169319,2060052940,3,3,train
camelsgb_21006,camelsgb,2922,55.59141727648144,-2.797700076533858,Tweed at Boleside,Scotland,1499.4462147219538,2060052940,3,3,train
camelsgb_21008,camelsgb,2922,55.54513469331304,-2.4733646789414285,Teviot at Ormiston Mill,Scotland,1117.145797927977,2060052940,3,3,train
camelsgb_21009,camelsgb,2922,55.72268907565265,-2.163373083996843,Tweed at Norham,Great Britain,4381.284484573129,2060052940,3,3,train
camelsgb_21011,camelsgb,2922,55.53969571660128,-2.890335251904709,Yarrow Water at Philiphaugh,Scotland,231.5189278794664,2060052940,3,3,train
camelsgb_21012,camelsgb,2922,55.43436651531822,-2.7564574020524644,Teviot at Hawick,Scotland,323.1408239352488,2060052940,3,3,train
camelsgb_21013,camelsgb,2922,55.62716461547184,-2.8284581029610045,Gala Water at Galashiels,Scotland,204.6156905526208,2060052940,3,3,train
camelsgb_21015,camelsgb,2922,55.64080061281626,-2.6929128448120925,Leader Water at Earlston,Scotland,238.1606233577271,2060052940,3,3,train
camelsgb_21016,camelsgb,2922,55.86522742839082,-2.094483974691685,Eye Water at Eyemouth Mill,Scotland,118.44936905031948,2060052670,1,1,val
camelsgb_21018,camelsgb,2922,55.647381292873455,-3.2576458868502383,Lyne Water at Lyne Station,Scotland,173.27794888948827,2060052940,3,3,train
camelsgb_21022,camelsgb,2922,55.788283908336886,-2.1916976922689817,Whiteadder Water at Hutton Castle,Scotland,500.2390476164661,2060052940,3,3,train
camelsgb_21024,camelsgb,2922,55.48489862895872,-2.5460645223261804,Jed Water at Jedburgh,Scotland,139.402887561404,2060052940,3,3,train
camelsgb_21027,camelsgb,2922,55.770271280351245,-2.279465304619633,Blackadder Water at Mouth Bridge,Scotland,154.72382157223768,2060052940,3,3,train
camelsgb_22001,camelsgb,2922,55.33357356294136,-1.6320088310935386,Coquet at Morwick,England,576.0215876991286,2060052960,1,1,val
camelsgb_22009,camelsgb,2922,55.30844656531837,-1.8959051862671064,Coquet at Rothbury,England,344.6495472056027,2060052960,1,1,val
camelsgb_23001,camelsgb,2922,54.94993675075219,-1.941296518058159,Tyne at Bywell,Great Britain,2164.1000159135942,2060052960,1,1,val
camelsgb_23004,camelsgb,2922,54.97643907398292,-2.225629383853488,South Tyne at Haydon Bridge,England,747.0603252324032,2060052960,1,1,val
camelsgb_23007,camelsgb,2922,54.91726715942893,-1.7392126139491542,Derwent at Rowlands Gill,England,243.07876191095303,2060052960,1,1,val
camelsgb_23008,camelsgb,2922,55.14309046642182,-2.2080419938455926,Rede at Rede Bridge,England,343.86842717375134,2060052960,1,1,val
camelsgb_24001,camelsgb,2922,54.733889681596686,-1.589674706155212,Wear at Sunderland Bridge,England,658.7222313782974,2060052960,1,1,val
camelsgb_25001,camelsgb,2922,54.51837066532156,-1.6010590535184968,Tees at Darlington Broken Scar,England,844.5621667281509,2060052960,1,1,val
camelsgb_26005,camelsgb,2922,54.09315126983984,-0.2633035779897152,Gypsey Race at Boynton,England,247.18007117954764,2060052960,1,1,val
camelsgb_27001,camelsgb,2922,53.97122548073767,-1.3489816601962457,Nidd at Hunsingore Weir,England,492.1550861293822,2060053240,2,2,train
camelsgb_27003,camelsgb,2922,53.72295686886301,-1.1976628916618577,Aire at Beal Weir,England,1929.1644424086303,2060053240,2,2,train
camelsgb_27006,camelsgb,2922,53.41396429521579,-1.415758221505469,Don at Sheffield Hadfields,England,363.6188551092718,2060053260,2,2,train
camelsgb_27007,camelsgb,2922,54.0980939715514,-1.4571414058412673,Ure at Westwick Lock,England,909.2894047397216,2060053240,2,2,train
camelsgb_27009,camelsgb,2922,53.99128175537665,-1.134479325645749,Ouse at Skelton,Great Britain,3288.8269629837423,2060053240,2,2,train
camelsgb_27021,camelsgb,2922,53.52933582087218,-1.1419323824077428,Don at Doncaster,England,1248.524915264151,2060053260,2,2,train
camelsgb_27025,camelsgb,2922,53.36684941417766,-1.3520514393295318,Rother at Woodhouse Mill,England,353.71709150843736,2060053260,2,2,train
camelsgb_27026,camelsgb,2922,53.26575511264375,-1.4116624117261904,Rother at Whittington,England,166.46125121416569,2060053260,2,2,train
camelsgb_27029,camelsgb,2922,53.69399260771463,-1.8131721526011464,Calder at Elland,England,339.5538564981271,2060053240,2,2,train
camelsgb_27030,camelsgb,2922,53.51272496579846,-1.2825123476195328,Dearne at Adwick,England,309.89403878454914,2060053260,2,2,train
camelsgb_27034,camelsgb,2922,54.2692050612952,-1.7088146914477849,Ure at Kilgram Bridge,England,509.0796447424594,2060053240,2,2,train
camelsgb_27035,camelsgb,2922,53.90731315400616,-1.9846509085004973,Aire at Kildwick Bridge,England,282.3778702350994,2060053240,2,2,train
camelsgb_27041,camelsgb,2922,54.01924391420036,-0.8856170634043574,Derwent at Buttercrambe,England,1588.255463537886,2060053240,2,2,train
camelsgb_27043,camelsgb,2922,53.93971711015201,-1.8621643806412207,Wharfe at Addingham,England,428.4638487091272,2060053240,2,2,train
camelsgb_27071,camelsgb,2922,54.15411717950981,-1.3506945244018376,Swale at Crakehill,England,1349.4685142282376,2060053240,2,2,train
camelsgb_27079,camelsgb,2922,53.72606586424215,-1.382691323872729,Calder at Methley,England,946.8724098763072,2060053240,2,2,train
camelsgb_27080,camelsgb,2922,53.74850181156058,-1.422669004617538,Aire at Oulton Lemonroyd,England,858.5220248375102,2060053240,2,2,train
camelsgb_27089,camelsgb,2922,53.89092062538823,-1.275611678855182,Wharfe at Tadcaster,England,812.4251107863286,2060053240,2,2,train
camelsgb_27090,camelsgb,2922,54.3888216333136,-1.6532099970240497,Swale at Catterick Bridge,England,495.739207803376,2060053240,2,2,train
camelsgb_28003,camelsgb,2922,52.52075950329266,-1.7517729843292464,Tame at Water Orton,England,404.2940149923305,2060053260,2,2,train
camelsgb_28008,camelsgb,2922,52.954290782377946,-1.834143315424624,Dove at Rocester Weir,England,396.6440552816592,2060053260,2,2,train
camelsgb_28009,camelsgb,2922,52.95344262565293,-1.0784557677125894,Trent at Colwick,Great Britain,7441.592112987804,2060053260,2,2,train
camelsgb_28012,camelsgb,2922,52.75693046755315,-1.805702628083788,Trent at Yoxall,England,1202.6163664990102,2060053260,2,2,train
camelsgb_28015,camelsgb,2922,53.39800708297371,-0.9636038055899292,Idle at Mattersey,England,526.3461521260419,2060053260,2,2,train
camelsgb_28018,camelsgb,2922,52.85653358560577,-1.648875039542886,Dove at Marston on Dove,England,881.1180232633465,2060053260,2,2,train
camelsgb_28022,camelsgb,2922,53.13613655385828,-0.799206767125541,Trent at North Muskham,Great Britain,8182.03790576127,2060053260,2,2,train
camelsgb_28023,camelsgb,2922,53.2238573728084,-1.7281095627477503,Wye at Ashford,England,151.75509306338958,2060053260,2,2,train
camelsgb_28024,camelsgb,2922,52.70632222208392,-1.0910695386499178,Wreake at Syston Mill,England,415.5921808619998,2060053260,2,2,train
camelsgb_28026,camelsgb,2922,52.627187664375015,-1.613187312748342,Anker at Polesworth,England,370.3626908784647,2060053260,2,2,train
camelsgb_28043,camelsgb,2922,53.211668409223314,-1.6112413626127668,Derwent at Chatsworth,England,343.15846755399366,2060053260,2,2,train
camelsgb_28048,camelsgb,2922,53.06393181226491,-1.441260660904479,Amber at Wingfield Park,England,128.20206030600374,2060053260,2,2,train
camelsgb_28066,camelsgb,2922,52.48386184970884,-1.7338682274579904,Cole at Coleshill,England,118.98847964643086,2060053260,2,2,train
camelsgb_28067,camelsgb,2922,52.88051128706998,-1.3456952134779034,Derwent at Church Wilne,England,1172.629210597974,2060053260,2,2,train
camelsgb_28074,camelsgb,2922,52.83153746955052,-1.2717708948934563,Soar at Kegworth,England,1296.0964771014917,2060053260,2,2,train
camelsgb_28081,camelsgb,2922,52.55904485457408,-1.9807808973234104,Tame at Bescot,England,173.90089540380572,2060053260,2,2,train
camelsgb_28082,camelsgb,2922,52.57101090746713,-1.2017281314655788,Soar at Littlethorpe,England,179.9605357394591,2060053260,2,2,train
camelsgb_28085,camelsgb,2922,52.928167527543096,-1.474992714367382,Derwent at St Mary's Bridge,England,1047.4405503853563,2060053260,2,2,train
camelsgb_28091,camelsgb,2922,53.37724209166403,-1.0522728342497047,Ryton at Blyth,England,227.43865174609164,2060053260,2,2,train
camelsgb_28093,camelsgb,2922,52.75719828285654,-1.1635076490149956,Soar at Pillings Lock,England,1106.377974488241,2060053260,2,2,train
camelsgb_28116,camelsgb,2922,53.22651336454784,-1.0080434990672011,Maun at Whitewater Bridge,England,155.4600940220273,2060053260,2,2,train
camelsgb_28117,camelsgb,2922,53.08723295726821,-1.5066540259076786,Derwent at Whatstandwell,England,744.9904252419744,2060053260,2,2,train
camelsgb_30001,camelsgb,2922,53.0223204193543,-0.7461622786176867,Witham at Claypole Mill,England,294.6396636585402,2060053270,1,1,val
camelsgb_31006,camelsgb,2922,52.675257984995696,-0.4666650502315392,Gwash at Belmesthorpe,England,148.65356532827212,2060053270,1,1,val
camelsgb_32004,camelsgb,2922,52.33198011152173,-0.6818266696630623,Ise Brook at Harrowden,England,193.70420750286183,2060053270,1,1,val
camelsgb_33006,camelsgb,2922,52.537790574960674,0.6099667741927185,Wissey at Northwold Total,England,258.3004664720907,2060053500,3,3,train
camelsgb_33012,camelsgb,2922,52.254242131191,-0.3078048499019266,Kym at Meagre Farm,England,137.67993042428608,2060053500,3,3,train
camelsgb_33013,camelsgb,2922,52.37666197586694,0.7834193278851367,Sapiston at Rectory Bridge,England,195.3518436861883,2060053500,3,3,train
camelsgb_33019,camelsgb,2922,52.41269970026096,0.7621887144620089,Thet at Melford Bridge,England,310.07304007026056,2060053500,3,3,train
camelsgb_33020,camelsgb,2922,52.33060652152021,-0.2282091566931492,Alconbury Brook at Brampton,England,211.9846293865669,2060053500,3,3,train
camelsgb_33021,camelsgb,2922,52.15146185319915,0.067339402862768,Rhee at Burnt Mill,England,306.94743840692706,2060053500,3,3,train
camelsgb_33022,camelsgb,2922,52.14456591482854,-0.3166277158514297,Ivel at Blunham,England,537.7728763878318,2060053500,3,3,train
camelsgb_33053,camelsgb,2922,52.14187429679185,0.1479488279810952,Granta at Stapleford,England,113.5574681315514,2060053500,3,3,train
camelsgb_34003,camelsgb,2922,52.819461699725,1.2518489544393545,Bure at Ingworth,England,160.56094186948994,2060053510,0,0,test
camelsgb_34004,camelsgb,2922,52.66863236649232,1.2179660774441952,Wensum at Costessey Mill,England,557.32550343086,2060053510,0,0,test
camelsgb_36006,camelsgb,2922,51.97160238294615,0.9403675545181204,Stour at Langham,England,569.1150825342203,2060053510,0,0,test
camelsgb_37001,camelsgb,2922,51.57624418892644,0.0405681339123558,Roding at Redbridge,England,299.96005043129674,2060053790,4,4,train
camelsgb_37008,camelsgb,2922,51.73666312082323,0.4794658195041058,Chelmer at Springfield,England,188.91181711825453,2060053510,0,0,test
camelsgb_38001,camelsgb,2922,51.76415334324052,0.0138875132875438,Lee at Feildes Weir,England,1041.4264206549733,2060053790,4,4,train
camelsgb_38003,camelsgb,2922,51.80342445811374,-0.1412735013855655,Mimram at Panshanger Park,England,129.76007560997138,2060053790,4,4,train
camelsgb_38004,camelsgb,2922,51.839050948681226,-0.0275396944093964,Rib at Wadesmill,England,136.30126771334096,2060053790,4,4,train
camelsgb_38030,camelsgb,2922,51.80124001313353,-0.0797656733496624,Beane at Hartham,England,173.24167720378122,2060053790,4,4,train
camelsgb_39001,camelsgb,2922,51.41544304014813,-0.3077098937779369,Thames at Kingston,Great Britain,9899.68263379628,2060053790,4,4,train
camelsgb_39023,camelsgb,2922,51.57187119510417,-0.7085873321179702,Wye at Hedsor,England,133.74825984672938,2060053790,4,4,train
camelsgb_39027,camelsgb,2922,51.48462228226472,-1.0876198861597683,Pang at Pangbourne,England,175.14546291979312,2060053790,4,4,train
camelsgb_39035,camelsgb,2922,51.66535697046944,-1.8918891128396105,Churn at Cerney Wick,England,126.36111623590948,2060053790,4,4,train
camelsgb_39072,camelsgb,2922,51.48562376489358,-0.5894244822144058,Thames at Royal Windsor Park,Great Britain,7102.883160303929,2060053790,4,4,train
camelsgb_39105,camelsgb,2922,51.740642722583225,-1.1152052698875292,Thame at Wheatley,England,529.8166529487364,2060053790,4,4,train
camelsgb_39141,camelsgb,2922,51.23604002263279,-0.5780184270895786,Wey at Guildford,England,688.6454680510077,2060053790,4,4,train
camelsgb_40003,camelsgb,2922,51.25086954579382,0.4469605125154627,Medway at Teston / East Farleigh,England,1256.8230947248228,2060053800,2,2,train
camelsgb_40005,camelsgb,2922,51.202070701516114,0.5160240074337015,Beult at Stilebridge,England,277.00382851652626,2060053800,2,2,train
camelsgb_40007,camelsgb,2922,51.1444581924665,0.1684564654894481,Medway at Chafford / Colliersland Bridge,England,251.2076346408939,2060053800,2,2,train
camelsgb_4001,camelsgb,2922,57.5565778759325,-4.539965631918392,Conon at Moy Bridge,Scotland,957.579648288076,2060051160,3,3,train
camelsgb_40010,camelsgb,2922,51.172233836168886,0.1730783511869284,Eden at Penshurst / Vexour Bridge,England,223.64950906436303,2060053800,2,2,train
camelsgb_40016,camelsgb,2922,51.44984518003361,0.1725195948553407,Cray at Crayford,England,123.05792038360524,2060053790,4,4,train
camelsgb_40018,camelsgb,2922,51.35698694252508,0.1964190416318795,Darent at Lullingstone,England,121.81672064583752,2060053790,4,4,train
camelsgb_4003,camelsgb,2922,57.69601067222042,-4.258760815633095,Alness at Alness,Scotland,201.3747530867236,2060051160,3,3,train
camelsgb_41009,camelsgb,2922,50.95167791417005,-0.5289823751818692,Rother at Hardham,England,359.6618057865774,2060048790,1,1,val
camelsgb_42001,camelsgb,2922,50.863671435737054,-1.1666315371924,Wallington at North Fareham,England,111.34760319078536,2060048790,1,1,val
camelsgb_42004,camelsgb,2922,50.96807617505996,-1.4970979652760517,Test at Broadlands,England,1031.649602017947,2060048790,1,1,val
camelsgb_42010,camelsgb,2922,50.98765880575439,-1.344171400784172,Itchen at Highbridge & Allbrook Total,England,338.8983879799596,2060048790,1,1,val
camelsgb_42024,camelsgb,2922,51.15247880703386,-1.4509170390787098,Test at Chilbolton Total,England,477.0043234355736,2060048790,1,1,val
camelsgb_43007,camelsgb,2922,50.76389744537926,-1.8420939458994232,Stour at Throop,England,1059.040469177306,2060048980,3,3,train
camelsgb_43008,camelsgb,2922,51.10747498601368,-1.8781373962615624,Wylye at South Newton,England,446.86022479161386,2060048980,3,3,train
camelsgb_43009,camelsgb,2922,50.931393282884414,-2.257437092148123,Stour at Hammoon,England,517.2477466244383,2060048980,3,3,train
camelsgb_43018,camelsgb,2922,50.80583697688903,-1.9896592879644568,Allen at Walford Mill,England,170.39069183863575,2060048980,3,3,train
camelsgb_44001,camelsgb,2922,50.68105446381929,-2.189228526740144,Frome at East Stoke Total,England,413.4086380275799,2060048990,3,3,train
camelsgb_44002,camelsgb,2922,50.688066429174974,-2.124209613618347,Piddle at Baggs Mill,England,183.27287359392147,2060048990,3,3,train
camelsgb_45001,camelsgb,2922,50.80417401444207,-3.51130891240181,Exe at Thorverton,England,606.2238967196934,2060048990,3,3,train
camelsgb_45003,camelsgb,2922,50.84316490786569,-3.392347163962817,Culm at Woodmill,England,228.2113054079744,2060048990,3,3,train
camelsgb_45005,camelsgb,2922,50.68837188137154,-3.294337292032177,Otter at Dotton,England,202.21627475876625,2060048990,3,3,train
camelsgb_45009,camelsgb,2922,51.0231133175936,-3.5199733043899992,Exe at Pixton,England,147.34158857239393,2060048990,3,3,train
camelsgb_45012,camelsgb,2922,50.75965983135227,-3.5596270698006256,Creedy at Cowley,England,262.7900881509996,2060048990,3,3,train
camelsgb_46014,camelsgb,2922,50.59512235977192,-3.615940270676034,Teign at Chudleigh,England,231.53487488108192,2060048990,3,3,train
camelsgb_47001,camelsgb,2922,50.531270000352784,-4.221854120689505,Tamar at Gunnislake,England,917.0288123778791,2060048990,3,3,train
camelsgb_47005,camelsgb,2922,50.65539886680807,-4.353714392934244,Ottery at Werrington Park,England,121.22617675375876,2060048990,3,3,train
camelsgb_47008,camelsgb,2922,50.64724161345895,-4.2675532769013245,Thrushel at Tinhay,England,112.33433888126156,2060048990,3,3,train
camelsgb_48011,camelsgb,2922,50.43105298952024,-4.679474308672904,Fowey at Restormel,England,166.59666786163584,2060048990,3,3,train
camelsgb_50001,camelsgb,2922,50.99546875203298,-3.985041310032316,Taw at Umberleigh,England,830.2422323083314,2060048990,3,3,train
camelsgb_50006,camelsgb,2922,50.9731342618753,-3.9097905982995607,Mole at Woodleigh,England,325.92667936193243,2060048990,3,3,train
camelsgb_52005,camelsgb,2922,51.01907454940471,-3.1337076318782966,Tone at Bishops Hull,England,203.0247531185569,2060048990,3,3,train
camelsgb_52006,camelsgb,2922,50.94348832288776,-2.608745856517591,Yeo at Pen Mill,England,215.7716605579929,2060048990,3,3,train
camelsgb_52010,camelsgb,2922,51.08364699919583,-2.586799559896709,Brue at Lovington,England,137.4115869072854,2060048990,3,3,train
camelsgb_53005,camelsgb,2922,51.348768597137024,-2.341472452725584,Midford Brook at Midford,England,146.82834316398765,2060048990,3,3,train
camelsgb_53007,camelsgb,2922,51.30662354399804,-2.280850552756119,Frome (Somerset) at Tellisford,England,262.9836805411496,2060048990,3,3,train
camelsgb_53013,camelsgb,2922,51.45568223042551,-2.065637198179437,Marden at Stanley,Great Britain,99.16468233505604,2060048990,3,3,train
camelsgb_53022,camelsgb,2922,51.38434657147744,-2.377345918023403,Avon at Bath ultrasonic,England,1617.056115534856,2060048990,3,3,train
camelsgb_53028,camelsgb,2922,51.41796019973199,-2.268748751239375,By Brook at Middlehill,Great Britain,99.19455314772618,2060048990,3,3,train
camelsgb_54001,camelsgb,2922,52.38303495083852,-2.321266242014716,Severn at Bewdley,Great Britain,4315.276474522324,2060049660,4,4,train
camelsgb_54002,camelsgb,2922,52.09200107644584,-1.9429275273940263,Avon at Evesham,Great Britain,2200.899196019404,2060049660,4,4,train
camelsgb_54005,camelsgb,2922,52.72457384430876,-2.872207645858788,Severn at Montford,Great Britain,2019.7781052837604,2060049660,4,4,train
camelsgb_54007,camelsgb,2922,52.18040629690792,-1.8750867864622176,Arrow at Broom,England,319.81107231802275,2060049660,4,4,train
camelsgb_54008,camelsgb,2922,52.313305004256335,-2.591547630889937,Teme at Tenbury,England,1120.9215835410832,2060049660,4,4,train
camelsgb_54011,camelsgb,2922,52.25538196084732,-2.1939159978951714,Salwarpe at Harford Hill,England,185.9292650527968,2060049660,4,4,train
camelsgb_54012,camelsgb,2922,52.70663806876277,-2.6055871996252,Tern at Walcot,England,848.806209131028,2060049660,4,4,train
camelsgb_54015,camelsgb,2922,52.11454018308948,-2.1081217935131016,Bow Brook at Besford Bridge,England,157.81096635305613,2060049660,4,4,train
camelsgb_54016,camelsgb,2922,52.72360696165742,-2.609820019078214,Roden at Rodington,England,261.0649473176942,2060049660,4,4,train
camelsgb_54017,camelsgb,2922,51.908143185984535,-2.326091694299869,Leadon at Wedderburn Bridge,England,286.509052709915,2060049660,4,4,train
camelsgb_54019,camelsgb,2922,52.34088970399045,-1.512840265196867,Avon at Stareton,England,344.9304923869152,2060049660,4,4,train
camelsgb_54024,camelsgb,2922,52.555301861693096,-2.376064252356094,Worfe at Burcote,England,254.39908597032343,2060049660,4,4,train
camelsgb_54027,camelsgb,2922,51.740086790290114,-2.247398635928552,Frome at Ebley Mill,England,196.1009706059836,2060049660,4,4,train
camelsgb_54029,camelsgb,2922,52.19915853354056,-2.389289546532655,Teme at Knightsford Bridge,England,1478.799193635146,2060049660,4,4,train
camelsgb_54032,camelsgb,2922,52.04958805222888,-2.20047419656456,Severn at Saxons Lode,Great Britain,6842.050194671856,2060049660,4,4,train
camelsgb_54038,camelsgb,2922,52.7943231079768,-3.110299177765847,Tanat at Llanyblodwel,Wales,240.29591005046493,2060049660,4,4,train
camelsgb_54049,camelsgb,2922,52.28621061565838,-1.549048775756367,Leam at Princes Drive Weir,England,365.9299329613496,2060049660,4,4,train
camelsgb_54095,camelsgb,2922,52.636181945840406,-2.5252626684510497,Severn at Buildwas,Great Britain,3710.019871584952,2060049660,4,4,train
camelsgb_55007,camelsgb,2922,52.09101148605978,-3.3503804557015147,Wye at Erwood,Wales,1279.005748067948,2060049680,2,2,train
camelsgb_55014,camelsgb,2922,52.276657054630434,-2.933123300675943,Lugg at Byton,England,201.87032984482312,2060049680,2,2,train
camelsgb_55021,camelsgb,2922,52.22641720571393,-2.730382422737946,Lugg at Butts Bridge,England,364.6790871887483,2060049680,2,2,train
camelsgb_55023,camelsgb,2922,51.79633582875861,-2.686274482458245,Wye at Redbrook,Great Britain,4003.063804170072,2060049680,2,2,train
camelsgb_55025,camelsgb,2922,52.03048064466903,-3.216911808300427,Llynfi at Three Cocks,Wales,131.1953197425702,2060049680,2,2,train
camelsgb_55026,camelsgb,2922,52.2968022471107,-3.5032771067737545,Wye at Ddol Farm,Wales,171.52348577699814,2060049680,2,2,train
camelsgb_55032,camelsgb,2922,52.26912079385512,-3.572144204786901,Elan at Caban Dam,Wales,183.1336281588957,2060049680,2,2,train
camelsgb_56001,camelsgb,2922,51.74518524693193,-2.9485781541857423,Usk at Chainbridge,Wales,910.2359234319558,2060049690,4,4,train
camelsgb_56002,camelsgb,2922,51.59386093547526,-3.0715663668215982,Ebbw at Rhiwderin,Wales,211.14316268208609,2060049690,4,4,train
camelsgb_57004,camelsgb,2922,51.652094402025575,-3.3320895469625955,Cynon at Abercynon,Wales,102.95488417714256,2060049690,4,4,train
camelsgb_57005,camelsgb,2922,51.59872504112063,-3.3307580226918225,Taff at Pontypridd,Wales,450.2130357415936,2060049690,4,4,train
camelsgb_57006,camelsgb,2922,51.60935171904326,-3.369209222155012,Rhondda at Trehafod,Wales,102.35687470731628,2060049690,4,4,train
camelsgb_57007,camelsgb,2922,51.64776879083681,-3.31779797204093,Taff at Fiddlers Elbow,Wales,193.20970591995624,2060049690,4,4,train
camelsgb_57009,camelsgb,2922,51.48559039650984,-3.267273254726607,Ely at St Fagans,Wales,145.9749357072493,2060049690,4,4,train
camelsgb_58001,camelsgb,2922,51.50320213501926,-3.580764876871561,Ogmore at Bridgend,Wales,157.26285372424132,2060049690,4,4,train
camelsgb_60002,camelsgb,2922,51.88097406958786,-4.168029805514535,Cothi at Felin Mynachdy,Wales,297.6548702551856,2060049690,4,4,train
camelsgb_60003,camelsgb,2922,51.8150962976726,-4.5571824224932245,Taf at Clog-y-Fran,Wales,215.5939380384355,2060049690,4,4,train
camelsgb_60006,camelsgb,2922,51.87394444638202,-4.281503356412021,Gwili at Glangwili,Wales,130.66100141072585,2060049690,4,4,train
camelsgb_60010,camelsgb,2922,51.8631413884264,-4.201463959812589,Tywi at Capel Dewi,Wales,1088.5424754422738,2060049690,4,4,train
camelsgb_6007,camelsgb,2922,57.45453658767128,-4.259846865817447,Ness at Ness-side,Scotland,1821.7171256161744,2060051160,3,3,train
camelsgb_62001,camelsgb,2922,52.04540541318756,-4.56174047763753,Teifi at Glanteifi,Wales,894.281350650681,2060049690,4,4,train
camelsgb_64001,camelsgb,2922,52.600869552247055,-3.854636776501177,Dyfi at Dyfi Bridge,Wales,462.93706502001766,2060049690,4,4,train
camelsgb_66001,camelsgb,2922,53.22751798067358,-3.394746639815567,Clwyd at Pont-y-Cambwll,Wales,403.1146063979071,2060049690,4,4,train
camelsgb_66006,camelsgb,2922,53.23262507194724,-3.5709265107617707,Elwy at Pont-y-Gwyddel,Wales,190.65741541910967,2060049690,4,4,train
camelsgb_66011,camelsgb,2922,53.10637528672739,-3.792062517799895,Conwy at Cwmlanerch,Wales,338.8549651628556,2060049690,4,4,train
camelsgb_67006,camelsgb,2922,52.981128696981855,-3.430155766424753,Alwen at Druid,Wales,184.8073579817577,2060049690,4,4,train
camelsgb_67015,camelsgb,2922,52.96651280263825,-2.9718870213851414,Dee at Manley Hall,Wales,1005.1382830246778,2060049690,4,4,train
camelsgb_68001,camelsgb,2922,53.16765931894752,-2.492526421320103,Weaver at Ashbrook,England,620.5927870753326,2060049690,4,4,train
camelsgb_68003,camelsgb,2922,53.24217532561624,-2.4995705811399827,Dane at Rudheath,England,411.0601620548883,2060049690,4,4,train
camelsgb_68005,camelsgb,2922,52.98356596473557,-2.518982509514942,Weaver at Audlem,England,200.7062462480363,2060049690,4,4,train
camelsgb_69015,camelsgb,2922,53.41370593472384,-2.0580180585521424,Etherow at Compstall,England,148.8857852508234,2060050410,2,2,train
camelsgb_69017,camelsgb,2922,53.404916075449385,-2.0560656935702184,Goyt at Marple Bridge,England,183.60479183994312,2060050410,2,2,train
camelsgb_69023,camelsgb,2922,53.565912106456935,-2.2930249309859665,Roch at Blackford Bridge,England,189.7988924678129,2060050410,2,2,train
camelsgb_7001,camelsgb,2922,57.377174275559305,-3.954818379052088,Findhorn at Shenachie,Scotland,413.6534895499403,2060051160,3,3,train
camelsgb_7002,camelsgb,2922,57.60477143683218,-3.6440849777216098,Findhorn at Forres,Scotland,778.1582200629721,2060051160,3,3,train
camelsgb_7003,camelsgb,2922,57.64636932612995,-3.351933200861932,Lossie at Sheriffmills,Scotland,215.67843830548,2060051160,3,3,train
camelsgb_7005,camelsgb,2922,57.51151029854293,-3.661788594232365,Divie at Dunphail,Scotland,163.88126549267298,2060051160,3,3,train
camelsgb_71001,camelsgb,2922,53.76842223028521,-2.6246824962536857,Ribble at Samlesbury,England,1140.6336769596285,2060050420,2,2,train
camelsgb_71004,camelsgb,2922,53.820050158894325,-2.4127305034948106,Calder at Whalley Weir,England,316.3261156750939,2060050420,2,2,train
camelsgb_71006,camelsgb,2922,53.8480166808576,-2.424192924813197,Ribble at Henthorn,England,444.578133173014,2060050420,2,2,train
camelsgb_71008,camelsgb,2922,53.85468559304031,-2.451320716488001,Hodder at Hodder Place,England,257.20425266538047,2060050420,2,2,train
camelsgb_72004,camelsgb,2922,54.08161660359454,-2.720892157298825,Lune at Caton,England,981.794878085664,2060050420,2,2,train
camelsgb_72005,camelsgb,2922,54.30988560790924,-2.5823984473037265,Lune at Killington,England,218.42693660023727,2060050420,2,2,train
camelsgb_75003,camelsgb,2922,54.6778690438916,-3.2441010228856664,Derwent at Ouse Bridge,England,361.6584817114158,2060050420,2,2,train
camelsgb_75004,camelsgb,2922,54.64041049830631,-3.34813860018692,Cocker at Southwaite Bridge,England,115.7138365179997,2060050420,2,2,train
camelsgb_76005,camelsgb,2922,54.648387679696654,-2.6143966248806887,Eden at Temple Sowerby,England,615.9334798426424,2060050420,2,2,train
camelsgb_76007,camelsgb,2922,54.904903320362926,-2.952860411750588,Eden at Sheepmount,Great Britain,2267.4387850330268,2060050420,2,2,train
camelsgb_76008,camelsgb,2922,54.914703056884576,-2.80303785047118,Irthing at Greenholme,England,332.151362515684,2060050420,2,2,train
camelsgb_77002,camelsgb,2922,55.06626448825071,-2.9462314204132647,Esk at Canonbie,Scotland,493.461249685309,2060050790,4,4,train
camelsgb_77003,camelsgb,2922,55.07440364963343,-2.91840436405124,Liddel Water at Rowanburnfoot,England,318.05251179258977,2060050790,4,4,train
camelsgb_78003,camelsgb,2922,55.021651006529474,-3.267726462994095,Annan at Brydekirk,Scotland,921.2716117292082,2060050790,4,4,train
camelsgb_78006,camelsgb,2922,55.29395420661904,-3.4190349211159274,Annan at Woodfoot,Scotland,217.1323155762693,2060050790,4,4,train
camelsgb_79002,camelsgb,2922,55.14868483036642,-3.6907477895475607,Nith at Friars Carse,Scotland,794.3331772446463,2060050790,4,4,train
camelsgb_79004,camelsgb,2922,55.22736753175028,-3.8170447778924026,Scar Water at Capenoch,Scotland,142.08788421288176,2060050790,4,4,train
camelsgb_79005,camelsgb,2922,55.09849667416027,-3.680572104389797,Cluden Water at Fiddlers Ford,Scotland,236.2211005376348,2060050790,4,4,train
camelsgb_79006,camelsgb,2922,55.27462202809138,-3.79952435006438,Nith at Drumlanrig,Scotland,467.0292112908103,2060050790,4,4,train
camelsgb_80002,camelsgb,2922,54.95554150087582,-3.979143494642812,Dee at Glenlochar,Scotland,806.9148523205471,2060050790,4,4,train
camelsgb_8004,camelsgb,2922,57.39985122064233,-3.357051614528193,Avon at Delnashaugh,Scotland,538.354511933012,2060052380,4,4,train
camelsgb_8005,camelsgb,2922,57.25139174346538,-3.747028714095789,Spey at Boat of Garten,Scotland,1255.4957294912074,2060052380,4,4,train
camelsgb_8006,camelsgb,2922,57.55104114228048,-3.1403879905116416,Spey at Boat o Brig,Great Britain,2839.468763777601,2060052380,4,4,train
camelsgb_8009,camelsgb,2922,57.3019575933403,-3.6991153847831697,Dulnain at Balnaan Bridge,Scotland,270.95476685125766,2060052380,4,4,train
camelsgb_8013,camelsgb,2922,57.1188993713096,-3.901082911140577,Feshie at Feshie Bridge,Scotland,228.5911320940603,2060052380,4,4,train
camelsgb_81003,camelsgb,2922,54.90073648492813,-4.839719169630001,Luce at Airyhemming,Scotland,169.91231467173012,2060050790,4,4,train
camelsgb_81006,camelsgb,2922,55.038871423117584,-4.563503073487043,Water of Minnoch at Minnoch Bridge,Scotland,138.3947420407916,2060050790,4,4,train
camelsgb_82001,camelsgb,2922,55.25880542869862,-4.807721078653187,Girvan at Robstone,Scotland,242.53347413787287,2060050790,4,4,train
camelsgb_82003,camelsgb,2922,55.107178703665184,-4.968322164134335,Stinchar at Balnowlart,Scotland,323.0570323099551,2060050790,4,4,train
camelsgb_83003,camelsgb,2922,55.504625598950426,-4.336590525714606,Ayr at Catrine,Scotland,166.52818220293494,2060050790,4,4,train
camelsgb_83004,camelsgb,2922,55.46679971679479,-4.362070272523299,Lugar Water at Langholm,Scotland,202.93346747480155,2060050790,4,4,train
camelsgb_83006,camelsgb,2922,55.46104475192369,-4.592546215572651,Ayr at Mainholm,Scotland,576.5003090523638,2060050790,4,4,train
camelsgb_83013,camelsgb,2922,55.60118279859663,-4.493559861133147,Irvine at Glenfield,Scotland,210.9550760014708,2060050790,4,4,train
camelsgb_84001,camelsgb,2922,55.90623637152018,-4.307622645745176,Kelvin at Killermont,Scotland,333.73819830915335,2060051150,3,3,train
camelsgb_84004,camelsgb,2922,55.6631239809462,-3.7050582825019656,Clyde at Sills of Clyde,Scotland,739.188997564873,2060051150,3,3,train
camelsgb_84005,camelsgb,2922,55.79734304974769,-4.068305590302739,Clyde at Blairston,Scotland,1692.17390862317,2060051150,3,3,train
camelsgb_84012,camelsgb,2922,55.8360652966897,-4.398537424439782,White Cart Water at Hawkhead,Scotland,235.20258842221185,2060051150,3,3,train
camelsgb_84013,camelsgb,2922,55.82998693101471,-4.121948375332353,Clyde at Daldowie,Scotland,1893.164962771864,2060051150,3,3,train
camelsgb_84014,camelsgb,2922,55.74419907015001,-3.986819754337453,Avon Water at Fairholm,Scotland,261.91532711478965,2060051150,3,3,train
camelsgb_84018,camelsgb,2922,55.64374171427404,-3.759021243080097,Clyde at Tulliford Mill,Scotland,934.4597791324916,2060051150,3,3,train
camelsgb_84019,camelsgb,2922,55.83754617849589,-4.107779142700728,North Calder Water at Calderpark,Scotland,128.77204982171833,2060051150,3,3,train
camelsgb_84022,camelsgb,2922,55.515795451924326,-3.695370241485666,Duneaton at Maidencots,Scotland,111.21088906414676,2060051150,3,3,train
camelsgb_85001,camelsgb,2922,55.9887712383185,-4.575981983562061,Leven at Linnbrane,Scotland,782.4379059315963,2060051160,3,3,train
camelsgb_9002,camelsgb,2922,57.537665907946746,-2.493533359341369,Deveron at Muiresk,Scotland,957.2298228638748,2060052390,3,3,train
camelsgb_9004,camelsgb,2922,57.42475755640302,-2.8020153761461324,Bogie at Redcraig,Scotland,181.63869599084583,2060052390,3,3,train
camelsgb_94001,camelsgb,2922,57.761441997546825,-5.599076947710643,Ewe at Poolewe,Scotland,438.8458144370404,2060051160,3,3,train
camelsgb_96002,camelsgb,2922,58.480072126614125,-4.207749248823591,Naver at Apigill,Scotland,471.6675143704096,2060051160,3,3,train
GRDC_1159301,grdc,2696,-29.6562,22.7437,"ORANGE RIVER, PRIESKA (27815102)",South Africa,320560.184561054,1060015850,1,1,val
GRDC_1159320,grdc,2696,-29.6562,25.9771,"RIET, KROMDRAAI (27817212)",South Africa,2378.08648462918,1060015850,1,1,val
GRDC_1159413,grdc,2696,-27.9396,26.1187,"VETRIVIER, FIZANTKRAAL",South Africa,15895.9551195297,1060015850,1,1,val
GRDC_1159535,grdc,2696,-27.3896,26.4646,"VAAL RIVER, KLIPPLAATDRIFT",South Africa,80192.166675224,1060015850,1,1,val
GRDC_1159651,grdc,2696,-30.341,27.367,"ORANGE RIVER, ORANJEDRAAI (27819109)",South Africa,24525.8590421669,1060015850,1,1,val
GRDC_1159805,grdc,2696,-27.2771,28.4854,"WILGERIVIER, FRANKFORT",South Africa,15633.7881511715,1060015850,1,1,val
GRDC_1159825,grdc,2696,-28.081,28.843000000000004,"VAALBANKSPRUIT, VOORSPOED (27817812)",South Africa,389.336293411324,1060015850,1,1,val
GRDC_1160095,grdc,2696,-33.0896,19.2188,"OLIFANTS, VISGAT",South Africa,157.96806071945102,1060015560,4,4,train
GRDC_1160115,grdc,2696,-34.407,19.598,"KLEINRIVIER, HAGEDISBERG OUTSPAN (27711206)",South Africa,603.293134426681,1060015030,4,4,train
GRDC_1160250,grdc,2696,-33.4646,18.7396,"DIEPRIVIER, MALMESBURY (27711312)",South Africa,235.384367786052,1060015030,4,4,train
GRDC_1160263,grdc,2696,-33.7062,18.9771,"BERGRIVIER, DALJOSAFAT",South Africa,635.721904731265,1060015390,3,3,train
GRDC_1160266,grdc,2696,-33.1312,18.8604,"BERGRIVIER, DRIEHEUVELS",South Africa,2973.2400571509,1060015390,3,3,train
GRDC_1160351,grdc,2696,-33.946,22.613000000000003,"TOUWSRIVIER, FARM 162 (27692705)",South Africa,81.6173875679465,1060014500,1,1,val
GRDC_1160360,grdc,2696,-33.358000000000004,19.722,"BOKRIVIER, LOT B (27693215)",South Africa,8.97976243146191,1060014920,1,1,val
GRDC_1160370,grdc,2696,-34.035,21.588,"WEYERSRIVIER, WEYERS RIVER (27693103)",South Africa,97.3635695274936,1060014920,1,1,val
GRDC_1160373,grdc,2696,-33.9813,21.6521,"GOURITZ, ZEEKOEDRIFT",South Africa,43471.4924777208,1060014920,1,1,val
GRDC_1160393,grdc,2696,-33.6812,22.1396,"KANDELAARSRIVIER, PAARDENDRIFT (27693317)",South Africa,345.554987249771,1060014920,1,1,val
GRDC_1160396,grdc,2696,-33.4688,22.0021,"WYNANADSRIVIER, KOETZERS KRAAL (27693318)",South Africa,139.959232138154,1060014920,1,1,val
GRDC_1160398,grdc,2696,-33.463,21.961,"MEULRIVIER, VOGELFONTEIN (27693320)",South Africa,35.6555007640225,1060014920,1,1,val
GRDC_1160403,grdc,2696,-34.0271,22.2229,"GROOT-BRAKRIVIER, WOLVEDANS",South Africa,135.339464459523,1060014500,1,1,val
GRDC_1160417,grdc,2696,-34.0312,22.0521,"BRANDWAGRIVIER, BRANDWACHT",South Africa,218.66502350018905,1060014500,1,1,val
GRDC_1160420,grdc,2696,-33.963,22.551,"KAAIMANSRIVIER, UPPER BARBIERSKRAAL (27692701)",South Africa,48.6407057562697,1060014500,1,1,val
GRDC_1160425,grdc,2696,-33.9104,22.7063,"DIEPRIVIER, WOODVILLE FOREST RES. (27692603)",South Africa,74.683323383103,1060014500,1,1,val
GRDC_1160427,grdc,2696,-33.883,22.838,"KARATARARIVIER, KARATARA FOREST RES. (27692602)",South Africa,23.3535840454948,1060014500,1,1,val
GRDC_1160430,grdc,2696,-33.89,23.031,"KNYSNARIVIER, MILWOOD FOREST RES. (27692502)",South Africa,145.452797459033,1060014500,1,1,val
GRDC_1160441,grdc,2696,-33.803000000000004,23.136,"KEURBOOMSRIVIER, MKAMA (27692401)",South Africa,167.011500103048,1060014500,1,1,val
GRDC_1160450,grdc,2696,-33.736999999999995,23.305,"JORDAANSRIVIER, WELGELEGEN (27691302)",South Africa,52.133041008159296,1060014490,0,0,test
GRDC_1160455,grdc,2696,-33.953,23.636,"BLOUKRANSRIVIER, LOTTERINGS FOR. RES. (27692301)",South Africa,59.150811004961206,1060014500,1,1,val
GRDC_1160512,grdc,2696,-31.9062,25.4312,"GREAT FISH RIVER, ZOUTPANSDRIFT (27673802)",South Africa,1712.89358493573,1060014220,2,2,train
GRDC_1160523,grdc,2696,-31.7771,25.3271,"KLEIN-BRAKRIVIER, ZEEVEN FONTEIN",South Africa,2613.0301542616103,1060014220,2,2,train
GRDC_1160525,grdc,2696,-32.0354,25.5229,"PAULSRIVIER, COUTZENBURG (27673704)",South Africa,875.872938164007,1060014220,2,2,train
GRDC_1160537,grdc,2696,-32.7687,26.6146,"KATRIVIER, FORT BEAUFORT",South Africa,1061.71063925405,1060014220,2,2,train
GRDC_1160693,grdc,2696,-32.1729,27.3729,"SWART-KEIRIVIER, HOTFIRE",South Africa,6861.546564105611,1060013950,1,1,val
GRDC_1160940,grdc,2696,-34.2521,20.9937,"DUIWENHOKSRIVIER, DASSJES KLIP",South Africa,783.647209952146,1060014930,1,1,val
GRDC_1160955,grdc,2696,-33.9229,20.7604,"HUISRIVIER, BARRYDALE (27694304)",South Africa,10.8629658401652,1060014930,1,1,val
GRDC_1160957,grdc,2696,-34.0104,20.5396,"GROOTKLOOF, SPARKENBOSCH (27694307)",South Africa,19.9364631445891,1060014930,1,1,val
GRDC_1160960,grdc,2696,-34.0938,21.2937,"KAFFERKUILSRIVIER, FARM 216 (27694105)",South Africa,232.185954845944,1060014930,1,1,val
GRDC_1196213,grdc,2696,-23.2812,30.5437,"KLEIN-LETABA, LOCATIE VAN TABAAN",South Africa,3151.9576253350106,1060012590,0,0,test
GRDC_1196300,grdc,2696,-24.156,27.473000000000003,"MATLABASRIVIER, HAARLEM EAST (27546004)",South Africa,1046.9142870964802,1060012590,0,0,test
GRDC_1196360,grdc,2696,-24.281,28.088,"MOKOLO, ZANDRIVIER (27546002)",South Africa,1813.57550406631,1060012590,0,0,test
GRDC_1196370,grdc,2696,-24.211,27.971,"STERKSTROOM, DOORNSPRUIT (27546008)",South Africa,488.694892173544,1060012590,0,0,test
GRDC_1197001,grdc,2696,-25.682,31.791,"RIOINCOMATI, TONGA (27613103)",South Africa,8791.12483690212,1060012680,4,4,train
GRDC_1197010,grdc,2696,-25.8396,30.4104,"RIOINCOMATI, GEMSBOKHOEK",South Africa,2628.23559672471,1060012680,4,4,train
GRDC_1197100,grdc,2696,-25.836,30.685,"POPONYANE, VRIESLAND (27613120)",South Africa,51.208233390881794,1060012680,4,4,train
GRDC_1197300,grdc,2696,-26.04,31.006,"RIOINCOMATI, HOOGGENOEG (27613101)",South Africa,5520.21533232504,1060012680,4,4,train
GRDC_1197501,grdc,2696,-25.47,31.096,"KROKODILRIVIER, KARINO (27613206)",South Africa,5099.26268417944,1060012680,4,4,train
GRDC_1197540,grdc,2696,-25.381,30.701,"HOUTBOSLOOP, SUDWALASKRAAL (27613214)",South Africa,256.196481170007,1060012680,4,4,train
GRDC_1197555,grdc,2696,-25.653,30.259,"DAWSONS, GELUK (27613212)",South Africa,93.0135896366946,1060012680,4,4,train
GRDC_1197593,grdc,2696,-25.5437,31.3188,"KAAPRIVIER, DOLTON",South Africa,1666.92590908095,1060012680,4,4,train
GRDC_1321880,grdc,2696,7.0687,-10.8812,"LOFA RIVER, LOFA BRIDGE",Liberia,8076.79948711192,1060024880,3,3,train
GRDC_1322840,grdc,2696,7.2021,-9.8188,"SAINT PAUL RIVER, PIATTA",Liberia,13811.8665824707,1060024870,2,2,train
GRDC_1322880,grdc,2696,6.9021,-10.3604,"SAINT PAUL RIVER, HAINDI",Liberia,18398.8848544949,1060024870,2,2,train
GRDC_3617110,grdc,2695,-10.7938,-65.3479,"RIO MAMORE, GUAJARA-MIRIM",Brazil,614223.523924996,6060007000,4,4,train
GRDC_3617812,grdc,2695,-13.4854,-61.0479,"RIO GUAPORE, PIMENTEIRAS",Brazil,55945.8227268186,6060007000,4,4,train
GRDC_3618051,grdc,2695,-0.4938,-64.8146,"RIO NEGRO, SERRINHA",Brazil,293714.733686805,6060007000,4,4,train
GRDC_3618053,grdc,2695,0.3729,-67.3146,"RIO NEGRO, SAO FELIPE",Brazil,124376.940596553,6060007000,4,4,train
GRDC_3618121,grdc,2695,0.2479,-69.7854,"RIO TIQUIE, PARI CACHOEIRA",Brazil,2007.0284079619696,6060007000,4,4,train
GRDC_3618150,grdc,2695,0.8812,-62.6229,"RIO DEMINI, POSTO AJURICABA",Brazil,17858.2371311334,6060007000,4,4,train
GRDC_3618711,grdc,2695,4.1688,-60.5271,"RIO COTINGO, MALOCA DO CONTAO",Brazil,5914.64587183189,6060007000,4,4,train
GRDC_3618720,grdc,2695,3.2062,-60.5688,"RIO URARICOERA, FAZENDA PASSARAO",Brazil,49585.0722961651,6060007000,4,4,train
GRDC_3618731,grdc,2695,2.7313,-62.0187,"RIO MUCAJAI, PÖSTO FUNAI",Brazil,9655.70921263283,6060007000,4,4,train
GRDC_3618740,grdc,2695,1.7479,-62.2812,"RIO CATRIMANI, MISSAO CATRIMANI",Brazil,6176.78979730924,6060007000,4,4,train
GRDC_3618951,grdc,2695,0.1312,-68.5354,"RIO UAUPES, TARAQUA",Brazil,44067.7429797133,6060007000,4,4,train
GRDC_3630300,grdc,2695,-1.7771,-54.4021,"RIO MAICURU, ARAPARI",Brazil,12484.4100913151,6060007000,4,4,train
GRDC_3632401,grdc,2695,-5.1354,-72.8187,"RIO JAVARI, PALMEIRAS DO JAVARI",Brazil,16614.6819972346,6060007000,4,4,train
GRDC_3633123,grdc,2695,-7.0563,-71.6896,"RIO YURUA, IPIXUNA",Brazil,55722.94187899389,6060007000,4,4,train
GRDC_3633160,grdc,2695,-7.6354,-72.6604,"RIO YURUA, CRUZEIRO DO SUL",Brazil,38095.6505483669,6060007000,4,4,train
GRDC_3633190,grdc,2695,-9.4104,-72.7188,"RIO YURUA, FOZ DO BREU",Brazil,7800.24130840717,6060007000,4,4,train
GRDC_3633310,grdc,2695,-8.1604,-70.3604,"ENVIRA, RIO, FEIJO",Brazil,17325.3570848725,6060007000,4,4,train
GRDC_3634340,grdc,2695,-7.2562,-64.7979,"RIO PURUS, LABREA",Brazil,227885.874856557,6060007000,4,4,train
GRDC_3634360,grdc,2695,-8.6521,-67.3771,"RIO PURUS, VALPARAISO-MONTANTE",Brazil,105911.311828955,6060007000,4,4,train
GRDC_3634380,grdc,2695,-8.8854,-69.2729,"RIO PURUS, MANOEL URBANO",Brazil,32852.296072892,6060007000,4,4,train
GRDC_3634450,grdc,2695,-9.1146,-68.9896,"RIO CAETE, SERINGAL GUARANY",Brazil,5678.96518474278,6060007000,4,4,train
GRDC_3635035,grdc,2695,-7.5021,-63.0104,"RIO MADERA, HUMAITA",Brazil,1092027.74872311,6060007000,4,4,train
GRDC_3635402,grdc,2695,-8.9312,-62.0562,"RIO JI-PARANA, TABAJARA",Brazil,60410.8420236382,6060007000,4,4,train
GRDC_3635408,grdc,2695,-10.8729,-61.9354,"RIO JI-PARANA, JIPARANA (RONDONIA)",Brazil,33007.9130248097,6060007000,4,4,train
GRDC_3635440,grdc,2695,-11.6854,-61.1896,"RIO APIDIA, PIMENTA BUENO",Brazil,10098.0682971119,6060007000,4,4,train
GRDC_3635651,grdc,2695,-7.7062,-60.5896,"RIO ARIPUANA, BOCA DO GUARIBA",Brazil,70445.1565510691,6060007000,4,4,train
GRDC_3637390,grdc,2695,-7.7312,-58.2896,"RIO JURUENA, FOZ DO JURUENA",Brazil,182916.24523713,6060007000,4,4,train
GRDC_3637771,grdc,2695,-9.6396,-56.0229,"RIO SAO MANOEL, JUSANTE FOZ PEIXOTO DE AZEVEDO",Brazil,81835.64483145361,6060007000,4,4,train
GRDC_3637810,grdc,2695,-9.8146,-54.8854,"BRACO DO SUL, RIO, CACHIMBO",Brazil,1015.27317675294,6060007000,4,4,train
GRDC_3638150,grdc,2695,-5.6979,-54.2396,"RIO IRIRI, LARANJEIRAS",Brazil,58832.2966043016,6060007000,4,4,train
GRDC_3638210,grdc,2695,-5.6521,-54.5229,"RIO CURUA, CAJUEIRO",Brazil,35766.824185338104,6060007000,4,4,train
GRDC_3638700,grdc,2695,-13.1396,-54.4479,"RIO RONURO, FAZENDA ITAGUACU",Brazil,3872.182264022,6060007000,4,4,train
GRDC_3649860,grdc,2695,-7.6146,-49.0479,"RIBEIRAO JENIPAPO, ARAPOEMA",Brazil,1204.50712835718,6060007950,3,3,train
GRDC_3653110,grdc,2695,-24.7937,-49.2771,"RIO RIBEIRA DE IGUAPE, BALSA DO CERRO AZUL",Brazil,4677.92389031905,6060014460,2,2,train
GRDC_3660900,grdc,2695,-21.6896,-44.3521,"RIO AIURUOCA, FAZENDA LARANJEIRAS",Brazil,1977.02865798583,6060016970,1,1,val
GRDC_4106500,grdc,2695,58.4229,-134.5646,"MENDENHALL RIVER, NEAR AUKE BAY, AK",United States of America,206.99425971365503,7060020510,1,1,val
GRDC_4106600,grdc,2695,58.5396,-133.7021,"TAKU RIVER, NEAR JUNEAU, AK",United States of America,16724.8602033551,7060020500,2,2,train
GRDC_4113300,grdc,2695,47.9271,-97.0271,"RED RIVER OF THE NORTH, GRAND FORKS, N.D.",United States of America,66372.4613784445,7060022240,3,3,train
GRDC_4113301,grdc,2695,48.5729,-97.1479,"RED RIVER OF THE NORTH, DRAYTON, ND",United States of America,78163.1070226188,7060022240,3,3,train
GRDC_4113302,grdc,2695,47.3563,-96.8438,"RED RIVER OF THE NORTH, HALSTAD, MN",United States of America,45227.582027443,7060022240,3,3,train
GRDC_4113303,grdc,2695,46.8604,-96.7812,"RED RIVER OF THE NORTH, FARGO, ND",United States of America,17377.7075257568,7060022240,3,3,train
GRDC_4113304,grdc,2695,46.6604,-96.8021,"RED RIVER OF THE NORTH, HICKSON, ND",United States of America,10993.9089123305,7060022240,3,3,train
GRDC_4113305,grdc,2695,46.2771,-96.5979,"RED RIVER OF THE NORTH, WAHPETON, ND",United States of America,9838.82744280919,7060022240,3,3,train
GRDC_4113310,grdc,2695,46.4688,-96.7812,"WILD RICE RIVER, NEAR ABERCROMBIE, ND",United States of America,5579.784708673001,7060022240,3,3,train
GRDC_4113315,grdc,2695,47.8896,-96.2729,"CLEARWATER RIVER, RED LAKE FALLS, MN",United States of America,3535.241471611,7060022240,3,3,train
GRDC_4113320,grdc,2695,47.8021,-96.8104,"RED LAKE RIVER, FISHER, MN",United States of America,14293.692038705802,7060022240,3,3,train
GRDC_4113321,grdc,2695,47.7729,-96.6104,"RED LAKE RIVER, CROOKSTON, MN",United States of America,13631.5756484767,7060022240,3,3,train
GRDC_4113330,grdc,2695,46.1521,-96.5771,"BOIS DE SIOUX RIVER, NEAR DORAN, MN",United States of America,4809.59755013522,7060022240,3,3,train
GRDC_4113340,grdc,2695,46.9062,-97.0563,"MAPLE RIVER, BELOW MAPLETON, ND",United States of America,4078.7872707598,7060022240,3,3,train
GRDC_4113350,grdc,2695,48.9104,-97.9146,"PEMBINA RIVER, WALHALLA, ND",United States of America,8002.248903230999,7060022240,3,3,train
GRDC_4113351,grdc,2695,48.9896,-97.5563,"PEMBINA RIVER, NECHE, ND",United States of America,8384.70284249577,7060022240,3,3,train
GRDC_4113360,grdc,2695,47.8062,-98.7146,"SHEYENNE RIVER, NEAR WARWICK, ND",United States of America,4959.206492402071,7060022240,3,3,train
GRDC_4113361,grdc,2695,47.4312,-98.0271,"SHEYENNE RIVER, NEAR COOPERSTOWN, ND",United States of America,7010.53146634156,7060022240,3,3,train
GRDC_4113400,grdc,2695,48.5021,-100.4437,"SOURIS RIVER, NEAR BANTRY, ND",United States of America,30534.5177836135,7060022240,3,3,train
GRDC_4113401,grdc,2695,48.1604,-100.7354,"SOURIS RIVER, NEAR VERENDRYE, ND",United States of America,28070.987841810096,7060022240,3,3,train
GRDC_4113402,grdc,2695,48.2479,-101.3729,"SOURIS RIVER, ABOVE MINOT, ND",United States of America,25973.1322161962,7060022240,3,3,train
GRDC_4113410,grdc,2695,48.9813,-103.0771,"LONG CREEK, NEAR NOONAN, ND",United States of America,3591.6671044728496,7060022240,3,3,train
GRDC_4113420,grdc,2695,48.3688,-101.5687,"DES LACS RIVER, FOXHOLM, ND",United States of America,2364.36678804971,7060022240,3,3,train
GRDC_4113600,grdc,2695,48.3979,-93.5479,"LITTLE FORK RIVER, LITTLEFORK, MINN.",United States of America,4339.54856831156,7060022240,3,3,train
GRDC_4115080,grdc,2695,46.2771,-122.9146,"COWLITZ RIVER, CASTLE ROCK, WA",United States of America,5761.715684777911,7060014930,4,4,train
GRDC_4115081,grdc,2695,46.5104,-122.6146,"COWLITZ RIVER, BELOW MAYFIELD DAM, WA",United States of America,3581.62880630026,7060014930,4,4,train
GRDC_4115082,grdc,2695,46.6146,-121.6771,"COWLITZ RIVER, PACKWOOD, WA",United States of America,811.249626314089,7060014930,4,4,train
GRDC_4115100,grdc,2695,44.9438,-123.0438,"WILLAMETTE RIVER, SALEM, OR",United States of America,18807.1590170753,7060014930,4,4,train
GRDC_4115101,grdc,2695,45.5187,-122.6688,"WILLAMETTE RIVER, PORTLAND, OR",United States of America,28841.2982325734,7060014930,4,4,train
GRDC_4115102,grdc,2695,44.2687,-123.1729,"WILLAMETTE RIVER, HARRISBURG, OR",United States of America,8959.94083993982,7060014930,4,4,train
GRDC_4115105,grdc,2695,44.0729,-122.7729,"MCKENZIE RIVER, NEAR WALTERVILLE, OR",United States of America,2793.16006405987,7060014930,4,4,train
GRDC_4115106,grdc,2695,44.1229,-122.4688,"MCKENZIE RIVER, NEAR VIDA, OR",United States of America,2398.61957758832,7060014930,4,4,train
GRDC_4115201,grdc,2695,46.1812,-123.1896,"COLUMBIA RIVER, BEAVER ARMY TERMINAL NEAR QUINCY, OR",United States of America,650736.081752865,7060014930,4,4,train
GRDC_4115202,grdc,2695,46.6271,-119.8646,"COLUMBIA RIVER, BELOW PRIEST RAPIDS DAM, WA",United States of America,248852.72288528,7060014930,4,4,train
GRDC_4115203,grdc,2695,47.3312,-120.0812,"COLUMBIA RIVER, BELOW ROCK ISLAND DAM, WA",United States of America,232742.080159099,7060014930,4,4,train
GRDC_4115204,grdc,2695,47.5229,-120.3021,"COLUMBIA RIVER, ROCKY REACH DAM, WA",United States of America,228595.36213314897,7060014930,4,4,train
GRDC_4115205,grdc,2695,47.9479,-119.8646,"COLUMBIA RIVER, BELOW WELLS DAM, WA",United States of America,224291.908443271,7060014930,4,4,train
GRDC_4115206,grdc,2695,47.9646,-118.9812,"COLUMBIA RIVER, GRAND COULEE, WA",United States of America,194690.41834483,7060014930,4,4,train
GRDC_4115210,grdc,2695,45.7562,-121.2104,"KLICKITAT RIVER, NEAR PITT, WA",United States of America,3339.60412463452,7060014930,4,4,train
GRDC_4115211,grdc,2695,46.2646,-121.2438,"KLICKITAT RIVER, ABOVE WEST FORK NEAR GLENWOOD, WA",United States of America,393.936567881967,7060014930,4,4,train
GRDC_4115220,grdc,2695,44.7938,-120.0062,"JOHN DAY RIVER, SERVICE CREEK, OR",United States of America,13193.1528749806,7060014930,4,4,train
GRDC_4115221,grdc,2695,45.5896,-120.4104,"JOHN DAY RIVER, MCDONALD FERRY, OREG",United States of America,19771.2306292227,7060014930,4,4,train
GRDC_4115222,grdc,2695,44.4188,-118.9021,"JOHN DAY RIVER, NEAR JOHN DAY, OR",United States of America,1014.18385171652,7060014930,4,4,train
GRDC_4115223,grdc,2695,44.8146,-119.4313,"NORTH FORK JOHN DAY RIVER, MONUMENT, OR",United States of America,6493.703646847281,7060014930,4,4,train
GRDC_4115224,grdc,2695,44.8896,-119.1438,"MIDDLE FORK JOHN DAY RIVER, RITTER, OR",United States of America,1356.18618784692,7060014930,4,4,train
GRDC_4115226,grdc,2695,44.4938,-121.2979,"CROOKED RIVER, BELOW OPAL SPRINGS NEAR CULVER, OR",United States of America,11571.3776169071,7060014930,4,4,train
GRDC_4115230,grdc,2695,47.5812,-120.6146,"WENATCHEE RIVER, PESHASTIN, WA",United States of America,2599.90968138711,7060014930,4,4,train
GRDC_4115231,grdc,2695,47.4979,-120.4271,"WENATCHEE RIVER, MONITOR, WA",United States of America,3374.7454572418605,7060014930,4,4,train
GRDC_4115235,grdc,2695,48.0771,-119.9854,"METHOW RIVER, NEAR PATEROS, WA",United States of America,4609.38501649264,7060014930,4,4,train
GRDC_4115236,grdc,2695,48.4729,-120.1771,"METHOW RIVER, WINTHROP, WA",United States of America,2665.6818877469,7060014930,4,4,train
GRDC_4115240,grdc,2695,45.9021,-119.3271,"UMATILLA RIVER, NEAR UMATILLA, OR",United States of America,6488.0392610662,7060014930,4,4,train
GRDC_4115241,grdc,2695,45.7188,-118.3229,"UMATILLA RIVER, ABOVE MEACHAM CREEK NEAR GIBBON, OR",United States of America,343.788553362638,7060014930,4,4,train
GRDC_4115250,grdc,2695,46.0271,-118.7312,"WALLA WALLA RIVER, NEAR TOUCHET, WA",United States of America,4275.09490944747,7060014930,4,4,train
GRDC_4115260,grdc,2695,46.2562,-119.4771,"YAKIMA RIVER, KIONA, WA",United States of America,14591.1248303873,7060014930,4,4,train
GRDC_4115261,grdc,2695,46.5354,-120.4688,"YAKIMA RIVER, ABOVE AHTANUM CREEK AT UNION GAP, WA",United States of America,9446.86629545157,7060014930,4,4,train
GRDC_4115262,grdc,2695,46.8646,-120.4812,"YAKIMA RIVER, UTANUM, WA",United States of America,4136.67272346405,7060014930,4,4,train
GRDC_4115270,grdc,2695,46.8312,-119.8312,"CRAB CREEK, NEAR BEVERLY, WA",United States of America,11867.737320671298,7060014930,4,4,train
GRDC_4115280,grdc,2695,45.6229,-120.9062,"DESCHUTES RIVER, MOODY NEAR BIGGS, OR",United States of America,27544.4166444834,7060014930,4,4,train
GRDC_4115281,grdc,2695,44.7271,-121.2479,"DESCHUTES RIVER, NEAR MADRAS, OR",United States of America,20614.1579912537,7060014930,4,4,train
GRDC_4115282,grdc,2695,44.4979,-121.3187,"DESCHUTES RIVER, NEAR CULVER, OR",United States of America,6950.86353442791,7060014930,4,4,train
GRDC_4115290,grdc,2695,47.8354,-120.0146,"CHELAN RIVER, CHELAN, WA",United States of America,2395.49436940163,7060014930,4,4,train
GRDC_4115300,grdc,2695,48.6312,-119.4604,"OKANOGAN RIVER, NEAR TONASKET, WA",United States of America,18760.0357127721,7060014930,4,4,train
GRDC_4115301,grdc,2695,48.2812,-119.7062,"OKANOGAN RIVER, MALOTT, WA",United States of America,20954.5383520763,7060014930,4,4,train
GRDC_4115305,grdc,2695,48.9854,-119.6188,"SIMILKAMEEN RIVER, NEAR NIGHTHAWK, WA",United States of America,9134.01216703857,7060014930,4,4,train
GRDC_4115310,grdc,2695,48.9813,-118.7646,"KETTLE RIVER, NEAR FERRY, WA",United States of America,5647.53841636656,7060014930,4,4,train
GRDC_4115311,grdc,2695,48.9813,-118.2146,"KETTLE RIVER, NEAR LAURIER, WA",United States of America,10004.1311696005,7060014930,4,4,train
GRDC_4115322,grdc,2695,48.9979,-116.5104,"KOOTENAI RIVER, PORTHILL, ID",United States of America,34307.3934946243,7060014930,4,4,train
GRDC_4115330,grdc,2695,48.4979,-114.0104,"FLATHEAD RIVER, NEAR WEST GLACIER, MT (MIDDLE FORK)",United States of America,2907.5655299612395,7060014930,4,4,train
GRDC_4115331,grdc,2695,47.3688,-114.5854,"FLATHEAD RIVER, PERMA, MT",United States of America,23235.3269102838,7060014930,4,4,train
GRDC_4115332,grdc,2695,47.6812,-114.2479,"FLATHEAD RIVER, NEAR POISON, MT",United States of America,18305.6397992887,7060014930,4,4,train
GRDC_4115340,grdc,2695,46.8979,-113.7562,"BLACKFOOT RIVER, NEAR BONNER, MT",United States of America,5910.62907717432,7060014930,4,4,train
GRDC_4115344,grdc,2695,46.3979,-112.7396,"CLARK FORK, DEER LODGE, MT",United States of America,2606.9025814340803,7060014930,4,4,train
GRDC_4115345,grdc,2695,47.3021,-115.0854,"CLARK FORK, ST. REGIS, MT",United States of America,27719.0750939684,7060014930,4,4,train
GRDC_4115347,grdc,2695,47.4271,-114.8562,"CLARK FORK, NEAR PLAINS, MT",United States of America,51550.67180403099,7060014930,4,4,train
GRDC_4115349,grdc,2695,46.8771,-113.9313,"CLARK FORK, ABOVE MISSOULA, MT",United States of America,15557.556732429,7060014930,4,4,train
GRDC_4115350,grdc,2695,47.5562,-116.3229,"COEUR D'ALENE RIVER, NEAR CATALDO, ID",United States of America,3114.82330407345,7060014930,4,4,train
GRDC_4115351,grdc,2695,47.5688,-116.2521,"COEUR D'ALENE RIVER, ENAVILLE, ID (NORTH FORK)",United States of America,2307.2236245610898,7060014930,4,4,train
GRDC_4115400,grdc,2695,47.8354,-117.8396,"SPOKANE RIVER, LONG LAKE, WA",United States of America,15909.3058178218,7060014930,4,4,train
GRDC_4115401,grdc,2695,47.6604,-117.4479,"SPOKANE RIVER, SPOKANE, WA",United States of America,11039.5438688744,7060014930,4,4,train
GRDC_4115403,grdc,2695,47.7021,-116.9771,"SPOKANE RIVER, NEAR POST FALLS, ID",United States of America,9863.53492600688,7060014930,4,4,train
GRDC_4115410,grdc,2695,47.2729,-116.1896,"SAINT JOE CREEK, CALDER, ID",United States of America,2658.75443482356,7060014930,4,4,train
GRDC_4115450,grdc,2695,46.8312,-114.0604,"BITTERROOT RIVER, NEAR MISSOULA, MT",United States of America,7248.292021286991,7060014930,4,4,train
GRDC_4115451,grdc,2695,45.9729,-114.1396,"BITTERROOT RIVER, NEAR DARBY, MT",United States of America,2680.6950985386898,7060014930,4,4,train
GRDC_4116150,grdc,2695,45.6188,-117.7271,"MINAM RIVER, MINAM, OR",United States of America,631.937299232648,7060014930,4,4,train
GRDC_4116181,grdc,2695,46.0979,-116.9771,"SNAKE RIVER, NEAR ANATONE, WA",United States of America,221071.247267135,7060014930,4,4,train
GRDC_4116183,grdc,2695,45.2521,-116.6979,"SNAKE RIVER, HELLS CANYON DAM (ID-OR STATE LINE)",United States of America,170434.085049568,7060014930,4,4,train
GRDC_4116184,grdc,2695,44.2438,-116.9812,"SNAKE RIVER, WEISER, ID",United States of America,159719.259725977,7060014930,4,4,train
GRDC_4116185,grdc,2695,43.8771,-116.9812,"SNAKE RIVER, NYSSA, OR",United States of America,134029.708656925,7060014930,4,4,train
GRDC_4116187,grdc,2695,43.0021,-115.2021,"SNAKE RIVER, KING HILL, ID",United States of America,75963.1702001026,7060014930,4,4,train
GRDC_4116188,grdc,2695,42.6729,-113.5021,"SNAKE RIVER, HOWELLS FERRY NEAR MINIDOKA, ID",United States of America,46107.0524749124,7060014930,4,4,train
GRDC_4116189,grdc,2695,42.7687,-112.8771,"SNAKE RIVER, NEELEY, ID",United States of America,39781.6842086148,7060014930,4,4,train
GRDC_4116190,grdc,2695,43.4146,-112.1396,"SNAKE RIVER, NEAR SHELLEY, ID",United States of America,25013.710321092403,7060014930,4,4,train
GRDC_4116192,grdc,2695,43.6521,-110.7146,"SNAKE RIVER, MOOSE, WY",United States of America,4322.09737060229,7060014930,4,4,train
GRDC_4116200,grdc,2695,46.7604,-118.1396,"PALOUSE RIVER, HOOPER, WA",United States of America,6512.76828579401,7060014930,4,4,train
GRDC_4116201,grdc,2695,46.9188,-116.9521,"PALOUSE RIVER, NEAR POTLATCH, ID",United States of America,814.9609542668879,7060014930,4,4,train
GRDC_4116300,grdc,2695,46.4479,-116.8271,"CLEARWATER RIVER, SPALDING, ID",United States of America,24046.3380761834,7060014930,4,4,train
GRDC_4116301,grdc,2695,46.4771,-116.2562,"CLEARWATER RIVER, OROFINO, ID",United States of America,14260.859316676298,7060014930,4,4,train
GRDC_4116320,grdc,2695,46.0854,-115.5146,"SELWAY RIVER, NEAR LOWELL, ID",United States of America,5093.42407760969,7060014930,4,4,train
GRDC_4116325,grdc,2695,46.1521,-115.5854,"LOCHSA RIVER, NEAR LOWELL, ID",United States of America,3050.09045732776,7060014930,4,4,train
GRDC_4116330,grdc,2695,45.7521,-116.3229,"SALMON RIVER, WHITE BIRD, ID",United States of America,34934.5721641563,7060014930,4,4,train
GRDC_4116331,grdc,2695,45.3229,-114.4396,"SALMON RIVER, NEAR SHOUP, ID",United States of America,16130.8743079868,7060014930,4,4,train
GRDC_4116332,grdc,2695,45.1812,-113.8938,"SALMON RIVER, SALMON, ID",United States of America,9678.06627379249,7060014930,4,4,train
GRDC_4116333,grdc,2695,44.2687,-114.7354,"SALMON RIVER, BELOW YANKEE FORK NEAR CLAYTON, ID",United States of America,2091.87578267734,7060014930,4,4,train
GRDC_4116340,grdc,2695,44.9396,-113.6396,"LEMHI RIVER, NEAR LEMHI, ID",United States of America,2348.91805667082,7060014930,4,4,train
GRDC_4116350,grdc,2695,42.7729,-115.7188,"BRUNEAU RIVER, NEAR HOT SPRING, ID",United States of America,6969.33698288801,7060014930,4,4,train
GRDC_4116351,grdc,2695,41.9312,-115.6771,"BRUNEAU RIVER, ROWLAND, NV",United States of America,986.562726917102,7060014930,4,4,train
GRDC_4116360,grdc,2695,44.2229,-114.9313,"VALLEY CREEK, STANLEY, ID",United States of America,385.97332801356,7060014930,4,4,train
GRDC_4116400,grdc,2695,44.0438,-116.9188,"PAYETTE RIVER, NEAR PAYETTE, ID",United States of America,8539.457157363679,7060014930,4,4,train
GRDC_4116401,grdc,2695,43.9312,-116.4396,"PAYETTE RIVER, NEAR EMMETT, ID",United States of America,7084.20693051637,7060014930,4,4,train
GRDC_4116402,grdc,2695,43.9438,-116.1979,"PAYETTE RIVER, NEAR HORSESHOE BEND, ID",United States of America,5760.01809573225,7060014930,4,4,train
GRDC_4116405,grdc,2695,44.1146,-116.1062,"NORTH FORK PAYETTE RIVER, NEAR BANKS, ID",United States of America,2384.3859654526,7060014930,4,4,train
GRDC_4116406,grdc,2695,44.5271,-116.0479,"NORTH FORK PAYETTE RIVER, CASCADE, ID",United States of America,1585.28772832299,7060014930,4,4,train
GRDC_4116407,grdc,2695,44.9104,-116.1146,"NORTH FORK PAYETTE RIVER, MCCALL, ID",United States of America,375.874353761341,7060014930,4,4,train
GRDC_4116451,grdc,2695,42.8646,-117.6479,"OWYHEE RIVER, NEAR ROME, OR",United States of America,19737.0072031739,7060014930,4,4,train
GRDC_4116452,grdc,2695,41.8604,-115.9896,"OWYHEE RIVER, NEAR MOUNTAIN CITY, NV",United States of America,1005.97814981813,7060014930,4,4,train
GRDC_4116460,grdc,2695,43.6604,-116.2771,"BOISE RIVER, GLENWOOD BRIDGE NEAR BOISE, ID",United States of America,7241.385694805959,7060014930,4,4,train
GRDC_4116470,grdc,2695,43.8271,-111.9021,"HENRYS FORK, NEAR REXBURG, ID",United States of America,8386.86345748499,7060014930,4,4,train
GRDC_4116471,grdc,2695,43.9646,-111.6729,"HENRYS FORK, ST. ANTHONY, ID",United States of America,4927.941393902321,7060014930,4,4,train
GRDC_4118110,grdc,2695,39.1521,-119.0979,"WALKER RIVER, NEAR WABUSKA, NV",United States of America,6303.646591592779,7060073830,4,4,train
GRDC_4118300,grdc,2695,33.7438,-116.5354,"PALM CANYON CREEK, NEAR PALM SPRINGS, CA",United States of America,235.699600176888,7060008710,2,2,train
GRDC_4118320,grdc,2695,35.8521,-116.2312,"AMARGOSA RIVER, TECOPA, CA",United States of America,7991.746464421609,7060073690,0,0,test
GRDC_4118410,grdc,2695,40.6063,-116.1979,"HUMBOLDT RIVER, PALISADE, NV",United States of America,13039.6407176727,7060073630,2,2,train
GRDC_4118420,grdc,2695,42.7896,-118.8688,"DONNER UND BLITZEN RIVER, NEAR FRENCHGLEN, OR",United States of America,525.697937149877,7060073780,4,4,train
GRDC_4118440,grdc,2695,40.6938,-118.2021,"HUMBOLDT RIVER, NEAR IMLAY, NV",United States of America,40419.9627197553,7060073630,2,2,train
GRDC_4118800,grdc,2695,37.6521,-112.4271,"SEVIER RIVER, HATCH, UT",United States of America,841.3003714985499,7060073650,1,1,val
GRDC_4118850,grdc,2695,39.3729,-112.0396,"SEVIER RIVER, JUAB, UT",United States of America,13339.4058119879,7060073650,1,1,val
GRDC_4119050,grdc,2695,46.6396,-94.8812,"CROW WING RIVER, NIMROD, MN",United States of America,2775.34662231528,7060047060,0,0,test
GRDC_4119070,grdc,2695,45.0896,-93.7354,"CROW RIVER, ROCKFORD, MN",United States of America,6895.72854671706,7060047060,0,0,test
GRDC_4119080,grdc,2695,45.4062,-92.6479,"SAINT CROIX RIVER, ST. CROIX FALLS, WI",United States of America,16159.7236705428,7060047060,0,0,test
GRDC_4119090,grdc,2695,44.1104,-94.0438,"LE SUEUR RIVER, NEAR RAPIDAN, MN",United States of America,2944.64119867472,7060047060,0,0,test
GRDC_4119101,grdc,2695,46.5396,-93.7062,"MISSISSIPPI RIVER, AITKIN, MN",United States of America,14887.7067395363,7060047060,0,0,test
GRDC_4119150,grdc,2695,42.7438,-91.2604,"TURKEY RIVER, GARBER, IA",United States of America,4055.74973314882,7060047060,0,0,test
GRDC_4119170,grdc,2695,41.7687,-90.5354,"WAPSIPINICON RIVER, NEAR DE WITT, IA",United States of America,6052.36729810334,7060047060,0,0,test
GRDC_4119200,grdc,2695,41.5604,-90.1813,"ROCK RIVER, NEAR JOSLIN, IL",United States of America,24788.567008915,7060047060,0,0,test
GRDC_4119210,grdc,2695,42.3062,-89.6188,"PECATONICA RIVER, FREEPORT, IL",United States of America,3433.7400271240804,7060047060,0,0,test
GRDC_4119230,grdc,2695,41.4854,-90.1562,"GREEN RIVER, NEAR GENESEO, IL",United States of America,2573.49550886812,7060047060,0,0,test
GRDC_4119250,grdc,2695,41.1812,-91.1813,"IOWA RIVER, WAPELLO, IA",United States of America,32194.3598841599,7060047060,0,0,test
GRDC_4119251,grdc,2695,41.6562,-91.5396,"IOWA RIVER, IOWA CITY, IA",United States of America,8434.44161245791,7060047060,0,0,test
GRDC_4119252,grdc,2695,42.0646,-92.9062,"IOWA RIVER, MARSHALLTOWN, IA",United States of America,4042.2055793501295,7060047060,0,0,test
GRDC_4119260,grdc,2695,41.9729,-91.6688,"CEDAR RIVER, CEDAR RAPIDS, IA",United States of America,16733.181970727,7060047060,0,0,test
GRDC_4119261,grdc,2695,42.4979,-92.3354,"CEDAR RIVER, WATERLOO, IA",United States of America,13230.8952689167,7060047060,0,0,test
GRDC_4119262,grdc,2695,42.6479,-92.4688,"CEDAR RIVER, JANESVILLE, IA",United States of America,4346.5482827752,7060047060,0,0,test
GRDC_4119264,grdc,2695,41.4104,-91.2896,"CEDAR RIVER, NEAR CONESVILLE, IA",United States of America,19996.7508281517,7060047060,0,0,test
GRDC_4119265,grdc,2695,42.7146,-92.5812,"SHELL ROCK RIVER, SHELL ROCK, IA",United States of America,4378.83647429373,7060047060,0,0,test
GRDC_4119270,grdc,2695,40.7562,-91.2771,"SKUNK RIVER, AUGUSTA, IA",United States of America,11213.7406329266,7060047060,0,0,test
GRDC_4119271,grdc,2695,41.3563,-92.6562,"SKUNK RIVER, NEAR OSKALOOSA, IA (S. BRANCH)",United States of America,4325.8905863428,7060047060,0,0,test
GRDC_4119280,grdc,2695,40.7271,-91.9604,"DES MOINES RIVER, KEOSAUQUA, IA",United States of America,36550.0787602888,7060047060,0,0,test
GRDC_4119281,grdc,2695,42.2521,-93.9938,"DES MOINES RIVER, NEAR STRATFORD, IA",United States of America,14438.6412403153,7060047060,0,0,test
GRDC_4119282,grdc,2695,42.5062,-94.2021,"DES MOINES RIVER, FORT DODGE, IA",United States of America,11196.9788010468,7060047060,0,0,test
GRDC_4119283,grdc,2695,42.7229,-94.1896,"DES MOINES RIVER, DAKOTA CITY, IA (EAST FORK)",United States of America,3454.78078935617,7060047060,0,0,test
GRDC_4119285,grdc,2695,41.5354,-93.9479,"RACCOON RIVER, VAN METER, IA",United States of America,8858.444458913242,7060047060,0,0,test
GRDC_4119286,grdc,2695,41.9896,-94.3729,"NORTH RACCOON RIVER, NEAR JEFFERSON, IA",United States of America,4219.77871212781,7060047060,0,0,test
GRDC_4119288,grdc,2695,42.4354,-93.8021,"BOONE RIVER, NEAR WEBSTER CITY, IA",United States of America,2146.14608412538,7060047060,0,0,test
GRDC_4119290,grdc,2695,39.6146,-91.4104,"SALT RIVER, NEAR NEW LONDON, MO",United States of America,6451.8062268370895,7060047060,0,0,test
GRDC_4119295,grdc,2695,39.0146,-90.9854,"CUIVRE RIVER, NEAR TROY, MO",United States of America,2395.98324259981,7060047060,0,0,test
GRDC_4119311,grdc,2695,41.1646,-87.6688,"KANKAKEE RIVER, MOMENCE, IL",United States of America,5922.521698284289,7060047060,0,0,test
GRDC_4119312,grdc,2695,41.1854,-87.3396,"KANKAKEE RIVER, SHELBY, IN",United States of America,4761.164808089529,7060047060,0,0,test
GRDC_4119313,grdc,2695,41.2188,-86.9688,"KANKAKEE RIVER, DUNNS BRIDGE, IN",United States of America,3679.11586199166,7060047060,0,0,test
GRDC_4119315,grdc,2695,41.0104,-87.8229,"IROQUOIS RIVER, NEAR CHEBANSE, IL",United States of America,5663.88044045321,7060047060,0,0,test
GRDC_4119317,grdc,2695,41.3854,-88.7896,"FOX RIVER, DAYTON, IL",United States of America,6657.53890766258,7060047060,0,0,test
GRDC_4119318,grdc,2695,41.2104,-88.9313,"VERMILION RIVER, NEAR LEONORE, IL",United States of America,3267.0071987036104,7060047060,0,0,test
GRDC_4119321,grdc,2695,40.7062,-90.2812,"SPOON RIVER, LONDON MILLS, IL",United States of America,2772.9613317973804,7060047060,0,0,test
GRDC_4119322,grdc,2695,40.4896,-90.3396,"SPOON RIVER, SEVILLE, IL",United States of America,4230.43173994447,7060047060,0,0,test
GRDC_4119325,grdc,2695,40.1354,-89.7354,"SALT CREEK, NEAR GREENVIEW, IL",United States of America,4733.78540886604,7060047060,0,0,test
GRDC_4119327,grdc,2695,40.0271,-90.6312,"LA MOINE RIVER, RIPLEY, IL",United States of America,3353.41908453894,7060047060,0,0,test
GRDC_4119400,grdc,2695,39.7021,-90.6438,"ILLINOIS RIVER, VALLEY CITY",United States of America,67621.8935534601,7060047060,0,0,test
GRDC_4119401,grdc,2695,41.1063,-89.3562,"ILLINOIS RIVER, HENRY, IL",United States of America,33602.7948759391,7060047060,0,0,test
GRDC_4119410,grdc,2695,40.1271,-89.9854,"SANGAMON RIVER, NEAR OAKFORD, IL",United States of America,13335.4512508474,7060047060,0,0,test
GRDC_4119430,grdc,2695,44.0604,-91.2854,"BLACK RIVER, NEAR GAILSVILLE, WI",United States of America,5410.87250426264,7060047060,0,0,test
GRDC_4119431,grdc,2695,44.5604,-90.6146,"BLACK RIVER, NEILLSVILLE, WI",United States of America,1961.9503409320105,7060047060,0,0,test
GRDC_4119440,grdc,2695,44.6312,-91.9688,"CHIPPEWA RIVER, DURAND, WI",United States of America,23187.2632147006,7060047060,0,0,test
GRDC_4119441,grdc,2695,44.9271,-91.4104,"CHIPPEWA RIVER, CHIPPEWA FALLS, WI",United States of America,14478.2119313693,7060047060,0,0,test
GRDC_4119442,grdc,2695,45.4521,-91.2604,"CHIPPEWA RIVER, NEAR BRUCE, WI",United States of America,4100.01391841118,7060047060,0,0,test
GRDC_4119450,grdc,2695,43.2021,-90.4437,"WISCONSIN RIVER, MUSCODA,, WI",United States of America,27290.308923650897,7060047060,0,0,test
GRDC_4119451,grdc,2695,43.6063,-89.7562,"WISCONSIN RIVER, WISCONSIN DELLS, WI",United States of America,21134.9810406455,7060047060,0,0,test
GRDC_4119454,grdc,2695,45.8312,-89.5479,"WISCONSIN RIVER, RAINBOW LAKE NEAR LAKE TOMAHAWK, WI",United States of America,1975.9642301787896,7060047060,0,0,test
GRDC_4119460,grdc,2695,44.6938,-93.6438,"MINNESOTA RIVER, NEAR JORDAN, MN",United States of America,41962.2463413478,7060047060,0,0,test
GRDC_4119461,grdc,2695,44.9354,-95.7312,"MINNESOTA RIVER, MONTEVIDEO, MN",United States of America,15614.4422448546,7060047060,0,0,test
GRDC_4119510,grdc,2695,42.0854,-90.6312,"MAQUOKETA RIVER, NEAR MAQUOKETA, IA",United States of America,4128.875820115271,7060047060,0,0,test
GRDC_4119600,grdc,2695,42.3438,-87.9396,"DES PLAINES RIVER, NEAR GURNEE, ILL.",United States of America,633.26309193906,7060047060,0,0,test
GRDC_4120110,grdc,2695,46.3854,-105.8438,"TONGUE RIVER, MILES CITY, MT",United States of America,13976.385414191202,7060047060,0,0,test
GRDC_4120111,grdc,2695,45.1396,-106.7646,"TONGUE RIVER, TONGUE RIVER DAM NEAR DECKER, MT",United States of America,4619.677996755399,7060047060,0,0,test
GRDC_4120120,grdc,2695,46.1229,-107.4688,"BIGHORN RIVER, ABOVE TULLOCK CREEK NEAR BIGHORN, MT",United States of America,57942.1973973266,7060047060,0,0,test
GRDC_4120125,grdc,2695,44.8354,-108.4313,"SHOSHONE RIVER, NEAR LOVELL, WY",United States of America,6309.58216008944,7060047060,0,0,test
GRDC_4120200,grdc,2695,48.1312,-106.3646,"MILK RIVER, NASHUA, MT",United States of America,56350.0425527706,7060047060,0,0,test
GRDC_4120300,grdc,2695,47.9312,-110.5146,"TETON RIVER, LOMA, MT",United States of America,5708.68898107888,7060047060,0,0,test
GRDC_4120301,grdc,2695,47.9312,-111.5521,"TETON RIVER, NEAR DUTTON, MT",United States of America,3521.43975810161,7060047060,0,0,test
GRDC_4120311,grdc,2695,48.4271,-111.8938,"MARIAS RIVER, NEAR SHELBY, MT",United States of America,7079.89798766333,7060047060,0,0,test
GRDC_4120320,grdc,2695,46.9938,-107.8896,"MUSSELSHELL RIVER, MOSBY, MT",United States of America,20231.2870692455,7060047060,0,0,test
GRDC_4120321,grdc,2695,46.4312,-108.5729,"MUSSELSHELL RIVER, NEAR ROUNDUP, MT",United States of America,10374.9673562126,7060047060,0,0,test
GRDC_4120322,grdc,2695,46.4312,-109.8396,"MUSSELSHELL RIVER, HARLOWTON, MT",United States of America,2904.2669878879,7060047060,0,0,test
GRDC_4120330,grdc,2695,45.8979,-111.5938,"JEFFERSON RIVER, NEAR THREE FORKS, MT",United States of America,24142.5181110966,7060047060,0,0,test
GRDC_4120331,grdc,2695,45.6104,-112.3229,"JEFFERSON RIVER, NEAR TWIN BRIDGES, MT",United States of America,19754.6787476456,7060047060,0,0,test
GRDC_4120900,grdc,2695,48.1229,-104.4729,"MISSOURI RIVER, NEAR CULBERTSON, MT",United States of America,238248.086514321,7060047060,0,0,test
GRDC_4120902,grdc,2695,48.0062,-110.2562,"MISSOURI RIVER, VIRGELLE, MT",United States of America,87509.9851317804,7060047060,0,0,test
GRDC_4120903,grdc,2695,46.1479,-111.4188,"MISSOURI RIVER, TOSTON, MT",United States of America,37890.8375001333,7060047060,0,0,test
GRDC_4120950,grdc,2695,47.6771,-104.1562,"YELLOWSTONE RIVER, NEAR SIDNEY, MT",United States of America,177951.80113272,7060047060,0,0,test
GRDC_4120951,grdc,2695,45.7979,-108.4688,"YELLOWSTONE RIVER, BILLINGS, MT",United States of America,30538.0550305184,7060047060,0,0,test
GRDC_4120952,grdc,2695,45.5979,-110.5646,"YELLOWSTONE RIVER, NEAR LIVINGSTON, MT",United States of America,9187.1817742028,7060047060,0,0,test
GRDC_4120953,grdc,2695,45.1146,-110.7938,"YELLOWSTONE RIVER, CORWIN SPRINGS, MT",United States of America,6763.229019928511,7060047060,0,0,test
GRDC_4121100,grdc,2695,47.5938,-103.2604,"LITTLE MISSOURI RIVER, NEAR WATFORD CITY, ND",United States of America,21363.3862865901,7060047060,0,0,test
GRDC_4121101,grdc,2695,46.2979,-103.9146,"LITTLE MISSOURI RIVER, MARMARTH, ND",United States of America,11885.3353273982,7060047060,0,0,test
GRDC_4121102,grdc,2695,45.5438,-103.9729,"LITTLE MISSOURI RIVER, CAMP CROOK, SD",United States of America,5001.2679124988,7060047060,0,0,test
GRDC_4121110,grdc,2695,47.2854,-101.6229,"KNIFE RIVER, HAZEN, ND",United States of America,5899.69269603683,7060047060,0,0,test
GRDC_4121111,grdc,2695,47.1562,-102.0604,"KNIFE RIVER, NEAR GOLDEN VALLEY, ND",United States of America,3212.22191247954,7060047060,0,0,test
GRDC_4121120,grdc,2695,46.3771,-100.9354,"CANNONBALL RIVER, BREIEN, ND",United States of America,10530.6006347186,7060047060,0,0,test
GRDC_4121121,grdc,2695,46.4271,-102.5521,"CANNONBALL RIVER, REGENT, ND",United States of America,1507.62476994115,7060047060,0,0,test
GRDC_4121125,grdc,2695,46.0896,-101.3354,"CEDAR CREEK, NEAR RALEIGH, ND",United States of America,4528.030036773979,7060047060,0,0,test
GRDC_4121126,grdc,2695,46.1562,-102.4729,"CEDAR CREEK, NEAR HAYNES, ND",United States of America,1428.57655924294,7060047060,0,0,test
GRDC_4121130,grdc,2695,45.1979,-102.1604,"MOREAU RIVER, NEAR FAITH, SD",United States of America,6694.64383217802,7060047060,0,0,test
GRDC_4121131,grdc,2695,45.2604,-100.8438,"MOREAU RIVER, NEAR WHITEHORSE, SD",United States of America,12530.2222264151,7060047060,0,0,test
GRDC_4121140,grdc,2695,43.3146,-103.8229,"CHEYENNE RIVER, EDGEMONT, SD",United States of America,18578.721873503106,7060047060,0,0,test
GRDC_4121141,grdc,2695,44.5312,-101.9313,"CHEYENNE RIVER, NEAR PLAINVIEW, SD",United States of America,55406.414564490304,7060047060,0,0,test
GRDC_4121146,grdc,2695,44.3688,-102.5646,"BELLE FOURCHE RIVER, NEAR ELM SPRINGS",United States of America,18298.0644026691,7060047060,0,0,test
GRDC_4121147,grdc,2695,44.6896,-103.7396,"BELLE FOURCHE RIVER, NEAR FRUITDALE, SD",United States of America,11592.2854044702,7060047060,0,0,test
GRDC_4121150,grdc,2695,44.3229,-100.3812,"BAD RIVER, NEAR FORT PIERRE, SD",United States of America,8082.866645922099,7060047060,0,0,test
GRDC_4121160,grdc,2695,43.7479,-99.5563,"WHITE RIVER, NEAR OACOMA, SD",United States of America,26000.4042481862,7060047060,0,0,test
GRDC_4121161,grdc,2695,43.7479,-101.5229,"WHITE RIVER, NEAR KADOKA, SD",United States of America,12946.429070761398,7060047060,0,0,test
GRDC_4121162,grdc,2695,43.0104,-102.8354,"WHITE RIVER, NEAR NE-SD STATE LINE",United States of America,3569.1115190148403,7060047060,0,0,test
GRDC_4121300,grdc,2695,43.1854,-97.6312,"JAMES RIVER, NEAR SCOTLAND, SD",United States of America,51136.4617736491,7060047060,0,0,test
GRDC_4121301,grdc,2695,43.9771,-98.0687,"JAMES RIVER, NEAR FORESTBURG, SD",United States of America,42911.1183053243,7060047060,0,0,test
GRDC_4121304,grdc,2695,46.8896,-98.6813,"JAMES RIVER, JAMESTOWN, ND",United States of America,6923.65085561431,7060047060,0,0,test
GRDC_4121311,grdc,2695,42.8188,-96.9229,"VERMILLION RIVER, NEAR VERMILLION, SD",United States of America,5911.84775131141,7060047060,0,0,test
GRDC_4121320,grdc,2695,42.8396,-96.5604,"BIG SIOUX RIVER, AKRON, IA",United States of America,19713.4541096045,7060047060,0,0,test
GRDC_4121321,grdc,2695,44.1812,-96.7479,"BIG SIOUX RIVER, NEAR BROOKINGS, SD",United States of America,8088.00943597013,7060047060,0,0,test
GRDC_4121330,grdc,2695,42.5771,-96.3104,"FLOYD RIVER, JAMES, IA",United States of America,2304.04088803208,7060047060,0,0,test
GRDC_4121341,grdc,2695,41.9646,-95.9854,"LITTLE SIOUX RIVER, NEAR TURIN, IA",United States of America,11280.6267560257,7060047060,0,0,test
GRDC_4121350,grdc,2695,41.6437,-95.7812,"BOYER RIVER, LOGAN, IA",United States of America,2279.38974531796,7060047060,0,0,test
GRDC_4121400,grdc,2695,42.7396,-98.2229,"NIOBRARA RIVER, NEAR VERDEL, NEBR.",United States of America,32170.0224096727,7060047060,0,0,test
GRDC_4121401,grdc,2695,42.9021,-100.3604,"NIOBRARA RIVER, NEAR SPARKS, NEBR.",United States of America,20713.7429257194,7060047060,0,0,test
GRDC_4121420,grdc,2695,45.6562,-100.8187,"GRAND RIVER, LITTLE EAGLE, SD",United States of America,13839.5297628197,7060047060,0,0,test
GRDC_4121430,grdc,2695,46.8354,-100.9729,"HEART RIVER, NEAR MANDAN, ND",United States of America,8499.085847748649,7060047060,0,0,test
GRDC_4121431,grdc,2695,46.7438,-102.3063,"HEART RIVER, NEAR RICHARDTON, ND",United States of America,3187.5377512242403,7060047060,0,0,test
GRDC_4121802,grdc,2695,46.8146,-100.8229,"MISSOURI RIVER, BISMARCK, ND",United States of America,475355.437924576,7060047060,0,0,test
GRDC_4122100,grdc,2695,41.2938,-96.2812,"ELKHORN RIVER, WATERLOO, NE",United States of America,17868.979617703,7060047060,0,0,test
GRDC_4122105,grdc,2695,41.7104,-96.5229,"LOGAN CREEK, NEAR UEHLING, NE",United States of America,2617.2630976857,7060047060,0,0,test
GRDC_4122111,grdc,2695,41.7812,-100.5271,"DISMAL RIVER, NEAR THEDFORD, NEBR.",United States of America,1468.28735560807,7060047060,0,0,test
GRDC_4122130,grdc,2695,41.1271,-101.5771,"SOUTH PLATTE RIVER, ROSCOE, NEBR.",United States of America,60437.9191355846,7060047060,0,0,test
GRDC_4122151,grdc,2695,41.8729,-107.0563,"NORTH PLATTE RIVER, ABOVE SEMINOE RESERVOIRE NR SINCLAIR, WY",United States of America,10851.9129938836,7060047060,0,0,test
GRDC_4122152,grdc,2695,41.9896,-104.0521,"NORTH PLATTE RIVER, WYOMING-NEBRASKA STATE LINE",United States of America,55640.3666395417,7060047060,0,0,test
GRDC_4122153,grdc,2695,42.6479,-105.1646,"NORTH PLATTE RIVER, ORIN, WY",United States of America,37485.4060932074,7060047060,0,0,test
GRDC_4122155,grdc,2695,42.0104,-106.5146,"MEDICINE BOW RIVER, ABOVE SIMINOE RESERVOIRE NEAR HANNA NY",United States of America,5763.54972099994,7060047060,0,0,test
GRDC_4122165,grdc,2695,40.8729,-95.5771,"NISHNABOTNA RIVER, RANDOLPH, IA (WEST)",United States of America,3415.0868613082,7060047060,0,0,test
GRDC_4122170,grdc,2695,40.3896,-95.8146,"LITTLE NEMAHA RIVER, AUBURN, NE",United States of America,2067.2538762220897,7060047060,0,0,test
GRDC_4122180,grdc,2695,40.0354,-95.5938,"BIG NEMAHA RIVER, FALLS CITY, NE",United States of America,3654.55522213064,7060047060,0,0,test
GRDC_4122190,grdc,2695,39.6896,-94.7021,"PLATTE RIVER, NEAR AGENCY, MO",United States of America,4516.28551750161,7060047060,0,0,test
GRDC_4122201,grdc,2695,39.2396,-96.5729,"BIG BLUE RIVER, NEAR MANHATTAN, KS",United States of America,24744.221281989,7060047060,0,0,test
GRDC_4122212,grdc,2695,40.3312,-98.0646,"LITTLE BLUE RIVER, NEAR DEWEESE, NE",United States of America,2685.72632874273,7060047060,0,0,test
GRDC_4122220,grdc,2695,38.7271,-98.2354,"SMOKY HILL RIVER, ELLSWORTH, KS",United States of America,19268.4735726938,7060047060,0,0,test
GRDC_4122221,grdc,2695,38.7938,-100.8562,"SMOKY HILL RIVER, ELKADER, KS",United States of America,9038.01386675248,7060047060,0,0,test
GRDC_4122222,grdc,2695,38.9062,-97.1188,"SMOKY HILL RIVER, ENTERPRISE, KS",United States of America,49553.4766234363,7060047060,0,0,test
GRDC_4122230,grdc,2695,39.0062,-97.8729,"SALINE RIVER, TESCOTT, KS",United States of America,7384.592478506909,7060047060,0,0,test
GRDC_4122240,grdc,2695,38.9688,-97.4771,"SOLOMON RIVER, NILES, KS",United States of America,17538.7027926118,7060047060,0,0,test
GRDC_4122250,grdc,2695,39.9271,-93.9437,"GRAND RIVER, NEAR GALLATIN, MO",United States of America,5827.88417387208,7060047060,0,0,test
GRDC_4122270,grdc,2695,38.6188,-95.2688,"MARAIS DES CYGNES RIVER, NEAR OTTAWA, KS",United States of America,3241.1732832295,7060047060,0,0,test
GRDC_4122280,grdc,2695,37.9312,-91.9729,"GASCONADE RIVER, JEROME, MO",United States of America,7358.58470689756,7060047060,0,0,test
GRDC_4122281,grdc,2695,38.3896,-91.8229,"GASCONADE RIVER, NEAR RICH FOUNTAIN, MO",United States of America,8280.168060610758,7060047060,0,0,test
GRDC_4122350,grdc,2695,39.3563,-97.1271,"REPUBLICAN RIVER, CLAY CENTER, KS",United States of America,63404.7087790345,7060047060,0,0,test
GRDC_4122351,grdc,2695,40.2854,-100.1396,"REPUBLICAN RIVER, CAMBRIDGE, NEBR.",United States of America,37368.4979359387,7060047060,0,0,test
GRDC_4122352,grdc,2695,40.1437,-101.2271,"REPUBLICAN RIVER, STRATTON, NEBR.",United States of America,21120.240026173,7060047060,0,0,test
GRDC_4122370,grdc,2695,40.2354,-100.8771,"FRENCHMAN CREEK, CULBERTSON, NEBR.",United States of America,7521.030626841441,7060047060,0,0,test
GRDC_4122600,grdc,2695,41.0146,-96.1562,"PLATTE RIVER, LOUISVILLE, NEBR.",United States of America,219078.535512907,7060047060,0,0,test
GRDC_4122601,grdc,2695,41.0604,-96.3271,"PLATTE RIVER, NEAR ASHLAND, NE",United States of America,214627.220043706,7060047060,0,0,test
GRDC_4122602,grdc,2695,41.3646,-97.4938,"PLATTE RIVER, NEAR DUNCAN, NEBR.",United States of America,154863.502990273,7060047060,0,0,test
GRDC_4122603,grdc,2695,40.8729,-98.2812,"PLATTE RIVER, NEAR GRAND ISLAND, NEBR.",United States of America,150549.002218273,7060047060,0,0,test
GRDC_4122620,grdc,2695,40.9688,-96.4521,"SALT CREEK, GREENWOOD, NEBR.",United States of America,2767.23563878259,7060047060,0,0,test
GRDC_4122630,grdc,2695,41.4188,-97.7229,"LOUP RIVER, NEAR GENOA, NEBR.",United States of America,35978.3785159542,7060047060,0,0,test
GRDC_4122635,grdc,2695,41.2646,-98.4479,"NORTH LOUP RIVER, NEAR ST. PAUL, NEBR.",United States of America,11247.1314481528,7060047060,0,0,test
GRDC_4122636,grdc,2695,41.7771,-99.3771,"NORTH LOUP RIVER, TAYLOR, NEBR.",United States of America,6226.767372883679,7060047060,0,0,test
GRDC_4122637,grdc,2695,41.2021,-98.4479,"MIDDLE LOUP RIVER, ST.PAUL, NEBR.",United States of America,19785.6911978693,7060047060,0,0,test
GRDC_4122638,grdc,2695,41.8312,-100.1062,"MIDDLE LOUP RIVER, DUNNING, NEBR.",United States of America,4960.28262981218,7060047060,0,0,test
GRDC_4122639,grdc,2695,41.0312,-98.7438,"SOUTH LOUP RIVER, ST. MICHAELS, NEBR.",United States of America,5761.04487691827,7060047060,0,0,test
GRDC_4122650,grdc,2695,40.6812,-95.8438,"MISSOURI RIVER, NEBRASKA CITY, NEBR.",United States of America,1034933.48959403,7060047060,0,0,test
GRDC_4122700,grdc,2695,38.9813,-94.9646,"KANSAS RIVER, DESOTO, KANS.",United States of America,154267.57652211198,7060047060,0,0,test
GRDC_4122701,grdc,2695,39.1979,-96.3063,"KANSAS RIVER, WAMEGO, KS",United States of America,142469.425579509,7060047060,0,0,test
GRDC_4122900,grdc,2695,38.7104,-91.4396,"MISSOURI RIVER, HERMANN, MO.",United States of America,1322654.10511425,7060047060,0,0,test
GRDC_4122901,grdc,2695,38.9771,-92.7562,"MISSOURI RIVER, BOONVILLE, MO",United States of America,1266198.87120356,7060047060,0,0,test
GRDC_4122902,grdc,2695,39.1104,-94.5896,"MISSOURI RIVER, KANSAS CITY, MO",United States of America,1223317.60833056,7060047060,0,0,test
GRDC_4122903,grdc,2695,40.0521,-95.4188,"MISSOURI RIVER, RULO, NE",United States of America,1047521.90362811,7060047060,0,0,test
GRDC_4123082,grdc,2695,36.7438,-84.1604,"CUMBERLAND RIVER, WILLIAMSBURG, KY",United States of America,4124.56068697031,7060047060,0,0,test
GRDC_4123083,grdc,2695,36.8479,-83.3562,"CUMBERLAND RIVER, NEAR HARLAN, KY",United States of America,940.426950718169,7060047060,0,0,test
GRDC_4123090,grdc,2695,38.3563,-88.5854,"SKILLET FORK, WAYNE CITY, ILL.",United States of America,1197.4800720529402,7060047060,0,0,test
GRDC_4123095,grdc,2695,35.9312,-87.7438,"DUCK RIVER, ABOVE HURRICANE MILLS, TENN",United States of America,6613.56656982146,7060047060,0,0,test
GRDC_4123110,grdc,2695,38.6354,-88.2979,"LITTLE WABASH RIVER, BELOW CLAY CITY, ILL.",United States of America,2885.58829315302,7060047060,0,0,test
GRDC_4123120,grdc,2695,38.3854,-87.9771,"BONPAS CREEK, BROWNS, ILL.",United States of America,573.53296021382,7060047060,0,0,test
GRDC_4123130,grdc,2695,38.4021,-87.7521,"WABASH RIVER, MOUNT CARMEL, ILL.",United States of America,74125.9222190673,7060047060,0,0,test
GRDC_4123131,grdc,2695,40.4229,-86.8979,"WABASH RIVER, LAFAYETTE, IN",United States of America,18889.3013274414,7060047060,0,0,test
GRDC_4123135,grdc,2695,40.7812,-86.2646,"EEL RIVER, NEAR LOGANSPORT, IN",United States of America,2013.9597388961,7060047060,0,0,test
GRDC_4123136,grdc,2695,41.1604,-86.5646,"TIPPECANOE RIVER, NEAR ORA, IN",United States of America,2233.32135063127,7060047060,0,0,test
GRDC_4123137,grdc,2695,38.9354,-88.0229,"EMBARRAS RIVER, STE. MARIE, IL",United States of America,3888.61747224022,7060047060,0,0,test
GRDC_4123200,grdc,2695,40.0479,-86.0146,"WHITE RIVER, NOBLESVILLE, IN",United States of America,2076.72700975213,7060047060,0,0,test
GRDC_4123201,grdc,2695,38.9312,-87.0104,"WHITE RIVER, NEWBERRY, IN",United States of America,12017.4692988671,7060047060,0,0,test
GRDC_4123202,grdc,2695,38.5104,-87.2896,"WHITE RIVER, PETERSBURG, IN",United States of America,28688.178242304,7060047060,0,0,test
GRDC_4123205,grdc,2695,39.1979,-85.9313,"WHITE RIVER, COLUMBUS, IN (EAST FORK)",United States of America,4435.59767547123,7060047060,0,0,test
GRDC_4123206,grdc,2695,38.9854,-85.9021,"WHITE RIVER, SEYMOUR, IN (EAST FORK)",United States of America,6162.09154856651,7060047060,0,0,test
GRDC_4123207,grdc,2695,38.6688,-86.7938,"WHITE RIVER, SHOALS, IN (EAST FORK)",United States of America,12916.6667756862,7060047060,0,0,test
GRDC_4123209,grdc,2695,39.3604,-85.9979,"SUGAR CREEK, NEAR EDINBURGH, IN",United States of America,1291.51080815513,7060047060,0,0,test
GRDC_4123210,grdc,2695,39.3396,-85.9896,"DRIFTWOOD RIVER, NEAR EDINBURGH, IN",United States of America,2823.78611083987,7060047060,0,0,test
GRDC_4123220,grdc,2695,37.2687,-85.8854,"GREEN RIVER, MUNFORDVILLE, KY",United States of America,4380.23729198361,7060047060,0,0,test
GRDC_4123225,grdc,2695,38.2354,-86.2271,"BLUE RIVER, NEAR WHITE CLOUD, IN",United States of America,1237.20030182165,7060047060,0,0,test
GRDC_4123230,grdc,2695,39.3937,-84.5729,"GREAT MIAMI RIVER, HAMILTON, OH",United States of America,9409.255433437753,7060047060,0,0,test
GRDC_4123235,grdc,2695,39.8688,-84.2812,"STILLWATER RIVER, ENGELWOOD, OH",United States of America,1528.47379138828,7060047060,0,0,test
GRDC_4123240,grdc,2695,38.2687,-84.8146,"ELKHORN CREEK, NEAR FRANKFORT, KY",United States of America,1203.38114608811,7060047060,0,0,test
GRDC_4123245,grdc,2695,37.7687,-85.7062,"ROLLING FORK, NEAR BOSTON, KY",United States of America,3395.5857022262103,7060047060,0,0,test
GRDC_4123250,grdc,2695,38.7104,-84.3146,"LICKING RIVER, CATAWBA, KY",United States of America,8533.856993551171,7060047060,0,0,test
GRDC_4123251,grdc,2695,38.5979,-84.2646,"LICKING RIVER, MCKINNEYSBURG, KY",United States of America,6015.663479576569,7060047060,0,0,test
GRDC_4123255,grdc,2695,38.8021,-83.4229,"OHIO BRUSH CREEK, NEAR WEST UNION, OH",United States of America,1011.60135233762,7060047060,0,0,test
GRDC_4123260,grdc,2695,39.2146,-82.8646,"SCIOTO RIVER, HIGBY, OH",United States of America,13432.7105221957,7060047060,0,0,test
GRDC_4123265,grdc,2695,38.1812,-81.7104,"BIG COAL RIVER, ASHFORD, WV",United States of America,1038.86163137197,7060047060,0,0,test
GRDC_4123268,grdc,2695,38.1354,-81.2146,"KANAWHA RIVER, KANAWHA FALLS, WV",United States of America,21252.4666105754,7060047060,0,0,test
GRDC_4123270,grdc,2695,37.6396,-80.8021,"GREENBRIER RIVER, HILLDALE, WV",United States of America,3929.26680244588,7060047060,0,0,test
GRDC_4123271,grdc,2695,37.7271,-80.6396,"GREENBRIER RIVER, ALDERSON, WV",United States of America,3376.87176096268,7060047060,0,0,test
GRDC_4123272,grdc,2695,38.1854,-80.1271,"GREENBRIER RIVER, BUCKEYE, WV",United States of America,1400.65410014366,7060047060,0,0,test
GRDC_4123275,grdc,2695,37.5438,-81.0104,"BLUESTONE RIVER, NEAR PIPESTEM, WV",United States of America,1004.17215328469,7060047060,0,0,test
GRDC_4123277,grdc,2695,36.9354,-80.7438,"NEW RIVER, ALLISONIA, VA",United States of America,5652.08381444776,7060047060,0,0,test
GRDC_4123278,grdc,2695,36.6479,-80.9812,"NEW RIVER, NEAR GALAX, VA",United States of America,2852.54651333516,7060047060,0,0,test
GRDC_4123280,grdc,2695,39.3271,-82.0896,"HOCKING RIVER, ATHENS, OH",United States of America,2429.46142350684,7060047060,0,0,test
GRDC_4123290,grdc,2695,39.4771,-80.9979,"MIDDLE ISLAND CREEK, LITTLE, WV",United States of America,1215.16844973506,7060047060,0,0,test
GRDC_4123300,grdc,2695,38.2854,-85.7979,"OHIO RIVER, LOUISVILLE, KY.",United States of America,235770.525265167,7060047060,0,0,test
GRDC_4123320,grdc,2695,40.6771,-80.5396,"LITTLE BEAVER CREEK, NEAR EAST LIVERPOOL, OH",United States of America,1335.27420479105,7060047060,0,0,test
GRDC_4123330,grdc,2695,39.1521,-80.0396,"TYGART VALLEY RIVER, PHILIPPI, WV",United States of America,2345.4414579971303,7060047060,0,0,test
GRDC_4123331,grdc,2695,39.0271,-79.9396,"TYGART VALLEY RIVER, BELINGTON, WV",United States of America,1108.8956671283302,7060047060,0,0,test
GRDC_4123335,grdc,2695,39.0729,-79.6188,"DRY FORK, HENDRICKS, WV",United States of America,876.134745317917,7060047060,0,0,test
GRDC_4123341,grdc,2695,39.1229,-79.6813,"CHEAT RIVER, NEAR PARSONS, WV",United States of America,1799.0722740555602,7060047060,0,0,test
GRDC_4123347,grdc,2695,39.8604,-79.2271,"CASSELMAN RIVER, MARKLETON, PA",United States of America,1017.79857944004,7060047060,0,0,test
GRDC_4123350,grdc,2695,42.1562,-78.7146,"ALLEGHENY RIVER, SALAMANCA, NY",United States of America,4154.85239239383,7060047060,0,0,test
GRDC_4123351,grdc,2695,41.9646,-78.3854,"ALLEGHENY RIVER, ELDRED, PA",United States of America,1414.34281612125,7060047060,0,0,test
GRDC_4123352,grdc,2695,40.6146,-79.7146,"ALLEGHENY RIVER, NATRONA, PA",United States of America,29428.5864038214,7060047060,0,0,test
GRDC_4123355,grdc,2695,41.4396,-79.9562,"FRENCH CREEK, UTICA, PA",United States of America,2688.07169949667,7060047060,0,0,test
GRDC_4123357,grdc,2695,40.9938,-79.3938,"REDBANK CREEK, ST. CHARLES, PA",United States of America,1374.85648522952,7060047060,0,0,test
GRDC_4123360,grdc,2695,35.1271,-83.6229,"NANTAHALA RIVER, NEAR RAINBOW SPRINGS, NC",United States of America,127.885665525155,7060047060,0,0,test
GRDC_4123365,grdc,2695,35.4604,-83.3562,"OCONALUFTEE RIVER, BIRDTOWN, NC",United States of America,483.383095903952,7060047060,0,0,test
GRDC_4123370,grdc,2695,36.4271,-83.3979,"CLINCH RIVER, ABOVE TAZEWELL, TN",United States of America,3816.0382926661296,7060047060,0,0,test
GRDC_4123375,grdc,2695,35.9854,-84.5604,"EMORY RIVER, OAKDALE, TN",United States of America,1937.43405359377,7060047060,0,0,test
GRDC_4123380,grdc,2695,35.6104,-82.5771,"FRENCH BROAD RIVER, ASHEVILLE, NC",United States of America,2455.30730097204,7060047060,0,0,test
GRDC_4123382,grdc,2695,35.2979,-82.6229,"FRENCH BROAD RIVER, BLANTYRE, NC",United States of America,770.262817891565,7060047060,0,0,test
GRDC_4123385,grdc,2695,36.1771,-82.4604,"NOLICHUCKY RIVER, EMBREEVILLE, TN",United States of America,2062.42980992151,7060047060,0,0,test
GRDC_4123400,grdc,2695,39.6437,-81.8479,"MUSKINGUM RIVER, MCCONNELSVILLE, OH",United States of America,18992.6981747047,7060047060,0,0,test
GRDC_4123510,grdc,2695,39.5812,-85.1521,"WHITEWATER RIVER, NEAR ALPINE, IND.",United States of America,1390.99630499947,7060047060,0,0,test
GRDC_4125010,grdc,2695,35.9229,-94.9229,"ILLINOIS RIVER, NEAR TAHLEQUA, OK",United States of America,2461.87699936592,7060047060,0,0,test
GRDC_4125020,grdc,2695,37.2438,-94.5646,"SPRING RIVER, NEAR WACO, MO",United States of America,2993.8505922508302,7060047060,0,0,test
GRDC_4125026,grdc,2695,37.3396,-95.1146,"NEOSHO RIVER, NEAR PARSONS, KS",United States of America,12642.2316701403,7060047060,0,0,test
GRDC_4125027,grdc,2695,36.9229,-94.9562,"NEOSHO RIVER, NEAR COMMERCE, OK",United States of America,15319.3859705553,7060047060,0,0,test
GRDC_4125028,grdc,2695,36.2313,-95.1813,"NEOSHO RIVER, NEAR CHOUTEAU, OK",United States of America,29888.6466521522,7060047060,0,0,test
GRDC_4125055,grdc,2695,36.2771,-95.9562,"BIRD CREEK, NEAR SPERRY, OK",United States of America,2354.01673444735,7060047060,0,0,test
GRDC_4125061,grdc,2695,35.9854,-96.9146,"CIMARRON RIVER, NEAR RIPLEY, OK",United States of America,42188.4333570539,7060047060,0,0,test
GRDC_4125062,grdc,2695,35.9521,-97.9146,"CIMARRON RIVER, NEAR DOVER, OK",United States of America,36212.9192616054,7060047060,0,0,test
GRDC_4125063,grdc,2695,36.5187,-98.8812,"CIMARRON RIVER, NEAR WAYNOKA, OK",United States of America,30240.678195239903,7060047060,0,0,test
GRDC_4125064,grdc,2695,37.0104,-100.4938,"CIMARRON RIVER, NEAR FORGAN, OK",United States of America,17406.1178651537,7060047060,0,0,test
GRDC_4125070,grdc,2695,37.2229,-96.9938,"WALNUT RIVER, WINFIELD, KS",United States of America,4835.669441723429,7060047060,0,0,test
GRDC_4125075,grdc,2695,36.9271,-102.9604,"CIMARRON RIVER, NEAR KENTON, OK",United States of America,3101.33933788029,7060047060,0,0,test
GRDC_4125110,grdc,2695,37.8646,-98.0146,"NORTH FORK NINNESCAH RIVER, ABOVE CHENEY RESERVOIRE, KS",United States of America,2057.01640725143,7060047060,0,0,test
GRDC_4125200,grdc,2695,35.1688,-94.6479,"POTEAU RIVER, NEAR PANAMA, OK",United States of America,4653.199982849001,7060047060,0,0,test
GRDC_4125205,grdc,2695,34.9146,-95.1521,"FOURCHE MALINE, NEAR RED OAK, OK",United States of America,313.560799909588,7060047060,0,0,test
GRDC_4125210,grdc,2695,35.1646,-94.4062,"JAMES FORK, NEAR HACKETT, AR",United States of America,382.79174695592906,7060047060,0,0,test
GRDC_4125500,grdc,2695,36.1437,-96.0062,"ARKANSAS RIVER, TULSA, OK",United States of America,187153.20094497895,7060047060,0,0,test
GRDC_4125550,grdc,2695,35.2646,-95.2396,"CANADIAN RIVER, NEAR WHITEFIELD, OK",United States of America,122427.013301745,7060047060,0,0,test
GRDC_4125552,grdc,2695,36.2979,-104.4938,"CANADIAN RIVER, NEAR TAYLAOR SPRINGS, NM",United States of America,7209.559777439459,7060047060,0,0,test
GRDC_4125555,grdc,2695,35.2646,-96.2062,"NORTH CANADIAN RIVER, NEAR WETUMKA, OK",United States of America,38044.1424838491,7060047060,0,0,test
GRDC_4125560,grdc,2695,36.8229,-100.5188,"BEAVER RIVER, BEAVER, OK",United States of America,21166.3633293358,7060047060,0,0,test
GRDC_4125565,grdc,2695,35.6771,-96.0687,"DEEP FORK, NEAR BEGGS, OK",United States of America,5199.75821820514,7060047060,0,0,test
GRDC_4125802,grdc,2695,37.9479,-97.7729,"ARKANSAS RIVER, NEAR HUTCHINSON, KS",United States of America,99425.0843149046,7060047060,0,0,test
GRDC_4125900,grdc,2695,34.7896,-91.4437,"WHITE RIVER, DEVALLS BLUFF, AR",United States of America,60811.1134512286,7060047060,0,0,test
GRDC_4125901,grdc,2695,35.6063,-91.2896,"WHITE RIVER, NEWPORT, AR",United States of America,51461.6439289874,7060047060,0,0,test
GRDC_4125904,grdc,2695,36.0729,-94.0771,"WHITE RIVER, NEAR FAYETTEVILLE, AR",United States of America,1018.3192037088,7060047060,0,0,test
GRDC_4125910,grdc,2695,36.6229,-90.8438,"CURRENT RIVER, DONIPHAN, MO",United States of America,5339.03647621138,7060047060,0,0,test
GRDC_4125911,grdc,2695,36.9938,-91.0146,"CURRENT RIVER, VAN BUREN, MO",United States of America,4340.4258843812,7060047060,0,0,test
GRDC_4125917,grdc,2695,36.3479,-91.1146,"ELEVEN POINT RIVER, NEAR RAVENDEN SPRINGS, AR",United States of America,2904.59757833699,7060047060,0,0,test
GRDC_4125918,grdc,2695,36.6479,-91.1979,"ELEVEN POINT RIVER, NEAR BARDLEY, MO",United States of America,2019.37912475787,7060047060,0,0,test
GRDC_4125925,grdc,2695,36.8062,-93.4604,"JAMES RIVER, GALENA, MO",United States of America,2528.62131684269,7060047060,0,0,test
GRDC_4125930,grdc,2695,36.4271,-93.6229,"KINGS RIVER, NEAR BERRYVILLE, AR",United States of America,1369.88540353504,7060047060,0,0,test
GRDC_4125940,grdc,2695,35.7646,-91.2938,"BLACK RIVER, ELGIN FERRY, AR",United States of America,21800.3408781419,7060047060,0,0,test
GRDC_4125941,grdc,2695,36.1021,-91.0896,"BLACK RIVER, BLACK ROCK, AR",United States of America,19010.4935420491,7060047060,0,0,test
GRDC_4125942,grdc,2695,36.4021,-90.5396,"BLACK RIVER, NEAR CORNING, AR",United States of America,4595.92436302316,7060047060,0,0,test
GRDC_4125943,grdc,2695,36.7604,-90.3854,"BLACK RIVER, POPLAR BLUFF, MO",United States of America,3252.6580528079603,7060047060,0,0,test
GRDC_4125944,grdc,2695,37.3396,-90.7896,"BLACK RIVER, NEAR ANNAPOLIS, MO",United States of America,1291.07015077022,7060047060,0,0,test
GRDC_4125950,grdc,2695,37.1562,-91.3604,"JACKS FORK, EMINENCE, MO",United States of America,1059.3398287333698,7060047060,0,0,test
GRDC_4126100,grdc,2695,33.9188,-94.3896,"LITTLE RIVER, NEAR HORATIO, AR",United States of America,6946.946007849,7060047060,0,0,test
GRDC_4126300,grdc,2695,34.0271,-95.7521,"MUDDY BOGGY CREEK, NEAR UNGER, OK",United States of America,5901.63552554499,7060047060,0,0,test
GRDC_4126301,grdc,2695,34.2729,-95.9104,"MUDDY BOGGY CREEK, NEAR FARRIS, OK",United States of America,2826.77279832049,7060047060,0,0,test
GRDC_4126351,grdc,2695,33.7604,-99.1438,"WICHITA RIVER, NEAR MABELLE, TX",United States of America,5308.43390856093,7060047060,0,0,test
GRDC_4126352,grdc,2695,33.6979,-99.3896,"WICHITA RIVER, NEAR SEYMOUR, TX",United States of America,4775.07435281996,7060047060,0,0,test
GRDC_4126750,grdc,2695,33.7021,-92.0271,"SALINE RIVER, NEAR RYE, ARK",United States of America,5452.87472460323,7060047060,0,0,test
GRDC_4126801,grdc,2695,33.5521,-94.0396,"RED RIVER, INDEX, AR",United States of America,124056.179760362,7060047060,0,0,test
GRDC_4126802,grdc,2695,33.8771,-95.5021,"RED RIVER, ARTHUR CITY, TX",United States of America,114789.77585812,7060047060,0,0,test
GRDC_4126803,grdc,2695,34.1063,-98.5354,"RED RIVER, NEAR BURKBURNETT, TX",United States of America,52759.274120058304,7060047060,0,0,test
GRDC_4126804,grdc,2695,33.8188,-96.5646,"RED RIVER, DENISON DAM NEAR DENISON, TX",United States of America,102334.891151597,7060047060,0,0,test
GRDC_4126805,grdc,2695,33.7271,-97.1562,"RED RIVER, NEAR GAINESVILLE, TX",United States of America,79216.9353010169,7060047060,0,0,test
GRDC_4126806,grdc,2695,33.0854,-93.8562,"RED RIVER, SPRING BANK, AR",United States of America,146883.23097607802,7060047060,0,0,test
GRDC_4126810,grdc,2695,34.6354,-99.0979,"NORTH FORK RED RIVER, NEAR HEADRICK, OK",United States of America,11760.7599498251,7060047060,0,0,test
GRDC_4126815,grdc,2695,35.0104,-99.9021,"ELM FORK RED RIVER, NEAR CARL, OK",United States of America,1138.8517654395698,7060047060,0,0,test
GRDC_4127100,grdc,2695,38.5062,-90.5938,"MERAMEC RIVER, NEAR EUREKA, MO",United States of America,9755.10884580806,7060047060,0,0,test
GRDC_4127150,grdc,2695,35.2812,-88.9771,"HATCHIE RIVER, BOLIVAR, TN",United States of America,3807.36344601855,7060047060,0,0,test
GRDC_4127201,grdc,2695,38.6104,-89.3562,"KASKASKIA RIVER, CARLYLE, IL",United States of America,7006.4111470526295,7060047060,0,0,test
GRDC_4127202,grdc,2695,38.9604,-89.0854,"KASKASKIA RIVER, VANDALIA, IL",United States of America,5121.28135764354,7060047060,0,0,test
GRDC_4127400,grdc,2695,36.2396,-89.2188,"OBION RIVER, HIGHWAY 51 NEAR OBION, TN",United States of America,4745.99525202004,7060047060,0,0,test
GRDC_4127501,grdc,2695,37.2146,-89.4646,"MISSISSIPPI RIVER, THEBES, IL",United States of America,1815351.36371393,7060047060,0,0,test
GRDC_4127502,grdc,2695,37.9021,-89.8354,"MISSISSIPPI RIVER, CHESTER, IL",United States of America,1802875.57854886,7060047060,0,0,test
GRDC_4127503,grdc,2695,38.6271,-90.1771,"MISSISSIPPI RIVER, ST. LOUIS, MO",United States of America,1773663.19577102,7060047060,0,0,test
GRDC_4127600,grdc,2695,33.5479,-90.5438,"BIG SUNFLOWER RIVER, SUNFLOWER, MS",United States of America,2264.34210915793,7060047060,0,0,test
GRDC_4127610,grdc,2695,34.9104,-89.7521,"COLDWATER RIVER, NEAR OLIVE BRANCH, MS",United States of America,491.453680984734,7060047060,0,0,test
GRDC_4127700,grdc,2695,32.3479,-90.7021,"BIG BLACK RIVER, NEAR BOVINA, MS",United States of America,7164.69064740228,7060047060,0,0,test
GRDC_4127701,grdc,2695,33.1938,-89.7688,"BIG BLACK RIVER, WEST, MS",United States of America,2625.52794868651,7060047060,0,0,test
GRDC_4127800,grdc,2695,32.3146,-90.9062,"MISSISSIPPI RIVER, VICKSBURG, MS",United States of America,2914997.01412671,7060047060,0,0,test
GRDC_4127910,grdc,2695,31.3229,-91.1104,"HOMOCHITTO RIVER, ROSETTA, MISS.",United States of America,2073.45479204793,7060047060,0,0,test
GRDC_4127920,grdc,2695,31.2312,-91.2938,"BUFFALO RIVER, NEAR WOODVILLE, MS",United States of America,471.66083635771895,7060047060,0,0,test
GRDC_4131031,grdc,2695,47.1146,-69.0896,"SAINT JOHN RIVER, DICKEY, ME",United States of America,7016.172483875041,7060038320,1,1,val
GRDC_4132010,grdc,2695,48.0146,-89.6146,"PIGEON RIVER, MIDDLE FALLS NEAR GRAND PORTAGE, MINN.",United States of America,1546.7231953217802,7060034520,4,4,train
GRDC_4132100,grdc,2695,46.6354,-92.0938,"NEMADJI RIVER, NEAR SOUTH SUPERIOR, WI",United States of America,1124.98560093752,7060034520,4,4,train
GRDC_4132200,grdc,2695,46.7021,-92.4188,"SAINT LOUIS RIVER, SCANLON, MN",United States of America,8883.47250741688,7060034520,4,4,train
GRDC_4132300,grdc,2695,46.4896,-90.6937,"BAD RIVER, NEAR ODANAH, WIS.",United States of America,1531.3674595296802,7060034520,4,4,train
GRDC_4132800,grdc,2695,46.7188,-89.2062,"ONTONAGON RIVER, NEAR ROCKLAND, MI",United States of America,3469.709671359989,7060034520,4,4,train
GRDC_4132900,grdc,2695,46.5729,-85.2688,"TAHQUAMENON RIVER, NEAR PARADISE, MICH.",United States of America,1980.2941781092104,7060034520,4,4,train
GRDC_4133100,grdc,2695,45.7562,-87.2021,"FORD RIVER, NEAR HYDE, MICH.",United States of America,1198.79934361449,7060034520,4,4,train
GRDC_4133250,grdc,2695,43.9521,-88.9479,"FOX RIVER, BERLIN, WIS.",United States of America,3351.0239272557696,7060034520,4,4,train
GRDC_4133260,grdc,2695,44.3937,-88.7479,"WOLF RIVER, NEW LONDON, WI",United States of America,5866.302121602839,7060034520,4,4,train
GRDC_4133300,grdc,2695,43.1021,-87.9104,"MILWAUKEE RIVER, MILWAUKEE, WIS.",United States of America,1720.89396496155,7060034520,4,4,train
GRDC_4133400,grdc,2695,45.3271,-87.6604,"MENOMINEE RIVER, NEAR MCALLISTER, WI",United States of America,10088.4610526338,7060034520,4,4,train
GRDC_4133450,grdc,2695,46.0354,-86.1604,"MANISTIQUE RIVER, NEAR MANISTIQUE, MI",United States of America,2880.77489802955,7060034520,4,4,train
GRDC_4133500,grdc,2695,41.8312,-86.2562,"SAINT JOSEPH RIVER, NILES, MI",United States of America,9095.17528022826,7060034520,4,4,train
GRDC_4133501,grdc,2695,41.8021,-85.7562,"SAINT JOSEPH RIVER, MOTTVILLE, MI",United States of America,4437.81070875151,7060034520,4,4,train
GRDC_4133550,grdc,2695,41.5938,-85.8479,"ELKHART RIVER, GOSHEN, IND.",United States of America,1596.36878326434,7060034520,4,4,train
GRDC_4133651,grdc,2695,42.3229,-85.1979,"KALAMAZOO RIVER, NEAR BATTLE CREEK, MI",United States of America,2476.55838814588,7060034520,4,4,train
GRDC_4133652,grdc,2695,42.2646,-84.9646,"KALAMAZOO RIVER, MARSHALL, MI",United States of America,1359.48289040145,7060034520,4,4,train
GRDC_4133700,grdc,2695,43.4354,-85.6688,"MUSKEGON RIVER, NEAR CROTON, MI",United States of America,5958.77304326812,7060034520,4,4,train
GRDC_4133701,grdc,2695,43.8979,-85.2562,"MUSKEGON RIVER, EVART, MI",United States of America,3618.51114672813,7060034520,4,4,train
GRDC_4133750,grdc,2695,42.9646,-85.6771,"GRAND RIVER, GRAND RAPIDS, MICH.",United States of America,13315.4570882444,7060034520,4,4,train
GRDC_4133751,grdc,2695,42.7521,-84.5563,"GRAND RIVER, LANSING, MI",United States of America,3209.2856275285303,7060034520,4,4,train
GRDC_4134300,grdc,2695,43.5979,-84.2271,"TITTABAWASEE RIVER, MIDLAND, MI",United States of America,5444.836174231989,7060034520,4,4,train
GRDC_4134350,grdc,2695,43.6271,-84.7062,"CHIPPEWA RIVER, NEAR MOUNT PLEASANT, MICH.",United States of America,1098.9484560622195,7060034520,4,4,train
GRDC_4134500,grdc,2695,43.0146,-84.1813,"SHIAWASSEE RIVER, OWOSSO, MICH.",United States of America,1329.6192496822198,7060034520,4,4,train
GRDC_4134700,grdc,2695,44.4354,-83.4396,"AU SABLE RIVER, NEAR AU SABLE, MI",United States of America,4595.14595701617,7060034520,4,4,train
GRDC_4134800,grdc,2695,45.1271,-83.6354,"THUNDERBAY RIVER, HERRON ROAD NEAR BOLTON, MI",United States of America,1460.83961819762,7060034520,4,4,train
GRDC_4135100,grdc,2695,41.9604,-83.5312,"RIVER RAISIN, NEAR MONROE, MICH.",United States of America,2791.16333802851,7060034520,4,4,train
GRDC_4135200,grdc,2695,41.5021,-83.7146,"MAUMEE RIVER, WATERVILLE, OHIO",United States of America,16363.5257596977,7060034520,4,4,train
GRDC_4135201,grdc,2695,41.1938,-84.7354,"MAUMEE RIVER, ANTWERP, OH",United States of America,5595.45067538349,7060034520,4,4,train
GRDC_4135205,grdc,2695,41.2396,-84.4021,"AUGLAIZE RIVER, NEAR DEFIANCE, OH",United States of America,5731.119192248591,7060034520,4,4,train
GRDC_4135210,grdc,2695,41.3062,-83.1562,"SANDUSKY RIVER, NEAR FREMONT, OHIO",United States of America,3079.47282565384,7060034520,4,4,train
GRDC_4135300,grdc,2695,42.5979,-82.9062,"CLINTON RIVER, MORAVIAN DRIVE AT MT. CLEMENS, MI",United States of America,1854.31385398885,7060034520,4,4,train
GRDC_4135400,grdc,2695,42.2896,-83.7312,"HURON RIVER, ANN ARBOR, MI",United States of America,1641.24971663129,7060034520,4,4,train
GRDC_4135500,grdc,2695,41.7188,-81.2271,"GRAND RIVER, PAINESVILLE, OH",United States of America,1802.18665896793,7060034520,4,4,train
GRDC_4135800,grdc,2695,42.4646,-78.9354,"CATTARAUGUS CREEK, GOWANDA, N.Y.",United States of America,1158.63720557493,7060034520,4,4,train
GRDC_4136301,grdc,2695,42.5688,-78.0438,"GENESEE RIVER, PORTAGEVILLE, NY",United States of America,2528.92584916228,7060034520,4,4,train
GRDC_4136400,grdc,2695,43.4521,-76.5062,"OSWEGO RIVER, LOCK 7, OSWEGO, NY",United States of America,13259.9613612737,7060034520,4,4,train
GRDC_4136500,grdc,2695,43.9854,-75.9229,"BLACK RIVER, WATERTOWN, NY",United States of America,4837.04010318373,7060034520,4,4,train
GRDC_4143310,grdc,2695,44.5979,-75.3771,"OSWEGATCHIE RIVER, NEAR HEUVELTON, NY",United States of America,2538.96357666444,7060034520,4,4,train
GRDC_4143500,grdc,2695,44.8646,-74.7771,"SAINT REGIS RIVER, BRASHER CENTER, N.Y.",United States of America,1587.19000441692,7060034520,4,4,train
GRDC_4143550,grdc,2695,45.0021,-74.7938,"SAINT LAWRENCE RIVER, CORNWALL(ONT.), NEAR MASSENA, N.Y.",United States of America,771625.376804346,7060034520,4,4,train
GRDC_4143710,grdc,2695,44.6812,-73.4729,"SARANAC RIVER, PLATTSBURGH, N.Y.",United States of America,1555.73380268571,7060034520,4,4,train
GRDC_4143750,grdc,2695,44.0146,-73.1688,"OTTER CREEK, MIDDLEBURY, VT.",United States of America,1636.99721675344,7060034520,4,4,train
GRDC_4143770,grdc,2695,44.6771,-73.0729,"LAMOILLE RIVER, EAST GEORGIA, VT.",United States of America,1772.42752135127,7060034520,4,4,train
GRDC_4143790,grdc,2695,44.9604,-72.6979,"MISSISQUOI RIVER, NEAR EAST BERKSHIRE, VT.",United States of America,1235.1517519082902,7060034520,4,4,train
GRDC_4146050,grdc,2695,48.8438,-122.5896,"NOOKSACK RIVER, FERNDALE, WA",United States of America,2097.94854220305,7060016100,2,2,train
GRDC_4146080,grdc,2695,48.4438,-122.3354,"SKAGIT RIVER, NEAR MOUNT VERNON, WA",United States of America,8039.68841683111,7060016090,1,1,val
GRDC_4146081,grdc,2695,48.5229,-121.7688,"SKAGIT RIVER, NEAR CONCRETE, WA",United States of America,7073.20134812116,7060016090,1,1,val
GRDC_4146082,grdc,2695,48.5354,-121.4313,"SKAGIT RIVER, MARBLEMOUNT, WA",United States of America,3567.0831526654,7060016090,1,1,val
GRDC_4146083,grdc,2695,48.6729,-121.2479,"SKAGIT RIVER, NEWHALEM, WA",United States of America,3050.3530093269105,7060016090,1,1,val
GRDC_4146085,grdc,2695,48.4271,-121.5687,"SAUK RIVER, NEAR SAUK, WA",United States of America,1851.76072454264,7060016090,1,1,val
GRDC_4146100,grdc,2695,41.7896,-124.0771,"SMITH RIVER, NEAR CRESCENT CITY, CA",United States of America,1573.13366769842,7060014210,0,0,test
GRDC_4146111,grdc,2695,41.8521,-123.2312,"KLAMATH RIVER, NEAR SEIAD VALLEY, CA",United States of America,17644.6962562005,7060014200,4,4,train
GRDC_4146112,grdc,2695,42.1312,-121.9604,"KLAMATH RIVER, KENO, OR",United States of America,9880.35398707064,7060014200,4,4,train
GRDC_4146115,grdc,2695,41.0521,-123.6729,"TRINITY RIVER, HOOPA, CA",United States of America,7361.422191587959,7060014200,4,4,train
GRDC_4146120,grdc,2695,41.2979,-124.0479,"REDWOOD CREEK, ORICK, CA",United States of America,707.5068745003059,7060014050,3,3,train
GRDC_4146130,grdc,2695,41.8229,-122.5938,"SHASTA RIVER, NEAR YREKA, CA",United States of America,1967.33374909383,7060014200,4,4,train
GRDC_4146140,grdc,2695,42.5646,-121.8812,"WILLIAMSON RIVER, BELOW SPRAGUE RIVER NEAR CHILOQUIN, OR",United States of America,7662.8665189338,7060014200,4,4,train
GRDC_4146141,grdc,2695,42.7396,-121.8354,"WILLIAMSON RIVER, NEAR KLAMATH AGENCY, OR",United States of America,3341.47351180523,7060014200,4,4,train
GRDC_4146145,grdc,2695,42.5854,-121.8479,"SPRAGUE RIVER, NEAR CHILOQUIN, CA",United States of America,4107.2564893996505,7060014200,4,4,train
GRDC_4146150,grdc,2695,47.0021,-123.4979,"SATSOP RIVER, NEAR SATSOP, WASH.",United States of America,755.010613272851,7060015090,4,4,train
GRDC_4146155,grdc,2695,47.8062,-124.2521,"HOH RIVER, U.S. HIGHWAY 101 NEAR FORKS, WASH.",United States of America,663.7734667558419,7060015100,2,2,train
GRDC_4146160,grdc,2695,46.9396,-123.3146,"CHEHALIS RIVER, PORTER, WASH.",United States of America,3331.3650258336497,7060015090,4,4,train
GRDC_4146161,grdc,2695,46.7771,-123.0354,"CHEHALIS RIVER, NEAR GRAND MOUND, WASH",United States of America,2311.52591984397,7060015090,4,4,train
GRDC_4146170,grdc,2695,46.9354,-122.5563,"NISQUALLY RIVER, MCKENNA, WA",United States of America,1367.81922133753,7060015100,2,2,train
GRDC_4146175,grdc,2695,47.4604,-123.8896,"QUINAULT RIVER, QUINAULT LAKE, WASH.",United States of America,686.5655999561541,7060015100,2,2,train
GRDC_4146180,grdc,2695,40.4896,-124.1021,"EEL RIVER, SCOTIA, CALIF.",United States of America,8000.844853003909,7060014040,4,4,train
GRDC_4146185,grdc,2695,47.5396,-124.3146,"QUEETS RIVER, NEAR CLEARWATER, WA",United States of America,1163.53258287146,7060015100,2,2,train
GRDC_4146190,grdc,2695,47.8312,-122.0438,"SNOHOMISH RIVER, NEAR MONROE, WA",United States of America,3969.82812088082,7060016000,4,4,train
GRDC_4146195,grdc,2695,47.2104,-122.3271,"PUYALLUP RIVER, PUYALLUP, WA",United States of America,2561.69902389093,7060015900,1,1,val
GRDC_4146200,grdc,2695,39.7062,-123.3271,"EEL RIVER, NEAR DOS RIOS, CA (MIDDLE FORK)",United States of America,1919.8163005954,7060014040,4,4,train
GRDC_4146210,grdc,2695,38.5062,-122.9271,"RUSSIAN RIVER, NEAR GUERNEVILLE, CA",United States of America,3481.8636900609804,7060013560,1,1,val
GRDC_4146220,grdc,2695,47.4854,-121.6479,"MIDDLE FORK SNOQUALMIE RIVER, NEAR TANNER, WASH.",United States of America,400.570036591634,7060016000,4,4,train
GRDC_4146230,grdc,2695,39.1729,-123.6688,"NAVARRO RIVER, NEAR NAVARRO, CA",United States of America,798.8740180171271,7060013560,1,1,val
GRDC_4146270,grdc,2695,38.6354,-121.2271,"AMERICAN RIVER, FAIR OAKS, CA",United States of America,4943.61387699729,7060013550,4,4,train
GRDC_4146281,grdc,2695,38.7729,-121.5979,"SACRAMENTO RIVER, VERONA, CA",United States of America,57280.58994475481,7060013550,4,4,train
GRDC_4146310,grdc,2695,37.3271,-122.3854,"SAN GREGORIO CREEK, SAN GREGORIO, CA",United States of America,128.511751644771,7060013180,2,2,train
GRDC_4146320,grdc,2695,36.2687,-121.0646,"SAN LORENZO CREEK, BL BITTERWATER CREEK NEAR KING CITY,CA",United States of America,616.011899557261,7060013170,2,2,train
GRDC_4146340,grdc,2695,37.0771,-121.4938,"MIDDLE FORK COYOTE CREEK, NEAR GILROY, CA",United States of America,282.396594386809,7060013180,2,2,train
GRDC_4146350,grdc,2695,37.5604,-121.6813,"ARROYO VALLE, BELOW LANG CANYON NEAR LIVERMORE, CA",United States of America,332.574709506084,7060013180,2,2,train
GRDC_4146360,grdc,2695,37.6771,-121.2646,"SAN JOAQUIN RIVER, NEAR VERNALIS, CA",United States of America,41952.4477017856,7060013550,4,4,train
GRDC_4146370,grdc,2695,48.6729,-121.0729,"THUNDER CREEK, NEAR NEWHALEM, WA",United States of America,276.93821568483,7060016090,1,1,val
GRDC_4146400,grdc,2695,36.6312,-121.6729,"SALINAS RIVER, NEAR SPRECKELS, CA",United States of America,10860.4642696399,7060013170,2,2,train
GRDC_4146401,grdc,2695,48.0562,-123.5854,"ELWHA RIVER, MCDONALD BRIDGE NEAR PORT ANGELES, WA",United States of America,693.798164268602,7060015100,2,2,train
GRDC_4146410,grdc,2695,35.0229,-120.2271,"CUYAMA RIVER, BELOW BUCKHORN CANYON NEAR SANTA MARIA",United States of America,2305.6008786598104,7060012950,1,1,val
GRDC_4146630,grdc,2695,34.5979,-119.9062,"SANTA CRUZ CREEK, NEAR SANTA YNEZ, CA",United States of America,196.69748952574403,7060012600,1,1,val
GRDC_4146650,grdc,2695,43.5896,-123.5563,"UMPQUA RIVER, NEAR ELKTON, OR",United States of America,9429.1371285153,7060014520,4,4,train
GRDC_4146670,grdc,2695,42.5812,-124.0604,"ROGUE RIVER, NEAR AGNESS, OREG.",United States of America,10162.3238894259,7060014340,1,1,val
GRDC_4146900,grdc,2695,33.2188,-117.3604,"SAN LUIS REY RIVER, OCEANSIDE, CA",United States of America,1463.21336694919,7060012280,3,3,train
GRDC_4146901,grdc,2695,42.4354,-122.9854,"ROGUE RIVER, RAYGOLD NEAR CENTRAL POINT, OREG",United States of America,5280.0757709522,7060014340,1,1,val
GRDC_4146950,grdc,2695,33.0521,-116.9437,"SANTA MARIA CREEK, NEAR RAMONA, CA",United States of America,144.660004404082,7060012280,3,3,train
GRDC_4147010,grdc,2695,45.2354,-68.6521,"PENOBSCOT RIVER, WEST ENFIELD, ME.",United States of America,17318.8399941884,7060038810,1,1,val
GRDC_4147031,grdc,2695,47.1146,-69.0896,"SAINT JOHN RIVER, DICKEY, ME",United States of America,7016.172483875041,7060038320,1,1,val
GRDC_4147050,grdc,2695,45.0521,-69.8854,"KENNEBEC RIVER, BINGHAM, ME.",United States of America,7045.01613082693,7060038980,2,2,train
GRDC_4147051,grdc,2695,44.4729,-69.6813,"KENNEBEC RIVER, NORTH SIDNEY, ME",United States of America,13988.558011108602,7060038980,2,2,train
GRDC_4147061,grdc,2695,45.5688,-67.4271,"SAINT CROIX RIVER, VANCEBORO, ME",United States of America,1057.95846745161,7060038340,4,4,train
GRDC_4147110,grdc,2695,44.0729,-70.2062,"ANDROSCOGGIN RIVER, NEAR AUBURN, ME.",United States of America,8447.519545610608,7060038980,2,2,train
GRDC_4147111,grdc,2695,44.4354,-71.1896,"ANDROSCOGGIN RIVER, NEAR GORHAM, NH",United States of America,3506.3650900439097,7060038980,2,2,train
GRDC_4147310,grdc,2695,43.1021,-70.9521,"LAMPREY RIVER, NEAR NEWMARKET, N.H.",United States of America,587.095842314373,7060039070,3,3,train
GRDC_4147320,grdc,2695,37.5604,-77.5479,"JAMES RIVER, NEAR RICHMOND, VA.",United States of America,17532.3907604623,7060041900,3,3,train
GRDC_4147330,grdc,2695,37.6729,-78.0854,"JAMES RIVER, CARTERSVILLE, VA",United States of America,16228.4511402428,7060041900,3,3,train
GRDC_4147340,grdc,2695,37.2271,-77.4771,"APPOMATTOX RIVER, MATOACA, VA",United States of America,3485.23995465944,7060041920,0,0,test
GRDC_4147380,grdc,2695,42.6479,-71.2979,"MERRIMACK RIVER, BELOW CONCORD RIVER AT LOWELL, MA",United States of America,12057.4782671634,7060039160,1,1,val
GRDC_4147381,grdc,2695,42.9479,-71.4604,"MERRIMACK RIVER, NEAR GOFFS FALLS BELOW MANCHESTER, NH",United States of America,8049.507121183249,7060039160,1,1,val
GRDC_4147382,grdc,2695,43.4229,-71.6521,"MERRIMACK RIVER, FRANKLIN JUNCTION, NH",United States of America,3955.9268656265294,7060039160,1,1,val
GRDC_4147410,grdc,2695,41.9979,-71.5646,"BRANCH RIVER, FORESTDALE, R.I.",United States of America,237.355924444214,7060039170,1,1,val
GRDC_4147440,grdc,2695,41.3854,-71.8354,"PAWCATUCK RIVER, WESTERLY, R.I.",United States of America,781.471511921964,7060039170,1,1,val
GRDC_4147450,grdc,2695,41.6979,-72.1813,"SHETUCKET RIVER, NEAR WILLIMANTIC, CONN.",United States of America,1034.73587535716,7060039170,1,1,val
GRDC_4147460,grdc,2695,41.9896,-72.6062,"CONNECTICUT RIVER, THOMPSONVILLE, CT",United States of America,24969.6504175986,7060039620,3,3,train
GRDC_4147461,grdc,2695,42.5812,-72.5729,"CONNECTICUT RIVER, MONTAGUE CITY, MA",United States of America,20282.7589756896,7060039620,3,3,train
GRDC_4147462,grdc,2695,43.6479,-72.3146,"CONNECTICUT RIVER, WEST LEBANON, NH",United States of America,10530.3675700821,7060039620,3,3,train
GRDC_4147463,grdc,2695,44.7521,-71.6312,"CONNECTICUT RIVER, NORTH STRATFORD, NH",United States of America,2051.1849312884,7060039620,3,3,train
GRDC_4147465,grdc,2695,44.3646,-72.0396,"PASSUMPSIC RIVER, PASSUMPSIC, VT",United States of America,1123.70937526406,7060039620,3,3,train
GRDC_4147470,grdc,2695,42.2354,-72.8938,"WESTFIELD RIVER, HUNTINGTON, MASS. (WEST BRANCH)",United States of America,248.77740793661096,7060039620,3,3,train
GRDC_4147475,grdc,2695,42.1604,-72.5146,"CHICOPEE RIVER, INDIAN ORCHARD, MA",United States of America,1822.53450848772,7060039620,3,3,train
GRDC_4147490,grdc,2695,41.3854,-73.1688,"HOUSATONIC RIVER, STEVENSON, CONN.",United States of America,3969.35271418861,7060039630,3,3,train
GRDC_4147491,grdc,2695,41.6521,-73.4896,"HOUSATONIC RIVER, GAYLORDSVILLE, CT",United States of America,2563.64842766402,7060039630,3,3,train
GRDC_4147500,grdc,2695,42.7521,-73.6854,"HUDSON RIVER, GREEN ISLAND, N.Y.",United States of America,21093.2957275082,7060039870,3,3,train
GRDC_4147501,grdc,2695,43.2687,-73.5979,"HUDSON RIVER, FORT EDWARD, NY",United States of America,7298.39750224182,7060039870,3,3,train
GRDC_4147502,grdc,2695,43.7021,-73.9854,"HUDSON RIVER, NORTH CREEK, NY",United States of America,2038.6256652008603,7060039870,3,3,train
GRDC_4147505,grdc,2695,43.3104,-73.8688,"SACANDAGA RIVER, STEWARTS BRIDGE NEAR HADLEY, NY",United States of America,2765.7761970454603,7060039870,3,3,train
GRDC_4147510,grdc,2695,41.6896,-74.1646,"WALLKILL RIVER, GARDINER, N.Y.",United States of America,1903.82863997854,7060039870,3,3,train
GRDC_4147540,grdc,2695,40.8896,-74.0812,"SADDLE RIVER, LODI, N.J.",United States of America,155.823290573553,7060039920,1,1,val
GRDC_4147600,grdc,2695,40.2229,-74.7812,"DELAWARE RIVER, TRENTON, N.J.",United States of America,17495.3951607099,7060040360,1,1,val
GRDC_4147601,grdc,2695,41.3104,-74.7979,"DELAWARE RIVER, MONTAGUE, NJ",United States of America,8973.287532733051,7060040360,1,1,val
GRDC_4147605,grdc,2695,41.9729,-75.1729,"DELAWARE RIVER, FISHS EDDY, NY (EAST BRANCH)",United States of America,2018.2162277805496,7060040360,1,1,val
GRDC_4147606,grdc,2695,42.0021,-75.3854,"DELAWARE RIVER, HALE EDDY, NY (WEST BRANCH)",United States of America,1537.87004213531,7060040360,1,1,val
GRDC_4147650,grdc,2695,40.2438,-75.6521,"SCHUYLKILL RIVER, POTTSTOWN, PA.",United States of America,2982.69158123707,7060040360,1,1,val
GRDC_4147651,grdc,2695,39.9688,-75.1854,"SCHUYLKILL RIVER, PHILADELPHIA, PA",United States of America,4900.75263173066,7060040360,1,1,val
GRDC_4147700,grdc,2695,40.2562,-76.8854,"SUSQUEHANNA RIVER, HARRISBURG, PA.",United States of America,62213.9802835562,7060041050,4,4,train
GRDC_4147701,grdc,2695,42.0354,-75.8021,"SUSQUEHANNA RIVER, CONKLIN, NY",United States of America,5784.460447999771,7060041050,4,4,train
GRDC_4147702,grdc,2695,42.3229,-75.3146,"SUSQUEHANNA RIVER, UNADILLA, NY",United States of America,2554.87861550017,7060041050,4,4,train
GRDC_4147703,grdc,2695,39.6604,-76.1729,"SUSQUEHANNA RIVER, CONOWINGO, MD",United States of America,69926.14419264901,7060041050,4,4,train
GRDC_4147704,grdc,2695,41.2521,-75.8812,"SUSQUEHANNA RIVER, WILKES-BARRE, PA",United States of America,25719.9959402384,7060041050,4,4,train
GRDC_4147710,grdc,2695,42.2188,-75.8479,"CHENANGO RIVER, NEAR CHENANGO FORKS, NY",United States of America,3790.432181059529,7060041050,4,4,train
GRDC_4147715,grdc,2695,42.0062,-76.6312,"CHEMUNG RIVER, CHEMUNG, NY",United States of America,6475.81284878791,7060041050,4,4,train
GRDC_4147720,grdc,2695,40.4771,-77.1271,"JUNIATA RIVER, NEWPORT, PA",United States of America,8711.0699576344,7060041050,4,4,train
GRDC_4147721,grdc,2695,40.4854,-78.0188,"JUNIATA RIVER, HUNTINGDON, PA",United States of America,2196.14938617242,7060041050,4,4,train
GRDC_4147725,grdc,2695,40.9688,-76.8771,"SUSQUEHANNA RIVER, LEWISBURG, PA (WEST BRANCH)",United States of America,17652.4406050737,7060041050,4,4,train
GRDC_4147726,grdc,2695,41.3229,-77.7521,"SUSQUEHANNA RIVER, RENOVO, PA (WEST BRANCH)",United States of America,7692.5649823457,7060041050,4,4,train
GRDC_4147810,grdc,2695,38.9979,-75.7854,"CHOPTANK RIVER, NEAR GREENSBORO, MD.",United States of America,254.61663282523705,7060040800,2,2,train
GRDC_4147901,grdc,2695,39.6938,-78.1771,"POTOMAC RIVER, HANCOCK, MD",United States of America,10597.1653861584,7060041400,1,1,val
GRDC_4147902,grdc,2695,39.5396,-78.4562,"POTOMAC RIVER, PAW PAW, WV",United States of America,8105.036599245749,7060041400,1,1,val
GRDC_4147903,grdc,2695,39.4479,-78.6521,"POTOMAC RIVER, NEAR SPRINGFIELD, WV (SOUTH BRANCH)",United States of America,3818.5220270143,7060041400,1,1,val
GRDC_4147904,grdc,2695,38.9521,-77.1312,"POTOMAC RIVER, NEAR WASHINGTON DC, LITTLE FALLS PUMP ST",United States of America,30013.327098011498,7060041400,1,1,val
GRDC_4147905,grdc,2695,39.4021,-77.3688,"MONOCACY RIVER, JUG BRIDGE NEAR FREDERICK, MD",United States of America,2122.7603862048104,7060041400,1,1,val
GRDC_4147907,grdc,2695,38.9146,-78.2104,"SHENANDOAH RIVER, FRONT ROYAL, VA (SOUTH FORK)",United States of America,4229.4409781575705,7060041400,1,1,val
GRDC_4147950,grdc,2695,38.3104,-77.5312,"RAPPAHANNOCK RIVER, NEAR FREDERICKSBURG, VA",United States of America,4133.54546898589,7060041650,2,2,train
GRDC_4148070,grdc,2695,36.7687,-77.1646,"NOTTOWAY RIVER, NEAR SEBRELL, VA",United States of America,3742.04556477485,7060042240,3,3,train
GRDC_4148090,grdc,2695,36.4604,-77.6312,"ROANOKE RIVER, ROANOKE RAPIDS, N.C.",United States of America,22023.8217792788,7060042310,2,2,train
GRDC_4148091,grdc,2695,36.9188,-78.7396,"ROANOKE RIVER, RANDOLPH, VA",United States of America,7716.82676240188,7060042310,2,2,train
GRDC_4148092,grdc,2695,37.1063,-79.2938,"ROANOKE RIVER, ALTAVISTA, VA",United States of America,4650.61643682891,7060042310,2,2,train
GRDC_4148110,grdc,2695,35.8937,-77.5312,"TAR RIVER, TARBORO, N.C.",United States of America,5753.5533471723,7060042320,4,4,train
GRDC_4148120,grdc,2695,35.3146,-77.3063,"NEUSE RIVER, NEAR FORT BARNWELL, NC",United States of America,10172.5773021959,7060042740,4,4,train
GRDC_4148125,grdc,2695,35.4271,-77.5812,"CONTENTNEA CREEK, HOOKERTON, NC",United States of America,1924.93412907064,7060042740,4,4,train
GRDC_4148210,grdc,2695,35.6271,-79.1146,"DEEP RIVER, MONCURE, N.C.",United States of America,3733.0526138648497,7060042940,3,3,train
GRDC_4148230,grdc,2695,35.4104,-78.8146,"CAPE FEAR RIVER, LILLINGTON, N.C.",United States of America,8999.26694752925,7060042940,3,3,train
GRDC_4148231,grdc,2695,34.8354,-78.8229,"CAPE FEAR RIVER, WILM NEAR TARHEEL, NC",United States of America,12600.2337313154,7060042940,3,3,train
GRDC_4148300,grdc,2695,34.2062,-79.5479,"PEE DEE RIVER, PEEDEE, S.C.",United States of America,22943.9734710903,7060043090,3,3,train
GRDC_4148321,grdc,2695,35.8563,-80.3854,"YADKIN RIVER, YADKIN COLLEGE, NC",United States of America,5941.812372382719,7060043090,3,3,train
GRDC_4148410,grdc,2695,34.5979,-81.4188,"BROAD RIVER, NEAR CARLISLE, S.C.",United States of America,7208.17518971728,7060043160,4,4,train
GRDC_4148530,grdc,2695,33.9938,-81.0521,"CONGAREE RIVER, COLUMBIA, SC",United States of America,20309.1928213803,7060043160,4,4,train
GRDC_4148535,grdc,2695,34.0146,-81.0896,"SALUDA RIVER, NEAR COLUMBIA, SC",United States of America,6527.9264049189005,7060043160,4,4,train
GRDC_4148541,grdc,2695,34.2438,-80.6521,"WATEREE RIVER, NEAR CAMDEN, SC",United States of America,13089.7428684356,7060043160,4,4,train
GRDC_4148545,grdc,2695,34.8354,-80.8812,"CATAWBA RIVER, BELOW CATAWBA, SC",United States of America,9167.8802021551,7060043160,4,4,train
GRDC_4148546,grdc,2695,34.9854,-80.9729,"CATAWBA RIVER, NEAR ROCKHILL, SC",United States of America,7902.67664695682,7060043160,4,4,train
GRDC_4148570,grdc,2695,33.0271,-80.3938,"EDISTO RIVER, NEAR GIVHANS, SC",United States of America,6914.45576837936,7060043170,3,3,train
GRDC_4148610,grdc,2695,32.1896,-81.4146,"OGEECHEE RIVER, NEAR EDEN, GA.",United States of America,6928.98916559131,7060043510,4,4,train
GRDC_4148650,grdc,2695,32.5312,-81.2688,"SAVANNAH RIVER, NEAR CLYO, GA.",United States of America,25659.4103289082,7060043500,2,2,train
GRDC_4148655,grdc,2695,33.9771,-82.7646,"BROAD RIVER, NEAR BELL, GA",United States of America,3689.7100758744095,7060043500,2,2,train
GRDC_4148720,grdc,2695,31.6562,-81.8271,"ALTAMAHA RIVER, DOCTORTOWN, GA.",United States of America,35521.1867679631,7060043640,4,4,train
GRDC_4148750,grdc,2695,31.2229,-81.8729,"SATILLA RIVER, ATKINSON, GA.",United States of America,7249.75238660795,7060043650,3,3,train
GRDC_4148855,grdc,2695,29.5063,-81.8063,"OCKLAWAHA RIVER, RODMAN DAM NEAR ORANGE SPRINGS, FL",United States of America,7314.920326981129,7060043860,2,2,train
GRDC_4149110,grdc,2695,30.6313,-89.8979,"BOGUE CHITTO, NEAR BUSH, LA.",United States of America,3114.98743606086,7060046870,3,3,train
GRDC_4149120,grdc,2695,30.7937,-89.8187,"PEARL RIVER, NEAR BOGALUSA, LA.",United States of America,16931.6897719921,7060046870,3,3,train
GRDC_4149123,grdc,2695,32.7979,-89.3354,"PEARL RIVER, EDINBURG, MS",United States of America,2318.21158787001,7060046870,3,3,train
GRDC_4149300,grdc,2695,30.9771,-88.7271,"PASCAGOULA RIVER, MERRILL, MISS.",United States of America,17155.7002122721,7060046600,3,3,train
GRDC_4149310,grdc,2695,30.8021,-88.1438,"CHICKASAW CREEK, NEAR KUSHLA, AL",United States of America,336.972781382638,7060046590,3,3,train
GRDC_4149401,grdc,2695,31.6104,-87.5521,"ALABAMA RIVER, CLAIRBORNE L+D NEAR MONROEVILLE",United States of America,55765.2289362185,7060046590,3,3,train
GRDC_4149415,grdc,2695,33.7104,-86.9854,"LOCUST FORK, SAYRE, AL",United States of America,2267.93345902687,7060046590,3,3,train
GRDC_4149420,grdc,2695,30.9646,-87.2354,"ESCAMBIA RIVER, NEAR CENTURY, FLA.",United States of America,9974.1605935344,7060046390,1,1,val
GRDC_4149430,grdc,2695,34.8271,-84.8479,"CONASAUGA RIVER, NEAR ETON,GA",United States of America,638.4984184332241,7060046590,3,3,train
GRDC_4149441,grdc,2695,34.2021,-85.2562,"COOSA RIVER, NEAR ROME, GA",United States of America,10484.3763976346,7060046590,3,3,train
GRDC_4149510,grdc,2695,30.7521,-86.6271,"YELLOW RIVER, MILLIGAN, FLA.",United States of America,1674.70094991706,7060046320,0,0,test
GRDC_4149610,grdc,2695,30.5354,-85.1646,"CHIPOLA RIVER, NEAR ALTHA, FLA.",United States of America,2222.9874260076604,7060045890,2,2,train
GRDC_4149630,grdc,2695,30.7021,-84.8604,"APALACHICOLA RIVER, CHATTAHOOCHEE, FLA.",United States of America,44604.607272532005,7060045890,2,2,train
GRDC_4149631,grdc,2695,30.4229,-85.0312,"APALACHICOLA RIVER, NEAR BLOUNTSTOWN, FLA",United States of America,45616.188533516,7060045890,2,2,train
GRDC_4149670,grdc,2695,32.8854,-85.1813,"CHATTAHOOCHEE RIVER, WEST POINT, GA",United States of America,9167.11412499497,7060045890,2,2,train
GRDC_4149680,grdc,2695,30.9146,-84.5812,"FLINT RIVER, BAINBRIDGE, GA",United States of America,19565.1140060791,7060045890,2,2,train
GRDC_4149682,grdc,2695,32.7229,-84.2312,"FLINT RIVER, NEAR CULLODEN, GA",United States of America,4785.162135215421,7060045890,2,2,train
GRDC_4149690,grdc,2695,30.4521,-85.8979,"CHOCTAWHATCHEE RIVER, NEAR BRUCE, FLA",United States of America,11377.1115180093,7060046130,2,2,train
GRDC_4149691,grdc,2695,30.7729,-85.8271,"CHOCTAWHATCHEE RIVER, CARYVILLE, FLA",United States of America,9064.79986653879,7060046130,2,2,train
GRDC_4149710,grdc,2695,30.5521,-84.3854,"OCHLOCKONEE RIVER, NEAR HAVANA, FLA.",United States of America,2917.85069430951,7060045490,2,2,train
GRDC_4149711,grdc,2695,30.1771,-84.6688,"OCHLOCKONEE RIVER, NEAR SMITH CREEK, FLA",United States of America,5314.73832525781,7060045490,2,2,train
GRDC_4149780,grdc,2695,29.9563,-82.9313,"SUWANNEE RIVER, BRANFORD, FLA.",United States of America,20389.8258153338,7060045480,1,1,val
GRDC_4149781,grdc,2695,29.7937,-82.9229,"SUWANNEE RIVER, NEAR BELL, FLA",United States of America,25056.8079363286,7060045480,1,1,val
GRDC_4149810,grdc,2695,29.8479,-82.7146,"SANTA FE RIVER, NEAR FORT WHITE, FLA.",United States of America,3170.19850961726,7060045480,1,1,val
GRDC_4149850,grdc,2695,28.9896,-82.3479,"WITHLACOOCHEE RIVER, NEAR HOLDER, FLA.",United States of America,4101.81092329493,7060045410,2,2,train
GRDC_4149910,grdc,2695,27.8729,-82.2146,"ALAFIA RIVER, LITHIA, FLA.",United States of America,869.9158189228709,7060044870,1,1,val
GRDC_4149940,grdc,2695,30.8896,-90.8479,"AMITE RIVER, NEAR DARLINGTON, LA.",United States of America,1539.1127961109,7060046900,4,4,train
GRDC_4149941,grdc,2695,30.4646,-90.9896,"AMITE RIVER, NEAR DENHAM SPRINGS, LA",United States of America,3491.14442449043,7060046900,4,4,train
GRDC_4149950,grdc,2695,27.2229,-81.8812,"PEACE RIVER, ARCADIA, FLA.",United States of America,3713.16828488961,7060044860,1,1,val
GRDC_4149965,grdc,2695,30.5021,-90.6771,"TICKFAW RIVER, HOLDEN, LA.",United States of America,690.796284080939,7060046900,4,4,train
GRDC_4150250,grdc,2695,32.2313,-97.7771,"PALUXY RIVER, GLEN ROSE, TEX.",United States of America,1066.9310955490305,7060048300,2,2,train
GRDC_4150280,grdc,2695,28.0396,-97.8604,"NUECES RIVER, NEAR MATHIS, TEX.",United States of America,42914.2970906291,7060048860,1,1,val
GRDC_4150281,grdc,2695,28.4312,-98.1771,"NUECES RIVER, NEAR THREE RIVERS, TX",United States of America,40085.0719708397,7060048860,1,1,val
GRDC_4150282,grdc,2695,28.3104,-98.5563,"NUECES RIVER, NEAR TILDEN, TX",United States of America,21110.4307893176,7060048860,1,1,val
GRDC_4150283,grdc,2695,27.8938,-97.6188,"NUECES RIVER, CALALLEN, TX",United States of America,43445.4781186237,7060048860,1,1,val
GRDC_4150310,grdc,2695,28.7937,-97.0146,"GUADALUPE RIVER, VICTORIA, TX",United States of America,13528.301731877,7060048620,4,4,train
GRDC_4150311,grdc,2695,29.8604,-98.3854,"GUADALUPE RIVER, NEAR SPRING BRANCH, TX",United States of America,3421.15134003558,7060048620,4,4,train
GRDC_4150315,grdc,2695,29.6646,-97.6521,"SAN MARCOS RIVER, LULING, TX",United States of America,2175.3393018293,7060048620,4,4,train
GRDC_4150320,grdc,2695,29.2188,-97.4479,"SANDIES CREEK, NEAR WESTHOFF, TEX.",United States of America,1430.39165409368,7060048620,4,4,train
GRDC_4150330,grdc,2695,28.6521,-97.3854,"SAN ANTONIO RIVER, GOLIARD, TX",United States of America,10161.4157069906,7060048620,4,4,train
GRDC_4150331,grdc,2695,28.9521,-98.0646,"SAN ANTONIO RIVER, NEAR FALLS CITY, TX",United States of America,5496.21986688803,7060048620,4,4,train
GRDC_4150400,grdc,2695,29.8813,-96.2062,"MILL CREEK, NEAR BELLVILLE, TEX.",United States of America,976.840312451282,7060048300,2,2,train
GRDC_4150410,grdc,2695,28.9604,-96.6896,"LAVACA RIVER, NEAR EDNA, TX",United States of America,2089.60659947322,7060048480,1,1,val
GRDC_4150450,grdc,2695,29.3104,-96.1021,"COLORADO RIVER, WHARTON, TEX.",United States of America,105621.742781924,7060048410,4,4,train
GRDC_4150460,grdc,2695,30.7521,-98.6688,"LLANO RIVER, LLANO, TX",United States of America,10895.6246419834,7060048410,4,4,train
GRDC_4150461,grdc,2695,30.6604,-99.1104,"LLANO RIVER, NEAR MASON, TX",United States of America,8399.795815536609,7060048410,4,4,train
GRDC_4150462,grdc,2695,30.5063,-99.7354,"LLANO RIVER, NEAR JUNCTION, TX",United States of America,4785.5207252339205,7060048410,4,4,train
GRDC_4150465,grdc,2695,31.2146,-98.7188,"SAN SABA RIVER, SAN SABA, TX",United States of America,7838.878213604301,7060048410,4,4,train
GRDC_4150471,grdc,2695,31.4229,-100.7104,"MIDDLE CONCHO RIVER, ABOVE TANKERSLEY,TX",United States of America,6072.2783653661,7060048410,4,4,train
GRDC_4150475,grdc,2695,31.5146,-99.9188,"CONCHO RIVER, PAINT ROCK, TX",United States of America,16329.1516773607,7060048410,4,4,train
GRDC_4150500,grdc,2695,29.5813,-95.7562,"BRAZOS RIVER, RICHMOND, TEX.",United States of America,107283.729281393,7060048300,2,2,train
GRDC_4150501,grdc,2695,31.8146,-97.2979,"BRAZOS RIVER, NEAR AQUILLA,TX",United States of America,61385.1126187117,7060048300,2,2,train
GRDC_4150502,grdc,2695,33.0146,-98.6562,"BRAZOS RIVER, NEAR SOUTH BEND,TX",United States of America,49503.535068615,7060048300,2,2,train
GRDC_4150503,grdc,2695,33.5812,-99.2688,"BRAZOS RIVER, SEYMOUR,TX",United States of America,31015.396869400694,7060048300,2,2,train
GRDC_4150505,grdc,2695,32.9354,-99.2188,"CLEAR FORK BRAZOS RIVER, FORT GRIFFIN",United States of America,10325.588069146,7060048300,2,2,train
GRDC_4150507,grdc,2695,33.3354,-100.2396,"SALT FORK BRAZOS RIVER, NEAR ASPERMONT, TX",United States of America,13069.347512081798,7060048300,2,2,train
GRDC_4150510,grdc,2695,31.7896,-97.5646,"NORTH BOSQUE RIVER, NEAR CLIFTON,TX",United States of America,2538.3887476646,7060048300,2,2,train
GRDC_4150515,grdc,2695,31.0813,-98.0104,"LAMPASAS RIVER, NEAR KEMPNER,TX",United States of America,2125.6055751899103,7060048300,2,2,train
GRDC_4150585,grdc,2695,28.7396,-99.1438,"FRIO RIVER, NEAR DERBY, TX",United States of America,8948.74526426682,7060048860,1,1,val
GRDC_4150600,grdc,2695,30.4271,-94.8479,"TRINITY RIVER, ROMAYOR, TEX.",United States of America,44683.2922427532,7060047970,1,1,val
GRDC_4150605,grdc,2695,32.9646,-96.9396,"ELM FORK TRINITY RIVER, NEAR CARROLLTON, TX",United States of America,6354.409613661121,7060047970,1,1,val
GRDC_4150680,grdc,2695,30.3562,-94.0938,"NECHES RIVER, EVADALE, TEX.",United States of America,20574.667363695306,7060047850,3,3,train
GRDC_4150681,grdc,2695,31.0271,-94.3979,"NECHES RIVER, NEAR ROCKLAND, TX",United States of America,9348.28515315772,7060047850,3,3,train
GRDC_4150682,grdc,2695,31.8896,-95.4313,"NECHES RIVER, NEAR NECHES,TX",United States of America,2954.4009357731297,7060047850,3,3,train
GRDC_4150850,grdc,2695,30.4812,-92.6312,"BAYOU NEZPIQUE, NEAR BASILE, LA.",United States of America,1489.88815443796,7060047770,2,2,train
GRDC_4151300,grdc,2695,32.0229,-104.0563,"DELAWARE RIVER, NEAR RED BLUFF, N.M.",United States of America,2010.2839129495896,7060049270,2,2,train
GRDC_4151400,grdc,2695,33.2896,-104.7396,"HONDO, BELOW DIAMOND A DAM NEAR ROSWELL, NM",United States of America,2497.6752113287603,7060049270,2,2,train
GRDC_4151410,grdc,2695,32.7438,-104.4146,"RIO PENASCO, DAYTON, NM",United States of America,2766.1701513144603,7060049270,2,2,train
GRDC_4151420,grdc,2695,35.1812,-104.8979,"GALLINAS CREEK, NEAR COLONIAS, NM",United States of America,1612.8230162026998,7060049270,2,2,train
GRDC_4151511,grdc,2695,32.9938,-104.3271,"PECOS RIVER, NEAR LAKE ARTHUR, NM",United States of America,38433.7353874791,7060049270,2,2,train
GRDC_4151512,grdc,2695,34.3312,-104.1771,"PECOS RIVER, BELOW TAIBAN CREEK NEAR FORT SUMNER,NM",United States of America,15360.7201334868,7060049270,2,2,train
GRDC_4151513,grdc,2695,34.6063,-104.3896,"PECOS RIVER, BELOW SUMNER DAM, NM",United States of America,11253.2022405625,7060049270,2,2,train
GRDC_4151514,grdc,2695,34.7313,-104.5271,"PECOS RIVER, NEAR PUERTO DE LUNA, NM",United States of America,10067.9243890817,7060049270,2,2,train
GRDC_4151515,grdc,2695,31.1146,-102.4188,"PECOS RIVER, NEAR GIRVIN",United States of America,85595.23141010769,7060049270,2,2,train
GRDC_4151600,grdc,2695,34.4104,-106.8521,"RIO PUERCO, NEAR BERNARDO, NM",United States of America,16654.8902871618,7060049270,2,2,train
GRDC_4151651,grdc,2695,36.5812,-106.7271,"RIO CHAMA, BELOW EL VADO DAM, NM",United States of America,2238.8544561048498,7060049270,2,2,train
GRDC_4151802,grdc,2695,35.8771,-106.1438,"RIO BRAVO, OTOWI BRIDGE, NM",United States of America,36259.1335618168,7060049270,2,2,train
GRDC_4151803,grdc,2695,36.3188,-105.7562,"RIO BRAVO, BELOW TAOS JUNCTION BRIDGE NEAR TAOS,NM",United States of America,24423.0393135602,7060049270,2,2,train
GRDC_4151805,grdc,2695,37.6812,-106.4688,"RIO BRAVO, NEAR DEL NORTE, CO",United States of America,3410.98573864881,7060049270,2,2,train
GRDC_4152050,grdc,2695,32.7313,-114.6312,"COLORADO RIVER, BELOW YUMA MAIN CANAL WW AT YUMA,AZ",United States of America,615665.139652414,7060008710,2,2,train
GRDC_4152103,grdc,2695,36.0146,-114.7396,"COLORADO RIVER, BELOW HOOVER DAM, AZ-NV",United States of America,424008.264639554,7060008710,2,2,train
GRDC_4152110,grdc,2695,36.6437,-114.5396,"MUDDY RIVER, NEAR GLENDALE, NV",United States of America,17550.0958452872,7060008710,2,2,train
GRDC_4152120,grdc,2695,34.2313,-113.6104,"BILL WILLIAMS RIVER, BELOW ALAMO DAM, AZ",United States of America,11987.1218160122,7060008710,2,2,train
GRDC_4152202,grdc,2695,32.7604,-114.4188,"GILA RIVER, NEAR DOME, AZ",United States of America,148628.277583363,7060008710,2,2,train
GRDC_4152300,grdc,2695,33.6188,-110.9229,"SALT RIVER, NEAR ROOSEVELT, ARIZ",United States of America,11072.6143965499,7060008710,2,2,train
GRDC_4152400,grdc,2695,34.0729,-111.7146,"VERDE RIVER, BELOW TANGLE CREEK ABV HORSESHOE DAM, AZ",United States of America,14321.0679081716,7060008710,2,2,train
GRDC_4152450,grdc,2695,36.8646,-111.5896,"COLORADO RIVER, LEES FERRY, ARIZ.",United States of America,279273.734004973,7060008710,2,2,train
GRDC_4152460,grdc,2695,38.8146,-109.2938,"COLORADO RIVER, NEAR CISCO, UTAH",United States of America,62064.1125783151,7060008710,2,2,train
GRDC_4152465,grdc,2695,35.9271,-111.5646,"LITTLE COLORADO RIVER, NEAR CAMERON, ARIZ",United States of America,66463.0637923343,7060008710,2,2,train
GRDC_4152500,grdc,2695,31.3771,-110.1062,"SAN PEDRO RIVER, PALOMINAS, ARIZ.",United States of America,1898.13706286245,7060008710,2,2,train
GRDC_4152550,grdc,2695,38.9854,-110.1479,"GREEN RIVER, GREEN RIVER, UTAH",United States of America,105600.572234628,7060008710,2,2,train
GRDC_4152551,grdc,2695,40.4104,-109.2354,"GREEN RIVER, NEAR JENSEN, UT",United States of America,65915.2540641485,7060008710,2,2,train
GRDC_4152553,grdc,2695,42.1938,-110.1646,"GREEN RIVER, NEAR LA BARGE, WY",United States of America,9866.285245030022,7060008710,2,2,train
GRDC_4152570,grdc,2695,41.5438,-109.6896,"BLACKS FORK, NEAR LITTLE AMERICA, WY",United States of America,7719.631783687909,7060008710,2,2,train
GRDC_4152580,grdc,2695,40.5479,-108.4229,"LITTLE SNAKE RIVER, NEAR LILY, CO",United States of America,10443.1203567314,7060008710,2,2,train
GRDC_4152590,grdc,2695,39.9771,-109.1729,"WHITE RIVER, NEAR WATSON, UT",United States of America,10087.7619162595,7060008710,2,2,train
GRDC_4152610,grdc,2695,40.2146,-109.7854,"DUCHESNE RIVER, NEAR RANDLETT, UT",United States of America,9735.46642790984,7060008710,2,2,train
GRDC_4152620,grdc,2695,38.0938,-110.4062,"DIRTY DEVIL RIVER, ABOVE POISON SP WASH NEAR HANKSVILLE, UT",United States of America,11010.833116696202,7060008710,2,2,train
GRDC_4152650,grdc,2695,38.7521,-108.0771,"GUNNISON RIVER, DELTA, CO",United States of America,14617.073016351002,7060008710,2,2,train
GRDC_4152651,grdc,2695,38.5312,-107.6479,"GUNNISON RIVER, BELOW GUNNISON TUNNEL, CO",United States of America,10298.3679128453,7060008710,2,2,train
GRDC_4152652,grdc,2695,38.5396,-106.9437,"GUNNISON RIVER, NEAR GUNNISON, CO",United States of America,2623.27746115202,7060008710,2,2,train
GRDC_4152660,grdc,2695,38.7979,-109.1937,"DOLORES RIVER, NEAR CISCO, UT",United States of America,11869.5659987898,7060008710,2,2,train
GRDC_4152700,grdc,2695,40.5021,-108.0271,"YAMPA RIVER, NEAR MAYBELL, CO",United States of America,8760.14969260246,7060008710,2,2,train
GRDC_4152701,grdc,2695,40.4521,-108.5271,"YAMPA RIVER, DEERLODGE PARK, CO",United States of America,20527.7104730963,7060008710,2,2,train
GRDC_4152800,grdc,2695,36.8937,-113.9229,"VIRGIN RIVER, LITTLEFIELD, ARIZ",United States of America,12664.9570637188,7060008710,2,2,train
GRDC_4152900,grdc,2695,33.0479,-109.2938,"SAN FRANCISCO RIVER, CLIFTON, ARIZ",United States of America,7229.06895398193,7060008710,2,2,train
GRDC_4204010,grdc,2695,56.7396,-131.6771,"ISKUT RIVER, BELOW JOHNSON RIVER",Canada,9477.463782042629,7060020090,0,0,test
GRDC_4204100,grdc,2695,57.9021,-131.1562,"STIKINE RIVER, TELEGRAPH CREEK",Canada,28861.40705364,7060020090,0,0,test
GRDC_4204900,grdc,2695,56.7062,-132.1312,"STIKINE RIVER, NEAR WRANGELL",Canada,50584.374866697,7060020090,0,0,test
GRDC_4207100,grdc,2695,54.0104,-125.0062,"STELLAKO RIVER, GLENANNAN",Canada,3995.94807253822,7060016260,2,2,train
GRDC_4207130,grdc,2695,54.6104,-124.2438,"TSILCOH RIVER, NEAR THE MOUTH",Canada,336.625666666742,7060016260,2,2,train
GRDC_4207150,grdc,2695,54.4188,-124.2688,"STUART RIVER, NEAR FORT ST. JAMES",Canada,14172.4754920357,7060016260,2,2,train
GRDC_4207180,grdc,2695,53.9604,-123.2354,"NECHAKO RIVER, ISLE PIERRE",Canada,42555.3431648791,7060016260,2,2,train
GRDC_4207190,grdc,2695,54.0104,-122.6188,"FRASER RIVER, SHELLEY",Canada,32323.3382957294,7060016260,2,2,train
GRDC_4207220,grdc,2695,54.0979,-122.6729,"SALMON RIVER, NEAR PRINCE GEORGE",Canada,4383.93125729753,7060016260,2,2,train
GRDC_4207300,grdc,2695,52.0688,-123.5396,"CHILKO RIVER, NEAR REDSTONE",Canada,6665.56441809789,7060016260,2,2,train
GRDC_4207310,grdc,2695,52.5271,-122.4437,"FRASER RIVER, NEAR MARGUERITE",Canada,113763.988327082,7060016260,2,2,train
GRDC_4207320,grdc,2695,52.8438,-122.2271,"QUESNEL RIVER, NEAR QUESNEL",Canada,11653.5210072694,7060016260,2,2,train
GRDC_4207321,grdc,2695,52.6146,-121.5729,"QUESNEL RIVER, LIKELY",Canada,6063.578640563921,7060016260,2,2,train
GRDC_4207350,grdc,2695,53.4438,-120.2188,"MCKALE RIVER, NEAR 940 M CONTOUR",Canada,249.47556413653496,7060016260,2,2,train
GRDC_4207380,grdc,2695,52.9854,-119.0062,"FRASER RIVER, RED PASS",Canada,1694.8848286871898,7060016260,2,2,train
GRDC_4207710,grdc,2695,51.3521,-119.8812,"HARPER CREEK, NEAR THE MOUTH",Canada,164.830061509268,7060016260,2,2,train
GRDC_4207750,grdc,2695,50.3312,-122.8104,"LILLOOET RIVER, NEAR PEMBERTON",Canada,2081.6166333521,7060016260,2,2,train
GRDC_4207770,grdc,2695,49.9562,-121.8604,"NAHATLATCH RIVER, BELOW TACHEWANA CREEK",Canada,717.642281502753,7060016260,2,2,train
GRDC_4207800,grdc,2695,50.3563,-121.3938,"THOMPSON RIVER, NEAR SPENCES BRIDGE",Canada,55003.0168437509,7060016260,2,2,train
GRDC_4207830,grdc,2695,51.0396,-120.2396,"NORTH THOMPSON RIVER, MCLURE",Canada,19528.539752758,7060016260,2,2,train
GRDC_4207850,grdc,2695,50.9396,-119.6562,"ADAMS RIVER, NEAR SQUILAX",Canada,3183.6024467034804,7060016260,2,2,train
GRDC_4207860,grdc,2695,50.7646,-119.7396,"SOUTH THOMPSON RIVER, CHASE",Canada,15741.364423978,7060016260,2,2,train
GRDC_4207880,grdc,2695,50.9354,-118.7979,"EAGLE RIVER, NEAR MALAKWA",Canada,927.464553877616,7060016260,2,2,train
GRDC_4207900,grdc,2695,49.3812,-121.4521,"FRASER RIVER, HOPE",Canada,215706.308480795,7060016260,2,2,train
GRDC_4207910,grdc,2695,49.0979,-121.9646,"CHILLIWACK RIVER, VEDDER CROSSING",Canada,1222.87450192425,7060016260,2,2,train
GRDC_4213010,grdc,2695,49.3521,-113.4812,"BELLY RIVER, NEAR GLENWOOD",Canada,689.869015361721,7060022240,3,3,train
GRDC_4213011,grdc,2695,49.0979,-113.6979,"BELLY RIVER, NEAR MOUNTAIN VIEW",Canada,312.38548447529,7060022240,3,3,train
GRDC_4213030,grdc,2695,52.0021,-116.4688,"NORTH SASKATCHEWAN RIVER, WHIRLPOOL POINT",Canada,1891.67856142053,7060022240,3,3,train
GRDC_4213031,grdc,2695,53.5396,-113.4854,"NORTH SASKATCHEWAN RIVER, EDMONTON",Canada,28110.5606864029,7060022240,3,3,train
GRDC_4213045,grdc,2695,51.1729,-115.5687,"BOW RIVER, BANFF",Canada,2206.61737002034,7060022240,3,3,train
GRDC_4213047,grdc,2695,50.0479,-111.5896,"BOW RIVER, NEAR THE MOUTH",Canada,23610.1053329875,7060022240,3,3,train
GRDC_4213050,grdc,2695,52.2729,-114.9313,"PRAIRIE CREEK, NEAR ROCKY MOUNTAIN HOUSE",Canada,843.244897497026,7060022240,3,3,train
GRDC_4213055,grdc,2695,50.1354,-113.1229,"LITTLE BOW RIVER, CARMANGAY",Canada,2828.1711618573104,7060022240,3,3,train
GRDC_4213060,grdc,2695,52.2521,-114.8562,"CLEARWATER RIVER, NEAR DOVERCOURT",Canada,2260.54096845216,7060022240,3,3,train
GRDC_4213070,grdc,2695,50.9479,-114.5729,"ELBOW RIVER, BRAGG CREEK",Canada,753.935435659277,7060022240,3,3,train
GRDC_4213071,grdc,2695,51.0146,-114.0896,"ELBOW RIVER, BELOW GLENMORE DAM",Canada,1185.27939244395,7060022240,3,3,train
GRDC_4213095,grdc,2695,49.4896,-114.1479,"CASTLE RIVER, NEAR BEAVER MINES",Canada,825.029563160662,7060022240,3,3,train
GRDC_4213101,grdc,2695,49.5562,-113.8229,"OLDMAN RIVER, NEAR BROCKET",Canada,4391.56097877957,7060022240,3,3,train
GRDC_4213102,grdc,2695,49.7062,-112.8646,"OLDMAN RIVER, NEAR LETHBRIDGE",Canada,16995.100193034,7060022240,3,3,train
GRDC_4213103,grdc,2695,49.9188,-111.8021,"OLDMAN RIVER, NEAR THE MOUTH",Canada,28318.7428187793,7060022240,3,3,train
GRDC_4213111,grdc,2695,49.5729,-112.8438,"SAINT MARY RIVER, NEAR LETHBRIDGE",Canada,3582.89291982318,7060022240,3,3,train
GRDC_4213131,grdc,2695,50.5896,-113.8854,"HIGHWOOD RIVER, BELOW LITTLE BOW CANAL",Canada,1970.98212598076,7060022240,3,3,train
GRDC_4213140,grdc,2695,50.3979,-105.3979,"MOOSE JAW RIVER, NEAR BURDICK",Canada,8914.56091932891,7060022240,3,3,train
GRDC_4213150,grdc,2695,52.0271,-114.1396,"LITTLE RED DEER RIVER, NEAR THE MOUTH",Canada,2537.33994714773,7060022240,3,3,train
GRDC_4213160,grdc,2695,52.3563,-113.7938,"BLINDMAN RIVER, NEAR BLACKFALDS",Canada,1785.22446347197,7060022240,3,3,train
GRDC_4213170,grdc,2695,53.6562,-113.7604,"STURGEON RIVER, NEAR VILLENEUVE",Canada,1973.2552222391896,7060022240,3,3,train
GRDC_4213171,grdc,2695,50.1771,-91.5021,"STURGEON RIVER, MCDOUGALL MILLS",Canada,382.457106353292,7060022240,3,3,train
GRDC_4213172,grdc,2695,50.3604,-94.4646,"STURGEON RIVER, OUTLET OF SALVESEN LAKE",Canada,1387.3263942279098,7060022240,3,3,train
GRDC_4213180,grdc,2695,52.6646,-113.5812,"BATTLE RIVER, NEAR PONOKA",Canada,1860.56529260208,7060022240,3,3,train
GRDC_4213183,grdc,2695,52.8563,-110.0188,"BATTLE RIVER, NEAR THE SASKATCHEWAN BOUNDARY",Canada,21944.162017328,7060022240,3,3,train
GRDC_4213193,grdc,2695,49.0312,-98.2771,"PEMBINA RIVER, NEAR WINDYGATES",Canada,7169.007917600259,7060022240,3,3,train
GRDC_4213200,grdc,2695,50.7021,-104.8104,"QU'APPELLE RIVER, BELOW CRAVEN DAM",Canada,10197.7866271201,7060022240,3,3,train
GRDC_4213201,grdc,2695,50.7854,-104.2896,"QU'APPELLE RIVER, BELOW LOON CREEK",Canada,30811.741307728505,7060022240,3,3,train
GRDC_4213203,grdc,2695,50.6521,-104.8604,"QU'APPELLE RIVER, NEAR LUMSDEN",Canada,17035.886448619,7060022240,3,3,train
GRDC_4213205,grdc,2695,50.6312,-104.9021,"WASCANA CREEK, NEAR LUMSDEN",Canada,3712.660623277821,7060022240,3,3,train
GRDC_4213210,grdc,2695,48.6063,-93.4021,"RAINY RIVER, FORT FRANCES",Canada,38069.3321911293,7060022240,3,3,train
GRDC_4213250,grdc,2695,50.0438,-110.6771,"SOUTH SASKATCHEWAN RIVER, MEDICINE HAT",Canada,54832.7963468038,7060022240,3,3,train
GRDC_4213300,grdc,2695,53.5187,-109.6104,"NORTH SASKATCHEWAN RIVER, NEAR DEER CREEK",Canada,56651.0971166837,7060022240,3,3,train
GRDC_4213340,grdc,2695,49.8438,-108.4771,"SWIFTCURRENT CREEK, BELOW ROCK CREEK",Canada,1408.795749692,7060022240,3,3,train
GRDC_4213341,grdc,2695,50.4938,-107.6562,"SWIFTCURRENT CREEK, NEAR LEINAN",Canada,3680.07103384708,7060022240,3,3,train
GRDC_4213355,grdc,2695,51.7021,-96.6021,"BLOODVEIN RIVER, ABOVE BLOODVEIN BAY",Canada,9016.35158868152,7060022240,3,3,train
GRDC_4213440,grdc,2695,53.2062,-105.7688,"NORTH SASKATCHEWAN RIVER, PRINCE ALBERT",Canada,118217.37994099,7060022240,3,3,train
GRDC_4213495,grdc,2695,49.1021,-103.0146,"LONG CREEK, NEAR ESTEVAN",Canada,3988.16480178954,7060022240,3,3,train
GRDC_4213551,grdc,2695,53.1604,-99.3479,"SASKATCHEWAN RIVER, GRAND RAPIDS",Canada,331735.068092136,7060022240,3,3,train
GRDC_4213552,grdc,2695,53.7062,-103.3021,"SASKATCHEWAN RIVER, BELOW TOBIN LAKE",Canada,256293.487312626,7060022240,3,3,train
GRDC_4213557,grdc,2695,50.3563,-99.9021,"LITTLE SASKATCHEWAN RIVER, NEAR MINNEDOSA",Canada,2643.68073371008,7060022240,3,3,train
GRDC_4213562,grdc,2695,51.4688,-112.7104,"RED DEER RIVER, DRUMHELLER",Canada,24385.3988509462,7060022240,3,3,train
GRDC_4213563,grdc,2695,52.2771,-113.8146,"RED DEER RIVER, RED DEER",Canada,11881.427791782,7060022240,3,3,train
GRDC_4213564,grdc,2695,51.6479,-115.0188,"RED DEER RIVER, BELOW BURNT TIMBER CREEK",Canada,2232.0031938936,7060022240,3,3,train
GRDC_4213566,grdc,2695,52.8604,-102.1979,"RED DEER RIVER, NEAR ERWOOD",Canada,10930.7562272491,7060022240,3,3,train
GRDC_4213569,grdc,2695,50.9021,-110.2896,"RED DEER RIVER, NEAR BINDLOSS",Canada,42481.4543414712,7060022240,3,3,train
GRDC_4213571,grdc,2695,51.5646,-101.9229,"ASSINIBOINE RIVER, KAMSACK",Canada,12778.4125923425,7060022240,3,3,train
GRDC_4213590,grdc,2695,49.5979,-99.6813,"SOURIS RIVER, WAWANESA",Canada,59831.7963133272,7060022240,3,3,train
GRDC_4213593,grdc,2695,48.9896,-101.9562,"SOURIS RIVER, NEAR SHERWOOD",Canada,21954.3437629461,7060022240,3,3,train
GRDC_4213601,grdc,2695,55.7438,-96.9979,"GRASS RIVER, ABOVE STANDING STONE FALLS",Canada,15263.1453206849,7060022240,3,3,train
GRDC_4213640,grdc,2695,51.8854,-116.6896,"MISTAYA RIVER, NEAR SASKATCHEWAN CROSSING",Canada,253.88378644119095,7060022240,3,3,train
GRDC_4213650,grdc,2695,49.8688,-97.4021,"ASSINIBOINE RIVER, HEADINGLEY",Canada,147110.720116645,7060022240,3,3,train
GRDC_4213700,grdc,2695,55.4896,-98.1896,"TAYLOR RIVER, NEAR THOMPSON",Canada,890.7116791495899,7060022240,3,3,train
GRDC_4213711,grdc,2695,56.3979,-94.3688,"NELSON RIVER, LONG SPRUCE GENERATING STATION",Canada,992862.4451151992,7060022240,3,3,train
GRDC_4213712,grdc,2695,56.3812,-94.6354,"NELSON RIVER, KETTLE GENERATING STATION",Canada,991520.66558637,7060022240,3,3,train
GRDC_4213715,grdc,2695,56.3438,-94.6813,"KETTLE RIVER, NEAR GILLAM",Canada,1138.08975045194,7060022240,3,3,train
GRDC_4213720,grdc,2695,56.0354,-96.5312,"NELSON RIVER, AT KELSEY GENERATING STATION",Canada,948658.911973329,7060022240,3,3,train
GRDC_4213765,grdc,2695,52.8188,-115.5188,"NORDEGG RIVER, SUNCHILD ROAD",Canada,845.574563708594,7060022240,3,3,train
GRDC_4213780,grdc,2695,49.9396,-95.9604,"WHITEMOUTH RIVER, NEAR WHITEMOUTH",Canada,3676.51197750328,7060022240,3,3,train
GRDC_4213800,grdc,2695,50.2229,-95.5729,"WINNIPEG RIVER, SLAVE FALLS",Canada,125287.388818779,7060022240,3,3,train
GRDC_4213802,grdc,2695,50.5688,-96.1771,"WINNIPEG RIVER, PINE FALLS GENERATING STATION",Canada,135963.685593594,7060022240,3,3,train
GRDC_4213810,grdc,2695,55.9938,-97.3604,"ODEI RIVER, NEAR THOMPSON",Canada,6040.20022470589,7060022240,3,3,train
GRDC_4213820,grdc,2695,51.4354,-116.1729,"PIPESTONE RIVER, NEAR LAKE LOUISE",Canada,303.466597850046,7060022240,3,3,train
GRDC_4213840,grdc,2695,57.0229,-93.4479,"WEIR RIVER, ABOVE THE MOUTH",Canada,2271.73756818994,7060022240,3,3,train
GRDC_4213845,grdc,2695,56.6688,-93.6312,"ANGLING RIVER, NEAR BIRD",Canada,1481.59136814111,7060022240,3,3,train
GRDC_4213880,grdc,2695,48.8521,-92.7229,"TURTLE RIVER, NEAR MINE CENTRE",Canada,4616.717982954539,7060022240,3,3,train
GRDC_4213890,grdc,2695,48.3646,-92.1604,"NAMAKAN RIVER, OUTLET OF LAC LA CROIX",Canada,13086.5574761846,7060022240,3,3,train
GRDC_4213910,grdc,2695,49.8646,-91.4938,"ENGLISH RIVER, UMFREVILLE",Canada,6104.76899504307,7060022240,3,3,train
GRDC_4213925,grdc,2695,51.1604,-115.5521,"SPRAY RIVER, BANFF",Canada,734.026722137161,7060022240,3,3,train
GRDC_4214210,grdc,2695,54.3563,-110.2146,"BEAVER RIVER, COLD LAKE RESERVE",Canada,14647.5920536375,7060021740,1,1,val
GRDC_4214263,grdc,2695,55.5271,-102.3312,"CHURCHILL RIVER, SANDY BAY",Canada,211903.453573586,7060021740,1,1,val
GRDC_4214264,grdc,2695,55.6479,-104.7354,"CHURCHILL RIVER, ABOVE OTTER RAPIDS",Canada,118258.899933702,7060021740,1,1,val
GRDC_4214265,grdc,2695,55.9271,-107.7271,"CHURCHILL RIVER, NEAR PATUANAK",Canada,78584.6248886737,7060021740,1,1,val
GRDC_4214271,grdc,2695,55.3521,-104.4979,"RAPID RIVER, OUTLET OF LAC LA RONGE",Canada,15271.059045022,7060021740,1,1,val
GRDC_4214280,grdc,2695,57.6521,-95.6604,"LITTLE BEAVER RIVER, NEAR THE MOUTH",Canada,4270.968157569079,7060021740,1,1,val
GRDC_4214285,grdc,2695,56.1938,-103.1604,"REINDEER RIVER, ABOVE DEVIL RAPIDS",Canada,63415.007890718,7060021740,1,1,val
GRDC_4214287,grdc,2695,57.0938,-103.7104,"WATHAMAN RIVER, BELOW WATHAMAN LAKE",Canada,10199.3628484227,7060021740,1,1,val
GRDC_4214290,grdc,2695,56.2438,-106.5604,"HAULTAIN RIVER, ABOVE NORBERT RIVER",Canada,3674.73212213836,7060021740,1,1,val
GRDC_4214295,grdc,2695,55.7104,-109.3854,"DILLON RIVER, BELOW DILLON LAKE",Canada,2311.4631411761898,7060021740,1,1,val
GRDC_4214298,grdc,2695,54.9312,-107.7479,"DORE RIVER, NEAR THE MOUTH",Canada,3014.18171198445,7060021740,1,1,val
GRDC_4214360,grdc,2695,53.3479,-91.7896,"WINDIGO RIVER, ABOVE MUSKRAT DAM LAKE",Canada,12076.1041778549,7060022840,1,1,val
GRDC_4214390,grdc,2695,53.4896,-91.5146,"SEVERN RIVER, OUTLET OF MUSKRAT DAM LAKE",Canada,36827.9291996657,7060022840,1,1,val
GRDC_4214400,grdc,2695,51.1688,-91.5938,"CAT RIVER, BELOW WESLEYAN LAKE",Canada,5235.94345177999,7060024290,2,2,train
GRDC_4214430,grdc,2695,52.2938,-88.7562,"PINEIMUTA RIVER, EYES LAKE",Canada,4934.89276213701,7060024030,1,1,val
GRDC_4214475,grdc,2695,54.2854,-85.6562,"SHAMATTAWA RIVER, OUTLET OF SHAMATTAWA LAKE",Canada,4764.9251791417,7060023220,0,0,test
GRDC_4214490,grdc,2695,51.8229,-89.6021,"OTOSKWIN RIVER, BELOW BADESDAWA LAKE",Canada,9002.17777940996,7060024030,1,1,val
GRDC_4214500,grdc,2695,49.7812,-84.5354,"NAGAGAMI RIVER, HIGHWAY NO.11",Canada,2057.62540898727,7060024290,2,2,train
GRDC_4214505,grdc,2695,49.7646,-85.2271,"PAGWACHUAN RIVER, HIGHWAY NO. 11",Canada,2120.0997139513,7060024290,2,2,train
GRDC_4214513,grdc,2695,48.4062,-81.4521,"MATTAGAMI RIVER, NEAR TIMMINS",Canada,5603.7163000830005,7060024580,1,1,val
GRDC_4214517,grdc,2695,49.3104,-82.0438,"GROUNDHOG RIVER, FAUQUIER",Canada,12383.5158399004,7060024580,1,1,val
GRDC_4214520,grdc,2695,51.3271,-83.8396,"ALBANY RIVER, NEAR HAT ISLAND",Canada,118068.59987233,7060024290,2,2,train
GRDC_4214530,grdc,2695,49.6146,-83.2646,"MISSINAIBI RIVER, MATTICE",Canada,9875.51854925745,7060024580,1,1,val
GRDC_4214540,grdc,2695,51.6396,-86.3854,"ALBANY RIVER, ABOVE NOTTIK ISLAND",Canada,32542.556794687094,7060024290,2,2,train
GRDC_4214560,grdc,2695,51.0812,-80.7604,"NORTH FRENCH RIVER, NEAR THE MOUTH",Canada,6606.0418182168605,7060024580,1,1,val
GRDC_4214570,grdc,2695,50.4188,-84.3812,"KENOGAMI RIVER, NEAR MAMMAMATTAWA",Canada,30615.3124014579,7060024290,2,2,train
GRDC_4214580,grdc,2695,50.6604,-86.5312,"LITTLE CURRENT RIVER, PERCY LAKE",Canada,5210.25643665662,7060024290,2,2,train
GRDC_4214590,grdc,2695,51.8521,-82.9688,"ALBANY RIVER, ABOVE FISHING CREEK ISLAND",Canada,126731.189620477,7060024290,2,2,train
GRDC_4214610,grdc,2695,48.6021,-78.1062,"HARRICANAW RIVER, AMOS",Canada,3666.6242390656,7060024680,4,4,train
GRDC_4215010,grdc,2695,49.4688,-120.9771,"TULAMEEN RIVER, BELOW VUICH CREEK",Canada,246.537755600114,7060014930,4,4,train
GRDC_4215011,grdc,2695,49.4604,-120.5188,"TULAMEEN RIVER, PRINCETON",Canada,1795.9949410488,7060014930,4,4,train
GRDC_4215040,grdc,2695,49.2104,-119.9896,"ASHNOLA RIVER, NEAR KEREMEOS",Canada,1050.45644914706,7060014930,4,4,train
GRDC_4215050,grdc,2695,49.3771,-120.1521,"SIMILKAMEEN RIVER, NEAR HEDLEY",Canada,5679.489562482099,7060014930,4,4,train
GRDC_4215051,grdc,2695,49.4604,-120.5062,"SIMILKAMEEN RIVER, PRINCETON",Canada,1819.68823531177,7060014930,4,4,train
GRDC_4215101,grdc,2695,49.1146,-119.5687,"OKANOGAN RIVER, NEAR OLIVER",Canada,7499.95238922792,7060014930,4,4,train
GRDC_4215102,grdc,2695,49.3396,-119.5771,"OKANOGAN RIVER, OKANAGAN FALLS",Canada,6678.862828983821,7060014930,4,4,train
GRDC_4215103,grdc,2695,49.4938,-119.6104,"OKANOGAN RIVER, PENTICTON",Canada,5964.03435929981,7060014930,4,4,train
GRDC_4215120,grdc,2695,49.8812,-119.4146,"MISSION CREEK, NEAR EAST KELOWNA",Canada,799.966965419103,7060014930,4,4,train
GRDC_4215125,grdc,2695,49.0438,-118.4396,"GRANBY RIVER, GRAND FORKS",Canada,2031.7521726941,7060014930,4,4,train
GRDC_4215181,grdc,2695,49.2313,-118.9271,"KETTLE RIVER, NEAR WESTBRIDGE",Canada,2138.48596515245,7060014930,4,4,train
GRDC_4215185,grdc,2695,49.1729,-118.9771,"WEST KETTLE RIVER, WESTBRIDGE",Canada,1903.11943434577,7060014930,4,4,train
GRDC_4215200,grdc,2695,49.1771,-117.7146,"COLUMBIA RIVER, BIRCHBANK",Canada,87105.2483748747,7060014930,4,4,train
GRDC_4215230,grdc,2695,49.0479,-117.2938,"SALMO RIVER, NEAR SALMO",Canada,1238.6983898944,7060014930,4,4,train
GRDC_4215250,grdc,2695,49.6979,-117.4479,"LEMON CREEK, ABOVE SOUTH LEMON CREEK",Canada,181.152731858037,7060014930,4,4,train
GRDC_4215260,grdc,2695,49.4604,-117.5646,"SLOCAN RIVER, NEAR CRESCENT VALLEY",Canada,3319.0407618978497,7060014930,4,4,train
GRDC_4215270,grdc,2695,49.9062,-116.9521,"KASLO RIVER, BELOW KEMP CREEK",Canada,432.881408779454,7060014930,4,4,train
GRDC_4215426,grdc,2695,50.2313,-116.9562,"DUNCAN RIVER, BELOW LARDEAU RIVER",Canada,4146.5783461583205,7060014930,4,4,train
GRDC_4215430,grdc,2695,50.2646,-116.9688,"LARDEAU RIVER, MARBLEHEAD",Canada,1705.56412852905,7060014930,4,4,train
GRDC_4215650,grdc,2695,51.6771,-117.7188,"GOLD RIVER, ABOVE PALMER CREEK",Canada,425.33442294635,7060014930,4,4,train
GRDC_4215660,grdc,2695,51.4854,-117.1813,"COLUMBIA RIVER, DONALD",Canada,9589.843335424292,7060014930,4,4,train
GRDC_4215706,grdc,2695,49.6104,-115.6312,"KOOTENAI RIVER, FORT STEELE",Canada,11492.2359833345,7060014930,4,4,train
GRDC_4215710,grdc,2695,49.5104,-115.0687,"ELK RIVER, FERNIE",Canada,3074.7353065825605,7060014930,4,4,train
GRDC_4215750,grdc,2695,50.8854,-116.0479,"KOOTENAI RIVER, KOOTENAY CROSSING",Canada,509.435714598769,7060014930,4,4,train
GRDC_4220100,grdc,2695,48.9688,-106.8396,"ROCK CREEK, BELOW HORSE CREEK NEAR INTERN. BOUNDARY",Canada,833.800797203783,7060047060,0,0,test
GRDC_4220310,grdc,2695,48.9979,-105.4104,"EAST POPLAR RIVER, INTERNATIONAL BOUNDARY (CANADA)",Canada,1378.40719906715,7060047060,0,0,test
GRDC_4220501,grdc,2695,49.1437,-112.0812,"MILK RIVER, MILK RIVER",Canada,2702.4250914915,7060047060,0,0,test
GRDC_4231200,grdc,2695,47.2604,-68.5938,"SAINT JOHN RIVER, FORT KENT",Canada,14690.8288515043,7060038320,1,1,val
GRDC_4231250,grdc,2695,47.2062,-68.9562,"SAINT FRANCIS RIVER, OUTLET OF GLASIER LAKE",Canada,1346.27069328869,7060038320,1,1,val
GRDC_4231590,grdc,2695,45.9438,-67.3187,"SHOGOMOC STREAM, NEAR TRANS CANADA HIGHWAY",Canada,232.942254456317,7060038320,1,1,val
GRDC_4231602,grdc,2695,47.0396,-67.7354,"SAINT JOHN RIVER, GRAND FALLS",Canada,21838.7649581505,7060038320,1,1,val
GRDC_4231621,grdc,2695,47.1729,-67.2104,"TOBIQUE RIVER, RILEY BROOK",Canada,2246.15876052059,7060038320,1,1,val
GRDC_4231650,grdc,2695,46.1271,-66.6104,"NASHWAAK RIVER, DURHAM BRIDGE",Canada,1459.9229173735998,7060038320,1,1,val
GRDC_4231680,grdc,2695,45.6729,-66.6813,"OROMOCTO RIVER, TRACY",Canada,569.7907297817,7060038320,1,1,val
GRDC_4231800,grdc,2695,46.0729,-65.3646,"CANAAN RIVER, EAST CANAAN",Canada,651.294844987547,7060038320,1,1,val
GRDC_4232300,grdc,2695,48.9271,-87.6896,"GRAVEL RIVER, NEAR CAVERS",Canada,617.906198027366,7060034520,4,4,train
GRDC_4232600,grdc,2695,48.9062,-88.3771,"BLACK STURGEON RIVER, HIGHWAY NO. 17",Canada,2709.15928380706,7060034520,4,4,train
GRDC_4232700,grdc,2695,48.7729,-86.2938,"PIC RIVER, NEAR MARATHON",Canada,4208.306350627629,7060034520,4,4,train
GRDC_4232890,grdc,2695,47.2146,-84.6188,"MONTREAL RIVER, NEAR MONTREAL RIVER HARBOUR",Canada,3384.23914837948,7060034520,4,4,train
GRDC_4232900,grdc,2695,46.8604,-83.9688,"GOULAIS RIVER, NEAR SEARCHMONT",Canada,1144.78463922422,7060034520,4,4,train
GRDC_4234100,grdc,2695,46.2146,-82.5104,"SERPENT RIVER, HIGHWAY NO.17",Canada,1248.54251230589,7060034520,4,4,train
GRDC_4234400,grdc,2695,46.0187,-80.6021,"FRENCH RIVER, DRY PINE BAY",Canada,12260.2016038197,7060034520,4,4,train
GRDC_4234550,grdc,2695,45.6688,-79.3771,"NORTH MAGNETAWAN RIVER, NEAR BURK'S FALLS",Canada,314.000393520063,7060034520,4,4,train
GRDC_4234600,grdc,2695,44.7146,-79.2812,"BLACK RIVER, NEAR WASHAGO",Canada,1429.95629841457,7060034520,4,4,train
GRDC_4234650,grdc,2695,44.2521,-79.8229,"NOTTAWASAGA RIVER, NEAR BAXTER",Canada,1278.14107183239,7060034520,4,4,train
GRDC_4234680,grdc,2695,44.6729,-81.2604,"SAUBLE RIVER, SAUBLE FALLS",Canada,923.391357998701,7060034520,4,4,train
GRDC_4234700,grdc,2695,44.4562,-81.3271,"SAUGEEN RIVER, NEAR PORT ELGIN",Canada,3734.01485099644,7060034520,4,4,train
GRDC_4234701,grdc,2695,44.1188,-81.1146,"SAUGEEN RIVER, NEAR WALKERTON",Canada,2101.54762300856,7060034520,4,4,train
GRDC_4234720,grdc,2695,44.1146,-81.0188,"CARRICK CREEK, NEAR CARLSRUHE",Canada,178.50513510692002,7060034520,4,4,train
GRDC_4234900,grdc,2695,43.0729,-81.6604,"AUSABLE RIVER, NEAR SPRINGBANK",Canada,804.097784606036,7060034520,4,4,train
GRDC_4235100,grdc,2695,43.1312,-80.2646,"GRAND RIVER, BRANTFORD",Canada,5127.066832622199,7060034520,4,4,train
GRDC_4235101,grdc,2695,43.3521,-80.3146,"GRAND RIVER, GALT",Canada,3511.1700832860497,7060034520,4,4,train
GRDC_4235190,grdc,2695,42.8271,-81.8521,"SYDENHAM RIVER, NEAR ALVINSTON",Canada,708.833355154413,7060034520,4,4,train
GRDC_4235191,grdc,2695,42.6479,-82.0104,"SYDENHAM RIVER, FLORENCE",Canada,1128.70403368049,7060034520,4,4,train
GRDC_4235300,grdc,2695,42.5438,-81.9688,"THAMES RIVER, THAMESVILLE",Canada,4490.452109534871,7060034520,4,4,train
GRDC_4235301,grdc,2695,42.9646,-81.3312,"THAMES RIVER, BYRON",Canada,3083.2250504091303,7060034520,4,4,train
GRDC_4235400,grdc,2695,42.8604,-80.7188,"BIG OTTER CREEK, TILLSONBURG",Canada,306.662253699561,7060034520,4,4,train
GRDC_4235490,grdc,2695,43.3771,-80.7104,"NITH RIVER, NEW HAMBURG",Canada,541.420247779035,7060034520,4,4,train
GRDC_4235500,grdc,2695,43.1938,-80.4479,"NITH RIVER, NEAR CANNING",Canada,983.664744148154,7060034520,4,4,train
GRDC_4236050,grdc,2695,43.1354,-79.3812,"TWENTY MILE CREEK, BALLS  FALLS",Canada,306.918796877951,7060034520,4,4,train
GRDC_4236100,grdc,2695,43.4979,-79.7729,"EAST SIXTEEN MILE CREEK, NEAR OMAGH",Canada,181.18844602169895,7060034520,4,4,train
GRDC_4236300,grdc,2695,43.7896,-79.5854,"EAST HUMBER RIVER, NEAR PINE GROVE",Canada,196.255672525302,7060034520,4,4,train
GRDC_4236700,grdc,2695,44.2521,-77.4188,"MOIRA RIVER, NEAR FOXBORO",Canada,2576.35832948224,7060034520,4,4,train
GRDC_4243070,grdc,2695,45.4979,-76.5646,"BONNECHERE RIVER, EAR CASTLEFORD",Canada,2693.88923105804,7060034520,4,4,train
GRDC_4243141,grdc,2695,45.7938,-75.0896,"SOUTH NATION RIVER, PRES DE RIPON",Canada,1256.22752345656,7060034520,4,4,train
GRDC_4243151,grdc,2695,45.4104,-73.6229,"SAINT LAWRENCE RIVER, LASALLE",Canada,932591.264573916,7060034520,4,4,train
GRDC_4243220,grdc,2695,45.1771,-73.8479,"ANGLAIS, RIVIERE DES, RIVERFIELD",Canada,601.661387445673,7060034520,4,4,train
GRDC_4243240,grdc,2695,45.3979,-73.2562,"RIVIERE RICHELIEU, RAPIDES FRYERS",Canada,21875.2627446047,7060034520,4,4,train
GRDC_4243280,grdc,2695,45.4646,-71.6562,"RIVIERE EATON, PRES DE LA RIVIERE SAINT-FRANCOIS-3",Canada,645.697003032563,7060034520,4,4,train
GRDC_4243330,grdc,2695,46.8521,-71.8771,"RIVIERE SAINTE-ANNE, CHUTE-PANET-1",Canada,1555.88012534569,7060034520,4,4,train
GRDC_4243340,grdc,2695,46.3062,-71.4479,"BECANCOUR, RIVIERE, EN AMONT DE LA RIVIERE PALMER",Canada,909.631087269431,7060034520,4,4,train
GRDC_4244370,grdc,2695,46.8229,-70.7562,"RIVIERE DU SUD, ARTHURVILLE",Canada,812.544239556282,7060034570,3,3,train
GRDC_4244420,grdc,2695,48.8146,-72.0479,"PERIBONKA, PETITE RIVIERE, EN AMONT ROUTE 169",Canada,977.8009205574672,7060034330,4,4,train
GRDC_4244550,grdc,2695,52.6479,-56.8729,"ALEXIS RIVER, NEAR PORT HOPE SIMPSON",Canada,2288.86538750489,7060032080,0,0,test
GRDC_4244610,grdc,2695,52.2313,-61.3229,"LITTLE MECATINA RIVER, ABOVE LAC FOURMONT",Canada,4463.19031906961,7060032940,4,4,train
GRDC_4244720,grdc,2695,50.6063,-57.1521,"TORRENT RIVER, BRISTOL'S POOL",Canada,643.781390159757,7060060320,3,3,train
GRDC_4244730,grdc,2695,49.2396,-57.3646,"UPPER HUMBER RIVER, NEAR REIDVILLE",Canada,2117.32994951821,7060060310,2,2,train
GRDC_4244750,grdc,2695,48.6229,-57.9354,"LEWASEECHJEECH BROOK, LITTLE GRAND LAKE",Canada,465.601685826563,7060060310,2,2,train
GRDC_4244770,grdc,2695,49.0146,-54.8521,"GANDER RIVER, BIG CHUTE",Canada,4422.46134181249,7060061620,4,4,train
GRDC_4244780,grdc,2695,47.7479,-55.4396,"BAY DU NORD RIVER, BIG FALLS",Canada,1206.66972170207,7060062930,1,1,val
GRDC_4244785,grdc,2695,47.2146,-55.3271,"GARNISH RIVER, NEAR GARNISH",Canada,212.787069378469,7060061880,2,2,train
GRDC_4244788,grdc,2695,47.9479,-54.2854,"PIPERS HOLE RIVER, MOTHERS BROOK",Canada,767.0423076062891,7060061880,2,2,train
GRDC_4244795,grdc,2695,47.2271,-53.5688,"ROCKY RIVER, NEAR COLINET",Canada,294.281162465597,7060061880,2,2,train
GRDC_4244810,grdc,2695,48.9813,-64.6979,"RIVIERE DARTMOUTH, EN AMONT DU RUISSEAU DU PAS DE DAME",Canada,626.075733340259,7060034870,2,2,train
GRDC_4244840,grdc,2695,47.8354,-66.8896,"UPSALQUITCH RIVER, UPSALQUITCH",Canada,2274.49068204476,7060035470,3,3,train
GRDC_4244850,grdc,2695,47.6646,-67.4854,"RESTIGOUCHE RIVER, BELOW KEDGWICK RIVER",Canada,3162.10435925838,7060035470,3,3,train
GRDC_4244870,grdc,2695,46.9354,-65.9104,"LITTLE SOUTHWEST MIRAMICHI RIVER, LYTTLETON",Canada,1345.1368310722198,7060035860,2,2,train
GRDC_4244880,grdc,2695,46.7354,-65.8229,"SOUTHWEST MIRAMICHI RIVER, BLACKVILLE",Canada,5057.39905224314,7060035860,2,2,train
GRDC_4244940,grdc,2695,50.6854,-64.5771,"MAGPIE RIVER, SORTIE DU LAC MAGPIE",Canada,7174.8469760752405,7060033460,0,0,test
GRDC_4244960,grdc,2695,45.1729,-61.9813,"SAINT MARYS RIVER, STILLWATER",Canada,1373.8176801692,7060035870,3,3,train
GRDC_4244985,grdc,2695,44.4479,-64.5938,"LA HAVE RIVER, WEST NORTHFIELD",Canada,1251.34747456815,7060035870,3,3,train
GRDC_4244995,grdc,2695,43.8396,-65.3729,"ROSEWAY RIVER, LOWER OHIO",Canada,517.286551351235,7060037350,3,3,train
GRDC_4245100,grdc,2695,55.2646,-129.0854,"NASS RIVER, ABOVE SHUMAL CREEK",Canada,18253.348740626498,7060019190,2,2,train
GRDC_4245250,grdc,2695,54.6312,-128.4271,"SKEENA RIVER, USK",Canada,42136.570939032,7060019010,2,2,train
GRDC_4245280,grdc,2695,54.6063,-127.4938,"TELKWA RIVER, BELOW TSAI CREEK",Canada,357.381134605687,7060019010,2,2,train
GRDC_4245650,grdc,2695,50.9854,-124.9229,"HOMATHKO RIVER, AT THE MOUTH",Canada,5649.70914119719,7060016850,4,4,train
GRDC_4245820,grdc,2695,50.4354,-126.5771,"TSITIKA RIVER, BELOW CATHERINE CREEK",Canada,314.135274668724,7060056630,0,0,test
GRDC_4245880,grdc,2695,48.5771,-124.3146,"SAN JUAN RIVER, NEAR PORT RENFREW",Canada,581.131772334954,7060056770,4,4,train
GRDC_4245920,grdc,2695,55.7188,-127.6854,"SKEENA RIVER, ABOVE BABINE RIVER",Canada,12562.3338939119,7060019010,2,2,train
GRDC_4245950,grdc,2695,49.7938,-123.1979,"SQUAMISH RIVER, NEAR BRACKENDALE",Canada,2362.56798800087,7060016270,4,4,train
GRDC_4247100,grdc,2695,45.1354,-67.3187,"SAINT CROIX RIVER, BARING",Canada,3561.8706870213105,7060038340,4,4,train
GRDC_4247101,grdc,2695,45.5688,-67.4271,"SAINT CROIX RIVER, VANCEBORO",Canada,1057.95846745161,7060038340,4,4,train
GRDC_4247500,grdc,2695,45.2104,-67.2646,"DENNIS STREAM, NEAR ST.STEPHEN",Canada,111.720470703592,7060038340,4,4,train
GRDC_4247700,grdc,2695,45.1688,-66.4688,"LEPREAU RIVER, LEPREAU",Canada,230.21091079132003,7060038340,4,4,train
GRDC_5101070,grdc,2696,-15.2812,144.8354,"NORMANBY RIVER, BATTLE CAMP CROSSING",Australia,2334.59260854247,5060067450,3,3,train
GRDC_5101071,grdc,2696,-14.9146,144.2104,"NORMANBY RIVER, KALPOWAR CROSSING",Australia,12941.6864533735,5060067450,3,3,train
GRDC_5101075,grdc,2696,-15.7729,145.0146,"EAST NORMANBY RIVER, HRS DEVELOPMENT ROAD",Australia,293.446926630604,5060067450,3,3,train
GRDC_5101109,grdc,2696,-17.1812,145.7271,"MULGRAVE RIVER, HRS THE FISHERIES",Australia,360.534245641356,5060067860,2,2,train
GRDC_5101116,grdc,2696,-17.3854,145.9688,"RUSSELL RIVER, BUCKLANDS",Australia,331.984477283302,5060067860,2,2,train
GRDC_5101118,grdc,2696,-17.6104,145.9771,"SOUTH JOHNSTONE RIVER, UPSTREAM CENTRAL MILL",Australia,402.762458708126,5060067860,2,2,train
GRDC_5101119,grdc,2696,-17.5437,145.9313,"NORTH JOHNSTONE RIVER, TUNG OIL",Australia,937.871432626575,5060067860,2,2,train
GRDC_5101120,grdc,2696,-17.7396,145.6312,"COCHABLE CREEK, HRS POWERLINE",Australia,95.9224773892488,5060067860,2,2,train
GRDC_5101123,grdc,2696,-17.7354,145.4396,"BLUNDER CREEK, HRS WOOROORA",Australia,129.812703832734,5060067860,2,2,train
GRDC_5101124,grdc,2696,-17.6521,145.3396,"THE MILLSTREAM, HRS ARCHER CREEK",Australia,309.144167956109,5060067860,2,2,train
GRDC_5101125,grdc,2696,-17.6271,145.2979,"WILD RIVER, HRS SILVER VALLEY",Australia,577.76889887781,5060067860,2,2,train
GRDC_5101130,grdc,2696,-17.9937,145.9437,"TULLY RIVER, EURAMO",Australia,1439.0770814481698,5060067860,2,2,train
GRDC_5101162,grdc,2696,-18.6354,146.1438,"HERBERT RIVER, INGHAM",Australia,8706.88385833195,5060067860,2,2,train
GRDC_5101164,grdc,2696,-18.1062,145.8063,"MURRAY RIVER, HRS UPPER MURRAY",Australia,158.293961544205,5060067860,2,2,train
GRDC_5101165,grdc,2696,-18.2021,145.5354,"BLENCOE CREEK, HRS BLENCOE FALLS",Australia,223.389756233682,5060067860,2,2,train
GRDC_5101170,grdc,2696,-19.2354,146.6312,"BLACK RIVER, BRUCE HIGHWAY",Australia,270.403031483419,5060067860,2,2,train
GRDC_5101181,grdc,2696,-21.4479,147.7146,"SUTTOR RIVER, HRS EAGLEFIELD",Australia,1933.5509134766,5060068450,1,1,val
GRDC_5101182,grdc,2696,-21.5312,146.8604,"BELYANDO RIVER, HRS GREGORY DEVELOPMENT ROAD",Australia,35495.8576522091,5060068450,1,1,val
GRDC_5101183,grdc,2696,-19.3729,146.3604,"KEELBOTTOM CREEK, HRS KEELBOTTOM",Australia,172.633420248693,5060068450,1,1,val
GRDC_5101190,grdc,2696,-19.7729,146.9563,"HOUGHTON RIVER, MOUNT PICCANINNY",Australia,1161.69848286106,5060067860,2,2,train
GRDC_5101191,grdc,2696,-19.6313,147.1104,"HOUGHTON RIVER, HRS POWERLINE",Australia,1815.28372911136,5060067860,2,2,train
GRDC_5101200,grdc,2696,-19.7604,147.2479,"BURDEKIN RIVER, CLARE",Australia,129378.420324578,5060068450,1,1,val
GRDC_5101204,grdc,2696,-19.9438,147.8396,"ELLIOT RIVER, HRS GUTHALUNGRA",Australia,284.657302928569,5060068460,2,2,train
GRDC_5101205,grdc,2696,-20.9187,148.3271,"BROKEN RIVER, URANNAH",Australia,1071.52591713614,5060068450,1,1,val
GRDC_5101206,grdc,2696,-20.1521,148.1562,"DON RIVER, HRS REEVES",Australia,1032.51439410609,5060068460,2,2,train
GRDC_5101253,grdc,2696,-21.1771,148.8313,"PIONEER RIVER, MIRANI WEIR T/W",Australia,1203.58241292735,5060068460,2,2,train
GRDC_5101260,grdc,2696,-21.3229,148.8354,"BLACKS CREEK, HRS WHITEFORDS",Australia,505.4212057133741,5060068460,2,2,train
GRDC_5101285,grdc,2696,-25.6396,149.7896,"DAWSON RIVER, HRS TAROOM",Australia,15907.9103672443,5060069590,3,3,train
GRDC_5101286,grdc,2696,-21.7688,148.7896,"DENISON CREEK, HRS BRAESIDE",Australia,756.934938094563,5060069590,3,3,train
GRDC_5101287,grdc,2696,-22.1729,148.3812,"ISAAC RIVER, HRS DEVERILL",Australia,4205.70233199029,5060069590,3,3,train
GRDC_5101288,grdc,2696,-22.0354,149.1271,"CONNORS RIVER, HRS MT BRIDGET",Australia,1261.83965173711,5060069590,3,3,train
GRDC_5101291,grdc,2696,-23.8188,150.8229,"RAGLAN CREEK, HRS OLD STN",Australia,395.916842565582,5060069600,1,1,val
GRDC_5101301,grdc,2696,-23.0896,150.1104,"FITZROY RIVER, THE GAP",Australia,136122.35515763698,5060069590,3,3,train
GRDC_5101303,grdc,2696,-24.3396,149.5813,"MIMOSA CREEK, REDCLIFFE",Australia,2468.25172978236,5060069590,3,3,train
GRDC_5101308,grdc,2696,-24.8438,148.6937,"BROWN RIVER, LAKE BROWN",Australia,3008.5012768960805,5060069590,3,3,train
GRDC_5101320,grdc,2696,-23.9854,151.0979,"CALLIOPE RIVER, CASTLEHOPE",Australia,1315.52652441578,5060069600,1,1,val
GRDC_5101365,grdc,2696,-25.9396,151.0188,"CADARGA CREEK, BROVINIA STATION",Australia,1287.95058072564,5060069960,4,4,train
GRDC_5101381,grdc,2696,-25.9521,152.4979,"MARY RIVER, MIVA",Australia,4678.4270365957,5060070100,3,3,train
GRDC_5101385,grdc,2696,-26.0063,152.4104,"WIDE CREEK, BROOYAR",Australia,690.888519698772,5060070100,3,3,train
GRDC_5101390,grdc,2696,-25.7646,152.5271,"MARY RIVER, HOME PARK",Australia,6800.220349546899,5060070100,3,3,train
GRDC_5101397,grdc,2696,-26.9979,152.4104,"BRISBANE RIVER, HRS GREGORS CREEK",Australia,3893.8583656139,5060070390,2,2,train
GRDC_5101410,grdc,2696,-24.7521,151.5854,"KOLAN RIVER, HRS SPRINGFIELD",Australia,558.2462974642,5060069600,1,1,val
GRDC_5101411,grdc,2696,-24.9688,151.8896,"GIN GIN CREEK, HRS DAM SITE",Australia,554.144046774071,5060069600,1,1,val
GRDC_5101414,grdc,2696,-26.7354,151.8146,"BARKER CREEK, HRS BROOKLANDS",Australia,309.607190262671,5060069960,4,4,train
GRDC_5101415,grdc,2696,-25.9021,151.8396,"BOONARA CREEK, HRS ETTIEWYN",Australia,1366.85992372769,5060069960,4,4,train
GRDC_5101416,grdc,2696,-26.1812,151.5479,"STUART RIVER, HRS PROSTON RIFLE RANGE",Australia,1551.1169591179,5060069960,4,4,train
GRDC_5101430,grdc,2696,-27.6021,152.6896,"BREMER RIVER, WALLOON",Australia,638.1371340786151,5060070390,2,2,train
GRDC_5101450,grdc,2696,-28.0688,152.9271,"LOGAN RIVER, ROUND MOUNTAIN",Australia,1273.89206787583,5060070440,1,1,val
GRDC_5101451,grdc,2696,-28.0521,153.0437,"ALBERT RIVER, HRS LUMEAH NUMBER 2",Australia,187.71532733805,5060070440,1,1,val
GRDC_5101471,grdc,2696,-25.0854,152.2396,"GREGORY RIVER, HRS BURRUM HIGHWAY",Australia,434.945505161532,5060069970,3,3,train
GRDC_5101472,grdc,2696,-25.2646,152.3688,"ISIS RIVER, HRS BRUCE HIGHWAY",Australia,463.884102624478,5060069970,3,3,train
GRDC_5101487,grdc,2696,-25.8188,152.7188,"TINANA CREEK, HRS BAUPLE EAST",Australia,817.1909959806011,5060070100,3,3,train
GRDC_5101500,grdc,2696,-27.4396,152.6687,"BRISBANE RIVER, SAVAGES CROSSING",Australia,10231.5974056285,5060070390,2,2,train
GRDC_5101505,grdc,2696,-27.8271,152.5104,"BREMER RIVER, HRS ADAMS BRIDGE",Australia,128.06267403091002,5060070390,2,2,train
GRDC_5104220,grdc,2696,-26.7104,150.1813,"DOGWOOD CREEK, GILWEIR",Australia,2952.84541448737,5060073410,1,1,val
GRDC_5104230,grdc,2696,-25.7937,146.5854,"WARREGO RIVER, AUGATHELLA",Australia,7280.423258443009,5060073410,1,1,val
GRDC_5104330,grdc,2696,-28.3729,152.1438,"CONDAMINE RIVER NORTH BRANCH, HRS ELBOW VALLEY",Australia,333.245492657203,5060073410,1,1,val
GRDC_5104350,grdc,2696,-27.9354,151.8562,"KINGS CREEK, HRS AIDES BRIDGE",Australia,643.187453907631,5060073410,1,1,val
GRDC_5109110,grdc,2696,-18.6438,139.2521,"GREGORY RIVER, GREGORY DOWNS",Australia,12634.9112913155,5060065420,4,4,train
GRDC_5109152,grdc,2696,-20.2021,140.2229,"DUGALD RIVER, HRS RAILWAY CROSSING",Australia,655.5962045322821,5060065600,3,3,train
GRDC_5109161,grdc,2696,-17.8604,141.1312,"NORMAN RIVER, GLENORE WEIR",Australia,39393.8190841679,5060065630,1,1,val
GRDC_5109170,grdc,2696,-18.2021,142.8771,"GILBERT RIVER, ROCKFIELDS",Australia,11509.5682265417,5060065780,2,2,train
GRDC_5109175,grdc,2696,-18.1313,144.3063,"ELIZABETH CREEK, HRS MOUNT SURPRISE",Australia,452.822693509801,5060065780,2,2,train
GRDC_5109201,grdc,2696,-15.9438,142.3771,"MITCHELL RIVER, DUNBAR",Australia,46028.8533125926,5060065980,4,4,train
GRDC_5109203,grdc,2696,-16.4729,144.2896,"MITCHELL RIVER, HRS O.K. BRIDGE",Australia,7733.7575200190195,5060065980,4,4,train
GRDC_5109204,grdc,2696,-16.5437,143.7854,"WALSH RIVER, HRS TRIMBLES CROSSING",Australia,8620.14678021739,5060065980,4,4,train
GRDC_5109205,grdc,2696,-16.1104,144.7771,"PALMER RIVER, HRS GOLDFIELDS",Australia,544.533200509752,5060065980,4,4,train
GRDC_5109206,grdc,2696,-16.6771,145.2271,"RIFLE CREEK, HRS FONTHILL",Australia,357.855877488376,5060065980,4,4,train
GRDC_5109210,grdc,2696,-18.2312,139.8812,"LEICHHARDT RIVER, FLORAVILLE HOMESTEAD",Australia,23929.876527056,5060065470,2,2,train
GRDC_5109220,grdc,2696,-16.5354,142.0604,"STAATEN RIVER, DORUNDA",Australia,6361.87134599188,5060065850,0,0,test
GRDC_5109230,grdc,2696,-11.1396,142.3521,"JARDINE RIVER, MONUMENT",Australia,2273.76160502868,5060049720,2,2,train
GRDC_5109240,grdc,2696,-13.4188,142.9229,"ARCHER RIVER, TELEGRAPH CROSSING",Australia,2907.76195271026,5060066270,4,4,train
GRDC_5110020,grdc,2696,-24.4271,145.4604,"BARCOO RIVER, HRS BLACKALL",Australia,5879.87746635771,5060087590,2,2,train
GRDC_5110030,grdc,2696,-23.2188,144.0813,"DARR RIVER, DARR",Australia,2701.21326317081,5060087590,2,2,train
GRDC_5110400,grdc,2696,-25.9104,139.3688,"DIAMANTINA RIVER, HRS BIRDSVILLE",Australia,110948.022772093,5060087590,2,2,train
GRDC_5201010,grdc,2696,-28.3479,153.2896,"OXLEY RIVER, EUNGELLA",Australia,230.64847830418304,5060070450,4,4,train
GRDC_5201020,grdc,2696,-28.4104,153.3354,"TWEED RIVER, UKI",Australia,299.851123275617,5060070450,4,4,train
GRDC_5202012,grdc,2696,-28.4646,152.1979,"MARYLAND RIVER, HRS D/S WYLIE CK",Australia,314.895685888995,5060070700,1,1,val
GRDC_5202030,grdc,2696,-28.8646,153.0563,"RICHMOND RIVER, CASINO",Australia,1883.4454306988605,5060070670,2,2,train
GRDC_5202033,grdc,2696,-28.7354,153.1646,"LEYCESTER CREEK, HRS ROCK VALLEY",Australia,174.699739758612,5060070670,2,2,train
GRDC_5202036,grdc,2696,-28.7604,153.4021,"WILSONS RIVER, ELTHAM",Australia,232.561408814617,5060070670,2,2,train
GRDC_5202037,grdc,2696,-28.7188,152.4187,"CLARENCE RIVER, HRS PADDYS FLAT",Australia,3122.9008476638,5060070700,1,1,val
GRDC_5202038,grdc,2696,-29.0562,152.3854,"TIMBARRA RIVER, HRS DRAKE",Australia,1733.60233369805,5060070700,1,1,val
GRDC_5202039,grdc,2696,-29.1104,152.9979,"MYRTLE CREEK, HRS RAPPVILLE",Australia,330.35880283717603,5060070670,2,2,train
GRDC_5202040,grdc,2696,-29.9771,152.7229,"NYMBOIDA RIVER, NYMBOIDA",Australia,1626.52828138288,5060070700,1,1,val
GRDC_5202041,grdc,2696,-30.2563,153.0312,"ORARA RIVER, HRS KARANGI",Australia,130.124014996942,5060070700,1,1,val
GRDC_5202043,grdc,2696,-28.8896,152.5604,"CLARENCE RIVER, TABULAM",Australia,4532.17174604548,5060070700,1,1,val
GRDC_5202044,grdc,2696,-29.5063,152.6813,"CLARENCE RIVER, LILYDALE (NEWBOLD CROSSING)",Australia,16930.921453451203,5060070700,1,1,val
GRDC_5202049,grdc,2696,-29.7229,152.8063,"ORARA RIVER, BAWDEN BRIDGE",Australia,1803.5026029606,5060070700,1,1,val
GRDC_5202056,grdc,2696,-29.6938,152.1062,"MITCHELL RIVER, HRS MITCHELL",Australia,908.0114212331688,5060070700,1,1,val
GRDC_5202057,grdc,2696,-29.7604,152.2146,"HENRY RIVER, NEWTON BOYD",Australia,394.431287986652,5060070700,1,1,val
GRDC_5202062,grdc,2696,-30.4771,152.0312,"WOLLOMOMBI RIVER, HRS CONINSIDE",Australia,370.289733753783,5060070900,1,1,val
GRDC_5202063,grdc,2696,-31.0521,151.7646,"APSLEY RIVER, HRS APSLEY FALLS",Australia,853.2070892905141,5060070900,1,1,val
GRDC_5202064,grdc,2696,-30.6771,151.7188,"SALISBURY WATERS, HRS NEAR DANGAR FALLS",Australia,644.6671893089331,5060070900,1,1,val
GRDC_5202067,grdc,2696,-30.4271,152.7812,"BELLINGEN RIVER, THORA",Australia,469.096599815478,5060070710,3,3,train
GRDC_5202072,grdc,2696,-31.3687,152.2438,"HASTINGS RIVER, HRS MOUNT SEAVIEW",Australia,343.844574524715,5060070930,4,4,train
GRDC_5202074,grdc,2696,-31.4812,152.4479,"ELLENBOROUGH RIVER, HRS D/S BUNNOO R JUNCTION",Australia,482.752432470832,5060070930,4,4,train
GRDC_5202075,grdc,2696,-31.4229,152.4729,"HASTINGS RIVER, ELLENBOROUGH (KINDEE BRIDGE)",Australia,1565.9622764582598,5060070930,4,4,train
GRDC_5202081,grdc,2696,-31.8938,152.0938,"GLOUCESTER RIVER, HRS DOON AYRE",Australia,1618.37964869758,5060070980,3,3,train
GRDC_5202085,grdc,2696,-31.5771,151.3146,"BARNARD RIVER, BARRY",Australia,147.744335475247,5060070980,3,3,train
GRDC_5202087,grdc,2696,-31.6438,151.7354,"MYALL CREEK, HRS JACKY BARKERS",Australia,544.038694550597,5060070980,3,3,train
GRDC_5202090,grdc,2696,-32.2438,151.9771,"MAMMY JOHNSONS RIVER, HRS PIKES CROSSING",Australia,154.674524044438,5060071100,3,3,train
GRDC_5202095,grdc,2696,-32.4771,151.9604,"KARUAH RIVER, HRS BOORAL",Australia,968.288847093819,5060071100,3,3,train
GRDC_5202102,grdc,2696,-32.6604,151.4062,"HUNTER RIVER, GRETA",Australia,17782.9721777599,5060071130,3,3,train
GRDC_5202103,grdc,2696,-32.5604,151.1687,"HUNTER RIVER, SINGLETON",Australia,16443.9812132124,5060071130,3,3,train
GRDC_5202105,grdc,2696,-32.3438,150.0979,"GOULBURN RIVER, COGGAN",Australia,3387.80390401328,5060071130,3,3,train
GRDC_5202106,grdc,2696,-32.3062,151.5104,"ALLYN RIVER, HRS HALTON",Australia,192.19736880581505,5060071130,3,3,train
GRDC_5202107,grdc,2696,-32.3188,151.6896,"WILLIAMS RIVER, TILLEGRA",Australia,198.48347610725895,5060071130,3,3,train
GRDC_5202108,grdc,2696,-32.1521,151.0479,"ROUCHEL BROOK, HRS ROUCHEL BROOK (THE VALE)",Australia,399.04272669696405,5060071130,3,3,train
GRDC_5202109,grdc,2696,-32.4146,150.3187,"GOULBURN RIVER, HRS KERRABEE",Australia,4966.66760518304,5060071130,3,3,train
GRDC_5202110,grdc,2696,-33.2438,151.3854,"JILLIBY CREEK, U/S WYONG RIVER (DURREN LANE)",Australia,97.37591419799652,5060071140,0,0,test
GRDC_5202111,grdc,2696,-32.3479,150.5771,"GOULBURN RIVER, HRS SANDY HOLLOW",Australia,6818.42136205332,5060071130,3,3,train
GRDC_5202112,grdc,2696,-32.2687,150.6354,"WYBONG CREEK, HRS WYBONG",Australia,670.0670794816359,5060071130,3,3,train
GRDC_5202113,grdc,2696,-32.0104,150.9979,"PAGES RIVER, HRS GUNDY RECORDER",Australia,1072.31274716143,5060071130,3,3,train
GRDC_5202114,grdc,2696,-33.2687,151.3604,"WYONG CREEK, HRS GRACEMERE",Australia,242.929324649977,5060071140,0,0,test
GRDC_5202141,grdc,2696,-35.7146,150.0354,"BUCKENBOWRA RIVER, HRS BUCKENBOWRA NO.3",Australia,166.713933540048,5060071280,3,3,train
GRDC_5202150,grdc,2696,-35.3438,149.7354,"SHOALHAVEN RIVER, WARRI",Australia,1391.6405591679002,5060071280,3,3,train
GRDC_5202151,grdc,2696,-34.8438,150.4229,"SHOALHAVEN RIVER, GRASSY GULLY NO. 2",Australia,6438.05689509087,5060071280,3,3,train
GRDC_5202160,grdc,2696,-35.4688,150.2396,"CLYDE RIVER, HRS BROOMAN",Australia,865.113516116797,5060071280,3,3,train
GRDC_5202180,grdc,2696,-36.1979,149.7646,"TUROSS RIVER, HRS DS WADBILLIGA RIVER JUNCTION",Australia,917.914447693426,5060071280,3,3,train
GRDC_5202181,grdc,2696,-36.1271,149.9979,"TUROSS RIVER, HRS EUROBODALLA",Australia,1610.20764366763,5060071280,3,3,train
GRDC_5202183,grdc,2696,-36.2562,149.6896,"WADBILLIGA RIVER, HRS WADBILLIGA",Australia,125.968551013747,5060071280,3,3,train
GRDC_5202200,grdc,2696,-37.0688,149.6562,"TOWAMBA RIVER, TOWAMBA",Australia,825.899400416656,5060071280,3,3,train
GRDC_5202210,grdc,2696,-36.6646,149.6521,"BEMBOKA RIVER, HRS MORANS CROSSING",Australia,321.367771062275,5060071280,3,3,train
GRDC_5202212,grdc,2696,-36.6021,149.8104,"DOUBLE CREEK, HRS NEAR BROGO",Australia,152.35739445466498,5060071280,3,3,train
GRDC_5202213,grdc,2696,-36.7313,149.6854,"TANTAWANGLO CREEK, HRS CANDELO DAM SITE",Australia,204.292855369776,5060071280,3,3,train
GRDC_5202215,grdc,2696,-37.3688,149.7104,"WALLAGARAUGH RIVER, HRS PRINCES HWY",Australia,472.33015838330994,5060071280,3,3,train
GRDC_5202216,grdc,2696,-36.9979,149.0896,"LITTLE PLAINS RIVER, HRS WELLESLEY (ROWES)",Australia,597.550766193555,5060071980,3,3,train
GRDC_5202217,grdc,2696,-36.7938,148.4062,"PINCH RIVER, HRS THE BARRY WAY",Australia,152.97741821819798,5060071980,3,3,train
GRDC_5202225,grdc,2696,-36.9062,149.0354,"DELEGATE RIVER, QUIDONG",Australia,1112.57167496164,5060071980,3,3,train
GRDC_5202227,grdc,2696,-36.9562,148.3271,"SUGGAN BUGGAN RIVER, HRS SUGGAN BUGGAN",Australia,361.587439767628,5060071980,3,3,train
GRDC_5204010,grdc,2696,-35.9146,146.9771,"BOWNA CREEK, HRS YAMBLA",Australia,268.480000484576,5060073410,1,1,val
GRDC_5204011,grdc,2696,-35.6938,146.7146,"MOULAMEIN CREEK, HRS WALBUNDRIE",Australia,2658.85658300812,5060073410,1,1,val
GRDC_5204018,grdc,2696,-36.3188,148.0521,"MURRAY RIVER, BIGGARA",Australia,1268.47236530187,5060073410,1,1,val
GRDC_5204019,grdc,2696,-35.7687,147.9313,"MANNUS CREEK, HRS YARRAMUNDI",Australia,193.44647370674,5060073410,1,1,val
GRDC_5204100,grdc,2696,-34.9312,148.1646,"MUTTAMA CREEK, COOLAC",Australia,1063.51639733982,5060073410,1,1,val
GRDC_5204102,grdc,2696,-34.7562,146.5479,"MURRUMBIDGEE RIVER, NARRANDERA",Australia,35425.0700928871,5060073410,1,1,val
GRDC_5204103,grdc,2696,-35.0729,148.1062,"MURRUMBIDGEE RIVER, GUNDAGAI",Australia,21368.351237478106,5060073410,1,1,val
GRDC_5204104,grdc,2696,-35.0021,148.5729,"MURRUMBIDGEE RIVER, D/S BURRINJUCK DAM",Australia,13115.3511697855,5060073410,1,1,val
GRDC_5204105,grdc,2696,-36.1688,149.0896,"MURRUMBIDGEE RIVER, MITTAGANG CROSSING",Australia,1892.41450330612,5060073410,1,1,val
GRDC_5204107,grdc,2696,-35.5396,149.1021,"MURRUMBIDGEE RIVER, HRS LOBB HOLES",Australia,5159.01192267269,5060073410,1,1,val
GRDC_5204108,grdc,2696,-36.1771,149.3479,"NUMERALLA RIVER, NUMERALLA SCHOOL",Australia,672.16786109548,5060073410,1,1,val
GRDC_5204109,grdc,2696,-35.1688,148.6896,"GOODRADIGBEE RIVER, HRS WEE JASPER (KASHMIR)",Australia,996.818039490642,5060073410,1,1,val
GRDC_5204120,grdc,2696,-34.1104,149.5979,"ABERCROMBIE RIVER, HRS HADLEY NO.2",Australia,1633.00394993784,5060073410,1,1,val
GRDC_5204122,grdc,2696,-34.1437,148.8104,"BOOROWA RIVER, HRS PROSSERS CROSSING",Australia,1553.79491279866,5060073410,1,1,val
GRDC_5204123,grdc,2696,-34.3104,149.1687,"CROOKWELL RIVER, HRS NARRAWA NORTH",Australia,761.210493177582,5060073410,1,1,val
GRDC_5204130,grdc,2696,-35.5729,149.0687,"GUDGENBY CREEK, HRS TENNENT",Australia,668.554078711279,5060073410,1,1,val
GRDC_5204131,grdc,2696,-35.4188,148.7312,"GOODRADIGBEE RIVER, HRS BRINDABELLA (NO.2 AND NO.3-CAB",Australia,439.277167530636,5060073410,1,1,val
GRDC_5204132,grdc,2696,-35.3854,148.9646,"PADDYS RIVER, HRS RIVERLEA",Australia,225.687644375733,5060073410,1,1,val
GRDC_5204133,grdc,2696,-35.3396,149.3146,"MOLONGLO RIVER, HRS BURBONG",Australia,487.569049563788,5060073410,1,1,val
GRDC_5204140,grdc,2696,-35.6104,149.3479,"QUEANBEYAN RIVER, HRS TINDERRY",Australia,566.496936112834,5060073410,1,1,val
GRDC_5204150,grdc,2696,-35.3312,148.3479,"GOOBARAGANDRA RIVER, HRS LACMALAC",Australia,673.2915733298661,5060073410,1,1,val
GRDC_5204159,grdc,2696,-35.3563,147.5521,"KYEAMBA CREEK, HRS BOOK BOOK",Australia,150.758800722238,5060073410,1,1,val
GRDC_5204160,grdc,2696,-29.0312,151.7271,"TENTERFIELD CREEK, HRS CLIFTON",Australia,557.362870263887,5060073410,1,1,val
GRDC_5204161,grdc,2696,-29.2937,151.9229,"DEEPWATER RIVER, HRS BOLIVIA",Australia,535.982781294974,5060073410,1,1,val
GRDC_5204162,grdc,2696,-29.0188,151.5979,"MOLE RIVER, HRS DONALDSON",Australia,1601.44425563914,5060073410,1,1,val
GRDC_5204168,grdc,2696,-29.7896,151.1312,"MACINTYRE CREEK, HRS INVERELL (MIDDLE CK)",Australia,752.2099964602811,5060073410,1,1,val
GRDC_5204169,grdc,2696,-29.2646,150.9021,"MACINTYRE CREEK, HRS WALLANGRA",Australia,2143.1253602034803,5060073410,1,1,val
GRDC_5204170,grdc,2696,-30.6771,150.7771,"NAMOI RIVER, HRS NORTH CUERINDI",Australia,2533.4095537478897,5060073410,1,1,val
GRDC_5204180,grdc,2696,-30.1729,151.0646,"GWYDIR RIVER, BUNDARRA",Australia,4057.4350151452704,5060073410,1,1,val
GRDC_5204181,grdc,2696,-29.4271,149.8479,"GWYDIR RIVER, YARRAMAN BRIDGE",Australia,12443.4364032604,5060073410,1,1,val
GRDC_5204182,grdc,2696,-30.4688,151.3604,"GWYDIR RIVER, YARROWYCK",Australia,830.370973948869,5060073410,1,1,val
GRDC_5204183,grdc,2696,-29.8354,150.3479,"HORTON RIVER, HRS RIDER (KILLARA)",Australia,1971.93173115536,5060073410,1,1,val
GRDC_5204184,grdc,2696,-29.7979,150.5854,"MYALL CREEK, HRS MOLROY",Australia,868.457147544043,5060073410,1,1,val
GRDC_5204186,grdc,2696,-29.9187,151.1146,"COPES CREEK, HRS KIMBERLEY",Australia,237.30605854383705,5060073410,1,1,val
GRDC_5204187,grdc,2696,-30.2271,151.1854,"LAURA CREEK, HRS LAURA",Australia,355.16447903504206,5060073410,1,1,val
GRDC_5204190,grdc,2696,-31.3438,151.1396,"PEEL RIVER, D/S CHAFFEY DAM",Australia,412.405238480508,5060073410,1,1,val
GRDC_5204191,grdc,2696,-30.2063,150.4271,"HORTON RIVER, HRS HORTON DAM SITE",Australia,220.00478795568,5060073410,1,1,val
GRDC_5204192,grdc,2696,-29.6687,150.0437,"TYCANNAH CREEK, HRS HORSESHOE LAGOON",Australia,891.384201595389,5060073410,1,1,val
GRDC_5204193,grdc,2696,-30.9646,151.3479,"MACDONALD RIVER, HRS WOOLBROOK",Australia,842.4109026701401,5060073410,1,1,val
GRDC_5204194,grdc,2696,-31.2729,150.9146,"GOONOO GOONOO CREEK, HRS TIMBUMBURI",Australia,464.620964145347,5060073410,1,1,val
GRDC_5204196,grdc,2696,-31.0396,151.1729,"SWAMP OAK CREEK, HRS LIMBRI",Australia,404.58233568391296,5060073410,1,1,val
GRDC_5204210,grdc,2696,-32.6812,148.9479,"BELL RIVER, NEWREA",Australia,1631.56215904139,5060073410,1,1,val
GRDC_5204216,grdc,2696,-33.0812,149.6896,"TURON RIVER, HRS SOFALA",Australia,882.427107602866,5060073410,1,1,val
GRDC_5204217,grdc,2696,-32.7062,148.5521,"LITTLE RIVER, HRS OBLEY NO.2",Australia,586.463661563335,5060073410,1,1,val
GRDC_5204219,grdc,2696,-32.1437,148.4521,"COOLBAGGIE CREEK, HRS RAWSONVILLE",Australia,638.749893122991,5060073410,1,1,val
GRDC_5204220,grdc,2696,-31.3854,149.2021,"BELAR CREEK, HRS WARKTON (BLACKBURNS)",Australia,140.954675214779,5060073410,1,1,val
GRDC_5204225,grdc,2696,-31.4229,149.3104,"CASTLEREAGH RIVER, HRS HIDDEN VALLEY",Australia,1159.65254696514,5060073410,1,1,val
GRDC_5204300,grdc,2696,-33.8688,144.8812,"LACHLAN RIVER, BOOLIGAL",Australia,54848.2991129441,5060073410,1,1,val
GRDC_5204301,grdc,2696,-33.4104,147.9896,"LACHLAN RIVER, FORBES (COTTONS WEIR)",Australia,19423.0867346808,5060073410,1,1,val
GRDC_5204302,grdc,2696,-33.9813,148.9354,"LACHLAN RIVER, D/S WYANGALA",Australia,8234.3620076015,5060073410,1,1,val
GRDC_5204303,grdc,2696,-34.3979,149.0896,"LACHLAN RIVER, NARRAWA",Australia,2253.98432036345,5060073410,1,1,val
GRDC_5204400,grdc,2696,-31.1187,147.5687,"MACQUARIE RIVER, OXLEY STATION",Australia,28943.9520552633,5060073410,1,1,val
GRDC_5204401,grdc,2696,-32.6354,149.0813,"MACQUARIE RIVER, D/S BURRENDONG DAM",Australia,13804.0356492111,5060073410,1,1,val
GRDC_5204451,grdc,2696,-30.0146,148.0604,"BARWON RIVER, DANGAR BRIDGE (WALGETT)",Australia,131396.72611609098,5060073410,1,1,val
GRDC_5204452,grdc,2696,-29.3521,148.6896,"BARWON RIVER, MOGIL MOGIL",Australia,64647.62882689849,5060073410,1,1,val
GRDC_5204460,grdc,2696,-29.0271,147.3146,"CULGOA RIVER, BRENDA",Australia,83535.8798636772,5060073410,1,1,val
GRDC_5302100,grdc,2696,-37.4146,149.5188,"GENOA RIVER, HRS THE GORGE",Australia,838.223565195025,5060071280,3,3,train
GRDC_5302101,grdc,2696,-37.3729,149.1979,"CANN RIVER, HRS WEERAGUA",Australia,332.314094000227,5060071280,3,3,train
GRDC_5302103,grdc,2696,-37.6896,149.4938,"WINGAN RIVER, HRS WINGAN INLET NATIONAL PARK",Australia,418.328456028661,5060071280,3,3,train
GRDC_5302104,grdc,2696,-37.3563,149.2063,"CANN RIVER, HRS WEERAGUA",Australia,154.923248053236,5060071280,3,3,train
GRDC_5302105,grdc,2696,-37.4396,148.9812,"COMBIENBAR RIVER, HRS COMBIENBAR",Australia,183.901745457312,5060071280,3,3,train
GRDC_5302106,grdc,2696,-37.6063,148.9021,"BEMM RIVER, HRS PRINCES HWY",Australia,728.947053015143,5060071280,3,3,train
GRDC_5302107,grdc,2696,-37.5104,148.5479,"BRODRIBB RIVER, HRS SARDINE CREEK",Australia,662.302728043084,5060071980,3,3,train
GRDC_5302108,grdc,2696,-37.4938,148.1729,"BUCHAN RIVER, HRS BUCHAN",Australia,862.02337861661,5060071980,3,3,train
GRDC_5302110,grdc,2696,-37.6729,147.8729,"TAMBO RIVER, D/S RAMROD CREEK",Australia,2689.54230154957,5060071990,4,4,train
GRDC_5302111,grdc,2696,-37.2687,147.7312,"TAMBO RIVER, HRS SWIFTS CREEK",Australia,903.005058099144,5060071990,4,4,train
GRDC_5302229,grdc,2696,-37.6604,148.3604,"SNOWY RIVER, JARRAHMOND",Australia,13455.8908662259,5060071980,3,3,train
GRDC_5302242,grdc,2696,-37.7646,147.3729,"MITCHELL RIVER, GLENALADALE",Australia,3900.2945032157695,5060071990,4,4,train
GRDC_5302244,grdc,2696,-37.4938,147.2729,"DARGO RIVER, HRS LOWER DARGO RD",Australia,675.475840070624,5060071990,4,4,train
GRDC_5302245,grdc,2696,-37.4896,147.1687,"WONNANGATTA RIVER, WATERFORD",Australia,1970.40452973862,5060071990,4,4,train
GRDC_5302251,grdc,2696,-38.0479,146.9896,"THOMSON RIVER, BUNDALAGUAH",Australia,3592.2341839744604,5060072180,2,2,train
GRDC_5302252,grdc,2696,-37.8521,146.4313,"ABERFELDY RIVER, HRS BEARDMORE",Australia,309.659626398038,5060072180,2,2,train
GRDC_5302253,grdc,2696,-37.8104,147.0938,"FREESTONE CREEK, HRS BRIAGOLONG",Australia,314.362335451074,5060072180,2,2,train
GRDC_5302254,grdc,2696,-37.5146,146.5646,"MACALISTER RIVER, HRS GLENCAIRN",Australia,571.438041128487,5060072180,2,2,train
GRDC_5302255,grdc,2696,-37.9688,147.0771,"AVON RIVER, STRATFORD",Australia,1511.8259208523498,5060072180,2,2,train
GRDC_5302261,grdc,2696,-38.1396,146.9187,"LA TROBE RIVER, KILMANY SOUTH",Australia,4322.233719323521,5060072180,2,2,train
GRDC_5302262,grdc,2696,-38.2062,146.0021,"MOE RIVER, HRS DARNUM",Australia,199.118489925533,5060072180,2,2,train
GRDC_5302264,grdc,2696,-38.1729,146.2104,"MOE DRAIN RIVER, HRS TRAFALGAR EAST",Australia,605.361101568553,5060072180,2,2,train
GRDC_5302270,grdc,2696,-38.5812,145.9938,"TARWIN RIVER, HRS MEENIYAN",Australia,1077.45315559252,5060072190,2,2,train
GRDC_5302273,grdc,2696,-38.4979,146.1604,"TARWIN RIVER, HRS DUMBALK NORTH",Australia,135.564636749905,5060072190,2,2,train
GRDC_5302300,grdc,2696,-37.7271,144.8354,"MARIBYRNONG RIVER, KEILOR",Australia,1328.53417387054,5060072670,3,3,train
GRDC_5302301,grdc,2696,-37.6312,144.8021,"DEEP CREEK, HRS BULLA (D/S OF EMU CK JU",Australia,865.7726839102769,5060072670,3,3,train
GRDC_5302313,grdc,2696,-38.0104,143.6396,"WOADY YALOAK RIVER, HRS CRESSY (YARIMA)",Australia,1155.96916751345,5060072810,0,0,test
GRDC_5302314,grdc,2696,-38.3521,143.4187,"YALLOCK CREEK, HRS PIRRON YALLOCK (ABOVE H'WY)",Australia,173.478329228806,5060072810,0,0,test
GRDC_5302330,grdc,2696,-38.4438,142.9646,"CURDIE RIVER, HRS CURDIE",Australia,723.5358647980299,5060072820,2,2,train
GRDC_5302331,grdc,2696,-38.4479,142.9896,"SCOTTS CREEK, HRS CURDIE (DIGNEYS BR)",Australia,344.740030349915,5060072820,2,2,train
GRDC_5302340,grdc,2696,-38.5854,143.2604,"KENNEDYS CREEK, HRS KENNEDYS CK",Australia,259.891849502906,5060072820,2,2,train
GRDC_5302345,grdc,2696,-38.6979,143.2521,"GELLIBRAND RIVER, HRS BURRUPA",Australia,1032.47126952184,5060072820,2,2,train
GRDC_5302360,grdc,2696,-38.3188,142.4812,"MERRI RIVER, WOODFORD",Australia,902.01841853652,5060072970,4,4,train
GRDC_5302365,grdc,2696,-38.3354,142.6229,"HOPKINS RIVER, HOPKINS FALLS",Australia,8647.28459593224,5060072960,0,0,test
GRDC_5302400,grdc,2696,-37.9271,141.2854,"GLENELG RIVER, DARTMOOR",Australia,11996.6377732436,5060073130,1,1,val
GRDC_5302402,grdc,2696,-37.9813,141.4604,"CRAWFORD RIVER, HRS LOWER CRAWFORD",Australia,624.586834503726,5060073130,1,1,val
GRDC_5302403,grdc,2696,-38.1271,141.6229,"FITZROY RIVER, HRS HEYWOOD",Australia,272.99449800127604,5060072970,4,4,train
GRDC_5302404,grdc,2696,-38.2438,141.6604,"SURRY RIVER, HRS HEATHMERE",Australia,295.212120880976,5060072970,4,4,train
GRDC_5302406,grdc,2696,-38.2604,141.9437,"EUMERALLA RIVER, HRS CODRINGTON",Australia,500.975218746312,5060072970,4,4,train
GRDC_5304010,grdc,2696,-36.5688,147.4146,"SNOWY CREEK, BELOW GRANITE FLAT",Australia,411.97736056153,5060073410,1,1,val
GRDC_5304021,grdc,2696,-36.2146,147.6771,"CUDGEWA CREEK, HRS BERRINGAMA",Australia,352.498693603065,5060073410,1,1,val
GRDC_5304029,grdc,2696,-36.7521,146.9812,"MORSES CREEK, HRS WANDILIGONG",Australia,124.559132613517,5060073410,1,1,val
GRDC_5304036,grdc,2696,-36.9104,146.7021,"BUFFALO RIVER, HRS ABBEYARD",Australia,417.707601213062,5060073410,1,1,val
GRDC_5304040,grdc,2696,-37.2313,146.2063,"HOWQUA RIVER, HRS GLEN ESK",Australia,377.87941778524805,5060073410,1,1,val
GRDC_5304054,grdc,2696,-36.5771,146.8229,"HAPPY VALLEY CREEK, HRS ROSEWHITE",Australia,139.106448661651,5060073410,1,1,val
GRDC_5304064,grdc,2696,-37.0187,144.5396,"CAMPASPE RIVER, HRS REDESDALE",Australia,622.632244774647,5060073410,1,1,val
GRDC_5304067,grdc,2696,-36.8812,144.6521,"MOUNT IDA CREEK, HRS DERRINAL",Australia,171.975930929164,5060073410,1,1,val
GRDC_5304069,grdc,2696,-37.2979,143.7896,"CRESWICK CREEK, CLUNES",Australia,315.44647271132004,5060073410,1,1,val
GRDC_5304072,grdc,2696,-37.0854,143.8063,"MCCALLUMS CREEK, HRS CARISBROOK",Australia,435.880438123198,5060073410,1,1,val
GRDC_5304100,grdc,2696,-37.5187,146.0771,"BIG RIVER, HRS D/S FRENCHMAN CREEK JUNCTION",Australia,344.42799110581103,5060073410,1,1,val
GRDC_5304110,grdc,2696,-36.6104,146.0563,"HOLLANDS CREEK, HRS KELFEERA",Australia,472.584836259116,5060073410,1,1,val
GRDC_5304112,grdc,2696,-36.6063,146.3604,"BOGGY CREEK, HRS ANGLESIDE",Australia,115.804714878611,5060073410,1,1,val
GRDC_5304119,grdc,2696,-36.8854,145.6813,"SEVEN CREEKS, HRS D/S OF POLLY MCQUINN WEIR",Australia,154.081846239508,5060073410,1,1,val
GRDC_5304123,grdc,2696,-37.0604,145.0563,"SUGARLOAF CREEK, HRS ASH BR",Australia,613.1673490631321,5060073410,1,1,val
GRDC_5304125,grdc,2696,-37.1188,144.8562,"MOLLISONS CREEK, HRS PYALONG",Australia,163.203715553125,5060073410,1,1,val
GRDC_5304126,grdc,2696,-37.3438,145.2896,"KING PARROT CREEK, HRS FLOWERDALE",Australia,176.312479223389,5060073410,1,1,val
GRDC_5304130,grdc,2696,-36.9688,145.7854,"BRANKEET CREEK, HRS ANCONA",Australia,118.93030321328,5060073410,1,1,val
GRDC_5304132,grdc,2696,-37.1562,146.1104,"DELATITE RIVER, HRS TONGA BR",Australia,359.472830889823,5060073410,1,1,val
GRDC_5304133,grdc,2696,-37.2896,146.1896,"JAMIESON RIVER, HRS GERRANG BRIDGE",Australia,363.697620416822,5060073410,1,1,val
GRDC_5304134,grdc,2696,-37.3312,146.1312,"GOULBURN RIVER, HRS DOHERTYS",Australia,693.652654387675,5060073410,1,1,val
GRDC_5304155,grdc,2696,-36.7438,142.7896,"RICHARDSON RIVER, HRS CARRS PLAINS",Australia,131.11934625761,5060073410,1,1,val
GRDC_5304165,grdc,2696,-36.9062,142.6438,"WIMMERA RIVER, HRS GLENORCHY WEIR TAIL GAUGE",Australia,1999.8004030857696,5060073410,1,1,val
GRDC_5402102,grdc,2696,-37.4354,140.0729,"DRAIN M, WOAKWINE AMTD 5.1 KM",Australia,4488.99630905894,5060073140,1,1,val
GRDC_5402110,grdc,2696,-37.5562,140.1729,"REEDY CREEK, 7.2 KM NE OF SOUTH END",Australia,466.097723451309,5060073140,1,1,val
GRDC_5405070,grdc,2696,-33.6104,138.6312,"HILL RIVER, HRS NEAR ANDREWS",Australia,238.065929054342,5060074320,2,2,train
GRDC_5405105,grdc,2696,-35.5438,138.5813,"RIVER INMAN, U/S VICTOR HABOUR SEWAGE TREATMENT WORKS",Australia,170.906027464161,5060073420,0,0,test
GRDC_5405130,grdc,2696,-35.9562,136.6979,"ROCKY RIVER, U/S GORGE FALLS (K.I.)",Australia,190.629347178641,5060073420,0,0,test
GRDC_5410100,grdc,2696,-27.7021,140.8438,"COOPER CREEK, HRS CULLYAMURRA WATER HOLE",Australia,230705.95044445895,5060087590,2,2,train
GRDC_5606030,grdc,2696,-34.8854,117.9979,"KALGAN RIVER, HRS STEVENS FARM",Australia,2667.3059739528603,5060076890,4,4,train
GRDC_5606041,grdc,2696,-34.6229,117.0354,"KENT RIVER, HRS ROCKY GLEN",Australia,1073.07117709583,5060055960,1,1,val
GRDC_5606042,grdc,2696,-34.9062,116.7854,"FRANKLAND RIVER, HRS MOUNT FRANKLAND",Australia,4557.94937583536,5060056090,1,1,val
GRDC_5606043,grdc,2696,-34.6979,117.2188,"DENMARK RIVER, HRS KOMPUP",Australia,236.78079937184,5060055960,1,1,val
GRDC_5606046,grdc,2696,-34.8688,117.3146,"DENMARK RIVER, HRS MT LINDESAY",Australia,511.261871263387,5060055960,1,1,val
GRDC_5606047,grdc,2696,-34.9104,117.4812,"HAY RIVER, HRS SUNNY GLEN",Australia,1233.42094308918,5060055960,1,1,val
GRDC_5606050,grdc,2696,-34.5187,115.9146,"WARREN RIVER, BARKER ROAD CROSSING",Australia,4076.3620389344105,5060056100,3,3,train
GRDC_5606065,grdc,2696,-29.2354,115.0354,"IRWIN RIVER, HRS MOUNTAIN BRIDGE",Australia,5259.2710628412,5060056580,4,4,train
GRDC_5606067,grdc,2696,-28.7604,114.6688,"CHAPMAN RIVER, HRS UTAKARRA",Australia,1918.6599359744,5060056620,3,3,train
GRDC_5606071,grdc,2696,-34.3688,116.2771,"WARREN RIVER, HRS WHEATLEY FARM",Australia,2971.9649848613,5060056100,3,3,train
GRDC_5606072,grdc,2696,-34.3479,116.3479,"WILGARUP RIVER, HRS QUINTARRUP",Australia,477.4444100294271,5060056100,3,3,train
GRDC_5606073,grdc,2696,-34.3312,116.4604,"PERUP RIVER, HRS QUABICUP HILL",Australia,659.392781369112,5060056100,3,3,train
GRDC_5606074,grdc,2696,-34.2521,116.6813,"TONE RIVER, HRS BULLILUP",Australia,1017.3406765084,5060056100,3,3,train
GRDC_5606090,grdc,2696,-34.2771,115.3021,"SCOTT RIVER, HRS BRENNANS FORD",Australia,651.551401752199,5060056250,2,2,train
GRDC_5606095,grdc,2696,-34.8062,116.5771,"WELD RIVER, HRS ORDNANCE RD CROSSING",Australia,236.95905588048305,5060056100,3,3,train
GRDC_5606097,grdc,2696,-32.9062,117.6271,"ARTHUR RIVER, HRS LAKE TOOLIBIN INFLOW",Australia,410.33393589551,5060056250,2,2,train
GRDC_5606099,grdc,2696,-33.9438,115.6896,"SAINT JOHN BROOK, HRS BARRABUP POOL",Australia,538.067452261382,5060056250,2,2,train
GRDC_5606121,grdc,2696,-33.4562,116.4271,"CAMBALLAN CREEK, HRS JAMES WELL",Australia,161.443922362782,5060056390,0,0,test
GRDC_5606122,grdc,2696,-33.3312,116.2646,"COLLIE RIVER EAST, HRS COOLANGATTA FARM",Australia,1330.2340521365,5060056390,0,0,test
GRDC_5606124,grdc,2696,-33.2771,116.2771,"BINGHAM RIVER, HRS PALMER",Australia,365.391166503827,5060056390,0,0,test
GRDC_5606130,grdc,2696,-32.7729,116.0854,"MURRAY RIVER, BADEN POWELL WTR SPOUT",Australia,6764.59320269271,5060056430,1,1,val
GRDC_5606136,grdc,2696,-32.8646,116.3979,"HOTHAM RIVER, HRS MARRADONG RD BRIDGE",Australia,3968.48776191839,5060056430,1,1,val
GRDC_5606160,grdc,2696,-31.7521,116.0271,"ELLEN BROOK, RAILWAY PARADE",Australia,575.283715101931,5060056460,3,3,train
GRDC_5606162,grdc,2696,-31.6729,116.1188,"BROCKMAN RIVER, HRS YALLIAWIRRA",Australia,1411.2568819398002,5060056460,3,3,train
GRDC_5606165,grdc,2696,-31.3396,116.0938,"BROCKMAN RIVER, HRS TANAMERAH",Australia,846.869509407592,5060056460,3,3,train
GRDC_5606166,grdc,2696,-31.3188,115.6271,"GIN GIN BROOK, HRS BOOKINE BOOKINE",Australia,1376.24837647787,5060056510,0,0,test
GRDC_5606173,grdc,2696,-31.9729,116.2938,"HELENA RIVER, HRS POISON LEASE",Australia,593.96603000152,5060056460,3,3,train
GRDC_5606174,grdc,2696,-32.0688,116.2938,"DONNELLY RIVER, HRS STRICKLAND",Australia,670.131296352976,5060056460,3,3,train
GRDC_5606180,grdc,2696,-34.7646,116.3771,"SHANNON RIVER, DOG POOL",Australia,326.618702218975,5060056100,3,3,train
GRDC_5606274,grdc,2696,-34.3271,115.7854,"DARKIN RIVER, HRS PINE PLANTATION",Australia,758.9016003942261,5060056100,3,3,train
GRDC_5607020,grdc,2696,-18.0146,126.3104,"LEOPOLD RIVER, MOUNT WINIFRED",Australia,5174.94340844531,5060059440,0,0,test
GRDC_5607025,grdc,2696,-17.7312,123.6479,"FITZROY RIVER, WILLARE",Australia,91962.7774498191,5060059440,0,0,test
GRDC_5607080,grdc,2696,-22.7229,118.9729,"MARILLANA CREEK, FLAT ROCKS",Australia,1354.5891609746,5060057970,3,3,train
GRDC_5607200,grdc,2696,-24.8271,113.7688,"GASCOYNE RIVER, HRS NINE MILE BRIDGE",Australia,73480.5601346188,5060057320,2,2,train
GRDC_5607210,grdc,2696,-23.8146,114.0104,"MINILYA RIVER, HRS MINILYA BRIDGE",Australia,4696.0951380948,5060087790,1,1,val
GRDC_5607410,grdc,2696,-21.6146,115.9229,"ROBE RIVER, HRS YARRALOOLA",Australia,7264.160376512671,5060057900,1,1,val
GRDC_5607451,grdc,2696,-23.4021,119.7938,"FORTESCUE RIVER, HRS NEWMAN",Australia,2979.3672634430395,5060057970,3,3,train
GRDC_5607500,grdc,2696,-20.3104,119.2521,"DEGREY RIVER, HRS COOLENAR POOL",Australia,49892.3820645926,5060058580,4,4,train
GRDC_5607510,grdc,2696,-21.2312,118.8354,"TURNER RIVER EAST BRANCH, HRS PINCUNAH",Australia,976.414897140998,5060058420,0,0,test
GRDC_5607520,grdc,2696,-21.0938,119.3146,"SHAW RIVER, HRS NORTH POLE MINE",Australia,6532.8914414395895,5060058580,4,4,train
GRDC_5608091,grdc,2696,-17.4271,127.6021,"ORD RIVER, HRS BEDFORD DOWNS",Australia,557.906599741838,5060061240,1,1,val
GRDC_5608093,grdc,2696,-16.6479,128.0938,"WILSON RIVER, HRS ODONNELL RANGE",Australia,2551.68652265965,5060061240,1,1,val
GRDC_5608095,grdc,2696,-17.3729,128.8521,"ORD RIVER, HRS OLD ORD HOMESTEAD",Australia,19708.7285621264,5060061240,1,1,val
GRDC_5608096,grdc,2696,-15.5729,128.6937,"ORD RIVER, TARRARA BAR",Australia,51374.99682662191,5060061240,1,1,val
GRDC_5608098,grdc,2696,-16.1854,128.3021,"DUNHAM RIVER, HRS DUNHAM GORGE",Australia,1621.54313480662,5060061240,1,1,val
GRDC_5708094,grdc,2696,-17.1771,129.0938,"NEGRI RIVER, HRS MISTAKE CK HOMESTEAD",Australia,7524.1742605891,5060061240,1,1,val
GRDC_5708135,grdc,2696,-13.7979,131.3396,"DOUGLAS RIVER, HRS D/S OLD DOUGLAS H/S",Australia,836.949059270116,5060062110,4,4,train
GRDC_5708141,grdc,2696,-14.3646,131.5729,"DALY RIVER, HRS U/S DORISVALE CROSSING",Australia,37262.2316875697,5060062110,4,4,train
GRDC_5708142,grdc,2696,-14.4646,132.2562,"KATHERINE RIVER, HRS RAILWAY BRIDGE",Australia,8345.00531229152,5060062110,4,4,train
GRDC_5708145,grdc,2696,-13.8312,130.7354,"DALY RIVER, MOUNT NANCAR",Australia,48279.013957247,5060062110,4,4,train
GRDC_5708160,grdc,2696,-12.9104,131.2354,"ADELAIDE RIVER, DIRTY LAGOON",Australia,4382.73692608364,5060062380,0,0,test
GRDC_5708172,grdc,2696,-13.2396,131.1104,"ADELAIDE RIVER, HRS RAILWAY BRIDGE",Australia,697.7594855273829,5060062380,0,0,test
GRDC_5709100,grdc,2696,-14.6938,134.4229,"ROPER RIVER, RED ROCK",Australia,43329.7776798922,5060064130,2,2,train
GRDC_5709105,grdc,2696,-15.0854,133.1229,"ELSEY CREEK, HRS WARLOCH PONDS",Australia,16510.606310902,5060064130,2,2,train
GRDC_6220100,grdc,2696,50.8563,3.0938,"HEULEBEEK, MORSELE",Belgium,29.666006445239105,2060022770,2,2,train
GRDC_6220112,grdc,2696,51.0062,4.3396,"MOLENBEEK, LIEZELE",Belgium,31.0946696225102,2060022770,2,2,train
GRDC_6220162,grdc,2696,50.7604,3.8688,"DENDER, OVERBOERLARE",Belgium,815.422776275627,2060022770,2,2,train
GRDC_6220301,grdc,2696,51.0062,4.9896,"DEMER, ZICHEM",Belgium,2095.92394015129,2060022770,2,2,train
GRDC_6220360,grdc,2696,50.9896,4.8229,"SENNE, EPPEGEM",Belgium,2204.17735270644,2060022770,2,2,train
GRDC_6229100,grdc,2696,58.8771,11.5396,"ENNINGDALSELVA, VASSBOTTEN",Sweden,630.0528995576909,2060033330,4,4,train
GRDC_6229110,grdc,2696,58.9104,11.3646,"STROEMSAN, VALEX",Sweden,71.45988964832009,2060033330,4,4,train
GRDC_6232101,grdc,2696,68.1979,19.9937,"ABESKOEATNU, ABISKO",Sweden,4803.28155069142,2060030100,4,4,train
GRDC_6232901,grdc,2696,67.2271,23.5813,"MUONIONJOKI, KALLIO 2",Sweden,12618.5743442106,2060030100,4,4,train
GRDC_6232911,grdc,2696,67.208,23.398000000000003,"TORNEALVEN, PAJALA PUMPHUS",Sweden,16615.3082208896,2060030100,4,4,train
GRDC_6232916,grdc,2696,68.359,18.775,"ABESKOEATNU, OVRE ABISKOJOKKA",Sweden,589.1137140294879,2060030100,4,4,train
GRDC_6232930,grdc,2696,68.0312,21.9771,"LAINIOALVEN, LANNAVAARA",Sweden,3804.68756333578,2060030100,4,4,train
GRDC_6232960,grdc,2696,68.3729,22.1521,"IDIJOKI, MERTAJARVI",Sweden,342.098206029572,2060030100,4,4,train
GRDC_6232970,grdc,2696,67.8187,20.5271,"ALDEJAVRI, ALTTAJARVI",Sweden,31.2659599298502,2060030100,4,4,train
GRDC_6233100,grdc,2696,57.2396,12.3104,"VISKAN, ASBRO 3",Sweden,2138.14915702167,2060033020,2,2,train
GRDC_6233113,grdc,2696,60.6771,17.1229,"GAVLEAN, TOLVFORS KRV",Sweden,2004.3237752723496,2060031420,3,3,train
GRDC_6233116,grdc,2696,64.8396,20.9937,"KAGEALV, KAGE",Sweden,1040.74745671864,2060030270,0,0,test
GRDC_6233122,grdc,2696,60.8604,16.8021,"TESTEBOAN, KONSTDALSSTROMMEN",Sweden,1185.9003469896902,2060031420,3,3,train
GRDC_6233124,grdc,2696,64.9562,21.1854,"BYSKEALVEN, BYSKE",Sweden,3708.348021849021,2060030270,0,0,test
GRDC_6233126,grdc,2696,63.5479,18.5896,"GIDEALVEN, BJORNA",Sweden,3149.4775159446804,2060030660,1,1,val
GRDC_6233128,grdc,2696,57.5562,18.5979,"GOTHEMAN, HORSNE",Sweden,443.893141147407,2060056770,1,1,val
GRDC_6233130,grdc,2696,56.1938,14.7479,"MORRUMSAN, MORRUM",Sweden,3417.8614877130603,2060031970,3,3,train
GRDC_6233163,grdc,2696,55.7812,13.0771,"KAVLINGEAN, HOGSMOLLA",Sweden,1167.51288993064,2060032680,0,0,test
GRDC_6233180,grdc,2696,55.9938,12.7979,"RAAN, BROEDEBACKEN",Sweden,153.926672923219,2060032680,0,0,test
GRDC_6233200,grdc,2696,61.815,12.433,"GROTSJON, GROETSJOEN",Sweden,563.631370170025,2060031490,2,2,train
GRDC_6233205,grdc,2696,61.3062,13.0146,"VASTERDALALVEN, ERSBO",Sweden,1082.71025381413,2060031490,2,2,train
GRDC_6233222,grdc,2696,62.6396,12.1146,"TANNAN, LILLGLAEN",Sweden,59.66023531674461,2060031410,4,4,train
GRDC_6233227,grdc,2696,62.5438,12.6062,"LJUSNAN, LJUSNEDAL OEVRE",Sweden,440.905956066201,2060031410,4,4,train
GRDC_6233300,grdc,2696,58.7104,14.3146,"MOSSAN, VELEN 2",Sweden,47.07719266519671,2060031960,1,1,val
GRDC_6233301,grdc,2696,58.5896,16.1687,"MOTALA STROM, HOLMEN",Sweden,15024.714649492,2060031960,1,1,val
GRDC_6233325,grdc,2696,58.2062,12.3188,"SLUMPAN, VRAENGEBAECKEN",Sweden,171.91211971648102,2060033320,0,0,test
GRDC_6233350,grdc,2696,57.0021,16.1687,"ALSTERAN, GETEBRO",Sweden,1374.27677519669,2060031970,3,3,train
GRDC_6233366,grdc,2696,57.5604,14.7979,"SOLGENAN, SKAERSBODA",Sweden,85.0705596241293,2060031970,3,3,train
GRDC_6233406,grdc,2696,59.5938,16.1604,"SVENBYBACKEN, BERG",Sweden,45.7020988470728,2060031740,2,2,train
GRDC_6233411,grdc,2696,59.2687,17.1271,"RACKSTA A, AKERS KRUTBRUK",Sweden,234.49750421238,2060031740,2,2,train
GRDC_6233412,grdc,2696,59.3229,16.4646,"ESKILSTUNAAN, OVRE HYNDEVAD",Sweden,4144.26198894591,2060031740,2,2,train
GRDC_6233414,grdc,2696,59.7771,16.1896,"KOLBACKSAN, HALLSTAHAMMAR",Sweden,2827.39143199412,2060031740,2,2,train
GRDC_6233415,grdc,2696,59.801,17.567999999999998,"STABBYBACKEN, STABBY",Sweden,5.26347574790833,2060031740,2,2,train
GRDC_6233418,grdc,2696,59.7563,17.3938,"SAVAAN, RANSTA",Sweden,211.22639669224895,2060031740,2,2,train
GRDC_6233421,grdc,2696,59.5187,15.9854,"KOLSTAAN, ODENSVIBRON 2",Sweden,143.985262503787,2060031740,2,2,train
GRDC_6233423,grdc,2696,59.5854,15.2562,"ARBOGAAN, DALKARLSHYTTAN",Sweden,1185.70851949686,2060031740,2,2,train
GRDC_6233450,grdc,2696,64.8354,14.2354,"ANKARVATTNET, ANKARVATTNET",Sweden,382.61569035052,2060031060,4,4,train
GRDC_6233460,grdc,2696,63.7354,13.0062,"ACKLINGEN, AECKLINGEN",Sweden,164.068455554792,2060031160,4,4,train
GRDC_6233465,grdc,2696,63.5229,12.3938,"MEDSTUGUAN, MEDSTUGAN NEDRE",Sweden,202.83482275773,2060031160,4,4,train
GRDC_6233470,grdc,2696,64.0729,14.1229,"HARKAN, RENGEN",Sweden,1100.06304315204,2060031160,4,4,train
GRDC_6233510,grdc,2696,64.2229,19.7063,"VINDELALVEN, GRANAKER",Sweden,13815.8887830724,2060030650,2,2,train
GRDC_6233530,grdc,2696,65.8312,14.9021,"TANGVATTSBACKEN, TAENGVATTNET",Sweden,194.73579092531003,2060030650,2,2,train
GRDC_6233540,grdc,2696,58.3604,13.9521,"OSAN, TOERNESTORP",Sweden,174.727696793122,2060033320,0,0,test
GRDC_6233555,grdc,2696,62.7146,16.0604,"ORAAN, NORRSJOEN",Sweden,11.3123792753645,2060031210,3,3,train
GRDC_6233610,grdc,2696,56.1188,13.1646,"RONNE A, FORSMOLLAN",Sweden,954.100133453388,2060032680,0,0,test
GRDC_6233680,grdc,2696,65.5396,17.4771,"VINDELALVEN, SORSELE 2",Sweden,6164.76388848797,2060030650,2,2,train
GRDC_6233700,grdc,2696,63.4396,18.3021,"MOALVEN, VAESTERSEL",Sweden,1469.69247368806,2060030660,1,1,val
GRDC_6233730,grdc,2696,63.6979,19.5938,"OREALVEN, TORRBOLE",Sweden,2394.06504057838,2060030660,1,1,val
GRDC_6233755,grdc,2696,65.8396,21.1938,"ALAN, LANGSJOEN",Sweden,44.1384045910912,2060030270,0,0,test
GRDC_6233780,grdc,2696,66.0188,21.9646,"RANE ALV, NIEMISEL",Sweden,3882.7927626427295,2060030170,3,3,train
GRDC_6233785,grdc,2696,66.4146,21.6854,"VUOTTASBAECKEN, VUOTTASBAECKEN",Sweden,40.46781765681521,2060030170,3,3,train
GRDC_6233800,grdc,2696,66.1646,21.7979,"RORAN, YTTERHOLMEN",Sweden,1090.57360961342,2060030170,3,3,train
GRDC_6238150,grdc,2696,51.1521,3.1896,"KERKEBEEK, LOPPEM",Belgium,56.4499939987235,2060022620,0,0,test
GRDC_6337506,grdc,2696,51.1938,9.4979,"FULDA, GREBENAU",Germany,2975.8628660344502,2060023940,3,3,train
hysets_01010000,hysets,2921,46.70055556,-69.7155556,"St. John River at Ninemile Bridge, Maine",United States of America,3467.3874127671857,7060038320,1,1,val
hysets_01010070,hysets,2921,46.89388889,-69.7516667,"Big Black River near Depot Mtn, Maine",United States of America,475.0072794258802,7060038320,1,1,val
hysets_01010500,hysets,2921,47.11305556,-69.0880556,"St. John River at Dickey, Maine",United States of America,6942.099132443783,7060038320,1,1,val
hysets_01013500,hysets,2921,47.2375,-68.58277778,"Fish River near Fort Kent, Maine",United States of America,2243.8998248615194,7060038320,1,1,val
hysets_01014000,hysets,2921,47.2833333,-68.58527778,"St. John River below Fish R, nr Fort Kent, Maine",United States of America,14652.724016512802,7060038320,1,1,val
hysets_01017290,hysets,2921,46.8886111,-67.945,"Little Madawaska River at Caribou, Maine",United States of America,598.5994502802909,7060038320,1,1,val
hysets_01018035,hysets,2921,46.1811111,-67.80388889,"Meduxnekeag River at Lowery Rd. nr Houlton, Maine",United States of America,670.4063631514284,7060038320,1,1,val
hysets_01022500,hysets,2921,44.60805556,-67.93527778,"Narraguagus River at Cherryfield, Maine",United States of America,587.3929751417464,7060038340,4,4,train
hysets_01027200,hysets,2921,45.93527778,-69.9936111,"North Branch Penobscot River nr Pittston Farm, ME",United States of America,580.7643447809344,7060038810,1,1,val
hysets_01030500,hysets,2921,45.5011111,-68.3058333,"Mattawamkeag River near Mattawamkeag, Maine",United States of America,3666.6075281706176,7060038810,1,1,val
hysets_01031450,hysets,2921,45.1844444,-69.4522222,"Kingsbury Stream at Abbot Village, Maine",United States of America,238.08556305813497,7060038810,1,1,val
hysets_01031500,hysets,2921,45.175,-69.3147222,"Piscataquis River near Dover-Foxcroft, Maine",United States of America,767.0253093505211,7060038810,1,1,val
hysets_01044550,hysets,2921,45.3136111,-70.2416667,"Spencer Stream near Grand Falls, Maine",United States of America,502.8386981558034,7060038980,2,2,train
hysets_01046000,hysets,2921,45.0644444,-69.8805556,"Austin Stream at Bingham, Maine",United States of America,242.56922305318483,7060038980,2,2,train
hysets_01047000,hysets,2921,44.86916667,-69.955,"Carrabassett River near North Anson, Maine",United States of America,910.93124118107,7060038980,2,2,train
hysets_01048000,hysets,2921,44.70805556,-69.9375,"Sandy River near Mercer, Maine",United States of America,1336.2822371585974,7060038980,2,2,train
hysets_01052500,hysets,2921,44.8775,-71.0575,"Diamond River near Wentworth Location, NH",United States of America,394.4682999679979,7060038980,2,2,train
hysets_01054200,hysets,2921,44.39055556,-70.9797222,"Wild River at Gilead, Maine",United States of America,180.3925138437776,7060038980,2,2,train
hysets_01055500,hysets,2921,44.26944444,-70.2297222,"Nezinscot River at Turner Center, Maine",United States of America,436.1968122355826,7060038980,2,2,train
hysets_01064500,hysets,2921,43.9908333,-71.0905556,"Saco River near Conway, NH",United States of America,993.7863867659904,7060039060,2,2,train
hysets_01064801,hysets,2921,43.83007396,-71.2878488,"BEARCAMP RIVER AT SOUTH TAMWORTH, NH",United States of America,172.55413009685302,7060039060,2,2,train
hysets_01074520,hysets,2921,44.0475669,-71.6598029,"EAST BRANCH PEMIGEWASSET RIVER AT LINCOLN, NH",United States of America,296.4509751708216,7060039160,1,1,val
hysets_01075000,hysets,2921,43.9761792,-71.6795244,"PEMIGEWASSET RIVER AT WOODSTOCK, NH",United States of America,502.8861406680688,7060039160,1,1,val
hysets_01076500,hysets,2921,43.7592388,-71.6856337,"PEMIGEWASSET RIVER AT PLYMOUTH, NH",United States of America,1609.2722815613924,7060039160,1,1,val
hysets_01078000,hysets,2921,43.56646307,-71.747857,"SMITH RIVER NEAR BRISTOL, NH",United States of America,221.2938233553733,7060039160,1,1,val
hysets_01086000,hysets,2921,43.25091159,-71.7322996,"WARNER RIVER AT DAVISVILLE, NH",United States of America,376.53193756217786,7060039160,1,1,val
hysets_01089500,hysets,2921,43.25674759,-71.36951248,"SUNCOOK RIVER AT NORTH CHICHESTER, NH",United States of America,399.1775977835949,7060039160,1,1,val
hysets_01091000,hysets,2921,43.01480519,-71.64146129,"SOUTH BRANCH PISCATAQUOG RIVER NEAR GOFFSTOWN, NH",United States of America,266.1408505538827,7060039160,1,1,val
hysets_01094000,hysets,2921,42.8575865,-71.5061785,"SOUHEGAN RIVER AT MERRIMACK, NH",United States of America,439.5875058987871,7060039160,1,1,val
hysets_01111500,hysets,2921,41.99648716,-71.5625632,"BRANCH RIVER AT FORESTDALE, RI",United States of America,236.36724948885816,7060039170,1,1,val
hysets_01117430,hysets,2921,41.44621186,-71.6211738,"PAWCATUCK RIVER AT KENYON, RI",United States of America,188.2619108216251,7060039170,1,1,val
hysets_01118500,hysets,2921,41.38371065,-71.8331247,"PAWCATUCK RIVER AT WESTERLY, RI",United States of America,764.9361438384065,7060039170,1,1,val
hysets_011230695,hysets,2921,41.57000278,-72.0462444,"SHETUCKET RIVER AT TAFTVILLE, CT",United States of America,1328.164158892721,7060039170,1,1,val
hysets_01125490,hysets,2921,41.92784444,-71.9300083,"LITTLE RIVER AT HARRISVILLE, CT",United States of America,92.98293065435774,7060039170,1,1,val
hysets_01134500,hysets,2921,44.5117231,-71.8373143,"MOOSE RIVER AT VICTORY, VT",United States of America,195.14620831855632,7060039620,3,3,train
hysets_01135300,hysets,2921,44.4353353,-72.03842899,"SLEEPERS RIVER (SITE W-5) NEAR ST. JOHNSBURY, VT",United States of America,109.79234472042236,7060039620,3,3,train
hysets_01137500,hysets,2921,44.2686741,-71.6303617,"AMMONOOSUC RIVER AT BETHLEHEM JUNCTION, NH",United States of America,228.02906641088128,7060039620,3,3,train
hysets_01144000,hysets,2921,43.71423614,-72.418149,"WHITE RIVER AT WEST HARTFORD, VT",United States of America,1776.3501504727883,7060039620,3,3,train
hysets_01153550,hysets,2921,43.1917433,-72.48508889,WILLIAMS RIVER NEAR ROCKINGHAM VT,United States of America,288.7542854241879,7060039620,3,3,train
hysets_01169000,hysets,2921,42.63841775,-72.7250922,"NORTH RIVER AT SHATTUCKVILLE, MA",United States of America,230.72259338143263,7060039620,3,3,train
hysets_01174500,hysets,2921,42.3934237,-72.2386926,"EAST BRANCH SWIFT RIVER NEAR HARDWICK, MA",United States of America,112.7990012522302,7060039620,3,3,train
hysets_01176000,hysets,2921,42.18231566,-72.263691,"QUABOAG RIVER AT WEST BRIMFIELD, MA",United States of America,386.6312221624533,7060039620,3,3,train
hysets_01181000,hysets,2921,42.23731169,-72.895654,"WEST BRANCH WESTFIELD RIVER AT HUNTINGTON, MA",United States of America,242.77415807790263,7060039620,3,3,train
hysets_01193500,hysets,2921,41.55232124,-72.44925287,"SALMON RIVER NEAR EAST HAMPTON, CT",United States of America,262.8516987343405,7060039620,3,3,train
hysets_01196500,hysets,2921,41.45026389,-72.841275,"QUINNIPIAC RIVER AT WALLINGFORD, CT",United States of America,287.2995382052193,7060039630,3,3,train
hysets_01198000,hysets,2921,42.1929083,-73.3912306,"GREEN RIVER NEAR GREAT BARRINGTON, MA",United States of America,131.69815989519515,7060039630,3,3,train
hysets_01198125,hysets,2921,42.0748138,-73.33344858,"HOUSATONIC RIVER NEAR ASHLEY FALLS, MA",United States of America,1209.3596330543298,7060039630,3,3,train
hysets_01200000,hysets,2921,41.65876389,-73.5286833,"TENMILE RIVER NEAR GAYLORDSVILLE, CT",United States of America,528.3207690958994,7060039630,3,3,train
hysets_01204000,hysets,2921,41.48193889,-73.2245722,"POMPERAUG RIVER AT SOUTHBURY, CT",United States of America,195.0603964122166,7060039630,3,3,train
hysets_01321000,hysets,2921,43.35277778,-74.27027778,SACANDAGA RIVER NEAR HOPE NY,United States of America,1260.7821886860086,7060039870,3,3,train
hysets_01329490,hysets,2921,43.1086111,-73.4216667,BATTEN KILL BELOW MILL AT BATTENVILLE NY,United States of America,1024.269052930762,7060039870,3,3,train
hysets_01333000,hysets,2921,42.7089695,-73.1967729,"GREEN RIVER AT WILLIAMSTOWN, MA",United States of America,110.36701802427528,7060039870,3,3,train
hysets_01334000,hysets,2921,42.91285604,-73.2564981,"WALLOOMSAC RIVER NEAR NORTH BENNINGTON, VT",United States of America,298.4879962436907,7060039870,3,3,train
hysets_01334500,hysets,2921,42.9386111,-73.3769444,HOOSIC RIVER NEAR EAGLE BRIDGE NY,United States of America,1322.4487847816035,7060039870,3,3,train
hysets_01335754,hysets,2921,42.82916667,-73.6661111,HUDSON RIVER ABOVE LOCK 1 NEAR WATERFORD NY,United States of America,11948.059300197066,7060039870,3,3,train
hysets_01343060,hysets,2921,43.3661111,-74.95777778,WEST CANADA CREEK NEAR WILMURT NY,United States of America,608.163355263602,7060039870,3,3,train
hysets_01348000,hysets,2921,43.01666667,-74.7408333,EAST CANADA CREEK AT EAST CREEK NY,United States of America,755.1027678888834,7060039870,3,3,train
hysets_01349000,hysets,2921,42.92925,-74.63288889,OTSQUAGO CREEK AT FORT PLAIN NY,United States of America,156.0925267386193,7060039870,3,3,train
hysets_01358000,hysets,2921,42.7522222,-73.68888889,HUDSON RIVER AT GREEN ISLAND NY,United States of America,20943.401035165112,7060039870,3,3,train
hysets_01361000,hysets,2921,42.33055556,-73.74388889,KINDERHOOK CREEK AT ROSSMAN NY,United States of America,843.1588832008804,7060039870,3,3,train
hysets_01362200,hysets,2921,42.11694444,-74.38027778,ESOPUS CREEK AT ALLABEN NY,United States of America,164.9366413637301,7060039870,3,3,train
hysets_01371500,hysets,2921,41.6861111,-74.16527778,WALLKILL RIVER AT GARDINER NY,United States of America,1832.5751035736005,7060039870,3,3,train
hysets_01372500,hysets,2921,41.65305556,-73.8725,WAPPINGER CREEK NEAR WAPPINGERS FALLS NY,United States of America,467.2392527647799,7060039870,3,3,train
hysets_01374531,hysets,2921,41.37377778,-73.63875,EAST BRANCH CROTON RIVER NEAR CROTON FALLS NY,United States of America,231.5326630311458,7060039870,3,3,train
hysets_01387500,hysets,2921,41.09805556,-74.16277778,Ramapo River near Mahwah NJ,United States of America,318.3733409546562,7060039920,1,1,val
hysets_01400000,hysets,2921,40.57055556,-74.6791667,North Branch Raritan River near Raritan NJ,United States of America,481.26376684527605,7060039990,0,0,test
hysets_01403060,hysets,2921,40.5511111,-74.5483333,Raritan River below Calco Dam at Bound Brook NJ,United States of America,2023.0015094008288,7060039990,0,0,test
hysets_01413408,hysets,2921,42.14666667,-74.6233333,DRY BROOK AT ARKVILLE,United States of America,212.2806961277386,7060040360,1,1,val
hysets_01421900,hysets,2921,42.28027778,-74.9072222,WEST BRANCH DELAWARE RIVER UPSTREAM FROM DELHI NY,United States of America,347.0946439110554,7060040360,1,1,val
hysets_01422500,hysets,2921,42.2522222,-74.9016667,LITTLE DELAWARE RIVER NEAR DELHI NY,United States of America,128.61341110227644,7060040360,1,1,val
hysets_01423000,hysets,2921,42.1661111,-75.14,WEST BRANCH DELAWARE RIVER AT WALTON NY,United States of America,858.353008864828,7060040360,1,1,val
hysets_01432900,hysets,2921,41.66805556,-74.7805556,MONGAUP RIVER AT MONGAUP VALLEY NY,United States of America,198.67691520971704,7060040360,1,1,val
hysets_01435000,hysets,2921,41.89,-74.59,NEVERSINK RIVER NEAR CLARYVILLE NY,United States of America,171.755530031076,7060040360,1,1,val
hysets_01439500,hysets,2921,41.08815078,-75.03767469,"Bush Kill at Shoemakers, PA",United States of America,302.2814564966608,7060040360,1,1,val
hysets_01440000,hysets,2921,41.1061111,-74.9525,Flat Brook near Flatbrookville NJ,United States of America,168.18335357980948,7060040360,1,1,val
hysets_01440400,hysets,2921,41.0848148,-75.2146251,"Brodhead Creek near Analomink, PA",United States of America,177.73761779888596,7060040360,1,1,val
hysets_01443500,hysets,2921,40.9808333,-74.9533333,Paulins Kill at Blairstown NJ,United States of America,326.2705745591022,7060040360,1,1,val
hysets_01445500,hysets,2921,40.83055556,-74.97777778,Pequest River at Pequest NJ,United States of America,272.78937351046784,7060040360,1,1,val
hysets_01447500,hysets,2921,41.1303626,-75.625467,"Lehigh River at Stoddartsville, PA",United States of America,236.6735999170893,7060040360,1,1,val
hysets_01451650,hysets,2921,40.59648637,-75.4740717,Little Lehigh Creek at Tenth St. Br. at Allentown,United States of America,253.6204425797501,7060040360,1,1,val
hysets_01452000,hysets,2921,40.62315267,-75.4824053,"Jordan Creek at Allentown, PA",United States of America,195.9805275471168,7060040360,1,1,val
hysets_01452500,hysets,2921,40.6412091,-75.37934709,"Monocacy Creek at Bethlehem, PA",United States of America,112.1507072165443,7060040360,1,1,val
hysets_01463500,hysets,2921,40.22166667,-74.7780556,Delaware River at Trenton NJ,United States of America,17550.431556357977,7060040360,1,1,val
hysets_01464000,hysets,2921,40.22416667,-74.7491667,Assunpink Creek at Trenton NJ,United States of America,232.8808702776124,7060040360,1,1,val
hysets_01464750,hysets,2921,40.26038549,-75.0348915,"Neshaminy Creek near Rushland, PA",United States of America,235.360400812415,7060040360,1,1,val
hysets_01472810,hysets,2921,40.2587137,-75.4287873,"East Branch Perkiomen Creek near Schwenksville, PA",United States of America,151.72787834765975,7060040360,1,1,val
hysets_01473500,hysets,2921,40.11121934,-75.3468502,"Schuylkill River at Norristown, PA",United States of America,4555.512119510287,7060040360,1,1,val
hysets_01474000,hysets,2921,40.01539,-75.2068459,"Wissahickon Creek at Mouth, Philadelphia, PA",United States of America,164.55176300954355,7060040360,1,1,val
hysets_01477000,hysets,2921,39.8690009,-75.4082494,"Chester Creek near Chester, PA",United States of America,156.59982503988104,7060040360,1,1,val
hysets_01478245,hysets,2921,39.7475,-75.7708333,"White Clay Creek near Strickersville, PA",United States of America,152.84382663525673,7060040360,1,1,val
hysets_01478650,hysets,2921,39.6892222,-75.74875,"WHITE CLAY CREEK AT NEWARK, DE",United States of America,177.0562701521154,7060040360,1,1,val
hysets_01479000,hysets,2921,39.6992222,-75.67502778,"WHITE CLAY CREEK NEAR NEWARK, DE",United States of America,230.5813504263588,7060040360,1,1,val
hysets_01480015,hysets,2921,39.71575,-75.6399444,"RED CLAY CREEK NEAR STANTON, DE",United States of America,135.6720402707321,7060040360,1,1,val
hysets_01481500,hysets,2921,39.7695,-75.5766944,"BRANDYWINE CREEK AT WILMINGTON, DE",United States of America,822.4819109216108,7060040360,1,1,val
hysets_01502500,hysets,2921,42.37777778,-75.4061111,UNADILLA RIVER AT ROCKDALE NY,United States of America,1343.8020980566646,7060041050,4,4,train
hysets_01502632,hysets,2921,42.29138889,-75.47638889,SUSQUEHANNA RIVER AT BAINBRIDGE NY,United States of America,4200.3601483305565,7060041050,4,4,train
hysets_01502731,hysets,2921,42.0747222,-75.63777778,SUSQUEHANNA RIVER AT WINDSOR NY,United States of America,4804.302908649354,7060041050,4,4,train
hysets_01503000,hysets,2921,42.03527778,-75.8030556,SUSQUEHANNA RIVER AT CONKLIN NY,United States of America,5781.302933305223,7060041050,4,4,train
hysets_01505000,hysets,2921,42.6786111,-75.5105556,CHENANGO RIVER AT SHERBURNE NY,United States of America,659.988258903081,7060041050,4,4,train
hysets_01505810,hysets,2921,42.44166667,-75.59638889,CHENANGO RIVER AT OXFORD NY,United States of America,1176.5038458322897,7060041050,4,4,train
hysets_01507000,hysets,2921,42.32444444,-75.77138889,CHENANGO RIVER AT GREENE NY,United States of America,1524.6246087272127,7060041050,4,4,train
hysets_01509000,hysets,2921,42.60277778,-76.1594444,TIOUGHNIOGA RIVER AT CORTLAND NY,United States of America,759.045015582533,7060041050,4,4,train
hysets_01510000,hysets,2921,42.5411111,-75.8997222,OTSELIC RIVER AT CINCINNATUS NY,United States of America,382.3908414098628,7060041050,4,4,train
hysets_01513500,hysets,2921,42.0908333,-76.0561111,SUSQUEHANNA RIVER AT VESTAL NY,United States of America,10195.737685556063,7060041050,4,4,train
hysets_01513831,hysets,2921,42.0972222,-76.26638889,SUSQUEHANNA RIVER AT OWEGO NY,United States of America,10900.5340646917,7060041050,4,4,train
hysets_01515000,hysets,2921,41.9847222,-76.5011111,SUSQUEHANNA RIVER NEAR WAVERLY NY,United States of America,12348.972884301076,7060041050,4,4,train
hysets_01516350,hysets,2921,41.7970183,-77.0802457,"Tioga River near Mansfield, PA",United States of America,394.7925476284687,7060041050,4,4,train
hysets_01532000,hysets,2921,41.7070195,-76.4846654,"Towanda Creek near Monroeton, PA",United States of America,553.6788618064164,7060041050,4,4,train
hysets_01534000,hysets,2921,41.55841008,-75.89464168,"Tunkhannock Creek near Tunkhannock, PA",United States of America,1016.480104110653,7060041050,4,4,train
hysets_01538700,hysets,2921,40.9939757,-76.4399451,"Susquehanna River at Bloomsburg, PA",United States of America,27274.19913832204,7060041050,4,4,train
hysets_01539000,hysets,2921,41.07814118,-76.4310555,"Fishing Creek near Bloomsburg, PA",United States of America,703.605508444373,7060041050,4,4,train
hysets_01540500,hysets,2921,40.95814218,-76.6191222,"Susquehanna River at Danville, PA",United States of America,29021.76551672364,7060041050,4,4,train
hysets_01541000,hysets,2921,40.89700655,-78.6769726,"West Branch Susquehanna River at Bower, PA",United States of America,816.1907220046971,7060041050,4,4,train
hysets_01543000,hysets,2921,41.4133959,-78.1969524,"Driftwood Br Sinnemahoning Cr at Sterling Run, PA",United States of America,703.9086327651855,7060041050,4,4,train
hysets_01543500,hysets,2921,41.31728467,-78.1030596,"Sinnemahoning Creek at Sinnemahoning, PA",United States of America,1777.4219868686853,7060041050,4,4,train
hysets_01547100,hysets,2921,40.9317273,-77.7855575,"Spring Creek at Milesburg, PA",United States of America,376.6603109284233,7060041050,4,4,train
hysets_01547700,hysets,2921,41.05950916,-77.6058264,"Marsh Creek at Blanchard, PA",United States of America,114.06751497965064,7060041050,4,4,train
hysets_01547950,hysets,2921,41.1117307,-77.7022159,"Beech Creek at Monument, PA",United States of America,394.5436217330637,7060041050,4,4,train
hysets_01548500,hysets,2921,41.52173586,-77.4474798,"Pine Creek at Cedar Run, PA",United States of America,1556.135380974799,7060041050,4,4,train
hysets_01550000,hysets,2921,41.41840957,-77.03274598,"Lycoming Creek near Trout Run, PA",United States of America,453.9783419891809,7060041050,4,4,train
hysets_01552000,hysets,2921,41.32507836,-76.91246379,"Loyalsock Creek at Loyalsockville, PA",United States of America,1127.8987406310168,7060041050,4,4,train
hysets_01555000,hysets,2921,40.86674917,-77.0483088,"Penns Creek at Penns Creek, PA",United States of America,791.9796924304659,7060041050,4,4,train
hysets_01555500,hysets,2921,40.61119589,-76.9119198,"East Mahantango Creek near Dalmatia, PA",United States of America,418.88340376325567,7060041050,4,4,train
hysets_01556000,hysets,2921,40.4631283,-78.199732,"Frankstown Br Juniata River at Williamsburg, PA",United States of America,748.2932918595618,7060041050,4,4,train
hysets_01558000,hysets,2921,40.61256655,-78.1405645,"Little Juniata River at Spruce Creek, PA",United States of America,578.3922672196871,7060041050,4,4,train
hysets_01559000,hysets,2921,40.4847958,-78.01889269,"Juniata River at Huntingdon, PA",United States of America,2111.3483089637693,7060041050,4,4,train
hysets_01560000,hysets,2921,40.07174679,-78.4925172,"Dunning Creek at Belden, PA",United States of America,444.8265467215311,7060041050,4,4,train
hysets_01562000,hysets,2921,40.21591249,-78.2652901,"Raystown Branch Juniata River at Saxton, PA",United States of America,1951.3234899153365,7060041050,4,4,train
hysets_01565000,hysets,2921,40.65479256,-77.5830499,"Kishacoquillas Creek at Reedsville, PA",United States of America,421.1162706850169,7060041050,4,4,train
hysets_01566000,hysets,2921,40.5153564,-77.41915568,"Tuscarora Creek near Port Royal, PA",United States of America,542.8141655423857,7060041050,4,4,train
hysets_01568000,hysets,2921,40.32341928,-77.1688703,"Sherman Creek at Shermans Dale, PA",United States of America,534.5158645909756,7060041050,4,4,train
hysets_01570000,hysets,2921,40.2522222,-77.0211111,"Conodoguinet Creek near Hogestown, PA",United States of America,1205.25726184188,7060041050,4,4,train
hysets_01570500,hysets,2921,40.25481164,-76.8860846,"Susquehanna River at Harrisburg, PA",United States of America,62256.184832417326,7060041050,4,4,train
hysets_01571500,hysets,2921,40.22481237,-76.8980293,"Yellow Breeches Creek near Camp Hill, PA",United States of America,557.2554232478426,7060041050,4,4,train
hysets_01572190,hysets,2921,40.4792558,-76.530797,"Swatara Creek near Inwood, PA",United States of America,433.1726015698516,7060041050,4,4,train
hysets_01573000,hysets,2921,40.4025897,-76.57718829,"Swatara Creek at Harper Tavern, PA",United States of America,870.5522884519625,7060041050,4,4,train
hysets_01573560,hysets,2921,40.29842358,-76.6677469,"Swatara Creek near Hershey, PA",United States of America,1252.7796772949887,7060041050,4,4,train
hysets_01574000,hysets,2921,40.08231745,-76.7199675,"West Conewago Creek near Manchester, PA",United States of America,1324.4372352545165,7060041050,4,4,train
hysets_01576000,hysets,2921,40.0545413,-76.5307992,"Susquehanna River at Marietta, PA",United States of America,67254.7405347655,7060041050,4,4,train
hysets_01576500,hysets,2921,40.05009748,-76.2771798,"Conestoga River at Lancaster, PA",United States of America,835.6888370879252,7060041050,4,4,train
hysets_01576754,hysets,2921,39.9464886,-76.3677388,"Conestoga River at Conestoga, PA",United States of America,1212.9063146699907,7060041050,4,4,train
hysets_01576787,hysets,2921,39.90593409,-76.32829298,"Pequea Creek at Martic Forge, PA",United States of America,387.8727850598801,7060041050,4,4,train
hysets_01577500,hysets,2921,39.77260378,-76.3157919,"Muddy Creek at Castle Fin, PA",United States of America,343.7501014616597,7060041050,4,4,train
hysets_01580520,hysets,2921,39.61744444,-76.1918611,"DEER CREEK NEAR DARLINGTON, MD",United States of America,425.1602399491629,7060041050,4,4,train
hysets_01582000,hysets,2921,39.6040833,-76.6204722,"LITTLE FALLS AT BLUE MOUNT, MD",United States of America,138.98750186596666,7060041060,1,1,val
hysets_01586000,hysets,2921,39.50366667,-76.8848611,"NORTH BRANCH PATAPSCO RIVER AT CEDARHURST, MD",United States of America,144.11770267012895,7060041060,1,1,val
hysets_01589352,hysets,2921,39.2715,-76.6485556,"GWYNNS FALLS AT WASHINGTON BLVD AT BALTIMORE, MD",United States of America,158.88414692726283,7060041060,1,1,val
hysets_01594000,hysets,2921,39.13441667,-76.8161667,"LITTLE PATUXENT RIVER AT SAVAGE, MD",United States of America,254.04659616784565,7060041060,1,1,val
hysets_01595000,hysets,2921,39.30188889,-79.30688889,"NORTH BRANCH POTOMAC RIVER AT STEYER, MD",United States of America,189.94776072301383,7060041400,1,1,val
hysets_01595300,hysets,2921,39.36676569,-79.17892449,"ABRAM CREEK AT OAKMONT, WV",United States of America,106.8252208867595,7060041400,1,1,val
hysets_01601500,hysets,2921,39.6696111,-78.7880278,"WILLS CREEK NEAR CUMBERLAND, MD",United States of America,640.5934811637478,7060041400,1,1,val
hysets_01605500,hysets,2921,38.63567247,-79.3378199,"SOUTH BRANCH POTOMAC RIVER AT FRANKLIN, WV",United States of America,463.0607593554264,7060041400,1,1,val
hysets_01606000,hysets,2921,38.9845546,-79.2336508,"N F SOUTH BRANCH POTOMAC RIVER AT CABINS, WV",United States of America,804.7446709714516,7060041400,1,1,val
hysets_01606500,hysets,2921,38.99122107,-79.17587059,"SOUTH BRANCH POTOMAC RIVER NEAR PETERSBURG, WV",United States of America,1685.4392792903063,7060041400,1,1,val
hysets_01608500,hysets,2921,39.44703879,-78.6541817,"SOUTH BRANCH POTOMAC RIVER NEAR SPRINGFIELD, WV",United States of America,3782.716458430588,7060041400,1,1,val
hysets_01609000,hysets,2921,39.5532222,-78.555,"TOWN CREEK NEAR OLDTOWN, MD",United States of America,385.75705084738127,7060041400,1,1,val
hysets_01610000,hysets,2921,39.53891667,-78.45638889,"POTOMAC RIVER AT PAW PAW, WV",United States of America,8059.265798721496,7060041400,1,1,val
hysets_01610155,hysets,2921,39.64952778,-78.34413889,"SIDELING HILL CREEK NEAR BELLEGROVE, MD",United States of America,265.49183207407924,7060041400,1,1,val
hysets_01611500,hysets,2921,39.5823158,-78.3097312,"CACAPON RIVER NEAR GREAT CACAPON, WV",United States of America,1746.1595317923577,7060041400,1,1,val
hysets_01613000,hysets,2921,39.69755556,-78.17788889,"POTOMAC RIVER AT HANCOCK, MD",United States of America,10546.920215341568,7060041400,1,1,val
hysets_01613095,hysets,2921,39.7063611,-78.15275,"TONOLOWAY CREEK NEAR HANCOCK, MD",United States of America,300.25049617142776,7060041400,1,1,val
hysets_01613525,hysets,2921,39.67627778,-78.0425278,"LICKING CREEK AT PECTONVILLE, MD",United States of America,505.30956038080495,7060041400,1,1,val
hysets_01614000,hysets,2921,39.51204187,-78.0372224,"BACK CREEK NEAR JONES SPRINGS, WV",United States of America,606.3409346234323,7060041400,1,1,val
hysets_01614500,hysets,2921,39.71638889,-77.8247778,"CONOCOCHEAGUE CREEK AT FAIRVIEW, MD",United States of America,1297.7179804085968,7060041400,1,1,val
hysets_01615000,hysets,2921,39.1747222,-78.0783333,"OPEQUON CREEK NEAR BERRYVILLE, VA",United States of America,149.40916192844645,7060041400,1,1,val
hysets_01616500,hysets,2921,39.42371047,-77.9386084,"OPEQUON CREEK NEAR MARTINSBURG, WV",United States of America,703.9007446992166,7060041400,1,1,val
hysets_01619500,hysets,2921,39.44977778,-77.7301944,"ANTIETAM CREEK NEAR SHARPSBURG, MD",United States of America,727.2616360311682,7060041400,1,1,val
hysets_01622000,hysets,2921,38.3404051,-78.9136385,"NORTH RIVER NEAR BURKETOWN, VA",United States of America,969.863980924637,7060041400,1,1,val
hysets_01625000,hysets,2921,38.26179616,-78.8619703,"MIDDLE RIVER NEAR GROTTOES, VA",United States of America,964.0961013343516,7060041400,1,1,val
hysets_01626000,hysets,2921,38.0576362,-78.90807949,"SOUTH RIVER NEAR WAYNESBORO, VA",United States of America,328.4447423436712,7060041400,1,1,val
hysets_01626850,hysets,2921,38.08874648,-78.8769683,"SOUTH RIVER NEAR DOOMS, VA",United States of America,383.53812597832535,7060041400,1,1,val
hysets_01627500,hysets,2921,38.21874208,-78.8366915,"SOUTH RIVER AT HARRISTON, VA",United States of America,548.2379326559051,7060041400,1,1,val
hysets_01628500,hysets,2921,38.32262796,-78.7547457,"S F SHENANDOAH RIVER NEAR LYNNWOOD, VA",United States of America,2790.752028878424,7060041400,1,1,val
hysets_01629500,hysets,2921,38.6462305,-78.5347329,"S F SHENANDOAH RIVER NEAR LURAY, VA",United States of America,3549.9188026058364,7060041400,1,1,val
hysets_01631000,hysets,2921,38.91400059,-78.21083388,"S F SHENANDOAH RIVER AT FRONT ROYAL, VA",United States of America,4226.961598331882,7060041400,1,1,val
hysets_01632000,hysets,2921,38.63706254,-78.852803,"N F SHENANDOAH RIVER AT COOTES STORE, VA",United States of America,543.0531788552099,7060041400,1,1,val
hysets_01632082,hysets,2921,38.60678588,-78.803357,"LINVILLE CREEK AT BROADWAY, VA",United States of America,115.57494242897948,7060041400,1,1,val
hysets_01632900,hysets,2921,38.69345016,-78.6427935,"SMITH CREEK NEAR NEW MARKET, VA",United States of America,244.43483522776907,7060041400,1,1,val
hysets_01633000,hysets,2921,38.74567048,-78.6389042,"N F SHENANDOAH RIVER AT MOUNT JACKSON, VA",United States of America,1317.8591243744445,7060041400,1,1,val
hysets_01634000,hysets,2921,38.9767759,-78.3361152,"N F SHENANDOAH RIVER NEAR STRASBURG, VA",United States of America,1995.84902898923,7060041400,1,1,val
hysets_01634500,hysets,2921,39.0812176,-78.3294486,"CEDAR CREEK NEAR WINCHESTER, VA",United States of America,264.0544435672768,7060041400,1,1,val
hysets_01635500,hysets,2921,38.95816564,-78.2666685,"PASSAGE CREEK NEAR BUCKTON, VA",United States of America,223.75771141946825,7060041400,1,1,val
hysets_01637500,hysets,2921,39.42725,-77.5561667,"CATOCTIN CREEK NEAR MIDDLETOWN, MD",United States of America,173.59839188540803,7060041400,1,1,val
hysets_01638480,hysets,2921,39.25510206,-77.5763778,"CATOCTIN CREEK AT TAYLORSTOWN, VA",United States of America,231.6922632810636,7060041400,1,1,val
hysets_01638500,hysets,2921,39.2735833,-77.5431111,"POTOMAC RIVER AT POINT OF ROCKS, MD",United States of America,24979.459452028976,7060041400,1,1,val
hysets_01639500,hysets,2921,39.6123611,-77.2374444,"BIG PIPE CREEK AT BRUCEVILLE, MD",United States of America,264.78187683786655,7060041400,1,1,val
hysets_01642190,hysets,2921,39.4434352,-77.3824848,"MONOCACY RIVER AT MONOCACY BLVD AT FREDERICK, MD",United States of America,1818.1254870331447,7060041400,1,1,val
hysets_01643000,hysets,2921,39.4028333,-77.3660833,"MONOCACY RIVER AT JUG BRIDGE NEAR FREDERICK, MD",United States of America,2110.024083457413,7060041400,1,1,val
hysets_01643500,hysets,2921,39.29413889,-77.4070833,"BENNETT CREEK AT PARK MILLS, MD",United States of America,162.68752847633732,7060041400,1,1,val
hysets_01643700,hysets,2921,38.98649818,-77.7966614,"GOOSE CREEK NEAR MIDDLEBURG, VA",United States of America,314.62790541532337,7060041400,1,1,val
hysets_01643805,hysets,2921,39.07230556,-77.6839444,"N F GOOSE CREEK AT RT 729 NEAR LINCOLN, VA",United States of America,98.51158186836388,7060041400,1,1,val
hysets_01643880,hysets,2921,39.0377222,-77.72225,"BEAVERDAM CREEK AT RT 734 NEAR MOUNTVILLE, VA",United States of America,122.16892637115308,7060041400,1,1,val
hysets_01644000,hysets,2921,39.01955309,-77.5774918,"GOOSE CREEK NEAR LEESBURG, VA",United States of America,859.1229188596297,7060041400,1,1,val
hysets_01644280,hysets,2921,39.04641667,-77.43238889,"BROAD RUN NEAR LEESBURG, VA",United States of America,196.5879503747628,7060041400,1,1,val
hysets_01646000,hysets,2921,38.97594346,-77.24581439,"DIFFICULT RUN NEAR GREAT FALLS, VA",United States of America,149.16356856686684,7060041400,1,1,val
hysets_01646500,hysets,2921,38.94977778,-77.12763889,"POTOMAC RIVER NEAR WASH, DC LITTLE FALLS PUMP STA",United States of America,29926.53355374633,7060041400,1,1,val
hysets_01649500,hysets,2921,38.96025,-76.9259722,"NORTHEAST BRANCH ANACOSTIA RIVER AT RIVERDALE, MD",United States of America,187.46897919168865,7060041060,1,1,val
hysets_01656000,hysets,2921,38.63678689,-77.6249897,"CEDAR RUN NEAR CATLETT, VA",United States of America,241.20215190210143,7060041410,4,4,train
hysets_01665500,hysets,2921,38.28068606,-78.340007,"RAPIDAN RIVER NEAR RUCKERSVILLE, VA",United States of America,296.58577998954325,7060041650,2,2,train
hysets_01666500,hysets,2921,38.32513047,-78.0955557,"ROBINSON RIVER NEAR LOCUST DALE, VA",United States of America,463.3580148619196,7060041650,2,2,train
hysets_01667500,hysets,2921,38.35040774,-77.9749972,"RAPIDAN RIVER NEAR CULPEPER, VA",United States of America,1208.4918430911491,7060041650,2,2,train
hysets_01668000,hysets,2921,38.30846178,-77.52915268,"RAPPAHANNOCK RIVER NEAR FREDERICKSBURG, VA",United States of America,4128.564867286613,7060041650,2,2,train
hysets_01669520,hysets,2921,37.6337529,-76.6963468,"DRAGON SWAMP AT MASCOT, VA",United States of America,277.1221316498355,7060041660,0,0,test
hysets_01671100,hysets,2921,37.8726401,-77.5130392,"LITTLE RIVER NEAR DOSWELL, VA",United States of America,277.2287968676325,7060041820,3,3,train
hysets_01672500,hysets,2921,37.796809,-77.5488744,"SOUTH ANNA RIVER NEAR ASHLAND, VA",United States of America,1022.4800980198934,7060041820,3,3,train
hysets_01674000,hysets,2921,38.061801,-77.3858142,"MATTAPONI RIVER NEAR BOWLING GREEN, VA",United States of America,664.6842731291895,7060041660,0,0,test
hysets_01674500,hysets,2921,37.88388889,-77.16527778,"MATTAPONI RIVER NEAR BEULAHVILLE, VA",United States of America,1554.49717294193,7060041660,0,0,test
hysets_01AD002,hysets,2921,47.25806,-68.59583,SAINT JOHN RIVER AT FORT KENT,Canada,14664.824353124011,7060038320,1,1,val
hysets_01AD003,hysets,2921,47.20661,-68.95694,ST. FRANCIS RIVER AT OUTLET OF GLASIER LAKE,Canada,1354.829518558448,7060038320,1,1,val
hysets_01AE001,hysets,2921,47.2375,-68.58278,FISH RIVER NEAR FORT KENT,Canada,2239.7175332411484,7060038320,1,1,val
hysets_01AJ003,hysets,2921,46.21622,-67.72794,MEDUXNEKEAG RIVER NEAR BELLEVILLE,Canada,1203.8052864117865,7060038320,1,1,val
hysets_01AJ004,hysets,2921,46.43836,-67.73844,BIG PRESQUE ISLE STREAM AT TRACEY MILLS,Canada,486.3368738755508,7060038320,1,1,val
hysets_01AJ010,hysets,2921,46.34089,-67.46511,BECAGUIMEC STREAM AT COLDSTREAM,Canada,342.64554800457034,7060038320,1,1,val
hysets_01AK001,hysets,2921,45.94353,-67.32036,SHOGOMOC STREAM NEAR TRANS CANADA HIGHWAY,Canada,233.4260521576041,7060038320,1,1,val
hysets_01AK007,hysets,2921,46.04878,-67.23961,NACKAWIC STREAM NEAR TEMPERANCE VALE,Canada,245.69471991514828,7060038320,1,1,val
hysets_01AL002,hysets,2921,46.12592,-66.61131,NASHWAAK RIVER AT DURHAM BRIDGE,Canada,1451.8742636468814,7060038320,1,1,val
hysets_01AM001,hysets,2921,45.67378,-66.68289,NORTH BRANCH OROMOCTO RIVER AT TRACY,Canada,563.4771494405029,7060038320,1,1,val
hysets_01AN002,hysets,2921,46.29072,-65.72275,SALMON RIVER AT CASTAWAY,Canada,1051.1499098266618,7060038320,1,1,val
hysets_01AP002,hysets,2921,46.07236,-65.36639,CANAAN RIVER AT EAST CANAAN,Canada,667.5282494935619,7060038320,1,1,val
hysets_01AP004,hysets,2921,45.70139,-65.60169,KENNEBECASIS RIVER AT APOHAQUI,Canada,1100.7850686015308,7060038320,1,1,val
hysets_01AP006,hysets,2921,45.50344,-66.31897,NEREPIS RIVER NEAR FOWLERS CORNER,Canada,290.13920635696536,7060038320,1,1,val
hysets_01AQ001,hysets,2921,45.16978,-66.46828,LEPREAU RIVER AT LEPREAU,Canada,230.03591477442475,7060038340,4,4,train
hysets_01BC001,hysets,2921,47.66708,-67.48308,RESTIGOUCHE RIVER BELOW KEDGWICK RIVER,Canada,3158.662462393607,7060035470,3,3,train
hysets_01BE001,hysets,2921,47.83247,-66.88708,UPSALQUITCH RIVER AT UPSALQUITCH,Canada,2263.867675301238,7060035470,3,3,train
hysets_01BJ003,hysets,2921,47.89381,-66.02522,JACQUET RIVER NEAR DURHAM CENTRE,Canada,499.40340810883725,7060035480,3,3,train
hysets_01BJ007,hysets,2921,47.90867,-66.94806,RESTIGOUCHE RIVER ABOVE RAFTING GROUND BROOK,Canada,7798.646777587183,7060035470,3,3,train
hysets_01BJ010,hysets,2921,47.60839,-65.72181,MIDDLE RIVER NEAR BATHURST,Canada,218.7633030410817,7060035480,3,3,train
hysets_01BL003,hysets,2921,47.43578,-65.10606,BIG TRACADIE RIVER AT MURCHY BRIDGE CROSSING,Canada,368.9146371204124,7060035480,3,3,train
hysets_01BO001,hysets,2921,46.736,-65.82561,SOUTHWEST MIRAMICHI RIVER AT BLACKVILLE,Canada,5113.994250665299,7060035860,2,2,train
hysets_01BP001,hysets,2921,46.93597,-65.90739,LITTLE SOUTHWEST MIRAMICHI RIVER AT LYTTLETON,Canada,1322.7874281400566,7060035860,2,2,train
hysets_01BQ001,hysets,2921,47.09475,-65.8365,NORTHWEST MIRAMICHI RIVER AT TROUT BROOK,Canada,970.0058482620964,7060035860,2,2,train
hysets_01BU002,hysets,2921,45.94639,-65.16819,PETITCODIAC RIVER NEAR PETITCODIAC,Canada,409.80145946186826,7060038180,0,0,test
hysets_01BV006,hysets,2921,45.55856,-65.01597,POINT WOLFE RIVER AT FUNDY NATIONAL PARK,Canada,135.5616069552444,7060038190,4,4,train
hysets_01EC001,hysets,2921,43.83736,-65.36911,ROSEWAY RIVER AT LOWER OHIO,Canada,495.8658087209256,7060037350,3,3,train
hysets_01ED005,hysets,2921,44.33314,-65.20508,MERSEY RIVER BELOW GEORGE LAKE,Canada,719.7221113633235,7060037340,1,1,val
hysets_01EF001,hysets,2921,44.44744,-64.59119,LAHAVE RIVER AT WEST NORTHFIELD,Canada,1248.3608413926468,7060035870,3,3,train
hysets_01EO001,hysets,2921,45.17439,-61.97992,ST. MARYS RIVER AT STILLWATER,Canada,1338.417957506227,7060035870,3,3,train
hysets_01FA001,hysets,2921,45.72025,-61.28611,RIVER INHABITANTS AT GLENORA,Canada,193.53769829326083,7060063860,1,1,val
hysets_02013000,hysets,2921,37.8029022,-80.0470043,"DUNLAP CREEK NEAR COVINGTON, VA",United States of America,424.0688715752388,7060041900,3,3,train
hysets_02014000,hysets,2921,37.72901408,-80.0422802,"POTTS CREEK NEAR COVINGTON, VA",United States of America,397.0354802860361,7060041900,3,3,train
hysets_02015700,hysets,2921,38.19540308,-79.57032338,"BULLPASTURE RIVER AT WILLIAMSVILLE, VA",United States of America,285.67782021017933,7060041900,3,3,train
hysets_02016000,hysets,2921,37.79179587,-79.7594917,"COWPASTURE RIVER NEAR CLIFTON FORGE, VA",United States of America,1193.4543679149126,7060041900,3,3,train
hysets_02017500,hysets,2921,37.5062397,-80.106715,"JOHNS CREEK AT NEW CASTLE, VA",United States of America,275.9942298899062,7060041900,3,3,train
hysets_02018000,hysets,2921,37.66596174,-79.9114388,"CRAIG CREEK AT PARR, VA",United States of America,853.1838356655986,7060041900,3,3,train
hysets_02020500,hysets,2921,37.98790619,-79.49365288,"CALFPASTURE RIVER ABOVE MILL CREEK AT GOSHEN, VA",United States of America,365.1409477345622,7060041900,3,3,train
hysets_02021500,hysets,2921,37.90735266,-79.42198289,"MAURY RIVER AT ROCKBRIDGE BATHS, VA",United States of America,850.9188360960283,7060041900,3,3,train
hysets_02024000,hysets,2921,37.76263275,-79.3914251,"MAURY RIVER NEAR BUENA VISTA, VA",United States of America,1673.938117265922,7060041900,3,3,train
hysets_02027000,hysets,2921,37.71541868,-78.981691,"TYE RIVER NEAR LOVINGSTON, VA",United States of America,240.8335100358692,7060041900,3,3,train
hysets_02028500,hysets,2921,37.86958499,-78.8233543,"ROCKFISH RIVER NEAR GREENFIELD, VA",United States of America,245.1893299687773,7060041900,3,3,train
hysets_02030500,hysets,2921,37.70292198,-78.37750429,"SLATE RIVER NEAR ARVONIA, VA",United States of America,585.9179632563297,7060041900,3,3,train
hysets_02031000,hysets,2921,38.10263608,-78.5927935,"MECHUMS RIVER NEAR WHITE HALL, VA",United States of America,245.64067387033657,7060041900,3,3,train
hysets_02034000,hysets,2921,37.8579192,-78.2658373,"RIVANNA RIVER AT PALMYRA, VA",United States of America,1716.0778470832463,7060041900,3,3,train
hysets_02035000,hysets,2921,37.67097957,-78.0858328,"JAMES RIVER AT CARTERSVILLE, VA",United States of America,16197.41185265018,7060041900,3,3,train
hysets_02037500,hysets,2921,37.5632022,-77.5469314,"JAMES RIVER NEAR RICHMOND, VA",United States of America,17494.42121829509,7060041900,3,3,train
hysets_02039000,hysets,2921,37.25709664,-78.4863841,"BUFFALO CREEK NEAR HAMPDEN SYDNEY, VA",United States of America,180.6781896171016,7060041920,0,0,test
hysets_02039500,hysets,2921,37.3070965,-78.388607,"APPOMATTOX RIVER AT FARMVILLE, VA",United States of America,784.4650664352408,7060041920,0,0,test
hysets_02040000,hysets,2921,37.42153845,-77.8588876,"APPOMATTOX RIVER AT MATTOAX, VA",United States of America,1876.7439705147733,7060041920,0,0,test
hysets_02042500,hysets,2921,37.43625765,-77.0608027,"CHICKAHOMINY RIVER NEAR PROVIDENCE FORGE, VA",United States of America,651.0888667672157,7060041830,1,1,val
hysets_02044500,hysets,2921,36.9834822,-77.7997188,"NOTTOWAY RIVER NEAR RAWLINGS, VA",United States of America,819.1272107160606,7060042240,3,3,train
hysets_02045500,hysets,2921,36.90014978,-77.3996996,"NOTTOWAY RIVER NEAR STONY CREEK, VA",United States of America,1496.6987208100006,7060042240,3,3,train
hysets_02046000,hysets,2921,37.0670942,-77.602489,"STONY CREEK NEAR DINWIDDIE, VA",United States of America,289.9199119734737,7060042240,3,3,train
hysets_02047000,hysets,2921,36.7704276,-77.1660778,"NOTTOWAY RIVER NEAR SEBRELL, VA",United States of America,3727.1541039742456,7060042240,3,3,train
hysets_02047500,hysets,2921,37.0251499,-76.8746824,"BLACKWATER RIVER NEAR DENDRON, VA",United States of America,750.5607563272459,7060042240,3,3,train
hysets_02049500,hysets,2921,36.7626499,-76.89829369,"BLACKWATER RIVER NEAR FRANKLIN, VA",United States of America,1586.1479953837277,7060042240,3,3,train
hysets_02051000,hysets,2921,36.9973738,-78.3497182,"NORTH MEHERRIN RIVER NEAR LUNENBURG, VA",United States of America,144.9268991163663,7060042240,3,3,train
hysets_02051500,hysets,2921,36.71681395,-77.8316582,"MEHERRIN RIVER NEAR LAWRENCEVILLE, VA",United States of America,1430.6237154296591,7060042240,3,3,train
hysets_02052000,hysets,2921,36.69014954,-77.5405364,"MEHERRIN RIVER AT EMPORIA, VA",United States of America,1929.1496910628423,7060042240,3,3,train
hysets_02053200,hysets,2921,36.3708333,-77.0255556,"POTECASI CREEK NEAR UNION, NC",United States of America,578.7398232034413,7060042240,3,3,train
hysets_02055000,hysets,2921,37.25847085,-79.9386485,"ROANOKE RIVER AT ROANOKE, VA",United States of America,996.1362724426882,7060042310,2,2,train
hysets_02056000,hysets,2921,37.2551384,-79.87142539,"ROANOKE RIVER AT NIAGARA, VA",United States of America,1321.9888293221056,7060042310,2,2,train
hysets_02056650,hysets,2921,37.22763879,-79.8680915,"BACK CREEK NEAR DUNDEE, VA",United States of America,144.37312087042932,7060042310,2,2,train
hysets_02056900,hysets,2921,37.0451406,-79.8441993,"BLACKWATER RIVER NEAR ROCKY MOUNT, VA",United States of America,297.7388644312768,7060042310,2,2,train
hysets_02058400,hysets,2921,36.9459767,-79.5247508,"PIGG RIVER NEAR SANDY LEVEL, VA",United States of America,910.9190275177814,7060042310,2,2,train
hysets_02059500,hysets,2921,37.1731995,-79.5203076,"GOOSE CREEK NEAR HUDDLESTON, VA",United States of America,485.0426622555415,7060042310,2,2,train
hysets_02061500,hysets,2921,37.20847738,-79.3036357,"BIG OTTER RIVER NEAR EVINGTON, VA",United States of America,816.0534064474468,7060042310,2,2,train
hysets_02065500,hysets,2921,37.0793112,-78.7636178,"CUB CREEK AT PHENIX, VA",United States of America,252.80702389554,7060042310,2,2,train
hysets_02069000,hysets,2921,36.31930349,-80.0500424,"DAN RIVER AT PINE HALL, NC",United States of America,1279.6503632107012,7060042310,2,2,train
hysets_02070000,hysets,2921,36.56819358,-79.98726539,"NORTH MAYO RIVER NEAR SPENCER, VA",United States of America,278.2735994007651,7060042310,2,2,train
hysets_02071000,hysets,2921,36.4125,-79.8261111,"DAN RIVER NEAR WENTWORTH, NC",United States of America,2705.8058708866383,7060042310,2,2,train
hysets_02074500,hysets,2921,36.6195825,-79.5041932,"SANDY RIVER NEAR DANVILLE, VA",United States of America,288.3158052861566,7060042310,2,2,train
hysets_02076000,hysets,2921,36.6932222,-78.9004167,"DAN RIVER AT SOUTH BOSTON, VA",United States of America,7155.960684744948,7060042310,2,2,train
hysets_02077000,hysets,2921,36.7765267,-78.9158438,"BANISTER RIVER AT HALIFAX, VA",United States of America,1414.672651544936,7060042310,2,2,train
hysets_02081500,hysets,2921,36.19416667,-78.5830556,"TAR RIVER NEAR TAR RIVER, NC",United States of America,431.2310797655852,7060042320,4,4,train
hysets_02081747,hysets,2921,36.09305556,-78.2961111,"TAR R AT US 401 AT LOUISBURG, NC",United States of America,1126.2882233111482,7060042320,4,4,train
hysets_02082950,hysets,2921,36.1833333,-77.8761111,"LITTLE FISHING CREEK NEAR WHITE OAK, NC",United States of America,461.1571666808319,7060042320,4,4,train
hysets_02083000,hysets,2921,36.15055556,-77.6930556,"FISHING CREEK NEAR ENFIELD, NC",United States of America,1370.7768734395936,7060042320,4,4,train
hysets_0208726005,hysets,2921,35.84527778,-78.7244444,"CRABTREE CR AT EBENEZER CHURCH RD NR RALEIGH, NC",United States of America,198.29117073541823,7060042740,4,4,train
hysets_02087324,hysets,2921,35.8111111,-78.6108333,"CRABTREE CREEK AT US 1 AT RALEIGH, NC",United States of America,314.8139198459205,7060042740,4,4,train
hysets_02088500,hysets,2921,35.51138889,-78.1602778,"LITTLE RIVER NEAR PRINCETON, NC",United States of America,594.7817802731015,7060042740,4,4,train
hysets_02091814,hysets,2921,35.31388889,-77.30277778,"NEUSE RIVER NEAR FORT BARNWELL, NC",United States of America,10220.212031307408,7060042740,4,4,train
hysets_02095500,hysets,2921,36.12055556,-79.7080556,"NORTH BUFFALO CREEK NEAR GREENSBORO, NC",United States of America,95.67664604325758,7060042940,3,3,train
hysets_02096960,hysets,2921,35.76527778,-79.1358333,"HAW RIVER NEAR BYNUM, NC",United States of America,3297.226481210264,7060042940,3,3,train
hysets_02100500,hysets,2921,35.72638889,-79.6555556,"DEEP RIVER AT RAMSEUR, NC",United States of America,920.3488664413528,7060042940,3,3,train
hysets_02101726,hysets,2921,35.73514055,-79.4230754,"ROCKY R AT US 64 NEAR SILER CITY, NC",United States of America,178.4911277193926,7060042940,3,3,train
hysets_02102000,hysets,2921,35.62694444,-79.1161111,"DEEP RIVER AT MONCURE, NC",United States of America,3739.9555937106015,7060042940,3,3,train
hysets_02103000,hysets,2921,35.1933333,-78.9855556,"LITTLE RIVER AT MANCHESTER, NC",United States of America,894.884570753644,7060042940,3,3,train
hysets_02104220,hysets,2921,34.9997222,-79.2147222,"ROCKFISH CREEK AT RAEFORD, NC",United States of America,241.95347693934204,7060042940,3,3,train
hysets_02106500,hysets,2921,34.755,-78.2886111,"BLACK RIVER NEAR TOMAHAWK, NC",United States of America,1759.1861634210322,7060042940,3,3,train
hysets_02110500,hysets,2921,33.9126719,-78.7150175,"WACCAMAW RIVER NEAR LONGS, SC",United States of America,2867.5599573595887,7060043090,3,3,train
hysets_02111500,hysets,2921,36.175,-81.16888889,"REDDIES RIVER AT NORTH WILKESBORO, NC",United States of America,233.516309363583,7060043090,3,3,train
hysets_02113850,hysets,2921,36.40444444,-80.5616667,"ARARAT RIVER AT ARARAT, NC",United States of America,596.7038865129845,7060043090,3,3,train
hysets_02118000,hysets,2921,35.845,-80.65888889,"SOUTH YADKIN RIVER NEAR MOCKSVILLE, NC",United States of America,789.5075552581567,7060043090,3,3,train
hysets_02120780,hysets,2921,35.7176083,-80.596075,"SECOND CREEK NEAR BARBER, NC",United States of America,304.4488256389152,7060043090,3,3,train
hysets_02128000,hysets,2921,35.3872222,-79.83138889,"LITTLE RIVER NEAR STAR, NC",United States of America,273.112819717816,7060043090,3,3,train
hysets_02130561,hysets,2921,34.60626798,-79.7883963,"PEE DEE RIVER NR BENNETTSVILLE, SC",United States of America,20146.6753470658,7060043090,3,3,train
hysets_02130900,hysets,2921,34.51404244,-80.1831244,"BLACK CREEK NEAR MCBEE, SC",United States of America,277.5003105320555,7060043090,3,3,train
hysets_02130980,hysets,2921,34.24376518,-79.7447833,"BLACK CREEK NEAR QUINBY, SC",United States of America,1138.6042470985697,7060043090,3,3,train
hysets_02131500,hysets,2921,34.2501545,-80.2136816,"LYNCHES RIVER NEAR BISHOPVILLE, SC",United States of America,1720.1502188260438,7060043090,3,3,train
hysets_02134170,hysets,2921,34.62027778,-79.0111111,"LUMBER RIVER AT LUMBERTON, NC",United States of America,1845.3385327962603,7060043090,3,3,train
hysets_02134500,hysets,2921,34.4425,-78.9602778,"LUMBER RIVER AT BOARDMAN, NC",United States of America,3177.826595095631,7060043090,3,3,train
hysets_02136000,hysets,2921,33.66127545,-79.83590448,"BLACK RIVER AT KINGSTREE, SC",United States of America,3212.3878850871965,7060043100,4,4,train
hysets_02137727,hysets,2921,35.6858333,-82.0602778,"CATAWBA R NR PLEASANT GARDENS, NC",United States of America,329.5015624315522,7060043160,4,4,train
hysets_02140991,hysets,2921,35.8336111,-81.7119444,"JOHNS RIVER AT ARNEYS STORE, NC",United States of America,521.6706873685309,7060043160,4,4,train
hysets_02143500,hysets,2921,35.42055556,-81.2652778,"INDIAN CREEK NEAR LABORATORY, NC",United States of America,180.3418777603061,7060043160,4,4,train
hysets_02145000,hysets,2921,35.28527778,-81.1011111,"SOUTH FORK CATAWBA RIVER AT LOWELL, NC",United States of America,1625.4883041387543,7060043160,4,4,train
hysets_02146381,hysets,2921,35.0908333,-80.8994444,"SUGAR CREEK AT NC 51 NEAR PINEVILLE, NC",United States of America,166.97986677032569,7060043160,4,4,train
hysets_02146507,hysets,2921,35.14805556,-80.8577778,"LITTLE SUGAR C AT ARCHDALE DR AT CHARLOTTE, NC",United States of America,111.64551803209318,7060043160,4,4,train
hysets_02146750,hysets,2921,35.0664972,-80.86985,"MCALPINE CR BELOW MCMULLEN CR NR PINEVILLE, NC",United States of America,238.4298986347681,7060043160,4,4,train
hysets_02146800,hysets,2921,35.0059812,-80.9022968,"SUGAR CREEK NEAR FORT MILL, SC",United States of America,679.8165503894762,7060043160,4,4,train
hysets_02147500,hysets,2921,34.5654221,-80.9198025,"ROCKY CREEK AT GREAT FALLS, SC",United States of America,507.1459472623487,7060043160,4,4,train
hysets_02149000,hysets,2921,35.4233333,-82.1116667,"COVE CREEK NEAR LAKE LURE, NC",United States of America,203.5490362563345,7060043160,4,4,train
hysets_02150495,hysets,2921,35.40444444,-81.8725,"SECOND BROAD RIVER NR LOGAN, NC",United States of America,225.1716200848344,7060043160,4,4,train
hysets_02151500,hysets,2921,35.2108333,-81.6975,"BROAD RIVER NEAR BOILING SPRINGS, NC",United States of America,2261.420745285192,7060043160,4,4,train
hysets_02152100,hysets,2921,35.49305556,-81.6822222,"FIRST BROAD RIVER NEAR CASAR, NC",United States of America,155.95413552460246,7060043160,4,4,train
hysets_02156300,hysets,2921,34.9481803,-81.8687141,LAWSONS FORK CREEK AT SPARTANBURG SC,United States of America,192.8855271700226,7060043160,4,4,train
hysets_02156500,hysets,2921,34.5951393,-81.4212089,"BROAD RIVER NEAR CARLISLE, SC",United States of America,7201.339201673773,7060043160,4,4,train
hysets_02160105,hysets,2921,34.5354163,-81.548158,"TYGER RIVER NEAR DELTA, SC",United States of America,1959.0084074034448,7060043160,4,4,train
hysets_02160390,hysets,2921,34.68345815,-82.0398229,"ENOREE RIVER NEAR WOODRUFF, SC",United States of America,643.9567381784557,7060043160,4,4,train
hysets_02160700,hysets,2921,34.5093039,-81.5981594,"ENOREE RIVER AT WHITMIRE, SC",United States of America,1146.4151495124624,7060043160,4,4,train
hysets_02161000,hysets,2921,34.24320335,-81.319541,"BROAD RIVER AT ALSTON, SC",United States of America,12364.004639547711,7060043160,4,4,train
hysets_02162500,hysets,2921,34.84233977,-82.4806814,"SALUDA RIVER NEAR GREENVILLE, SC",United States of America,765.8895363596577,7060043160,4,4,train
hysets_02163500,hysets,2921,34.39178518,-82.22345068,"SALUDA RIVER NEAR WARE SHOALS, SC",United States of America,1505.7138981888772,7060043160,4,4,train
hysets_02164110,hysets,2921,34.65289568,-82.2976186,"REEDY RIVER ABOVE FORK SHOALS, SC",United States of America,283.3617907548587,7060043160,4,4,train
hysets_02167582,hysets,2921,34.1687501,-81.61038399,"BUSH RIVER NR PROSPERITY, SC",United States of America,300.4671009740521,7060043160,4,4,train
hysets_02169570,hysets,2921,33.98960016,-80.9742573,"GILLS CREEK AT COLUMBIA, SC",United States of America,153.5380478441895,7060043160,4,4,train
hysets_02173000,hysets,2921,33.39320916,-81.1331559,"SOUTH FORK EDISTO RIVER NEAR DENMARK, SC",United States of America,1899.1890219456727,7060043170,3,3,train
hysets_02173030,hysets,2921,33.3590442,-81.0595425,"SOUTH FORK EDISTO RIVER NEAR COPE, SC",United States of America,1983.769009937472,7060043170,3,3,train
hysets_02173051,hysets,2921,33.33710079,-81.018708,"SOUTH FORK EDISTO RIVER NEAR BAMBERG, SC",United States of America,2106.613670486024,7060043170,3,3,train
hysets_02173212,hysets,2921,33.69,-81.2541667,"CEDAR CREEK NEAR THOR, SC",United States of America,112.47062118378224,7060043170,3,3,train
hysets_02173500,hysets,2921,33.48348715,-80.87342578,"NORTH FORK EDISTO RIVER AT ORANGEBURG, SC",United States of America,1775.5769345351007,7060043170,3,3,train
hysets_02175000,hysets,2921,33.02794645,-80.3914876,"EDISTO RIVER NR GIVHANS, SC",United States of America,7033.500742248554,7060043170,3,3,train
hysets_02175500,hysets,2921,32.98904958,-81.0526044,"SALKEHATCHIE RIVER NEAR MILEY, SC",United States of America,880.6046272994041,7060043170,3,3,train
hysets_02177000,hysets,2921,34.8139814,-83.305993,"CHATTOOGA RIVER NEAR CLAYTON, GA",United States of America,526.5649623887899,7060043500,2,2,train
hysets_02178400,hysets,2921,34.89037075,-83.530441,"TALLULAH RIVER NEAR CLAYTON, GA",United States of America,151.54267146174857,7060043500,2,2,train
hysets_02186000,hysets,2921,34.8015012,-82.7484725,"TWELVEMILE CREEK NEAR LIBERTY, SC",United States of America,269.18867031261834,7060043500,2,2,train
hysets_02191300,hysets,2921,34.0733333,-83.0033333,"BROAD RIVER ABOVE CARLTON, GA",United States of America,1958.6340217183529,7060043500,2,2,train
hysets_02192000,hysets,2921,33.97416667,-82.77,"BROAD RIVER NEAR BELL, GA",United States of America,3674.551366872648,7060043500,2,2,train
hysets_02192500,hysets,2921,34.07150595,-82.5006853,"LITTLE RIVER NEAR MT. CARMEL, SC",United States of America,555.7335951305001,7060043500,2,2,train
hysets_02193500,hysets,2921,33.61277778,-82.7425,"LITTLE RIVER NEAR WASHINGTON, GA",United States of America,756.8150711404182,7060043500,2,2,train
hysets_02196000,hysets,2921,33.72929717,-82.1817873,"STEVENS CREEK NEAR MODOC, SC",United States of America,1408.4864220237453,7060043500,2,2,train
hysets_02196690,hysets,2921,33.4781928,-81.90761399,"HORSE CREEK AT CLEARWATER, SC",United States of America,387.2523325237895,7060043500,2,2,train
hysets_02197830,hysets,2921,33.1182057,-81.9637281,"BRIER CREEK NEAR WAYNESBORO, GA",United States of America,1226.035443719578,7060043500,2,2,train
hysets_02198000,hysets,2921,32.93349199,-81.6512217,"BRIER CREEK AT MILLHAVEN, GA",United States of America,1671.773157724286,7060043500,2,2,train
hysets_02200120,hysets,2921,33.044596,-82.6037424,"OGEECHEE RIVER AT GA 88, NEAR GRANGE, GA",United States of America,1169.0787711374044,7060043510,4,4,train
hysets_02202040,hysets,2921,32.6490563,-81.8406685,"OGEECHEE RIVER AT ROCKY FORD RD, NR ROCKY FORD, GA",United States of America,5066.252105049238,7060043510,4,4,train
hysets_02202190,hysets,2921,32.4946232,-81.5556634,"OGEECHEE RIVER AT GA 24, NEAR OLIVER, GA",United States of America,6167.052147916088,7060043510,4,4,train
hysets_02202500,hysets,2921,32.19159045,-81.4159454,"OGEECHEE RIVER NEAR EDEN, GA",United States of America,6908.603802570617,7060043510,4,4,train
hysets_02202600,hysets,2921,32.1679803,-81.48816698,"BLACK CREEK NEAR BLITCHTON, GA",United States of America,590.9961632003394,7060043510,4,4,train
hysets_02202680,hysets,2921,32.0802044,-81.3853901,"OGEECHEE RIVER AT GA 204, NEAR ELLABELL, GA",United States of America,7759.947893047188,7060043510,4,4,train
hysets_02203000,hysets,2921,32.18491397,-81.8887265,"CANOOCHEE RIVER NEAR CLAXTON, GA",United States of America,1451.829703271914,7060043510,4,4,train
hysets_02203900,hysets,2921,33.66621924,-84.2246426,"SOUTH RIVER AT FLAKES MILL ROAD NR ATLANTA, GA",United States of America,259.6176875033554,7060043640,4,4,train
hysets_02207220,hysets,2921,33.73371945,-84.061859,"YELLOW RIVER AT PLEASANT HILL ROAD, NR LITHONIA,GA",United States of America,560.4310102798753,7060043640,4,4,train
hysets_02207335,hysets,2921,33.66694444,-83.9380556,"YELLOW RIVER AT GEES MILL ROAD, NEAR MILSTEAD, GA",United States of America,663.2636297661204,7060043640,4,4,train
hysets_02208000,hysets,2921,33.4998611,-83.8841667,"YELLOW RIVER ROCKY PLAINS RD NR ROCKY PLAINS, GA",United States of America,1112.3580525740956,7060043640,4,4,train
hysets_02208450,hysets,2921,33.64011554,-83.7790674,"ALCOVY RIVER ABOVE COVINGTON, GA",United States of America,480.6354516177747,7060043640,4,4,train
hysets_02209000,hysets,2921,33.5059506,-83.8249037,"ALCOVY RIVER BELOW COVINGTON, GA",United States of America,639.6982692633235,7060043640,4,4,train
hysets_02212600,hysets,2921,33.0998535,-83.7235104,"FALLING CREEK NEAR JULIETTE, GA",United States of America,187.7101428233057,7060043640,4,4,train
hysets_02212735,hysets,2921,33.01680095,-83.72712329,"OCMULGEE RIVER AT GA 18, AT DAMES FERRY, GA",United States of America,5435.905861792029,7060043640,4,4,train
hysets_02213000,hysets,2921,32.8386111,-83.6205556,"OCMULGEE RIVER AT MACON, GA",United States of America,5827.79971516886,7060043640,4,4,train
hysets_02215000,hysets,2921,32.28071817,-83.4610055,"OCMULGEE RIVER AT US 341, AT HAWKINSVILLE, GA",United States of America,9795.496902573155,7060043640,4,4,train
hysets_02215100,hysets,2921,32.23944444,-83.5016667,"TUCSAWHATCHEE CREEK NEAR HAWKINSVILLE, GA",United States of America,424.5782604400096,7060043640,4,4,train
hysets_02215500,hysets,2921,31.9201826,-82.6740274,"OCMULGEE RIVER AT LUMBER CITY, GA",United States of America,13573.892326817066,7060043640,4,4,train
hysets_02217475,hysets,2921,34.03166667,-83.5633333,"MIDDLE OCONEE RIVER NEAR ARCADE, GA",United States of America,861.1661159623827,7060043640,4,4,train
hysets_02217500,hysets,2921,33.94666667,-83.4227778,"MIDDLE OCONEE RIVER NEAR ATHENS, GA",United States of America,1015.8062618729058,7060043640,4,4,train
hysets_02217615,hysets,2921,34.20027778,-83.5158333,"NORTH OCONEE R AT WOODBRIDGE RD, NEAR COMMERCE, GA",United States of America,257.97236193129453,7060043640,4,4,train
hysets_02217770,hysets,2921,33.96983658,-83.37738,"NORTH OCONEE RIVER AT COLLEGE ST, AT ATHENS, GA",United States of America,713.8208067717537,7060043640,4,4,train
hysets_02218300,hysets,2921,33.72123385,-83.2954357,"OCONEE RIVER NEAR PENFIELD, GA",United States of America,2441.339847192987,7060043640,4,4,train
hysets_02219000,hysets,2921,33.78817637,-83.4740513,"APALACHEE RIVER NEAR BOSTWICK, GA",United States of America,456.1019950311092,7060043640,4,4,train
hysets_02220900,hysets,2921,33.3140213,-83.4371088,"LITTLE RIVER NEAR EATONTON, GA",United States of America,690.0644308863293,7060043640,4,4,train
hysets_02223360,hysets,2921,32.76653786,-83.1679321,"BIG SANDY CREEK AT US 441, NEAR IRWINTON, GA",United States of America,476.1416527427219,7060043640,4,4,train
hysets_02223500,hysets,2921,32.54461117,-82.894587,"OCONEE RIVER AT DUBLIN, GA",United States of America,11411.763513641576,7060043640,4,4,train
hysets_02224500,hysets,2921,32.19129079,-82.6331903,"OCONEE RIVER NEAR MOUNT VERNON, GA",United States of America,13223.819035614504,7060043640,4,4,train
hysets_02225000,hysets,2921,31.9390829,-82.3534601,"ALTAMAHA RIVER NEAR BAXLEY, GA",United States of America,29948.39707738007,7060043640,4,4,train
hysets_02225500,hysets,2921,32.07852776,-82.1773432,"OHOOPEE RIVER NEAR REIDSVILLE, GA",United States of America,2936.2406522660726,7060043640,4,4,train
hysets_02226000,hysets,2921,31.6546586,-81.827892,"ALTAMAHA RIVER AT DOCTORTOWN, GA",United States of America,35292.13605819723,7060043640,4,4,train
hysets_02226362,hysets,2921,31.30270937,-82.5612501,"SATILLA RIVER AT GA 158, NEAR WAYCROSS, GA",United States of America,2356.930376686472,7060043650,3,3,train
hysets_02226500,hysets,2921,31.2382737,-82.3245711,"SATILLA RIVER NEAR WAYCROSS, GA",United States of America,3285.736379398252,7060043650,3,3,train
hysets_02227500,hysets,2921,31.45132604,-82.054561,"LITTLE SATILLA RIVER NEAR OFFERMAN, GA",United States of America,1703.4310574260817,7060043650,3,3,train
hysets_02228000,hysets,2921,31.22064144,-81.8656651,"SATILLA RIVER AT ATKINSON, GA",United States of America,7392.277547483985,7060043650,3,3,train
hysets_02231342,hysets,2921,27.5686473,-80.7961709,"FT DRUM CREEK AT SUNSHINE ST PKY NEAR FT DRUM, FL",United States of America,137.5405692768611,7060043860,2,2,train
hysets_02236000,hysets,2921,29.00831827,-81.3825651,"ST. JOHNS RIVER NEAR DE LAND, FL",United States of America,8153.89575035231,7060043860,2,2,train
hysets_02236125,hysets,2921,29.16692445,-81.5220157,"ST. JOHNS RIVER AT ASTOR, FL",United States of America,8868.360043570015,7060043860,2,2,train
hysets_02266496,hysets,2921,28.27584517,-81.54368439,"REEDY CREEK BELOW S-40, NEAR LOUGHMAN, FL",United States of America,484.85654184691816,7060044770,3,3,train
hysets_02301000,hysets,2921,27.8839148,-82.10008689,NORTH PRONG ALAFIA RIVER AT KEYSVILLE FL,United States of America,347.31133830642494,7060044870,1,1,val
hysets_02301500,hysets,2921,27.872248,-82.2112008,ALAFIA RIVER AT LITHIA FL,United States of America,872.9194594871017,7060044870,1,1,val
hysets_02303330,hysets,2921,28.0986111,-82.31138889,HILLSBOROUGH R AT MORRIS BR NEAR THONOTOSASSA FL,United States of America,986.147661160854,7060044870,1,1,val
hysets_02303400,hysets,2921,28.32388889,-82.3836111,CYPRESS CREEK NEAR SAN ANTONIO FL,United States of America,127.42986637068051,7060044870,1,1,val
hysets_02314500,hysets,2921,30.68055556,-82.5605556,"SUWANNEE RIVER AT US 441, AT FARGO, GA",United States of America,3043.634697079828,7060045480,1,1,val
hysets_02315500,hysets,2921,30.3257812,-82.7381826,"SUWANNEE RIVER AT WHITE SPRINGS, FLA.",United States of America,6142.998054980028,7060045480,1,1,val
hysets_02315550,hysets,2921,30.3929988,-82.9331875,SUWANNEE RIVER AT SUWANNEE SPRINGS FLA,United States of America,6628.489796138981,7060045480,1,1,val
hysets_02315920,hysets,2921,31.63129589,-83.4179382,"ALAPAHA RIVER AT GA 125/32 NEAR IRWINVILLE, GA",United States of America,1114.0093828919466,7060045480,1,1,val
hysets_02316000,hysets,2921,31.3843626,-83.1923758,"ALAPAHA RIVER NEAR ALAPAHA, GA",United States of America,1700.5720875592556,7060045480,1,1,val
hysets_02317500,hysets,2921,30.7041006,-83.0331955,"ALAPAHA RIVER AT STATENVILLE, GA",United States of America,3465.186903952587,7060045480,1,1,val
hysets_02317620,hysets,2921,30.59826888,-83.073195,ALAPAHA RIVER NEAR JENNINGS FLA,United States of America,4303.170152510835,7060045480,1,1,val
hysets_02318000,hysets,2921,31.15555556,-83.5436111,"LITTLE RIVER NEAR ADEL, GA",United States of America,1495.670423544295,7060045480,1,1,val
hysets_02318500,hysets,2921,30.79305556,-83.4536111,"WITHLACOOCHEE RIVER AT US 84, NEAR QUITMAN, GA",United States of America,3872.8236345132977,7060045480,1,1,val
hysets_02319000,hysets,2921,30.59548716,-83.2595906,"WITHLACOOCHEE RIVER NEAR PINETTA, FLA.",United States of America,5509.857325858379,7060045480,1,1,val
hysets_02319394,hysets,2921,30.41049435,-83.18013979,"WITHLACOOCHEE RIVER NR LEE, FLA",United States of America,6170.534144735522,7060045480,1,1,val
hysets_02319500,hysets,2921,30.38466196,-83.1718058,"SUWANNEE RIVER AT ELLAVILLE, FLA",United States of America,17907.973368322124,7060045480,1,1,val
hysets_02320000,hysets,2921,30.09994513,-83.1715247,"SUWANNEE RIVER AT LURAVILLE, FLA.",United States of America,18832.424749402475,7060045480,1,1,val
hysets_02320500,hysets,2921,29.955785,-82.9276278,"SUWANNEE RIVER AT BRANFORD, FLA.",United States of America,20130.28017755585,7060045480,1,1,val
hysets_02321500,hysets,2921,29.9219073,-82.4262246,"SANTA FE RIVER AT WORTHINGTON SPRINGS, FLA.",United States of America,1476.2885523271218,7060045480,1,1,val
hysets_02322500,hysets,2921,29.84884769,-82.7151204,"SANTA FE RIVER NEAR FORT WHITE, FLA.",United States of America,3011.38557444472,7060045480,1,1,val
hysets_02322800,hysets,2921,29.91162076,-82.8604033,SANTA FE RIVER NR HILDRETH FLA,United States of America,3924.9210398215055,7060045480,1,1,val
hysets_02323000,hysets,2921,29.79134359,-82.924293,"SUWANNEE RIVER NEAR BELL, FLORIDA",United States of America,24521.15023196054,7060045480,1,1,val
hysets_02323500,hysets,2921,29.58968017,-82.9365131,"SUWANNEE RIVER NEAR WILCOX, FLA.",United States of America,25103.72542350924,7060045480,1,1,val
hysets_02326500,hysets,2921,30.36992847,-83.80682559,"AUCILLA RIVER AT LAMONT, FLA.",United States of America,1946.520649450195,7060045490,2,2,train
hysets_02326900,hysets,2921,30.2714311,-84.1482508,"ST. MARKS RIVER NEAR NEWPORT, FLA.",United States of America,1384.6196315400646,7060045490,2,2,train
hysets_02327355,hysets,2921,31.0022222,-83.9391667,"OCHLOCKONEE RIVER AT GA 188, NEAR COOLIDGE, GA",United States of America,664.4856321999172,7060045490,2,2,train
hysets_02327500,hysets,2921,30.87574687,-84.0454502,"OCHLOCKONEE RIVER NEAR THOMASVILLE, GA",United States of America,1449.660695617214,7060045490,2,2,train
hysets_02328522,hysets,2921,30.6690846,-84.3051807,"OCHLOCKONEE RIVER NR CONCORD, FLA.",United States of America,2540.5200910792164,7060045490,2,2,train
hysets_02329500,hysets,2921,30.58741806,-84.4965763,"LITTLE RIVER NR QUINCY, FLA.",United States of America,613.885771988584,7060045490,2,2,train
hysets_02329600,hysets,2921,30.5124192,-84.5235206,"LITTLE RIVER NR MIDWAY, FLA.",United States of America,790.6934932519413,7060045490,2,2,train
hysets_02330150,hysets,2921,30.17658934,-84.6679637,"OCHLOCKONEE RIVER NR SMITH CREEK, FLA.",United States of America,5420.494111304935,7060045490,2,2,train
hysets_02331000,hysets,2921,34.57704154,-83.6357316,"CHATTAHOOCHEE RIVER NEAR LEAF, GA",United States of America,392.2058306322207,7060045890,2,2,train
hysets_023312495,hysets,2921,34.6186111,-83.52888889,"SOQUE RIVER AT GA 197, NEAR CLARKESVILLE, GA",United States of America,243.4310476105655,7060045890,2,2,train
hysets_02331600,hysets,2921,34.5407222,-83.622775,"CHATTAHOOCHEE RIVER NEAR CORNELIA, GA",United States of America,821.702208782969,7060045890,2,2,train
hysets_02335815,hysets,2921,33.96805556,-84.3827778,"CHATTAHOOCHEE RIVER BELOW MORGAN FALLS DAM, GA",United States of America,3528.932844021692,7060045890,2,2,train
hysets_02336968,hysets,2921,33.85927138,-84.6527123,"NOSES CREEK AT POWDER SPRINGS RD,POWDER SPRINGS,GA",United States of America,114.68197816600347,7060045890,2,2,train
hysets_02337000,hysets,2921,33.77660678,-84.6155445,"SWEETWATER CREEK NEAR AUSTELL, GA",United States of America,624.6252748725889,7060045890,2,2,train
hysets_02337410,hysets,2921,33.65380556,-84.8210278,"DOG RIVER AT GA 5, NEAR FAIRPLAY, GA",United States of America,172.23147237984952,7060045890,2,2,train
hysets_02338660,hysets,2921,33.2353974,-84.9877161,"NEW RIVER AT GA 100, NEAR CORINTH, GA",United States of America,323.1978673613654,7060045890,2,2,train
hysets_02338840,hysets,2921,33.1395665,-84.975215,"YELLOWJACKET CREEK-HAMMETT RD, BLW HOGANSVILLE, GA",United States of America,233.8924158937245,7060045890,2,2,train
hysets_02339495,hysets,2921,32.9015159,-85.1963308,OSELIGEE CREEK NEAR LANETT AL,United States of America,224.59426259904265,7060045890,2,2,train
hysets_02341800,hysets,2921,32.41347774,-84.8199281,"UPATOI CREEK NEAR COLUMBUS, GA",United States of America,884.0642104647281,7060045890,2,2,train
hysets_02342500,hysets,2921,32.31681467,-85.014931,"UCHEE CREEK NEAR FORT MITCHELL, AL.",United States of America,835.7000946086694,7060045890,2,2,train
hysets_02342850,hysets,2921,32.15293116,-84.90576,"HANNAHATCHEE CREEK AT UNION ROAD, AT UNION, GA",United States of America,311.39582050334246,7060045890,2,2,train
hysets_02343225,hysets,2921,31.81849528,-84.9738155,"PATAULA CREEK NEAR GEORGETOWN, GA",United States of America,762.7662969625172,7060045890,2,2,train
hysets_02343801,hysets,2921,31.2593438,-85.1102076,"CHATTAHOOCHEE RIVER NEAR COLUMBIA, AL",United States of America,21242.072950413924,7060045890,2,2,train
hysets_02344396,hysets,2921,33.3597222,-84.3944444,"FLINT RIVER AT WOOLSEY ROAD, NEAR WOOLSEY, GA",United States of America,412.1842332444264,7060045890,2,2,train
hysets_02344500,hysets,2921,33.24416667,-84.4291667,"FLINT RIVER NEAR GRIFFIN, GA",United States of America,697.3657815410515,7060045890,2,2,train
hysets_02347500,hysets,2921,32.72138889,-84.2325,"FLINT RIVER AT US 19, NEAR CARSONVILLE, GA",United States of America,4794.103995342569,7060045890,2,2,train
hysets_02349605,hysets,2921,32.29305556,-84.0436111,"FLINT RIVER AT GA 26, NEAR MONTEZUMA, GA",United States of America,7579.348042096071,7060045890,2,2,train
hysets_02350512,hysets,2921,31.725,-84.0186111,"FLINT RIVER AT GA 32, NEAR OAKFIELD, GA",United States of America,10200.365119172257,7060045890,2,2,train
hysets_02350600,hysets,2921,32.0525,-84.5483333,"KINCHAFOONEE CREEK AT PRESTON, GA",United States of America,512.293406689319,7060045890,2,2,train
hysets_02350900,hysets,2921,31.76444444,-84.2533333,"KINCHAFOONEE CREEK AT PINEWOOD ROAD, NR DAWSON, GA",United States of America,1366.1432243612276,7060045890,2,2,train
hysets_02351500,hysets,2921,32.08305556,-84.2580556,"MUCKALEE CREEK NEAR AMERICUS, GA",United States of America,364.1655392599828,7060045890,2,2,train
hysets_02352500,hysets,2921,31.59416667,-84.1441667,"FLINT RIVER AT ALBANY, GA",United States of America,13709.309801605395,7060045890,2,2,train
hysets_02353000,hysets,2921,31.30694444,-84.33888889,"FLINT RIVER AT NEWTON, GA",United States of America,14924.256183445896,7060045890,2,2,train
hysets_02353265,hysets,2921,31.52694444,-84.5827778,"ICHAWAYNOCHAWAY CREEK AT GA 37, NEAR MORGAN, GA",United States of America,773.088459840406,7060045890,2,2,train
hysets_02353500,hysets,2921,31.38277778,-84.54638889,"ICHAWAYNOCHAWAY CREEK AT MILFORD, GA",United States of America,1625.0475735389266,7060045890,2,2,train
hysets_02354500,hysets,2921,31.35055556,-84.4825,"CHICKASAWHATCHEE CREEK AT ELMODEL, GA",United States of America,825.4248593696948,7060045890,2,2,train
hysets_02354800,hysets,2921,31.29388889,-84.4919444,"ICHAWAYNOCHAWAY CREEK NEAR ELMODEL, GA",United States of America,2584.2890623377803,7060045890,2,2,train
hysets_02355662,hysets,2921,31.14055556,-84.4802778,"FLINT RIVER AT RIVERVIEW PLANTATION, NR HOPEFUL,GA",United States of America,18035.09537052494,7060045890,2,2,train
hysets_02358000,hysets,2921,30.7010251,-84.8590871,APALACHICOLA RIVER AT CHATTAHOOCHEE FLA,United States of America,44482.2270846285,7060045890,2,2,train
hysets_02358789,hysets,2921,30.77297064,-85.2163178,CHIPOLA RIVER AT MARIANNA FL,United States of America,1350.1747833484649,7060045890,2,2,train
hysets_02359000,hysets,2921,30.53408319,-85.1651996,"CHIPOLA RIVER NR ALTHA, FLA.",United States of America,2195.4722782150416,7060045890,2,2,train
hysets_02359500,hysets,2921,30.3846406,-85.5565932,"ECONFINA CREEK NEAR BENNETT, FLA.",United States of America,295.09730258127485,7060045900,1,1,val
hysets_02361000,hysets,2921,31.3429492,-85.6104912,"CHOCTAWHATCHEE RIVER NEAR NEWTON, AL.",United States of America,1779.8871831319912,7060046130,2,2,train
hysets_02361500,hysets,2921,31.15934229,-85.7843789,CHOCTAWHATCHEE RIVER NEAR BELLWOOD AL,United States of America,3315.629342905032,7060046130,2,2,train
hysets_02363000,hysets,2921,31.59488716,-85.7829975,PEA RIVER NEAR ARITON AL,United States of America,1293.6813290486452,7060046130,2,2,train
hysets_02365200,hysets,2921,30.94990438,-85.84299,"CHOCTAWHATCHEE RIVER NR PITTMAN, FLA.",United States of America,8252.188856393934,7060046130,2,2,train
hysets_02365500,hysets,2921,30.77574389,-85.827711,"CHOCTAWHATCHEE RIVER AT CARYVILLE, FLA.",United States of America,9081.211360758758,7060046130,2,2,train
hysets_02365769,hysets,2921,30.6246363,-85.9424358,"BRUCE CREEK AT SH 81 NR REDBAY, FL",United States of America,212.3977098673276,7060046130,2,2,train
hysets_02366000,hysets,2921,30.62685899,-85.7121531,"HOLMES CREEK AT VERNON, FLA.",United States of America,1017.1029414789932,7060046130,2,2,train
hysets_02366500,hysets,2921,30.4510296,-85.89826819,"CHOCTAWHATCHEE RIVER NR BRUCE, FLA.",United States of America,11375.494751111091,7060046130,2,2,train
hysets_02367900,hysets,2921,30.92518288,-86.5593967,"YELLOW RIVER NR OAK GROVE, FLA.",United States of America,1359.5096381415008,7060046320,0,0,test
hysets_02369000,hysets,2921,30.69741268,-86.570786,"SHOAL RIVER NR CRESTVIEW, FLA.",United States of America,1209.4124596815698,7060046320,0,0,test
hysets_02370000,hysets,2921,30.8335197,-86.7346786,"BLACKWATER RIVER NR BAKER, FLA.",United States of America,534.8736364133376,7060046330,2,2,train
hysets_02370500,hysets,2921,30.70852375,-86.972186,"BIG COLDWATER CREEK NR MILTON, FLA.",United States of America,619.2567044598513,7060046330,2,2,train
hysets_02371500,hysets,2921,31.57349458,-86.2516226,CONECUH RIVER AT BRANTLEY AL,United States of America,1258.9858406671942,7060046390,1,1,val
hysets_02372250,hysets,2921,31.59627177,-86.40551809,PATSALIGA CREEK NEAR BRANTLEY AL,United States of America,1145.921240421847,7060046390,1,1,val
hysets_02374250,hysets,2921,31.06712374,-87.0616352,"CONECUH RIVER AT STATE HWY 41 NEAR BREWTON, AL.",United States of America,6863.164858850381,7060046390,1,1,val
hysets_02374500,hysets,2921,31.41850006,-86.9866403,MURDER CREEK NEAR EVERGREEN AL,United States of America,456.4103643800252,7060046390,1,1,val
hysets_02374700,hysets,2921,31.10101137,-87.06885829,"MURDER CREEK AT STATE HWY 41 AT BREWTON, AL.",United States of America,1127.0595542469764,7060046390,1,1,val
hysets_02374745,hysets,2921,31.1298991,-87.0871928,"BURNT CORN CREEK AT STATE HWY 41 NEAR BREWTON, AL.",United States of America,472.5993814408752,7060046390,1,1,val
hysets_02374950,hysets,2921,31.12962115,-87.3705353,BIG ESCAMBIA CR AT SARDINE BR NR STANLEY CROSSROAD,United States of America,504.01484561482977,7060046390,1,1,val
hysets_02375500,hysets,2921,30.96518304,-87.2341395,"ESCAMBIA RIVER NEAR CENTURY, FL",United States of America,9943.207219200674,7060046390,1,1,val
hysets_02376500,hysets,2921,30.69046866,-87.440258,"PERDIDO RIVER AT BARRINEAU PARK, FL",United States of America,1015.5351310078166,7060046460,2,2,train
hysets_02377570,hysets,2921,30.6057484,-87.5472057,"STYX RIVER NEAR ELSANOR, AL.",United States of America,495.90563047673646,7060046460,2,2,train
hysets_02378500,hysets,2921,30.54547146,-87.79860149,FISH RIVER NEAR SILVER HILL AL,United States of America,144.9518783231969,7060046470,0,0,test
hysets_02379500,hysets,2921,34.68425248,-84.4585376,"CARTECAY RIVER NEAR ELLIJAY, GA",United States of America,347.89414429388785,7060046590,3,3,train
hysets_02380500,hysets,2921,34.67508566,-84.5085398,"COOSAWATTEE RIVER NEAR ELLIJAY, GA",United States of America,611.9058871253555,7060046590,3,3,train
hysets_02381090,hysets,2921,34.70314028,-84.5393744,"MOUNTAINTOWN CREEK AT GA 282, NEAR ELLIJAY, GA",United States of America,159.736085667293,7060046590,3,3,train
hysets_02384500,hysets,2921,34.82785726,-84.8507749,"CONASAUGA RIVER AT GA 286, NEAR ETON, GA",United States of America,653.4648267077289,7060046590,3,3,train
hysets_02385170,hysets,2921,34.74341435,-84.8804975,"COAHULLA CREEK AT KEITHS MILL ROAD, NEAR DALTON,GA",United States of America,456.8683354906969,7060046590,3,3,train
hysets_02385800,hysets,2921,34.71666667,-84.77,"HOLLY CREEK NEAR CHATSWORTH, GA",United States of America,165.50793069077096,7060046590,3,3,train
hysets_02387000,hysets,2921,34.6667494,-84.9282765,"CONASAUGA RIVER AT TILTON, GA",United States of America,1782.2587788721742,7060046590,3,3,train
hysets_02387600,hysets,2921,34.49564266,-84.9652214,"OOTHKALOOGA CREEK AT GA 53 SPUR, AT CALHOUN, GA",United States of America,166.7353819389625,7060046590,3,3,train
hysets_02389150,hysets,2921,34.35805556,-84.1133333,"ETOWAH RIVER AT GA 9, NEAR DAWSONVILLE, GA",United States of America,340.15972659881373,7060046590,3,3,train
hysets_02390140,hysets,2921,34.2931497,-84.2635319,"SETTINGDOWN CREEK NEAR BALL GROUND, GA",United States of America,130.71436469483686,7060046590,3,3,train
hysets_02391540,hysets,2921,34.3106494,-84.4032587,"SHARP MTN CREEK AT OLD GA 5, BELOW BALL GROUND, GA",United States of America,177.77347444757052,7060046590,3,3,train
hysets_02391860,hysets,2921,34.25,-84.4666667,"ETOWAH RIVER DOWNSTREAM OF I-575, AT CANTON, GA",United States of America,1581.534995989491,7060046590,3,3,train
hysets_02392780,hysets,2921,34.1223201,-84.50437489,"LITTLE RIVER AT GA 5, NEAR WOODSTOCK, GA",United States of America,361.6493474928988,7060046590,3,3,train
hysets_02397500,hysets,2921,34.06145999,-85.313023,"CEDAR CREEK NEAR CEDARTOWN, GA",United States of America,296.8177251936634,7060046590,3,3,train
hysets_02398300,hysets,2921,34.29036965,-85.5091268,CHATTOOGA RIVER ABOVE GAYLESVILLE AL,United States of America,949.3467672162632,7060046590,3,3,train
hysets_02399200,hysets,2921,34.2889813,-85.6805204,LITTLE RIVER NEAR BLUE POND AL,United States of America,515.4275690345422,7060046590,3,3,train
hysets_02400100,hysets,2921,34.06509836,-85.6141287,TERRAPIN CREEK AT ELLISVILLE AL,United States of America,655.5726419033348,7060046590,3,3,train
hysets_02401000,hysets,2921,34.0981515,-86.0380286,BIG WILLS CREEK NEAR REECE CITY,United States of America,473.4257463410742,7060046590,3,3,train
hysets_02405500,hysets,2921,33.44760728,-86.386924,KELLY CREEK NEAR VINCENT AL,United States of America,502.2182151619657,7060046590,3,3,train
hysets_02406500,hysets,2921,33.35955497,-86.2341414,TALLADEGA CREEK AT ALPINE AL,United States of America,385.5993343879052,7060046590,3,3,train
hysets_02408540,hysets,2921,32.9167896,-86.2702507,HATCHET CREEK BELOW ROCKFORD AL,United States of America,681.6993429240142,7060046590,3,3,train
hysets_02412000,hysets,2921,33.622885,-85.5132894,"TALLAPOOSA RIVER NEAR HEFLIN, ALA.",United States of America,1160.214317339464,7060046590,3,3,train
hysets_02413000,hysets,2921,33.59733215,-85.0802227,"LITTLE TALLAPOOSA RIVER AT US 27, AT CARROLLTON,GA",United States of America,246.71561150499736,7060046590,3,3,train
hysets_02418230,hysets,2921,32.62680015,-85.5880076,"SOUGAHATCHEE CREEK AT CO RD 188 NR LOACHAPOKA, AL.",United States of America,183.69200384003747,7060046590,3,3,train
hysets_02418760,hysets,2921,32.5481918,-85.4805044,CHEWACLA CREEK AT CHEWACLA STATE PARK NR AUBURN,United States of America,119.96043059992044,7060046590,3,3,train
hysets_02419000,hysets,2921,32.4768045,-85.69495359,UPHAPEE CREEK NEAR TUSKEGEE AL,United States of America,862.133318535788,7060046590,3,3,train
hysets_02420000,hysets,2921,32.41152597,-86.40830579,"ALABAMA RIVER NEAR MONTGOMERY, AL.",United States of America,39141.27069077143,7060046590,3,3,train
hysets_02423380,hysets,2921,33.4817724,-86.7127653,CAHABA RIVER NEAR MOUNTAIN BROOK AL,United States of America,363.2794019927078,7060046590,3,3,train
hysets_02423414,hysets,2921,33.43982948,-86.6988758,LITTLE CAHABA RIVER AT CAH BEA RD NR CAHABA HTS AL,United States of America,122.38652349562702,7060046590,3,3,train
hysets_02423496,hysets,2921,33.3692767,-86.7841551,"CAHABA RIVER NEAR HOOVER, AL",United States of America,585.6881230388607,7060046590,3,3,train
hysets_02423500,hysets,2921,33.36344373,-86.8130446,CAHABA RIVER NEAR ACTON AL,United States of America,594.0166208644371,7060046590,3,3,train
hysets_02423630,hysets,2921,33.3262234,-86.9497141,SHADES CREEK NEAR GREENWOOD AL,United States of America,186.23384865120647,7060046590,3,3,train
hysets_02424000,hysets,2921,32.9451238,-87.1391623,CAHABA RIVER AT CENTREVILLE AL,United States of America,2659.253233193641,7060046590,3,3,train
hysets_02425000,hysets,2921,32.44402456,-87.1802715,CAHABA RIVER NEAR MARION JUNCTION AL,United States of America,4574.065924634292,7060046590,3,3,train
hysets_02427250,hysets,2921,31.99625809,-87.0683187,"PINE BARREN CREEK NEAR SNOW HILL, AL.",United States of America,675.3360595381168,7060046590,3,3,train
hysets_02430680,hysets,2921,34.45277778,-88.5772222,"TWENTYMILE CREEK NR GUNTOWN, MS",United States of America,378.5570759120895,7060046590,3,3,train
hysets_02439400,hysets,2921,33.79,-88.3152778,"BUTTAHATCHEE RIVER NR ABERDEEN, MS",United States of America,2058.970202883767,7060046590,3,3,train
hysets_02443500,hysets,2921,33.51416667,-88.3952778,"LUXAPALLILA CREEK NR COLUMBUS, MS",United States of America,1852.779527995584,7060046590,3,3,train
hysets_02446500,hysets,2921,33.25706249,-87.7764022,"SIPSEY RIVER NR ELROD, AL",United States of America,1368.5674487823978,7060046590,3,3,train
hysets_02448000,hysets,2921,33.0723611,-88.5587778,"NOXUBEE RIVER AT MACON, MS",United States of America,2000.1518085586447,7060046590,3,3,train
hysets_02448900,hysets,2921,32.80707585,-88.3119761,"BODKA CREEK NEAR GEIGER, AL.",United States of America,411.6345201135635,7060046590,3,3,train
hysets_02450180,hysets,2921,33.87204689,-86.9222211,"MULBERRY FORK NEAR ARKADELPHIA, AL.",United States of America,1264.212936266456,7060046590,3,3,train
hysets_02450825,hysets,2921,34.08121506,-87.422793,"CLEAR C AT NEW HOPE CHURCH NR POPLAR SPRINGS, AL.",United States of America,263.75775703510044,7060046590,3,3,train
hysets_02453000,hysets,2921,33.90843985,-87.2569514,BLACKWATER CREEK NEAR MANCHESTER AL,United States of America,470.6548001285283,7060046590,3,3,train
hysets_02453500,hysets,2921,33.75760677,-87.1702791,MULBERRY FORK AT CORDOVA AL,United States of America,4967.616760435094,7060046590,3,3,train
hysets_02455000,hysets,2921,34.02454235,-86.5741573,"LOCUST FORK NEAR CLEVELAND, AL.",United States of America,785.3856660451804,7060046590,3,3,train
hysets_02456500,hysets,2921,33.7098268,-86.9833305,"LOCUST FORK AT SAYRE, AL.",United States of America,2301.111502527999,7060046590,3,3,train
hysets_02457595,hysets,2921,33.5970492,-86.8680483,"FIVEMILE CREEK NEAR REPUBLIC, AL",United States of America,133.29442562891415,7060046590,3,3,train
hysets_02461500,hysets,2921,33.4192762,-86.9827711,"VALLEY CREEK NEAR BESSEMER, AL",United States of America,138.49710462465032,7060046590,3,3,train
hysets_02464000,hysets,2921,33.47928058,-87.5972297,NORTH RIVER NEAR SAMANTHA AL,United States of America,578.7002686334424,7060046590,3,3,train
hysets_02467500,hysets,2921,32.57374714,-88.1933589,SUCARNOOCHEE RIVER AT LIVINGSTON AL,United States of America,1576.1751906177285,7060046590,3,3,train
hysets_02469800,hysets,2921,31.7443247,-88.0225066,SATILPA CREEK NEAR COFFEEVILLE AL,United States of America,423.26273624779066,7060046590,3,3,train
hysets_02471001,hysets,2921,30.80296466,-88.1433355,CHICKASAW CREEK NEAR KUSHLA AL,United States of America,324.86962182934127,7060046590,3,3,train
hysets_02472000,hysets,2921,31.70694444,-89.4069444,"LEAF RIVER NR COLLINS, MS",United States of America,1928.255878679348,7060046600,3,3,train
hysets_02473000,hysets,2921,31.34305556,-89.2802778,"LEAF RIVER AT HATTIESBURG, MS",United States of America,4544.239132068049,7060046600,3,3,train
hysets_02477500,hysets,2921,31.6796052,-88.6833712,"CHICKASAWHAY RIVER NR WAYNESBORO, MS",United States of America,4278.677626213043,7060046600,3,3,train
hysets_02479000,hysets,2921,30.97805556,-88.7269444,"PASCAGOULA RIVER AT MERRILL, MS",United States of America,17077.327232423148,7060046600,3,3,train
hysets_02479130,hysets,2921,31.05194444,-89.2041667,"BLACK CREEK NR BROOKLYN, MS",United States of America,921.2129039332864,7060046600,3,3,train
hysets_02479155,hysets,2921,31.02527778,-89.0166667,"CYPRESS CREEK NR JANICE, MS",United States of America,136.47964473818695,7060046600,3,3,train
hysets_02479300,hysets,2921,30.7361111,-88.7811111,"RED CREEK AT VESTRY, MS",United States of America,1149.9667610242,7060046600,3,3,train
hysets_02481510,hysets,2921,30.4836111,-89.2744444,"WOLF RIVER NR LANDON, MS",United States of America,801.5434109977367,7060046790,1,1,val
hysets_02487500,hysets,2921,31.97777778,-89.8975,"STRONG RIVER AT D`LO, MS",United States of America,1099.854188322223,7060046870,3,3,train
hysets_02489000,hysets,2921,31.23777778,-89.8469444,"PEARL RIVER NR COLUMBIA, MS",United States of America,14829.666718735773,7060046870,3,3,train
hysets_02490500,hysets,2921,31.17694444,-90.2794444,"BOGUE CHITTO NR TYLERTOWN, MS",United States of America,1275.04763652388,7060046870,3,3,train
hysets_02492000,hysets,2921,30.62935636,-89.8972956,"Bogue Chitto River near Bush, LA",United States of America,3115.562370277891,7060046870,3,3,train
hysets_02492360,hysets,2921,30.6622222,-89.6861111,"WEST HOBOLOCHITTO CREEK NR MCNEILL, MS",United States of America,452.6729609006246,7060046850,4,4,train
hysets_02AB021,hysets,2921,48.56244,-89.24067,CURRENT RIVER AT STEPSTONE,Canada,405.5810751487128,7060034520,4,4,train
hysets_02AB023,hysets,2921,48.32576,-89.40421,SLATE RIVER NEAR THUNDER BAY,Canada,180.3427511321301,7060034520,4,4,train
hysets_02AC002,hysets,2921,48.90422,-88.37686,BLACK STURGEON RIVER AT HIGHWAY NO. 17,Canada,2615.1678636061924,7060034520,4,4,train
hysets_02AD010,hysets,2921,49.59761,-87.96544,BLACKWATER RIVER AT BEARDMORE,Canada,649.7667813644657,7060034520,4,4,train
hysets_02BA003,hysets,2921,48.84911,-86.60722,LITTLE PIC RIVER NEAR COLDWELL,Canada,1319.957364580508,7060034520,4,4,train
hysets_02BA006,hysets,2921,48.81371,-86.85934,STEEL RIVER BELOW SANTOY LAKE,Canada,1183.2070345049178,7060034520,4,4,train
hysets_02BB003,hysets,2921,48.77408,-86.29661,PIC RIVER NEAR MARATHON,Canada,4208.105185574278,7060034520,4,4,train
hysets_02BF001,hysets,2921,47.00353,-84.51556,BATCHAWANA RIVER NEAR BATCHAWANA,Canada,1224.273295664819,7060034520,4,4,train
hysets_02BF002,hysets,2921,46.86094,-83.97181,GOULAIS RIVER NEAR SEARCHMONT,Canada,1135.6010714239287,7060034520,4,4,train
hysets_02CB003,hysets,2921,46.96842,-83.41686,AUBINADONG RIVER ABOVE SESABIC CREEK,Canada,1447.6854932604122,7060034520,4,4,train
hysets_02CF011,hysets,2921,46.68544,-81.00925,VERMILION RIVER NEAR VAL CARON,Canada,678.6097139245244,7060034520,4,4,train
hysets_02DD012,hysets,2921,46.40819,-80.12281,VEUVE RIVER NEAR VERNER,Canada,931.6467595548156,7060034520,4,4,train
hysets_02EA005,hysets,2921,45.66947,-79.37919,NORTH MAGNETAWAN RIVER NEAR BURK'S FALLS,Canada,328.0565662759818,7060034520,4,4,train
hysets_02EC002,hysets,2921,44.71367,-79.28161,BLACK RIVER NEAR WASHAGO,Canada,1506.9539521219522,7060034520,4,4,train
hysets_02EC009,hysets,2921,44.09492,-79.48956,HOLLAND RIVER EAST BRANCH AT HOLLAND LANDING,Canada,175.68331672552145,7060034520,4,4,train
hysets_02EC011,hysets,2921,44.39708,-79.07083,BEAVER RIVER NEAR BEAVERTON,Canada,290.66979326881943,7060034520,4,4,train
hysets_02ED003,hysets,2921,44.24981,-79.82142,NOTTAWASAGA RIVER NEAR BAXTER,Canada,1228.1009672530126,7060034520,4,4,train
hysets_02ED007,hysets,2921,44.70719,-79.64375,COLDWATER RIVER AT COLDWATER,Canada,168.10521915042304,7060034520,4,4,train
hysets_02ED101,hysets,2921,44.11058,-79.89028,NOTTAWASAGA RIVER NEAR ALLISTON,Canada,326.95060355617505,7060034520,4,4,train
hysets_02FB010,hysets,2921,44.57017,-80.6485,BIGHEAD RIVER NEAR MEAFORD,Canada,297.3980849433704,7060034520,4,4,train
hysets_02FC016,hysets,2921,44.18542,-80.78747,SAUGEEN RIVER ABOVE DURHAM,Canada,344.52421889901177,7060034520,4,4,train
hysets_02FE008,hysets,2921,43.81289,-81.30689,MIDDLE MAITLAND RIVER NEAR BELGRAVE,Canada,643.5857933935009,7060034520,4,4,train
hysets_02FE009,hysets,2921,43.68436,-81.54117,SOUTH MAITLAND RIVER AT SUMMERHILL,Canada,369.8599662692964,7060034520,4,4,train
hysets_02FF013,hysets,2921,43.18056,-81.44767,LITTLE AUSABLE RIVER NEAR LUCAN CROSSING,Canada,146.62069874312516,7060034520,4,4,train
hysets_02GA010,hysets,2921,43.18972,-80.45503,NITH RIVER NEAR CANNING,Canada,1032.3657921071535,7060034520,4,4,train
hysets_02GA018,hysets,2921,43.37722,-80.71081,NITH RIVER AT NEW HAMBURG,Canada,543.2216903305415,7060034520,4,4,train
hysets_02GA047,hysets,2921,43.42186,-80.33275,SPEED RIVER AT CAMBRIDGE,Canada,760.1413138721055,7060034520,4,4,train
hysets_02GC010,hysets,2921,42.85731,-80.72358,BIG OTTER CREEK AT TILLSONBURG,Canada,353.4869196396419,7060034520,4,4,train
hysets_02GD010,hysets,2921,43.22047,-81.23681,FISH CREEK NEAR PROSPECT HILL,Canada,144.0885762228096,7060034520,4,4,train
hysets_02GD021,hysets,2921,43.21531,-80.69186,THAMES RIVER AT INNERKIP,Canada,148.5839317432677,7060034520,4,4,train
hysets_02GD027,hysets,2921,42.98156,-80.95461,REYNOLDS CREEK NEAR PUTNAM,Canada,144.88245707760603,7060034520,4,4,train
hysets_02GG002,hysets,2921,42.83081,-81.85172,SYDENHAM RIVER NEAR ALVINSTON,Canada,699.9611137540161,7060034520,4,4,train
hysets_02GG003,hysets,2921,42.65061,-82.00839,SYDENHAM RIVER AT FLORENCE,Canada,1147.3443493456407,7060034520,4,4,train
hysets_02GG006,hysets,2921,42.90583,-82.11911,BEAR CREEK NEAR PETROLIA,Canada,248.2872948087185,7060034520,4,4,train
hysets_02GG009,hysets,2921,42.81203,-82.29842,BEAR CREEK BELOW BRIGDEN,Canada,534.6776223978331,7060034520,4,4,train
hysets_02HA006,hysets,2921,43.13347,-79.38325,TWENTY MILE CREEK AT BALLS FALLS,Canada,291.20310831249026,7060034520,4,4,train
hysets_02HB004,hysets,2921,43.49917,-79.77678,EAST SIXTEEN MILE CREEK NEAR OMAGH,Canada,192.63042850428857,7060034520,4,4,train
hysets_02HB029,hysets,2921,43.58228,-79.70875,CREDIT RIVER AT STREETSVILLE,Canada,772.7423174116153,7060034520,4,4,train
hysets_02HC009,hysets,2921,43.79008,-79.58442,EAST HUMBER RIVER NEAR PINE GROVE,Canada,190.5364674909296,7060034520,4,4,train
hysets_02HJ006,hysets,2921,44.30983,-78.37072,JACKSON CREEK NEAR JACKSON HEIGHTS,Canada,106.71397468025896,7060034520,4,4,train
hysets_02HL003,hysets,2921,44.5396,-77.36965,BLACK RIVER NEAR ACTINOLITE,Canada,427.7303504270397,7060034520,4,4,train
hysets_02HL004,hysets,2921,44.54957,-77.32813,SKOOTAMATTA RIVER NEAR ACTINOLITE,Canada,676.1825817679165,7060034520,4,4,train
hysets_02JC008,hysets,2921,47.88914,-79.87931,BLANCHE RIVER ABOVE ENGLEHART,Canada,1777.001838212398,7060034520,4,4,train
hysets_02KA015,hysets,2921,46.27614,-78.47875,AUMOND CREEK NEAR MATTAWA,Canada,167.01381162896806,7060034520,4,4,train
hysets_02KC018,hysets,2921,45.81828,-77.12511,INDIAN RIVER AT PEMBROKE,Canada,496.3827537928616,7060034520,4,4,train
hysets_02LB007,hysets,2921,44.84225,-75.54442,SOUTH NATION RIVER AT SPENCERVILLE,Canada,216.9245244550969,7060034520,4,4,train
hysets_02XA003,hysets,2921,52.22981,-61.31694,LITTLE MECATINA RIVER ABOVE LAC FOURMONT,Canada,4500.597563717691,7060032940,4,4,train
hysets_02YC001,hysets,2921,50.60747,-57.15161,TORRENT RIVER AT BRISTOL'S POOL,Canada,618.0196418950179,7060060320,3,3,train
hysets_02YE001,hysets,2921,50.16231,-57.57753,GREAVETT BROOK ABOVE PORTLAND CREEK POND,Canada,99.95826203080873,7060060320,3,3,train
hysets_02YG001,hysets,2921,49.81067,-57.15942,MAIN RIVER AT PARADISE POOL,Canada,630.7151494487445,7060060320,3,3,train
hysets_02YJ001,hysets,2921,48.57583,-58.36264,HARRYS RIVER BELOW HIGHWAY BRIDGE,Canada,616.376168976428,7060059990,4,4,train
hysets_02YK002,hysets,2921,48.62203,-57.93311,LEWASEECHJEECH BROOK AT LITTLE GRAND LAKE,Canada,475.3614442549038,7060060310,2,2,train
hysets_02YK005,hysets,2921,49.33828,-56.66789,SHEFFIELD BROOK NEAR TRANS CANADA HIGHWAY,Canada,394.875502077285,7060060310,2,2,train
hysets_02YL001,hysets,2921,49.24292,-57.36025,UPPER HUMBER RIVER NEAR REIDVILLE,Canada,2095.830764823813,7060060310,2,2,train
hysets_02YL008,hysets,2921,49.61825,-57.2945,UPPER HUMBER RIVER ABOVE BLACK BROOK,Canada,471.4767608252003,7060060310,2,2,train
hysets_02YN002,hysets,2921,48.23981,-57.82814,LLOYDS RIVER BELOW KING GEORGE IV LAKE,Canada,479.3795942422715,7060061510,0,0,test
hysets_02YO008,hysets,2921,48.82667,-55.52869,GREAT RATTLING BROOK ABOVE TOTE RIVER CONFLUENCE,Canada,801.4424507226917,7060061510,0,0,test
hysets_02YQ001,hysets,2921,49.01628,-54.85067,GANDER RIVER AT BIG CHUTE,Canada,4435.221034213978,7060061620,4,4,train
hysets_02YR001,hysets,2921,48.80739,-54.22256,MIDDLE BROOK NEAR GAMBO,Canada,265.1464633781537,7060061630,2,2,train
hysets_02YR003,hysets,2921,49.04217,-53.88567,INDIAN BAY BROOK NEAR NORTHWEST ARM,Canada,579.2085294665023,7060061630,2,2,train
hysets_02YS005,hysets,2921,48.66275,-54.01525,TERRA NOVA RIVER AT GLOVERTOWN,Canada,2027.794001960242,7060061870,3,3,train
hysets_02YS006,hysets,2921,48.397,-54.20042,NORTHWEST RIVER AT TERRA NOVA NATIONAL PARK,Canada,667.15896329614,7060061880,2,2,train
hysets_02ZB001,hysets,2921,47.61333,-59.00978,ISLE AUX MORTS RIVER BELOW HIGHWAY BRIDGE,Canada,203.81305510439512,7060063060,2,2,train
hysets_02ZF001,hysets,2921,47.74683,-55.44022,BAY DU NORD RIVER AT BIG FALLS,Canada,1168.9068113856792,7060062930,1,1,val
hysets_02ZG001,hysets,2921,47.21642,-55.33,GARNISH RIVER NEAR GARNISH,Canada,210.163126682672,7060061880,2,2,train
hysets_02ZG003,hysets,2921,46.87781,-55.77619,SALMONIER RIVER NEAR LAMALINE,Canada,116.17768192152452,7060061880,2,2,train
hysets_02ZH001,hysets,2921,47.94667,-54.28433,PIPERS HOLE RIVER AT MOTHERS BROOK,Canada,762.4195074609967,7060061880,2,2,train
hysets_02ZK001,hysets,2921,47.22711,-53.56861,ROCKY RIVER NEAR COLINET,Canada,294.59718032437894,7060061880,2,2,train
hysets_03007800,hysets,2921,41.81867578,-78.29279129,"Allegheny River at Port Allegany, PA",United States of America,649.9939816806169,7060047060,0,0,test
hysets_03010500,hysets,2921,41.963398,-78.3861287,"Allegheny River at Eldred, PA",United States of America,1420.0590945030858,7060047060,0,0,test
hysets_03010655,hysets,2921,41.96173237,-78.1980662,"Oswayo Creek at Shinglehouse, PA",United States of America,253.587900527003,7060047060,0,0,test
hysets_03011020,hysets,2921,42.15638889,-78.7152778,ALLEGHENY RIVER AT SALAMANCA NY,United States of America,4154.711093880192,7060047060,0,0,test
hysets_03015310,hysets,2921,41.8439485,-79.1497668,"Allegheny River bl Conewango Creek at Warren, PA",United States of America,8089.484622497496,7060047060,0,0,test
hysets_03015500,hysets,2921,41.8525587,-79.3172708,"Brokenstraw Creek at Youngsville, PA",United States of America,786.9097287446382,7060047060,0,0,test
hysets_03017500,hysets,2921,41.60200599,-79.0500392,"Tionesta Creek at Lynch, PA",United States of America,599.9012901877134,7060047060,0,0,test
hysets_03029500,hysets,2921,41.3306189,-79.2089298,"Clarion River at Cooksburg, PA",United States of America,2083.8900343346463,7060047060,0,0,test
hysets_03032500,hysets,2921,40.9945093,-79.3942088,"Redbank Creek at St. Charles, PA",United States of America,1377.209155161442,7060047060,0,0,test
hysets_03034000,hysets,2921,40.93923105,-79.00836738,"Mahoning Creek at Punxsutawney, PA",United States of America,407.7430569311035,7060047060,0,0,test
hysets_03042000,hysets,2921,40.4770127,-79.1867009,"Blacklick Creek at Josephine, PA",United States of America,498.5767483549428,7060047060,0,0,test
hysets_03050000,hysets,2921,38.809275,-79.8817342,"TYGART VALLEY RIVER NEAR DAILEY, WV",United States of America,486.4562380664984,7060047060,0,0,test
hysets_03051000,hysets,2921,39.0292694,-79.93590799,"TYGART VALLEY RIVER AT BELINGTON, WV",United States of America,1075.0392164198247,7060047060,0,0,test
hysets_03053500,hysets,2921,39.05121,-80.1145254,"BUCKHANNON RIVER AT HALL, WV",United States of America,696.6332600790328,7060047060,0,0,test
hysets_03054500,hysets,2921,39.15037545,-80.038691,"TYGART VALLEY RIVER AT PHILIPPI, WV",United States of America,2358.417339025,7060047060,0,0,test
hysets_03056250,hysets,2921,39.33648107,-79.9934094,"THREE FORK CREEK NR GRAFTON, WV",United States of America,250.17866161339776,7060047060,0,0,test
hysets_03065000,hysets,2921,39.07232928,-79.6228373,"DRY FORK AT HENDRICKS, WV",United States of America,897.7150318200253,7060047060,0,0,test
hysets_03067510,hysets,2921,38.6170576,-79.8697849,"SHAVERS FORK NR CHEAT BRIDGE, WV",United States of America,154.30286986625154,7060047060,0,0,test
hysets_03068800,hysets,2921,38.91316335,-79.770342,"SHAVERS FORK BELOW BOWDEN, WV",United States of America,387.5808174528853,7060047060,0,0,test
hysets_03069500,hysets,2921,39.1228835,-79.68117409,"CHEAT RIVER NEAR PARSONS, WV",United States of America,1857.4083470335,7060047060,0,0,test
hysets_03070260,hysets,2921,39.4948104,-79.6444969,"CHEAT RIVER AT ALBRIGHT, WV",United States of America,2701.21923208912,7060047060,0,0,test
hysets_03070500,hysets,2921,39.62175,-79.7045556,"BIG SANDY CREEK AT ROCKVILLE, WV",United States of America,516.7842105215416,7060047060,0,0,test
hysets_03073000,hysets,2921,39.92313056,-80.072558,"South Fork Tenmile Creek at Jefferson, PA",United States of America,466.6437368974159,7060047060,0,0,test
hysets_03076600,hysets,2921,39.65613889,-79.3941111,"BEAR CREEK AT FRIENDSVILLE, MD",United States of America,126.6188174935369,7060047060,0,0,test
hysets_03078000,hysets,2921,39.70219444,-79.13638889,"CASSELMAN RIVER AT GRANTSVILLE, MD",United States of America,164.5488978735014,7060047060,0,0,test
hysets_03079000,hysets,2921,39.85991667,-79.2288333,"Casselman River at Markleton, PA",United States of America,986.218717439331,7060047060,0,0,test
hysets_03080000,hysets,2921,39.820355,-79.3214227,"Laurel Hill Creek at Ursina, PA",United States of America,312.9240235278712,7060047060,0,0,test
hysets_03085500,hysets,2921,40.4006247,-80.0964444,"Chartiers Creek at Carnegie, PA",United States of America,665.5930621562118,7060047060,0,0,test
hysets_03108000,hysets,2921,40.62784405,-80.337563,"Raccoon Creek at Moffatts Mill, PA",United States of America,463.4130837621725,7060047060,0,0,test
hysets_03109500,hysets,2921,40.6758974,-80.5406244,Little Beaver Creek near East Liverpool OH,United States of America,1307.4864638742715,7060047060,0,0,test
hysets_03110000,hysets,2921,40.53784235,-80.7250777,Yellow Creek near Hammondsville OH,United States of America,380.5477795181491,7060047060,0,0,test
hysets_03110830,hysets,2921,40.4356229,-80.5925723,"KINGS CREEK AT WEIRTON, WV",United States of America,126.29691851001044,7060047060,0,0,test
hysets_03111500,hysets,2921,40.19340427,-80.7342482,Short Creek near Dillonvale OH,United States of America,318.3968753137135,7060047060,0,0,test
hysets_03111548,hysets,2921,40.0670164,-80.8084198,Wheeling Creek below Blaine OH,United States of America,253.26735808063765,7060047060,0,0,test
hysets_03113990,hysets,2921,39.9067395,-80.9359288,Captina Creek at S.R. 148 at Armstrongs Mills OH,United States of America,328.6578464510943,7060047060,0,0,test
hysets_03114500,hysets,2921,39.4750762,-80.9970537,"MIDDLE ISLAND CREEK AT LITTLE, WV",United States of America,1185.6144377886048,7060047060,0,0,test
hysets_03117500,hysets,2921,40.6725609,-81.2598308,Sandy Creek at Waynesburg OH,United States of America,655.3712645760453,7060047060,0,0,test
hysets_03118500,hysets,2921,40.7497222,-81.3694444,Nimishillen Creek at North Industry OH,United States of America,452.9161196556244,7060047060,0,0,test
hysets_03139000,hysets,2921,40.48145387,-81.985979,Killbuck Creek at Killbuck OH,United States of America,1200.3144575360554,7060047060,0,0,test
hysets_03144816,hysets,2921,39.9636111,-82.5986111,South Fork Licking River at Kirkersville OH,United States of America,120.60548493891152,7060047060,0,0,test
hysets_03146500,hysets,2921,40.05923245,-82.3395948,Licking River near Newark OH,United States of America,1393.0714325303964,7060047060,0,0,test
hysets_03149500,hysets,2921,39.9086814,-81.8604105,Salt Creek near Chandlersville OH,United States of America,195.6736102826196,7060047060,0,0,test
hysets_03154000,hysets,2921,38.84425369,-81.2226168,"WEST FORK LITTLE KANAWHA RIVER AT ROCKSDALE, WV",United States of America,530.0002746094592,7060047060,0,0,test
hysets_03155220,hysets,2921,39.07896905,-81.2123373,"SOUTH FORK HUGHES RIVER BELOW MACFARLAN, WV",United States of America,593.1943935496286,7060047060,0,0,test
hysets_03157000,hysets,2921,39.5883982,-82.5784946,Clear Creek near Rockbridge OH,United States of America,228.0878441528975,7060047060,0,0,test
hysets_03157500,hysets,2921,39.5650661,-82.4746008,Hocking River at Enterprise OH,United States of America,1193.3039313598438,7060047060,0,0,test
hysets_03159500,hysets,2921,39.32896188,-82.0876439,Hocking River at Athens OH,United States of America,2443.8233747788445,7060047060,0,0,test
hysets_03159540,hysets,2921,39.06368935,-81.8818024,Shade River near Chester OH,United States of America,400.4096853597327,7060047060,0,0,test
hysets_03161000,hysets,2921,36.3933333,-81.4069444,"SOUTH FORK NEW RIVER NEAR JEFFERSON, NC",United States of America,530.4965740386481,7060047060,0,0,test
hysets_03164000,hysets,2921,36.6473497,-80.978969,"NEW RIVER NEAR GALAX, VA",United States of America,2954.1013817378134,7060047060,0,0,test
hysets_03167000,hysets,2921,36.93900995,-80.8872997,"REED CREEK AT GRAHAMS FORGE, VA",United States of America,667.7406479629681,7060047060,0,0,test
hysets_03168000,hysets,2921,36.93762235,-80.7456257,"NEW RIVER AT ALLISONIA, VA",United States of America,5726.570784400559,7060047060,0,0,test
hysets_03170000,hysets,2921,37.03762635,-80.5567239,"LITTLE RIVER AT GRAYSONTOWN, VA",United States of America,798.59875327719,7060047060,0,0,test
hysets_03173000,hysets,2921,37.26817845,-80.7095125,"WALKER CREEK AT BANE, VA",United States of America,773.9648488972463,7060047060,0,0,test
hysets_03175500,hysets,2921,37.30567654,-80.8497993,"WOLF CREEK NEAR NARROWS, VA",United States of America,577.7787507442571,7060047060,0,0,test
hysets_03179000,hysets,2921,37.54400779,-81.0103678,"BLUESTONE RIVER NEAR PIPESTEM, WV",United States of America,1022.3791018829596,7060047060,0,0,test
hysets_03182500,hysets,2921,38.18595326,-80.1306225,"GREENBRIER RIVER AT BUCKEYE, WV",United States of America,1401.953203785351,7060047060,0,0,test
hysets_03183500,hysets,2921,37.7242874,-80.641468,"GREENBRIER RIVER AT ALDERSON, WV",United States of America,3585.133581069334,7060047060,0,0,test
hysets_03184000,hysets,2921,37.64012018,-80.805083,"GREENBRIER RIVER AT HILLDALE, WV",United States of America,4223.747927062283,7060047060,0,0,test
hysets_03186500,hysets,2921,38.37899915,-80.4839737,"WILLIAMS RIVER AT DYER, WV",United States of America,330.5384567469982,7060047060,0,0,test
hysets_03190000,hysets,2921,38.1126125,-80.8762069,"MEADOW RIVER AT NALLEN, WV",United States of America,740.9608021377991,7060047060,0,0,test
hysets_03194700,hysets,2921,38.59732627,-80.4903644,"ELK RIVER BELOW WEBSTER SPRINGS, WV",United States of America,688.4748966410292,7060047060,0,0,test
hysets_03198350,hysets,2921,37.9662186,-81.524278,"CLEAR FORK AT WHITESVILLE, WV",United States of America,163.60564649050173,7060047060,0,0,test
hysets_03198500,hysets,2921,38.1798222,-81.7115106,"BIG COAL RIVER AT ASHFORD, WV",United States of America,1011.0371417294988,7060047060,0,0,test
hysets_03200500,hysets,2921,38.33898309,-81.841518,"COAL RIVER AT TORNADO, WV",United States of America,2221.165796764143,7060047060,0,0,test
hysets_03202000,hysets,2921,38.8736111,-82.3558333,Raccoon Creek at Adamsville OH,United States of America,1543.559492555666,7060047060,0,0,test
hysets_03202400,hysets,2921,37.60400034,-81.6451096,"GUYANDOTTE RIVER NEAR BAILEYSVILLE, WV",United States of America,792.5663826889403,7060047060,0,0,test
hysets_03202750,hysets,2921,37.62316608,-81.7073342,"CLEAR FORK AT CLEAR FORK, WV",United States of America,326.55542413781257,7060047060,0,0,test
hysets_03205470,hysets,2921,38.59619126,-82.495157,Symmes Creek at Aid OH,United States of America,778.6178626437796,7060047060,0,0,test
hysets_03207800,hysets,2921,37.35371995,-82.1956935,"LEVISA FORK AT BIG ROCK, VA",United States of America,767.7754163837405,7060047060,0,0,test
hysets_03208500,hysets,2921,37.20705367,-82.2956993,"RUSSELL FORK AT HAYSI, VA",United States of America,740.1954187809288,7060047060,0,0,test
hysets_03210000,hysets,2921,37.5670444,-82.45792659,"JOHNS CREEK NEAR META, KY",United States of America,146.22815879885627,7060047060,0,0,test
hysets_03212980,hysets,2921,37.39538968,-81.8026142,"DRY FORK AT BEARTOWN, WV",United States of America,541.7548756617135,7060047060,0,0,test
hysets_03213700,hysets,2921,37.67315699,-82.2801408,"TUG FORK AT WILLIAMSON, WV",United States of America,2424.7605003318927,7060047060,0,0,test
hysets_03214500,hysets,2921,37.83731869,-82.4087578,"TUG FORK AT KERMIT, WV",United States of America,3307.925943528164,7060047060,0,0,test
hysets_03217000,hysets,2921,38.5642453,-82.9521158,"TYGARTS CREEK NEAR GREENUP, KY",United States of America,626.6787773532016,7060047060,0,0,test
hysets_03219500,hysets,2921,40.4195042,-83.1971372,Scioto River near Prospect OH,United States of America,1467.516022446752,7060047060,0,0,test
hysets_03230500,hysets,2921,39.7006176,-83.110187,Big Darby Creek at Darbyville OH,United States of America,1378.5352652339825,7060047060,0,0,test
hysets_03230800,hysets,2921,39.7150611,-83.2571369,Deer Creek at Mount Sterling OH,United States of America,593.046047458673,7060047060,0,0,test
hysets_03232000,hysets,2921,39.3792304,-83.3754706,Paint Creek near Greenfield OH,United States of America,645.328190586,7060047060,0,0,test
hysets_03237500,hysets,2921,38.8036838,-83.4210226,Ohio Brush Creek near West Union OH,United States of America,1000.3756151395676,7060047060,0,0,test
hysets_03240000,hysets,2921,39.74839296,-83.9313196,Little Miami River near Oldtown OH,United States of America,331.8760343137413,7060047060,0,0,test
hysets_03241500,hysets,2921,39.72238889,-83.8823056,Massies Creek at Wilberforce OH,United States of America,170.55184424422214,7060047060,0,0,test
hysets_03244936,hysets,2921,39.2647812,-84.2327142,O'Bannon Creek near Loveland OH,United States of America,139.37640502232546,7060047060,0,0,test
hysets_03246500,hysets,2921,39.05256455,-84.0504885,East Fork Little Miami River at Williamsburg OH,United States of America,613.4288049989794,7060047060,0,0,test
hysets_03251200,hysets,2921,38.5947955,-84.0202056,"NORTH FORK LICKING RIVER NEAR MT OLIVET, KY",United States of America,581.6604579062952,7060047060,0,0,test
hysets_03252300,hysets,2921,38.2474368,-84.05514979,"HINKSTON CREEK NEAR CARLISLE, KY",United States of America,399.0207915187725,7060047060,0,0,test
hysets_03253000,hysets,2921,38.6586817,-84.3518814,"SOUTH FORK LICKING RIVER AT HAYES, KY",United States of America,2383.2626889783355,7060047060,0,0,test
hysets_03261500,hysets,2921,40.2869942,-84.149943,Great Miami River at Sidney OH,United States of America,1401.6742484728074,7060047060,0,0,test
hysets_03267900,hysets,2921,39.9642265,-83.8315962,Mad River at St Paris Pike at Eagle City OH,United States of America,800.4278802789629,7060047060,0,0,test
hysets_03271000,hysets,2921,39.76672525,-84.2366086,Wolf Creek at Dayton OH,United States of America,179.9885605755784,7060047060,0,0,test
hysets_03275000,hysets,2921,39.5794928,-85.158019,"WHITEWATER RIVER NEAR ALPINE, IN",United States of America,1349.8611410252404,7060047060,0,0,test
hysets_03275600,hysets,2921,39.7325477,-84.9596837,"EAST FORK WHITEWATER RIVER AT ABINGTON, IN",United States of America,519.5181303695925,7060047060,0,0,test
hysets_03281100,hysets,2921,37.15203405,-83.7601974,"GOOSE CREEK AT MANCHESTER, KY",United States of America,421.9046941785703,7060047060,0,0,test
hysets_03282500,hysets,2921,37.8123083,-83.4637953,"RED RIVER NEAR HAZEL GREEN, KY",United States of America,170.59092765027006,7060047060,0,0,test
hysets_03288100,hysets,2921,38.2195187,-84.562998,"NORTH ELKHORN CREEK AT GEORGETOWN, KY",United States of America,380.2487189876191,7060047060,0,0,test
hysets_03289500,hysets,2921,38.26868254,-84.8146714,"ELKHORN CREEK NEAR FRANKFORT, KY",United States of America,1220.3920001999363,7060047060,0,0,test
hysets_03291500,hysets,2921,38.70506497,-84.8238366,"EAGLE CREEK AT GLENCOE, KY",United States of America,1132.3168575754385,7060047060,0,0,test
hysets_03294000,hysets,2921,38.3706226,-85.7263521,"SILVER CREEK NEAR SELLERSBURG, IN",United States of America,489.0911006007843,7060047060,0,0,test
hysets_03295400,hysets,2921,38.00201594,-85.0605085,"SALT RIVER AT GLENSBORO, KY",United States of America,445.0368060676913,7060047060,0,0,test
hysets_03295890,hysets,2921,38.0370083,-85.3407867,"BRASHEARS CREEK AT TAYLORSVILLE, KY",United States of America,670.1641006178709,7060047060,0,0,test
hysets_03297900,hysets,2921,38.28534776,-85.4674592,"FLOYDS FORK NEAR PEWEE VALLEY, KY",United States of America,206.9637445624925,7060047060,0,0,test
hysets_03298200,hysets,2921,38.08534216,-85.5549556,"FLOYDS FORK NEAR MT WASHINGTON, KY",United States of America,564.2878694392748,7060047060,0,0,test
hysets_03300400,hysets,2921,37.83283985,-85.2960686,"BEECH FORK AT MAUD, KY",United States of America,1128.0471180052955,7060047060,0,0,test
hysets_03301000,hysets,2921,37.79700569,-85.4807919,"BEECH FORK AT BARDSTOWN, KY",United States of America,1730.4931554186385,7060047060,0,0,test
hysets_03301500,hysets,2921,37.7672853,-85.7038488,"ROLLING FORK NEAR BOSTON, KY",United States of America,3365.732662962452,7060047060,0,0,test
hysets_03302220,hysets,2921,38.12034748,-86.0880244,"BUCK CREEK NEAR NEW MIDDLETOWN, IN",United States of America,169.722439252895,7060047060,0,0,test
hysets_03303000,hysets,2921,38.23756614,-86.2283078,"BLUE RIVER NEAR WHITE CLOUD, IN",United States of America,1230.353115481362,7060047060,0,0,test
hysets_03310300,hysets,2921,37.56200389,-86.0366333,"NOLIN RIVER AT WHITE MILLS, KY",United States of America,934.5942755270364,7060047060,0,0,test
hysets_03310400,hysets,2921,37.35194444,-85.9661111,"BACON CREEK NEAR PRICEVILLE, KY",United States of America,213.74284259468664,7060047060,0,0,test
hysets_03313700,hysets,2921,36.7233738,-86.5522175,"WEST FORK DRAKES CREEK NEAR FRANKLIN, KY",United States of America,285.3497902856089,7060047060,0,0,test
hysets_03314000,hysets,2921,36.89531974,-86.380546,"DRAKES CREEK NEAR ALVATON, KY",United States of America,1218.9342931634203,7060047060,0,0,test
hysets_03320500,hysets,2921,37.1222655,-87.3194431,"POND RIVER NEAR APEX, KY",United States of America,502.3479609108341,7060047060,0,0,test
hysets_03321350,hysets,2921,37.6189392,-86.88749179,"SOUTH FORK PANTHER CREEK NEAR WHITESVILLE, KY",United States of America,151.0198609557595,7060047060,0,0,test
hysets_03328000,hysets,2921,40.99455556,-85.7825833,"EEL RIVER AT NORTH MANCHESTER, IN",United States of America,1083.818100365692,7060047060,0,0,test
hysets_03328500,hysets,2921,40.78198455,-86.2638857,"EEL RIVER NEAR LOGANSPORT, IN",United States of America,2041.3210128297712,7060047060,0,0,test
hysets_03329700,hysets,2921,40.59031489,-86.6213928,"DEER CREEK NEAR DELPHI, IN",United States of America,712.9389560990332,7060047060,0,0,test
hysets_03331500,hysets,2921,41.15726364,-86.5636209,"TIPPECANOE RIVER NEAR ORA, IN",United States of America,2214.1050110551755,7060047060,0,0,test
hysets_03331753,hysets,2921,41.0497632,-86.5991758,"TIPPECANOE RIVER AT WINAMAC, IN",United States of America,2436.4717711410576,7060047060,0,0,test
hysets_03335000,hysets,2921,40.44059108,-86.8291752,"WILDCAT CREEK NEAR LAFAYETTE, IN",United States of America,2055.225890573088,7060047060,0,0,test
hysets_03336645,hysets,2921,40.1369806,-87.74585779,"MIDDLE FORK VERMILION RIVER ABOVE OAKWOOD, IL",United States of America,1118.5893452722232,7060047060,0,0,test
hysets_03336900,hysets,2921,40.14944444,-88.0341667,"SALT FORK NEAR ST. JOSEPH, IL",United States of America,338.96351914275425,7060047060,0,0,test
hysets_03339500,hysets,2921,40.04893127,-86.8994518,"SUGAR CREEK AT CRAWFORDSVILLE, IN",United States of America,1320.3142831845955,7060047060,0,0,test
hysets_03343400,hysets,2921,39.79142137,-88.18559909,"EMBARRAS RIVER NEAR CAMARGO, IL",United States of America,481.8468935971047,7060047060,0,0,test
hysets_03345500,hysets,2921,38.93643266,-88.0225351,"EMBARRAS RIVER AT STE. MARIE, IL",United States of America,3915.5035411336175,7060047060,0,0,test
hysets_03346000,hysets,2921,39.01004218,-87.9455882,"NORTH FORK EMBARRAS RIVER NEAR OBLONG, IL",United States of America,819.8040283614358,7060047060,0,0,test
hysets_03346500,hysets,2921,38.7236111,-87.6644444,"EMBARRAS RIVER AT LAWRENCEVILLE, IL",United States of America,6021.375460684418,7060047060,0,0,test
hysets_03348000,hysets,2921,40.10527778,-85.67138889,"WHITE RIVER AT ANDERSON, IN",United States of America,1050.24479153683,7060047060,0,0,test
hysets_03353800,hysets,2921,39.60876944,-86.3820278,"WHITE LICK CREEK AT MOORESVILLE, IN",United States of America,548.322207400445,7060047060,0,0,test
hysets_03358000,hysets,2921,39.43355556,-86.76338889,"MILL CREEK NEAR CATARACT, IN",United States of America,633.0050684228921,7060047060,0,0,test
hysets_03361500,hysets,2921,39.52865937,-85.7822017,"BIG BLUE RIVER AT SHELBYVILLE, IN",United States of America,1087.8522037406724,7060047060,0,0,test
hysets_03362000,hysets,2921,39.4189396,-86.0049889,"YOUNGS CREEK NEAR EDINBURGH, IN",United States of America,277.4615711151652,7060047060,0,0,test
hysets_03362500,hysets,2921,39.36091667,-85.9980833,"SUGAR CREEK NEAR EDINBURGH, IN",United States of America,1220.6306984329713,7060047060,0,0,test
hysets_03363000,hysets,2921,39.33921768,-85.9863816,"DRIFTWOOD RIVER NEAR EDINBURGH, IN",United States of America,2743.238889578438,7060047060,0,0,test
hysets_03363500,hysets,2921,39.4175493,-85.63414249,"FLATROCK RIVER AT ST. PAUL, IN",United States of America,777.7936073099492,7060047060,0,0,test
hysets_03363900,hysets,2921,39.2350514,-85.9266597,"FLATROCK RIVER AT COLUMBUS, IN",United States of America,1383.1803012214586,7060047060,0,0,test
hysets_03364000,hysets,2921,39.2000516,-85.9255464,"EAST FORK WHITE RIVER AT COLUMBUS, IN",United States of America,4414.428619166559,7060047060,0,0,test
hysets_03364500,hysets,2921,39.2747732,-85.7016469,"CLIFTY CREEK AT HARTSVILLE, IN",United States of America,236.6442697989897,7060047060,0,0,test
hysets_03364650,hysets,2921,39.1853295,-85.8749872,"CLIFTY CREEK NEAR COLUMBUS, IN",United States of America,522.4256676765345,7060047060,0,0,test
hysets_03365500,hysets,2921,38.982553,-85.8991444,"EAST FORK WHITE RIVER AT SEYMOUR, IN",United States of America,6053.5184898589805,7060047060,0,0,test
hysets_03371500,hysets,2921,38.77033029,-86.4097115,"EAST FORK WHITE RIVER NEAR BEDFORD, IN",United States of America,9988.2739711517,7060047060,0,0,test
hysets_03373508,hysets,2921,38.67310707,-86.7449971,"BEAVER CREEK NEAR SHOALS, IN",United States of America,141.73260941360007,7060047060,0,0,test
hysets_03373560,hysets,2921,38.581165,-86.5988804,"LOST RIVER NEAR PROSPECT, IN",United States of America,450.2281271867769,7060047060,0,0,test
hysets_03378000,hysets,2921,38.3864372,-87.9755884,"BONPAS CREEK AT BROWNS, IL",United States of America,590.0051942656858,7060047060,0,0,test
hysets_03379500,hysets,2921,38.63477048,-88.2972663,"LITTLE WABASH RIVER BELOW CLAY CITY, IL",United States of America,2926.0778253390567,7060047060,0,0,test
hysets_03382100,hysets,2921,37.63782725,-88.6778342,"SOUTH FORK SALINE RIVER NR CARRIER MILLS, IL",United States of America,367.2474191745987,7060047060,0,0,test
hysets_03383000,hysets,2921,37.22393577,-87.7813992,"TRADEWATER RIVER AT OLNEY, KY",United States of America,660.2219732050785,7060047060,0,0,test
hysets_03384100,hysets,2921,37.39671307,-87.8450154,"TRADEWATER RIVER NEAR PROVIDENCE, KY",United States of America,1565.4910404335278,7060047060,0,0,test
hysets_03403910,hysets,2921,36.63397105,-84.1115969,"CLEAR FORK AT SAXTON, KY",United States of America,828.8743616623153,7060047060,0,0,test
hysets_03404900,hysets,2921,36.9514765,-84.0935427,"LYNN CAMP CREEK AT CORBIN, KY",United States of America,137.0282572346313,7060047060,0,0,test
hysets_03406500,hysets,2921,37.1711952,-84.296047,"ROCKCASTLE RIVER AT BILLOWS, KY",United States of America,1563.3539385188174,7060047060,0,0,test
hysets_03408500,hysets,2921,36.3855167,-84.5547174,"NEW RIVER AT NEW RIVER, TN",United States of America,990.2138320777516,7060047060,0,0,test
hysets_03409500,hysets,2921,36.38828757,-84.6301881,"CLEAR FORK NEAR ROBBINS, TN",United States of America,703.5434531859903,7060047060,0,0,test
hysets_03413200,hysets,2921,36.79757036,-84.89605849,"BEAVER CREEK NEAR MONTICELLO, KY",United States of America,117.41808944046464,7060047060,0,0,test
hysets_03415000,hysets,2921,36.3973873,-85.1744486,"WEST FORK OBEY RIVER NEAR ALPINE, TN",United States of America,298.9489292378945,7060047060,0,0,test
hysets_03416000,hysets,2921,36.5603447,-85.0730073,"WOLF RIVER NEAR BYRDSTOWN, TN",United States of America,274.09648991449404,7060047060,0,0,test
hysets_03421000,hysets,2921,35.7082839,-85.7318338,"COLLINS RIVER NEAR MCMINNVILLE, TN",United States of America,1664.1407497826804,7060047060,0,0,test
hysets_03424730,hysets,2921,36.08731209,-85.9074506,"SMITH FORK AT TEMPERANCE HALL, TN",United States of America,554.8668077269858,7060047060,0,0,test
hysets_03427500,hysets,2921,35.91839756,-86.3338806,"EAST FORK STONES RIVER NEAR LASCASSAS, TN",United States of America,676.7418834859187,7060047060,0,0,test
hysets_03428200,hysets,2921,35.90284234,-86.4299923,"WEST FORK STONES RIVER AT MURFREESBORO, TN",United States of America,457.50798759529096,7060047060,0,0,test
hysets_03431060,hysets,2921,36.11757476,-86.7190478,"MILL CREEK AT THOMPSON LANE, NEAR WOODBINE, TN",United States of America,241.81876234275555,7060047060,0,0,test
hysets_03432350,hysets,2921,35.9208165,-86.8654982,"HARPETH RIVER AT FRANKLIN, TN",United States of America,492.952201060923,7060047060,0,0,test
hysets_03432400,hysets,2921,35.948166,-86.881743,"HARPETH RIVER BELOW FRANKLIN, TN",United States of America,543.9898959907855,7060047060,0,0,test
hysets_03433500,hysets,2921,36.0545633,-86.9285102,"HARPETH RIVER AT BELLEVUE, TN",United States of America,1056.169122131931,7060047060,0,0,test
hysets_03434500,hysets,2921,36.1220032,-87.09889379,"HARPETH RIVER NEAR KINGSTON SPRINGS, TN",United States of America,1764.219735790997,7060047060,0,0,test
hysets_03436100,hysets,2921,36.5547222,-87.1419444,"RED RIVER AT PORT ROYAL, TN",United States of America,2401.822305317025,7060047060,0,0,test
hysets_03436690,hysets,2921,36.31064906,-87.55394199,"YELLOW CREEK AT ELLIS MILLS, TN",United States of America,265.7761343369476,7060047060,0,0,test
hysets_03439000,hysets,2921,35.1433333,-82.8247222,"FRENCH BROAD RIVER AT ROSMAN, NC",United States of America,176.2563022177398,7060047060,0,0,test
hysets_03443000,hysets,2921,35.29916667,-82.62388889,"FRENCH BROAD RIVER AT BLANTYRE, NC",United States of America,765.16419360106,7060047060,0,0,test
hysets_03447687,hysets,2921,35.4275,-82.5480556,"FRENCH BROAD RIVER NEAR FLETCHER, NC",United States of America,1655.2158980877334,7060047060,0,0,test
hysets_03451000,hysets,2921,35.5683333,-82.5447222,"SWANNANOA RIVER AT BILTMORE, NC",United States of America,337.6274199951868,7060047060,0,0,test
hysets_03451500,hysets,2921,35.60888889,-82.5780556,"FRENCH BROAD RIVER AT ASHEVILLE, NC",United States of America,2446.385735472581,7060047060,0,0,test
hysets_03453000,hysets,2921,35.7697222,-82.6208333,"IVY RIVER NEAR MARSHALL, NC",United States of America,408.4697066664745,7060047060,0,0,test
hysets_03453500,hysets,2921,35.78638889,-82.6608333,"FRENCH BROAD RIVER AT MARSHALL, NC",United States of America,3449.3800752397715,7060047060,0,0,test
hysets_03455000,hysets,2921,35.9816112,-83.1610877,"FRENCH BROAD RIVER NEAR NEWPORT, TN",United States of America,4797.835319046428,7060047060,0,0,test
hysets_03456500,hysets,2921,35.46166667,-82.8697222,"EAST FORK PIGEON RIVER NEAR CANTON, NC",United States of America,133.15745199680768,7060047060,0,0,test
hysets_03465500,hysets,2921,36.1764961,-82.457364,"NOLICHUCKY RIVER AT EMBREEVILLE, TN",United States of America,2083.7757034105284,7060047060,0,0,test
hysets_03466208,hysets,2921,36.2059377,-82.6504274,"BIG LIMESTONE CREEK NEAR LIMESTONE, TN",United States of America,202.7737476046013,7060047060,0,0,test
hysets_03466500,hysets,2921,36.06562706,-82.86644949,"NOLICHUCKY RIVER BELOW NOLICHUCKY DAM, TN",United States of America,3065.917913183094,7060047060,0,0,test
hysets_03467609,hysets,2921,36.12633749,-83.1753042,NOLICHUCKY RIVER NEAR LOWLAND,United States of America,4377.328755286375,7060047060,0,0,test
hysets_03470000,hysets,2921,35.87842286,-83.57766919,"LITTLE PIGEON RIVER AT SEVIERVILLE, TN",United States of America,911.8415581862964,7060047060,0,0,test
hysets_03471500,hysets,2921,36.7603931,-81.63122929,"S F HOLSTON RIVER AT RIVERSIDE, NEAR CHILHOWIE, VA",United States of America,197.73604867575227,7060047060,0,0,test
hysets_03473000,hysets,2921,36.65178127,-81.8440102,"S F HOLSTON RIVER NEAR DAMASCUS, VA",United States of America,784.3661690559566,7060047060,0,0,test
hysets_03474000,hysets,2921,36.80733756,-81.6220617,"M F HOLSTON RIVER AT SEVEN MILE FORD, VA",United States of America,340.5552901098278,7060047060,0,0,test
hysets_03479000,hysets,2921,36.23916667,-81.8222222,"WATAUGA RIVER NEAR SUGAR GROVE, NC",United States of America,235.6673518025673,7060047060,0,0,test
hysets_03488000,hysets,2921,36.89678115,-81.7462293,"N F HOLSTON RIVER NEAR SALTVILLE, VA",United States of America,572.9316217102618,7060047060,0,0,test
hysets_03490000,hysets,2921,36.60871119,-82.567931,"N F HOLSTON RIVER NEAR GATE CITY, VA",United States of America,1739.129453246617,7060047060,0,0,test
hysets_03491000,hysets,2921,36.42620656,-82.9518304,"BIG CREEK NEAR ROGERSVILLE, TN",United States of America,125.10819642710658,7060047060,0,0,test
hysets_03497300,hysets,2921,35.66453328,-83.7112821,"LITTLE RIVER ABOVE TOWNSEND, TN",United States of America,274.52925786262085,7060047060,0,0,test
hysets_03498500,hysets,2921,35.7856206,-83.88460359,"LITTLE RIVER NEAR MARYVILLE, TN",United States of America,697.748593026231,7060047060,0,0,test
hysets_03498850,hysets,2921,35.8088391,-83.926578,"LITTLE RIVER NEAR ALCOA, TN",United States of America,775.213631675959,7060047060,0,0,test
hysets_03500000,hysets,2921,35.15,-83.3797222,"LITTLE TENNESSEE RIVER NEAR PRENTISS, NC",United States of America,361.606317458374,7060047060,0,0,test
hysets_03512000,hysets,2921,35.46138889,-83.3536111,"OCONALUFTEE RIVER AT BIRDTOWN, NC",United States of America,475.9957832979596,7060047060,0,0,test
hysets_03518500,hysets,2921,35.3620163,-84.2790141,"TELLICO RIVER AT TELLICO PLAINS, TN",United States of America,304.3197381419269,7060047060,0,0,test
hysets_03524000,hysets,2921,36.9448295,-82.1548569,"CLINCH RIVER AT CLEVELAND, VA",United States of America,1380.7092357174652,7060047060,0,0,test
hysets_03527000,hysets,2921,36.64870849,-82.7504384,"CLINCH RIVER AT SPEERS FERRY, VA",United States of America,2915.0929011268163,7060047060,0,0,test
hysets_03527220,hysets,2921,36.57280708,-82.938754,"CLINCH RIVER NEAR LOONEYS GAP, TN",United States of America,2988.8058067784737,7060047060,0,0,test
hysets_03528000,hysets,2921,36.425087,-83.3982345,"CLINCH RIVER ABOVE TAZEWELL, TN",United States of America,3817.123864651251,7060047060,0,0,test
hysets_03529500,hysets,2921,36.86898536,-82.7754387,"POWELL RIVER AT BIG STONE GAP, VA",United States of America,290.7828644266113,7060047060,0,0,test
hysets_03531500,hysets,2921,36.66203367,-83.0948928,"POWELL RIVER NEAR JONESVILLE, VA",United States of America,827.5390494694865,7060047060,0,0,test
hysets_03532000,hysets,2921,36.54214606,-83.6303312,"POWELL RIVER NEAR ARTHUR, TN",United States of America,1783.2592665024554,7060047060,0,0,test
hysets_03539600,hysets,2921,35.99766528,-84.8224946,"DADDYS CREEK NEAR HEBBERTSBURG, TN",United States of America,360.07796487612853,7060047060,0,0,test
hysets_03539778,hysets,2921,36.1031293,-84.7182771,"CLEAR CREEK AT LILLY BRIDGE NEAR LANCING, TN",United States of America,443.2843584261152,7060047060,0,0,test
hysets_03540500,hysets,2921,35.9831307,-84.557992,"EMORY RIVER AT OAKDALE, TN",United States of America,1979.6749918741943,7060047060,0,0,test
hysets_03550000,hysets,2921,35.13888889,-83.9805556,"VALLEY RIVER AT TOMOTLA, NC",United States of America,267.82752698526383,7060047060,0,0,test
hysets_03567340,hysets,2921,34.95729786,-85.2055095,"WEST CHICKAMAUGA CR AT GA 146, NEAR LAKEVIEW, GA",United States of America,386.52551359771456,7060047060,0,0,test
hysets_03567500,hysets,2921,35.0141218,-85.2065961,"SOUTH CHICKAMAUGA CREEK NEAR CHICKAMAUGA, TN",United States of America,1107.709776632203,7060047060,0,0,test
hysets_03568933,hysets,2921,34.8975,-85.4630556,"LOOKOUT CREEK NEAR NEW ENGLAND, GA",United States of America,378.816452512919,7060047060,0,0,test
hysets_03571000,hysets,2921,35.20657915,-85.4970983,"SEQUATCHIE RIVER NEAR WHITWELL, TN",United States of America,1002.0639938840526,7060047060,0,0,test
hysets_03574500,hysets,2921,34.6242547,-86.3063737,PAINT ROCK RIVER NEAR WOODVILLE AL,United States of America,828.9080892772789,7060047060,0,0,test
hysets_03575100,hysets,2921,34.7492568,-86.4466551,"FLINT RIVER AT BROWNSBORO, AL.",United States of America,964.7242540195068,7060047060,0,0,test
hysets_03576250,hysets,2921,34.751757,-86.8233348,LIMESTONE CREEK NEAR ATHENS AL,United States of America,314.103955764757,7060047060,0,0,test
hysets_03578000,hysets,2921,35.29679918,-85.8697528,"ELK RIVER NEAR PELHAM, TN",United States of America,168.51306361344865,7060047060,0,0,test
hysets_03588500,hysets,2921,35.02412144,-87.5790326,"SHOAL CREEK AT IRON CITY, TN",United States of America,900.9577109316532,7060047060,0,0,test
hysets_03590000,hysets,2921,34.8078655,-87.7005847,CYPRESS CREEK NEAR FLORENCE AL,United States of America,543.8488398694717,7060047060,0,0,test
hysets_03597590,hysets,2921,35.52729537,-86.340271,"WARTRACE CREEK BELOW COUNTY ROAD AT WARTRACE, TN",United States of America,92.6179841172986,7060047060,0,0,test
hysets_03602500,hysets,2921,35.87126266,-87.5014044,"PINEY RIVER AT VERNON, TN",United States of America,501.3908290580735,7060047060,0,0,test
hysets_03604000,hysets,2921,35.49590598,-87.8328037,"BUFFALO RIVER NEAR FLAT WOODS, TN",United States of America,1161.629435672644,7060047060,0,0,test
hysets_03604400,hysets,2921,35.81180967,-87.7787545,"BUFFALO RIVER BELOW LOBELVILLE, TN",United States of America,1822.661883082333,7060047060,0,0,test
hysets_03606500,hysets,2921,36.0369824,-88.2291202,"BIG SANDY RIVER AT BRUCETON, TN",United States of America,532.274374126723,7060047060,0,0,test
hysets_03610000,hysets,2921,36.5928333,-88.3000386,"CLARKS RIVER AT MURRAY, KY",United States of America,232.0861463920992,7060047060,0,0,test
hysets_03NE011,hysets,2921,56.30506,-62.09256,REID BROOK BELOW TRIBUTARY,Canada,157.47182586593837,7060030520,3,3,train
hysets_03NF001,hysets,2921,55.23414,-61.30169,UGJOKTOK RIVER BELOW HARP LAKE,Canada,7528.582999012081,7060030870,2,2,train
hysets_03OA005,hysets,2921,53.15167,-66.78544,WABUSH LAKE AT LAKE OUTLET,Canada,1590.925900175834,7060031710,4,4,train
hysets_03OA015,hysets,2921,52.96336,-66.83672,FLORA CREEK BELOW TRANS LABRADOR HIGHWAY,Canada,137.84073547794048,7060031710,4,4,train
hysets_03OE011,hysets,2921,53.14739,-61.55856,PINUS RIVER,Canada,779.8611857232546,7060031710,4,4,train
hysets_03QC001,hysets,2921,53.53428,-57.49386,EAGLE RIVER ABOVE FALLS,Canada,10921.16072954979,7060032050,1,1,val
hysets_03QC002,hysets,2921,52.64861,-56.87122,ALEXIS RIVER NEAR PORT HOPE SIMPSON,Canada,2296.4305503105,7060032080,0,0,test
hysets_04024430,hysets,2921,46.6333333,-92.0938889,"NEMADJI RIVER NEAR SOUTH SUPERIOR, WI",United States of America,1088.412764266531,7060034520,4,4,train
hysets_04027000,hysets,2921,46.4866144,-90.696297,"BAD RIVER NEAR ODANAH, WI",United States of America,1541.1974822839031,7060034520,4,4,train
hysets_04031000,hysets,2921,46.5113361,-90.0746179,"BLACK RIVER NEAR BESSEMER, MI",United States of America,514.8143893115473,7060034520,4,4,train
hysets_04045500,hysets,2921,46.57501478,-85.2695548,"TAHQUAMENON RIVER NEAR PARADISE, MI",United States of America,1972.8315466654328,7060034520,4,4,train
hysets_04056500,hysets,2921,46.03052857,-86.161249,"MANISTIQUE RIVER NEAR MANISTIQUE, MI",United States of America,2937.662664697518,7060034520,4,4,train
hysets_04060500,hysets,2921,46.05856639,-88.627354,"IRON RIVER AT CASPIAN, MI",United States of America,235.67635931218447,7060034520,4,4,train
hysets_04060993,hysets,2921,45.96078737,-88.3159663,"BRULE RIVER AT US HIGHWAY 2 NEAR FLORENCE, WI",United States of America,973.2427449126772,7060034520,4,4,train
hysets_04067958,hysets,2921,45.38774406,-88.3051099,"PESHTIGO RIVER NEAR WABENO, WI",United States of America,1195.581950815678,7060034520,4,4,train
hysets_04069416,hysets,2921,45.1433333,-87.8005556,"PESHTIGO RIVER AT PORTERFIELD, WI",United States of America,2691.5851157816896,7060034520,4,4,train
hysets_04071000,hysets,2921,44.865,-88.3,"OCONTO RIVER NEAR GILLETT, WI",United States of America,1803.821539426103,7060034520,4,4,train
hysets_04073365,hysets,2921,43.8511111,-89.1333333,"FOX RIVER AT PRINCETON, WI",United States of America,2514.8207543335984,7060034520,4,4,train
hysets_04074950,hysets,2921,45.18997026,-88.7334398,"WOLF RIVER AT LANGLADE, WI",United States of America,1202.8647631433737,7060034520,4,4,train
hysets_04079000,hysets,2921,44.3922026,-88.7403812,"WOLF RIVER AT NEW LONDON, WI",United States of America,5798.521074089214,7060034520,4,4,train
hysets_04082400,hysets,2921,44.013595,-88.5409472,"FOX RIVER AT OSHKOSH, WI",United States of America,13737.509754052757,7060034520,4,4,train
hysets_040851385,hysets,2921,44.5286111,-88.01,"FOX RIVER AT OIL TANK DEPOT AT GREEN BAY, WI",United States of America,16414.39773445816,7060034520,4,4,train
hysets_04085427,hysets,2921,44.1072222,-87.7152778,"MANITOWOC RIVER AT MANITOWOC, WI",United States of America,1341.9700445505168,7060034520,4,4,train
hysets_04086500,hysets,2921,43.32305556,-87.9786111,"CEDAR CREEK NEAR CEDARBURG, WI",United States of America,306.0064156973352,7060034520,4,4,train
hysets_04086600,hysets,2921,43.28027778,-87.9425,"MILWAUKEE RIVER NEAR CEDARBURG, WI",United States of America,1556.2129050124277,7060034520,4,4,train
hysets_04087170,hysets,2921,43.02444444,-87.8983333,"MILWAUKEE RIVER AT MOUTH AT MILWAUKEE, WI",United States of America,2246.1346313335016,7060034520,4,4,train
hysets_04093000,hysets,2921,41.53614807,-87.25697989,"DEEP RIVER AT LAKE GEORGE OUTLET AT HOBART, IN",United States of America,320.3222903739964,7060034520,4,4,train
hysets_04096515,hysets,2921,41.94865859,-84.8277403,"SOUTH BRANCH HOG CREEK NEAR ALLEN, MI",United States of America,126.24039357411698,7060034520,4,4,train
hysets_04097500,hysets,2921,41.94032575,-85.6327707,"ST. JOSEPH RIVER AT THREE RIVERS, MI",United States of America,3447.987158780052,7060034520,4,4,train
hysets_04099750,hysets,2921,41.7489396,-85.5763747,"PIGEON RIVER NEAR SCOTT, IN",United States of America,930.7174071197936,7060034520,4,4,train
hysets_04100500,hysets,2921,41.5933827,-85.8486057,"ELKHART RIVER AT GOSHEN, IN",United States of America,1524.2872350226558,7060034520,4,4,train
hysets_04101500,hysets,2921,41.8292138,-86.2597325,"ST. JOSEPH RIVER AT NILES, MI",United States of America,9608.897455594675,7060034520,4,4,train
hysets_04102500,hysets,2921,42.18642675,-86.3689124,"PAW PAW RIVER AT RIVERSIDE, MI",United States of America,989.0628278197964,7060034520,4,4,train
hysets_04108660,hysets,2921,42.65085976,-86.106703,"KALAMAZOO RIVER AT NEW RICHMOND, MI",United States of America,5087.667888923251,7060034520,4,4,train
hysets_04111379,hysets,2921,42.6830899,-84.2191329,"RED CEDAR RIVER NEAR WILLIAMSTON, MI",United States of America,425.7419484835294,7060034520,4,4,train
hysets_04112500,hysets,2921,42.7272571,-84.4780317,"RED CEDAR RIVER AT EAST LANSING, MI",United States of America,887.2142206623008,7060034520,4,4,train
hysets_04114000,hysets,2921,42.85642289,-84.9122182,"GRAND RIVER AT PORTLAND, MI",United States of America,3642.075370390646,7060034520,4,4,train
hysets_04116000,hysets,2921,42.971977,-85.0691725,"GRAND RIVER AT IONIA, MI",United States of America,7434.446477545439,7060034520,4,4,train
hysets_04119000,hysets,2921,42.96447088,-85.6764199,"GRAND RIVER AT GRAND RAPIDS, MI",United States of America,12718.3811311362,7060034520,4,4,train
hysets_04121300,hysets,2921,44.2005692,-85.0528147,"CLAM RIVER AT VOGEL CENTER, MI",United States of America,558.7351044855667,7060034520,4,4,train
hysets_04121500,hysets,2921,43.8991863,-85.2553192,"MUSKEGON RIVER AT EVART, MI",United States of America,3706.523011793591,7060034520,4,4,train
hysets_04122500,hysets,2921,43.9450063,-86.2786896,"PERE MARQUETTE RIVER AT SCOTTVILLE, MI",United States of America,1765.6529506271074,7060034520,4,4,train
hysets_04124500,hysets,2921,44.102511,-85.5172766,"EAST BRANCH PINE RIVER NEAR TUSTIN, MI",United States of America,147.499481567425,7060034520,4,4,train
hysets_04125460,hysets,2921,44.19334009,-85.7697863,"PINE RIVER AT HIGH SCHOOL BRIDGE NR HOXEYVILLE, MI",United States of America,635.2940234794205,7060034520,4,4,train
hysets_04126740,hysets,2921,44.6680551,-86.0348123,"PLATTE RIVER AT HONOR, MI",United States of America,324.5499384816067,7060034520,4,4,train
hysets_04127800,hysets,2921,45.10250676,-85.0981122,"JORDAN RIVER NEAR EAST JORDAN, MI",United States of America,172.3196727849493,7060034520,4,4,train
hysets_04127997,hysets,2921,45.27445746,-84.6000315,"STURGEON RIVER AT WOLVERINE, MI",United States of America,485.54538538993694,7060034520,4,4,train
hysets_04135700,hysets,2921,44.61473849,-84.455575,"SOUTH BRANCH AU SABLE RIVER NEAR LUZERNE, MI",United States of America,1009.2555507558708,7060034520,4,4,train
hysets_04136000,hysets,2921,44.6769593,-84.2925146,"AU SABLE RIVER NEAR RED OAK, MI",United States of America,2875.2703205171347,7060034520,4,4,train
hysets_04142000,hysets,2921,44.0725203,-84.0199939,"RIFLE RIVER NEAR STERLING, MI",United States of America,863.015366383376,7060034520,4,4,train
hysets_04146063,hysets,2921,43.1594706,-83.3507814,"SOUTH BRANCH FLINT RIVER NEAR COLUMBIAVILLE,MI",United States of America,559.4658216275142,7060034520,4,4,train
hysets_04148140,hysets,2921,43.0336381,-83.5813417,"KEARSLEY CREEK NEAR DAVISON, MI",United States of America,246.55863634358755,7060034520,4,4,train
hysets_04148500,hysets,2921,43.03891625,-83.771626,"FLINT RIVER NEAR FLINT, MI",United States of America,2520.384102126332,7060034520,4,4,train
hysets_04151500,hysets,2921,43.3278021,-83.7480196,"CASS RIVER AT FRANKENMUTH, MI",United States of America,2160.407703572323,7060034520,4,4,train
hysets_04152238,hysets,2921,43.8669691,-84.545289,"SOUTH BRANCH TOBACCO RIVER NEAR BEAVERTON, MI",United States of America,394.2228666241729,7060034520,4,4,train
hysets_04154000,hysets,2921,43.62614048,-84.70778969,"CHIPPEWA RIVER NEAR MOUNT PLEASANT, MI",United States of America,1035.849820714566,7060034520,4,4,train
hysets_04156000,hysets,2921,43.59530477,-84.2355439,"TITTABAWASSEE RIVER AT MIDLAND, MI",United States of America,6117.539118863253,7060034520,4,4,train
hysets_04159492,hysets,2921,43.15252665,-82.6240918,"BLACK RIVER NEAR JEDDO, MI",United States of America,1190.897121235487,7060034520,4,4,train
hysets_04159900,hysets,2921,43.0544713,-82.734649,"MILL CREEK NEAR AVOCA, MI",United States of America,438.16024242117936,7060034520,4,4,train
hysets_04164500,hysets,2921,42.62920008,-82.8888104,"NORTH BRANCH CLINTON RIVER NEAR MT. CLEMENS, MI",United States of America,511.0233984014872,7060034520,4,4,train
hysets_04176500,hysets,2921,41.9606008,-83.53104619,"RIVER RAISIN NEAR MONROE, MI",United States of America,2682.559967511376,7060034520,4,4,train
hysets_04178000,hysets,2921,41.3853283,-84.8016259,"ST. JOSEPH RIVER NEAR NEWVILLE, IN",United States of America,1485.5397513442156,7060034520,4,4,train
hysets_04183500,hysets,2921,41.19893889,-84.7444033,Maumee River at Antwerp OH,United States of America,5365.062188175793,7060034520,4,4,train
hysets_04185000,hysets,2921,41.50449567,-84.4296719,Tiffin River at Stryker OH,United States of America,1062.4758168862927,7060034520,4,4,train
hysets_04188100,hysets,2921,40.9903287,-84.2266132,Ottawa River near Kalida OH,United States of America,910.4002464420812,7060034520,4,4,train
hysets_04188337,hysets,2921,40.9244986,-83.5571508,Blanchard River below Mt. Blanchard OH,United States of America,368.5659095719248,7060034520,4,4,train
hysets_04190000,hysets,2921,41.0414393,-84.2268905,Blanchard River near Dupont OH,United States of America,1999.5389002277248,7060034520,4,4,train
hysets_04192500,hysets,2921,41.2919928,-84.2810573,Maumee River near Defiance OH,United States of America,14228.149340303844,7060034520,4,4,train
hysets_04193500,hysets,2921,41.5000526,-83.7127145,Maumee River at Waterville OH,United States of America,16252.877275229164,7060034520,4,4,train
hysets_04195500,hysets,2921,41.449496,-83.3613156,Portage River at Woodville OH,United States of America,1078.3612437526845,7060034520,4,4,train
hysets_04196500,hysets,2921,40.85061194,-83.2563084,Sandusky River near Upper Sandusky OH,United States of America,765.3958740479341,7060034520,4,4,train
hysets_04196800,hysets,2921,40.9228332,-83.3488116,Tymochtee Creek at Crawford OH,United States of America,607.1986582513874,7060034520,4,4,train
hysets_04198000,hysets,2921,41.3078307,-83.1588088,Sandusky River near Fremont OH,United States of America,3238.7147116678366,7060034520,4,4,train
hysets_04199500,hysets,2921,41.38199,-82.3168273,Vermilion River near Vermilion OH,United States of America,686.0734525508162,7060034520,4,4,train
hysets_04201500,hysets,2921,41.4067149,-81.8870822,Rocky River near Berea OH,United States of America,689.6273749256137,7060034520,4,4,train
hysets_04212100,hysets,2921,41.7189339,-81.2278789,Grand River near Painesville OH,United States of America,1782.0383020471486,7060034520,4,4,train
hysets_04213500,hysets,2921,42.4633333,-78.9341667,CATTARAUGUS CREEK AT GOWANDA NY,United States of America,1132.4970996191812,7060034520,4,4,train
hysets_04214500,hysets,2921,42.8547222,-78.755,BUFFALO CREEK AT GARDENVILLE NY,United States of America,367.2007305263512,7060034520,4,4,train
hysets_04215000,hysets,2921,42.89,-78.645,CAYUGA CREEK NEAR LANCASTER NY,United States of America,247.00073479594235,7060034520,4,4,train
hysets_04215500,hysets,2921,42.8297222,-78.775,CAZENOVIA CREEK AT EBENEZER NY,United States of America,350.3073494913618,7060034520,4,4,train
hysets_04217000,hysets,2921,42.9975,-78.1886111,TONAWANDA CREEK AT BATAVIA NY,United States of America,442.6206907292847,7060034520,4,4,train
hysets_04223000,hysets,2921,42.57027778,-78.0422222,GENESEE RIVER AT PORTAGEVILLE NY,United States of America,2542.92120689018,7060034520,4,4,train
hysets_04227000,hysets,2921,42.73694444,-77.8405556,CANASERAGA CREEK AT SHAKERS CROSSING NY,United States of America,874.7135760701783,7060034520,4,4,train
hysets_04230500,hysets,2921,43.01,-77.79138889,OATKA CREEK AT GARBUTT NY,United States of America,526.5504311245621,7060034520,4,4,train
hysets_04233255,hysets,2921,42.4272222,-76.5216667,CAYUGA INLET AT ITHACA NY,United States of America,222.47808518356936,7060034520,4,4,train
hysets_04234000,hysets,2921,42.4533333,-76.47277778,FALL CREEK NEAR ITHACA NY,United States of America,326.52890243065417,7060034520,4,4,train
hysets_04235250,hysets,2921,42.95777778,-77.0680556,FLINT CREEK AT PHELPS NY,United States of America,266.3168734647292,7060034520,4,4,train
hysets_04235299,hysets,2921,42.7115833,-76.434,OWASCO INLET BELOW AURORA STREET AT MORAVIA NY,United States of America,271.34212654177287,7060034520,4,4,train
hysets_04242500,hysets,2921,43.3011111,-75.6214722,EAST BRANCH FISH CREEK AT TABERG NY,United States of America,480.895865281912,7060034520,4,4,train
hysets_04250750,hysets,2921,43.8133333,-76.0747222,SANDY CREEK NEAR ADAMS NY,United States of America,324.8417856592885,7060034520,4,4,train
hysets_04262500,hysets,2921,44.18555556,-75.3308333,WEST BRANCH OSWEGATCHIE RIVER NEAR HARRISVILLE NY,United States of America,668.0898053292245,7060034520,4,4,train
hysets_04265432,hysets,2921,44.84666667,-75.0780556,GRASS RIVER AT CHASE MILLS NY,United States of America,1555.21761704794,7060034520,4,4,train
hysets_04268800,hysets,2921,44.5986111,-74.7372222,WEST BRANCH ST. REGIS RIVER NEAR PARISHVILLE NY,United States of America,443.1835592567727,7060034520,4,4,train
hysets_04269000,hysets,2921,44.8636111,-74.77888889,ST. REGIS RIVER AT BRASHER CENTER NY,United States of America,1591.4611319510495,7060034520,4,4,train
hysets_04270200,hysets,2921,44.94,-74.5569444,LITTLE SALMON RIVER AT BOMBAY NY,United States of America,235.34657806266063,7060034520,4,4,train
hysets_04275500,hysets,2921,44.45138889,-73.6425,AUSABLE RIVER NEAR AU SABLE FORKS NY,United States of America,1149.2003616600514,7060034520,4,4,train
hysets_04276500,hysets,2921,44.3583333,-73.3944444,BOUQUET RIVER AT WILLSBORO NY,United States of America,693.1386756231218,7060034520,4,4,train
hysets_04282525,hysets,2921,44.0617249,-73.17067429,"NEW HAVEN RIVER @ BROOKSVILLE, NR MIDDLEBURY, VT",United States of America,300.337408229182,7060034520,4,4,train
hysets_04288000,hysets,2921,44.2772802,-72.7426163,"MAD RIVER NEAR MORETOWN, VT",United States of America,362.92214012127,7060034520,4,4,train
hysets_04292000,hysets,2921,44.6228287,-72.6762308,"LAMOILLE RIVER AT JOHNSON, VT",United States of America,813.8512162842993,7060034520,4,4,train
hysets_04292500,hysets,2921,44.67921477,-73.0726365,"LAMOILLE RIVER AT EAST GEORGIA, VT",United States of America,1784.5713307700578,7060034520,4,4,train
hysets_04293500,hysets,2921,44.96004599,-72.696521,"MISSISQUOI RIVER NEAR EAST BERKSHIRE, VT",United States of America,1234.321411026296,7060034520,4,4,train
hysets_04296000,hysets,2921,44.8689363,-72.2701041,"BLACK RIVER AT COVENTRY, VT",United States of America,301.7343312904548,7060034520,4,4,train
hysets_04FA002,hysets,2921,51.64831,-89.88692,KAWINOGANS RIVER NEAR PICKLE CROW,Canada,1388.6898810140592,7060024030,1,1,val
hysets_04GB005,hysets,2921,49.61131,-90.58081,BRIGHTSAND RIVER AT MOBERLEY,Canada,1134.1899544471012,7060024290,2,2,train
hysets_04JC002,hysets,2921,49.77289,-84.53694,NAGAGAMI RIVER AT HIGHWAY NO. 11,Canada,2171.2940467793264,7060024290,2,2,train
hysets_04JD005,hysets,2921,49.76419,-85.22619,PAGWACHUAN RIVER AT HIGHWAY NO. 11,Canada,2111.4404638284827,7060024290,2,2,train
hysets_04JF001,hysets,2921,50.66119,-86.53625,LITTLE CURRENT RIVER AT PERCY LAKE,Canada,5285.893942899316,7060024290,2,2,train
hysets_04LB002,hysets,2921,48.62664,-81.63033,KAMISKOTIA RIVER ABOVE ENID CREEK,Canada,923.5949683620012,7060024580,1,1,val
hysets_04LE002,hysets,2921,47.93817,-83.06069,NEMEGOSENDA RIVER NEAR CHAPLEAU,Canada,407.637077845546,7060024580,1,1,val
hysets_04LJ001,hysets,2921,49.61392,-83.26667,MISSINAIBI RIVER AT MATTICE,Canada,8547.688505990902,7060024580,1,1,val
hysets_04LK001,hysets,2921,49.68281,-83.6568,MATTAWISHKWIA RIVER AT HEARST,Canada,1166.0863178877978,7060024580,1,1,val
hysets_05017500,hysets,2921,48.83303718,-113.4206533,St. Mary River near Babb MT,United States of America,708.4773668386123,7060022240,3,3,train
hysets_05050000,hysets,2921,45.86246018,-96.573958,"BOIS DE SIOUX RIVER NEAR WHITE ROCK, SD",United States of America,3119.562979069346,7060022240,3,3,train
hysets_05051300,hysets,2921,46.1521813,-96.5792389,"BOIS DE SIOUX RIVER NEAR DORAN, MN",United States of America,4826.373380343052,7060022240,3,3,train
hysets_05054500,hysets,2921,47.7027775,-99.9490145,"SHEYENNE RIVER ABOVE HARVEY, ND",United States of America,1167.198971222717,7060022240,3,3,train
hysets_05055300,hysets,2921,47.90777778,-99.4155556,"SHEYENNE R AB DEVILS LK STATE OUTLET NR FLORA, ND",United States of America,3942.6038350663393,7060022240,3,3,train
hysets_05056000,hysets,2921,47.8055534,-98.7162172,"SHEYENNE RIVER NR WARWICK, ND",United States of America,5067.008299115747,7060022240,3,3,train
hysets_05057200,hysets,2921,47.2291562,-98.1248189,"BALDHILL CREEK NR DAZEY, ND",United States of America,1892.001172447706,7060022240,3,3,train
hysets_05059700,hysets,2921,46.6216388,-97.5739851,"MAPLE RIVER NR ENDERLIN, ND",United States of America,2175.4848673289293,7060022240,3,3,train
hysets_05060500,hysets,2921,47.0166413,-97.214254,"RUSH RIVER AT AMENIA, ND",United States of America,261.5216997119734,7060022240,3,3,train
hysets_05061000,hysets,2921,46.84995979,-96.3295093,"BUFFALO RIVER NEAR HAWLEY, MN",United States of America,922.2297184479906,7060022240,3,3,train
hysets_05062000,hysets,2921,46.9610736,-96.661465,"BUFFALO RIVER NEAR DILWORTH, MN",United States of America,2632.7861945004606,7060022240,3,3,train
hysets_05062500,hysets,2921,47.26555556,-96.2475,"WILD RICE RIVER AT TWIN VALLEY, MN",United States of America,2398.9951880315903,7060022240,3,3,train
hysets_05066500,hysets,2921,47.40942385,-97.0611974,"GOOSE RIVER AT HILLSBORO, ND",United States of America,3183.4190997974106,7060022240,3,3,train
hysets_05076000,hysets,2921,48.1855249,-96.1700335,"THIEF RIVER NEAR THIEF RIVER FALLS, MN",United States of America,2482.880217201996,7060022240,3,3,train
hysets_05078000,hysets,2921,47.9232974,-96.0464226,"CLEARWATER RIVER AT PLUMMER, MN",United States of America,1486.7777950042553,7060022240,3,3,train
hysets_05078500,hysets,2921,47.8874678,-96.2739364,"CLEARWATER RIVER AT RED LAKE FALLS, MN",United States of America,3545.858574072966,7060022240,3,3,train
hysets_05079000,hysets,2921,47.77552716,-96.6095101,"RED LAKE RIVER AT CROOKSTON, MN",United States of America,13508.490041142632,7060022240,3,3,train
hysets_05080000,hysets,2921,47.8002519,-96.8089627,"RED LAKE RIVER AT FISHER, MN",United States of America,14275.320306442576,7060022240,3,3,train
hysets_05129115,hysets,2921,48.2646282,-92.5659935,"VERMILION RIVER NR CRANE LAKE, MN",United States of America,2350.2868195683222,7060022240,3,3,train
hysets_05131500,hysets,2921,48.39577636,-93.5493266,"LITTLE FORK RIVER AT LITTLEFORK, MN",United States of America,4383.310229508234,7060022240,3,3,train
hysets_05132000,hysets,2921,48.1957849,-93.8071245,"BIG FORK RIVER AT BIG FALLS, MN",United States of America,3884.145804208919,7060022240,3,3,train
hysets_05212700,hysets,2921,47.3888277,-93.380757,"PRAIRIE RIVER NEAR TACONITE, MN",United States of America,959.5274148891564,7060047060,0,0,test
hysets_05244000,hysets,2921,46.64023789,-94.8791839,"CROW WING RIVER AT NIMROD, MN",United States of America,2750.0189739097173,7060047060,0,0,test
hysets_05270500,hysets,2921,45.55968715,-94.2336033,"SAUK RIVER NEAR ST. CLOUD, MN",United States of America,2343.0634236593555,7060047060,0,0,test
hysets_05280000,hysets,2921,45.0866297,-93.734132,"CROW RIVER AT ROCKFORD, MN",United States of America,6782.674886553918,7060047060,0,0,test
hysets_05288580,hysets,2921,45.0933333,-93.195,"RICE CREEK BLW OLD HWY. 8 IN MOUNDS VIEW, MN",United States of America,392.055269006862,7060047060,0,0,test
hysets_05291000,hysets,2921,45.2916316,-96.487557,"WHETSTONE RIVER NEAR BIG STONE CITY, SD",United States of America,1043.494973084972,7060047060,0,0,test
hysets_05293000,hysets,2921,45.2269094,-96.353665,"YELLOW BANK RIVER NEAR ODESSA, MN",United States of America,1189.28648680942,7060047060,0,0,test
hysets_05294000,hysets,2921,45.2027393,-96.0225455,"POMME DE TERRE RIVER AT APPLETON, MN",United States of America,2231.521248669094,7060047060,0,0,test
hysets_05300000,hysets,2921,44.99523647,-95.9197542,"LAC QUI PARLE RIVER NEAR LAC QUI PARLE, MN",United States of America,2443.5707424831708,7060047060,0,0,test
hysets_05304500,hysets,2921,45.108292,-95.7989224,"CHIPPEWA RIVER NEAR MILAN, MN",United States of America,4905.035350024056,7060047060,0,0,test
hysets_05313500,hysets,2921,44.71516667,-95.5441111,"YELLOW MEDICINE RIVER NEAR GRANITE FALLS, MN",United States of America,1714.3409911148085,7060047060,0,0,test
hysets_05316500,hysets,2921,44.5235701,-95.1724992,"REDWOOD RIVER NEAR REDWOOD FALLS, MN",United States of America,1612.943260379678,7060047060,0,0,test
hysets_05317000,hysets,2921,44.29135177,-94.4402495,"COTTONWOOD RIVER NEAR NEW ULM, MN",United States of America,3374.9775895209486,7060047060,0,0,test
hysets_05319500,hysets,2921,44.04635215,-94.1955144,"WATONWAN RIVER NEAR GARDEN CITY, MN",United States of America,2191.929156254548,7060047060,0,0,test
hysets_05320500,hysets,2921,44.10968777,-94.0419002,"LE SUEUR RIVER NEAR RAPIDAN, MN",United States of America,2854.545729321745,7060047060,0,0,test
hysets_05325000,hysets,2921,44.1688553,-94.0032886,"MINNESOTA RIVER AT MANKATO, MN",United States of America,38609.61886449907,7060047060,0,0,test
hysets_05330000,hysets,2921,44.69301845,-93.641902,"MINNESOTA RIVER NEAR JORDAN, MN",United States of America,42024.55309832732,7060047060,0,0,test
hysets_05331833,hysets,2921,46.1713409,-91.32935,"NAMEKAGON RIVER AT LEONARDS, WI",United States of America,320.01983646223584,7060047060,0,0,test
hysets_05333500,hysets,2921,46.0761111,-92.2466667,"ST. CROIX RIVER NEAR DANBURY, WI",United States of America,3965.005811456911,7060047060,0,0,test
hysets_05336700,hysets,2921,46.1055048,-92.8640899,"KETTLE RIVER BELOW SANDSTONE, MN",United States of America,2228.6005765488494,7060047060,0,0,test
hysets_05338500,hysets,2921,45.84162199,-92.9335412,"SNAKE RIVER NEAR PINE CITY, MN",United States of America,2364.844692283716,7060047060,0,0,test
hysets_05341752,hysets,2921,45.01166667,-92.7083333,"WILLOW RIVER @ WILLOW R STATE PARK NR BURKHARDT,WI",United States of America,752.4390066301174,7060047060,0,0,test
hysets_05342000,hysets,2921,44.8308333,-92.7330556,"KINNICKINNIC RIVER NEAR RIVER FALLS, WI",United States of America,420.4219288915797,7060047060,0,0,test
hysets_05344500,hysets,2921,44.74580095,-92.8002026,"MISSISSIPPI RIVER AT PRESCOTT, WI",United States of America,115770.82062106776,7060047060,0,0,test
hysets_05353800,hysets,2921,44.2580192,-93.2310473,"STRAIGHT RIVER NEAR FARIBAULT, MN",United States of America,1142.5607046661205,7060047060,0,0,test
hysets_05355200,hysets,2921,44.5638559,-92.7321429,"CANNON RIVER AT WELCH, MN",United States of America,3482.78230556989,7060047060,0,0,test
hysets_05362000,hysets,2921,45.30802638,-90.956525,"JUMP RIVER AT SHELDON, WI",United States of America,1488.3474729716856,7060047060,0,0,test
hysets_05367500,hysets,2921,45.05305556,-91.7119444,"RED CEDAR RIVER NEAR COLFAX, WI",United States of America,2833.0026123828534,7060047060,0,0,test
hysets_05372995,hysets,2921,44.061631,-92.4662889,"SOUTH FORK ZUMBRO RIVER AT ROCHESTER, MN",United States of America,777.5212338675456,7060047060,0,0,test
hysets_05378500,hysets,2921,44.0555186,-91.6376487,"MISSISSIPPI RIVER AT WINONA, MN",United States of America,154101.06685709595,7060047060,0,0,test
hysets_05379500,hysets,2921,44.13175,-91.5530278,"TREMPEALEAU RIVER AT DODGE, WI",United States of America,1663.244627668093,7060047060,0,0,test
hysets_05381000,hysets,2921,44.5597222,-90.615,"BLACK RIVER AT NEILLSVILLE, WI",United States of America,1947.2276856881847,7060047060,0,0,test
hysets_05382267,hysets,2921,44.00027778,-90.7244444,"LA CROSSE RIVER @ CNTY TRUNK HIGHWY BB NR TOMAH,WI",United States of America,167.81971335429571,7060047060,0,0,test
hysets_05382325,hysets,2921,43.9375,-90.8105556,"LA CROSSE RIVER AT SPARTA, WI",United States of America,434.0377707369089,7060047060,0,0,test
hysets_05383075,hysets,2921,43.86079886,-91.2104156,"LA CROSSE RIVER NEAR LA CROSSE, WI",United States of America,1212.667044911258,7060047060,0,0,test
hysets_05383950,hysets,2921,43.7846858,-92.0301573,"ROOT RIVER NEAR PILOT MOUND, MN",United States of America,1462.5734448028034,7060047060,0,0,test
hysets_05385000,hysets,2921,43.76857719,-91.5698654,"ROOT RIVER NEAR HOUSTON, MN",United States of America,3229.5538317595992,7060047060,0,0,test
hysets_05385500,hysets,2921,43.73857768,-91.5640317,"SOUTH FORK ROOT RIVER NEAR HOUSTON, MN",United States of America,710.2347538201212,7060047060,0,0,test
hysets_05387440,hysets,2921,43.40691316,-91.8990464,"Upper Iowa River at Bluffton, IA",United States of America,948.5953318145328,7060047060,0,0,test
hysets_05387500,hysets,2921,43.3048888,-91.7955429,"Upper Iowa River at Decorah, IA",United States of America,1320.8950112727443,7060047060,0,0,test
hysets_05389000,hysets,2921,43.11192665,-91.2651317,"Yellow River near Ion, IA",United States of America,564.9742483530013,7060047060,0,0,test
hysets_05397500,hysets,2921,44.91888889,-89.5519444,"EAU CLAIRE RIVER AT KELLY, WI",United States of America,965.1865458304758,7060047060,0,0,test
hysets_05399500,hysets,2921,44.8219098,-90.0795754,"BIG EAU PLEINE RIVER AT STRATFORD, WI",United States of America,575.5756896451911,7060047060,0,0,test
hysets_05405000,hysets,2921,43.48166667,-89.6363889,"BARABOO RIVER NEAR BARABOO, WI",United States of America,1574.228703211326,7060047060,0,0,test
hysets_05408000,hysets,2921,43.57414037,-90.6431861,"KICKAPOO RIVER AT LA FARGE, WI",United States of America,688.1169521373292,7060047060,0,0,test
hysets_05411600,hysets,2921,43.20727778,-91.9503333,"Turkey River at Spillville, IA",United States of America,457.1336773183319,7060047060,0,0,test
hysets_05411850,hysets,2921,43.0541879,-91.8090983,"Turkey River near Eldorado, IA",United States of America,1660.7302595496374,7060047060,0,0,test
hysets_05412400,hysets,2921,42.7538753,-91.3690252,"Volga River at Littleport, IA",United States of America,940.777209538664,7060047060,0,0,test
hysets_05412500,hysets,2921,42.7399884,-91.261799,"Turkey River at Garber, IA",United States of America,4019.019123444493,7060047060,0,0,test
hysets_05413500,hysets,2921,42.72027778,-90.8191667,"GRANT RIVER AT BURTON, WI",United States of America,696.3131207344962,7060047060,0,0,test
hysets_05414000,hysets,2921,42.7311111,-90.6402778,"PLATTE RIVER NEAR ROCKVILLE, WI",United States of America,367.8457493706093,7060047060,0,0,test
hysets_05416900,hysets,2921,42.4699878,-91.4487147,"Maquoketa River at Manchester, IA",United States of America,721.7649808984322,7060047060,0,0,test
hysets_05418400,hysets,2921,42.1643333,-90.7293333,"North Fork Maquoketa River near Fulton, IA",United States of America,1299.0767029776844,7060047060,0,0,test
hysets_05418500,hysets,2921,42.08335324,-90.6329124,"Maquoketa River near Maquoketa, IA",United States of America,4012.1839510099417,7060047060,0,0,test
hysets_05419000,hysets,2921,42.2527941,-90.2859623,"APPLE RIVER NEAR HANOVER, IL",United States of America,637.3701777812894,7060047060,0,0,test
hysets_05421000,hysets,2921,42.46359796,-91.8951722,"Wapsipinicon River at Independence, IA",United States of America,2720.257367421847,7060047060,0,0,test
hysets_05421740,hysets,2921,42.08333856,-91.2673818,"Wapsipinicon River near Anamosa, IA",United States of America,4088.366190865927,7060047060,0,0,test
hysets_05422000,hysets,2921,41.76697439,-90.5348588,"Wapsipinicon River near De Witt, IA",United States of America,6040.061233773534,7060047060,0,0,test
hysets_05422600,hysets,2921,41.54614409,-90.5240237,"Duck Creek at DC Golf Course at Davenport, IA",United States of America,147.5150327523795,7060047060,0,0,test
hysets_05427085,hysets,2921,42.9275,-88.8427778,"ROCK RIVER AT ROBERT STREET AT FORT ATKINSON, WI",United States of America,5056.203846446372,7060047060,0,0,test
hysets_05427530,hysets,2921,42.83,-89.0213889,"ROCK RIVER AT NEWVILLE, WI",United States of America,5970.253600828244,7060047060,0,0,test
hysets_05427718,hysets,2921,43.20888889,-89.3525,"YAHARA RIVER AT WINDSOR, WI",United States of America,191.0110041639832,7060047060,0,0,test
hysets_05429700,hysets,2921,42.9197239,-89.2203937,"YAHARA RIVER @ FORTON STREET BRIDGE @ STOUGHTON,WI",United States of America,960.0891364594396,7060047060,0,0,test
hysets_05435500,hysets,2921,42.3027969,-89.6195605,"PECATONICA RIVER AT FREEPORT, IL",United States of America,3429.4474345868066,7060047060,0,0,test
hysets_05435950,hysets,2921,42.94916667,-89.5441667,"SUGAR RIVER NEAR VERONA, WI",United States of America,214.0774894184081,7060047060,0,0,test
hysets_05437050,hysets,2921,42.43805556,-89.175,"PECATONICA RIVER NR SHIRLAND, ILL",United States of America,6613.9927666054855,7060047060,0,0,test
hysets_05437500,hysets,2921,42.45027778,-89.0725,"ROCK RIVER AT ROCKTON, IL",United States of America,15718.522310636425,7060047060,0,0,test
hysets_05438500,hysets,2921,42.25613208,-88.8631565,"KISHWAUKEE RIVER AT BELVIDERE, IL",United States of America,1475.5667754323472,7060047060,0,0,test
hysets_05440700,hysets,2921,42.1230805,-89.2559395,"ROCK RIVER AT BYRON, IL",United States of America,19926.791734109327,7060047060,0,0,test
hysets_05443500,hysets,2921,41.7722222,-89.7455556,"ROCK RIVER AT COMO, IL",United States of America,21902.09452847622,7060047060,0,0,test
hysets_05444000,hysets,2921,41.90280739,-89.696223,"ELKHORN CREEK NEAR PENROSE, IL",United States of America,375.5732164245708,7060047060,0,0,test
hysets_05447500,hysets,2921,41.48892309,-90.1576186,"GREEN RIVER NEAR GENESEO, IL",United States of America,2643.560832130237,7060047060,0,0,test
hysets_05448000,hysets,2921,41.44225587,-90.5559686,"MILL CREEK AT MILAN, IL",United States of America,161.35432386945163,7060047060,0,0,test
hysets_05449500,hysets,2921,42.75994409,-93.6218489,"Iowa River near Rowan, IA",United States of America,1112.7280704391255,7060047060,0,0,test
hysets_05451210,hysets,2921,42.3150833,-93.1520556,"South Fork Iowa River NE of New Providence, IA",United States of America,579.623435360706,7060047060,0,0,test
hysets_05451500,hysets,2921,42.06582096,-92.9076997,"Iowa River at Marshalltown, IA",United States of America,3981.439599909214,7060047060,0,0,test
hysets_05451700,hysets,2921,42.0088776,-92.852421,"Timber Creek near Marshalltown, IA",United States of America,307.65063589659854,7060047060,0,0,test
hysets_05451900,hysets,2921,41.89943868,-92.474355,"Richland Creek near Haven, IA",United States of America,146.11849705315385,7060047060,0,0,test
hysets_05452500,hysets,2921,41.85905556,-92.2779167,"Iowa River near Belle Plaine, IA",United States of America,5787.9941355917945,7060047060,0,0,test
hysets_05453000,hysets,2921,41.74944709,-92.1821267,"Big Bear Creek at Ladora, IA",United States of America,482.7422936623749,7060047060,0,0,test
hysets_05453100,hysets,2921,41.81272566,-92.064792,"Iowa River at Marengo, IA",United States of America,7241.228707524964,7060047060,0,0,test
hysets_05454220,hysets,2921,41.7183455,-91.7401737,"Clear Creek near Oxford, IA",United States of America,156.5068264005006,7060047060,0,0,test
hysets_05454300,hysets,2921,41.67668186,-91.5987812,"Clear Creek near Coralville, IA",United States of America,253.9505775142467,7060047060,0,0,test
hysets_05455100,hysets,2921,41.60640518,-91.61572419,"Old Mans Creek near Iowa City, IA",United States of America,521.4568267252246,7060047060,0,0,test
hysets_05455500,hysets,2921,41.4697387,-91.7146129,"English River at Kalona, IA",United States of America,1484.202177699913,7060047060,0,0,test
hysets_05458000,hysets,2921,43.03328014,-92.5035435,"Little Cedar River near Ionia, IA",United States of America,767.3651584463801,7060047060,0,0,test
hysets_05458300,hysets,2921,42.73721967,-92.47009,"Cedar River at Waverly, IA",United States of America,4035.94988525065,7060047060,0,0,test
hysets_05458500,hysets,2921,42.64831555,-92.4651859,"Cedar River at Janesville, IA",United States of America,4326.149450609839,7060047060,0,0,test
hysets_05459500,hysets,2921,43.16496176,-93.1927034,"Winnebago River at Mason City, IA",United States of America,1321.1205283868635,7060047060,0,0,test
hysets_05462000,hysets,2921,42.7119245,-92.5829664,"Shell Rock River at Shell Rock, IA",United States of America,4479.016792627177,7060047060,0,0,test
hysets_05463000,hysets,2921,42.572,-92.6182778,"Beaver Creek at New Hartford, IA",United States of America,900.9189099047528,7060047060,0,0,test
hysets_05463050,hysets,2921,42.53756756,-92.4434929,"Cedar River at Cedar Falls, IA",United States of America,12201.035757213756,7060047060,0,0,test
hysets_05463500,hysets,2921,42.4077639,-92.4632451,"Black Hawk Creek at Hudson, IA",United States of America,775.373909574649,7060047060,0,0,test
hysets_05464000,hysets,2921,42.4955419,-92.3343516,"Cedar River at Waterloo, IA",United States of America,13323.680480012,7060047060,0,0,test
hysets_05464220,hysets,2921,42.25152778,-92.2988889,"Wolf Creek near Dysart, IA",United States of America,771.3458349254952,7060047060,0,0,test
hysets_05464315,hysets,2921,42.1708283,-92.0237917,"Cedar River at Vinton, IA",United States of America,15618.94739780864,7060047060,0,0,test
hysets_05464500,hysets,2921,41.97194549,-91.6671239,"Cedar River at Cedar Rapids, IA",United States of America,16830.92725848546,7060047060,0,0,test
hysets_05467000,hysets,2921,41.12892328,-90.9193094,"POPE CREEK NEAR KEITHSBURG, IL",United States of America,447.797485824809,7060047060,0,0,test
hysets_05469000,hysets,2921,41.0014258,-90.8543072,"HENDERSON CREEK NEAR OQUAWKA, IL",United States of America,1124.9792969327566,7060047060,0,0,test
hysets_05470000,hysets,2921,42.0665132,-93.6201343,"South Skunk River near Ames, IA",United States of America,818.1191579447791,7060047060,0,0,test
hysets_05470500,hysets,2921,42.02304157,-93.6304962,"Squaw Creek at Ames, IA",United States of America,547.7981702078888,7060047060,0,0,test
hysets_05471000,hysets,2921,42.00665328,-93.595495,"South Skunk River below Squaw Creek near Ames, IA",United States of America,1452.1711415357972,7060047060,0,0,test
hysets_05471200,hysets,2921,41.80526578,-93.3093735,"Indian Creek near Mingo, IA",United States of America,723.7114832630314,7060047060,0,0,test
hysets_05471500,hysets,2921,41.3556987,-92.65735889,"South Skunk River near Oskaloosa, IA",United States of America,4252.629721685037,7060047060,0,0,test
hysets_05472500,hysets,2921,41.3008452,-92.2046255,"North Skunk River near Sigourney, IA",United States of America,1897.62502878324,7060047060,0,0,test
hysets_05473400,hysets,2921,40.92530537,-91.6742195,"Cedar Creek near Oakland Mills, IA",United States of America,1381.2424707498508,7060047060,0,0,test
hysets_05474000,hysets,2921,40.75365038,-91.2770942,"Skunk River at Augusta, IA",United States of America,11162.841493104948,7060047060,0,0,test
hysets_05476000,hysets,2921,43.6182916,-94.984991,"DES MOINES RIVER AT JACKSON, MN",United States of America,3213.5284240331403,7060047060,0,0,test
hysets_05476750,hysets,2921,42.7194158,-94.2205182,"Des Moines River at Humboldt, IA",United States of America,5868.681761548932,7060047060,0,0,test
hysets_05478265,hysets,2921,43.08227778,-94.2308611,"East Fork Des Moines River near Algona, IA",United States of America,2230.6137486740145,7060047060,0,0,test
hysets_05479000,hysets,2921,42.7235824,-94.193489,"East Fork Des Moines River at Dakota City, IA",United States of America,3322.379731228465,7060047060,0,0,test
hysets_05480500,hysets,2921,42.50830276,-94.2035732,"Des Moines River at Fort Dodge, IA",United States of America,10808.221497309163,7060047060,0,0,test
hysets_05481000,hysets,2921,42.43247506,-93.8057762,"Boone River near Webster City, IA",United States of America,2180.049646370824,7060047060,0,0,test
hysets_05481300,hysets,2921,42.2519203,-93.9968975,"Des Moines River near Stratford, IA",United States of America,14055.635993067835,7060047060,0,0,test
hysets_05481950,hysets,2921,41.68832155,-93.7355002,"Beaver Creek near Grimes, IA",United States of America,972.738423213696,7060047060,0,0,test
hysets_05482300,hysets,2921,42.35475,-94.9903333,"North Raccoon River near Sac City, IA",United States of America,1837.080678542188,7060047060,0,0,test
hysets_05482500,hysets,2921,41.98803907,-94.3769127,"North Raccoon River near Jefferson, IA",United States of America,4181.090849902319,7060047060,0,0,test
hysets_05483450,hysets,2921,41.7790833,-94.4928611,"Middle Raccoon River near Bayard, IA",United States of America,987.9099196997726,7060047060,0,0,test
hysets_05484000,hysets,2921,41.5894324,-94.1513463,"South Raccoon River at Redfield, IA",United States of America,2544.0871076745566,7060047060,0,0,test
hysets_05484500,hysets,2921,41.5338779,-93.9499503,"Raccoon River at Van Meter, IA",United States of America,8856.572565817583,7060047060,0,0,test
hysets_05484650,hysets,2921,41.5616561,-93.7035539,"Raccoon River at 63rd Street at Des Moines, IA",United States of America,9072.187847350231,7060047060,0,0,test
hysets_05484800,hysets,2921,41.5872114,-93.7032762,"Walnut Creek at Des Moines, IA",United States of America,201.04326633672784,7060047060,0,0,test
hysets_05486490,hysets,2921,41.4241581,-93.5874386,"Middle River near Indianola, IA",United States of America,1267.4652959440116,7060047060,0,0,test
hysets_05487980,hysets,2921,41.24663889,-93.2901667,"White Breast Creek near Dallas, IA",United States of America,881.5567209951474,7060047060,0,0,test
hysets_05489000,hysets,2921,41.2190021,-92.9085332,"Cedar Creek near Bussey, IA",United States of America,963.9574948590168,7060047060,0,0,test
hysets_05490600,hysets,2921,40.4624083,-91.5669639,"Des Moines River at St. Francisville, MO",United States of America,36983.21489101234,7060047060,0,0,test
hysets_05496000,hysets,2921,40.1421111,-91.5656944,"Wyaconda River above Canton, MO",United States of America,1027.137273875939,7060047060,0,0,test
hysets_05497150,hysets,2921,40.0189337,-91.6221036,"North Fabius River near Ewing, MO",United States of America,1216.5245357066349,7060047060,0,0,test
hysets_05498150,hysets,2921,40.028933,-91.7057179,"Middle Fabius River near Ewing, MO",United States of America,1034.0637764750131,7060047060,0,0,test
hysets_05498700,hysets,2921,40.0061111,-92.0269444,"South Fabius River above Newark, MO",United States of America,546.4520967896844,7060047060,0,0,test
hysets_05500000,hysets,2921,39.89663889,-91.5801667,"South Fabius River near Taylor, MO",United States of America,1565.1098794683105,7060047060,0,0,test
hysets_05501000,hysets,2921,39.817,-91.5460278,"North River at Palmyra, MO",United States of America,920.6484058227584,7060047060,0,0,test
hysets_05502300,hysets,2921,39.82988889,-92.2304444,"North Fork Salt River at Hagers Grove, MO",United States of America,933.5322224624266,7060047060,0,0,test
hysets_05502500,hysets,2921,39.74127778,-92.0410278,"North Fork Salt River near Shelbina, MO",United States of America,1193.5435476935008,7060047060,0,0,test
hysets_05504800,hysets,2921,39.3261511,-91.8340547,"South Fork Salt River above Santa Fe, MO",United States of America,589.6481088663824,7060047060,0,0,test
hysets_05506100,hysets,2921,39.3558733,-91.8343322,"Long Branch near Santa Fe, MO",United States of America,472.09987418778826,7060047060,0,0,test
hysets_05508805,hysets,2921,39.5204722,-91.34275,"Spencer Creek below Plum Creek near Frankford, MO",United States of America,535.8147208603417,7060047060,0,0,test
hysets_05514500,hysets,2921,39.00880556,-90.9775278,"Cuivre River near Troy, MO",United States of America,2406.0039736833746,7060047060,0,0,test
hysets_05514860,hysets,2921,38.80338499,-90.6351234,"Dardenne Creek at Old Town St. Peters, MO",United States of America,264.76743349730054,7060047060,0,0,test
hysets_05515500,hysets,2921,41.38963889,-86.7061667,"KANKAKEE RIVER AT DAVIS, IN",United States of America,1369.8658931702098,7060047060,0,0,test
hysets_05517000,hysets,2921,41.3028196,-86.6205695,"YELLOW RIVER AT KNOX, IN",United States of America,1125.574217368532,7060047060,0,0,test
hysets_05517500,hysets,2921,41.2200392,-86.968356,"KANKAKEE RIVER AT DUNNS BRIDGE, IN",United States of America,3461.363495731204,7060047060,0,0,test
hysets_05517530,hysets,2921,41.2539276,-87.033914,"KANKAKEE RIVER NR KOUTS, IN",United States of America,3529.9287154305416,7060047060,0,0,test
hysets_05518000,hysets,2921,41.1828134,-87.3403096,"KANKAKEE RIVER AT SHELBY, IN",United States of America,4580.319878883712,7060047060,0,0,test
hysets_05520500,hysets,2921,41.16003338,-87.6686483,"KANKAKEE RIVER AT MOMENCE, IL",United States of America,5859.014966267053,7060047060,0,0,test
hysets_05525000,hysets,2921,40.8228134,-87.5814187,"IROQUOIS RIVER AT IROQUOIS, IL",United States of America,1778.4132479413263,7060047060,0,0,test
hysets_05525500,hysets,2921,40.6300362,-87.72391809,"SUGAR CREEK AT MILFORD, IL",United States of America,1155.4843025539683,7060047060,0,0,test
hysets_05526000,hysets,2921,41.0089215,-87.8233719,"IROQUOIS RIVER NEAR CHEBANSE, IL",United States of America,5431.622918895854,7060047060,0,0,test
hysets_05529000,hysets,2921,42.08166667,-87.8905556,"DES PLAINES RIVER NEAR DES PLAINES, IL",United States of America,940.9838737393858,7060047060,0,0,test
hysets_05531300,hysets,2921,41.8861411,-87.9592309,"SALT CREEK AT ELMHURST, IL",United States of America,229.9759488890032,7060047060,0,0,test
hysets_05532500,hysets,2921,41.82166667,-87.8219444,"DES PLAINES RIVER AT RIVERSIDE, IL",United States of America,1633.61584107319,7060047060,0,0,test
hysets_05540250,hysets,2921,41.71805556,-88.0705556,"EAST BRANCH DU PAGE RIVER AT BOLINGBROOK, IL",United States of America,194.03204980883635,7060047060,0,0,test
hysets_05540500,hysets,2921,41.5222527,-88.1925623,"DU PAGE RIVER AT SHOREWOOD, IL",United States of America,837.674081416066,7060047060,0,0,test
hysets_05541710,hysets,2921,41.4172533,-88.347566,"AUX SABLE CREEK NEAR MORRIS, IL",United States of America,388.65701913829656,7060047060,0,0,test
hysets_05542000,hysets,2921,41.2861433,-88.3597871,"MAZON RIVER NEAR COAL CITY, IL",United States of America,1163.8860013370563,7060047060,0,0,test
hysets_05543830,hysets,2921,43.0047222,-88.2436111,"FOX RIVER AT WAUKESHA, WI",United States of America,328.1292840048148,7060047060,0,0,test
hysets_05545750,hysets,2921,42.61085116,-88.225923,"FOX RIVER NEAR NEW MUNSTER, WI",United States of America,2051.589419670386,7060047060,0,0,test
hysets_05550001,hysets,2921,42.16194444,-88.29388889,"FOX RIVER (TAILWATER) AT ALGONQUIN, IL",United States of America,3587.716543010083,7060047060,0,0,test
hysets_05551000,hysets,2921,41.9961111,-88.295,"FOX RIVER AT SOUTH ELGIN, IL",United States of America,3985.0996900448895,7060047060,0,0,test
hysets_05551540,hysets,2921,41.7336111,-88.3333333,"FOX RIVER AT MONTGOMERY, IL",United States of America,4438.156504160224,7060047060,0,0,test
hysets_05554500,hysets,2921,40.87781116,-88.636173,"VERMILION RIVER AT PONTIAC, IL",United States of America,1498.110502438184,7060047060,0,0,test
hysets_05555300,hysets,2921,41.20836786,-88.93091189,"VERMILION RIVER NEAR LEONORE, IL",United States of America,3244.164947350672,7060047060,0,0,test
hysets_05556500,hysets,2921,41.3672222,-89.4977778,"BIG BUREAU CREEK AT PRINCETON, IL",United States of America,504.2846086219638,7060047060,0,0,test
hysets_05567500,hysets,2921,40.62364814,-89.2417516,"MACKINAW RIVER NEAR CONGERVILLE, IL",United States of America,1974.918626774698,7060047060,0,0,test
hysets_05568000,hysets,2921,40.45420679,-89.6062144,"MACKINAW RIVER NEAR GREEN VALLEY, IL",United States of America,2766.71830384409,7060047060,0,0,test
hysets_05568800,hysets,2921,41.01888889,-89.8355556,"INDIAN CREEK NEAR WYOMING, IL",United States of America,163.4689046685893,7060047060,0,0,test
hysets_05569500,hysets,2921,40.70777778,-90.28,"SPOON RIVER AT LONDON MILLS, IL",United States of America,2768.647669982408,7060047060,0,0,test
hysets_05570000,hysets,2921,40.49004077,-90.3404025,"SPOON RIVER AT SEVILLE, IL",United States of America,4236.656284133928,7060047060,0,0,test
hysets_05572000,hysets,2921,40.03086735,-88.58895419,"SANGAMON RIVER AT MONTICELLO, IL",United States of America,1431.6274459354588,7060047060,0,0,test
hysets_05576500,hysets,2921,39.8431053,-89.5473197,"SANGAMON RIVER AT RIVERTON, IL",United States of America,6778.067572811325,7060047060,0,0,test
hysets_05578000,hysets,2921,40.0133333,-89.8383333,"SANGAMON RIVER AT PETERSBURG, IL",United States of America,7920.692789699154,7060047060,0,0,test
hysets_05579500,hysets,2921,39.95166667,-89.3855556,"LAKE FORK NEAR CORNLAND, IL",United States of America,552.0151549550258,7060047060,0,0,test
hysets_05582000,hysets,2921,40.1319901,-89.7356639,"SALT CREEK NEAR GREENVIEW, IL",United States of America,4667.8103383384405,7060047060,0,0,test
hysets_05583000,hysets,2921,40.12416667,-89.985,"SANGAMON RIVER NEAR OAKFORD, IL",United States of America,13176.585128803408,7060047060,0,0,test
hysets_05584500,hysets,2921,40.33032166,-90.8962451,"LA MOINE RIVER AT COLMAR, IL",United States of America,1693.2039174101562,7060047060,0,0,test
hysets_05585000,hysets,2921,40.0247704,-90.6317947,"LA MOINE RIVER AT RIPLEY, IL",United States of America,3350.33910694582,7060047060,0,0,test
hysets_05587000,hysets,2921,39.23421366,-90.3945618,"MACOUPIN CREEK NEAR KANE, IL",United States of America,2241.2997636887308,7060047060,0,0,test
hysets_05587900,hysets,2921,38.8244919,-89.9748246,"CAHOKIA CREEK AT EDWARDSVILLE, IL",United States of America,545.6242361185173,7060047060,0,0,test
hysets_05591200,hysets,2921,39.5833666,-88.4133842,"KASKASKIA RIVER AT COOKS MILLS, IL",United States of America,1225.8846636851451,7060047060,0,0,test
hysets_05591700,hysets,2921,39.73114568,-88.6625657,"WEST OKAW RIVER NEAR LOVINGTON, IL",United States of America,296.64974822416315,7060047060,0,0,test
hysets_05592050,hysets,2921,39.40587344,-88.8964628,"ROBINSON CREEK NEAR SHELBYVILLE, IL",United States of America,253.67622291781268,7060047060,0,0,test
hysets_05592800,hysets,2921,38.9225459,-89.2367389,"HURRICANE CREEK NEAR MULBERRY GROVE, IL",United States of America,393.6687772220224,7060047060,0,0,test
hysets_05593575,hysets,2921,38.4417164,-89.416751,"LITTLE CROOKED CREEK NEAR NEW MINDEN, IL",United States of America,217.62703304610247,7060047060,0,0,test
hysets_05593945,hysets,2921,38.77588058,-89.4989718,"SHOAL CREEK NEAR PIERRON, IL",United States of America,1756.4890715914978,7060047060,0,0,test
hysets_05594000,hysets,2921,38.61,-89.4947222,"SHOAL CREEK NEAR BREESE, IL",United States of America,1907.934193869064,7060047060,0,0,test
hysets_05594450,hysets,2921,38.7167145,-89.8292631,"SILVER CREEK NEAR TROY, IL",United States of America,399.4650335969789,7060047060,0,0,test
hysets_05594800,hysets,2921,38.4061607,-89.8739906,"SILVER CREEK NEAR FREEBURG, IL",United States of America,1214.211088932592,7060047060,0,0,test
hysets_05595200,hysets,2921,38.32388889,-89.9705556,"RICHLAND CREEK NEAR HECKER, IL",United States of America,332.2468039120046,7060047060,0,0,test
hysets_05595730,hysets,2921,38.25388889,-89.0405556,"RAYSE CREEK NEAR WALTONVILLE, IL",United States of America,236.47383029048635,7060047060,0,0,test
hysets_05595820,hysets,2921,38.28638889,-88.87138889,"CASEY FORK AT MOUNT VERNON, IL",United States of America,197.63329415709288,7060047060,0,0,test
hysets_05AA008,hysets,2921,49.59732,-114.4106,CROWSNEST RIVER AT FRANK,Canada,401.3229277795219,7060022240,3,3,train
hysets_05AA022,hysets,2921,49.48866,-114.1444,CASTLE RIVER NEAR BEAVER MINES,Canada,817.9900463985563,7060022240,3,3,train
hysets_05AA035,hysets,2921,49.72769,-114.0865,OLDMAN RIVER AT RANGE ROAD NO. 13A,Canada,1827.1931126869329,7060022240,3,3,train
hysets_05BB001,hysets,2921,51.17223,-115.5718,BOW RIVER AT BANFF,Canada,2201.421127026608,7060022240,3,3,train
hysets_05BG006,hysets,2921,51.28281,-114.8384,WAIPAROUS CREEK NEAR THE MOUTH,Canada,331.288844041572,7060022240,3,3,train
hysets_05BJ004,hysets,2921,50.94893,-114.571,ELBOW RIVER AT BRAGG CREEK,Canada,788.0016268213618,7060022240,3,3,train
hysets_05BJ010,hysets,2921,50.9935,-114.1699,ELBOW RIVER AT SARCEE BRIDGE,Canada,1185.0681067735572,7060022240,3,3,train
hysets_05BL012,hysets,2921,50.72389,-113.9735,SHEEP RIVER AT OKOTOKS,Canada,1488.563146655335,7060022240,3,3,train
hysets_05BL014,hysets,2921,50.68855,-114.2449,SHEEP RIVER AT BLACK DIAMOND,Canada,590.0962444278352,7060022240,3,3,train
hysets_05CA009,hysets,2921,51.64625,-115.0192,RED DEER RIVER BELOW BURNT TIMBER CREEK,Canada,2237.26834455374,7060022240,3,3,train
hysets_05CB001,hysets,2921,52.02824,-114.1403,LITTLE RED DEER RIVER NEAR THE MOUTH,Canada,2568.6516706828097,7060022240,3,3,train
hysets_05CC001,hysets,2921,52.35402,-113.7947,BLINDMAN RIVER NEAR BLACKFALDS,Canada,1788.7650040472606,7060022240,3,3,train
hysets_05DA009,hysets,2921,52.00119,-116.4709,NORTH SASKATCHEWAN RIVER AT WHIRLPOOL POINT,Canada,1915.838455292944,7060022240,3,3,train
hysets_05DB002,hysets,2921,52.27386,-114.9292,PRAIRIE CREEK NEAR ROCKY MOUNTAIN HOUSE,Canada,840.775143036502,7060022240,3,3,train
hysets_05DB006,hysets,2921,52.2521,-114.8558,CLEARWATER RIVER NEAR DOVERCOURT,Canada,2244.125208635597,7060022240,3,3,train
hysets_05DD009,hysets,2921,52.81997,-115.5203,NORDEGG RIVER AT SUNCHILD ROAD,Canada,872.1964894194546,7060022240,3,3,train
hysets_05EA005,hysets,2921,53.65535,-113.7625,STURGEON RIVER NEAR VILLENEUVE,Canada,1881.497668770584,7060022240,3,3,train
hysets_05FA001,hysets,2921,52.66325,-113.5814,BATTLE RIVER NEAR PONOKA,Canada,1814.1365957365665,7060022240,3,3,train
hysets_05FA011,hysets,2921,52.94859,-112.9647,BATTLE RIVER AT DUHAMEL,Canada,4978.944592932866,7060022240,3,3,train
hysets_05HD036,hysets,2921,49.84444,-108.4794,SWIFT CURRENT CREEK BELOW ROCK CREEK,Canada,1428.6680969753204,7060022240,3,3,train
hysets_05KE010,hysets,2921,53.86497,-104.6196,WHITE GULL CREEK AT HIGHWAY NO. 106,Canada,623.6278631494209,7060022240,3,3,train
hysets_05LC001,hysets,2921,52.85947,-102.1951,RED DEER RIVER NEAR ERWOOD,Canada,10931.09694186704,7060022240,3,3,train
hysets_05MF001,hysets,2921,50.35881,-99.90753,LITTLE SASKATCHEWAN RIVER NEAR MINNEDOSA,Canada,2600.036123912957,7060022240,3,3,train
hysets_05PA006,hysets,2921,48.38256,-92.17631,NAMAKAN RIVER AT OUTLET OF LAC LA CROIX,Canada,13247.602423070057,7060022240,3,3,train
hysets_05PB014,hysets,2921,48.85022,-92.72383,TURTLE RIVER NEAR MINE CENTRE,Canada,4752.609255068878,7060022240,3,3,train
hysets_05PH003,hysets,2921,49.93878,-95.95683,WHITEMOUTH RIVER NEAR WHITEMOUTH,Canada,3735.4937759679606,7060022240,3,3,train
hysets_05QA004,hysets,2921,50.16728,-91.54075,STURGEON RIVER AT MCDOUGALL MILLS,Canada,4424.1320946484775,7060022240,3,3,train
hysets_05QE009,hysets,2921,50.35225,-94.46641,STURGEON RIVER AT OUTLET OF SALVESEN LAKE,Canada,1747.1317192007557,7060022240,3,3,train
hysets_05QE012,hysets,2921,50.677,-93.97019,LONG-LEGGED RIVER BELOW LONG-LEGGED LAKE,Canada,546.874185026819,7060022240,3,3,train
hysets_05RA001,hysets,2921,51.10128,-96.28303,MANIGOTAGAN RIVER NEAR MANIGOTAGAN,Canada,1824.74672879706,7060022240,3,3,train
hysets_05RB003,hysets,2921,51.70342,-96.60453,BLOODVEIN RIVER ABOVE BLOODVEIN BAY,Canada,9057.263056973325,7060022240,3,3,train
hysets_05TD001,hysets,2921,55.74062,-97.00517,GRASS RIVER ABOVE STANDING STONE FALLS,Canada,15342.297450090342,7060022240,3,3,train
hysets_05TE002,hysets,2921,55.49662,-99.22089,BURNTWOOD RIVER ABOVE LEAF RAPIDS,Canada,5784.924811725558,7060022240,3,3,train
hysets_05TG002,hysets,2921,55.48985,-98.19208,TAYLOR RIVER NEAR THOMPSON,Canada,881.5778133253384,7060022240,3,3,train
hysets_05TG003,hysets,2921,55.99526,-97.35762,ODEI RIVER NEAR THOMPSON,Canada,6078.445869571109,7060022240,3,3,train
hysets_05UF004,hysets,2921,56.34156,-94.69665,KETTLE RIVER NEAR GILLAM,Canada,1083.275761715782,7060022240,3,3,train
hysets_05UG001,hysets,2921,56.51258,-94.21617,LIMESTONE RIVER NEAR BIRD,Canada,3257.2065041851424,7060022240,3,3,train
hysets_05UH001,hysets,2921,56.67694,-93.64111,ANGLING RIVER NEAR BIRD,Canada,1555.779050588954,7060022240,3,3,train
hysets_05UH002,hysets,2921,57.02306,-93.45306,WEIR RIVER ABOVE THE MOUTH,Canada,2180.115962046168,7060022240,3,3,train
hysets_06019500,hysets,2921,45.1923194,-112.1428167,"Ruby River above reservoir near Alder, MT",United States of America,1380.8578745784937,7060047060,0,0,test
hysets_06025500,hysets,2921,45.52658056,-112.701725,Big Hole River near Melrose MT,United States of America,6390.675737058096,7060047060,0,0,test
hysets_06026500,hysets,2921,45.6132833,-112.3293972,Jefferson River near Twin Bridges MT,United States of America,19676.495969474265,7060047060,0,0,test
hysets_06033000,hysets,2921,46.21103056,-112.09165,Boulder River near Boulder MT,United States of America,988.4920307737176,7060047060,0,0,test
hysets_06036650,hysets,2921,45.8971361,-111.5956722,Jefferson River near Three Forks MT,United States of America,24697.25606692837,7060047060,0,0,test
hysets_06036905,hysets,2921,44.6201833,-110.8635028,Firehole River near West Yellowstone MT,United States of America,675.1720151626838,7060047060,0,0,test
hysets_06037100,hysets,2921,44.6408,-110.8610639,"Gibbon River at Madison Jct, YNP",United States of America,322.00477737881096,7060047060,0,0,test
hysets_06037500,hysets,2921,44.6570722,-111.0679639,Madison River near West Yellowstone MT,United States of America,1124.0598627753243,7060047060,0,0,test
hysets_06043500,hysets,2921,45.4973,-111.2707083,Gallatin River near Gallatin Gateway MT,United States of America,2114.33695775611,7060047060,0,0,test
hysets_06054500,hysets,2921,46.1465722,-111.4202778,Missouri River at Toston MT,United States of America,37987.75766686772,7060047060,0,0,test
hysets_06063000,hysets,2921,46.604925,-112.089361,Tenmile Creek near Helena MT,United States of America,254.54921711699828,7060047060,0,0,test
hysets_06073500,hysets,2921,47.199025,-112.0959056,Dearborn River near Craig MT,United States of America,832.5422419391736,7060047060,0,0,test
hysets_06077200,hysets,2921,46.82798056,-111.1922389,Smith River bl Eagle Cr nr Fort Logan MT,United States of America,2808.818219233931,7060047060,0,0,test
hysets_06078500,hysets,2921,47.6398611,-112.8593333,North Fork Sun River near Augusta MT,United States of America,667.7705137297808,7060047060,0,0,test
hysets_06079000,hysets,2921,47.6286083,-112.865761,South Fork Sun River near Augusta MT,United States of America,648.9409335011201,7060047060,0,0,test
hysets_06085800,hysets,2921,47.50162778,-111.9319139,Sun River at Simms MT,United States of America,3142.6403201544194,7060047060,0,0,test
hysets_06089000,hysets,2921,47.52577778,-111.511036,Sun River near Vaughn MT,United States of America,4875.959017274226,7060047060,0,0,test
hysets_06090500,hysets,2921,47.2085944,-110.9317472,Belt Creek near Monarch MT,United States of America,916.3359536344606,7060047060,0,0,test
hysets_06091700,hysets,2921,48.42695278,-112.9899833,Two Medicine River bl South Fork nr Browning MT,United States of America,641.0154513910661,7060047060,0,0,test
hysets_06108000,hysets,2921,47.930325,-111.5529417,Teton River near Dutton MT,United States of America,3219.6139560722613,7060047060,0,0,test
hysets_06108800,hysets,2921,47.9327194,-110.5144333,Teton River at Loma MT,United States of America,4917.05527688702,7060047060,0,0,test
hysets_06120500,hysets,2921,46.4288,-109.8411944,Musselshell River at Harlowton MT,United States of America,2865.98892147587,7060047060,0,0,test
hysets_06130500,hysets,2921,46.99469167,-107.8891639,Musselshell River at Mosby MT,United States of America,20200.02506216332,7060047060,0,0,test
hysets_06131200,hysets,2921,47.5365944,-106.1534528,Nelson Creek near Van Norman MT,United States of America,289.8439597709862,7060047060,0,0,test
hysets_06154400,hysets,2921,48.2237333,-108.7140528,Peoples Creek near Hays MT,United States of America,578.5758324127338,7060047060,0,0,test
hysets_06177500,hysets,2921,47.4139722,-105.5756444,Redwater River at Circle MT,United States of America,1421.6865400269955,7060047060,0,0,test
hysets_06186500,hysets,2921,44.56709167,-110.3804056,Yellowstone River at Yellowstone Lk Outlet YNP,United States of America,2596.791571265921,7060047060,0,0,test
hysets_06188000,hysets,2921,44.92817778,-110.3942694,Lamar River nr Tower Ranger Station YNP,United States of America,1726.1213932888118,7060047060,0,0,test
hysets_06191000,hysets,2921,44.9923444,-110.690975,Gardner River near Mammoth YNP,United States of America,512.0356485589447,7060047060,0,0,test
hysets_06191500,hysets,2921,45.1121194,-110.7936667,Yellowstone River at Corwin Springs MT,United States of America,6786.043662275343,7060047060,0,0,test
hysets_06192500,hysets,2921,45.5972111,-110.5664972,Yellowstone River near Livingston MT,United States of America,9202.638940533778,7060047060,0,0,test
hysets_06195600,hysets,2921,45.7383611,-110.4794694,Shields River nr Livingston MT,United States of America,2182.242083105353,7060047060,0,0,test
hysets_06200000,hysets,2921,45.8337944,-109.9387056,Boulder River at Big Timber MT,United States of America,1360.5431622517694,7060047060,0,0,test
hysets_06208500,hysets,2921,45.46571389,-108.8441056,Clarks Fork Yellowstone River at Edgar MT,United States of America,5256.49923427066,7060047060,0,0,test
hysets_06209500,hysets,2921,45.0861472,-109.3291889,Rock Creek near Red Lodge MT,United States of America,277.2388444875162,7060047060,0,0,test
hysets_06214500,hysets,2921,45.8001194,-108.4680306,Yellowstone River at Billings MT,United States of America,30528.453254771102,7060047060,0,0,test
hysets_06221400,hysets,2921,43.34616667,-109.4087778,"DINWOODY CREEK ABOVE LAKES, NEAR BURRIS, WY",United States of America,226.31056991040245,7060047060,0,0,test
hysets_06224000,hysets,2921,43.1766111,-109.2025556,"BULL LAKE CREEK ABOVE BULL LAKE, WY",United States of America,483.37045457934937,7060047060,0,0,test
hysets_06289000,hysets,2921,45.0071111,-107.6154083,Little Bighorn River at State Line nr Wyola MT,United States of America,470.96921026807576,7060047060,0,0,test
hysets_06294000,hysets,2921,45.7356861,-107.5574694,Little Bighorn River near Hardin MT,United States of America,3338.731353406816,7060047060,0,0,test
hysets_06295000,hysets,2921,46.2666361,-106.6913028,Yellowstone River at Forsyth MT,United States of America,103788.3711772564,7060047060,0,0,test
hysets_06324500,hysets,2921,45.0571972,-105.8783778,Powder River at Moorhead MT,United States of America,20751.237100795694,7060047060,0,0,test
hysets_06326500,hysets,2921,46.4294361,-105.3103306,Powder River near Locate MT,United States of America,33758.57978549002,7060047060,0,0,test
hysets_06327500,hysets,2921,47.10076389,-104.7203167,Yellowstone River at Glendive MT,United States of America,172462.95024135197,7060047060,0,0,test
hysets_06329500,hysets,2921,47.67741389,-104.1554111,Yellowstone River near Sidney MT,United States of America,178592.03918949552,7060047060,0,0,test
hysets_06332515,hysets,2921,47.7872369,-102.7685256,"BEAR DEN CREEK NR MANDAREE, ND",United States of America,190.69832976276413,7060047060,0,0,test
hysets_06334500,hysets,2921,45.5481343,-103.9712386,"LITTLE MISSOURI R AT CAMP CROOK,SD",United States of America,5066.482266952606,7060047060,0,0,test
hysets_06335500,hysets,2921,46.29777778,-103.9175,"LITTLE MISSOURI RIVER AT MARMARTH, ND",United States of America,12041.65579931126,7060047060,0,0,test
hysets_06335750,hysets,2921,46.57638889,-103.5580556,"DEEP CREEK NR AMIDON, ND",United States of America,721.1191104950074,7060047060,0,0,test
hysets_06336000,hysets,2921,46.91945839,-103.5282426,"LITTLE MISSOURI RIVER AT MEDORA, ND",United States of America,16016.810296111678,7060047060,0,0,test
hysets_06337000,hysets,2921,47.5902932,-103.2518572,"LITTLE MISSOURI RIVER NR WATFORD CITY, ND",United States of America,21527.13600280726,7060047060,0,0,test
hysets_06339100,hysets,2921,47.2361259,-102.7699074,"KNIFE RIVER AT MANNING, ND",United States of America,527.2364920752672,7060047060,0,0,test
hysets_06339500,hysets,2921,47.154453,-102.059892,"KNIFE RIVER NR GOLDEN VALLEY, ND",United States of America,3162.174196901531,7060047060,0,0,test
hysets_06340500,hysets,2921,47.2852816,-101.6221093,"KNIFE RIVER AT HAZEN, ND",United States of America,5834.119017978788,7060047060,0,0,test
hysets_06350000,hysets,2921,46.42667116,-102.5518303,"CANNONBALL RIVER AT REGENT, ND",United States of America,1499.0685592563393,7060047060,0,0,test
hysets_06351200,hysets,2921,46.1269476,-101.333187,"CANNONBALL RIVER NR RALEIGH, ND",United States of America,4214.050541089263,7060047060,0,0,test
hysets_06352000,hysets,2921,46.15528136,-102.4757133,"CEDAR CREEK NR HAYNES, ND",United States of America,1438.488979666948,7060047060,0,0,test
hysets_06353000,hysets,2921,46.09166988,-101.333742,"CEDAR CREEK NR RALEIGH, ND",United States of America,4591.377844380571,7060047060,0,0,test
hysets_06354000,hysets,2921,46.3761111,-100.9344444,"CANNONBALL RIVER AT BREIEN, ND",United States of America,10571.717423355403,7060047060,0,0,test
hysets_06354580,hysets,2921,46.2686015,-100.2526142,"BEAVER CREEK BL LINTON, ND",United States of America,2104.1199643122145,7060047060,0,0,test
hysets_06356500,hysets,2921,45.6486883,-102.6433259,"SOUTH FORK GRAND R NEAR CASH,SD",United States of America,3367.084266278845,7060047060,0,0,test
hysets_06359500,hysets,2921,45.19775826,-102.1565472,"MOREAU R NEAR FAITH,SD",United States of America,6700.786402102389,7060047060,0,0,test
hysets_06360500,hysets,2921,45.2558171,-100.8429214,"MOREAU R NEAR WHITEHORSE,SD",United States of America,12624.761546959586,7060047060,0,0,test
hysets_06400875,hysets,2921,43.18803166,-103.2265866,"HORSEHEAD CR AT OELRICHS,SD",United States of America,485.18082348589337,7060047060,0,0,test
hysets_06404000,hysets,2921,43.87164727,-103.3363029,"BATTLE CR NEAR KEYSTONE,SD",United States of America,151.01235384576785,7060047060,0,0,test
hysets_06409000,hysets,2921,44.01359238,-103.8304784,"CASTLE CR ABOVE DEERFIELD RES NEAR HILL CITY,SD",United States of America,207.8275120743436,7060047060,0,0,test
hysets_06422500,hysets,2921,44.1443339,-103.4545385,"BOXELDER CR NEAR NEMO,SD",United States of America,243.0267976684905,7060047060,0,0,test
hysets_06436180,hysets,2921,44.4422065,-103.6293606,"WHITEWOOD CR ABOVE WHITEWOOD,SD",United States of America,145.7295472408924,7060047060,0,0,test
hysets_06436198,hysets,2921,44.617485,-103.4807452,"WHITEWOOD CR ABOVE VALE,SD",United States of America,262.6546672508383,7060047060,0,0,test
hysets_06440200,hysets,2921,43.9690175,-101.767229,"SOUTH FORK BAD R NEAR COTTONWOOD,SD",United States of America,647.4878879542504,7060047060,0,0,test
hysets_06441500,hysets,2921,44.32664897,-100.3843003,"BAD R NEAR FORT PIERRE,SD",United States of America,8135.004958244279,7060047060,0,0,test
hysets_06445685,hysets,2921,43.013036,-102.8357327,WHITE R NR NE-SD STATE LINE,United States of America,3537.1262755269577,7060047060,0,0,test
hysets_06446000,hysets,2921,43.25484357,-102.8273511,WHITE R NEAR OGLALA SD,United States of America,5575.4076498048025,7060047060,0,0,test
hysets_06446500,hysets,2921,43.69388346,-101.9326516,"WHITE R NEAR INTERIOR,SD",United States of America,10603.128092695708,7060047060,0,0,test
hysets_06447000,hysets,2921,43.7524949,-101.5248665,"WHITE R NEAR KADOKA,SD",United States of America,12825.62999747248,7060047060,0,0,test
hysets_06447230,hysets,2921,43.75527266,-101.2279205,"BLACK PIPE CREEK NR BELVIDERE, SD",United States of America,708.5340152283807,7060047060,0,0,test
hysets_06447450,hysets,2921,43.71304839,-100.6850534,"WHITE RIVER NEAR WHITE RIVER, SD",United States of America,16055.685593963375,7060047060,0,0,test
hysets_06447500,hysets,2921,43.1669155,-101.6327322,"LITTLE WHITE R NEAR MARTIN,SD",United States of America,825.0367664348361,7060047060,0,0,test
hysets_06452000,hysets,2921,43.74832745,-99.5564948,"WHITE R NEAR OACOMA,SD",United States of America,25743.14534349948,7060047060,0,0,test
hysets_06453600,hysets,2921,42.8111111,-98.1758333,"Ponca Creek at Verdel, Nebr.",United States of America,2098.14280270884,7060047060,0,0,test
hysets_06463500,hysets,2921,42.68944444,-99.6788889,"Long Pine Creek near Riverview, Nebr.",United States of America,1232.2475098907307,7060047060,0,0,test
hysets_06464100,hysets,2921,43.12917164,-100.1070671,"KEYA PAHA R NEAR KEYAPAHA,SD",United States of America,1370.7259734670588,7060047060,0,0,test
hysets_06464500,hysets,2921,43.0270872,-99.780921,"KEYA PAHA R AT WEWELA,SD",United States of America,2915.147340220561,7060047060,0,0,test
hysets_06466500,hysets,2921,42.7322222,-97.9225,"Bazile Creek near Niobrara, Nebr.",United States of America,1181.1206503345338,7060047060,0,0,test
hysets_06469400,hysets,2921,47.1674948,-98.9689998,"PIPESTEM CREEK NR PINGREE, ND",United States of America,1662.2981700579112,7060047060,0,0,test
hysets_06472000,hysets,2921,45.24163936,-98.3914819,"JAMES R NEAR STRATFORD,SD",United States of America,23959.37863095351,7060047060,0,0,test
hysets_06473000,hysets,2921,44.99830768,-98.480927,"JAMES R AT ASHTON,SD",United States of America,26386.07053023229,7060047060,0,0,test
hysets_06475000,hysets,2921,44.91053097,-98.4720386,"JAMES R NEAR REDFIELD,SD",United States of America,36970.319522327976,7060047060,0,0,test
hysets_06476000,hysets,2921,44.36359475,-98.199257,"JAMES R AT HURON,SD",United States of America,42465.01381042117,7060047060,0,0,test
hysets_06477000,hysets,2921,43.9738721,-98.070916,"JAMES R NEAR FORESTBURG,SD",United States of America,47044.42825143583,7060047060,0,0,test
hysets_06477500,hysets,2921,43.77640219,-98.2456658,"FIRESTEEL CR NEAR MOUNT VERNON,SD",United States of America,1509.7736499262958,7060047060,0,0,test
hysets_06478500,hysets,2921,43.1858255,-97.635622,"JAMES R NEAR SCOTLAND,SD",United States of America,54989.20529312851,7060047060,0,0,test
hysets_06478513,hysets,2921,42.9958297,-97.3697806,JAMES RIVER NR YANKTON SD,United States of America,55741.86369328931,7060047060,0,0,test
hysets_06478690,hysets,2921,43.41562216,-97.2051972,"WEST FORK VERMILLION R NEAR PARKER,SD",United States of America,947.2402825001913,7060047060,0,0,test
hysets_06479215,hysets,2921,45.18079549,-97.1861904,"BIG SIOUX RIVER NR FLORENCE,SD",United States of America,167.2014032526281,7060047060,0,0,test
hysets_06480650,hysets,2921,44.06269306,-96.485626,FLANDREAU CR ABOVE FLANDREAU SD,United States of America,257.3604124150946,7060047060,0,0,test
hysets_06481500,hysets,2921,43.53358676,-96.7908849,"SKUNK CR AT SIOUX FALLS,SD",United States of America,1602.8228663492678,7060047060,0,0,test
hysets_06482610,hysets,2921,43.61636276,-96.5653227,"SPLIT ROCK CR AT CORSON,SD",United States of America,1247.163033449179,7060047060,0,0,test
hysets_06483290,hysets,2921,43.4229723,-96.1648872,"Rock River below Tom Creek at Rock Rapids, IA",United States of America,2187.5376372246624,7060047060,0,0,test
hysets_06483500,hysets,2921,43.2144259,-96.2944709,"Rock River near Rock Valley, IA",United States of America,4097.237679965986,7060047060,0,0,test
hysets_06485500,hysets,2921,42.83752049,-96.5619219,"BIG SIOUX R AT AKRON,IA",United States of America,19865.158513688613,7060047060,0,0,test
hysets_06600100,hysets,2921,42.98193136,-96.0011289,"Floyd River at Alton, IA",United States of America,701.6056519477697,7060047060,0,0,test
hysets_06600500,hysets,2921,42.5766596,-96.3114156,"Floyd River at James, IA",United States of America,2293.8641024157605,7060047060,0,0,test
hysets_06600900,hysets,2921,42.14805556,-96.4833333,"South Omaha Creek at Walthill, Nebr.",United States of America,132.44917380084055,7060047060,0,0,test
hysets_06601000,hysets,2921,42.32166667,-96.4877778,"Omaha Creek at Homer, Nebr.",United States of America,449.8886536829785,7060047060,0,0,test
hysets_06602020,hysets,2921,42.22693509,-96.0780716,"West Fork Ditch at Hornick, IA",United States of America,1042.1489686962498,7060047060,0,0,test
hysets_06606600,hysets,2921,42.4822222,-95.7926111,"Little Sioux River at Correctionville, IA",United States of America,6442.11582229309,7060047060,0,0,test
hysets_06608500,hysets,2921,41.83054358,-95.9313989,"Soldier River at Pisgah, IA",United States of America,1056.069883103219,7060047060,0,0,test
hysets_06609500,hysets,2921,41.6416111,-95.7822222,"Boyer River at Logan, IA",United States of America,2248.489825528079,7060047060,0,0,test
hysets_06623800,hysets,2921,41.0235791,-106.824766,"ENCAMPMENT RIVER AB HOG PARK CR, NR ENCAMPMENT, WY",United States of America,187.95204788341167,7060047060,0,0,test
hysets_06708800,hysets,2921,39.423,-104.9046111,"EAST PLUM CR ABV HASKINS GULCH NR CASTLE ROCK, CO",United States of America,303.55666972226777,7060047060,0,0,test
hysets_06709000,hysets,2921,39.43832246,-104.9830387,"PLUM CREEK NEAR SEDALIA, CO.",United States of America,708.5882209858016,7060047060,0,0,test
hysets_06709530,hysets,2921,39.50736944,-105.0244667,"PLUM CREEK AT TITAN ROAD NEAR LOUVIERS, CO",United States of America,817.7778529628944,7060047060,0,0,test
hysets_06712000,hysets,2921,39.3558234,-104.7633092,"CHERRY CREEK NEAR FRANKTOWN, CO.",United States of America,435.77965568109175,7060047060,0,0,test
hysets_06718550,hysets,2921,39.74887674,-105.3997159,"NORTH CLEAR CREEK ABOVE MOUTH NR BLACK HAWK, CO",United States of America,155.23795395357516,7060047060,0,0,test
hysets_06784000,hysets,2921,41.0325,-98.7405556,"South Loup River at Saint Michael, Nebr.",United States of America,5729.196352948874,7060047060,0,0,test
hysets_06785500,hysets,2921,41.94166667,-99.8602778,"North Loup River at Brewster, Nebr.",United States of America,4765.933364586995,7060047060,0,0,test
hysets_06794000,hysets,2921,41.4414021,-97.7347745,"Beaver Creek at Genoa, Nebr.",United States of America,1754.121485070506,7060047060,0,0,test
hysets_06795500,hysets,2921,41.5261111,-97.2816667,"Shell Creek near Columbus, Nebr.",United States of America,766.4567370910386,7060047060,0,0,test
hysets_06797500,hysets,2921,42.26844444,-98.3393611,"Elkhorn River at Ewing, Nebr.",United States of America,3660.5797228191577,7060047060,0,0,test
hysets_06799000,hysets,2921,42.00377778,-97.4260278,"Elkhorn River at Norfolk, Nebr.",United States of America,7369.044079870905,7060047060,0,0,test
hysets_06799100,hysets,2921,42.1485,-97.4785278,"North Fork Elkhorn River near Pierce, Nebr.",United States of America,1833.3474989877027,7060047060,0,0,test
hysets_06799350,hysets,2921,41.8394441,-96.7275324,"Elkhorn River at West Point, Nebr.",United States of America,12071.981162019303,7060047060,0,0,test
hysets_06799500,hysets,2921,41.71277778,-96.5219444,"Logan Creek near Uehling, Nebr.",United States of America,2622.053367232401,7060047060,0,0,test
hysets_06800000,hysets,2921,41.56116667,-96.5408333,"Maple Creek near Nickerson, Nebr.",United States of America,975.02520306686,7060047060,0,0,test
hysets_06800500,hysets,2921,41.2933333,-96.2838889,"Elkhorn River at Waterloo, Nebr.",United States of America,17964.2177496803,7060047060,0,0,test
hysets_06803510,hysets,2921,40.89305556,-96.6816667,"Little Salt Creek near Lincoln, Nebr.",United States of America,112.92491588509148,7060047060,0,0,test
hysets_06803520,hysets,2921,40.85694448,-96.5952902,"Stevens Creek near Lincoln, Nebr.",United States of America,122.83560011984692,7060047060,0,0,test
hysets_06803530,hysets,2921,41.0158333,-96.5441667,"Rock Creek near Ceresco, Nebr.",United States of America,309.1794034005393,7060047060,0,0,test
hysets_06804000,hysets,2921,41.1475,-96.5377778,"Wahoo Creek at Ithaca, Nebr.",United States of America,697.983942661319,7060047060,0,0,test
hysets_06804700,hysets,2921,41.0536111,-96.3677778,"Wahoo Creek at Ashland, Nebr.",United States of America,1083.656545892134,7060047060,0,0,test
hysets_06806500,hysets,2921,40.79416667,-95.9113889,"Weeping Water Creek at Union, Nebr.",United States of America,623.1638639440782,7060047060,0,0,test
hysets_06807410,hysets,2921,41.38999164,-95.3716666,"West Nishnabotna River at Hancock, IA",United States of America,1586.5956784879254,7060047060,0,0,test
hysets_06808500,hysets,2921,40.8730547,-95.5802746,"West Nishnabotna River at Randolph, IA",United States of America,3442.762141431231,7060047060,0,0,test
hysets_06809210,hysets,2921,41.3461012,-95.0769355,"East Nishnabotna River near Atlantic, IA",United States of America,1136.0692398605192,7060047060,0,0,test
hysets_06809500,hysets,2921,41.0086043,-95.2416582,"East Nishnabotna River at Red Oak, IA",United States of America,2314.6912131133863,7060047060,0,0,test
hysets_06810000,hysets,2921,40.60166667,-95.645,"Nishnabotna River above Hamburg, IA",United States of America,7271.968381905317,7060047060,0,0,test
hysets_06811500,hysets,2921,40.39277778,-95.8127778,"Little Nemaha River at Auburn, Nebr.",United States of America,2048.8781648295712,7060047060,0,0,test
hysets_06813000,hysets,2921,40.3391833,-95.4059056,"Tarkio River at Fairfax, MO",United States of America,1238.1533355099057,7060047060,0,0,test
hysets_06814000,hysets,2921,39.9477773,-96.1086149,"TURKEY C NR SENECA, KS",United States of America,713.0751134042146,7060047060,0,0,test
hysets_06814500,hysets,2921,40.15694485,-95.9447206,"North Fork Big Nemaha River at Humboldt, Nebr.",United States of America,1419.9207006396032,7060047060,0,0,test
hysets_06815000,hysets,2921,40.0355577,-95.5960957,"Big Nemaha River at Falls City, Nebr.",United States of America,3468.9381152451383,7060047060,0,0,test
hysets_06817000,hysets,2921,40.74327778,-95.0141944,"Nodaway River at Clarinda, IA",United States of America,1968.4930002327849,7060047060,0,0,test
hysets_06817500,hysets,2921,40.44488056,-95.0888972,"Nodaway River near Burlington Junction, MO",United States of America,3346.2233133194336,7060047060,0,0,test
hysets_06817700,hysets,2921,40.2024722,-95.0695556,"Nodaway River near Graham, MO",United States of America,3922.552402517293,7060047060,0,0,test
hysets_06820410,hysets,2921,40.1136111,-94.8383333,"One Hundred Two River near Bolckow, MO",United States of America,1667.3404058257129,7060047060,0,0,test
hysets_06820500,hysets,2921,39.68802778,-94.7026111,"Platte River near Agency, MO",United States of America,4535.197724913786,7060047060,0,0,test
hysets_06821190,hysets,2921,39.4009722,-94.7268333,"Platte River at Sharps Station, MO",United States of America,6172.259923503788,7060047060,0,0,test
hysets_06827000,hysets,2921,39.67193827,-102.0135164,"SF REPUBLICAN R NR CO-KS ST LINE, KS",United States of America,5308.536226786894,7060047060,0,0,test
hysets_06836500,hysets,2921,40.14583655,-100.6732083,"Driftwood Creek near McCook, Nebr.",United States of America,934.1661665081148,7060047060,0,0,test
hysets_06845110,hysets,2921,40.0016726,-99.9929055,"SAPPA C NR LYLE, KS",United States of America,3776.938267574258,7060047060,0,0,test
hysets_06846500,hysets,2921,39.98500557,-100.560148,"BEAVER C AT CEDAR BLUFFS, KS",United States of America,4343.414556242262,7060047060,0,0,test
hysets_06847000,hysets,2921,40.1200068,-99.8934566,"Beaver Creek near Beaver City, Nebr.",United States of America,5218.386552849087,7060047060,0,0,test
hysets_06847500,hysets,2921,40.1183333,-99.5169444,"Sappa Creek near Stamford, Nebr.",United States of America,9845.751029097515,7060047060,0,0,test
hysets_06847900,hysets,2921,39.769727,-100.1006875,"PRAIRIE DOG C AB KEITH SEBELIUS LAKE, KS",United States of America,1534.2444416030826,7060047060,0,0,test
hysets_06853800,hysets,2921,39.89918,-98.2503276,"WHITE ROCK C NR BURR OAK, KS",United States of America,591.1550426384769,7060047060,0,0,test
hysets_06860000,hysets,2921,38.7947354,-100.8584796,"SMOKY HILL R AT ELKADER, KS",United States of America,9026.088117126006,7060047060,0,0,test
hysets_06861000,hysets,2921,38.8077898,-100.0226243,"SMOKY HILL R NR ARNOLD, KS",United States of America,12887.205566077097,7060047060,0,0,test
hysets_06863500,hysets,2921,38.852234,-99.3181589,"BIG C NR HAYS, KS",United States of America,1416.9407690738265,7060047060,0,0,test
hysets_06867000,hysets,2921,38.96584479,-98.8545276,"SALINE R NR RUSSELL, KS",United States of America,3853.7302006613336,7060047060,0,0,test
hysets_06869950,hysets,2921,38.8444476,-97.6683699,"MULBERRY C NR SALINA, KS",United States of America,670.2855160793235,7060047060,0,0,test
hysets_06871000,hysets,2921,39.6730652,-99.3095409,"NF SOLOMON R AT GLADE, KS",United States of America,2422.731062907192,7060047060,0,0,test
hysets_06871500,hysets,2921,39.5594542,-99.2859298,"BOW C NR STOCKTON, KS",United States of America,901.7817698393992,7060047060,0,0,test
hysets_06873000,hysets,2921,39.37667456,-99.5801096,"SF SOLOMON R AB WEBSTER RE, KS",United States of America,2695.3613707456343,7060047060,0,0,test
hysets_06876440,hysets,2921,39.12002778,-97.7112889,"SOLOMON R NR MINNEAPOLIS, KS",United States of America,15597.591154340562,7060047060,0,0,test
hysets_06876700,hysets,2921,39.13916876,-97.8369849,"SALT C NR ADA, KS",United States of America,1050.771514327609,7060047060,0,0,test
hysets_06878000,hysets,2921,39.031109,-97.0402922,"CHAPMAN C NR CHAPMAN, KS",United States of America,775.2355148129112,7060047060,0,0,test
hysets_06880800,hysets,2921,40.7311177,-97.1775413,"West Fork Big Blue River near Dorchester, Nebr.",United States of America,3114.616474328241,7060047060,0,0,test
hysets_06881000,hysets,2921,40.59666667,-96.9605556,"Big Blue River near Crete, Nebr.",United States of America,7016.112707052876,7060047060,0,0,test
hysets_06882000,hysets,2921,40.0447222,-96.5872222,"Big Blue River at Barneston, Nebr.",United States of America,11499.572262491029,7060047060,0,0,test
hysets_06882510,hysets,2921,39.8419463,-96.6622425,"BIG BLUE R AT MARYSVILLE, KS",United States of America,12356.046953972762,7060047060,0,0,test
hysets_06883000,hysets,2921,40.3325,-98.0669444,"Little Blue River near Deweese, Nebr.",United States of America,2569.997999301755,7060047060,0,0,test
hysets_06884000,hysets,2921,40.1464722,-97.2007222,"Little Blue River near Fairbury, Nebr.",United States of America,6125.30389782758,7060047060,0,0,test
hysets_06884025,hysets,2921,39.98027778,-97.0047222,"Little Blue River at Hollenberg, KS",United States of America,7162.8708089983165,7060047060,0,0,test
hysets_06884200,hysets,2921,39.81361476,-97.0375267,"MILL C AT WASHINGTON, KS",United States of America,904.2018870363404,7060047060,0,0,test
hysets_06884400,hysets,2921,39.72583518,-96.8047432,"L BLUE R NR BARNES, KS",United States of America,8646.831961349213,7060047060,0,0,test
hysets_06885500,hysets,2921,39.68194349,-96.4427888,"BLACK VERMILLION R NR FRANKFORT, KS",United States of America,1062.220491158105,7060047060,0,0,test
hysets_06888000,hysets,2921,39.34777386,-96.2174979,"VERMILLION C NR WAMEGO, KS",United States of America,609.1089935467625,7060047060,0,0,test
hysets_06888500,hysets,2921,39.06472106,-96.1691605,"MILL C NR PAXICO, KS",United States of America,841.331823393844,7060047060,0,0,test
hysets_06889200,hysets,2921,39.23833024,-95.8885992,"SOLDIER C NR DELIA, KS",United States of America,406.0951589044883,7060047060,0,0,test
hysets_06889500,hysets,2921,39.0994439,-95.7249828,"SOLDIER C NR TOPEKA, KS",United States of America,763.0602889262757,7060047060,0,0,test
hysets_06890100,hysets,2921,39.5213873,-95.532756,"DELAWARE R NR MUSCOTAH, KS",United States of America,1129.906035622157,7060047060,0,0,test
hysets_06891260,hysets,2921,38.89194444,-95.5944444,"WAKARUSA R NR RICHLAND, KS",United States of America,426.0416351563437,7060047060,0,0,test
hysets_06892000,hysets,2921,39.1163912,-95.0108006,"STRANGER C NR TONGANOXIE, KS",United States of America,1091.1901011287275,7060047060,0,0,test
hysets_06892360,hysets,2921,38.95666667,-94.9736111,"KILL C AT 95TH ST NR DESOTO, KS",United States of America,124.1139243914835,7060047060,0,0,test
hysets_06892513,hysets,2921,39.02916667,-94.8172222,"MILL C AT JOHNSON DRIVE, SHAWNEE, KS",United States of America,150.49796311660208,7060047060,0,0,test
hysets_06893100,hysets,2921,38.8422222,-94.6122222,"BLUE R AT KENNETH RD, OVERLAND PARK, KS",United States of America,170.2408035945027,7060047060,0,0,test
hysets_06893150,hysets,2921,38.88941667,-94.5806667,"Blue River at Blue Ridge Blvd Ext in KC, MO",United States of America,240.967703756609,7060047060,0,0,test
hysets_06893390,hysets,2921,38.9383333,-94.6077778,"INDIAN C AT STATE LINE RD, LEAWOOD, KS",United States of America,167.17185917565033,7060047060,0,0,test
hysets_06893578,hysets,2921,39.0583384,-94.5118983,"Blue River at Stadium Drive in Kansas City, MO",United States of America,658.7152701982847,7060047060,0,0,test
hysets_06893820,hysets,2921,39.0173611,-94.3872778,Little Blue R. at Lees Summit Rd in Independence,United States of America,254.46212445244032,7060047060,0,0,test
hysets_06893890,hysets,2921,39.02556175,-94.3438385,"East Fork Little Blue River near Blue Springs, MO",United States of America,88.77611235428378,7060047060,0,0,test
hysets_06894000,hysets,2921,39.1005609,-94.3005038,"Little Blue River near Lake City, MO",United States of America,480.532560158988,7060047060,0,0,test
hysets_06895000,hysets,2921,39.33266389,-93.98,"Crooked River near Richmond, MO",United States of America,412.2919804543543,7060047060,0,0,test
hysets_06897500,hysets,2921,39.9269517,-93.9427225,"Grand River near Gallatin, MO",United States of America,5812.390594996492,7060047060,0,0,test
hysets_06898000,hysets,2921,40.64027956,-93.8082796,"Thompson River at Davis City, IA",United States of America,1799.061979780761,7060047060,0,0,test
hysets_06899500,hysets,2921,40.06930556,-93.6380278,"Thompson River at Trenton, MO",United States of America,4473.805632908446,7060047060,0,0,test
hysets_06900050,hysets,2921,40.0266111,-93.4362222,"Medicine Creek near Laredo, MO",United States of America,953.203776614829,7060047060,0,0,test
hysets_06901500,hysets,2921,39.89594444,-93.2365278,"Locust Creek near Linneus, MO",United States of America,1435.100903310637,7060047060,0,0,test
hysets_06906800,hysets,2921,38.70225,-92.9788333,"Lamine River near Otterville, MO",United States of America,1413.7166891410711,7060047060,0,0,test
hysets_06909500,hysets,2921,39.1208333,-92.5672222,"Moniteau Creek near Fayette, MO",United States of America,194.52194147234167,7060047060,0,0,test
hysets_06910750,hysets,2921,38.52902778,-92.1920278,"Moreau River near Jefferson City, MO",United States of America,1457.067535448348,7060047060,0,0,test
hysets_06911900,hysets,2921,38.7091737,-95.8383205,"DRAGOON C NR BURLINGAME, KS",United States of America,292.38859673573944,7060047060,0,0,test
hysets_06914500,hysets,2921,38.4439057,-95.084136,"POTTAWATOMIE C AT LANE, KS",United States of America,1290.3817653818046,7060047060,0,0,test
hysets_06917000,hysets,2921,38.00892428,-94.7041264,"L OSAGE R AT FULTON, KS",United States of America,766.9933721680009,7060047060,0,0,test
hysets_06917060,hysets,2921,37.99480556,-94.3693056,"Little Osage River at Horton, MO",United States of America,1287.9769355517776,7060047060,0,0,test
hysets_06917240,hysets,2921,37.83559565,-94.981361,"MARMATON R NR UNIONTOWN, KS",United States of America,213.2208276675572,7060047060,0,0,test
hysets_06917500,hysets,2921,37.848929,-94.7027392,"MARMATON R NR FORT SCOTT, KS",United States of America,1057.503112697474,7060047060,0,0,test
hysets_06917560,hysets,2921,37.8647222,-94.5822222,"Marmaton River near Richards, MO",United States of America,1178.208075127665,7060047060,0,0,test
hysets_06918060,hysets,2921,37.86202778,-94.39925,"Marmaton River near Nevada, MO",United States of America,2771.404822612767,7060047060,0,0,test
hysets_06918440,hysets,2921,37.44313889,-93.6848889,"Sac River near Dadeville, MO",United States of America,670.5998671778852,7060047060,0,0,test
hysets_06918460,hysets,2921,37.4023611,-93.8020278,"Turnback Creek above Greenfield, MO",United States of America,649.5596104440505,7060047060,0,0,test
hysets_06918740,hysets,2921,37.4828611,-93.4856389,"Little Sac River near Morrisville, MO",United States of America,609.1915605153013,7060047060,0,0,test
hysets_06919500,hysets,2921,37.83420277,-93.8754918,"Cedar Creek near Pleasant View, MO",United States of America,1068.74427877951,7060047060,0,0,test
hysets_06921070,hysets,2921,37.68266667,-93.3703333,"Pomme de Terre River near Polk, MO",United States of America,711.7950830284616,7060047060,0,0,test
hysets_06921200,hysets,2921,37.7504722,-93.2661944,"Lindley Creek near Polk, MO",United States of America,323.4371480916003,7060047060,0,0,test
hysets_06921590,hysets,2921,38.49158056,-94.3442444,"South Grand River at Archie, MO",United States of America,915.9169365735004,7060047060,0,0,test
hysets_06921720,hysets,2921,38.55497778,-93.9653528,"Big Creek near Blairstown, MO",United States of America,1077.7848062256996,7060047060,0,0,test
hysets_06923250,hysets,2921,37.6842067,-92.9243495,"Niangua River at Windyville, MO",United States of America,872.0981388542003,7060047060,0,0,test
hysets_06923950,hysets,2921,37.93694444,-92.8513611,"Niangua River at Tunnel Dam near Macks Creek, MO",United States of America,1545.1884760700082,7060047060,0,0,test
hysets_06927000,hysets,2921,38.43180556,-91.9886111,"Maries River at Westphalia, MO",United States of America,666.4704131697493,7060047060,0,0,test
hysets_06927240,hysets,2921,38.76,-91.8402778,"Auxvasse Creek near Reform, MO",United States of America,754.831176916039,7060047060,0,0,test
hysets_06928000,hysets,2921,37.75920725,-92.4518383,"Gasconade River near Hazelgreen, MO",United States of America,3273.1408168497887,7060047060,0,0,test
hysets_06928300,hysets,2921,37.6010833,-92.2338056,"Roubidoux Creek above Fort Leonard Wood, MO",United States of America,427.7964009147208,7060047060,0,0,test
hysets_06928420,hysets,2921,37.79194444,-92.1833333,Roubidoux Creek at Polla Rd bl Ft. Leonard Wood,United States of America,694.5148802371641,7060047060,0,0,test
hysets_06930000,hysets,2921,37.66563889,-92.0499167,"Big Piney River near Big Piney, MO",United States of America,1427.6737950426725,7060047060,0,0,test
hysets_06930060,hysets,2921,37.76025,-92.0579722,"Big Piney below Fort Leonard Wood, MO",United States of America,1535.653517033968,7060047060,0,0,test
hysets_06932000,hysets,2921,37.90952778,-91.9033333,"Little Piney Creek at Newburg, MO",United States of America,513.7202603640436,7060047060,0,0,test
hysets_06933500,hysets,2921,37.92991667,-91.9773333,"Gasconade River at Jerome, MO",United States of America,7337.42175818496,7060047060,0,0,test
hysets_06934000,hysets,2921,38.38880556,-91.8198889,"Gasconade River near Rich Fountain, MO",United States of America,8259.31624826595,7060047060,0,0,test
hysets_06936475,hysets,2921,38.818,-90.25125,"Coldwater Creek near Black Jack, MO",United States of America,105.6647579280208,7060047060,0,0,test
hysets_06AD006,hysets,2921,54.35516,-110.2173,BEAVER RIVER AT COLD LAKE RESERVE,Canada,14440.39071957204,7060021740,1,1,val
hysets_06AF001,hysets,2921,54.56602,-109.8424,COLD RIVER AT OUTLET OF COLD LAKE,Canada,6485.901222854787,7060021740,1,1,val
hysets_06AG002,hysets,2921,54.93069,-107.7441,DORE RIVER NEAR THE MOUTH,Canada,2964.004521447531,7060021740,1,1,val
hysets_06BA002,hysets,2921,55.71444,-109.3968,DILLON RIVER BELOW DILLON LAKE,Canada,2317.1070785496327,7060021740,1,1,val
hysets_06BB003,hysets,2921,55.92317,-107.7257,CHURCHILL RIVER NEAR PATUANAK,Canada,78352.67350107043,7060021740,1,1,val
hysets_06BB005,hysets,2921,55.39683,-108.0188,CANOE RIVER NEAR BEAUVAL,Canada,4720.115722498876,7060021740,1,1,val
hysets_06BD001,hysets,2921,56.24522,-106.5634,HAULTAIN RIVER ABOVE NORBERT RIVER,Canada,3651.7303772861815,7060021740,1,1,val
hysets_06CD002,hysets,2921,55.64769,-104.736,CHURCHILL RIVER ABOVE OTTER RAPIDS,Canada,117985.2745520831,7060021740,1,1,val
hysets_06DA004,hysets,2921,57.58417,-104.1854,GEIKIE RIVER BELOW WHEELER RIVER,Canada,7690.697583574453,7060021740,1,1,val
hysets_06DC001,hysets,2921,57.08933,-103.7095,WATHAMAN RIVER BELOW WATHAMAN LAKE,Canada,10193.804948513394,7060021740,1,1,val
hysets_06FB002,hysets,2921,57.65328,-95.66386,LITTLE BEAVER RIVER NEAR THE MOUTH,Canada,4252.796195615413,7060021740,1,1,val
hysets_07010350,hysets,2921,37.8291472,-91.4374833,"Meramec River at Cook Station, MO",United States of America,515.1727774851314,7060047060,0,0,test
hysets_07013000,hysets,2921,37.9984722,-91.3609444,"Meramec River near Steelville, MO",United States of America,2020.035794557604,7060047060,0,0,test
hysets_07014000,hysets,2921,37.97476757,-91.2045842,"Huzzah Creek near Steelville, MO",United States of America,663.4038600991938,7060047060,0,0,test
hysets_07014500,hysets,2921,38.15852778,-91.1084722,"Meramec River near Sullivan, MO",United States of America,3842.995891698791,7060047060,0,0,test
hysets_07016500,hysets,2921,38.44413889,-90.9954722,"Bourbeuse River at Union, MO",United States of America,2079.137957540259,7060047060,0,0,test
hysets_07018100,hysets,2921,38.1596111,-90.7060556,"Big River near Richwoods, MO",United States of America,1914.453585641991,7060047060,0,0,test
hysets_07018500,hysets,2921,38.3917222,-90.6378056,"Big River at Byrnesville, MO",United States of America,2377.5794680298845,7060047060,0,0,test
hysets_07019000,hysets,2921,38.5056094,-90.591792,"Meramec River near Eureka, MO",United States of America,9801.097841065504,7060047060,0,0,test
hysets_07020550,hysets,2921,37.73694444,-89.9283333,"South Fork Saline Creek near Perryville, MO",United States of America,143.05775340800642,7060047060,0,0,test
hysets_07024500,hysets,2921,36.1181209,-88.8108946,"SOUTH FORK OBION RIVER NEAR GREENFIELD, TN",United States of America,990.575069209718,7060047060,0,0,test
hysets_07025400,hysets,2921,36.4053095,-88.854768,"NORTH FORK OBION RIVER NEAR MARTIN, TENN (CE)",United States of America,955.6162265651808,7060047060,0,0,test
hysets_07026040,hysets,2921,36.2408294,-89.217644,"OBION RIVER AT HWY 51 NEAR OBION, TN",United States of America,4760.653962471253,7060047060,0,0,test
hysets_07027720,hysets,2921,35.71876687,-89.2122764,"SOUTH FORK FORKED DEER RIVER NEAR OWL CITY, TN",United States of America,1992.6151578552328,7060047060,0,0,test
hysets_07029500,hysets,2921,35.27532938,-88.9766303,"HATCHIE RIVER AT BOLIVAR, TN",United States of America,3793.743701733952,7060047060,0,0,test
hysets_07030050,hysets,2921,35.63733496,-89.609455,"HATCHIE RIVER AT RIALTO, TN",United States of America,5979.603429240145,7060047060,0,0,test
hysets_07030392,hysets,2921,35.03258978,-89.246736,"WOLF RIVER AT LAGRANGE, TN",United States of America,543.6375997766178,7060047060,0,0,test
hysets_07030500,hysets,2921,35.05425748,-89.5411896,"WOLF RIVER AT ROSSVILLE, TN",United States of America,1303.6036014517954,7060047060,0,0,test
hysets_07031650,hysets,2921,35.11647925,-89.8014742,"WOLF RIVER AT GERMANTOWN, TN",United States of America,1804.931130605856,7060047060,0,0,test
hysets_07035800,hysets,2921,37.50241667,-90.4578889,"St. Francis River near Mill Creek, MO",United States of America,1308.6185315102489,7060047060,0,0,test
hysets_07036100,hysets,2921,37.3845,-90.4738611,"St. Francis River near Saco, MO",United States of America,1711.2254268736674,7060047060,0,0,test
hysets_07037300,hysets,2921,37.26116219,-90.5065054,"Big Creek at Sam A Baker State Park, MO",United States of America,490.7074960895679,7060047060,0,0,test
hysets_07037500,hysets,2921,37.19452778,-90.5033056,"St. Francis River near Patterson, MO",United States of America,2456.379058770851,7060047060,0,0,test
hysets_07047942,hysets,2921,35.1447222,-90.8780556,"LAnguille River near Colt, AR",United States of America,1390.699776345995,7060047060,0,0,test
hysets_07047950,hysets,2921,34.97277778,-90.8855556,"LAnguille River at Palestine, AR",United States of America,2073.258087235048,7060047060,0,0,test
hysets_07048550,hysets,2921,36.05388889,-94.0830556,"West Fork White River east of Fayetteville, AR",United States of America,310.6443565488372,7060047060,0,0,test
hysets_07050500,hysets,2921,36.4272222,-93.6208333,"Kings River near Berryville, AR",United States of America,1368.4406674148204,7060047060,0,0,test
hysets_07052345,hysets,2921,36.97488889,-93.3278889,"Finley Creek below Riverdale, MO",United States of America,669.4697526832688,7060047060,0,0,test
hysets_07052500,hysets,2921,36.80538889,-93.4615833,"James River at Galena, MO",United States of America,2567.877516807002,7060047060,0,0,test
hysets_07052820,hysets,2921,36.7506175,-93.6185264,"Flat Creek below Jenkins, MO",United States of America,711.1447436611624,7060047060,0,0,test
hysets_07053810,hysets,2921,36.71775,-93.2068056,"Bull Creek near Walnut Shade, MO",United States of America,507.2126972695228,7060047060,0,0,test
hysets_07055607,hysets,2921,36.23027778,-92.7094444,"Crooked Creek at Kelly Crossing at Yellville, AR",United States of America,1042.1138801008676,7060047060,0,0,test
hysets_07055646,hysets,2921,35.93888889,-93.405,"Buffalo River near Boxley, AR",United States of America,153.09997039583638,7060047060,0,0,test
hysets_07056515,hysets,2921,35.94,-92.7133333,"Bear Creek near Silver Hill, AR",United States of America,220.96608583909887,7060047060,0,0,test
hysets_07057500,hysets,2921,36.62302778,-92.2481389,"North Fork River near Tecumseh, MO",United States of America,1456.0396651529509,7060047060,0,0,test
hysets_07058000,hysets,2921,36.6272222,-92.3060556,"Bryant Creek near Tecumseh, MO",United States of America,1474.2313890343837,7060047060,0,0,test
hysets_07061900,hysets,2921,37.2474722,-90.9654722,"Logan Creek at Ellington, MO",United States of America,360.1738070108066,7060047060,0,0,test
hysets_07064533,hysets,2921,37.37569444,-91.5528056,"Current River above Akers, MO",United States of America,763.0936864323415,7060047060,0,0,test
hysets_07065200,hysets,2921,37.05616377,-91.6681988,"Jacks Fork near Mountain View, MO",United States of America,486.2545877200177,7060047060,0,0,test
hysets_07065495,hysets,2921,37.14816667,-91.4430833,"Jacks Fork at Alley Spring, MO",United States of America,794.1247138474142,7060047060,0,0,test
hysets_07066000,hysets,2921,37.1540833,-91.3581667,"Jacks Fork at Eminence, MO",United States of America,1053.0647686967004,7060047060,0,0,test
hysets_07067000,hysets,2921,36.99138889,-91.0135,"Current River at Van Buren, MO",United States of America,4333.515610634649,7060047060,0,0,test
hysets_07068000,hysets,2921,36.62200294,-90.8476225,"Current River at Doniphan, MO",United States of America,5315.16189226089,7060047060,0,0,test
hysets_07071500,hysets,2921,36.64869444,-91.2008333,"Eleven Point River near Bardley, MO",United States of America,2023.11415177516,7060047060,0,0,test
hysets_07072000,hysets,2921,36.34638889,-91.1141667,"Eleven Point River near Ravenden Springs, AR",United States of America,2887.1354372693345,7060047060,0,0,test
hysets_07072500,hysets,2921,36.1025,-91.0977778,"Black River at Black Rock, AR",United States of America,18988.337233550927,7060047060,0,0,test
hysets_07074850,hysets,2921,35.29444444,-91.3941667,"White River near Augusta, AR",United States of America,52572.82279529704,7060047060,0,0,test
hysets_07075000,hysets,2921,35.65666667,-92.2927778,"Middle Fork of Little Red River at Shirley, AR",United States of America,693.7129609565674,7060047060,0,0,test
hysets_07077380,hysets,2921,35.8575,-90.9330556,"Cache River at Egypt, AR",United States of America,1857.092903155676,7060047060,0,0,test
hysets_07096250,hysets,2921,38.66388094,-105.228041,"FOURMILE CREEK BELOW CRIPPLE CREEK NEAR VICTOR, CO",United States of America,701.7029025846676,7060047060,0,0,test
hysets_07105600,hysets,2921,38.78832768,-104.773862,"SAND CREEK ABOVE MOUTH AT COLORADO SPRINGS, CO",United States of America,134.15001704662475,7060047060,0,0,test
hysets_07105900,hysets,2921,38.6844413,-104.688583,"JIMMY CAMP CREEK AT FOUNTAIN, CO.",United States of America,170.05728627651283,7060047060,0,0,test
hysets_07106000,hysets,2921,38.6016647,-104.6702503,"FOUNTAIN CREEK NEAR FOUNTAIN, CO.",United States of America,1767.0089479378764,7060047060,0,0,test
hysets_07116500,hysets,2921,38.2250024,-104.2607996,"HUERFANO RIVER NEAR BOONE, CO.",United States of America,4798.422280213937,7060047060,0,0,test
hysets_07119500,hysets,2921,38.1085,-103.9676111,"APISHAPA RIVER NEAR FOWLER, CO",United States of America,2773.593349995617,7060047060,0,0,test
hysets_07121500,hysets,2921,38.0030644,-103.6560588,"TIMPAS CREEK AT MOUTH NEAR SWINK, CO.",United States of America,1301.9552927614686,7060047060,0,0,test
hysets_07124200,hysets,2921,37.12946459,-104.6399888,"PURGATOIRE RIVER AT MADRID, CO.",United States of America,1305.718838367792,7060047060,0,0,test
hysets_07126300,hysets,2921,37.3564059,-103.9002383,"PURGATOIRE RIVER NEAR THATCHER, CO.",United States of America,4987.365404654543,7060047060,0,0,test
hysets_07128500,hysets,2921,38.0342222,-103.2014167,"PURGATOIRE RIVER NEAR LAS ANIMAS, CO",United States of America,8934.415733886595,7060047060,0,0,test
hysets_07140900,hysets,2921,38.07527778,-99.9169444,"BUCKNER C NR JETMORE, KS",United States of America,834.9706971767293,7060047060,0,0,test
hysets_07141200,hysets,2921,38.2075145,-99.4062247,"PAWNEE R AT ROZEL, KS",United States of America,6243.92435679515,7060047060,0,0,test
hysets_07141780,hysets,2921,38.47723614,-99.4381656,"WALNUT C AT NEKOMA, KS",United States of America,3316.392466089098,7060047060,0,0,test
hysets_07141900,hysets,2921,38.46167948,-99.014817,"WALNUT C AT ALBERT, KS",United States of America,4166.017234379624,7060047060,0,0,test
hysets_07142300,hysets,2921,37.8716826,-98.8762067,"RATTLESNAKE C NR MACKSVILLE, KS",United States of America,1818.935273410905,7060047060,0,0,test
hysets_07142575,hysets,2921,38.0936248,-98.5461894,"RATTLESNAKE C NR ZENITH, KS",United States of America,2684.0242387129097,7060047060,0,0,test
hysets_07143300,hysets,2921,38.3083438,-98.1920045,"COW C NR LYONS, KS",United States of America,1872.4498072827828,7060047060,0,0,test
hysets_07143672,hysets,2921,38.0286223,-97.540597,"L ARKANSAS R AT HWY 50 NR HALSTEAD, KS",United States of America,2001.292530667072,7060047060,0,0,test
hysets_07144100,hysets,2921,37.88306739,-97.4244864,"L ARKANSAS R NR SEDGWICK, KS",United States of America,3197.575115602156,7060047060,0,0,test
hysets_07144200,hysets,2921,37.83223425,-97.3889317,"L ARKANSAS R AT VALLEY CENTER, KS",United States of America,3374.7491075375056,7060047060,0,0,test
hysets_07144300,hysets,2921,37.64334849,-97.3353227,"ARKANSAS R AT WICHITA, KS",United States of America,108478.64079620824,7060047060,0,0,test
hysets_07144550,hysets,2921,37.54418457,-97.2755999,"ARKANSAS R AT DERBY, KS",United States of America,109246.93177174185,7060047060,0,0,test
hysets_07144780,hysets,2921,37.8625129,-98.0139449,"NF NINNESCAH R AB CHENEY RE, KS",United States of America,2077.70300105764,7060047060,0,0,test
hysets_07145700,hysets,2921,37.24946707,-97.4036569,"SLATE C AT WELLINGTON, KS",United States of America,399.8110991109852,7060047060,0,0,test
hysets_07148400,hysets,2921,36.81503056,-98.6481395,"Salt Fork Arkansas River nr Alva, OK",United States of America,2543.8075164916577,7060047060,0,0,test
hysets_07149000,hysets,2921,37.03891547,-98.4709092,"MEDICINE LODGE R NR KIOWA, KS",United States of America,2289.610814669926,7060047060,0,0,test
hysets_07151500,hysets,2921,37.12891225,-97.6019945,"CHIKASKIA R NR CORBIN, KS",United States of America,2107.6582394066418,7060047060,0,0,test
hysets_07157940,hysets,2921,37.03197269,-99.4795615,"BLUFF C NR BUTTERMILK, KS",United States of America,1778.219247153288,7060047060,0,0,test
hysets_07165750,hysets,2921,37.98252814,-96.0238817,"VERDIGRIS R NR VIRGIL, KS",United States of America,802.542596247587,7060047060,0,0,test
hysets_07167500,hysets,2921,37.70808736,-96.2236107,"OTTER C AT CLIMAX, KS",United States of America,319.34701114869057,7060047060,0,0,test
hysets_07169800,hysets,2921,37.37559729,-96.185548,"ELK R AT ELK FALLS, KS",United States of America,564.6695583024651,7060047060,0,0,test
hysets_07172000,hysets,2921,37.00393886,-96.3166638,"CANEY R NR ELGIN, KS",United States of America,1110.623476927082,7060047060,0,0,test
hysets_07184000,hysets,2921,37.2811711,-95.0327428,"LIGHTNING C NR MCCUNE, KS",United States of America,512.9445303230283,7060047060,0,0,test
hysets_07184500,hysets,2921,37.19379589,-95.1924979,"LABETTE C NR OSWEGO, KS",United States of America,551.3254094442689,7060047060,0,0,test
hysets_07185700,hysets,2921,37.15027778,-94.0613889,"Spring River at La Russell, MO",United States of America,791.6066833809093,7060047060,0,0,test
hysets_07185765,hysets,2921,37.18863889,-94.3259167,"Spring River at Carthage, MO",United States of America,1158.084162256049,7060047060,0,0,test
hysets_07186000,hysets,2921,37.2456111,-94.5664167,"Spring River near Waco, MO",United States of America,2997.533619088136,7060047060,0,0,test
hysets_07187000,hysets,2921,37.02316667,-94.5165556,"Shoal Creek above Joplin, MO",United States of America,1107.7161487628846,7060047060,0,0,test
hysets_07187600,hysets,2921,37.0236757,-94.7210595,"SPRING R NR BAXTER SPRINGS, KS",United States of America,6334.226053362072,7060047060,0,0,test
hysets_07188653,hysets,2921,36.6158611,-94.1822222,"Big Sugar Creek near Powell, MO",United States of America,366.5851074101597,7060047060,0,0,test
hysets_07188838,hysets,2921,36.583962,-94.3732693,"Little Sugar Creek near Pineville, MO",United States of America,505.5806737752383,7060047060,0,0,test
hysets_07188885,hysets,2921,36.59927778,-94.4496389,"Indian Creek near Lanagan, MO",United States of America,616.4739076135173,7060047060,0,0,test
hysets_07191160,hysets,2921,36.36452259,-94.5513299,"Spavinaw Creek near Maysville, AR",United States of America,229.8497041388308,7060047060,0,0,test
hysets_07191179,hysets,2921,36.3420235,-94.58772,"Spavinaw Creek near Cherokee City, AR",United States of America,266.9605454325935,7060047060,0,0,test
hysets_071912213,hysets,2921,36.3225808,-94.6852238,"Spavinaw Creek near Colcord, OK",United States of America,420.8641984516415,7060047060,0,0,test
hysets_07191222,hysets,2921,36.35535924,-94.7763388,"Beaty Creek near Jay, OK",United States of America,153.7827391497778,7060047060,0,0,test
hysets_07194800,hysets,2921,36.10305556,-94.3444444,"Illinois River at Savoy, AR",United States of America,434.5568984403809,7060047060,0,0,test
hysets_07195400,hysets,2921,36.1447222,-94.4947222,Illinois River at Hwy. 16 near Siloam Springs AR,United States of America,1316.896766587936,7060047060,0,0,test
hysets_07195430,hysets,2921,36.1086111,-94.5333333,"Illinois River South of Siloam Springs, AR",United States of America,1468.4064314096254,7060047060,0,0,test
hysets_07197360,hysets,2921,35.7850906,-94.8563398,"Caney Creek near Barber, OK",United States of America,232.64954175133315,7060047060,0,0,test
hysets_07203000,hysets,2921,36.68102778,-104.7863944,"VERMEJO RIVER NEAR DAWSON, NM",United States of America,892.486517114625,7060047060,0,0,test
hysets_07211500,hysets,2921,36.29756944,-104.4954722,"CANADIAN RIVER NEAR TAYLOR SPRINGS, NM",United States of America,7218.187040762064,7060047060,0,0,test
hysets_07216500,hysets,2921,35.8908722,-105.1636194,"MORA RIVER NEAR GOLONDRINAS, NM",United States of America,690.2370730926039,7060047060,0,0,test
hysets_07226500,hysets,2921,35.43852778,-103.5257944,"UTE CREEK NEAR LOGAN, NM",United States of America,5241.944556299031,7060047060,0,0,test
hysets_07233500,hysets,2921,36.20225497,-101.305993,"Palo Duro Ck nr Spearman, TX",United States of America,2908.5706129031805,7060047060,0,0,test
hysets_07249400,hysets,2921,35.1625,-94.4069444,"James Fork near Hackett, AR",United States of America,380.0697546532514,7060047060,0,0,test
hysets_07260673,hysets,2921,35.3247222,-92.8730556,"West Fork Point Remove Creek near Hattieville, AR",United States of America,573.630480954617,7060047060,0,0,test
hysets_07261500,hysets,2921,34.8725,-93.6572222,"Fourche LaFave River Near Gravelly, AR",United States of America,1062.3337491309526,7060047060,0,0,test
hysets_07268000,hysets,2921,34.4825,-89.2244444,"LITTLE TALLAHATCHIE RIVER AT ETTA, MS",United States of America,1353.655196588022,7060047060,0,0,test
hysets_07275900,hysets,2921,34.9075,-89.7533333,"COLDWATER RIVER NR OLIVE BRANCH, MS",United States of America,495.6055401115648,7060047060,0,0,test
hysets_07283000,hysets,2921,33.9736111,-89.3477778,"SKUNA RIVER AT BRUCE, MS",United States of America,590.4732419599547,7060047060,0,0,test
hysets_07290000,hysets,2921,32.34777778,-90.6969444,"BIG BLACK RIVER NR BOVINA, MS",United States of America,7126.17685803801,7060047060,0,0,test
hysets_07292500,hysets,2921,31.3247222,-91.1094444,"HOMOCHITTO RIVER AT ROSETTA, MS",United States of America,2074.537662478158,7060047060,0,0,test
hysets_07299670,hysets,2921,34.35451979,-99.7403719,"Groesbeck Ck at SH 6 nr Quanah, TX",United States of America,828.3636375104356,7060047060,0,0,test
hysets_07301410,hysets,2921,35.47310419,-100.1209501,"Sweetwater Ck nr Kelton, TX",United States of America,766.4031636028102,7060047060,0,0,test
hysets_07308200,hysets,2921,34.1795833,-99.3233333,"Pease Rv nr Vernon, TX",United States of America,9142.102983929972,7060047060,0,0,test
hysets_07311700,hysets,2921,33.82064216,-99.7864822,"N Wichita Rv nr Truscott, TX",United States of America,2456.0546314516337,7060047060,0,0,test
hysets_07311800,hysets,2921,33.644257,-99.8009252,"S Wichita Rv nr Benjamin, TX",United States of America,1438.1820749448875,7060047060,0,0,test
hysets_07311900,hysets,2921,33.70036966,-99.3886905,"Wichita Rv nr Seymour, TX",United States of America,4773.347115664305,7060047060,0,0,test
hysets_07315200,hysets,2921,33.81287833,-98.0850406,"E Fk Little Wichita Rv nr Henrietta, TX",United States of America,501.7730858403654,7060047060,0,0,test
hysets_07315700,hysets,2921,34.00426516,-97.566968,"Mud Creek near Courtney, OK",United States of America,1488.6367428983112,7060047060,0,0,test
hysets_07332390,hysets,2921,34.383426,-96.6005579,"Blue River near Connerville, OK",United States of America,420.501688776008,7060047060,0,0,test
hysets_07337900,hysets,2921,34.09760677,-94.9021667,"Glover River near Glover, OK",United States of America,830.8292069336003,7060047060,0,0,test
hysets_07338750,hysets,2921,34.4623262,-94.6352202,"Mountain Fork at Smithville, OK",United States of America,835.0409195783587,7060047060,0,0,test
hysets_07340300,hysets,2921,34.38,-94.2363889,"Cossatot River near Vandervoort, AR",United States of America,230.6529468825697,7060047060,0,0,test
hysets_07343000,hysets,2921,33.47483009,-95.5877347,"N Sulphur Rv nr Cooper, TX",United States of America,789.0302903050856,7060047060,0,0,test
hysets_07346045,hysets,2921,32.7779173,-94.3574153,"Black Cypress Bayou at Jefferson, TX",United States of America,960.0379966747628,7060047060,0,0,test
hysets_07346050,hysets,2921,32.6726406,-94.7510435,"Little Cypress Ck nr Ore City, TX",United States of America,1018.9066516602117,7060047060,0,0,test
hysets_07346070,hysets,2921,32.71291998,-94.3460265,"Little Cypress Bayou nr Jefferson, TX",United States of America,1790.9680586577383,7060047060,0,0,test
hysets_07348700,hysets,2921,32.9945813,-93.39656,"Bayou Dorcheat near Springhill, LA",United States of America,1499.6548483765328,7060047060,0,0,test
hysets_07352000,hysets,2921,32.2501572,-92.9765484,"Saline Bayou near Lucky, LA",United States of America,363.94419149243146,7060047060,0,0,test
hysets_07359002,hysets,2921,34.4261111,-92.8908333,"Ouachita River at Remmel Dam above Jones Mill, AR",United States of America,4001.441308577264,7060047060,0,0,test
hysets_07359610,hysets,2921,34.38277778,-93.6061111,"Caddo River near Caddo Gap, AR",United States of America,342.0667524501259,7060047060,0,0,test
hysets_07362100,hysets,2921,33.37527778,-92.7766667,"Smackover Creek near Smackover, AR",United States of America,996.5045527847134,7060047060,0,0,test
hysets_07363000,hysets,2921,34.56777778,-92.6102778,"Saline River at Benton, AR",United States of America,1431.0989685523225,7060047060,0,0,test
hysets_07363400,hysets,2921,34.2286111,-92.3725,"Hurricane Creek below Sheridan, AR",United States of America,676.2591169111753,7060047060,0,0,test
hysets_07363500,hysets,2921,33.7008333,-92.0258333,"Saline River near Rye, AR",United States of America,5431.01302598899,7060047060,0,0,test
hysets_07364150,hysets,2921,33.62777778,-91.4458333,"Bayou Bartholomew near McGehee, AR",United States of America,1573.830255139223,7060047060,0,0,test
hysets_07367005,hysets,2921,32.50027778,-92.1197222,"Ouachita River at West Monroe, LA",United States of America,38985.76405366166,7060047060,0,0,test
hysets_07372050,hysets,2921,31.93694444,-92.6033333,"Dugdemona River near Joyce, LA",United States of America,1906.014228194252,7060047060,0,0,test
hysets_07372200,hysets,2921,31.7543363,-92.3445833,"Little River near Rochelle, LA",United States of America,4916.624622841582,7060047060,0,0,test
hysets_07375280,hysets,2921,31.0122222,-90.4611111,"TANGIPAHOA RIVER AT OSYKA, MS",United States of America,407.9917659403405,7060046900,4,4,train
hysets_07375500,hysets,2921,30.50658047,-90.3617524,"Tangipahoa River at Robert, LA",United States of America,1675.2789618103218,7060046900,4,4,train
hysets_07376000,hysets,2921,30.5038016,-90.6773163,"Tickfaw River at Holden, LA",United States of America,649.5049273218954,7060046900,4,4,train
hysets_07377000,hysets,2921,30.8890694,-90.8445454,"Amite River near Darlington, LA",United States of America,1526.025289191595,7060046900,4,4,train
hysets_07378500,hysets,2921,30.464079,-90.99038,"Amite River near Denham Springs, LA",United States of America,3452.79643627255,7060046900,4,4,train
hysets_07382000,hysets,2921,31.00027778,-92.3802778,"Bayou Cocodrie near Clearwater, LA",United States of America,627.873753887452,7060047480,3,3,train
hysets_08013000,hysets,2921,30.99666667,-92.6736111,"Calcasieu River nr Glenmora, LA",United States of America,1294.969820274728,7060047800,2,2,train
hysets_08013500,hysets,2921,30.6404757,-92.8140368,"Calcasieu River near Oberlin, LA",United States of America,1968.6005002149093,7060047800,2,2,train
hysets_08014500,hysets,2921,30.69875,-92.8931944,"Ouiska Chitto Creek Near Oberlin, LA",United States of America,1306.464175958812,7060047800,2,2,train
hysets_08014800,hysets,2921,30.81880557,-93.2301619,"Bundick Creek near DeRidder, LA",United States of America,310.5576362158035,7060047800,2,2,train
hysets_08023080,hysets,2921,31.9627225,-93.9411609,"Bayou Grand Cane near Stanley, LA",United States of America,187.4924192611417,7060047850,3,3,train
hysets_08028000,hysets,2921,30.95297038,-93.3529438,"Bayou Anacoco near Rosepine, LA",United States of America,945.9908472586452,7060047850,3,3,train
hysets_08033900,hysets,2921,31.86017169,-94.8232697,"E Fk Angelina Rv nr Cushing, TX",United States of America,407.9731716267296,7060047850,3,3,train
hysets_08040600,hysets,2921,30.79103579,-94.1510237,"Neches Rv nr Town Bluff, TX",United States of America,19628.61749174892,7060047850,3,3,train
hysets_08041500,hysets,2921,30.3979862,-94.2635215,"Village Ck nr Kountze, TX",United States of America,2231.5153790384475,7060047850,3,3,train
hysets_08048800,hysets,2921,32.80735146,-97.2486256,"Big Fossil Ck at Haltom City, TX",United States of America,136.88644110247375,7060047970,1,1,val
hysets_08048970,hysets,2921,32.60346909,-97.2650142,"Village Ck at Everman, TX",United States of America,233.5887868023748,7060047970,1,1,val
hysets_08061540,hysets,2921,32.95984447,-96.6144378,"Rowlett Ck nr Sachse, TX",United States of America,310.4378849578874,7060047970,1,1,val
hysets_08064700,hysets,2921,31.84849638,-96.2899755,"Tehuacana Ck nr Streetman, TX",United States of America,368.7418272981299,7060047970,1,1,val
hysets_08065800,hysets,2921,30.8847222,-95.7777778,"Bedias Ck nr Madisonville, TX",United States of America,856.7894735693723,7060047970,1,1,val
hysets_08066200,hysets,2921,30.716306,-94.9588237,"Long King Ck at Livingston, TX",United States of America,365.9464731199403,7060047970,1,1,val
hysets_08066300,hysets,2921,30.48138889,-94.7797222,"Menard Ck nr Rye, TX",United States of America,388.60951196465385,7060047970,1,1,val
hysets_08068000,hysets,2921,30.24465738,-95.4571616,"W Fk San Jacinto Rv nr Conroe, TX",United States of America,2149.758540233547,7060047980,4,4,train
hysets_08068275,hysets,2921,30.11993899,-95.6460559,"Spring Ck nr Tomball, TX",United States of America,483.4863423129283,7060047980,4,4,train
hysets_08068500,hysets,2921,30.11049517,-95.4363275,"Spring Ck nr Spring, TX",United States of America,1047.2912530399858,7060047980,4,4,train
hysets_08070200,hysets,2921,30.1454932,-95.1243756,"E Fk San Jacinto Rv nr New Caney, TX",United States of America,989.8320769984078,7060047980,4,4,train
hysets_08071000,hysets,2921,30.2327137,-95.1682662,"Peach Ck at Splendora, TX",United States of America,305.5168385970998,7060047980,4,4,train
hysets_08080700,hysets,2921,34.17896048,-101.7026748,"Running Water Draw at Plainview, TX",United States of America,3299.6853139870072,7060048300,2,2,train
hysets_08082700,hysets,2921,33.32926607,-99.4650825,"Millers Ck nr Munday, TX",United States of America,275.74586000696064,7060048300,2,2,train
hysets_08084800,hysets,2921,32.93094435,-99.642588,"California Ck nr Stamford, TX",United States of America,1244.2546095881028,7060048300,2,2,train
hysets_08086050,hysets,2921,32.55929085,-99.170074,"Deep Ck at Moran, TX",United States of America,586.4952989971655,7060048300,2,2,train
hysets_08086212,hysets,2921,32.73289717,-99.1406299,"Hubbard Ck bl Albany, TX",United States of America,1585.5927781650664,7060048300,2,2,train
hysets_08095300,hysets,2921,31.50933179,-97.365845,"Middle Bosque Rv nr McGregor, TX",United States of America,476.80257615495657,7060048300,2,2,train
hysets_08101000,hysets,2921,31.2848902,-97.8850244,"Cowhouse Ck at Pidcoke, TX",United States of America,1180.1092698478355,7060048300,2,2,train
hysets_0810464660,hysets,2921,30.69775,-97.8492222,"N Fk San Gabriel Rv at Reagan Blvd nr Leander, TX",United States of America,541.9728601553923,7060048300,2,2,train
hysets_08104900,hysets,2921,30.6257499,-97.6911204,"S Fk San Gabriel Rv at Georgetown, TX",United States of America,342.9410026596479,7060048300,2,2,train
hysets_08105095,hysets,2921,30.70324685,-97.6663985,"Berry Ck at Airport Rd nr Georgetown, TX",United States of America,207.61886587971227,7060048300,2,2,train
hysets_08109700,hysets,2921,30.33937764,-96.9047037,"Middle Yegua Ck nr Dime Box, TX",United States of America,611.4130751978287,7060048300,2,2,train
hysets_08110100,hysets,2921,30.41965196,-96.5402466,"Davidson Ck nr Lyons, TX",United States of America,505.0358231467139,7060048300,2,2,train
hysets_08110430,hysets,2921,31.5068396,-96.3246953,"Big Ck nr Freestone, TX",United States of America,252.4105140903361,7060048300,2,2,train
hysets_08111700,hysets,2921,29.88106145,-96.2052402,"Mill Ck nr Bellville, TX",United States of America,976.7526496428496,7060048300,2,2,train
hysets_08120500,hysets,2921,32.57372368,-100.9078941,"Deep Ck nr Dunn, TX",United States of America,529.2584444852259,7060048410,4,4,train
hysets_08123800,hysets,2921,32.1992913,-101.0140029,"Beals Ck nr Westbrook, TX",United States of America,25905.29438877984,7060048410,4,4,train
hysets_08131400,hysets,2921,31.30905356,-100.4459254,"Pecan Ck nr San Angelo, TX",United States of America,209.79000982067703,7060048410,4,4,train
hysets_08134000,hysets,2921,31.5926549,-100.6370449,"N Concho Rv nr Carlsbad, TX",United States of America,3250.100936572374,7060048410,4,4,train
hysets_08148500,hysets,2921,30.5174101,-99.806179,"N Llano Rv nr Junction, TX",United States of America,2339.880331545988,7060048410,4,4,train
hysets_08150000,hysets,2921,30.50435487,-99.7345097,"Llano Rv nr Junction, TX",United States of America,4820.783675343756,7060048410,4,4,train
hysets_08150700,hysets,2921,30.66073685,-99.1092185,"Llano Rv nr Mason, TX",United States of America,8433.293189759761,7060048410,4,4,train
hysets_08150800,hysets,2921,30.64351548,-99.0958848,"Beaver Ck nr Mason, TX",United States of America,558.4727818550298,7060048410,4,4,train
hysets_08152000,hysets,2921,30.557689,-98.4722511,"Sandy Ck nr Kingsland, TX",United States of America,896.8754900009193,7060048410,4,4,train
hysets_08152900,hysets,2921,30.22048147,-98.8697609,"Pedernales Rv nr Fredericksburg, TX",United States of America,957.6968392197584,7060048410,4,4,train
hysets_08155300,hysets,2921,30.24465306,-97.8022283,"Barton Ck at Loop 360, Austin, TX",United States of America,302.88975216322814,7060048410,4,4,train
hysets_08155400,hysets,2921,30.26354168,-97.772228,"Barton Ck abv Barton Spgs at Austin, TX",United States of America,310.4386674253623,7060048410,4,4,train
hysets_08158600,hysets,2921,30.2832642,-97.655003,"Walnut Ck at Webberville Rd, Austin, TX",United States of America,134.57689030407522,7060048410,4,4,train
hysets_08158700,hysets,2921,30.08298924,-98.0077859,"Onion Ck nr Driftwood, TX",United States of America,320.5319843713155,7060048410,4,4,train
hysets_08158827,hysets,2921,30.12632345,-97.8211161,"Onion Ck at Twin Creeks Rd nr Manchaca, TX",United States of America,468.5117728841349,7060048410,4,4,train
hysets_08159000,hysets,2921,30.17798987,-97.6886138,"Onion Ck at US Hwy 183, Austin, TX",United States of America,839.598056210894,7060048410,4,4,train
hysets_08164000,hysets,2921,28.95998449,-96.6863668,"Lavaca Rv nr Edna, TX",United States of America,2126.2809501370693,7060048480,1,1,val
hysets_08164300,hysets,2921,29.466908,-96.812756,"Navidad Rv nr Hallettsville, TX",United States of America,862.6615969616387,7060048480,1,1,val
hysets_08164390,hysets,2921,29.06553568,-96.6741434,"Navidad Rv at Strane Pk nr Edna, TX",United States of America,1468.9173145141797,7060048480,1,1,val
hysets_08164450,hysets,2921,29.1602539,-96.5463608,"Sandy Ck nr Ganado, TX",United States of America,765.5626222898156,7060048480,1,1,val
hysets_08165300,hysets,2921,30.06409747,-99.3869916,"N Fk Guadalupe Rv nr Hunt, TX",United States of America,436.37833982391794,7060048620,4,4,train
hysets_08166000,hysets,2921,30.10020707,-99.2831006,"Johnson Ck nr Ingram, TX",United States of America,294.4520945785084,7060048620,4,4,train
hysets_08167500,hysets,2921,29.8604957,-98.3836275,"Guadalupe Rv nr Spring Branch, TX",United States of America,3407.8461334774315,7060048620,4,4,train
hysets_08168797,hysets,2921,29.688,-98.1548333,"Dry Comal Ck at Loop 337 nr New Braunfels, TX",United States of America,278.04159925665857,7060048620,4,4,train
hysets_08170500,hysets,2921,29.88910804,-97.9341718,"San Marcos Rv at San Marcos, TX",United States of America,127.36806691839809,7060048620,4,4,train
hysets_08171000,hysets,2921,29.9943808,-98.088898,"Blanco Rv at Wimberley, TX",United States of America,922.1759173038224,7060048620,4,4,train
hysets_08171300,hysets,2921,29.97938297,-97.9100051,"Blanco Rv nr Kyle, TX",United States of America,1068.034837160311,7060048620,4,4,train
hysets_08174600,hysets,2921,29.47412787,-97.3166565,"Peach Ck bl Dilworth, TX",United States of America,1191.9126992504594,7060048620,4,4,train
hysets_08175000,hysets,2921,29.2152475,-97.4494353,"Sandies Ck nr Westhoff, TX",United States of America,1424.6601947900149,7060048620,4,4,train
hysets_08176900,hysets,2921,28.86165308,-97.2263791,"Coleto Ck at Arnold Rd Crsg nr Schroeder, TX",United States of America,926.293872617629,7060048620,4,4,train
hysets_08178880,hysets,2921,29.72383537,-99.070035,"Medina Rv at Bandera, TX",United States of America,851.4565741455044,7060048620,4,4,train
hysets_08185065,hysets,2921,29.50144444,-98.18625,"Cibolo Ck nr Saint Hedwig, TX",United States of America,800.2674985756179,7060048620,4,4,train
hysets_08185100,hysets,2921,29.44388889,-98.1688889,"Martinez Ck nr Saint Hedwig, TX",United States of America,212.45704775695523,7060048620,4,4,train
hysets_08189300,hysets,2921,28.48305164,-97.656663,"Medio Ck nr Beeville, TX",United States of America,527.2156605938602,7060048630,1,1,val
hysets_08189500,hysets,2921,28.29195088,-97.2791593,"Mission Rv at Refugio, TX",United States of America,1811.3566385306565,7060048630,1,1,val
hysets_08190500,hysets,2921,29.48108333,-100.2391667,"W Nueces Rv nr Brackettville, TX",United States of America,1798.8866884878282,7060048860,1,1,val
hysets_08195000,hysets,2921,29.48856496,-99.7047756,"Frio Rv at Concan, TX",United States of America,1010.2444331680628,7060048860,1,1,val
hysets_08196000,hysets,2921,29.50467576,-99.7814452,"Dry Frio Rv nr Reagan Wells, TX",United States of America,326.93301661104067,7060048860,1,1,val
hysets_08198000,hysets,2921,29.4910644,-99.4928241,"Sabinal Rv nr Sabinal, TX",United States of America,533.97779159088,7060048860,1,1,val
hysets_08198500,hysets,2921,29.31430556,-99.4804722,"Sabinal Rv at Sabinal, TX",United States of America,624.0164220118353,7060048860,1,1,val
hysets_08200000,hysets,2921,29.57003056,-99.2476889,"Hondo Ck nr Tarpley, TX",United States of America,249.08095740251773,7060048860,1,1,val
hysets_08202700,hysets,2921,29.37078917,-99.2878185,"Seco Ck at Rowe Rh nr D'Hanis, TX",United States of America,425.8664477734162,7060048860,1,1,val
hysets_08205500,hysets,2921,28.73664429,-99.1447556,"Frio Rv nr Derby, TX",United States of America,8898.863159446111,7060048860,1,1,val
hysets_08206600,hysets,2921,28.46749279,-98.5475174,"Frio Rv at Tilden, TX",United States of America,11574.492182224982,7060048860,1,1,val
hysets_08207500,hysets,2921,28.86497693,-98.3383454,"Atascosa Rv nr McCoy, TX",United States of America,1328.9373491110778,7060048860,1,1,val
hysets_08210400,hysets,2921,28.05973533,-98.0969482,"Lagarto Ck nr George West, TX",United States of America,401.8935485543535,7060048860,1,1,val
hysets_08247500,hysets,2921,36.99306944,-106.0386325,"SAN ANTONIO RIVER AT ORTIZ, CO",United States of America,300.3133808201542,7060049270,2,2,train
hysets_08279000,hysets,2921,36.21085556,-105.9136306,"EMBUDO CREEK AT DIXON, NM",United States of America,827.8729708981332,7060049270,2,2,train
hysets_08284100,hysets,2921,36.6626583,-106.6333667,"RIO CHAMA NEAR LA PUENTE, NM",United States of America,1223.313627838869,7060049270,2,2,train
hysets_08289000,hysets,2921,36.34974167,-106.0441861,"RIO OJO CALIENTE AT LA MADERA, NM",United States of America,1066.3233919877198,7060049270,2,2,train
hysets_08378500,hysets,2921,35.70835,-105.6827028,"PECOS RIVER NEAR PECOS, NM",United States of America,444.55805602133074,7060049270,2,2,train
hysets_08379500,hysets,2921,35.17866944,-105.1088028,"PECOS RIVER NEAR ANTON CHICO, NM",United States of America,2702.291027834062,7060049270,2,2,train
hysets_08390500,hysets,2921,33.34916667,-104.8516667,"RIO HONDO AT DIAMOND A RANCH NR ROSWELL, NM",United States of America,2451.705168515992,7060049270,2,2,train
hysets_08398500,hysets,2921,32.7434472,-104.4141306,"RIO PENASCO AT DAYTON, NM",United States of America,2737.5465431984394,7060049270,2,2,train
hysets_08401200,hysets,2921,32.5886111,-104.4213889,"SOUTH SEVEN RIVERS NR LAKEWOOD, NM",United States of America,534.1945936848463,7060049270,2,2,train
hysets_08401900,hysets,2921,32.50608056,-104.3749889,"ROCKY ARROYO AT HWY BRD NR CARLSBAD, NM",United States of America,754.9611189153657,7060049270,2,2,train
hysets_08405150,hysets,2921,32.40333333,-104.2294444,"DARK CANYON AT CARLSBAD, NM",United States of America,1161.2055666794204,7060049270,2,2,train
hysets_08405500,hysets,2921,32.22908889,-104.1518528,"BLACK RIVER ABOVE MALAGA, NM",United States of America,962.0968081333748,7060049270,2,2,train
hysets_08408500,hysets,2921,32.02314167,-104.0544556,"DELAWARE RIVER NR RED BLUFF, NM",United States of America,2047.248469819551,7060049270,2,2,train
hysets_08433000,hysets,2921,30.95792694,-103.459619,"Barrilla Draw nr Saragosa, TX",United States of America,1481.9546279979163,7060049270,2,2,train
hysets_08447020,hysets,2921,30.4521221,-101.7331788,"Independence Ck nr Sheffield, TX",United States of America,1997.134048237496,7060049270,2,2,train
hysets_08481500,hysets,2921,33.14488889,-105.8979028,"TULAROSA CREEK NEAR BENT, NM",United States of America,335.9889427778839,7060049270,2,2,train
hysets_08CD001,hysets,2921,58.07225,-130.8264,TUYA RIVER NEAR TELEGRAPH CREEK,Canada,3536.029097049852,7060020090,0,0,test
hysets_08CE001,hysets,2921,57.90027,-131.1597,STIKINE RIVER AT TELEGRAPH CREEK,Canada,28837.60662680996,7060020090,0,0,test
hysets_08CG001,hysets,2921,56.73444,-131.669,ISKUT RIVER BELOW JOHNSON RIVER,Canada,9453.319457410926,7060020090,0,0,test
hysets_08DB001,hysets,2921,55.26225,-129.085,NASS RIVER ABOVE SHUMAL CREEK,Canada,18315.1022354516,7060019190,2,2,train
hysets_08EB004,hysets,2921,55.43385,-127.7162,KISPIOX RIVER NEAR HAZELTON,Canada,1866.8945512377256,7060019010,2,2,train
hysets_08EC013,hysets,2921,55.42654,-126.6976,BABINE RIVER AT OUTLET OF NILKITKWA LAKE,Canada,6730.543654708635,7060019010,2,2,train
hysets_08ED001,hysets,2921,53.93033,-127.4517,NANIKA RIVER AT OUTLET OF KIDPRICE LAKE,Canada,728.8003973131376,7060019010,2,2,train
hysets_08ED002,hysets,2921,54.11683,-127.4266,MORICE RIVER NEAR HOUSTON,Canada,1888.5141642057524,7060019010,2,2,train
hysets_08EE003,hysets,2921,54.39938,-126.7194,BULKLEY RIVER NEAR HOUSTON,Canada,2357.363202988419,7060019010,2,2,train
hysets_08EE020,hysets,2921,54.60694,-127.4969,TELKWA RIVER BELOW TSAI CREEK,Canada,365.4309582636523,7060019010,2,2,train
hysets_08EF001,hysets,2921,54.63194,-128.4306,SKEENA RIVER AT USK,Canada,42111.80393765263,7060019010,2,2,train
hysets_08FB004,hysets,2921,52.42456,-126.5211,SALLOOMT RIVER NEAR HAGENSBORG,Canada,157.88598345787685,7060017930,3,3,train
hysets_08FB006,hysets,2921,52.36008,-126.0059,ATNARKO RIVER NEAR THE MOUTH,Canada,2541.034452901838,7060017930,3,3,train
hysets_08FC003,hysets,2921,52.88947,-125.7712,DEAN RIVER BELOW TANSWANKET CREEK,Canada,3709.337448631528,7060018020,4,4,train
hysets_08FE003,hysets,2921,53.56355,-127.9524,KEMANO RIVER ABOVE POWERHOUSE TAILRACE,Canada,553.4550804607355,7060018610,3,3,train
hysets_08FF001,hysets,2921,54.04872,-128.6905,KITIMAT RIVER BELOW HIRSCH CREEK,Canada,1985.2512616566653,7060018780,2,2,train
hysets_08FF002,hysets,2921,54.06405,-128.6026,HIRSCH CREEK NEAR THE MOUTH,Canada,351.6280445574459,7060018780,2,2,train
hysets_08FF003,hysets,2921,54.13639,-128.69,LITTLE WEDEENE RIVER BELOW BOWBYES CREEK,Canada,178.82311973664648,7060018780,2,2,train
hysets_08GA071,hysets,2921,50.11403,-123.4284,ELAHO RIVER NEAR THE MOUTH,Canada,1225.4716819295631,7060016270,4,4,train
hysets_08GA072,hysets,2921,50.07991,-123.0356,CHEAKAMUS RIVER ABOVE MILLAR CREEK,Canada,296.07104057314893,7060016270,4,4,train
hysets_08GA075,hysets,2921,49.72595,-123.1021,MAMQUAM RIVER ABOVE RING CREEK,Canada,282.707687239335,7060016270,4,4,train
hysets_08GB013,hysets,2921,49.78719,-123.4204,CLOWHOM RIVER NEAR CLOWHOM LAKE,Canada,146.66214318544738,7060016270,4,4,train
hysets_08GD004,hysets,2921,50.98636,-124.9186,HOMATHKO RIVER AT THE MOUTH,Canada,5655.262266162832,7060016850,4,4,train
hysets_08GE002,hysets,2921,51.14478,-125.5944,KLINAKLINI RIVER EAST CHANNEL (MAIN) NEAR THE MOUTH,Canada,5757.706310237721,7060017140,1,1,val
hysets_08GF007,hysets,2921,51.10278,-126.475,WAKEMAN RIVER BELOW ATWAYKELLESSE RIVER,Canada,695.5828964636527,7060017150,0,0,test
hysets_08HA001,hysets,2921,48.87836,-123.7046,CHEMAINUS RIVER NEAR WESTHOLME,Canada,353.5818392043282,7060056770,4,4,train
hysets_08HA010,hysets,2921,48.57623,-124.3114,SAN JUAN RIVER NEAR PORT RENFREW,Canada,576.6017859267644,7060056770,4,4,train
hysets_08HB074,hysets,2921,49.57878,-125.214,CRUICKSHANK RIVER NEAR THE MOUTH,Canada,215.90513457729347,7060056770,4,4,train
hysets_08HF005,hysets,2921,50.21483,-126.6108,NIMPKISH RIVER ABOVE WOSS RIVER,Canada,780.4418204947413,7060056620,1,1,val
hysets_08JB002,hysets,2921,54.0078,-125.0089,STELLAKO RIVER AT GLENANNAN,Canada,4002.390601151222,7060016260,2,2,train
hysets_08JB003,hysets,2921,54.08507,-124.6009,NAUTLEY RIVER NEAR FORT FRASER,Canada,6523.912902601932,7060016260,2,2,train
hysets_08JE001,hysets,2921,54.41686,-124.2706,STUART RIVER NEAR FORT ST. JAMES,Canada,14148.220691534872,7060016260,2,2,train
hysets_08KA001,hysets,2921,53.30925,-120.249,DORE RIVER NEAR MCBRIDE,Canada,407.1196805759018,7060016260,2,2,train
hysets_08KA004,hysets,2921,54.07867,-121.8504,FRASER RIVER AT HANSARD,Canada,17881.251696608222,7060016260,2,2,train
hysets_08KA005,hysets,2921,53.30172,-120.1409,FRASER RIVER AT MCBRIDE,Canada,6858.36734469746,7060016260,2,2,train
hysets_08KA007,hysets,2921,52.98628,-119.0067,FRASER RIVER AT RED PASS,Canada,1702.7855935774885,7060016260,2,2,train
hysets_08KA013,hysets,2921,53.68167,-120.5914,MORKILL RIVER BELOW HELLROARING CREEK,Canada,1254.866547210526,7060016260,2,2,train
hysets_08KB001,hysets,2921,54.00367,-122.6247,FRASER RIVER AT SHELLEY,Canada,32299.425198444074,7060016260,2,2,train
hysets_08KB003,hysets,2921,54.23117,-121.6687,MCGREGOR RIVER AT LOWER CANYON,Canada,4757.433354878442,7060016260,2,2,train
hysets_08KC001,hysets,2921,54.09642,-122.6799,SALMON RIVER NEAR PRINCE GEORGE,Canada,4214.056064836092,7060016260,2,2,train
hysets_08KE016,hysets,2921,52.97389,-122.5094,BAKER CREEK AT QUESNEL,Canada,1548.3052033964957,7060016260,2,2,train
hysets_08KH001,hysets,2921,52.61583,-121.5723,QUESNEL RIVER AT LIKELY,Canada,5941.481211186001,7060016260,2,2,train
hysets_08KH006,hysets,2921,52.84306,-122.2253,QUESNEL RIVER NEAR QUESNEL,Canada,11500.796317564838,7060016260,2,2,train
hysets_08KH030,hysets,2921,52.79194,-120.7497,PENFOLD CREEK NEAR THE MOUTH,Canada,182.98230379279232,7060016260,2,2,train
hysets_08LA001,hysets,2921,51.65572,-120.066,CLEARWATER RIVER NEAR CLEARWATER STATION,Canada,10285.924508080148,7060016260,2,2,train
hysets_08LA027,hysets,2921,51.58761,-120.9208,BRIDGE CREEK BELOW DEKA CREEK,Canada,363.6323813614072,7060016260,2,2,train
hysets_08LB020,hysets,2921,51.18802,-120.1265,BARRIERE RIVER AT THE MOUTH,Canada,1140.1474231656236,7060016260,2,2,train
hysets_08LB038,hysets,2921,52.11669,-119.3019,BLUE RIVER NEAR BLUE RIVER,Canada,271.1680160639381,7060016260,2,2,train
hysets_08LB047,hysets,2921,51.60186,-119.9144,NORTH THOMPSON RIVER AT BIRCH ISLAND,Canada,4469.819233505712,7060016260,2,2,train
hysets_08LB064,hysets,2921,51.04093,-120.2405,NORTH THOMPSON RIVER AT MCLURE,Canada,19536.88991246921,7060016260,2,2,train
hysets_08LB069,hysets,2921,51.24533,-119.9377,BARRIERE RIVER BELOW SPRAGUE CREEK,Canada,621.8077617388875,7060016260,2,2,train
hysets_08LB076,hysets,2921,51.35438,-119.8816,HARPER CREEK NEAR THE MOUTH,Canada,164.5035394116693,7060016260,2,2,train
hysets_08LD001,hysets,2921,50.93759,-119.6563,ADAMS RIVER NEAR SQUILAX,Canada,3193.297193691162,7060016260,2,2,train
hysets_08LE024,hysets,2921,50.93634,-118.8017,EAGLE RIVER NEAR MALAKWA,Canada,928.9398424084848,7060016260,2,2,train
hysets_08LE027,hysets,2921,51.26222,-118.9464,SEYMOUR RIVER NEAR SEYMOUR ARM,Canada,802.0579072725579,7060016260,2,2,train
hysets_08LE031,hysets,2921,50.76311,-119.7431,SOUTH THOMPSON RIVER AT CHASE,Canada,15762.980598914191,7060016260,2,2,train
hysets_08LF051,hysets,2921,50.35463,-121.3936,THOMPSON RIVER NEAR SPENCES BRIDGE,Canada,55214.73696685951,7060016260,2,2,train
hysets_08LG008,hysets,2921,50.13618,-121.03,SPIUS CREEK NEAR CANFORD,Canada,748.1266077392628,7060016260,2,2,train
hysets_08MA001,hysets,2921,52.06975,-123.5395,CHILKO RIVER NEAR REDSTONE,Canada,6850.773801605367,7060016260,2,2,train
hysets_08MA003,hysets,2921,51.379,-123.6312,TASEKO RIVER AT OUTLET OF TASEKO LAKES,Canada,1517.727354291584,7060016260,2,2,train
hysets_08MB006,hysets,2921,51.52369,-123.1159,BIG CREEK ABOVE GROUNDHOG CREEK,Canada,1007.1494843573448,7060016260,2,2,train
hysets_08ME025,hysets,2921,50.91261,-122.2393,YALAKOM RIVER ABOVE ORE CREEK,Canada,578.6239408296351,7060016260,2,2,train
hysets_08ME027,hysets,2921,50.73089,-122.942,HURLEY RIVER BELOW LONE GOAT CREEK,Canada,310.63295787536777,7060016260,2,2,train
hysets_08MF065,hysets,2921,49.95386,-121.8629,NAHATLATCH RIVER BELOW TACHEWANA CREEK,Canada,709.741260004444,7060016260,2,2,train
hysets_08MF068,hysets,2921,49.36846,-121.3845,COQUIHALLA RIVER ABOVE ALEXANDER CREEK,Canada,717.9269403475167,7060016260,2,2,train
hysets_08MG001,hysets,2921,49.30003,-121.9378,CHEHALIS RIVER NEAR HARRISON MILLS,Canada,381.8299929338864,7060016260,2,2,train
hysets_08MG005,hysets,2921,50.33602,-122.8002,LILLOOET RIVER NEAR PEMBERTON,Canada,2090.737678622399,7060016260,2,2,train
hysets_08MG013,hysets,2921,49.30042,-121.8296,HARRISON RIVER NEAR HARRISON HOT SPRINGS,Canada,7858.879266964706,7060016260,2,2,train
hysets_08MH001,hysets,2921,49.09738,-121.9675,CHILLIWACK RIVER AT VEDDER CROSSING,Canada,1228.07472771296,7060016260,2,2,train
hysets_08MH016,hysets,2921,49.08365,-121.4584,CHILLIWACK RIVER AT OUTLET OF CHILLIWACK LAKE,Canada,334.04795591628044,7060016260,2,2,train
hysets_08MH056,hysets,2921,49.07172,-121.6998,SLESSE CREEK NEAR VEDDER CROSSING,Canada,159.87142185797467,7060016260,2,2,train
hysets_08MH103,hysets,2921,49.10172,-121.663,CHILLIWACK RIVER ABOVE SLESSE CREEK,Canada,648.0876944859699,7060016260,2,2,train
hysets_08NA002,hysets,2921,51.24356,-116.9129,COLUMBIA RIVER AT NICHOLSON,Canada,6640.049759770775,7060014930,4,4,train
hysets_08NA006,hysets,2921,51.30118,-116.9721,KICKING HORSE RIVER AT GOLDEN,Canada,1839.166291657344,7060014930,4,4,train
hysets_08NB005,hysets,2921,51.4833,-117.1804,COLUMBIA RIVER AT DONALD,Canada,9660.908927238876,7060014930,4,4,train
hysets_08NB012,hysets,2921,51.4825,-116.9694,BLAEBERRY RIVER ABOVE WILLOWBANK CREEK,Canada,585.2685265892849,7060014930,4,4,train
hysets_08NB014,hysets,2921,51.67799,-117.7185,GOLD RIVER ABOVE PALMER CREEK,Canada,427.2634379524292,7060014930,4,4,train
hysets_08NC004,hysets,2921,52.73153,-119.3849,CANOE RIVER BELOW KIMMEL CREEK,Canada,303.6592949233081,7060014930,4,4,train
hysets_08ND012,hysets,2921,51.66878,-118.5962,GOLDSTREAM RIVER BELOW OLD CAMP CREEK,Canada,930.5468914476248,7060014930,4,4,train
hysets_08ND013,hysets,2921,51.01263,-118.0851,ILLECILLEWAET RIVER AT GREELEY,Canada,1145.28684065195,7060014930,4,4,train
hysets_08NE006,hysets,2921,50.28291,-117.7345,KUSKANAX CREEK NEAR NAKUSP,Canada,328.8287440152275,7060014930,4,4,train
hysets_08NE039,hysets,2921,49.01465,-117.9453,BIG SHEEP CREEK NEAR ROSSLAND,Canada,346.14777006249847,7060014930,4,4,train
hysets_08NE074,hysets,2921,49.04714,-117.2943,SALMO RIVER NEAR SALMO,Canada,1238.147310457034,7060014930,4,4,train
hysets_08NE110,hysets,2921,49.89695,-118.1898,INONOAKLIN CREEK ABOVE VALLEY CREEK,Canada,279.7569629916237,7060014930,4,4,train
hysets_08NG065,hysets,2921,49.61203,-115.6353,KOOTENAY RIVER AT FORT STEELE,Canada,11430.27647940745,7060014930,4,4,train
hysets_08NH005,hysets,2921,49.90762,-116.9535,KASLO RIVER BELOW KEMP CREEK,Canada,440.0797220651859,7060014930,4,4,train
hysets_08NH007,hysets,2921,50.26287,-116.9683,LARDEAU RIVER AT MARBLEHEAD,Canada,1636.767518878927,7060014930,4,4,train
hysets_08NH119,hysets,2921,50.6375,-117.048,DUNCAN RIVER BELOW B.B. CREEK,Canada,1309.6103854925236,7060014930,4,4,train
hysets_08NJ013,hysets,2921,49.46008,-117.5648,SLOCAN RIVER NEAR CRESCENT VALLEY,Canada,3319.284130725628,7060014930,4,4,train
hysets_08NJ160,hysets,2921,49.69712,-117.446,LEMON CREEK ABOVE SOUTH LEMON CREEK,Canada,180.26365333825268,7060014930,4,4,train
hysets_08NK002,hysets,2921,49.50347,-115.0701,ELK RIVER AT FERNIE,Canada,3082.864426551652,7060014930,4,4,train
hysets_08NK016,hysets,2921,49.86562,-114.8687,ELK RIVER NEAR NATAL,Canada,1838.153613176864,7060014930,4,4,train
hysets_08NK018,hysets,2921,49.89396,-114.8667,FORDING RIVER AT THE MOUTH,Canada,618.5683367661394,7060014930,4,4,train
hysets_08NK022,hysets,2921,49.89149,-114.8334,LINE CREEK AT THE MOUTH,Canada,137.45629410113645,7060014930,4,4,train
hysets_08NL004,hysets,2921,49.20763,-119.9935,ASHNOLA RIVER NEAR KEREMEOS,Canada,1048.7606243662356,7060014930,4,4,train
hysets_08NL007,hysets,2921,49.4597,-120.5035,SIMILKAMEEN RIVER AT PRINCETON,Canada,1805.0336686384512,7060014930,4,4,train
hysets_08NL024,hysets,2921,49.45771,-120.5186,TULAMEEN RIVER AT PRINCETON,Canada,1772.0470474954918,7060014930,4,4,train
hysets_08NL038,hysets,2921,49.37697,-120.1523,SIMILKAMEEN RIVER NEAR HEDLEY,Canada,5560.217894503943,7060014930,4,4,train
hysets_08NL050,hysets,2921,49.36419,-120.0687,HEDLEY CREEK NEAR THE MOUTH,Canada,386.910552513529,7060014930,4,4,train
hysets_08NL069,hysets,2921,49.09893,-120.5794,PASAYTEN RIVER ABOVE CALCITE CREEK,Canada,564.0304760972264,7060014930,4,4,train
hysets_08NL076,hysets,2921,49.1325,-120.0378,EWART CREEK NEAR CATHEDRAL PARK,Canada,249.9704458398632,7060014930,4,4,train
hysets_08NN002,hysets,2921,49.04327,-118.4404,GRANBY RIVER AT GRAND FORKS,Canada,2049.8019220401,7060014930,4,4,train
hysets_08NN023,hysets,2921,49.58914,-118.3118,BURRELL CREEK ABOVE GLOUCESTER CREEK,Canada,220.64448925621105,7060014930,4,4,train
hysets_09070000,hysets,2921,39.64942954,-106.9536554,"EAGLE RIVER BELOW GYPSUM, CO.",United States of America,2459.44718099746,7060008710,2,2,train
hysets_09081600,hysets,2921,39.23263889,-107.2275,"CRYSTAL RIVER ABV AVALANCHE CRK, NEAR REDSTONE, CO",United States of America,432.9794378053575,7060008710,2,2,train
hysets_09107000,hysets,2921,38.86027127,-106.5666966,"TAYLOR RIVER AT TAYLOR PARK, CO.",United States of America,330.9170469809632,7060008710,2,2,train
hysets_09112200,hysets,2921,38.7841599,-106.8708736,"EAST RIVER BELOW CEMENT CREEK NR CRESTED BUTTE, CO",United States of America,615.8329518824653,7060008710,2,2,train
hysets_09112500,hysets,2921,38.66443715,-106.848095,"EAST RIVER AT ALMONT, CO",United States of America,748.0084439087173,7060008710,2,2,train
hysets_09119000,hysets,2921,38.5211111,-106.9409583,"TOMICHI CREEK AT GUNNISON, CO",United States of America,2741.696389486526,7060008710,2,2,train
hysets_09124500,hysets,2921,38.2988834,-107.2300557,"LAKE FORK AT GATEVIEW, CO.",United States of America,878.1138752590832,7060008710,2,2,train
hysets_09146020,hysets,2921,38.04332665,-107.6831154,"UNCOMPAHGRE RIVER NEAR OURAY, CO",United States of America,198.64086672052667,7060008710,2,2,train
hysets_09146200,hysets,2921,38.1838791,-107.7458924,"UNCOMPAHGRE RIVER NEAR RIDGWAY, CO.",United States of America,385.7368871748303,7060008710,2,2,train
hysets_09165000,hysets,2921,37.63888428,-108.0603517,"DOLORES RIVER BELOW RICO, CO.",United States of America,273.04072203860267,7060008710,2,2,train
hysets_09166500,hysets,2921,37.47249296,-108.4975908,"DOLORES RIVER AT DOLORES, CO.",United States of America,1306.2097744124685,7060008710,2,2,train
hysets_09196500,hysets,2921,43.02705556,-109.7735278,"PINE CREEK ABOVE FREMONT LAKE, WY",United States of America,195.9441559744284,7060008710,2,2,train
hysets_09239500,hysets,2921,40.4829861,-106.8324306,"YAMPA RIVER AT STEAMBOAT SPRINGS, CO",United States of America,1458.2643653132473,7060008710,2,2,train
hysets_09242500,hysets,2921,40.5146975,-106.9539407,"ELK RIVER NEAR MILNER, CO.",United States of America,1160.708317064673,7060008710,2,2,train
hysets_09246200,hysets,2921,40.59163879,-107.3208933,"ELKHEAD CREEK ABOVE LONG GULCH, NEAR HAYDEN, CO",United States of America,443.5700226053519,7060008710,2,2,train
hysets_09253000,hysets,2921,40.99941048,-107.143388,"LITTLE SNAKE RIVER NEAR SLATER, CO",United States of America,648.2048492635661,7060008710,2,2,train
hysets_09255000,hysets,2921,40.9824657,-107.3828391,"SLATER FORK NEAR SLATER, CO",United States of America,391.2500090219023,7060008710,2,2,train
hysets_09260000,hysets,2921,40.54901667,-108.4243222,"LITTLE SNAKE RIVER NEAR LILY, CO",United States of America,10452.97686201731,7060008710,2,2,train
hysets_09266500,hysets,2921,40.57745816,-109.6220859,"ASHLEY CREEK NEAR VERNAL, UT",United States of America,262.48139320316017,7060008710,2,2,train
hysets_09292000,hysets,2921,40.5463369,-110.333771,"YELLOWSTONE R @ BRIDGE CMPGRND NR ALTONAH, UT",United States of America,274.3338219546175,7060008710,2,2,train
hysets_09292500,hysets,2921,40.51189299,-110.3415491,"YELLOWSTONE RIVER NEAR ALTONAH, UT",United States of America,324.85316260203234,7060008710,2,2,train
hysets_09299500,hysets,2921,40.5935653,-109.9323739,"WHITEROCKS RIVER NEAR WHITEROCKS, UT",United States of America,297.5630054817289,7060008710,2,2,train
hysets_09304200,hysets,2921,40.00497428,-107.8253486,"WHITE RIVER ABOVE COAL CREEK NEAR MEEKER, CO",United States of America,1665.603431310603,7060008710,2,2,train
hysets_09304500,hysets,2921,40.0335849,-107.8622946,"WHITE RIVER NEAR MEEKER, CO.",United States of America,1937.1050123010152,7060008710,2,2,train
hysets_09304800,hysets,2921,40.0225833,-108.1199444,"WHITE RIVER BELOW MEEKER, CO",United States of America,2652.5319928910244,7060008710,2,2,train
hysets_09306222,hysets,2921,40.0780264,-108.2364753,"PICEANCE CREEK AT WHITE RIVER, CO",United States of America,1686.5286091156847,7060008710,2,2,train
hysets_09306255,hysets,2921,40.1685813,-108.4012046,"YELLOW CREEK NEAR WHITE RIVER, CO.",United States of America,677.9061086522719,7060008710,2,2,train
hysets_09326500,hysets,2921,39.10413724,-111.2165589,"FERRON CREEK (UPPER STATION) NEAR FERRON, UT",United States of America,358.30315988316227,7060008710,2,2,train
hysets_09330500,hysets,2921,38.9832222,-111.25,"MUDDY CREEK NEAR EMERY, UT",United States of America,270.6613873361012,7060008710,2,2,train
hysets_09342500,hysets,2921,37.26552778,-107.011,"SAN JUAN RIVER AT PAGOSA SPRINGS, CO",United States of America,726.2774146207375,7060008710,2,2,train
hysets_09349800,hysets,2921,37.08833797,-107.397826,"PIEDRA RIVER NEAR ARBOLES, CO.",United States of America,1691.0988502933988,7060008710,2,2,train
hysets_09361500,hysets,2921,37.2791688,-107.8803445,"ANIMAS RIVER AT DURANGO, CO",United States of America,1815.8045008054296,7060008710,2,2,train
hysets_09371000,hysets,2921,37.02749425,-108.7414838,"MANCOS RIVER NEAR TOWAOC, CO.",United States of America,1360.8319103815893,7060008710,2,2,train
hysets_09371520,hysets,2921,37.3266601,-108.7006527,"MCELMO CREEK ABOVE TRAIL CANYON NEAR CORTEZ, CO",United States of America,606.7374937051104,7060008710,2,2,train
hysets_09381800,hysets,2921,37.10748428,-111.9060102,"PARIA RIVER NEAR KANAB, UTAH",United States of America,1681.0993413696551,7060008710,2,2,train
hysets_09382000,hysets,2921,36.87220977,-111.5946052,"PARIA RIVER AT LEES FERRY, AZ",United States of America,3675.587485542602,7060008710,2,2,train
hysets_09385700,hysets,2921,34.4505935,-109.3623199,"LITTLE COLORADO RIVER BELOW SALADO SPRINGS, AZ",United States of America,2265.315463524443,7060008710,2,2,train
hysets_09386900,hysets,2921,35.28255278,-108.552975,"RIO NUTRIA NEAR RAMAH, NM",United States of America,184.9377002439508,7060008710,2,2,train
hysets_09403600,hysets,2921,37.10054059,-112.5479827,"KANAB CREEK NEAR KANAB, UT",United States of America,502.1295264888853,7060008710,2,2,train
hysets_09404208,hysets,2921,35.76498839,-113.3682663,"DIAMOND CREEK NEAR PEACH SPRINGS, AZ",United States of America,778.9146523392833,7060008710,2,2,train
hysets_09404343,hysets,2921,35.38416188,-113.6577185,"TRUXTON WASH NEAR VALENTINE, AZ",United States of America,908.6834174453968,7060008710,2,2,train
hysets_09404450,hysets,2921,37.3394272,-112.6043769,"EAST FORK VIRGIN RIVER NEAR GLENDALE, UT",United States of America,192.72067214088744,7060008710,2,2,train
hysets_09405500,hysets,2921,37.2097046,-112.9785512,"NORTH FORK VIRGIN RIVER NEAR SPRINGDALE, UT",United States of America,896.1151806037873,7060008710,2,2,train
hysets_09406000,hysets,2921,37.2041494,-113.1807789,"VIRGIN RIVER AT VIRGIN, UT",United States of America,2453.7013298094025,7060008710,2,2,train
hysets_09406100,hysets,2921,37.1969272,-113.285226,"VIRGIN RIVER AB LA VERKIN CREEK NR LA VERKIN, UT",United States of America,2539.894663423556,7060008710,2,2,train
hysets_09408135,hysets,2921,37.19248238,-113.3532832,"VIRGIN RIVER AB QUAIL CREEK NEAR HURRICANE, UT",United States of America,3637.784016068104,7060008710,2,2,train
hysets_09424447,hysets,2921,34.5416838,-113.4452053,"BURRO CREEK AT OLD US 93 BRIDGE, NEAR BAGDAD, AZ",United States of America,1580.276540481308,7060008710,2,2,train
hysets_09430600,hysets,2921,33.16666667,-108.6497222,"MOGOLLON CREEK NEAR CLIFF, NM",United States of America,190.62977409732773,7060008710,2,2,train
hysets_09432000,hysets,2921,32.648132,-108.8458906,"GILA RIVER BELOW BLUE CREEK, NEAR VIRDEN, NM",United States of America,8286.400800753145,7060008710,2,2,train
hysets_09442000,hysets,2921,32.96527778,-109.3086111,"GILA RIVER NEAR CLIFTON, AZ",United States of America,10375.93663331976,7060008710,2,2,train
hysets_09444000,hysets,2921,33.24716667,-108.88,"SAN FRANCISCO RIVER NEAR GLENWOOD, NM",United States of America,4283.500294687145,7060008710,2,2,train
hysets_09444200,hysets,2921,33.29089456,-109.1961832,"BLUE RIVER NEAR CLIFTON, AZ.",United States of America,1308.525255521446,7060008710,2,2,train
hysets_09444500,hysets,2921,33.04950776,-109.2959047,"SAN FRANCISCO RIVER AT CLIFTON, AZ.",United States of America,7164.949669519358,7060008710,2,2,train
hysets_09447000,hysets,2921,33.0645062,-109.4422978,"EAGLE CREEK ABOVE PUMPING PLANT, NEAR MORENCI, AZ.",United States of America,1609.848569097736,7060008710,2,2,train
hysets_09447800,hysets,2921,32.95561778,-109.5311876,"BONITA CREEK NEAR MORENCI, AZ.",United States of America,782.3464835286318,7060008710,2,2,train
hysets_09466500,hysets,2921,33.18561278,-110.2200903,"GILA RIVER AT CALVA, AZ.",United States of America,29907.048373845973,7060008710,2,2,train
hysets_09468500,hysets,2921,33.29644678,-110.4514876,"SAN CARLOS RIVER NEAR PERIDOT, AZ.",United States of America,2719.8534667700087,7060008710,2,2,train
hysets_09471000,hysets,2921,31.62592644,-110.1745226,"SAN PEDRO RIVER AT CHARLESTON, AZ.",United States of America,3035.801492169036,7060008710,2,2,train
hysets_09471400,hysets,2921,31.70027778,-110.2263889,"BABOCOMARI RIVER NEAR TOMBSTONE, AZ.",United States of America,686.3392792689593,7060008710,2,2,train
hysets_09471550,hysets,2921,31.7509224,-110.2011882,"SAN PEDRO RIVER NEAR TOMBSTONE, AZ",United States of America,4361.588205819609,7060008710,2,2,train
hysets_09472050,hysets,2921,32.44618273,-110.4884183,"SAN PEDRO R AT REDINGTON BRIDGE NR REDINGTON, AZ",United States of America,7904.394848969599,7060008710,2,2,train
hysets_09473000,hysets,2921,32.84423324,-110.6301,"ARAVAIPA CREEK NEAR MAMMOTH, AZ.",United States of America,1453.4889629880563,7060008710,2,2,train
hysets_09481740,hysets,2921,31.61286778,-111.0414792,"SANTA CRUZ RIVER AT TUBAC, AZ.",United States of America,2739.428656736607,7060008710,2,2,train
hysets_09482000,hysets,2921,31.8714728,-110.9800905,"SANTA CRUZ RIVER AT CONTINENTAL, AZ",United States of America,3929.490949556,7060008710,2,2,train
hysets_09484600,hysets,2921,32.0359141,-110.6775818,"PANTANO WASH NEAR VAIL, AZ.",United States of America,1180.9216680616878,7060008710,2,2,train
hysets_09485450,hysets,2921,32.2206319,-110.829531,"PANTANO WASH AT BROADWAY BLVD. AT TUCSON, AZ.",United States of America,1535.1371051709273,7060008710,2,2,train
hysets_09485700,hysets,2921,32.2714643,-110.9145354,"RILLITO CREEK AT DODGE BOULEVARD, AT TUCSON, AZ.",United States of America,2240.1352408588896,7060008710,2,2,train
hysets_09486055,hysets,2921,32.30340807,-111.0120406,"RILLITO CREEK AT LA CHOLLA BLVD NEAR TUCSON, AZ.",United States of America,2356.98577124177,7060008710,2,2,train
hysets_09486350,hysets,2921,32.33618529,-111.0420429,"CANADA DEL ORO BLW INA ROAD, NEAR TUCSON, AZ.",United States of America,675.5783647036146,7060008710,2,2,train
hysets_09486500,hysets,2921,32.3511849,-111.0945447,"SANTA CRUZ RIVER AT CORTARO, AZ",United States of America,8603.466115662068,7060008710,2,2,train
hysets_09486520,hysets,2921,32.47145874,-111.3076074,"SANTA CRUZ RIVER AT TRICO ROAD, NR MARANA, AZ.",United States of America,8792.642013012166,7060008710,2,2,train
hysets_09486800,hysets,2921,31.83897238,-111.4042694,"ALTAR WASH NEAR THREE POINTS, AZ.",United States of America,1204.1820836220109,7060008710,2,2,train
hysets_09487000,hysets,2921,32.07563364,-111.3387156,"BRAWLEY WASH NEAR THREE POINTS, AZ.",United States of America,2029.485148838432,7060008710,2,2,train
hysets_09490500,hysets,2921,33.71282949,-110.2117674,"BLACK RIVER NEAR FORT APACHE, AZ.",United States of America,3167.887187959596,7060008710,2,2,train
hysets_09494000,hysets,2921,33.73644059,-110.166767,"WHITE RIVER NEAR FORT APACHE, AZ.",United States of America,1629.391169611329,7060008710,2,2,train
hysets_09496500,hysets,2921,33.9858809,-110.2809417,"CARRIZO CREEK NEAR SHOW LOW, AZ.",United States of America,1143.2829649266089,7060008710,2,2,train
hysets_09497500,hysets,2921,33.79810588,-110.4998292,"SALT RIVER NEAR CHRYSOTILE, AZ",United States of America,7333.803153572653,7060008710,2,2,train
hysets_09497980,hysets,2921,33.8278262,-110.8562266,"CHERRY CREEK NEAR GLOBE, AZ",United States of America,516.8648979704286,7060008710,2,2,train
hysets_09498400,hysets,2921,33.5731068,-110.9012251,"PINAL CREEK AT INSPIRATION DAM, NR GLOBE, AZ.",United States of America,442.198119448266,7060008710,2,2,train
hysets_09499000,hysets,2921,33.9800413,-111.3034659,"TONTO CREEK ABOVE GUN CREEK, NEAR ROOSEVELT, AZ",United States of America,1742.44177777231,7060008710,2,2,train
hysets_09503700,hysets,2921,34.89502016,-112.3429468,"VERDE RIVER NEAR PAULDEN, AZ",United States of America,5607.635613463258,7060008710,2,2,train
hysets_09504000,hysets,2921,34.8522416,-112.065994,"VERDE RIVER NEAR CLARKDALE, AZ",United States of America,8197.398864044242,7060008710,2,2,train
hysets_09504500,hysets,2921,34.76446436,-111.8909885,"OAK CREEK NEAR CORNVILLE, AZ",United States of America,918.9330250095684,7060008710,2,2,train
hysets_09505350,hysets,2921,34.72863146,-111.775708,"DRY BEAVER CREEK NEAR RIMROCK, AZ",United States of America,365.829876214965,7060008710,2,2,train
hysets_09505800,hysets,2921,34.53863606,-111.6940356,"WEST CLEAR CREEK NEAR CAMP VERDE, AZ",United States of America,624.1297303266809,7060008710,2,2,train
hysets_09506000,hysets,2921,34.4483605,-111.7898705,"VERDE RIVER NEAR CAMP VERDE, AZ",United States of America,12097.57293551595,7060008710,2,2,train
hysets_09508500,hysets,2921,34.0730922,-111.7162569,"VERDE RVR BLW TANGLE CREEK, ABV HORSESHOE DAM, AZ",United States of America,14294.750161808972,7060008710,2,2,train
hysets_09510200,hysets,2921,33.69421054,-111.541802,"SYCAMORE CREEK NEAR FORT MCDOWELL, AZ",United States of America,425.3588400843092,7060008710,2,2,train
hysets_09512800,hysets,2921,34.01558948,-112.1679378,"AGUA FRIA RIVER NEAR ROCK SPRINGS, AZ",United States of America,2852.0525051606724,7060008710,2,2,train
hysets_09513780,hysets,2921,33.97420168,-112.0990458,"NEW RIVER NEAR ROCK SPRINGS, AZ.",United States of America,177.3818140692213,7060008710,2,2,train
hysets_09513860,hysets,2921,33.72920456,-112.1198755,"SKUNK CREEK NEAR PHOENIX, AZ",United States of America,169.91622176146228,7060008710,2,2,train
hysets_09516500,hysets,2921,33.88503188,-112.6621198,"HASSAYAMPA RIVER NEAR MORRISTOWN, AZ.",United States of America,2231.711780274444,7060008710,2,2,train
hysets_09517000,hysets,2921,33.34726408,-112.7257259,"HASSAYAMPA RIVER NEAR ARLINGTON, AZ",United States of America,3801.618323121209,7060008710,2,2,train
hysets_09520280,hysets,2921,32.8822686,-113.541306,"GILA RIVER NEAR DATELAND, AZ",United States of America,134869.0816604552,7060008710,2,2,train
hysets_09537500,hysets,2921,31.35232457,-109.5850677,"WHITEWATER DRAW NEAR DOUGLAS, AZ.",United States of America,2913.983619673004,7060007830,0,0,test
hysets_10011500,hysets,2921,40.9652254,-110.8535079,BEAR RIVER NEAR UTAH-WYOMING STATE LINE,United States of America,453.96123181506215,7060073620,4,4,train
hysets_10023000,hysets,2921,41.60994177,-111.2540876,"BIG CREEK NEAR RANDOLPH, UT",United States of America,130.64376055871034,7060073620,4,4,train
hysets_10105900,hysets,2921,41.5754898,-111.8552203,"LITTLE BEAR RIVER AT PARADISE, UT",United States of America,528.7464795808453,7060073620,4,4,train
hysets_10109000,hysets,2921,41.74326439,-111.78272,"LOGAN RIVER ABOVE STATE DAM, NEAR LOGAN, UT",United States of America,554.0688078774782,7060073620,4,4,train
hysets_10109001,hysets,2921,41.74437546,-111.7843867,COM F LOGAN R AB ST D AND CACHE HL CAN NR LOGAN UT,United States of America,554.7647902171128,7060073620,4,4,train
hysets_10113500,hysets,2921,41.6235452,-111.7388286,"BLACKSMITH FORK AB UP and L CO.'S DAM NR HYRUM, UT",United States of America,680.8285477100458,7060073620,4,4,train
hysets_10128500,hysets,2921,40.7371721,-111.2479652,"WEBER RIVER NEAR OAKLEY, UT",United States of America,419.7585335633253,7060073620,4,4,train
hysets_10131000,hysets,2921,40.92050285,-111.4015858,"CHALK CREEK AT COALVILLE, UT",United States of America,659.9681600191639,7060073620,4,4,train
hysets_10174500,hysets,2921,37.65109086,-112.4302069,"SEVIER RIVER AT HATCH, UT",United States of America,872.5024113181448,7060073650,1,1,val
hysets_10194200,hysets,2921,38.5794169,-112.2885399,"CLEAR CREEK ABOVE DIVERSIONS, NEAR SEVIER, UT",United States of America,425.399371755817,7060073650,1,1,val
hysets_10205030,hysets,2921,38.9119141,-111.5304654,"SALINA CREEK NEAR EMERY, UT",United States of America,134.15245369084283,7060073650,1,1,val
hysets_10242000,hysets,2921,37.67219924,-113.0346702,"COAL CREEK NEAR CEDAR CITY, UT",United States of America,208.61316376215325,7060073650,1,1,val
hysets_10258500,hysets,2921,33.74502178,-116.5355709,PALM CYN C NR PALM SPRINGS CA,United States of America,241.4646497501116,7060008710,2,2,train
hysets_10259100,hysets,2921,33.749466,-116.4227903,WHITEWATER R A RANCHO MIRAGE CA,United States of America,1465.598151534685,7060008710,2,2,train
hysets_10260500,hysets,2921,34.34305858,-117.2264316,DEEP C NR HESPERIA CA,United States of America,348.88825180844225,7060073800,3,3,train
hysets_10296500,hysets,2921,38.51324495,-119.4498872,"W WALKER RV NR COLEVILLE, CA",United States of America,631.0948324814896,7060073830,4,4,train
hysets_10321590,hysets,2921,40.72602928,-116.0778547,"SUSIE CK AT CARLIN, NV",United States of America,476.5348866021787,7060073630,2,2,train
hysets_10321940,hysets,2921,40.8249142,-116.2234155,"MAGGIE CK ABV MAGGIE CK CYN NR CARLIN, NV",United States of America,875.9130240946674,7060073630,2,2,train
hysets_10321950,hysets,2921,40.80324824,-116.2000813,"MAGGIE CK AT MAGGIE CR CYN NR CARLIN, NV",United States of America,880.7988782321227,7060073630,2,2,train
hysets_10322150,hysets,2921,40.710473,-116.1259112,"MARYS CK AT CARLIN, NV",United States of America,116.3706264312277,7060073630,2,2,train
hysets_10329500,hysets,2921,41.5346175,-117.4179047,"MARTIN CK NR PARADISE VALLEY, NV",United States of America,453.52849425981714,7060073630,2,2,train
hysets_10396000,hysets,2921,42.7908333,-118.8675,DONNER UND BLITZEN RIVER NR FRENCHGLEN OR,United States of America,531.4251213274895,7060073780,4,4,train
hysets_11028500,hysets,2921,33.0522655,-116.9455844,SANTA MARIA C NR RAMONA CA,United States of America,146.49764200630182,7060012280,3,3,train
hysets_11042400,hysets,2921,33.45919759,-116.9236357,TEMECULA C NR AGUANGA CA,United States of America,341.68205547655714,7060012280,3,3,train
hysets_11044300,hysets,2921,33.41364059,-117.2411462,SANTA MARGARITA R A FPUD SUMP NR FALLBROOK CA,United States of America,1603.891830457882,7060012280,3,3,train
hysets_11046000,hysets,2921,33.3111436,-117.3472604,SANTA MARGARITA R A YSIDORA CA,United States of America,1912.672263582812,7060012280,3,3,train
hysets_11046300,hysets,2921,33.47085987,-117.4730986,SAN MATEO C NR SAN CLEMENTE CA,United States of America,209.8614337036748,7060012280,3,3,train
hysets_11046530,hysets,2921,33.5025264,-117.6481058,SAN JUAN C AT LA NOVIA ST BR AT SAN JUAN CAPIS CA,United States of America,283.5847998029872,7060012280,3,3,train
hysets_11047300,hysets,2921,33.49835999,-117.6658843,ARROYO TRABUCO A SAN JUAN CAPISTRANO CA,United States of America,139.61160642253776,7060012280,3,3,train
hysets_11057500,hysets,2921,34.0614024,-117.2675419,SAN TIMOTEO C NR LOMA LINDA CA,United States of America,329.0681944949111,7060012590,4,4,train
hysets_11097000,hysets,2921,34.25361395,-118.38897,BIG TUJUNGA C BL HANSEN DAM CA,United States of America,395.6347903398696,7060012600,1,1,val
hysets_11123500,hysets,2921,34.54360358,-119.8648627,SANTA YNEZ R BL LOS LAURLS CYN NR SNTA YNEZ CA,United States of America,718.143903325044,7060012600,1,1,val
hysets_11124500,hysets,2921,34.5966563,-119.9087519,SANTA CRUZ C NR SANTA YNEZ CA,United States of America,191.5009624555877,7060012600,1,1,val
hysets_11132500,hysets,2921,34.5885957,-120.4084938,SALSIPUEDES C NR LOMPOC CA,United States of America,121.70268238681705,7060012600,1,1,val
hysets_11133000,hysets,2921,34.63609474,-120.424606,SANTA YNEZ R A NARROWS NR LOMPOC CA,United States of America,2043.8934514097969,7060012600,1,1,val
hysets_11136800,hysets,2921,35.0219213,-120.2284868,CUYAMA R BL BUCKHORN CYN NR SANTA MARIA CA,United States of America,2278.04941203401,7060012950,1,1,val
hysets_11137900,hysets,2921,35.07775398,-120.3718267,HUASNA R NR ARROYO GRANDE CA,United States of America,268.0902224594596,7060012950,1,1,val
hysets_11140000,hysets,2921,34.89386807,-120.3065463,SISQUOC R NR GAREY,United States of America,1220.653512843106,7060012950,1,1,val
hysets_11140585,hysets,2921,34.96831117,-120.404051,SANTA MARIA R A SUEY CROSSING NR SANTA MARIA CA,United States of America,4264.227203389346,7060012950,1,1,val
hysets_11143250,hysets,2921,36.5391278,-121.8805084,CARMEL R NR CARMEL CA,United States of America,637.128712389534,7060012960,3,3,train
hysets_11147500,hysets,2921,35.6285813,-120.6843373,SALINAS R A PASO ROBLES CA,United States of America,1007.4731401080712,7060013170,2,2,train
hysets_11149900,hysets,2921,35.89663404,-121.0882491,SAN ANTONIO R NR LOCKWOOD CA,United States of America,556.7520942609758,7060013170,2,2,train
hysets_11151300,hysets,2921,36.26802087,-121.066303,SAN LORENZO C BL BITTERWATER C NR KING CITY CA,United States of America,603.2717466545155,7060013170,2,2,train
hysets_11151700,hysets,2921,36.411076,-121.3193738,SALINAS R A SOLEDAD CA,United States of America,10323.393324502567,7060013170,2,2,train
hysets_11152000,hysets,2921,36.28052076,-121.3227063,ARROYO SECO NR SOLEDAD CA,United States of America,625.2659541419143,7060013170,2,2,train
hysets_11152050,hysets,2921,36.39968708,-121.3240962,ARROYO SECO BL RELIZ C NR SOLEDAD CA,United States of America,771.3458308844533,7060013170,2,2,train
hysets_11153000,hysets,2921,36.98,-121.3802778,PACHECO C NR DUNNEVILLE CA,United States of America,374.2007161739025,7060013180,2,2,train
hysets_11156500,hysets,2921,36.60940609,-121.2029797,SAN BENITO R NR WILLOW CREEK SCHOOL CA,United States of America,643.5484515061394,7060013180,2,2,train
hysets_11157500,hysets,2921,36.76579177,-121.2996532,TRES PINOS C NR TRES PINOS CA,United States of America,540.2931089272058,7060013180,2,2,train
hysets_11158600,hysets,2921,36.85189909,-121.4299368,SAN BENITO R A HWY 156 NR HOLLISTER CA,United States of America,1568.022671306579,7060013180,2,2,train
hysets_11159000,hysets,2921,36.9002307,-121.5977215,PAJARO R A CHITTENDEN CA,United States of America,3071.345911372556,7060013180,2,2,train
hysets_11160000,hysets,2921,36.9913389,-121.9557933,SOQUEL C A SOQUEL CA,United States of America,104.06857833734752,7060013180,2,2,train
hysets_11161000,hysets,2921,36.9907832,-122.0319076,SAN LORENZO R A SANTA CRUZ CA,United States of America,298.1211827869303,7060013180,2,2,train
hysets_11162570,hysets,2921,37.3257762,-122.3866404,SAN GREGORIO C A SAN GREGORIO CA,United States of America,132.09267716326767,7060013180,2,2,train
hysets_11176400,hysets,2921,37.56132196,-121.6838389,ARROYO VALLE BL LANG CYN NR LIVERMORE CA,United States of America,338.65697713064856,7060013180,2,2,train
hysets_11186001,hysets,2921,35.94522615,-118.4775862,COMBINED FLOW OF KERN R AND KERN R NO 3 CA,United States of America,2190.338642969252,7060013550,4,4,train
hysets_11189500,hysets,2921,35.7374516,-118.173689,SF KERN R NR ONYX CA,United States of America,1371.2443134367848,7060013550,4,4,train
hysets_11214600,hysets,2921,37.07633329,-118.9687234,HELMS C BL COURTRIGHT DAM CA,United States of America,102.22125919119648,7060013550,4,4,train
hysets_11216200,hysets,2921,36.90272435,-119.0509463,NF KINGS R BL BALCH DIV DAM CA,United States of America,617.9543224299654,7060013550,4,4,train
hysets_11216500,hysets,2921,36.90328046,-119.1215046,NF KINGS R AB DINKEY C A BALCH CAMP CA,United States of America,648.6734617529669,7060013550,4,4,train
hysets_11218400,hysets,2921,36.87966948,-119.1287268,NF KINGS R BL DINKEY C NR BALCH CAMP CA,United States of America,1000.2279462575382,7060013550,4,4,train
hysets_11230500,hysets,2921,37.3393863,-118.9734513,BEAR C NR LAKE THOMAS A EDISON CA,United States of America,135.75678590137824,7060013550,4,4,train
hysets_11231600,hysets,2921,37.35994237,-118.9984518,MONO C BL DIV DAM NR MONO HOT SPRINGS CA,United States of America,236.5826760589988,7060013550,4,4,train
hysets_11246700,hysets,2921,37.1321706,-119.5315256,SAN JOAQUIN R NR AUBERRY CA,United States of America,3783.82346701094,7060013550,4,4,train
hysets_11253310,hysets,2921,36.40217399,-120.4334917,CANTUA C NR CANTUA CREEK CA,United States of America,120.11295582663044,7060013550,4,4,train
hysets_11264500,hysets,2921,37.73131496,-119.5590514,MERCED R A HAPPY ISLES BRIDGE NR YOSEMITE CA,United States of America,469.4618115316424,7060013550,4,4,train
hysets_11266500,hysets,2921,37.71687138,-119.6662788,MERCED R A POHONO BRIDGE NR YOSEMITE CA,United States of America,834.0339189573775,7060013550,4,4,train
hysets_11270900,hysets,2921,37.5216029,-120.3324114,MERCED R BL MERCED FALLS DAM NR SNELL CA,United States of America,2746.857603792837,7060013550,4,4,train
hysets_11274500,hysets,2921,37.31549247,-121.1252081,ORESTIMBA C NR NEWMAN CA,United States of America,350.1419238305072,7060013550,4,4,train
hysets_11276600,hysets,2921,37.87936848,-119.947126,TUOLUMNE R AB EARLY INTAKE NR MATHER CA,United States of America,1248.0160189248918,7060013550,4,4,train
hysets_11276900,hysets,2921,37.8815908,-119.9701824,TUOLUMNE R BL EARLY INTAKE NR MATHER CA,United States of America,1254.0038731200714,7060013550,4,4,train
hysets_11277300,hysets,2921,37.96769944,-119.9174029,CHERRY C BL VALLEY DAM NR HETCH HETCHY CA,United States of America,305.01730316850626,7060013550,4,4,train
hysets_11278400,hysets,2921,37.8902017,-119.9699046,"CHERRY C BL DION R HOLM PH, NR MATHER CA",United States of America,610.1271309669746,7060013550,4,4,train
hysets_11289650,hysets,2921,37.666321,-120.4421394,TUOLUMNE R BL LAGRANGE DAM NR LAGRANGE CA,United States of America,3981.4897852553527,7060013550,4,4,train
hysets_11289651,hysets,2921,37.666321,-120.4421394,COMBINED FLOW TUOLUMNE R + MODESTO CN + TURLOCK CA,United States of America,3981.4897852553527,7060013550,4,4,train
hysets_11292900,hysets,2921,38.19325109,-120.0990762,MF STANISLAUS R BL BEARDSLEY DAM CA,United States of America,812.7660283581823,7060013550,4,4,train
hysets_11295270,hysets,2921,38.2326959,-120.293528,NF STANISLAUS R BL MCKAYS POINT DAM NR AVERY CA,United States of America,429.6265783676183,7060013550,4,4,train
hysets_11295300,hysets,2921,38.2071409,-120.3171396,NF STANISLAUS R BL BEAVER C NR HATHAWAY PINES CA,United States of America,519.4696167321864,7060013550,4,4,train
hysets_11302000,hysets,2921,37.85159385,-120.6379816,STANISLAUS R BL GOODWIN DAM NR KNIGHTS FERRY CA,United States of America,2537.63895217628,7060013550,4,4,train
hysets_11314500,hysets,2921,38.4935232,-120.2210266,NF MOKELUMNE R BL SALT SPRINGS DAM CA,United States of America,440.7855067113497,7060013550,4,4,train
hysets_11317000,hysets,2921,38.3896344,-120.5265927,MF MOKELUMNE R A WEST POINT CA,United States of America,177.58127738453814,7060013550,4,4,train
hysets_11318500,hysets,2921,38.36824625,-120.5454823,SF MOKELUMNE R NR WEST POINT CA,United States of America,194.0081451438145,7060013550,4,4,train
hysets_11335000,hysets,2921,38.50018619,-121.0452212,COSUMNES R A MICHIGAN BAR CA,United States of America,1384.7230817483871,7060013550,4,4,train
hysets_11342000,hysets,2921,40.93959397,-122.4172351,SACRAMENTO R A DELTA CA,United States of America,1097.7384044314024,7060013550,4,4,train
hysets_11367500,hysets,2921,41.18821296,-122.065557,MCCLOUD R NR MCCLOUD CA,United States of America,941.5790252453904,7060013550,4,4,train
hysets_11374000,hysets,2921,40.50487467,-122.2330577,COW C NR MILLVILLE CA,United States of America,1094.062312589005,7060013550,4,4,train
hysets_11376000,hysets,2921,40.38709797,-122.2386119,COTTONWOOD C NR COTTONWOOD CA,United States of America,2385.39715375179,7060013550,4,4,train
hysets_11376550,hysets,2921,40.39820996,-122.1463869,BATTLE C BL COLEMAN FISH HATCHERY NR COTTONWOOD CA,United States of America,934.015037953154,7060013550,4,4,train
hysets_11377100,hysets,2921,40.28848836,-122.1866645,SACRAMENTO R AB BEND BRIDGE NR RED BLUFF CA,United States of America,25356.0898766767,7060013550,4,4,train
hysets_11379500,hysets,2921,40.02376507,-122.5119462,ELDER C NR PASKENTA CA,United States of America,239.5155445900945,7060013550,4,4,train
hysets_11381500,hysets,2921,40.0546022,-122.0241541,MILL C NR LOS MOLINOS CA,United States of America,339.5705564829825,7060013550,4,4,train
hysets_11383500,hysets,2921,40.01404745,-121.9483181,DEER C NR VINA CA,United States of America,539.8815673632658,7060013550,4,4,train
hysets_11389500,hysets,2921,39.2140566,-122.0002508,SACRAMENTO R A COLUSA CA,United States of America,33971.06297432568,7060013550,4,4,train
hysets_11390500,hysets,2921,39.00989476,-121.82469,SACRAMENTO R BL WILKINS SLOUGH NR GRIMES CA,United States of America,36143.37405977158,7060013550,4,4,train
hysets_11396200,hysets,2921,39.5512773,-121.2094046,SF FEATHER R BL FORBESTOWN DAM CA,United States of America,225.62975361947525,7060013550,4,4,train
hysets_11402000,hysets,2921,40.002947,-120.9543994,SPANISH C AB BLACKHAWK C AT KEDDIE CA,United States of America,472.7142242154388,7060013550,4,4,train
hysets_11413000,hysets,2921,39.5248937,-120.9380068,N YUBA R BL GOODYEARS BAR CA,United States of America,646.957419821188,7060013550,4,4,train
hysets_11418000,hysets,2921,39.23517079,-121.2741256,YUBA R BL ENGLEBRIGHT DAM NR SMARTSVILLE CA,United States of America,2871.1048683335816,7060013550,4,4,train
hysets_11421000,hysets,2921,39.1757251,-121.5249647,YUBA R NR MARYSVILLE CA,United States of America,3456.9342551772297,7060013550,4,4,train
hysets_11428800,hysets,2921,39.05657207,-120.4079758,RUBICON R BL HELL HOLE DAM CA,United States of America,293.4429906742262,7060013550,4,4,train
hysets_11433300,hysets,2921,39.0060108,-120.7607633,MF AMERICAN R NR FORESTHILL CA,United States of America,1349.4626434856411,7060013550,4,4,train
hysets_11441900,hysets,2921,38.8237926,-120.5393692,SILVER C BL CAMINO DIV DAM CA,United States of America,441.2100303568223,7060013550,4,4,train
hysets_11453500,hysets,2921,38.77879078,-122.5174807,PUTAH C NR GUENOC CA,United States of America,293.49115179380635,7060013550,4,4,train
hysets_11458500,hysets,2921,38.32324705,-122.4944258,SONOMA C A AGUA CALIENTE CA,United States of America,150.3503967465792,7060013560,1,1,val
hysets_11461500,hysets,2921,39.24655605,-123.1302806,EF RUSSIAN R NR CALPELLA CA,United States of America,238.36386196586284,7060013560,1,1,val
hysets_11463500,hysets,2921,38.71268685,-122.8958295,RUSSIAN R A GEYSERVILLE CA,United States of America,1698.0573713886754,7060013560,1,1,val
hysets_11465750,hysets,2921,38.42546874,-122.8291584,LAGUNA DE SANTA ROSA C NR SEBASTOPOL CA,United States of America,208.8489531731452,7060013560,1,1,val
hysets_11466320,hysets,2921,38.44519026,-122.8072129,SANTA ROSA C A WILLOWSIDE RD NR SANTA ROSA CA,United States of America,199.13736293276423,7060013560,1,1,val
hysets_11466800,hysets,2921,38.49407838,-122.8533258,MARK WEST C NR MIRABEL HEIGHTS CA,United States of America,651.3833946166387,7060013560,1,1,val
hysets_11467200,hysets,2921,38.5065797,-123.0697239,AUSTIN C NR CAZADERO CA,United States of America,162.3717941243678,7060013560,1,1,val
hysets_11467510,hysets,2921,38.70907868,-123.4266753,SF GUALALA R NR THE SEA RANCH CA,United States of America,417.5723540881635,7060013560,1,1,val
hysets_11468000,hysets,2921,39.17045608,-123.668069,NAVARRO R NR NAVARRO CA,United States of America,785.5228439466223,7060013560,1,1,val
hysets_11469000,hysets,2921,40.31319125,-124.283381,MATTOLE R NR PETROLIA CA,United States of America,634.5210530780115,7060013560,1,1,val
hysets_11471500,hysets,2921,39.38849566,-123.1161157,EEL R A VAN ARSDALE DAM NR POTTER VALLEY CA,United States of America,903.667809158064,7060014040,4,4,train
hysets_11473900,hysets,2921,39.70626687,-123.3252913,MF EEL R NR DOS RIOS CA,United States of America,1927.3787564727768,7060014040,4,4,train
hysets_11475800,hysets,2921,39.8745957,-123.7205775,SF EEL R A LEGGETT CA,United States of America,641.2762664623415,7060014040,4,4,train
hysets_11476500,hysets,2921,40.18181004,-123.7761426,SF EEL R NR MIRANDA CA,United States of America,1388.942955668925,7060014040,4,4,train
hysets_11477000,hysets,2921,40.49152384,-124.0997699,EEL R A SCOTIA CA,United States of America,8053.9209766575,7060014040,4,4,train
hysets_11478500,hysets,2921,40.48041636,-123.890876,VAN DUZEN R NR BRIDGEVILLE CA,United States of America,572.4179931134544,7060014040,4,4,train
hysets_11480410,hysets,2921,40.37097808,-123.4361411,MAD R BL RUTH RES NR FOREST GLEN CA,United States of America,312.41068169915025,7060014050,3,3,train
hysets_11481200,hysets,2921,41.0098479,-124.0814555,LITTLE R NR TRINIDAD CA,United States of America,105.62824371055116,7060014050,3,3,train
hysets_11481500,hysets,2921,40.90596479,-123.815335,REDWOOD C NR BLUE LAKE CA,United States of America,174.97126623443177,7060014050,3,3,train
hysets_11482500,hysets,2921,41.2992896,-124.0511825,REDWOOD C A ORICK CA,United States of America,716.6782562240389,7060014050,3,3,train
hysets_11493500,hysets,2921,42.74013528,-121.8344618,"WILLIAMSON RIVER NEAR KLAMATH AGENCY, OR",United States of America,3468.731376901584,7060014200,4,4,train
hysets_11501000,hysets,2921,42.5845809,-121.8497366,"SPRAGUE RIVER NEAR CHILOQUIN, OR",United States of America,4114.863433977169,7060014200,4,4,train
hysets_11502500,hysets,2921,42.56485858,-121.8794593,"WILLIAMSON RIVER BLW SPRAGUE RIVER NR CHILOQUIN,OR",United States of America,7807.370879627058,7060014200,4,4,train
hysets_11519500,hysets,2921,41.64069017,-123.015037,SCOTT R NR FORT JONES CA,United States of America,1711.1452971707963,7060014200,4,4,train
hysets_11521500,hysets,2921,41.83512325,-123.3831113,INDIAN C NR HAPPY CAMP CA,United States of America,309.1509343807645,7060014200,4,4,train
hysets_11522500,hysets,2921,41.3765154,-123.4770026,SALMON R A SOMES BAR CA,United States of America,1942.018089893268,7060014200,4,4,train
hysets_11523200,hysets,2921,41.1112571,-122.7055788,TRINITY R AB COFFEE C NR TRINITY CENTER CA,United States of America,383.16262205099497,7060014200,4,4,train
hysets_11528700,hysets,2921,40.6498627,-123.4942046,SF TRINITY R BL HYAMPOM CA,United States of America,1977.819281596088,7060014200,4,4,train
hysets_11532500,hysets,2921,41.7915026,-124.0761887,SMITH R NR CRESCENT CITY CA,United States of America,1586.53971725635,7060014210,0,0,test
hysets_12013500,hysets,2921,46.65093418,-123.6526584,"WILLAPA RIVER NEAR WILLAPA, WA",United States of America,336.743163375188,7060014940,1,1,val
hysets_12020000,hysets,2921,46.6173236,-123.277644,"CHEHALIS RIVER NEAR DOTY, WA",United States of America,293.3763243084066,7060015090,4,4,train
hysets_12025000,hysets,2921,46.6201042,-122.945126,"NEWAUKUM RIVER NEAR CHEHALIS, WA",United States of America,403.8699689912811,7060015090,4,4,train
hysets_12026150,hysets,2921,46.79010157,-122.7354019,"SKOOKUMCHUCK RIVER BL BLDY RUN CR NR CENTRALIA, WA",United States of America,169.25599464367644,7060015090,4,4,train
hysets_12026400,hysets,2921,46.7720459,-122.924298,"SKOOKUMCHUCK RIVER NEAR BUCODA, WA",United States of America,297.82241287818425,7060015090,4,4,train
hysets_12027500,hysets,2921,46.7759343,-123.0356919,"CHEHALIS RIVER NEAR GRAND MOUND, WA",United States of America,2320.55373198298,7060015090,4,4,train
hysets_12031000,hysets,2921,46.93926375,-123.3143194,"CHEHALIS RIVER AT PORTER, WA",United States of America,3351.935739572155,7060015090,4,4,train
hysets_12035000,hysets,2921,47.0006512,-123.4948838,"SATSOP RIVER NEAR SATSOP, WA",United States of America,766.999376884351,7060015090,4,4,train
hysets_12037400,hysets,2921,47.0114831,-123.6554417,"WYNOOCHEE RIVER ABOVE BLACK CREEK NR MONTESANO, WA",United States of America,398.29109986565607,7060015090,4,4,train
hysets_12039500,hysets,2921,47.4575863,-123.8893446,"QUINAULT RIVER AT QUINAULT LAKE, WA",United States of America,685.3547669097578,7060015100,2,2,train
hysets_12040500,hysets,2921,47.5378588,-124.3157457,"QUEETS RIVER NEAR CLEARWATER, WA",United States of America,1149.9337520317315,7060015100,2,2,train
hysets_12041200,hysets,2921,47.80674726,-124.2510329,"HOH RIVER AT US HIGHWAY 101 NEAR FORKS, WA",United States of America,653.7520407730586,7060015100,2,2,train
hysets_12043000,hysets,2921,47.96007697,-124.3929872,"CALAWAH RIVER NEAR FORKS, WA",United States of America,336.11391230357543,7060015100,2,2,train
hysets_12054000,hysets,2921,47.68398059,-123.011551,"DUCKABUSH RIVER NEAR BRINNON, WA",United States of America,170.66210036547753,7060015100,2,2,train
hysets_12056500,hysets,2921,47.51425666,-123.3298868,"NF SKOKOMISH R BL STAIRCASE RPDS NR HOODSPORT, WA",United States of America,146.47105574144183,7060015100,2,2,train
hysets_12082500,hysets,2921,46.75260766,-122.0837194,"NISQUALLY RIVER NEAR NATIONAL, WA",United States of America,348.9595654983757,7060015100,2,2,train
hysets_12087000,hysets,2921,46.85677048,-122.3026139,"MASHEL RIVER NEAR LA GRANDE, WA",United States of America,213.02089734089668,7060015100,2,2,train
hysets_12096500,hysets,2921,47.18510115,-122.2295625,"PUYALLUP RIVER AT ALDERTON, WA",United States of America,1139.8122473710728,7060015900,1,1,val
hysets_12097500,hysets,2921,47.1534409,-121.6356543,"GREENWATER RIVER AT GREENWATER, WA",United States of America,189.31290155591512,7060015900,1,1,val
hysets_12097850,hysets,2921,47.1467703,-121.8601066,"WHITE RIVER BELOW CLEARWATER RIVER NR BUCKLEY, WA",United States of America,967.3664537490432,7060015900,1,1,val
hysets_12099200,hysets,2921,47.17388889,-122.0080556,"WHITE RIVER ABOVE BOISE CREEK AT BUCKLEY, WA",United States of America,1059.4333166865856,7060015900,1,1,val
hysets_12100490,hysets,2921,47.27482295,-122.2078967,"WHITE RIVER AT R STREET NEAR AUBURN, WA",United States of America,1223.384071091809,7060015900,1,1,val
hysets_12101500,hysets,2921,47.20843358,-122.3270652,"PUYALLUP RIVER AT PUYALLUP, WA",United States of America,2441.5948247137544,7060015900,1,1,val
hysets_12134500,hysets,2921,47.83732546,-121.6667809,"SKYKOMISH RIVER NEAR GOLD BAR, WA",United States of America,1380.3016492613674,7060016000,4,4,train
hysets_12137800,hysets,2921,47.95926837,-121.7973447,"SULTAN RIVER BELOW DIVERSION DAM NEAR SULTAN, WA",United States of America,197.30127805680485,7060016000,4,4,train
hysets_12141300,hysets,2921,47.48593975,-121.6478809,"MIDDLE FORK SNOQUALMIE RIVER NEAR TANNER, WA",United States of America,400.4598713013861,7060016000,4,4,train
hysets_12144000,hysets,2921,47.49288017,-121.7901109,"SF SNOQUALMIE RIVER AT NORTH BEND, WA",United States of America,209.12371425006305,7060016000,4,4,train
hysets_12144500,hysets,2921,47.5451019,-121.842336,"SNOQUALMIE RIVER NEAR SNOQUALMIE, WA",United States of America,974.0128766851518,7060016000,4,4,train
hysets_12149000,hysets,2921,47.66593399,-121.9253969,"SNOQUALMIE RIVER NEAR CARNATION, WA",United States of America,1556.4099585157478,7060016000,4,4,train
hysets_12150800,hysets,2921,47.830932,-122.048459,"SNOHOMISH RIVER NEAR MONROE, WA",United States of America,3966.094561519342,7060016000,4,4,train
hysets_12167000,hysets,2921,48.26149178,-122.0476407,"NF STILLAGUAMISH RIVER NEAR ARLINGTON, WA",United States of America,681.651426412431,7060016010,0,0,test
hysets_12175500,hysets,2921,48.6726287,-121.0728964,"THUNDER CREEK NEAR NEWHALEM, WA",United States of America,272.52035294480623,7060016090,1,1,val
hysets_12179900,hysets,2921,48.6045662,-121.3995727,"BACON CREEK BELOW OAKES CREEK NEAR MARBLEMOUNT, WA",United States of America,127.91264992820489,7060016090,1,1,val
hysets_12182500,hysets,2921,48.5262307,-121.4154046,"CASCADE RIVER AT MARBLEMOUNT, WA",United States of America,442.6170886295047,7060016090,1,1,val
hysets_12186000,hysets,2921,48.16872009,-121.4706723,"SAUK RIVER AB WHITE CHUCK RIVER NR  DARRINGTON, WA",United States of America,397.4032655179735,7060016090,1,1,val
hysets_12189500,hysets,2921,48.42455859,-121.5684634,"SAUK RIVER NEAR SAUK, WA",United States of America,1849.721505242328,7060016090,1,1,val
hysets_12193400,hysets,2921,48.54039255,-121.7434734,"BAKER RIVER AT HENRY THOMPSON BR AT CONCRETE, WA",United States of America,769.1363585870174,7060016090,1,1,val
hysets_12200500,hysets,2921,48.4448278,-122.3354369,"SKAGIT RIVER NEAR MOUNT VERNON, WA",United States of America,6929.818932415159,7060016090,1,1,val
hysets_12201500,hysets,2921,48.54594127,-122.3382169,"SAMISH RIVER NEAR BURLINGTON, WA",United States of America,223.15356712537545,7060016100,2,2,train
hysets_12205000,hysets,2921,48.90595739,-121.8443104,"NF NOOKSACK RIVER BL CASCADE CREEK NR GLACIER, WA",United States of America,271.6647219504485,7060016100,2,2,train
hysets_12208000,hysets,2921,48.7792828,-122.1065434,"MF NOOKSACK RIVER NEAR DEMING, WA",United States of America,192.17022522119265,7060016100,2,2,train
hysets_12210000,hysets,2921,48.67761256,-122.1665454,"SF NOOKSACK RIVER AT SAXON BRIDGE, WA",United States of America,331.2198061937653,7060016100,2,2,train
hysets_12210700,hysets,2921,48.84178209,-122.2943258,"NOOKSACK RIVER AT NORTH CEDARVILLE, WA",United States of America,1522.7515554902218,7060016100,2,2,train
hysets_12213100,hysets,2921,48.84483249,-122.5893389,"NOOKSACK RIVER AT FERNDALE, WA",United States of America,1899.3993487596424,7060016100,2,2,train
hysets_12302055,hysets,2921,48.35560278,-115.31465,Fisher River near Libby MT,United States of America,2173.375112517844,7060014930,4,4,train
hysets_12323600,hysets,2921,46.1077583,-112.8052833,Silver Bow Creek at Opportunity MT,United States of America,885.371713462935,7060014930,4,4,train
hysets_12323760,hysets,2921,46.13366667,-112.9031528,Warm Springs Creek near Anaconda MT,United States of America,400.7457446126497,7060014930,4,4,train
hysets_12324200,hysets,2921,46.39765,-112.7425389,Clark Fork at Deer Lodge MT,United States of America,2585.149489210192,7060014930,4,4,train
hysets_12324400,hysets,2921,46.5109111,-112.789686,Clark Fork ab Little Blackfoot R nr Garrison MT,United States of America,2950.1390382455784,7060014930,4,4,train
hysets_12324680,hysets,2921,46.58998889,-112.9287139,Clark Fork at Goldcreek MT,United States of America,4577.807567491799,7060014930,4,4,train
hysets_12330000,hysets,2921,46.47165278,-113.2357694,Boulder Creek at Maxville MT,United States of America,182.00803173846936,7060014930,4,4,train
hysets_12331500,hysets,2921,46.62872778,-113.1506917,Flint Creek near Drummond MT,United States of America,1270.3428862308815,7060014930,4,4,train
hysets_12331800,hysets,2921,46.71191389,-113.3307806,Clark Fork near Drummond MT,United States of America,6495.159821553692,7060014930,4,4,train
hysets_12334510,hysets,2921,46.7223361,-113.683061,Rock Creek near Clinton MT,United States of America,2299.351476070218,7060014930,4,4,train
hysets_12334550,hysets,2921,46.8259111,-113.8140306,Clark Fork at Turah Bridge nr Bonner MT,United States of America,9462.525723387853,7060014930,4,4,train
hysets_12335500,hysets,2921,46.77777778,-112.767786,"Nevada Cr ab reservoir, nr Helmville, MT",United States of America,312.9939282741737,7060014930,4,4,train
hysets_12340000,hysets,2921,46.8994111,-113.7563194,Blackfoot River near Bonner MT,United States of America,5908.684924804761,7060014930,4,4,train
hysets_12344000,hysets,2921,45.97205,-114.1412333,Bitterroot River near Darby MT,United States of America,2711.633070900292,7060014930,4,4,train
hysets_12352500,hysets,2921,46.83173889,-114.054861,Bitterroot River near Missoula MT,United States of America,7300.272541747128,7060014930,4,4,train
hysets_12353000,hysets,2921,46.8686333,-114.1277472,Clark Fork below Missoula MT,United States of America,23292.54339894068,7060014930,4,4,train
hysets_12354500,hysets,2921,47.30163889,-115.0868694,Clark Fork at St. Regis MT,United States of America,27709.91016517086,7060014930,4,4,train
hysets_12358500,hysets,2921,48.49551667,-114.0102083,M F Flathead River near West Glacier MT,United States of America,2906.059944187341,7060014930,4,4,train
hysets_12365700,hysets,2921,48.21725,-114.313736,"Stillwater River at Lawrence Park, at Kalispell",United States of America,1515.768174105002,7060014930,4,4,train
hysets_12370000,hysets,2921,48.02423056,-113.9788194,"Swan River near Bigfork, MT",United States of America,1735.3608562745897,7060014930,4,4,train
hysets_12389500,hysets,2921,47.5918583,-115.229536,Thompson River near Thompson Falls MT,United States of America,1646.6016746904584,7060014930,4,4,train
hysets_12392155,hysets,2921,48.15166667,-116.1816667,LIGHTNING CREEK AT CLARK FORK ID,United States of America,302.7320745972956,7060014930,4,4,train
hysets_12392300,hysets,2921,48.42,-116.5019444,PACK RIVER NR COLBURN ID,United States of America,312.6383208585399,7060014930,4,4,train
hysets_12396500,hysets,2921,48.78102736,-117.4163559,"PEND OREILLE RIVER BELOW BOX CANYON NEAR IONE, WA",United States of America,63042.91347300381,7060014930,4,4,train
hysets_12409000,hysets,2921,48.5943461,-118.0624887,"COLVILLE RIVER AT KETTLE FALLS, WA",United States of America,2593.996674777284,7060014930,4,4,train
hysets_12411000,hysets,2921,47.7061111,-115.9791667,NF COEUR D ALENE R AB SHOSHONE CK NR PRICHARD ID,United States of America,862.7264303301637,7060014930,4,4,train
hysets_12413000,hysets,2921,47.5722,-116.2528,NF COEUR D ALENE RIVER AT ENAVILLE ID,United States of America,2309.443730552315,7060014930,4,4,train
hysets_12413210,hysets,2921,47.53138889,-116.0925,SF COEUR D ALENE AT ELIZABETH PARK NR KELLOGG ID,United States of America,469.3908657139386,7060014930,4,4,train
hysets_12413470,hysets,2921,47.5519444,-116.2363889,SF COEUR D ALENE RIVER NR PINEHURST ID,United States of America,741.5274869071324,7060014930,4,4,train
hysets_12413500,hysets,2921,47.5547,-116.3231,COEUR D ALENE RIVER NR CATALDO ID,United States of America,3117.811445770645,7060014930,4,4,train
hysets_12413860,hysets,2921,47.4786111,-116.7330556,COEUR D ALENE RIVER NR HARRISON ID,United States of America,3758.4919872865744,7060014930,4,4,train
hysets_12413875,hysets,2921,47.05638889,-115.3533333,"ST JOE RIVER AT RED IVES RANGER STATION, ID",United States of America,309.08660507337106,7060014930,4,4,train
hysets_12414500,hysets,2921,47.2744444,-116.1888889,"ST JOE RIVER AT CALDER, ID",United States of America,2649.308884955394,7060014930,4,4,train
hysets_12414900,hysets,2921,47.1761111,-116.4933333,"ST MARIES RIVER NR SANTA, ID",United States of America,703.6905642460124,7060014930,4,4,train
hysets_12424000,hysets,2921,47.6526688,-117.449658,"HANGMAN CREEK AT SPOKANE, WA",United States of America,1759.315537653665,7060014930,4,4,train
hysets_12433200,hysets,2921,47.8632201,-117.858294,"CHAMOKANE CREEK BELOW FALLS NEAR LONG LAKE, WA",United States of America,466.6661032054824,7060014930,4,4,train
hysets_12434590,hysets,2921,48.08432459,-118.6914018,"SANPOIL RIVER ABOVE JACK CREEK AT KELLER, WA",United States of America,2160.9269580437926,7060014930,4,4,train
hysets_12445900,hysets,2921,48.36709697,-119.4450465,"OMAK CREEK NEAR OMAK, WA",United States of America,308.76380418958973,7060014930,4,4,train
hysets_12447383,hysets,2921,48.5737538,-120.3850944,"METHOW RIVER ABOVE GOAT CREEK NEAR MAZAMA, WA",United States of America,947.6727429869632,7060014930,4,4,train
hysets_12448000,hysets,2921,48.4770898,-120.1864734,"CHEWUCH RIVER AT WINTHROP, WA",United States of America,1353.6513469578956,7060014930,4,4,train
hysets_12448500,hysets,2921,48.4734787,-120.1773063,"METHOW RIVER AT WINTHROP, WA",United States of America,2675.337138644324,7060014930,4,4,train
hysets_12448998,hysets,2921,48.3698671,-120.148693,"TWISP RIVER NEAR TWISP, WA",United States of America,630.8157121017201,7060014930,4,4,train
hysets_12449500,hysets,2921,48.36514507,-120.1161917,"METHOW RIVER AT TWISP, WA",United States of America,3413.6720330925746,7060014930,4,4,train
hysets_12449950,hysets,2921,48.0773639,-119.9850723,"METHOW RIVER NEAR PATEROS, WA",United States of America,4630.132629809015,7060014930,4,4,train
hysets_12451000,hysets,2921,48.32958017,-120.6917668,"STEHEKIN RIVER AT STEHEKIN, WA",United States of America,826.8080799349541,7060014930,4,4,train
hysets_12452500,hysets,2921,47.8345808,-120.0131254,"CHELAN RIVER AT CHELAN, WA",United States of America,2407.393397627514,7060014930,4,4,train
hysets_12452800,hysets,2921,47.81846178,-120.4231438,"ENTIAT RIVER NEAR ARDENVOIR, WA",United States of America,524.6483788003015,7060014930,4,4,train
hysets_12452890,hysets,2921,47.7367943,-120.3686962,"MAD RIVER AT ARDENVOIR, WA",United States of America,235.4796148723373,7060014930,4,4,train
hysets_12452990,hysets,2921,47.663185,-120.250634,"ENTIAT RIVER NEAR ENTIAT, WA",United States of America,1071.2730162819462,7060014930,4,4,train
hysets_12456500,hysets,2921,47.8373461,-120.6623161,"CHIWAWA RIVER NEAR PLAIN, WA",United States of America,444.2104376966674,7060014930,4,4,train
hysets_12457000,hysets,2921,47.7628995,-120.6662039,"WENATCHEE RIVER AT PLAIN, WA",United States of America,1540.85654427608,7060014930,4,4,train
hysets_12458000,hysets,2921,47.5409539,-120.7200872,"ICICLE CREEK ABOVE SNOW CREEK NEAR LEAVENWORTH, WA",United States of America,498.3136772797895,7060014930,4,4,train
hysets_12459000,hysets,2921,47.5831777,-120.6195306,"WENATCHEE RIVER AT PESHASTIN, WA",United States of America,2579.7563590500545,7060014930,4,4,train
hysets_12462500,hysets,2921,47.49929148,-120.4245223,"WENATCHEE RIVER AT MONITOR, WA",United States of America,3362.893578182577,7060014930,4,4,train
hysets_12464800,hysets,2921,47.4068192,-118.3188652,"COAL CREEK AT MOHLER, WA",United States of America,158.02945136844,7060014930,4,4,train
hysets_12465000,hysets,2921,47.3604238,-118.8500022,"CRAB CREEK AT IRBY, WA",United States of America,2700.007005617505,7060014930,4,4,train
hysets_12465400,hysets,2921,47.6629263,-118.9305666,"WILSON CREEK BELOW CORBETT DRAW NEAR ALMIRA, WA",United States of America,867.3635804760578,7060014930,4,4,train
hysets_12467000,hysets,2921,47.1893085,-119.265855,"CRAB CREEK NEAR MOSES LAKE, WA",United States of America,5332.884219645139,7060014930,4,4,train
hysets_12488500,hysets,2921,46.97761606,-121.168696,"AMERICAN RIVER NEAR NILE, WA",United States of America,204.39672671984576,7060014930,4,4,train
hysets_12502500,hysets,2921,46.53596038,-120.4733968,"AHTANUM CREEK AT UNION GAP, WA",United States of America,448.5031967551398,7060014930,4,4,train
hysets_12506000,hysets,2921,46.3109589,-120.788125,"TOPPENISH CREEK NEAR FORT SIMCOE, WA",United States of America,313.60143301679165,7060014930,4,4,train
hysets_12508990,hysets,2921,46.23124238,-119.9994858,"YAKIMA RIVER AT MABTON, WA",United States of America,13821.216583686191,7060014930,4,4,train
hysets_13010065,hysets,2921,44.09888889,-110.6675,SNAKE RIVER AB JACKSON LAKE AT FLAGG RANCH WY,United States of America,1219.2533458664122,7060014930,4,4,train
hysets_13011000,hysets,2921,43.8583333,-110.5858333,SNAKE RIVER NR MORAN WY,United States of America,2079.18569362764,7060014930,4,4,train
hysets_13011500,hysets,2921,43.85027778,-110.5177778,PACIFIC CREEK AT MORAN WY,United States of America,403.0840003900176,7060014930,4,4,train
hysets_13011900,hysets,2921,43.83805556,-110.4408333,BUFFALO FORK AB LAVA CREEK NR MORAN WY,United States of America,842.8592172672892,7060014930,4,4,train
hysets_13018750,hysets,2921,43.3722222,-110.7386111,SNAKE RIVER BL FLAT CREEK NR JACKSON WY,United States of America,6869.567177977388,7060014930,4,4,train
hysets_13022500,hysets,2921,43.1961111,-110.8894444,SNAKE RIVER AB RESERVOIR NR ALPINE WY,United States of America,8848.830156543421,7060014930,4,4,train
hysets_13023000,hysets,2921,43.14305556,-110.9769444,GREYS RIVER AB RESERVOIR NR ALPINE WY,United States of America,1159.5599609517285,7060014930,4,4,train
hysets_13046995,hysets,2921,44.06194444,-111.1519444,FALLS RIVER AB YELLOWSTONE CANAL NR SQUIRREL ID,United States of America,833.0930148448232,7060014930,4,4,train
hysets_13135500,hysets,2921,43.78629677,-114.4250547,BIG WOOD RIVER NR KETCHUM ID,United States of America,353.71715580880954,7060014930,4,4,train
hysets_13137500,hysets,2921,43.67777778,-114.361111,TRAIL CREEK AT KETCHUM ID,United States of America,166.4910945745795,7060014930,4,4,train
hysets_13153500,hysets,2921,42.86323537,-114.902003,MALAD RIVER NR BLISS ID,United States of America,8305.343989586205,7060014930,4,4,train
hysets_13171620,hysets,2921,42.94711569,-115.981204,SNAKE RIVER BL CJ STRIKE DAM NR GRAND VIEW ID,United States of America,89863.14805400577,7060014930,4,4,train
hysets_13185000,hysets,2921,43.66805556,-115.7252778,BOISE RIVER NR TWIN SPRINGS ID,United States of America,2152.6675985060856,7060014930,4,4,train
hysets_13186000,hysets,2921,43.4958333,-115.3080556,SF BOISE RIVER NR FEATHERVILLE ID,United States of America,1656.1864193297238,7060014930,4,4,train
hysets_13235000,hysets,2921,44.08527778,-115.6222222,"SOUTH FORK PAYETTE RIVER AT LOWMAN, ID",United States of America,1155.79065957709,7060014930,4,4,train
hysets_13237920,hysets,2921,44.1086111,-115.9822222,MIDDLE FORK PAYETTE RIVER NR CROUCH ID,United States of America,872.4763447380561,7060014930,4,4,train
hysets_13295000,hysets,2921,44.2225,-114.931111,VALLEY CREEK AT STANLEY ID,United States of America,375.3382852527754,7060014930,4,4,train
hysets_13296500,hysets,2921,44.2683333,-114.7327778,SALMON RIVER BL YANKEE FORK NR CLAYTON ID,United States of America,2086.506263803497,7060014930,4,4,train
hysets_13297355,hysets,2921,44.2908333,-114.4716667,SQUAW CREEK BL BRUNO CREEK NR CLAYTON ID,United States of America,185.42118837744863,7060014930,4,4,train
hysets_13302500,hysets,2921,45.1836111,-113.8952778,SALMON RIVER AT SALMON ID,United States of America,9689.895882364335,7060014930,4,4,train
hysets_13307000,hysets,2921,45.3225,-114.44,SALMON RIVER NR SHOUP ID,United States of America,16137.153425516331,7060014930,4,4,train
hysets_13309220,hysets,2921,44.72166667,-115.0163889,MF SALMON RIVER AT MF LODGE NR YELLOW PINE ID,United States of America,2690.117908403721,7060014930,4,4,train
hysets_13310700,hysets,2921,44.9869444,-115.725,SF SALMON RIVER NR KRASSEL RANGER STATION ID,United States of America,850.8837560273586,7060014930,4,4,train
hysets_13317000,hysets,2921,45.75027778,-116.3238889,SALMON RIVER AT WHITE BIRD ID,United States of America,34704.71832886149,7060014930,4,4,train
hysets_13331500,hysets,2921,45.6198669,-117.7265892,"MINAM RIVER AT MINAM, OR",United States of America,617.1644836011222,7060014930,4,4,train
hysets_13333000,hysets,2921,45.9457019,-117.4510089,"GRANDE RONDE RIVER AT TROY, OR",United States of America,8535.791297194255,7060014930,4,4,train
hysets_13335050,hysets,2921,46.34071536,-117.0559898,"ASOTIN CREEK AT ASOTIN, WA",United States of America,838.1475452449598,7060014930,4,4,train
hysets_13336500,hysets,2921,46.08666667,-115.5138889,SELWAY RIVER NR LOWELL ID,United States of America,4949.966078709038,7060014930,4,4,train
hysets_13337000,hysets,2921,46.1508333,-115.5872222,LOCHSA RIVER NR LOWELL ID,United States of America,3044.766210446492,7060014930,4,4,train
hysets_13338500,hysets,2921,46.08638889,-115.9766667,SF CLEARWATER RIVER AT STITES ID,United States of America,3018.269774497931,7060014930,4,4,train
hysets_13339500,hysets,2921,46.37166667,-116.1625,LOLO CREEK NR GREER ID,United States of America,623.3935851412027,7060014930,4,4,train
hysets_13340000,hysets,2921,46.4783333,-116.2575,CLEARWATER RIVER AT OROFINO ID,United States of America,14233.723576174729,7060014930,4,4,train
hysets_13340600,hysets,2921,46.84055556,-115.621111,NF CLEARWATER RIVER NR CANYON RANGER STATION ID,United States of America,3345.8883171913726,7060014930,4,4,train
hysets_13344500,hysets,2921,46.5054217,-118.0663393,"TUCANNON RIVER NEAR STARBUCK, WA",United States of America,1115.0147584265694,7060014930,4,4,train
hysets_13345000,hysets,2921,46.91527778,-116.951111,"PALOUSE RIVER NR POTLATCH, ID",United States of America,815.797466307382,7060014930,4,4,train
hysets_13351000,hysets,2921,46.7584831,-118.1488494,"PALOUSE RIVER AT HOOPER, WA",United States of America,6463.561022801862,7060014930,4,4,train
hysets_14013000,hysets,2921,46.00791557,-118.1185595,"MILL CREEK NEAR WALLA WALLA, WA",United States of America,151.6515706572799,7060014930,4,4,train
hysets_14018500,hysets,2921,46.0276341,-118.7297112,"WALLA WALLA RIVER NEAR TOUCHET, WA",United States of America,4282.680799211658,7060014930,4,4,train
hysets_14020000,hysets,2921,45.71957668,-118.3232913,"UMATILLA RIVER ABOVE MEACHAM CREEK, NR GIBBON, OR",United States of America,341.4964222739736,7060014930,4,4,train
hysets_14020300,hysets,2921,45.6887429,-118.3566262,"MEACHAM CREEK AT GIBBON, OR",United States of America,454.9321012048525,7060014930,4,4,train
hysets_14020850,hysets,2921,45.67151937,-118.736649,"UMATILLA R AT W RESERVATION BNDY NR PENDLETON, OR",United States of America,1140.6273848712544,7060014930,4,4,train
hysets_14038530,hysets,2921,44.41848897,-118.9063419,"JOHN DAY RIVER NEAR JOHN DAY, OR",United States of America,1007.633895516208,7060014930,4,4,train
hysets_14044000,hysets,2921,44.88876388,-119.1413686,"MIDDLE FORK JOHN DAY RIVER AT RITTER, OR",United States of America,1352.2187242643904,7060014930,4,4,train
hysets_14046000,hysets,2921,44.8137582,-119.4316565,"NORTH FORK JOHN DAY RIVER AT MONUMENT, OR",United States of America,6539.294959453785,7060014930,4,4,train
hysets_14046500,hysets,2921,44.7937468,-120.006677,"JOHN DAY RIVER AT SERVICE CREEK, OR",United States of America,13284.518497777515,7060014930,4,4,train
hysets_14048000,hysets,2921,45.5876278,-120.4094919,"JOHN DAY RIVER AT MCDONALD FERRY, OR",United States of America,19742.907385929466,7060014930,4,4,train
hysets_14091500,hysets,2921,44.6262275,-121.4839433,"METOLIUS RIVER NEAR GRANDVIEW, OR",United States of America,816.1619487399166,7060014930,4,4,train
hysets_14093000,hysets,2921,44.7642856,-121.2364393,"SHITIKE CREEK NEAR WARM SPRINGS, OR",United States of America,269.64018996080404,7060014930,4,4,train
hysets_14096850,hysets,2921,44.9587272,-121.3942286,"BEAVER CREEK BELOW QUARTZ CREEK, NR SIMNASHO, OR",United States of America,373.37454326775446,7060014930,4,4,train
hysets_14097100,hysets,2921,44.8565087,-121.1497735,"WARM SPRINGS RIVER NEAR KAHNEETA HOT SPRINGS, OR",United States of America,1358.5570403842387,7060014930,4,4,train
hysets_14107000,hysets,2921,46.2648437,-121.245075,"KLICKITAT RIVER ABOVE WEST FORK NEAR GLENWOOD, WA",United States of America,392.543855866301,7060014930,4,4,train
hysets_14111400,hysets,2921,45.962345,-121.102295,"KLICKITAT RIVER BL SUMMIT CREEK NEAR GLENWOOD, WA",United States of America,1961.975790987262,7060014930,4,4,train
hysets_14113000,hysets,2921,45.75651098,-121.2100714,"KLICKITAT RIVER NEAR PITT, WA",United States of America,3357.2374172818418,7060014930,4,4,train
hysets_14137000,hysets,2921,45.3995642,-122.1373068,"SANDY RIVER NEAR MARMOT, OR",United States of America,674.8398426826542,7060014930,4,4,train
hysets_14158500,hysets,2921,44.3609545,-121.9956172,"MCKENZIE RIVER AT OUTLET OF CLEAR LAKE, OR",United States of America,236.1882171441795,7060014930,4,4,train
hysets_14159200,hysets,2921,44.047067,-122.2178245,SO FK MCKENZIE RIVER ABV COUGAR LAKE NR RAINBOW OR,United States of America,413.2258027715951,7060014930,4,4,train
hysets_14165000,hysets,2921,44.09290317,-122.9573052,"MOHAWK RIVER NEAR SPRINGFIELD, OR",United States of America,459.0754926890897,7060014930,4,4,train
hysets_14171000,hysets,2921,44.525,-123.334,"MARYS RIVER NEAR PHILOMATH, OR",United States of America,391.2994879582505,7060014930,4,4,train
hysets_14178000,hysets,2921,44.7067885,-122.1011859,"NO SANTIAM R BLW BOULDER CRK, NR DETROIT, OR",United States of America,556.7273242762124,7060014930,4,4,train
hysets_14182500,hysets,2921,44.7915108,-122.5789738,"LITTLE NORTH SANTIAM RIVER NEAR MEHAMA, OR",United States of America,286.14316379019886,7060014930,4,4,train
hysets_14185000,hysets,2921,44.39179225,-122.4975817,"SOUTH SANTIAM RIVER BELOW CASCADIA, OR",United States of America,448.3166354539426,7060014930,4,4,train
hysets_14185900,hysets,2921,44.54012357,-122.4359155,"QUARTZVILLE CREEK NEAR CASCADIA, OR",United States of America,256.993165156413,7060014930,4,4,train
hysets_14190500,hysets,2921,44.78317527,-123.2345435,"LUCKIAMUTE RIVER NEAR SUVER, OR",United States of America,621.0488852441416,7060014930,4,4,train
hysets_14197900,hysets,2921,45.2845625,-122.9614893,"WILLAMETTE RIVER AT NEWBERG, OR",United States of America,21517.45531587624,7060014930,4,4,train
hysets_14200000,hysets,2921,45.24428767,-122.687314,"MOLALLA RIVER NEAR CANBY, OR",United States of America,840.3782261461893,7060014930,4,4,train
hysets_14201340,hysets,2921,45.15123137,-122.80426,"PUDDING RIVER NEAR WOODBURN, OR",United States of America,817.639092428331,7060014930,4,4,train
hysets_14202000,hysets,2921,45.23317586,-122.7500933,"PUDDING RIVER AT AURORA, OR",United States of America,1249.9336832329434,7060014930,4,4,train
hysets_14211010,hysets,2921,45.3792874,-122.5773134,"CLACKAMAS RIVER NEAR OREGON CITY, OR",United States of America,2431.468265327216,7060014930,4,4,train
hysets_14216000,hysets,2921,46.06039127,-121.984531,"LEWIS RIVER ABOVE MUDDY RIVER NEAR COUGAR, WA",United States of America,593.612636244121,7060014930,4,4,train
hysets_14216500,hysets,2921,46.0756688,-121.9986982,"MUDDY RIVER BELOW CLEAR CREEK NEAR COUGAR, WA",United States of America,348.69422815620493,7060014930,4,4,train
hysets_14219000,hysets,2921,45.9398339,-122.3170398,"CANYON CREEK NEAR AMBOY, WA",United States of America,167.12364523956177,7060014930,4,4,train
hysets_14222500,hysets,2921,45.8367809,-122.4662083,"EAST FORK LEWIS RIVER NEAR HEISSON, WA",United States of America,325.9699493052235,7060014930,4,4,train
hysets_14231000,hysets,2921,46.5319444,-121.9569444,"COWLITZ RIVER AT RANDLE, WA",United States of America,1374.5032659387427,7060014930,4,4,train
hysets_14231900,hysets,2921,46.44400155,-121.8400888,"CISPUS RIVER AB YELLOWJACKET CREEK NEAR RANDLE, WA",United States of America,641.9882803184223,7060014930,4,4,train
hysets_14236200,hysets,2921,46.5953843,-122.4595564,"TILTON RIVER AB BEAR CANYON CREEK NEAR CINEBAR, WA",United States of America,359.5991512903793,7060014930,4,4,train
hysets_14242580,hysets,2921,46.335,-122.8408333,"TOUTLE RIVER AT TOWER ROAD NEAR SILVER LAKE, WA",United States of America,1288.58458274684,7060014930,4,4,train
hysets_14243000,hysets,2921,46.2748332,-122.9145587,"COWLITZ RIVER AT CASTLE ROCK, WA",United States of America,5758.3953007264845,7060014930,4,4,train
hysets_14301500,hysets,2921,45.47593996,-123.7251209,"WILSON RIVER NEAR TILLAMOOK, OR",United States of America,416.4272960135797,7060014530,4,4,train
hysets_14306500,hysets,2921,44.3859538,-123.831778,"ALSEA RIVER NEAR TIDEWATER, OR",United States of America,855.5160885352954,7060014530,4,4,train
hysets_14307620,hysets,2921,44.06234317,-123.8831659,"SIUSLAW RIVER NEAR MAPLETON, OR",United States of America,1526.1556828384712,7060014530,4,4,train
hysets_14308000,hysets,2921,42.9303985,-122.9483872,"SOUTH UMPQUA RIVER AT TILLER, OR",United States of America,1164.7739265564935,7060014520,4,4,train
hysets_14309500,hysets,2921,42.80400356,-123.6109071,"WEST FORK COW CREEK NEAR GLENDALE, OR",United States of America,224.1070326526488,7060014520,4,4,train
hysets_14312000,hysets,2921,43.13317169,-123.3984053,"SOUTH UMPQUA RIVER NEAR BROCKWAY, OR",United States of America,4226.511473759805,7060014520,4,4,train
hysets_14316700,hysets,2921,43.349842,-122.7289415,"STEAMBOAT CREEK NEAR GLIDE, OR",United States of America,586.9243038616748,7060014520,4,4,train
hysets_14318000,hysets,2921,43.2526179,-123.0261716,"LITTLE RIVER AT PEEL, OR",United States of America,457.98707776477255,7060014520,4,4,train
hysets_14319500,hysets,2921,43.27205997,-123.4122993,"NORTH UMPQUA RIVER AT WINCHESTER, OR",United States of America,3508.366059851442,7060014520,4,4,train
hysets_14321000,hysets,2921,43.5859502,-123.5553727,"UMPQUA RIVER NEAR ELKTON, OR",United States of America,9417.550553132356,7060014520,4,4,train
hysets_14325000,hysets,2921,42.89149904,-124.070652,"SOUTH FORK COQUILLE RIVER AT POWERS, OR",United States of America,442.1716713037405,7060014440,2,2,train
hysets_14338000,hysets,2921,42.6787364,-122.7419867,"ELK CREEK NEAR TRAIL, OR",United States of America,335.5030733846306,7060014340,1,1,val
hysets_14375100,hysets,2921,42.15956105,-123.4789509,"SUCKER CREEK BLW LITTLE GRAYBACK CK, NR HOLLAND,OR",United States of America,216.8079728431561,7060014340,1,1,val
hysets_394839104570300,hysets,2921,39.8109722,-104.9515833,"SAND CREEK AT MOUTH NR COMMERCE CITY,CO",United States of America,480.05235042190856,7060047060,0,0,test
il_14120,il,2922,32.44021809,34.9555167,HADERA - GAN SHEMU'EL,Israel,578.9793818,2060000360,4,4,train
il_15120,il,2922,32.37528291,34.91332854,ALEXANDER - ELYASHIV,Israel,488.754242,2060000360,4,4,train
il_17110,il,2922,32.14754491,34.96218765,QANA - YARHIV,Israel,238.7840315,2060000360,4,4,train
il_17117,il,2922,32.0718534,34.94641642,SHILLO - LOD-ROSH HA'AYIN ROAD,Israel,366.9439979,2060000360,4,4,train
il_17135,il,2922,32.10619345,34.83063492,YARQON - HERZLIA ROAD,Israel,954.5024849,2060000360,4,4,train
il_17155,il,2922,31.98416293,34.9057251,NATUF - EL-AL JUNCTION,Israel,245.2422274,2060000360,4,4,train
il_17162,il,2922,32.00873513,34.91654654,BET ARIF - ROAD 46,Israel,90.64772326,2060000360,4,4,train
il_17164,il,2922,32.00134564,34.86406859,AYYALON-AIRPORT,Israel,561.7737992,2060000360,4,4,train
il_18125,il,2922,31.80110263,34.95170208,HAR'EL - KEFAR URIYYA,Israel,12.96490116,2060000360,4,4,train
il_18131,il,2922,31.80832195,34.84811369,SOREQ - YESODOT,Israel,407.0654404,2060000360,4,4,train
il_18150,il,2922,31.8699823,34.75243996,SOREQ - YAVNE,Israel,615.841125,2060000360,4,4,train
il_18178,il,2922,31.83725745,34.78193559,EQRON - BET EL'AZARI WEIR,Israel,64.48977007,2060000360,4,4,train
il_18180,il,2922,31.90004464,34.76409042,GAMLI'EL -  HIGHWAY 42,Israel,615.841125,2060000360,4,4,train
il_19130,il,2922,31.70572122,34.72475638,GUVRIN - SHAFIR,Israel,200.3922515,2060000360,4,4,train
il_19160,il,2922,31.70493054,34.84324571,HAELA - TEL ZAFIT,Israel,296.4482088,2060000360,4,4,train
il_19178,il,2922,31.78176383,34.68344309,HAELA - GAN YAVNE,Israel,432.5301425,2060000360,4,4,train
il_2105,il,2922,33.05148391,35.10663703,KEZIV - HAZIV BRIDGE,Israel,130.0720092,2060000360,4,4,train
il_21105,il,2922,31.46906047,34.77685349,SHIQMA - TEL MILHA,Israel,43.09225826,2060000360,4,4,train
il_21120,il,2922,31.52828282,34.78121661,ADORAYIM - RAILWAY BRIDGE,Israel,208.3019365,2060000360,4,4,train
il_21130,il,2922,31.54958033,34.62782645,SHIQMA - BEROR HAYIL,Israel,376.326393,2060000360,4,4,train
il_23103,il,2922,30.90813229,34.85139921,HARO'A - HAR HANEGEV 6,Israel,17.03585104,2060000350,4,4,train
il_23105,il,2922,30.9548917,34.69522757,BESOR - NEW NIZZANA ROAD,Israel,170.728674,2060000350,4,4,train
il_23134,il,2922,31.22728047,34.79889505,BEQA' - BE'ER-SHEVA,Israel,95.26115559,2060000350,4,4,train
il_23150,il,2922,31.3855742,34.45021776,BESOR - REIM,Israel,2588.532411,2060000350,4,4,train
il_30124,il,2922,33.24044753,35.76217553,SA'AR - MASAADA,Israel,23.70664705,2060085720,1,1,val
il_30131,il,2922,33.24529033,35.64759854,DAN - THE NATURE RESERVE,Israel,22.68337927,2060085720,1,1,val
il_30165,il,2922,33.0419491,35.57110473,DISHON - ROSH PINNA-METULLA ROAD,Israel,90.31610628,2060085720,1,1,val
il_30170,il,2922,33.02234731,35.58311801,HAZOR - AYYELET HASHAHAR,Israel,34.28634907,2060085720,1,1,val
il_30175,il,2922,33.04061063,35.62923932,JORDAN - OBSTACLE BRIDGE,Israel,1404.822535,2060085720,1,1,val
il_31110,il,2922,32.85710841,35.52468275,AMMUD - TIBERIAS-ROSH PINNA ROAD,Israel,125.993095,2060085720,1,1,val
il_31115,il,2922,32.84584512,35.51444116,ZALMON - TIBERIAS-ROSH PINNA ROAD,Israel,99.56098389,2060085720,1,1,val
il_31155,il,2922,32.90800843,35.64597508,MESHUSHIM - DARDARA,Israel,160.0822035,2060085720,1,1,val
il_31160,il,2922,32.89964264,35.65057226,YEHUDIYA - BET ZAYDA ROAD,Israel,80.68688029,2060085720,1,1,val
il_31163,il,2922,32.8896289,35.65952054,DALIYOT - BET ZAYDA ROAD,Israel,108.6988553,2060085720,1,1,val
il_31165,il,2922,32.82911481,35.65273977,SAMAK - -200 M ELEVATION,Israel,101.121556,2060085720,1,1,val
il_38175,il,2922,32.50647675,35.51853909,HAROD - BET SHE'AN NEAR 90 ROUD,Israel,181.6005838,2060085720,1,1,val
il_4110,il,2922,32.99988018,35.13064157,GA'TON - BEN 'AMMI,Israel,37.43761877,2060000360,4,4,train
il_48125,il,2922,31.60021983,35.36559947,DARGA,Israel,75.08904194,2060085720,1,1,val
il_48130,il,2922,31.58683404,35.3523963,TEQOA,Israel,138.9556468,2060085720,1,1,val
il_48185,il,2922,31.29582957,35.37494201,RAHAF,Israel,75.429919,2060085720,1,1,val
il_48192,il,2922,31.13461549,35.34937286,HEMAR - DOWNSTREAM THE CLIFF,Israel,359.0726324,2060085720,1,1,val
il_55106,il,2922,30.77892603,34.77665729,ZIN UPPER - 'AVEDAT,Israel,125.0107089,2060085720,1,1,val
il_55140,il,2922,30.80323295,34.9807157,ZIN - MASOS,Israel,674.2232028,2060085720,1,1,val
il_55165,il,2922,30.95947708,35.04535768,MAMSHIT,Israel,60.66026374,2060085720,1,1,val
il_56140,il,2922,30.61377387,34.85887525,RAMON,Israel,110.9949949,2060085720,1,1,val
il_56150,il,2922,30.57613742,35.04807223,NEQAROT - UPPER,Israel,710.5131269,2060085720,1,1,val
il_56164,il,2922,30.65322645,35.21239421,NEQAROT - ARAVA ROAD,Israel,956.224774,2060085720,1,1,val
il_57125,il,2922,30.09547674,34.72724286,PEHAMI,Israel,51.42041918,2060085720,1,1,val
il_57130,il,2922,30.12251531,34.7208869,PARAN - WESTERN BORDER,Israel,2466.141992,2060085720,1,1,val
il_57160,il,2922,30.37609976,34.90950529,AROD,Israel,159.859952,2060085720,1,1,val
il_57165,il,2922,30.32515586,34.97393898,PARAN - THE BOTTLENECK,Israel,3376.023958,2060085720,1,1,val
il_57180,il,2922,30.31134182,35.0105467,ZIHOR,Israel,166.5308574,2060085720,1,1,val
il_58150,il,2922,30.19171758,35.00863207,HIYON- 40 ROAD,Israel,754.6531122,2060085720,1,1,val
il_58175,il,2922,30.15351429,35.0205201,QEZEV- 40 ROAD,Israel,65.53825764,2060085720,1,1,val
il_59185,il,2922,30.77733104,35.31360938,UBA,Israel,115.9198648,2060085720,1,1,val
il_59195,il,2922,30.9423622,35.36747838,EMZIYAHY-TAMAR SPRING UPSTREAM,Israel,133.7313278,2060085720,1,1,val
il_60105,il,2922,30.0890329,35.11448705,YA'ALON - KIBBUZ YAHAL,Israel,22.09269441,2060084740,4,4,train
il_60110,il,2922,30.07472146,35.13718323,SOUTH ARAVA-YAEL,Israel,23.3255257,2060084740,4,4,train
il_60140,il,2922,29.78980259,34.97622072,TIMNA - PARK,Israel,21.09717269,2060084740,4,4,train
il_60190,il,2922,29.52625745,34.91377764,SHELOMO-EILAT,Israel,14.81610393,2060084750,3,3,train
il_7105,il,2922,32.89572071,35.1835797,HILLAZON - YAS-UR,Israel,162.957534,2060000360,4,4,train
il_8146,il,2922,32.72140599,35.09736691,QISHON - THE QUARRY,Israel,694.9007977,2060000360,4,4,train
il_8155,il,2922,32.77008889,35.15486721,ZIPPORI - TEL ALIL,Israel,246.4924941,2060000360,4,4,train
lamahice_15,lamahice,2922,64.92226385658269,-15.059135029169472,"Fellsa, Sturluflot II",Iceland,124.72510557260232,2060058580,3,3,train
lamahice_20,lamahice,2922,64.11359993658574,-19.849850540743223,"Fossa, Hjalp",Iceland,213.14355233083583,2060059260,4,4,train
lamahice_56,lamahice,2922,64.74344608654269,-15.364864756612253,"Keldua, Ofan Folavatns",Iceland,44.287117347409534,2060058580,3,3,train
lamahice_64,lamahice,2922,65.58700177199688,-17.142798645327893,"Laxa, Helluvad",Iceland,1499.8478954945742,2060058260,0,0,test
lamahice_86,lamahice,2922,64.09962985850969,-19.05375184627928,"Tungnaa, Mariufoss",Iceland,1133.7329668645634,2060059250,2,2,train
lamahice_96,lamahice,2922,64.30593548017863,-18.974770352936225,"Alftafitjakvisl, Alftafitjakvisl",Iceland,19.191832329618062,2060059250,2,2,train
