gauge_id,main_bas_id,fold,split_role
GRDC_1159100,1060015850,4,train
GRDC_1159103,1060015850,4,train
GRDC_1159110,1060015850,4,train
GRDC_1159120,1060015850,4,train
GRDC_1159301,1060015850,4,train
GRDC_1159305,1060015850,4,train
GRDC_1159320,1060015850,4,train
GRDC_1159330,1060015850,4,train
GRDC_1159335,1060015850,4,train
GRDC_1159400,1060015850,4,train
GRDC_1159403,1060015850,4,train
GRDC_1159413,1060015850,4,train
GRDC_1159415,1060015850,4,train
GRDC_1159450,1060015850,4,train
GRDC_1159535,1060015850,4,train
GRDC_1159555,1060015850,4,train
GRDC_1159601,1060015850,4,train
GRDC_1159650,1060015850,4,train
GRDC_1159651,1060015850,4,train
GRDC_1159660,1060015850,4,train
GRDC_1159670,1060015850,4,train
GRDC_1159673,1060015850,4,train
GRDC_1159675,1060015850,4,train
GRDC_1159805,1060015850,4,train
GRDC_1159820,1060015850,4,train
GRDC_1159825,1060015850,4,train
GRDC_1160095,1060015560,4,train
GRDC_1160102,1060014930,2,train
GRDC_1160115,1060015030,3,train
GRDC_1160220,1060015560,4,train
GRDC_1160230,1060015560,4,train
GRDC_1160235,1060015560,4,train
GRDC_1160240,1060015390,1,val
GRDC_1160245,1060015390,1,val
GRDC_1160250,1060015030,3,train
GRDC_1160263,1060015390,1,val
GRDC_1160266,1060015390,1,val
GRDC_1160301,1060014930,2,train
GRDC_1160320,1060015560,4,train
GRDC_1160351,1060014500,1,val
GRDC_1160360,1060014920,4,train
GRDC_1160370,1060014920,4,train
GRDC_1160373,1060014920,4,train
GRDC_1160385,1060014920,4,train
GRDC_1160393,1060014920,4,train
GRDC_1160395,1060014920,4,train
GRDC_1160396,1060014920,4,train
GRDC_1160398,1060014920,4,train
GRDC_1160403,1060014500,1,val
GRDC_1160405,1060014500,1,val
GRDC_1160417,1060014500,1,val
GRDC_1160419,1060014500,1,val
GRDC_1160420,1060014500,1,val
GRDC_1160425,1060014500,1,val
GRDC_1160427,1060014500,1,val
GRDC_1160430,1060014500,1,val
GRDC_1160441,1060014500,1,val
GRDC_1160450,1060014490,2,train
GRDC_1160453,1060014490,2,train
GRDC_1160455,1060014500,1,val
GRDC_1160456,1060014500,1,val
GRDC_1160457,1060014490,2,train
GRDC_1160458,1060014500,1,val
GRDC_1160459,1060014500,1,val
GRDC_1160460,1060014490,2,train
GRDC_1160470,1060014490,2,train
GRDC_1160485,1060014380,2,train
GRDC_1160493,1060014370,3,train
GRDC_1160500,1060014230,4,train
GRDC_1160510,1060014220,1,val
GRDC_1160512,1060014220,1,val
GRDC_1160520,1060014220,1,val
GRDC_1160523,1060014220,1,val
GRDC_1160525,1060014220,1,val
GRDC_1160527,1060014220,1,val
GRDC_1160529,1060014220,1,val
GRDC_1160530,1060014220,1,val
GRDC_1160533,1060014220,1,val
GRDC_1160537,1060014220,1,val
GRDC_1160630,1060014220,1,val
GRDC_1160635,1060014220,1,val
GRDC_1160671,1060013950,4,train
GRDC_1160684,1060013950,4,train
GRDC_1160687,1060013420,1,val
GRDC_1160688,1060013420,1,val
GRDC_1160693,1060013950,4,train
GRDC_1160695,1060013950,4,train
GRDC_1160704,1060013210,2,train
GRDC_1160710,1060013200,4,train
GRDC_1160715,1060013200,4,train
GRDC_1160743,1060013820,1,val
GRDC_1160750,1060013070,2,train
GRDC_1160756,1060013070,2,train
GRDC_1160763,1060013640,3,train
GRDC_1160765,1060013640,3,train
GRDC_1160770,1060013640,3,train
GRDC_1160773,1060013640,3,train
GRDC_1160775,1060013640,3,train
GRDC_1160780,1060013430,2,train
GRDC_1160785,1060013640,3,train
GRDC_1160820,1060013070,2,train
GRDC_1160825,1060013070,2,train
GRDC_1160850,1060013070,2,train
GRDC_1160851,1060013070,2,train
GRDC_1160885,1060013070,2,train
GRDC_1160940,1060014930,2,train
GRDC_1160955,1060014930,2,train
GRDC_1160957,1060014930,2,train
GRDC_1160960,1060014930,2,train
GRDC_1160975,1060012820,3,train
GRDC_1160981,1060013210,2,train
GRDC_1196213,1060012590,1,val
GRDC_1196215,1060012590,1,val
GRDC_1196300,1060012590,1,val
GRDC_1196360,1060012590,1,val
GRDC_1196370,1060012590,1,val
GRDC_1196540,1060012590,1,val
GRDC_1197001,1060012680,3,train
GRDC_1197010,1060012680,3,train
GRDC_1197090,1060012680,3,train
GRDC_1197100,1060012680,3,train
GRDC_1197300,1060012680,3,train
GRDC_1197310,1060012680,3,train
GRDC_1197501,1060012680,3,train
GRDC_1197507,1060012680,3,train
GRDC_1197530,1060012680,3,train
GRDC_1197540,1060012680,3,train
GRDC_1197550,1060012680,3,train
GRDC_1197555,1060012680,3,train
GRDC_1197593,1060012680,3,train
GRDC_1197595,1060012680,3,train
GRDC_1197710,1060012680,3,train
GRDC_1199455,1060012810,4,train
GRDC_1321880,1060024880,1,val
GRDC_1322840,1060024870,4,train
GRDC_1322880,1060024870,4,train
GRDC_3617110,6060007000,4,train
GRDC_3617812,6060007000,4,train
GRDC_3618051,6060007000,4,train
GRDC_3618053,6060007000,4,train
GRDC_3618121,6060007000,4,train
GRDC_3618150,6060007000,4,train
GRDC_3618711,6060007000,4,train
GRDC_3618720,6060007000,4,train
GRDC_3618731,6060007000,4,train
GRDC_3618740,6060007000,4,train
GRDC_3618951,6060007000,4,train
GRDC_3630300,6060007000,4,train
GRDC_3632401,6060007000,4,train
GRDC_3633100,6060007000,4,train
GRDC_3633123,6060007000,4,train
GRDC_3633160,6060007000,4,train
GRDC_3633190,6060007000,4,train
GRDC_3633310,6060007000,4,train
GRDC_3634340,6060007000,4,train
GRDC_3634360,6060007000,4,train
GRDC_3634380,6060007000,4,train
GRDC_3634400,6060007000,4,train
GRDC_3634450,6060007000,4,train
GRDC_3635035,6060007000,4,train
GRDC_3635402,6060007000,4,train
GRDC_3635408,6060007000,4,train
GRDC_3635440,6060007000,4,train
GRDC_3635651,6060007000,4,train
GRDC_3637390,6060007000,4,train
GRDC_3637771,6060007000,4,train
GRDC_3637810,6060007000,4,train
GRDC_3638150,6060007000,4,train
GRDC_3638210,6060007000,4,train
GRDC_3638700,6060007000,4,train
GRDC_3649860,6060007950,4,train
GRDC_3653110,6060014460,1,val
GRDC_3660730,6060016970,2,train
GRDC_3660900,6060016970,2,train
GRDC_4103200,8060005510,4,train
GRDC_4103600,8060005510,4,train
GRDC_4103602,8060005510,4,train
GRDC_4103615,8060005510,4,train
GRDC_4103633,8060005510,4,train
GRDC_4103635,8060005510,4,train
GRDC_4105720,8060000810,3,train
GRDC_4105850,8060001790,3,train
GRDC_4105852,8060001790,3,train
GRDC_4106500,7060020510,4,train
GRDC_4106600,7060020500,1,val
GRDC_4113300,7060022240,4,train
GRDC_4113301,7060022240,4,train
GRDC_4113302,7060022240,4,train
GRDC_4113303,7060022240,4,train
GRDC_4113304,7060022240,4,train
GRDC_4113305,7060022240,4,train
GRDC_4113310,7060022240,4,train
GRDC_4113315,7060022240,4,train
GRDC_4113320,7060022240,4,train
GRDC_4113321,7060022240,4,train
GRDC_4113330,7060022240,4,train
GRDC_4113340,7060022240,4,train
GRDC_4113350,7060022240,4,train
GRDC_4113351,7060022240,4,train
GRDC_4113360,7060022240,4,train
GRDC_4113361,7060022240,4,train
GRDC_4113400,7060022240,4,train
GRDC_4113401,7060022240,4,train
GRDC_4113402,7060022240,4,train
GRDC_4113410,7060022240,4,train
GRDC_4113420,7060022240,4,train
GRDC_4113600,7060022240,4,train
GRDC_4115080,7060014930,1,val
GRDC_4115081,7060014930,1,val
GRDC_4115082,7060014930,1,val
GRDC_4115100,7060014930,1,val
GRDC_4115101,7060014930,1,val
GRDC_4115102,7060014930,1,val
GRDC_4115105,7060014930,1,val
GRDC_4115106,7060014930,1,val
GRDC_4115201,7060014930,1,val
GRDC_4115202,7060014930,1,val
GRDC_4115203,7060014930,1,val
GRDC_4115204,7060014930,1,val
GRDC_4115205,7060014930,1,val
GRDC_4115206,7060014930,1,val
GRDC_4115210,7060014930,1,val
GRDC_4115211,7060014930,1,val
GRDC_4115220,7060014930,1,val
GRDC_4115221,7060014930,1,val
GRDC_4115222,7060014930,1,val
GRDC_4115223,7060014930,1,val
GRDC_4115224,7060014930,1,val
GRDC_4115226,7060014930,1,val
GRDC_4115230,7060014930,1,val
GRDC_4115231,7060014930,1,val
GRDC_4115235,7060014930,1,val
GRDC_4115236,7060014930,1,val
GRDC_4115240,7060014930,1,val
GRDC_4115241,7060014930,1,val
GRDC_4115250,7060014930,1,val
GRDC_4115260,7060014930,1,val
GRDC_4115261,7060014930,1,val
GRDC_4115262,7060014930,1,val
GRDC_4115270,7060014930,1,val
GRDC_4115280,7060014930,1,val
GRDC_4115281,7060014930,1,val
GRDC_4115282,7060014930,1,val
GRDC_4115290,7060014930,1,val
GRDC_4115300,7060014930,1,val
GRDC_4115301,7060014930,1,val
GRDC_4115305,7060014930,1,val
GRDC_4115310,7060014930,1,val
GRDC_4115311,7060014930,1,val
GRDC_4115322,7060014930,1,val
GRDC_4115330,7060014930,1,val
GRDC_4115331,7060014930,1,val
GRDC_4115332,7060014930,1,val
GRDC_4115340,7060014930,1,val
GRDC_4115344,7060014930,1,val
GRDC_4115345,7060014930,1,val
GRDC_4115347,7060014930,1,val
GRDC_4115349,7060014930,1,val
GRDC_4115350,7060014930,1,val
GRDC_4115351,7060014930,1,val
GRDC_4115400,7060014930,1,val
GRDC_4115401,7060014930,1,val
GRDC_4115403,7060014930,1,val
GRDC_4115410,7060014930,1,val
GRDC_4115450,7060014930,1,val
GRDC_4115451,7060014930,1,val
GRDC_4116150,7060014930,1,val
GRDC_4116181,7060014930,1,val
GRDC_4116183,7060014930,1,val
GRDC_4116184,7060014930,1,val
GRDC_4116185,7060014930,1,val
GRDC_4116187,7060014930,1,val
GRDC_4116188,7060014930,1,val
GRDC_4116189,7060014930,1,val
GRDC_4116190,7060014930,1,val
GRDC_4116191,7060014930,1,val
GRDC_4116192,7060014930,1,val
GRDC_4116200,7060014930,1,val
GRDC_4116201,7060014930,1,val
GRDC_4116300,7060014930,1,val
GRDC_4116301,7060014930,1,val
GRDC_4116320,7060014930,1,val
GRDC_4116325,7060014930,1,val
GRDC_4116330,7060014930,1,val
GRDC_4116331,7060014930,1,val
GRDC_4116332,7060014930,1,val
GRDC_4116333,7060014930,1,val
GRDC_4116340,7060014930,1,val
GRDC_4116350,7060014930,1,val
GRDC_4116351,7060014930,1,val
GRDC_4116360,7060014930,1,val
GRDC_4116400,7060014930,1,val
GRDC_4116401,7060014930,1,val
GRDC_4116402,7060014930,1,val
GRDC_4116405,7060014930,1,val
GRDC_4116406,7060014930,1,val
GRDC_4116407,7060014930,1,val
GRDC_4116450,7060014930,1,val
GRDC_4116451,7060014930,1,val
GRDC_4116452,7060014930,1,val
GRDC_4116460,7060014930,1,val
GRDC_4116470,7060014930,1,val
GRDC_4116471,7060014930,1,val
GRDC_4118110,7060073830,2,train
GRDC_4118300,7060008710,4,train
GRDC_4118320,7060073690,1,val
GRDC_4118410,7060073630,4,train
GRDC_4118420,7060073780,3,train
GRDC_4118440,7060073630,4,train
GRDC_4118800,7060073650,2,train
GRDC_4118850,7060073650,2,train
GRDC_4119050,7060047060,0,test
GRDC_4119070,7060047060,0,test
GRDC_4119080,7060047060,0,test
GRDC_4119090,7060047060,0,test
GRDC_4119101,7060047060,0,test
GRDC_4119150,7060047060,0,test
GRDC_4119170,7060047060,0,test
GRDC_4119200,7060047060,0,test
GRDC_4119201,7060047060,0,test
GRDC_4119210,7060047060,0,test
GRDC_4119220,7060047060,0,test
GRDC_4119230,7060047060,0,test
GRDC_4119250,7060047060,0,test
GRDC_4119251,7060047060,0,test
GRDC_4119252,7060047060,0,test
GRDC_4119260,7060047060,0,test
GRDC_4119261,7060047060,0,test
GRDC_4119262,7060047060,0,test
GRDC_4119263,7060047060,0,test
GRDC_4119264,7060047060,0,test
GRDC_4119265,7060047060,0,test
GRDC_4119270,7060047060,0,test
GRDC_4119271,7060047060,0,test
GRDC_4119280,7060047060,0,test
GRDC_4119281,7060047060,0,test
GRDC_4119282,7060047060,0,test
GRDC_4119283,7060047060,0,test
GRDC_4119285,7060047060,0,test
GRDC_4119286,7060047060,0,test
GRDC_4119288,7060047060,0,test
GRDC_4119290,7060047060,0,test
GRDC_4119295,7060047060,0,test
GRDC_4119300,7060047060,0,test
GRDC_4119310,7060047060,0,test
GRDC_4119311,7060047060,0,test
GRDC_4119312,7060047060,0,test
GRDC_4119313,7060047060,0,test
GRDC_4119315,7060047060,0,test
GRDC_4119317,7060047060,0,test
GRDC_4119318,7060047060,0,test
GRDC_4119321,7060047060,0,test
GRDC_4119322,7060047060,0,test
GRDC_4119325,7060047060,0,test
GRDC_4119327,7060047060,0,test
GRDC_4119400,7060047060,0,test
GRDC_4119401,7060047060,0,test
GRDC_4119410,7060047060,0,test
GRDC_4119430,7060047060,0,test
GRDC_4119431,7060047060,0,test
GRDC_4119440,7060047060,0,test
GRDC_4119441,7060047060,0,test
GRDC_4119442,7060047060,0,test
GRDC_4119450,7060047060,0,test
GRDC_4119451,7060047060,0,test
GRDC_4119452,7060047060,0,test
GRDC_4119453,7060047060,0,test
GRDC_4119454,7060047060,0,test
GRDC_4119460,7060047060,0,test
GRDC_4119461,7060047060,0,test
GRDC_4119510,7060047060,0,test
GRDC_4119600,7060047060,0,test
GRDC_4120110,7060047060,0,test
GRDC_4120111,7060047060,0,test
GRDC_4120120,7060047060,0,test
GRDC_4120121,7060047060,0,test
GRDC_4120125,7060047060,0,test
GRDC_4120200,7060047060,0,test
GRDC_4120300,7060047060,0,test
GRDC_4120301,7060047060,0,test
GRDC_4120311,7060047060,0,test
GRDC_4120320,7060047060,0,test
GRDC_4120321,7060047060,0,test
GRDC_4120322,7060047060,0,test
GRDC_4120330,7060047060,0,test
GRDC_4120331,7060047060,0,test
GRDC_4120900,7060047060,0,test
GRDC_4120902,7060047060,0,test
GRDC_4120903,7060047060,0,test
GRDC_4120950,7060047060,0,test
GRDC_4120951,7060047060,0,test
GRDC_4120952,7060047060,0,test
GRDC_4120953,7060047060,0,test
GRDC_4121100,7060047060,0,test
GRDC_4121101,7060047060,0,test
GRDC_4121102,7060047060,0,test
GRDC_4121110,7060047060,0,test
GRDC_4121111,7060047060,0,test
GRDC_4121120,7060047060,0,test
GRDC_4121121,7060047060,0,test
GRDC_4121125,7060047060,0,test
GRDC_4121126,7060047060,0,test
GRDC_4121130,7060047060,0,test
GRDC_4121131,7060047060,0,test
GRDC_4121140,7060047060,0,test
GRDC_4121141,7060047060,0,test
GRDC_4121142,7060047060,0,test
GRDC_4121145,7060047060,0,test
GRDC_4121146,7060047060,0,test
GRDC_4121147,7060047060,0,test
GRDC_4121150,7060047060,0,test
GRDC_4121160,7060047060,0,test
GRDC_4121161,7060047060,0,test
GRDC_4121162,7060047060,0,test
GRDC_4121300,7060047060,0,test
GRDC_4121301,7060047060,0,test
GRDC_4121304,7060047060,0,test
GRDC_4121311,7060047060,0,test
GRDC_4121320,7060047060,0,test
GRDC_4121321,7060047060,0,test
GRDC_4121330,7060047060,0,test
GRDC_4121341,7060047060,0,test
GRDC_4121350,7060047060,0,test
GRDC_4121400,7060047060,0,test
GRDC_4121401,7060047060,0,test
GRDC_4121420,7060047060,0,test
GRDC_4121430,7060047060,0,test
GRDC_4121431,7060047060,0,test
GRDC_4121802,7060047060,0,test
GRDC_4122100,7060047060,0,test
GRDC_4122105,7060047060,0,test
GRDC_4122111,7060047060,0,test
GRDC_4122130,7060047060,0,test
GRDC_4122151,7060047060,0,test
GRDC_4122152,7060047060,0,test
GRDC_4122153,7060047060,0,test
GRDC_4122155,7060047060,0,test
GRDC_4122165,7060047060,0,test
GRDC_4122170,7060047060,0,test
GRDC_4122180,7060047060,0,test
GRDC_4122190,7060047060,0,test
GRDC_4122201,7060047060,0,test
GRDC_4122212,7060047060,0,test
GRDC_4122220,7060047060,0,test
GRDC_4122221,7060047060,0,test
GRDC_4122222,7060047060,0,test
GRDC_4122230,7060047060,0,test
GRDC_4122240,7060047060,0,test
GRDC_4122250,7060047060,0,test
GRDC_4122251,7060047060,0,test
GRDC_4122270,7060047060,0,test
GRDC_4122280,7060047060,0,test
GRDC_4122281,7060047060,0,test
GRDC_4122350,7060047060,0,test
GRDC_4122351,7060047060,0,test
GRDC_4122352,7060047060,0,test
GRDC_4122370,7060047060,0,test
GRDC_4122600,7060047060,0,test
GRDC_4122601,7060047060,0,test
GRDC_4122602,7060047060,0,test
GRDC_4122603,7060047060,0,test
GRDC_4122620,7060047060,0,test
GRDC_4122630,7060047060,0,test
GRDC_4122635,7060047060,0,test
GRDC_4122636,7060047060,0,test
GRDC_4122637,7060047060,0,test
GRDC_4122638,7060047060,0,test
GRDC_4122639,7060047060,0,test
GRDC_4122650,7060047060,0,test
GRDC_4122700,7060047060,0,test
GRDC_4122701,7060047060,0,test
GRDC_4122900,7060047060,0,test
GRDC_4122901,7060047060,0,test
GRDC_4122902,7060047060,0,test
GRDC_4122903,7060047060,0,test
GRDC_4123082,7060047060,0,test
GRDC_4123083,7060047060,0,test
GRDC_4123090,7060047060,0,test
GRDC_4123095,7060047060,0,test
GRDC_4123110,7060047060,0,test
GRDC_4123111,7060047060,0,test
GRDC_4123120,7060047060,0,test
GRDC_4123130,7060047060,0,test
GRDC_4123131,7060047060,0,test
GRDC_4123135,7060047060,0,test
GRDC_4123136,7060047060,0,test
GRDC_4123137,7060047060,0,test
GRDC_4123200,7060047060,0,test
GRDC_4123201,7060047060,0,test
GRDC_4123202,7060047060,0,test
GRDC_4123205,7060047060,0,test
GRDC_4123206,7060047060,0,test
GRDC_4123207,7060047060,0,test
GRDC_4123209,7060047060,0,test
GRDC_4123210,7060047060,0,test
GRDC_4123220,7060047060,0,test
GRDC_4123225,7060047060,0,test
GRDC_4123230,7060047060,0,test
GRDC_4123235,7060047060,0,test
GRDC_4123240,7060047060,0,test
GRDC_4123245,7060047060,0,test
GRDC_4123250,7060047060,0,test
GRDC_4123251,7060047060,0,test
GRDC_4123255,7060047060,0,test
GRDC_4123260,7060047060,0,test
GRDC_4123265,7060047060,0,test
GRDC_4123268,7060047060,0,test
GRDC_4123270,7060047060,0,test
GRDC_4123271,7060047060,0,test
GRDC_4123272,7060047060,0,test
GRDC_4123275,7060047060,0,test
GRDC_4123277,7060047060,0,test
GRDC_4123278,7060047060,0,test
GRDC_4123280,7060047060,0,test
GRDC_4123290,7060047060,0,test
GRDC_4123300,7060047060,0,test
GRDC_4123320,7060047060,0,test
GRDC_4123330,7060047060,0,test
GRDC_4123331,7060047060,0,test
GRDC_4123335,7060047060,0,test
GRDC_4123341,7060047060,0,test
GRDC_4123347,7060047060,0,test
GRDC_4123350,7060047060,0,test
GRDC_4123351,7060047060,0,test
GRDC_4123352,7060047060,0,test
GRDC_4123355,7060047060,0,test
GRDC_4123357,7060047060,0,test
GRDC_4123360,7060047060,0,test
GRDC_4123365,7060047060,0,test
GRDC_4123370,7060047060,0,test
GRDC_4123375,7060047060,0,test
GRDC_4123380,7060047060,0,test
GRDC_4123382,7060047060,0,test
GRDC_4123385,7060047060,0,test
GRDC_4123400,7060047060,0,test
GRDC_4123510,7060047060,0,test
GRDC_4125010,7060047060,0,test
GRDC_4125020,7060047060,0,test
GRDC_4125026,7060047060,0,test
GRDC_4125027,7060047060,0,test
GRDC_4125028,7060047060,0,test
GRDC_4125055,7060047060,0,test
GRDC_4125061,7060047060,0,test
GRDC_4125062,7060047060,0,test
GRDC_4125063,7060047060,0,test
GRDC_4125064,7060047060,0,test
GRDC_4125070,7060047060,0,test
GRDC_4125075,7060047060,0,test
GRDC_4125110,7060047060,0,test
GRDC_4125200,7060047060,0,test
GRDC_4125205,7060047060,0,test
GRDC_4125210,7060047060,0,test
GRDC_4125500,7060047060,0,test
GRDC_4125550,7060047060,0,test
GRDC_4125552,7060047060,0,test
GRDC_4125555,7060047060,0,test
GRDC_4125560,7060047060,0,test
GRDC_4125565,7060047060,0,test
GRDC_4125801,7060047060,0,test
GRDC_4125802,7060047060,0,test
GRDC_4125810,7060047060,0,test
GRDC_4125900,7060047060,0,test
GRDC_4125901,7060047060,0,test
GRDC_4125904,7060047060,0,test
GRDC_4125910,7060047060,0,test
GRDC_4125911,7060047060,0,test
GRDC_4125917,7060047060,0,test
GRDC_4125918,7060047060,0,test
GRDC_4125920,7060047060,0,test
GRDC_4125925,7060047060,0,test
GRDC_4125930,7060047060,0,test
GRDC_4125940,7060047060,0,test
GRDC_4125941,7060047060,0,test
GRDC_4125942,7060047060,0,test
GRDC_4125943,7060047060,0,test
GRDC_4125944,7060047060,0,test
GRDC_4125950,7060047060,0,test
GRDC_4126100,7060047060,0,test
GRDC_4126150,7060047060,0,test
GRDC_4126300,7060047060,0,test
GRDC_4126301,7060047060,0,test
GRDC_4126351,7060047060,0,test
GRDC_4126352,7060047060,0,test
GRDC_4126750,7060047060,0,test
GRDC_4126801,7060047060,0,test
GRDC_4126802,7060047060,0,test
GRDC_4126803,7060047060,0,test
GRDC_4126804,7060047060,0,test
GRDC_4126805,7060047060,0,test
GRDC_4126806,7060047060,0,test
GRDC_4126810,7060047060,0,test
GRDC_4126815,7060047060,0,test
GRDC_4126851,7060047060,0,test
GRDC_4127100,7060047060,0,test
GRDC_4127150,7060047060,0,test
GRDC_4127201,7060047060,0,test
GRDC_4127202,7060047060,0,test
GRDC_4127310,7060047060,0,test
GRDC_4127400,7060047060,0,test
GRDC_4127501,7060047060,0,test
GRDC_4127502,7060047060,0,test
GRDC_4127503,7060047060,0,test
GRDC_4127600,7060047060,0,test
GRDC_4127610,7060047060,0,test
GRDC_4127700,7060047060,0,test
GRDC_4127701,7060047060,0,test
GRDC_4127800,7060047060,0,test
GRDC_4127910,7060047060,0,test
GRDC_4127920,7060047060,0,test
GRDC_4131031,7060038320,3,train
GRDC_4132010,7060034520,2,train
GRDC_4132100,7060034520,2,train
GRDC_4132200,7060034520,2,train
GRDC_4132300,7060034520,2,train
GRDC_4132800,7060034520,2,train
GRDC_4132900,7060034520,2,train
GRDC_4133100,7060034520,2,train
GRDC_4133250,7060034520,2,train
GRDC_4133260,7060034520,2,train
GRDC_4133300,7060034520,2,train
GRDC_4133400,7060034520,2,train
GRDC_4133450,7060034520,2,train
GRDC_4133500,7060034520,2,train
GRDC_4133501,7060034520,2,train
GRDC_4133550,7060034520,2,train
GRDC_4133651,7060034520,2,train
GRDC_4133652,7060034520,2,train
GRDC_4133700,7060034520,2,train
GRDC_4133701,7060034520,2,train
GRDC_4133750,7060034520,2,train
GRDC_4133751,7060034520,2,train
GRDC_4134300,7060034520,2,train
GRDC_4134350,7060034520,2,train
GRDC_4134500,7060034520,2,train
GRDC_4134700,7060034520,2,train
GRDC_4134800,7060034520,2,train
GRDC_4135100,7060034520,2,train
GRDC_4135200,7060034520,2,train
GRDC_4135201,7060034520,2,train
GRDC_4135205,7060034520,2,train
GRDC_4135210,7060034520,2,train
GRDC_4135300,7060034520,2,train
GRDC_4135400,7060034520,2,train
GRDC_4135500,7060034520,2,train
GRDC_4135800,7060034520,2,train
GRDC_4136301,7060034520,2,train
GRDC_4136400,7060034520,2,train
GRDC_4136500,7060034520,2,train
GRDC_4143310,7060034520,2,train
GRDC_4143500,7060034520,2,train
GRDC_4143550,7060034520,2,train
GRDC_4143710,7060034520,2,train
GRDC_4143750,7060034520,2,train
GRDC_4143770,7060034520,2,train
GRDC_4143790,7060034520,2,train
GRDC_4146050,7060016100,4,train
GRDC_4146080,7060016090,4,train
GRDC_4146081,7060016090,4,train
GRDC_4146082,7060016090,4,train
GRDC_4146083,7060016090,4,train
GRDC_4146085,7060016090,4,train
GRDC_4146100,7060014210,1,val
GRDC_4146111,7060014200,1,val
GRDC_4146112,7060014200,1,val
GRDC_4146115,7060014200,1,val
GRDC_4146120,7060014050,1,val
GRDC_4146130,7060014200,1,val
GRDC_4146140,7060014200,1,val
GRDC_4146141,7060014200,1,val
GRDC_4146145,7060014200,1,val
GRDC_4146150,7060015090,1,val
GRDC_4146155,7060015100,2,train
GRDC_4146160,7060015090,1,val
GRDC_4146161,7060015090,1,val
GRDC_4146170,7060015100,2,train
GRDC_4146175,7060015100,2,train
GRDC_4146180,7060014040,4,train
GRDC_4146185,7060015100,2,train
GRDC_4146190,7060016000,1,val
GRDC_4146195,7060015900,1,val
GRDC_4146200,7060014040,4,train
GRDC_4146210,7060013560,2,train
GRDC_4146220,7060016000,1,val
GRDC_4146230,7060013560,2,train
GRDC_4146250,7060013550,3,train
GRDC_4146270,7060013550,3,train
GRDC_4146281,7060013550,3,train
GRDC_4146310,7060013180,4,train
GRDC_4146320,7060013170,4,train
GRDC_4146340,7060013180,4,train
GRDC_4146350,7060013180,4,train
GRDC_4146360,7060013550,3,train
GRDC_4146370,7060016090,4,train
GRDC_4146400,7060013170,4,train
GRDC_4146401,7060015100,2,train
GRDC_4146410,7060012950,1,val
GRDC_4146630,7060012600,1,val
GRDC_4146650,7060014520,2,train
GRDC_4146670,7060014340,1,val
GRDC_4146900,7060012280,2,train
GRDC_4146901,7060014340,1,val
GRDC_4146950,7060012280,2,train
GRDC_4147010,7060038810,2,train
GRDC_4147031,7060038320,3,train
GRDC_4147050,7060038980,1,val
GRDC_4147051,7060038980,1,val
GRDC_4147061,7060038340,2,train
GRDC_4147110,7060038980,1,val
GRDC_4147111,7060038980,1,val
GRDC_4147310,7060039070,4,train
GRDC_4147320,7060041900,2,train
GRDC_4147330,7060041900,2,train
GRDC_4147340,7060041920,1,val
GRDC_4147380,7060039160,2,train
GRDC_4147381,7060039160,2,train
GRDC_4147382,7060039160,2,train
GRDC_4147410,7060039170,3,train
GRDC_4147440,7060039170,3,train
GRDC_4147450,7060039170,3,train
GRDC_4147460,7060039620,3,train
GRDC_4147461,7060039620,3,train
GRDC_4147462,7060039620,3,train
GRDC_4147463,7060039620,3,train
GRDC_4147465,7060039620,3,train
GRDC_4147470,7060039620,3,train
GRDC_4147475,7060039620,3,train
GRDC_4147490,7060039630,1,val
GRDC_4147491,7060039630,1,val
GRDC_4147500,7060039870,3,train
GRDC_4147501,7060039870,3,train
GRDC_4147502,7060039870,3,train
GRDC_4147505,7060039870,3,train
GRDC_4147510,7060039870,3,train
GRDC_4147540,7060039920,3,train
GRDC_4147600,7060040360,3,train
GRDC_4147601,7060040360,3,train
GRDC_4147605,7060040360,3,train
GRDC_4147606,7060040360,3,train
GRDC_4147650,7060040360,3,train
GRDC_4147651,7060040360,3,train
GRDC_4147700,7060041050,2,train
GRDC_4147701,7060041050,2,train
GRDC_4147702,7060041050,2,train
GRDC_4147703,7060041050,2,train
GRDC_4147704,7060041050,2,train
GRDC_4147710,7060041050,2,train
GRDC_4147715,7060041050,2,train
GRDC_4147720,7060041050,2,train
GRDC_4147721,7060041050,2,train
GRDC_4147725,7060041050,2,train
GRDC_4147726,7060041050,2,train
GRDC_4147810,7060040800,3,train
GRDC_4147900,7060041400,1,val
GRDC_4147901,7060041400,1,val
GRDC_4147902,7060041400,1,val
GRDC_4147903,7060041400,1,val
GRDC_4147904,7060041400,1,val
GRDC_4147905,7060041400,1,val
GRDC_4147907,7060041400,1,val
GRDC_4147950,7060041650,2,train
GRDC_4148070,7060042240,3,train
GRDC_4148090,7060042310,4,train
GRDC_4148091,7060042310,4,train
GRDC_4148092,7060042310,4,train
GRDC_4148110,7060042320,4,train
GRDC_4148120,7060042740,4,train
GRDC_4148125,7060042740,4,train
GRDC_4148210,7060042940,3,train
GRDC_4148230,7060042940,3,train
GRDC_4148231,7060042940,3,train
GRDC_4148232,7060042940,3,train
GRDC_4148300,7060043090,1,val
GRDC_4148321,7060043090,1,val
GRDC_4148410,7060043160,2,train
GRDC_4148530,7060043160,2,train
GRDC_4148535,7060043160,2,train
GRDC_4148541,7060043160,2,train
GRDC_4148545,7060043160,2,train
GRDC_4148546,7060043160,2,train
GRDC_4148570,7060043170,1,val
GRDC_4148610,7060043510,1,val
GRDC_4148650,7060043500,4,train
GRDC_4148655,7060043500,4,train
GRDC_4148720,7060043640,4,train
GRDC_4148750,7060043650,4,train
GRDC_4148855,7060043860,3,train
GRDC_4149110,7060046870,2,train
GRDC_4149120,7060046870,2,train
GRDC_4149122,7060046870,2,train
GRDC_4149123,7060046870,2,train
GRDC_4149300,7060046600,4,train
GRDC_4149310,7060046590,3,train
GRDC_4149355,7060046600,4,train
GRDC_4149360,7060046600,4,train
GRDC_4149401,7060046590,3,train
GRDC_4149405,7060046590,3,train
GRDC_4149413,7060046590,3,train
GRDC_4149415,7060046590,3,train
GRDC_4149420,7060046390,3,train
GRDC_4149421,7060046390,3,train
GRDC_4149430,7060046590,3,train
GRDC_4149441,7060046590,3,train
GRDC_4149510,7060046320,4,train
GRDC_4149610,7060045890,2,train
GRDC_4149630,7060045890,2,train
GRDC_4149631,7060045890,2,train
GRDC_4149670,7060045890,2,train
GRDC_4149680,7060045890,2,train
GRDC_4149682,7060045890,2,train
GRDC_4149690,7060046130,4,train
GRDC_4149691,7060046130,4,train
GRDC_4149710,7060045490,3,train
GRDC_4149711,7060045490,3,train
GRDC_4149780,7060045480,3,train
GRDC_4149781,7060045480,3,train
GRDC_4149810,7060045480,3,train
GRDC_4149850,7060045410,2,train
GRDC_4149851,7060045410,2,train
GRDC_4149910,7060044870,3,train
GRDC_4149940,7060046900,4,train
GRDC_4149941,7060046900,4,train
GRDC_4149950,7060044860,3,train
GRDC_4149965,7060046900,4,train
GRDC_4150250,7060048300,1,val
GRDC_4150280,7060048860,1,val
GRDC_4150281,7060048860,1,val
GRDC_4150282,7060048860,1,val
GRDC_4150283,7060048860,1,val
GRDC_4150310,7060048620,4,train
GRDC_4150311,7060048620,4,train
GRDC_4150315,7060048620,4,train
GRDC_4150320,7060048620,4,train
GRDC_4150330,7060048620,4,train
GRDC_4150331,7060048620,4,train
GRDC_4150400,7060048300,1,val
GRDC_4150410,7060048480,2,train
GRDC_4150450,7060048410,1,val
GRDC_4150460,7060048410,1,val
GRDC_4150461,7060048410,1,val
GRDC_4150462,7060048410,1,val
GRDC_4150465,7060048410,1,val
GRDC_4150471,7060048410,1,val
GRDC_4150475,7060048410,1,val
GRDC_4150500,7060048300,1,val
GRDC_4150501,7060048300,1,val
GRDC_4150502,7060048300,1,val
GRDC_4150503,7060048300,1,val
GRDC_4150505,7060048300,1,val
GRDC_4150507,7060048300,1,val
GRDC_4150510,7060048300,1,val
GRDC_4150515,7060048300,1,val
GRDC_4150585,7060048860,1,val
GRDC_4150600,7060047970,1,val
GRDC_4150605,7060047970,1,val
GRDC_4150680,7060047850,2,train
GRDC_4150681,7060047850,2,train
GRDC_4150682,7060047850,2,train
GRDC_4150700,7060047850,2,train
GRDC_4150850,7060047770,2,train
GRDC_4151300,7060049270,4,train
GRDC_4151400,7060049270,4,train
GRDC_4151410,7060049270,4,train
GRDC_4151420,7060049270,4,train
GRDC_4151511,7060049270,4,train
GRDC_4151512,7060049270,4,train
GRDC_4151513,7060049270,4,train
GRDC_4151514,7060049270,4,train
GRDC_4151515,7060049270,4,train
GRDC_4151600,7060049270,4,train
GRDC_4151651,7060049270,4,train
GRDC_4151802,7060049270,4,train
GRDC_4151803,7060049270,4,train
GRDC_4151805,7060049270,4,train
GRDC_4152050,7060008710,4,train
GRDC_4152103,7060008710,4,train
GRDC_4152110,7060008710,4,train
GRDC_4152120,7060008710,4,train
GRDC_4152202,7060008710,4,train
GRDC_4152300,7060008710,4,train
GRDC_4152400,7060008710,4,train
GRDC_4152450,7060008710,4,train
GRDC_4152460,7060008710,4,train
GRDC_4152465,7060008710,4,train
GRDC_4152466,7060008710,4,train
GRDC_4152500,7060008710,4,train
GRDC_4152550,7060008710,4,train
GRDC_4152551,7060008710,4,train
GRDC_4152553,7060008710,4,train
GRDC_4152570,7060008710,4,train
GRDC_4152580,7060008710,4,train
GRDC_4152590,7060008710,4,train
GRDC_4152610,7060008710,4,train
GRDC_4152620,7060008710,4,train
GRDC_4152650,7060008710,4,train
GRDC_4152651,7060008710,4,train
GRDC_4152652,7060008710,4,train
GRDC_4152660,7060008710,4,train
GRDC_4152700,7060008710,4,train
GRDC_4152701,7060008710,4,train
GRDC_4152800,7060008710,4,train
GRDC_4152900,7060008710,4,train
GRDC_4204010,7060020090,3,train
GRDC_4204100,7060020090,3,train
GRDC_4204900,7060020090,3,train
GRDC_4207100,7060016260,3,train
GRDC_4207130,7060016260,3,train
GRDC_4207150,7060016260,3,train
GRDC_4207180,7060016260,3,train
GRDC_4207190,7060016260,3,train
GRDC_4207220,7060016260,3,train
GRDC_4207300,7060016260,3,train
GRDC_4207310,7060016260,3,train
GRDC_4207320,7060016260,3,train
GRDC_4207321,7060016260,3,train
GRDC_4207330,7060016260,3,train
GRDC_4207350,7060016260,3,train
GRDC_4207380,7060016260,3,train
GRDC_4207710,7060016260,3,train
GRDC_4207750,7060016260,3,train
GRDC_4207770,7060016260,3,train
GRDC_4207800,7060016260,3,train
GRDC_4207830,7060016260,3,train
GRDC_4207850,7060016260,3,train
GRDC_4207860,7060016260,3,train
GRDC_4207880,7060016260,3,train
GRDC_4207900,7060016260,3,train
GRDC_4207910,7060016260,3,train
GRDC_4213010,7060022240,4,train
GRDC_4213011,7060022240,4,train
GRDC_4213030,7060022240,4,train
GRDC_4213031,7060022240,4,train
GRDC_4213045,7060022240,4,train
GRDC_4213047,7060022240,4,train
GRDC_4213050,7060022240,4,train
GRDC_4213055,7060022240,4,train
GRDC_4213060,7060022240,4,train
GRDC_4213070,7060022240,4,train
GRDC_4213071,7060022240,4,train
GRDC_4213095,7060022240,4,train
GRDC_4213101,7060022240,4,train
GRDC_4213102,7060022240,4,train
GRDC_4213103,7060022240,4,train
GRDC_4213105,7060022240,4,train
GRDC_4213111,7060022240,4,train
GRDC_4213120,7060022240,4,train
GRDC_4213131,7060022240,4,train
GRDC_4213134,7060022240,4,train
GRDC_4213140,7060022240,4,train
GRDC_4213150,7060022240,4,train
GRDC_4213160,7060022240,4,train
GRDC_4213170,7060022240,4,train
GRDC_4213171,7060022240,4,train
GRDC_4213172,7060022240,4,train
GRDC_4213180,7060022240,4,train
GRDC_4213183,7060022240,4,train
GRDC_4213193,7060022240,4,train
GRDC_4213200,7060022240,4,train
GRDC_4213201,7060022240,4,train
GRDC_4213202,7060022240,4,train
GRDC_4213203,7060022240,4,train
GRDC_4213205,7060022240,4,train
GRDC_4213210,7060022240,4,train
GRDC_4213240,7060022240,4,train
GRDC_4213245,7060022240,4,train
GRDC_4213250,7060022240,4,train
GRDC_4213300,7060022240,4,train
GRDC_4213340,7060022240,4,train
GRDC_4213341,7060022240,4,train
GRDC_4213355,7060022240,4,train
GRDC_4213400,7060022240,4,train
GRDC_4213415,7060022240,4,train
GRDC_4213440,7060022240,4,train
GRDC_4213495,7060022240,4,train
GRDC_4213551,7060022240,4,train
GRDC_4213552,7060022240,4,train
GRDC_4213557,7060022240,4,train
GRDC_4213562,7060022240,4,train
GRDC_4213563,7060022240,4,train
GRDC_4213564,7060022240,4,train
GRDC_4213566,7060022240,4,train
GRDC_4213569,7060022240,4,train
GRDC_4213571,7060022240,4,train
GRDC_4213573,7060022240,4,train
GRDC_4213590,7060022240,4,train
GRDC_4213593,7060022240,4,train
GRDC_4213601,7060022240,4,train
GRDC_4213603,7060022240,4,train
GRDC_4213640,7060022240,4,train
GRDC_4213650,7060022240,4,train
GRDC_4213675,7060022240,4,train
GRDC_4213700,7060022240,4,train
GRDC_4213715,7060022240,4,train
GRDC_4213720,7060022240,4,train
GRDC_4213765,7060022240,4,train
GRDC_4213780,7060022240,4,train
GRDC_4213800,7060022240,4,train
GRDC_4213802,7060022240,4,train
GRDC_4213810,7060022240,4,train
GRDC_4213820,7060022240,4,train
GRDC_4213840,7060022240,4,train
GRDC_4213845,7060022240,4,train
GRDC_4213880,7060022240,4,train
GRDC_4213890,7060022240,4,train
GRDC_4213910,7060022240,4,train
GRDC_4213925,7060022240,4,train
GRDC_4214105,7060021620,3,train
GRDC_4214210,7060021740,2,train
GRDC_4214260,7060021740,2,train
GRDC_4214263,7060021740,2,train
GRDC_4214264,7060021740,2,train
GRDC_4214265,7060021740,2,train
GRDC_4214271,7060021740,2,train
GRDC_4214280,7060021740,2,train
GRDC_4214285,7060021740,2,train
GRDC_4214287,7060021740,2,train
GRDC_4214290,7060021740,2,train
GRDC_4214295,7060021740,2,train
GRDC_4214298,7060021740,2,train
GRDC_4214360,7060022840,4,train
GRDC_4214390,7060022840,4,train
GRDC_4214400,7060024290,3,train
GRDC_4214420,7060023220,2,train
GRDC_4214430,7060024030,1,val
GRDC_4214475,7060023220,2,train
GRDC_4214490,7060024030,1,val
GRDC_4214500,7060024290,3,train
GRDC_4214505,7060024290,3,train
GRDC_4214507,7060024290,3,train
GRDC_4214513,7060024580,3,train
GRDC_4214517,7060024580,3,train
GRDC_4214519,7060024580,3,train
GRDC_4214520,7060024290,3,train
GRDC_4214530,7060024580,3,train
GRDC_4214540,7060024290,3,train
GRDC_4214560,7060024580,3,train
GRDC_4214570,7060024290,3,train
GRDC_4214580,7060024290,3,train
GRDC_4214590,7060024290,3,train
GRDC_4214610,7060024680,3,train
GRDC_4215010,7060014930,1,val
GRDC_4215011,7060014930,1,val
GRDC_4215040,7060014930,1,val
GRDC_4215050,7060014930,1,val
GRDC_4215051,7060014930,1,val
GRDC_4215101,7060014930,1,val
GRDC_4215102,7060014930,1,val
GRDC_4215103,7060014930,1,val
GRDC_4215120,7060014930,1,val
GRDC_4215125,7060014930,1,val
GRDC_4215130,7060014930,1,val
GRDC_4215181,7060014930,1,val
GRDC_4215185,7060014930,1,val
GRDC_4215200,7060014930,1,val
GRDC_4215230,7060014930,1,val
GRDC_4215250,7060014930,1,val
GRDC_4215260,7060014930,1,val
GRDC_4215270,7060014930,1,val
GRDC_4215426,7060014930,1,val
GRDC_4215430,7060014930,1,val
GRDC_4215650,7060014930,1,val
GRDC_4215660,7060014930,1,val
GRDC_4215706,7060014930,1,val
GRDC_4215710,7060014930,1,val
GRDC_4215750,7060014930,1,val
GRDC_4220100,7060047060,0,test
GRDC_4220310,7060047060,0,test
GRDC_4220501,7060047060,0,test
GRDC_4231200,7060038320,3,train
GRDC_4231250,7060038320,3,train
GRDC_4231590,7060038320,3,train
GRDC_4231602,7060038320,3,train
GRDC_4231621,7060038320,3,train
GRDC_4231650,7060038320,3,train
GRDC_4231680,7060038320,3,train
GRDC_4231800,7060038320,3,train
GRDC_4232300,7060034520,2,train
GRDC_4232600,7060034520,2,train
GRDC_4232700,7060034520,2,train
GRDC_4232890,7060034520,2,train
GRDC_4232900,7060034520,2,train
GRDC_4234100,7060034520,2,train
GRDC_4234400,7060034520,2,train
GRDC_4234550,7060034520,2,train
GRDC_4234600,7060034520,2,train
GRDC_4234650,7060034520,2,train
GRDC_4234680,7060034520,2,train
GRDC_4234700,7060034520,2,train
GRDC_4234701,7060034520,2,train
GRDC_4234720,7060034520,2,train
GRDC_4234900,7060034520,2,train
GRDC_4235100,7060034520,2,train
GRDC_4235101,7060034520,2,train
GRDC_4235190,7060034520,2,train
GRDC_4235191,7060034520,2,train
GRDC_4235300,7060034520,2,train
GRDC_4235301,7060034520,2,train
GRDC_4235400,7060034520,2,train
GRDC_4235490,7060034520,2,train
GRDC_4235500,7060034520,2,train
GRDC_4236050,7060034520,2,train
GRDC_4236100,7060034520,2,train
GRDC_4236300,7060034520,2,train
GRDC_4236700,7060034520,2,train
GRDC_4243070,7060034520,2,train
GRDC_4243141,7060034520,2,train
GRDC_4243151,7060034520,2,train
GRDC_4243210,7060034520,2,train
GRDC_4243215,7060034520,2,train
GRDC_4243220,7060034520,2,train
GRDC_4243240,7060034520,2,train
GRDC_4243280,7060034520,2,train
GRDC_4243290,7060034520,2,train
GRDC_4243320,7060034520,2,train
GRDC_4243330,7060034520,2,train
GRDC_4243340,7060034520,2,train
GRDC_4244370,7060034570,1,val
GRDC_4244420,7060034330,3,train
GRDC_4244550,7060032080,1,val
GRDC_4244610,7060032940,3,train
GRDC_4244720,7060060320,3,train
GRDC_4244730,7060060310,3,train
GRDC_4244750,7060060310,3,train
GRDC_4244770,7060061620,1,val
GRDC_4244780,7060062930,4,train
GRDC_4244785,7060061880,4,train
GRDC_4244788,7060061880,4,train
GRDC_4244795,7060061880,4,train
GRDC_4244810,7060034870,4,train
GRDC_4244840,7060035470,2,train
GRDC_4244850,7060035470,2,train
GRDC_4244870,7060035860,2,train
GRDC_4244880,7060035860,2,train
GRDC_4244940,7060033460,3,train
GRDC_4244960,7060035870,2,train
GRDC_4244985,7060035870,2,train
GRDC_4244995,7060037350,2,train
GRDC_4245100,7060019190,1,val
GRDC_4245210,7060019010,4,train
GRDC_4245250,7060019010,4,train
GRDC_4245280,7060019010,4,train
GRDC_4245650,7060016850,3,train
GRDC_4245820,7060056630,3,train
GRDC_4245880,7060056770,1,val
GRDC_4245920,7060019010,4,train
GRDC_4245950,7060016270,3,train
GRDC_4247100,7060038340,2,train
GRDC_4247101,7060038340,2,train
GRDC_4247500,7060038340,2,train
GRDC_4247700,7060038340,2,train
GRDC_4584100,7060065090,2,train
GRDC_5101020,5060049720,3,train
GRDC_5101040,5060049720,3,train
GRDC_5101050,5060067410,2,train
GRDC_5101070,5060067450,2,train
GRDC_5101071,5060067450,2,train
GRDC_5101075,5060067450,2,train
GRDC_5101080,5060067460,1,val
GRDC_5101090,5060067460,1,val
GRDC_5101109,5060067860,3,train
GRDC_5101116,5060067860,3,train
GRDC_5101118,5060067860,3,train
GRDC_5101119,5060067860,3,train
GRDC_5101120,5060067860,3,train
GRDC_5101123,5060067860,3,train
GRDC_5101124,5060067860,3,train
GRDC_5101125,5060067860,3,train
GRDC_5101130,5060067860,3,train
GRDC_5101162,5060067860,3,train
GRDC_5101164,5060067860,3,train
GRDC_5101165,5060067860,3,train
GRDC_5101170,5060067860,3,train
GRDC_5101181,5060068450,4,train
GRDC_5101182,5060068450,4,train
GRDC_5101183,5060068450,4,train
GRDC_5101190,5060067860,3,train
GRDC_5101191,5060067860,3,train
GRDC_5101200,5060068450,4,train
GRDC_5101204,5060068460,1,val
GRDC_5101205,5060068450,4,train
GRDC_5101206,5060068460,1,val
GRDC_5101253,5060068460,1,val
GRDC_5101260,5060068460,1,val
GRDC_5101285,5060069590,4,train
GRDC_5101286,5060069590,4,train
GRDC_5101287,5060069590,4,train
GRDC_5101288,5060069590,4,train
GRDC_5101291,5060069600,4,train
GRDC_5101301,5060069590,4,train
GRDC_5101303,5060069590,4,train
GRDC_5101305,5060069590,4,train
GRDC_5101308,5060069590,4,train
GRDC_5101320,5060069600,4,train
GRDC_5101365,5060069960,2,train
GRDC_5101381,5060070100,1,val
GRDC_5101385,5060070100,1,val
GRDC_5101390,5060070100,1,val
GRDC_5101396,5060070390,1,val
GRDC_5101397,5060070390,1,val
GRDC_5101410,5060069600,4,train
GRDC_5101411,5060069600,4,train
GRDC_5101414,5060069960,2,train
GRDC_5101415,5060069960,2,train
GRDC_5101416,5060069960,2,train
GRDC_5101430,5060070390,1,val
GRDC_5101450,5060070440,3,train
GRDC_5101451,5060070440,3,train
GRDC_5101471,5060069970,1,val
GRDC_5101472,5060069970,1,val
GRDC_5101480,5060070450,4,train
GRDC_5101486,5060070100,1,val
GRDC_5101487,5060070100,1,val
GRDC_5101500,5060070390,1,val
GRDC_5101505,5060070390,1,val
GRDC_5101506,5060070390,1,val
GRDC_5104160,5060073410,3,train
GRDC_5104220,5060073410,3,train
GRDC_5104228,5060073410,3,train
GRDC_5104230,5060073410,3,train
GRDC_5104245,5060073410,3,train
GRDC_5104310,5060073410,3,train
GRDC_5104330,5060073410,3,train
GRDC_5104350,5060073410,3,train
GRDC_5109110,5060065420,2,train
GRDC_5109151,5060065600,3,train
GRDC_5109152,5060065600,3,train
GRDC_5109161,5060065630,4,train
GRDC_5109170,5060065780,4,train
GRDC_5109175,5060065780,4,train
GRDC_5109201,5060065980,2,train
GRDC_5109203,5060065980,2,train
GRDC_5109204,5060065980,2,train
GRDC_5109205,5060065980,2,train
GRDC_5109206,5060065980,2,train
GRDC_5109210,5060065470,1,val
GRDC_5109220,5060065850,3,train
GRDC_5109230,5060049720,3,train
GRDC_5109240,5060066270,2,train
GRDC_5109270,5060066270,2,train
GRDC_5110020,5060087590,4,train
GRDC_5110030,5060087590,4,train
GRDC_5110400,5060087590,4,train
GRDC_5201010,5060070450,4,train
GRDC_5201020,5060070450,4,train
GRDC_5202012,5060070700,3,train
GRDC_5202015,5060070670,3,train
GRDC_5202030,5060070670,3,train
GRDC_5202033,5060070670,3,train
GRDC_5202036,5060070670,3,train
GRDC_5202037,5060070700,3,train
GRDC_5202038,5060070700,3,train
GRDC_5202039,5060070670,3,train
GRDC_5202040,5060070700,3,train
GRDC_5202041,5060070700,3,train
GRDC_5202043,5060070700,3,train
GRDC_5202044,5060070700,3,train
GRDC_5202049,5060070700,3,train
GRDC_5202056,5060070700,3,train
GRDC_5202057,5060070700,3,train
GRDC_5202062,5060070900,3,train
GRDC_5202063,5060070900,3,train
GRDC_5202064,5060070900,3,train
GRDC_5202065,5060070900,3,train
GRDC_5202067,5060070710,1,val
GRDC_5202070,5060070900,3,train
GRDC_5202072,5060070930,3,train
GRDC_5202073,5060070930,3,train
GRDC_5202074,5060070930,3,train
GRDC_5202075,5060070930,3,train
GRDC_5202080,5060070980,4,train
GRDC_5202081,5060070980,4,train
GRDC_5202082,5060070980,4,train
GRDC_5202083,5060070980,4,train
GRDC_5202085,5060070980,4,train
GRDC_5202087,5060070980,4,train
GRDC_5202090,5060071100,1,val
GRDC_5202095,5060071100,1,val
GRDC_5202102,5060071130,1,val
GRDC_5202103,5060071130,1,val
GRDC_5202105,5060071130,1,val
GRDC_5202106,5060071130,1,val
GRDC_5202107,5060071130,1,val
GRDC_5202108,5060071130,1,val
GRDC_5202109,5060071130,1,val
GRDC_5202110,5060071140,2,train
GRDC_5202111,5060071130,1,val
GRDC_5202112,5060071130,1,val
GRDC_5202113,5060071130,1,val
GRDC_5202114,5060071140,2,train
GRDC_5202115,5060071140,2,train
GRDC_5202120,5060071270,1,val
GRDC_5202130,5060071270,1,val
GRDC_5202141,5060071280,2,train
GRDC_5202150,5060071280,2,train
GRDC_5202151,5060071280,2,train
GRDC_5202155,5060071280,2,train
GRDC_5202160,5060071280,2,train
GRDC_5202180,5060071280,2,train
GRDC_5202181,5060071280,2,train
GRDC_5202183,5060071280,2,train
GRDC_5202200,5060071280,2,train
GRDC_5202210,5060071280,2,train
GRDC_5202212,5060071280,2,train
GRDC_5202213,5060071280,2,train
GRDC_5202215,5060071280,2,train
GRDC_5202216,5060071980,2,train
GRDC_5202217,5060071980,2,train
GRDC_5202225,5060071980,2,train
GRDC_5202227,5060071980,2,train
GRDC_5202410,5060071270,1,val
GRDC_5204010,5060073410,3,train
GRDC_5204011,5060073410,3,train
GRDC_5204013,5060073410,3,train
GRDC_5204015,5060073410,3,train
GRDC_5204016,5060073410,3,train
GRDC_5204018,5060073410,3,train
GRDC_5204019,5060073410,3,train
GRDC_5204020,5060073410,3,train
GRDC_5204100,5060073410,3,train
GRDC_5204101,5060073410,3,train
GRDC_5204102,5060073410,3,train
GRDC_5204103,5060073410,3,train
GRDC_5204104,5060073410,3,train
GRDC_5204105,5060073410,3,train
GRDC_5204106,5060073410,3,train
GRDC_5204107,5060073410,3,train
GRDC_5204108,5060073410,3,train
GRDC_5204109,5060073410,3,train
GRDC_5204110,5060073410,3,train
GRDC_5204111,5060073410,3,train
GRDC_5204112,5060073410,3,train
GRDC_5204120,5060073410,3,train
GRDC_5204122,5060073410,3,train
GRDC_5204123,5060073410,3,train
GRDC_5204130,5060073410,3,train
GRDC_5204131,5060073410,3,train
GRDC_5204132,5060073410,3,train
GRDC_5204133,5060073410,3,train
GRDC_5204135,5060073410,3,train
GRDC_5204136,5060073410,3,train
GRDC_5204140,5060073410,3,train
GRDC_5204150,5060073410,3,train
GRDC_5204159,5060073410,3,train
GRDC_5204160,5060073410,3,train
GRDC_5204161,5060073410,3,train
GRDC_5204162,5060073410,3,train
GRDC_5204168,5060073410,3,train
GRDC_5204169,5060073410,3,train
GRDC_5204170,5060073410,3,train
GRDC_5204175,5060073410,3,train
GRDC_5204180,5060073410,3,train
GRDC_5204181,5060073410,3,train
GRDC_5204182,5060073410,3,train
GRDC_5204183,5060073410,3,train
GRDC_5204184,5060073410,3,train
GRDC_5204186,5060073410,3,train
GRDC_5204187,5060073410,3,train
GRDC_5204190,5060073410,3,train
GRDC_5204191,5060073410,3,train
GRDC_5204192,5060073410,3,train
GRDC_5204193,5060073410,3,train
GRDC_5204194,5060073410,3,train
GRDC_5204196,5060073410,3,train
GRDC_5204210,5060073410,3,train
GRDC_5204216,5060073410,3,train
GRDC_5204217,5060073410,3,train
GRDC_5204219,5060073410,3,train
GRDC_5204220,5060073410,3,train
GRDC_5204225,5060073410,3,train
GRDC_5204229,5060073410,3,train
GRDC_5204250,5060073410,3,train
GRDC_5204251,5060073410,3,train
GRDC_5204253,5060073410,3,train
GRDC_5204255,5060073410,3,train
GRDC_5204300,5060073410,3,train
GRDC_5204301,5060073410,3,train
GRDC_5204302,5060073410,3,train
GRDC_5204303,5060073410,3,train
GRDC_5204400,5060073410,3,train
GRDC_5204401,5060073410,3,train
GRDC_5204450,5060073410,3,train
GRDC_5204451,5060073410,3,train
GRDC_5204452,5060073410,3,train
GRDC_5204460,5060073410,3,train
GRDC_5302100,5060071280,2,train
GRDC_5302101,5060071280,2,train
GRDC_5302102,5060071280,2,train
GRDC_5302103,5060071280,2,train
GRDC_5302104,5060071280,2,train
GRDC_5302105,5060071280,2,train
GRDC_5302106,5060071280,2,train
GRDC_5302107,5060071980,2,train
GRDC_5302108,5060071980,2,train
GRDC_5302109,5060071980,2,train
GRDC_5302110,5060071990,3,train
GRDC_5302111,5060071990,3,train
GRDC_5302220,5060071980,2,train
GRDC_5302229,5060071980,2,train
GRDC_5302242,5060071990,3,train
GRDC_5302243,5060071990,3,train
GRDC_5302244,5060071990,3,train
GRDC_5302245,5060071990,3,train
GRDC_5302246,5060071990,3,train
GRDC_5302250,5060072180,2,train
GRDC_5302251,5060072180,2,train
GRDC_5302252,5060072180,2,train
GRDC_5302253,5060072180,2,train
GRDC_5302254,5060072180,2,train
GRDC_5302255,5060072180,2,train
GRDC_5302256,5060072180,2,train
GRDC_5302260,5060072180,2,train
GRDC_5302261,5060072180,2,train
GRDC_5302262,5060072180,2,train
GRDC_5302264,5060072180,2,train
GRDC_5302265,5060072180,2,train
GRDC_5302270,5060072190,3,train
GRDC_5302273,5060072190,3,train
GRDC_5302300,5060072670,4,train
GRDC_5302301,5060072670,4,train
GRDC_5302313,5060072810,2,train
GRDC_5302314,5060072810,2,train
GRDC_5302320,5060072810,2,train
GRDC_5302325,5060072810,2,train
GRDC_5302326,5060072810,2,train
GRDC_5302330,5060072820,2,train
GRDC_5302331,5060072820,2,train
GRDC_5302340,5060072820,2,train
GRDC_5302345,5060072820,2,train
GRDC_5302360,5060072970,4,train
GRDC_5302365,5060072960,2,train
GRDC_5302366,5060072960,2,train
GRDC_5302391,5060073130,3,train
GRDC_5302400,5060073130,3,train
GRDC_5302402,5060073130,3,train
GRDC_5302403,5060072970,4,train
GRDC_5302404,5060072970,4,train
GRDC_5302405,5060072970,4,train
GRDC_5302406,5060072970,4,train
GRDC_5304010,5060073410,3,train
GRDC_5304015,5060073410,3,train
GRDC_5304018,5060073410,3,train
GRDC_5304019,5060073410,3,train
GRDC_5304021,5060073410,3,train
GRDC_5304025,5060073410,3,train
GRDC_5304029,5060073410,3,train
GRDC_5304030,5060073410,3,train
GRDC_5304034,5060073410,3,train
GRDC_5304035,5060073410,3,train
GRDC_5304036,5060073410,3,train
GRDC_5304040,5060073410,3,train
GRDC_5304051,5060073410,3,train
GRDC_5304053,5060073410,3,train
GRDC_5304054,5060073410,3,train
GRDC_5304061,5060073410,3,train
GRDC_5304064,5060073410,3,train
GRDC_5304065,5060073410,3,train
GRDC_5304067,5060073410,3,train
GRDC_5304068,5060073410,3,train
GRDC_5304069,5060073410,3,train
GRDC_5304070,5060073410,3,train
GRDC_5304072,5060073410,3,train
GRDC_5304082,5060073410,3,train
GRDC_5304090,5060073410,3,train
GRDC_5304100,5060073410,3,train
GRDC_5304110,5060073410,3,train
GRDC_5304112,5060073410,3,train
GRDC_5304119,5060073410,3,train
GRDC_5304121,5060073410,3,train
GRDC_5304122,5060073410,3,train
GRDC_5304123,5060073410,3,train
GRDC_5304124,5060073410,3,train
GRDC_5304125,5060073410,3,train
GRDC_5304126,5060073410,3,train
GRDC_5304127,5060073410,3,train
GRDC_5304130,5060073410,3,train
GRDC_5304132,5060073410,3,train
GRDC_5304133,5060073410,3,train
GRDC_5304134,5060073410,3,train
GRDC_5304136,5060073410,3,train
GRDC_5304140,5060073410,3,train
GRDC_5304155,5060073410,3,train
GRDC_5304160,5060073410,3,train
GRDC_5304161,5060073410,3,train
GRDC_5304165,5060073410,3,train
GRDC_5304166,5060073410,3,train
GRDC_5304170,5060073410,3,train
GRDC_5402100,5060073140,4,train
GRDC_5402102,5060073140,4,train
GRDC_5402110,5060073140,4,train
GRDC_5402390,5060073140,4,train
GRDC_5404270,5060073410,3,train
GRDC_5404271,5060073410,3,train
GRDC_5405070,5060074320,3,train
GRDC_5405080,5060074320,3,train
GRDC_5405105,5060073420,1,val
GRDC_5405130,5060073420,1,val
GRDC_5410100,5060087590,4,train
GRDC_5606020,5060076880,3,train
GRDC_5606030,5060076890,2,train
GRDC_5606040,5060055960,3,train
GRDC_5606041,5060055960,3,train
GRDC_5606042,5060056090,4,train
GRDC_5606043,5060055960,3,train
GRDC_5606046,5060055960,3,train
GRDC_5606047,5060055960,3,train
GRDC_5606050,5060056100,3,train
GRDC_5606055,5060056540,1,val
GRDC_5606065,5060056580,4,train
GRDC_5606066,5060056610,3,train
GRDC_5606067,5060056620,2,train
GRDC_5606071,5060056100,3,train
GRDC_5606072,5060056100,3,train
GRDC_5606073,5060056100,3,train
GRDC_5606074,5060056100,3,train
GRDC_5606080,5060056740,1,val
GRDC_5606090,5060056250,2,train
GRDC_5606095,5060056100,3,train
GRDC_5606097,5060056250,2,train
GRDC_5606099,5060056250,2,train
GRDC_5606100,5060056250,2,train
GRDC_5606105,5060056260,3,train
GRDC_5606106,5060056390,1,val
GRDC_5606110,5060056390,1,val
GRDC_5606120,5060056390,1,val
GRDC_5606121,5060056390,1,val
GRDC_5606122,5060056390,1,val
GRDC_5606123,5060056390,1,val
GRDC_5606124,5060056390,1,val
GRDC_5606125,5060056430,2,train
GRDC_5606130,5060056430,2,train
GRDC_5606136,5060056430,2,train
GRDC_5606140,5060056430,2,train
GRDC_5606160,5060056460,1,val
GRDC_5606161,5060056460,1,val
GRDC_5606162,5060056460,1,val
GRDC_5606165,5060056460,1,val
GRDC_5606166,5060056510,2,train
GRDC_5606173,5060056460,1,val
GRDC_5606174,5060056460,1,val
GRDC_5606175,5060056460,1,val
GRDC_5606180,5060056100,3,train
GRDC_5606274,5060056100,3,train
GRDC_5607020,5060059440,1,val
GRDC_5607023,5060059440,1,val
GRDC_5607025,5060059440,1,val
GRDC_5607080,5060057970,4,train
GRDC_5607200,5060057320,3,train
GRDC_5607201,5060057320,3,train
GRDC_5607210,5060087790,1,val
GRDC_5607400,5060057710,4,train
GRDC_5607405,5060057720,3,train
GRDC_5607410,5060057900,2,train
GRDC_5607451,5060057970,4,train
GRDC_5607500,5060058580,2,train
GRDC_5607510,5060058420,1,val
GRDC_5607520,5060058580,2,train
GRDC_5608091,5060061240,3,train
GRDC_5608093,5060061240,3,train
GRDC_5608095,5060061240,3,train
GRDC_5608096,5060061240,3,train
GRDC_5608098,5060061240,3,train
GRDC_5708094,5060061240,3,train
GRDC_5708100,5060061250,3,train
GRDC_5708135,5060062110,4,train
GRDC_5708141,5060062110,4,train
GRDC_5708142,5060062110,4,train
GRDC_5708145,5060062110,4,train
GRDC_5708160,5060062380,3,train
GRDC_5708170,5060062200,2,train
GRDC_5708172,5060062380,3,train
GRDC_5709100,5060064130,4,train
GRDC_5709105,5060064130,4,train
GRDC_5709110,5060064530,1,val
GRDC_5803030,5060077790,2,train
GRDC_5803160,5060077790,2,train
GRDC_5803170,5060077790,2,train
GRDC_5803185,5060077790,2,train
GRDC_5803200,5060077790,2,train
GRDC_5803300,5060077790,2,train
GRDC_5803601,5060077790,2,train
GRDC_6220100,2060022770,3,train
GRDC_6220111,2060022770,3,train
GRDC_6220112,2060022770,3,train
GRDC_6220162,2060022770,3,train
GRDC_6220170,2060022770,3,train
GRDC_6220175,2060022770,3,train
GRDC_6220204,2060022770,3,train
GRDC_6220300,2060022770,3,train
GRDC_6220301,2060022770,3,train
GRDC_6220350,2060022780,1,val
GRDC_6220360,2060022770,3,train
GRDC_6220361,2060022770,3,train
GRDC_6220501,2060022770,3,train
GRDC_6220510,2060022770,3,train
GRDC_6229100,2060033330,2,train
GRDC_6229110,2060033330,2,train
GRDC_6229120,2060033330,2,train
GRDC_6229140,2060033330,2,train
GRDC_6232101,2060030100,1,val
GRDC_6232901,2060030100,1,val
GRDC_6232905,2060030100,1,val
GRDC_6232910,2060030100,1,val
GRDC_6232911,2060030100,1,val
GRDC_6232916,2060030100,1,val
GRDC_6232930,2060030100,1,val
GRDC_6232960,2060030100,1,val
GRDC_6232970,2060030100,1,val
GRDC_6233100,2060033020,2,train
GRDC_6233113,2060031420,1,val
GRDC_6233116,2060030270,2,train
GRDC_6233120,2060032680,1,val
GRDC_6233122,2060031420,1,val
GRDC_6233124,2060030270,2,train
GRDC_6233126,2060030660,3,train
GRDC_6233128,2060056770,1,val
GRDC_6233130,2060031970,4,train
GRDC_6233150,2060033020,2,train
GRDC_6233163,2060032680,1,val
GRDC_6233180,2060032680,1,val
GRDC_6233200,2060031490,3,train
GRDC_6233205,2060031490,3,train
GRDC_6233222,2060031410,2,train
GRDC_6233227,2060031410,2,train
GRDC_6233300,2060031960,4,train
GRDC_6233301,2060031960,4,train
GRDC_6233325,2060033320,1,val
GRDC_6233350,2060031970,4,train
GRDC_6233366,2060031970,4,train
GRDC_6233367,2060032680,1,val
GRDC_6233400,2060031160,3,train
GRDC_6233402,2060031740,4,train
GRDC_6233406,2060031740,4,train
GRDC_6233411,2060031740,4,train
GRDC_6233412,2060031740,4,train
GRDC_6233414,2060031740,4,train
GRDC_6233415,2060031740,4,train
GRDC_6233418,2060031740,4,train
GRDC_6233419,2060031740,4,train
GRDC_6233421,2060031740,4,train
GRDC_6233422,2060031740,4,train
GRDC_6233423,2060031740,4,train
GRDC_6233425,2060031740,4,train
GRDC_6233440,2060031750,2,train
GRDC_6233450,2060031060,4,train
GRDC_6233460,2060031160,3,train
GRDC_6233465,2060031160,3,train
GRDC_6233470,2060031160,3,train
GRDC_6233510,2060030650,1,val
GRDC_6233530,2060030650,1,val
GRDC_6233540,2060033320,1,val
GRDC_6233555,2060031210,3,train
GRDC_6233600,2060031740,4,train
GRDC_6233610,2060032680,1,val
GRDC_6233680,2060030650,1,val
GRDC_6233700,2060030660,3,train
GRDC_6233730,2060030660,3,train
GRDC_6233755,2060030270,2,train
GRDC_6233780,2060030170,4,train
GRDC_6233785,2060030170,4,train
GRDC_6233800,2060030170,4,train
GRDC_6233850,2060030160,1,val
GRDC_6233870,2060030110,2,train
GRDC_6238100,2060022610,3,train
GRDC_6238150,2060022620,2,train
GRDC_6337506,2060023940,4,train
GRDC_6854273,2060028660,2,train
GRDC_6854801,2060029750,3,train
GRDC_6854901,2060029510,4,train
GRDC_6854940,2060029330,1,val
GRDC_6855404,2060028310,3,train
camels_01013500,7060038320,3,train
camels_01022500,7060038340,2,train
camels_01030500,7060038810,2,train
camels_01031500,7060038810,2,train
camels_01047000,7060038980,1,val
camels_01052500,7060038980,1,val
camels_01054200,7060038980,1,val
camels_01055000,7060038980,1,val
camels_01057000,7060038980,1,val
camels_01078000,7060039160,2,train
camels_01121000,7060039170,3,train
camels_01123000,7060039170,3,train
camels_01134500,7060039620,3,train
camels_01137500,7060039620,3,train
camels_01139000,7060039620,3,train
camels_01144000,7060039620,3,train
camels_01162500,7060039620,3,train
camels_01169000,7060039620,3,train
camels_01181000,7060039620,3,train
camels_01187300,7060039620,3,train
camels_01333000,7060039870,3,train
camels_01350000,7060039870,3,train
camels_01350140,7060039870,3,train
camels_01365000,7060039870,3,train
camels_01413500,7060040360,3,train
camels_01423000,7060040360,3,train
camels_01435000,7060040360,3,train
camels_01439500,7060040360,3,train
camels_01440000,7060040360,3,train
camels_01440400,7060040360,3,train
camels_01510000,7060041050,2,train
camels_01532000,7060041050,2,train
camels_01539000,7060041050,2,train
camels_01543000,7060041050,2,train
camels_01543500,7060041050,2,train
camels_01547700,7060041050,2,train
camels_01548500,7060041050,2,train
camels_01550000,7060041050,2,train
camels_01552000,7060041050,2,train
camels_01567500,7060041050,2,train
camels_01568000,7060041050,2,train
camels_01580000,7060041050,2,train
camels_01591400,7060041060,3,train
camels_01596500,7060041400,1,val
camels_01605500,7060041400,1,val
camels_01606500,7060041400,1,val
camels_01613050,7060041400,1,val
camels_01620500,7060041400,1,val
camels_01632000,7060041400,1,val
camels_01632900,7060041400,1,val
camels_01634500,7060041400,1,val
camels_01638480,7060041400,1,val
camels_01639500,7060041400,1,val
camels_01644000,7060041400,1,val
camels_01658500,7060041410,4,train
camels_01664000,7060041650,2,train
camels_01666500,7060041650,2,train
camels_01667500,7060041650,2,train
camels_01669000,7060041660,4,train
camels_01669520,7060041660,4,train
camels_02011400,7060041900,2,train
camels_02011460,7060041900,2,train
camels_02013000,7060041900,2,train
camels_02014000,7060041900,2,train
camels_02015700,7060041900,2,train
camels_02016000,7060041900,2,train
camels_02017500,7060041900,2,train
camels_02018000,7060041900,2,train
camels_02027000,7060041900,2,train
camels_02027500,7060041900,2,train
camels_02028500,7060041900,2,train
camels_02046000,7060042240,3,train
camels_02051000,7060042240,3,train
camels_02051500,7060042240,3,train
camels_02053200,7060042240,3,train
camels_02053800,7060042310,4,train
camels_02055100,7060042310,4,train
camels_02056900,7060042310,4,train
camels_02059500,7060042310,4,train
camels_02064000,7060042310,4,train
camels_02065500,7060042310,4,train
camels_02070000,7060042310,4,train
camels_02074500,7060042310,4,train
camels_02077200,7060042310,4,train
camels_02081500,7060042320,4,train
camels_02082950,7060042320,4,train
camels_02092500,7060042750,1,val
camels_02096846,7060042940,3,train
camels_02102908,7060042940,3,train
camels_02108000,7060042940,3,train
camels_02111180,7060043090,1,val
camels_02111500,7060043090,1,val
camels_02128000,7060043090,1,val
camels_02137727,7060043160,2,train
camels_02140991,7060043160,2,train
camels_02143000,7060043160,2,train
camels_02149000,7060043160,2,train
camels_02152100,7060043160,2,train
camels_02177000,7060043500,4,train
camels_02178400,7060043500,4,train
camels_02193340,7060043500,4,train
camels_02196000,7060043500,4,train
camels_02198100,7060043500,4,train
camels_02202600,7060043510,1,val
camels_02212600,7060043640,4,train
camels_02215100,7060043640,4,train
camels_02221525,7060043640,4,train
camels_02231000,7060043650,4,train
camels_02231342,7060043860,3,train
camels_02235200,7060043860,3,train
camels_02246000,7060043860,3,train
camels_02296500,7060044860,3,train
camels_02297310,7060044860,3,train
camels_02298123,7060044860,3,train
camels_02298608,7060044870,3,train
camels_02299950,7060044870,3,train
camels_02300700,7060044870,3,train
camels_02310947,7060045410,2,train
camels_02312200,7060045410,2,train
camels_02314500,7060045480,3,train
camels_02315500,7060045480,3,train
camels_02324400,7060045490,3,train
camels_02349900,7060045890,2,train
camels_02350900,7060045890,2,train
camels_02361000,7060046130,4,train
camels_02363000,7060046130,4,train
camels_02369800,7060046330,2,train
camels_02371500,7060046390,3,train
camels_02372250,7060046390,3,train
camels_02374500,7060046390,3,train
camels_02395120,7060046590,3,train
camels_02408540,7060046590,3,train
camels_02422500,7060046590,3,train
camels_02427250,7060046590,3,train
camels_02450250,7060046590,3,train
camels_02464000,7060046590,3,train
camels_02465493,7060046590,3,train
camels_02469800,7060046590,3,train
camels_02472000,7060046600,4,train
camels_02472500,7060046600,4,train
camels_02479155,7060046600,4,train
camels_02479300,7060046600,4,train
camels_02481000,7060046780,3,train
camels_02481510,7060046790,4,train
camels_03010655,7060047060,0,test
camels_03015500,7060047060,0,test
camels_03021350,7060047060,0,test
camels_03026500,7060047060,0,test
camels_03049800,7060047060,0,test
camels_03050000,7060047060,0,test
camels_03066000,7060047060,0,test
camels_03069500,7060047060,0,test
camels_03070500,7060047060,0,test
camels_03076600,7060047060,0,test
camels_03078000,7060047060,0,test
camels_03140000,7060047060,0,test
camels_03144000,7060047060,0,test
camels_03159540,7060047060,0,test
camels_03161000,7060047060,0,test
camels_03164000,7060047060,0,test
camels_03165000,7060047060,0,test
camels_03170000,7060047060,0,test
camels_03173000,7060047060,0,test
camels_03180500,7060047060,0,test
camels_03182500,7060047060,0,test
camels_03186500,7060047060,0,test
camels_03187500,7060047060,0,test
camels_03213700,7060047060,0,test
camels_03237280,7060047060,0,test
camels_03237500,7060047060,0,test
camels_03241500,7060047060,0,test
camels_03280700,7060047060,0,test
camels_03281100,7060047060,0,test
camels_03281500,7060047060,0,test
camels_03285000,7060047060,0,test
camels_03291780,7060047060,0,test
camels_03300400,7060047060,0,test
camels_03340800,7060047060,0,test
camels_03346000,7060047060,0,test
camels_03357350,7060047060,0,test
camels_03364500,7060047060,0,test
camels_03366500,7060047060,0,test
camels_03368000,7060047060,0,test
camels_03384450,7060047060,0,test
camels_03439000,7060047060,0,test
camels_03450000,7060047060,0,test
camels_03455500,7060047060,0,test
camels_03456500,7060047060,0,test
camels_03460000,7060047060,0,test
camels_03463300,7060047060,0,test
camels_03471500,7060047060,0,test
camels_03473000,7060047060,0,test
camels_03479000,7060047060,0,test
camels_03488000,7060047060,0,test
camels_03498500,7060047060,0,test
camels_03500000,7060047060,0,test
camels_03504000,7060047060,0,test
camels_03574500,7060047060,0,test
camels_03604000,7060047060,0,test
camels_04015330,7060034520,2,train
camels_04024430,7060034520,2,train
camels_04027000,7060034520,2,train
camels_04040500,7060034520,2,train
camels_04043050,7060034520,2,train
camels_04045500,7060034520,2,train
camels_04056500,7060034520,2,train
camels_04057800,7060034520,2,train
camels_04059500,7060034520,2,train
camels_04063700,7060034520,2,train
camels_04074950,7060034520,2,train
camels_04105700,7060034520,2,train
camels_04115265,7060034520,2,train
camels_04122200,7060034520,2,train
camels_04122500,7060034520,2,train
camels_04127997,7060034520,2,train
camels_04185000,7060034520,2,train
camels_04196800,7060034520,2,train
camels_04197100,7060034520,2,train
camels_04197170,7060034520,2,train
camels_04213000,7060034520,2,train
camels_04213075,7060034520,2,train
camels_04216418,7060034520,2,train
camels_04221000,7060034520,2,train
camels_04224775,7060034520,2,train
camels_04256000,7060034520,2,train
camels_04296000,7060034520,2,train
camels_05056000,7060022240,4,train
camels_05057000,7060022240,4,train
camels_05057200,7060022240,4,train
camels_05062500,7060022240,4,train
camels_05087500,7060022240,4,train
camels_05120500,7060022240,4,train
camels_05129115,7060022240,4,train
camels_05131500,7060022240,4,train
camels_05291000,7060047060,0,test
camels_05362000,7060047060,0,test
camels_05393500,7060047060,0,test
camels_05399500,7060047060,0,test
camels_05408000,7060047060,0,test
camels_05412500,7060047060,0,test
camels_05413500,7060047060,0,test
camels_05414000,7060047060,0,test
camels_05444000,7060047060,0,test
camels_05454000,7060047060,0,test
camels_05458000,7060047060,0,test
camels_05466500,7060047060,0,test
camels_05487980,7060047060,0,test
camels_05488200,7060047060,0,test
camels_05489000,7060047060,0,test
camels_05495000,7060047060,0,test
camels_05495500,7060047060,0,test
camels_05501000,7060047060,0,test
camels_05503800,7060047060,0,test
camels_05507600,7060047060,0,test
camels_05508805,7060047060,0,test
camels_05514500,7060047060,0,test
camels_05525500,7060047060,0,test
camels_05556500,7060047060,0,test
camels_05584500,7060047060,0,test
camels_05585000,7060047060,0,test
camels_05591550,7060047060,0,test
camels_05592050,7060047060,0,test
camels_05592575,7060047060,0,test
camels_05593575,7060047060,0,test
camels_05593900,7060047060,0,test
camels_05595730,7060047060,0,test
camels_06037500,7060047060,0,test
camels_06043500,7060047060,0,test
camels_06188000,7060047060,0,test
camels_06191500,7060047060,0,test
camels_06221400,7060047060,0,test
camels_06224000,7060047060,0,test
camels_06289000,7060047060,0,test
camels_06332515,7060047060,0,test
camels_06339100,7060047060,0,test
camels_06339500,7060047060,0,test
camels_06344600,7060047060,0,test
camels_06350000,7060047060,0,test
camels_06352000,7060047060,0,test
camels_06353000,7060047060,0,test
camels_06354000,7060047060,0,test
camels_06360500,7060047060,0,test
camels_06404000,7060047060,0,test
camels_06406000,7060047060,0,test
camels_06409000,7060047060,0,test
camels_06431500,7060047060,0,test
camels_06440200,7060047060,0,test
camels_06441500,7060047060,0,test
camels_06447000,7060047060,0,test
camels_06447500,7060047060,0,test
camels_06450500,7060047060,0,test
camels_06452000,7060047060,0,test
camels_06453600,7060047060,0,test
camels_06464500,7060047060,0,test
camels_06468170,7060047060,0,test
camels_06468250,7060047060,0,test
camels_06470800,7060047060,0,test
camels_06477500,7060047060,0,test
camels_06479215,7060047060,0,test
camels_06479438,7060047060,0,test
camels_06601000,7060047060,0,test
camels_06614800,7060047060,0,test
camels_06622700,7060047060,0,test
camels_06623800,7060047060,0,test
camels_06632400,7060047060,0,test
camels_06746095,7060047060,0,test
camels_06784000,7060047060,0,test
camels_06803510,7060047060,0,test
camels_06803530,7060047060,0,test
camels_06814000,7060047060,0,test
camels_06847900,7060047060,0,test
camels_06853800,7060047060,0,test
camels_06876700,7060047060,0,test
camels_06878000,7060047060,0,test
camels_06885500,7060047060,0,test
camels_06888500,7060047060,0,test
camels_06889200,7060047060,0,test
camels_06889500,7060047060,0,test
camels_06892000,7060047060,0,test
camels_06903400,7060047060,0,test
camels_06906800,7060047060,0,test
camels_06910800,7060047060,0,test
camels_06911900,7060047060,0,test
camels_06917000,7060047060,0,test
camels_06918460,7060047060,0,test
camels_06919500,7060047060,0,test
camels_06921070,7060047060,0,test
camels_06921200,7060047060,0,test
camels_06934000,7060047060,0,test
camels_07014500,7060047060,0,test
camels_07056000,7060047060,0,test
camels_07057500,7060047060,0,test
camels_07060710,7060047060,0,test
camels_07066000,7060047060,0,test
camels_07067000,7060047060,0,test
camels_07068000,7060047060,0,test
camels_07071500,7060047060,0,test
camels_07083000,7060047060,0,test
camels_07142300,7060047060,0,test
camels_07145700,7060047060,0,test
camels_07148400,7060047060,0,test
camels_07149000,7060047060,0,test
camels_07151500,7060047060,0,test
camels_07167500,7060047060,0,test
camels_07180500,7060047060,0,test
camels_07184000,7060047060,0,test
camels_07195800,7060047060,0,test
camels_07196900,7060047060,0,test
camels_07197000,7060047060,0,test
camels_07208500,7060047060,0,test
camels_07226500,7060047060,0,test
camels_07261000,7060047060,0,test
camels_07291000,7060047060,0,test
camels_07292500,7060047060,0,test
camels_07295000,7060047060,0,test
camels_07299670,7060047060,0,test
camels_07301410,7060047060,0,test
camels_07301500,7060047060,0,test
camels_07315200,7060047060,0,test
camels_07315700,7060047060,0,test
camels_07335700,7060047060,0,test
camels_07340300,7060047060,0,test
camels_07346045,7060047060,0,test
camels_07359610,7060047060,0,test
camels_07362100,7060047060,0,test
camels_07373000,7060047060,0,test
camels_07376000,7060046900,4,train
camels_08013000,7060047800,1,val
camels_08014500,7060047800,1,val
camels_08023080,7060047850,2,train
camels_08025500,7060047850,2,train
camels_08029500,7060047850,2,train
camels_08066200,7060047970,1,val
camels_08066300,7060047970,1,val
camels_08070000,7060047980,2,train
camels_08070200,7060047980,2,train
camels_08082700,7060048300,1,val
camels_08086212,7060048300,1,val
camels_08101000,7060048300,1,val
camels_08104900,7060048300,1,val
camels_08109700,7060048300,1,val
camels_08150800,7060048410,1,val
camels_08155200,7060048410,1,val
camels_08158700,7060048410,1,val
camels_08164000,7060048480,2,train
camels_08164300,7060048480,2,train
camels_08165300,7060048620,4,train
camels_08171300,7060048620,4,train
camels_08175000,7060048620,4,train
camels_08176900,7060048620,4,train
camels_08178880,7060048620,4,train
camels_08189500,7060048630,1,val
camels_08190000,7060048860,1,val
camels_08190500,7060048860,1,val
camels_08195000,7060048860,1,val
camels_08196000,7060048860,1,val
camels_08198500,7060048860,1,val
camels_08200000,7060048860,1,val
camels_08202700,7060048860,1,val
camels_08267500,7060049270,4,train
camels_08269000,7060049270,4,train
camels_08271000,7060049270,4,train
camels_08377900,7060049270,4,train
camels_08378500,7060049270,4,train
camels_08380500,7060049270,4,train
camels_09034900,7060008710,4,train
camels_09035900,7060008710,4,train
camels_09047700,7060008710,4,train
camels_09065500,7060008710,4,train
camels_09066000,7060008710,4,train
camels_09066200,7060008710,4,train
camels_09066300,7060008710,4,train
camels_09081600,7060008710,4,train
camels_09107000,7060008710,4,train
camels_09210500,7060008710,4,train
camels_09223000,7060008710,4,train
camels_09306242,7060008710,4,train
camels_09312600,7060008710,4,train
camels_09352900,7060008710,4,train
camels_09386900,7060008710,4,train
camels_09404450,7060008710,4,train
camels_09430600,7060008710,4,train
camels_09447800,7060008710,4,train
camels_09484600,7060008710,4,train
camels_09492400,7060008710,4,train
camels_09494000,7060008710,4,train
camels_09497800,7060008710,4,train
camels_09497980,7060008710,4,train
camels_09505200,7060008710,4,train
camels_09505350,7060008710,4,train
camels_09505800,7060008710,4,train
camels_09510200,7060008710,4,train
camels_09513780,7060008710,4,train
camels_10023000,7060073620,3,train
camels_10166430,7060073620,3,train
camels_10172700,7060073620,3,train
camels_10172800,7060073620,3,train
camels_10173450,7060073650,2,train
camels_10205030,7060073650,2,train
camels_10234500,7060073650,2,train
camels_10242000,7060073650,2,train
camels_10244950,7060073870,3,train
camels_10249300,7060074340,1,val
camels_10258500,7060008710,4,train
camels_10259000,7060008710,4,train
camels_10263500,7060074330,2,train
camels_10310500,7060073630,4,train
camels_10316500,7060073630,4,train
camels_10329500,7060073630,4,train
camels_10336645,7060073920,2,train
camels_10336660,7060073920,2,train
camels_10343500,7060073920,2,train
camels_10396000,7060073780,3,train
camels_11098000,7060012600,1,val
camels_11124500,7060012600,1,val
camels_11141280,7060012960,2,train
camels_11143000,7060012960,2,train
camels_11151300,7060013170,4,train
camels_11162500,7060013180,4,train
camels_11176400,7060013180,4,train
camels_11230500,7060013550,3,train
camels_11237500,7060013550,3,train
camels_11253310,7060013550,3,train
camels_11264500,7060013550,3,train
camels_11266500,7060013550,3,train
camels_11274500,7060013550,3,train
camels_11381500,7060013550,3,train
camels_11383500,7060013550,3,train
camels_11451100,7060013550,3,train
camels_11468500,7060013560,2,train
camels_11473900,7060014040,4,train
camels_11475560,7060014040,4,train
camels_11478500,7060014040,4,train
camels_11481200,7060014050,1,val
camels_11482500,7060014050,1,val
camels_11522500,7060014200,1,val
camels_11523200,7060014200,1,val
camels_11528700,7060014200,1,val
camels_11532500,7060014210,1,val
camels_12013500,7060014940,3,train
camels_12020000,7060015090,1,val
camels_12025000,7060015090,1,val
camels_12025700,7060015090,1,val
camels_12035000,7060015090,1,val
camels_12040500,7060015100,2,train
camels_12041200,7060015100,2,train
camels_12043000,7060015100,2,train
camels_12048000,7060015100,2,train
camels_12054000,7060015100,2,train
camels_12056500,7060015100,2,train
camels_12073500,7060015100,2,train
camels_12082500,7060015100,2,train
camels_12092000,7060015900,1,val
camels_12095000,7060015900,1,val
camels_12114500,7060015910,3,train
camels_12115000,7060015910,3,train
camels_12115500,7060015910,3,train
camels_12117000,7060015910,3,train
camels_12141300,7060016000,1,val
camels_12143600,7060016000,1,val
camels_12144000,7060016000,1,val
camels_12145500,7060016000,1,val
camels_12147600,7060016000,1,val
camels_12167000,7060016010,4,train
camels_12175500,7060016090,4,train
camels_12186000,7060016090,4,train
camels_12189500,7060016090,4,train
camels_12358500,7060014930,1,val
camels_12377150,7060014930,1,val
camels_12381400,7060014930,1,val
camels_12390700,7060014930,1,val
camels_12411000,7060014930,1,val
camels_12414500,7060014930,1,val
camels_12447390,7060014930,1,val
camels_12451000,7060014930,1,val
camels_12488500,7060014930,1,val
camels_13011500,7060014930,1,val
camels_13011900,7060014930,1,val
camels_13018300,7060014930,1,val
camels_13023000,7060014930,1,val
camels_13083000,7060014930,1,val
camels_13161500,7060014930,1,val
camels_13235000,7060014930,1,val
camels_13310700,7060014930,1,val
camels_13313000,7060014930,1,val
camels_13331500,7060014930,1,val
camels_13337000,7060014930,1,val
camels_13338500,7060014930,1,val
camels_13340000,7060014930,1,val
camels_13340600,7060014930,1,val
camels_14020000,7060014930,1,val
camels_14092750,7060014930,1,val
camels_14096850,7060014930,1,val
camels_14137000,7060014930,1,val
camels_14138800,7060014930,1,val
camels_14138870,7060014930,1,val
camels_14138900,7060014930,1,val
camels_14139800,7060014930,1,val
camels_14141500,7060014930,1,val
camels_14154500,7060014930,1,val
camels_14158500,7060014930,1,val
camels_14158790,7060014930,1,val
camels_14166500,7060014930,1,val
camels_14182500,7060014930,1,val
camels_14185000,7060014930,1,val
camels_14185900,7060014930,1,val
camels_14187000,7060014930,1,val
camels_14216500,7060014930,1,val
camels_14222500,7060014930,1,val
camels_14236200,7060014930,1,val
camels_14301000,7060014800,2,train
camels_14303200,7060014530,3,train
camels_14305500,7060014530,3,train
camels_14306340,7060014530,3,train
camels_14306500,7060014530,3,train
camels_14308990,7060014520,2,train
camels_14309500,7060014520,2,train
camels_14316700,7060014520,2,train
camels_14325000,7060014440,1,val
camels_14400000,7060014250,3,train
camelsaus_102101A,5060049720,3,train
camelsaus_105101A,5060067450,2,train
camelsaus_105102A,5060067450,2,train
camelsaus_105105A,5060067450,2,train
camelsaus_108002A,5060067460,1,val
camelsaus_113004A,5060067860,3,train
camelsaus_116010A,5060067860,3,train
camelsaus_116012A,5060067860,3,train
camelsaus_116014A,5060067860,3,train
camelsaus_116015A,5060067860,3,train
camelsaus_121001A,5060068460,1,val
camelsaus_136202D,5060069960,2,train
camelsaus_136203A,5060069960,2,train
camelsaus_136208A,5060069960,2,train
camelsaus_137101A,5060069970,1,val
camelsaus_137201A,5060069970,1,val
camelsaus_138004B,5060070100,1,val
camelsaus_138010A,5060070100,1,val
camelsaus_143009A,5060070390,1,val
camelsaus_143110A,5060070390,1,val
camelsaus_145101D,5060070440,3,train
camelsaus_204034,5060070700,3,train
camelsaus_206014,5060070900,3,train
camelsaus_206018,5060070900,3,train
camelsaus_208009,5060070980,4,train
camelsaus_210006,5060071130,1,val
camelsaus_210011,5060071130,1,val
camelsaus_215002,5060071280,2,train
camelsaus_215207,5060071280,2,train
camelsaus_216002,5060071280,2,train
camelsaus_221207,5060071280,2,train
camelsaus_221210,5060071280,2,train
camelsaus_222206,5060071980,2,train
camelsaus_223202,5060071990,3,train
camelsaus_224206,5060071990,3,train
camelsaus_225110A,5060072180,2,train
camelsaus_225219,5060072180,2,train
camelsaus_226220,5060072180,2,train
camelsaus_231213,5060072680,4,train
camelsaus_401009,5060073410,3,train
camelsaus_401012,5060073410,3,train
camelsaus_401015,5060073410,3,train
camelsaus_401203,5060073410,3,train
camelsaus_401208,5060073410,3,train
camelsaus_401210,5060073410,3,train
camelsaus_401212,5060073410,3,train
camelsaus_401216,5060073410,3,train
camelsaus_401217,5060073410,3,train
camelsaus_402206,5060073410,3,train
camelsaus_402213,5060073410,3,train
camelsaus_403214,5060073410,3,train
camelsaus_403217,5060073410,3,train
camelsaus_403222,5060073410,3,train
camelsaus_403232,5060073410,3,train
camelsaus_404207,5060073410,3,train
camelsaus_405209,5060073410,3,train
camelsaus_405215,5060073410,3,train
camelsaus_405218,5060073410,3,train
camelsaus_405219,5060073410,3,train
camelsaus_405226,5060073410,3,train
camelsaus_405227,5060073410,3,train
camelsaus_405238,5060073410,3,train
camelsaus_405248,5060073410,3,train
camelsaus_405251,5060073410,3,train
camelsaus_405264,5060073410,3,train
camelsaus_405274,5060073410,3,train
camelsaus_406213,5060073410,3,train
camelsaus_406214,5060073410,3,train
camelsaus_406224,5060073410,3,train
camelsaus_407214,5060073410,3,train
camelsaus_407215,5060073410,3,train
camelsaus_407253,5060073410,3,train
camelsaus_408200,5060073410,3,train
camelsaus_410057,5060073410,3,train
camelsaus_410705,5060073410,3,train
camelsaus_410731,5060073410,3,train
camelsaus_410761,5060073410,3,train
camelsaus_412050,5060073410,3,train
camelsaus_412066,5060073410,3,train
camelsaus_415226,5060073410,3,train
camelsaus_416003,5060073410,3,train
camelsaus_416008,5060073410,3,train
camelsaus_418005,5060073410,3,train
camelsaus_418014,5060073410,3,train
camelsaus_419005,5060073410,3,train
camelsaus_422202B,5060073410,3,train
camelsaus_422334A,5060073410,3,train
camelsaus_422394A,5060073410,3,train
camelsaus_424201A,5060073410,3,train
camelsaus_604053,5060055960,3,train
camelsaus_613002,5060056430,2,train
camelsaus_616002,5060056460,1,val
camelsaus_616065,5060056460,1,val
camelsaus_804001,5060059950,4,train
camelsaus_809310,5060061240,3,train
camelsaus_912101A,5060065420,2,train
camelsaus_912105A,5060065420,2,train
camelsaus_919003A,5060065980,2,train
camelsaus_919201A,5060065980,2,train
camelsaus_919309A,5060065980,2,train
camelsaus_925001A,5060049720,3,train
camelsaus_A0020101,5060087590,4,train
camelsaus_A0030501,5060087590,4,train
camelsaus_G8140001,5060062110,4,train
camelsaus_G8140040,5060062110,4,train
camelsaus_G8140161,5060062110,4,train
camelsaus_G8170002,5060062380,3,train
camelsaus_G9030250,5060064130,4,train
camelsaus_G9070142,5060064530,1,val
camelsbr_12500000,6060007000,4,train
camelsbr_12520000,6060007000,4,train
camelsbr_13470000,6060007000,4,train
camelsbr_13710001,6060007000,4,train
camelsbr_13870000,6060007000,4,train
camelsbr_14250000,6060007000,4,train
camelsbr_14280001,6060007000,4,train
camelsbr_14440000,6060007000,4,train
camelsbr_14515000,6060007000,4,train
camelsbr_15130000,6060007000,4,train
camelsbr_15800000,6060007000,4,train
camelsbr_17350000,6060007000,4,train
camelsbr_18200000,6060007000,4,train
camelsbr_27550000,6060007950,4,train
camelsbr_60435200,6060016970,2,train
camelsbr_61014000,6060016970,2,train
camelsbr_61060000,6060016970,2,train
camelsbr_61085000,6060016970,2,train
camelsbr_61115000,6060016970,2,train
camelsbr_61122000,6060016970,2,train
camelsbr_61520000,6060016970,2,train
camelsbr_64360000,6060016970,2,train
camelsbr_64380000,6060016970,2,train
camelsbr_64501000,6060016970,2,train
camelsbr_64625000,6060016970,2,train
camelsbr_64645000,6060016970,2,train
camelsbr_64682000,6060016970,2,train
camelsbr_64785000,6060016970,2,train
camelsbr_64820000,6060016970,2,train
camelsbr_64830000,6060016970,2,train
camelsbr_65136550,6060016970,2,train
camelsbr_81102000,6060014460,1,val
camelsbr_81135000,6060014460,1,val
camelsbr_81200000,6060014460,1,val
camelsbr_82320000,6060014470,4,train
camelsbr_83050000,6060014900,4,train
camelsbr_83300200,6060014900,4,train
camelsbr_83892998,6060014900,4,train
camelsbr_84071000,6060014910,3,train
camelsbr_84520000,6060015110,2,train
camelsbr_84949000,6060015120,1,val
camelsgb_10002,2060052390,4,train
camelsgb_10003,2060052390,4,train
camelsgb_1001,2060051160,2,train
camelsgb_11001,2060052390,4,train
camelsgb_11003,2060052390,4,train
camelsgb_11004,2060052390,4,train
camelsgb_12001,2060052390,4,train
camelsgb_12002,2060052390,4,train
camelsgb_12005,2060052390,4,train
camelsgb_12006,2060052390,4,train
camelsgb_12007,2060052390,4,train
camelsgb_12008,2060052390,4,train
camelsgb_13001,2060052390,4,train
camelsgb_13007,2060052390,4,train
camelsgb_13008,2060052390,4,train
camelsgb_14001,2060052670,1,val
camelsgb_14002,2060052390,4,train
camelsgb_15006,2060052660,4,train
camelsgb_15007,2060052660,4,train
camelsgb_15010,2060052660,4,train
camelsgb_15011,2060052660,4,train
camelsgb_15012,2060052660,4,train
camelsgb_15016,2060052660,4,train
camelsgb_15023,2060052660,4,train
camelsgb_15024,2060052660,4,train
camelsgb_15025,2060052660,4,train
camelsgb_16001,2060052670,1,val
camelsgb_16004,2060052670,1,val
camelsgb_17005,2060052670,1,val
camelsgb_18003,2060052670,1,val
camelsgb_18008,2060052670,1,val
camelsgb_18010,2060052670,1,val
camelsgb_18011,2060052670,1,val
camelsgb_19001,2060052670,1,val
camelsgb_20003,2060052670,1,val
camelsgb_2001,2060051160,2,train
camelsgb_2002,2060051160,2,train
camelsgb_21003,2060052940,2,train
camelsgb_21006,2060052940,2,train
camelsgb_21008,2060052940,2,train
camelsgb_21009,2060052940,2,train
camelsgb_21011,2060052940,2,train
camelsgb_21012,2060052940,2,train
camelsgb_21013,2060052940,2,train
camelsgb_21015,2060052940,2,train
camelsgb_21016,2060052670,1,val
camelsgb_21018,2060052940,2,train
camelsgb_21022,2060052940,2,train
camelsgb_21024,2060052940,2,train
camelsgb_21027,2060052940,2,train
camelsgb_22001,2060052960,1,val
camelsgb_22009,2060052960,1,val
camelsgb_23001,2060052960,1,val
camelsgb_23004,2060052960,1,val
camelsgb_23007,2060052960,1,val
camelsgb_23008,2060052960,1,val
camelsgb_24001,2060052960,1,val
camelsgb_24003,2060052960,1,val
camelsgb_24005,2060052960,1,val
camelsgb_25001,2060052960,1,val
camelsgb_25029,2060052960,1,val
camelsgb_26005,2060052960,1,val
camelsgb_26009,2060052960,1,val
camelsgb_27001,2060053240,4,train
camelsgb_27003,2060053240,4,train
camelsgb_27006,2060053260,1,val
camelsgb_27007,2060053240,4,train
camelsgb_27009,2060053240,4,train
camelsgb_27021,2060053260,1,val
camelsgb_27025,2060053260,1,val
camelsgb_27026,2060053260,1,val
camelsgb_27029,2060053240,4,train
camelsgb_27030,2060053260,1,val
camelsgb_27034,2060053240,4,train
camelsgb_27035,2060053240,4,train
camelsgb_27041,2060053240,4,train
camelsgb_27043,2060053240,4,train
camelsgb_27071,2060053240,4,train
camelsgb_27079,2060053240,4,train
camelsgb_27080,2060053240,4,train
camelsgb_27087,2060053240,4,train
camelsgb_27089,2060053240,4,train
camelsgb_27090,2060053240,4,train
camelsgb_28003,2060053260,1,val
camelsgb_28008,2060053260,1,val
camelsgb_28009,2060053260,1,val
camelsgb_28012,2060053260,1,val
camelsgb_28015,2060053260,1,val
camelsgb_28018,2060053260,1,val
camelsgb_28022,2060053260,1,val
camelsgb_28023,2060053260,1,val
camelsgb_28024,2060053260,1,val
camelsgb_28026,2060053260,1,val
camelsgb_28043,2060053260,1,val
camelsgb_28048,2060053260,1,val
camelsgb_28066,2060053260,1,val
camelsgb_28067,2060053260,1,val
camelsgb_28074,2060053260,1,val
camelsgb_28081,2060053260,1,val
camelsgb_28082,2060053260,1,val
camelsgb_28085,2060053260,1,val
camelsgb_28091,2060053260,1,val
camelsgb_28093,2060053260,1,val
camelsgb_28116,2060053260,1,val
camelsgb_28117,2060053260,1,val
camelsgb_30001,2060053270,4,train
camelsgb_31006,2060053270,4,train
camelsgb_31021,2060053270,4,train
camelsgb_32004,2060053270,4,train
camelsgb_33006,2060053500,3,train
camelsgb_33012,2060053500,3,train
camelsgb_33013,2060053500,3,train
camelsgb_33014,2060053500,3,train
camelsgb_33019,2060053500,3,train
camelsgb_33020,2060053500,3,train
camelsgb_33021,2060053500,3,train
camelsgb_33022,2060053500,3,train
camelsgb_33024,2060053500,3,train
camelsgb_33026,2060053500,3,train
camelsgb_33039,2060053500,3,train
camelsgb_33053,2060053500,3,train
camelsgb_34003,2060053510,4,train
camelsgb_34004,2060053510,4,train
camelsgb_35008,2060053510,4,train
camelsgb_36006,2060053510,4,train
camelsgb_37001,2060053790,3,train
camelsgb_37008,2060053510,4,train
camelsgb_38001,2060053790,3,train
camelsgb_38003,2060053790,3,train
camelsgb_38004,2060053790,3,train
camelsgb_38030,2060053790,3,train
camelsgb_39001,2060053790,3,train
camelsgb_39006,2060053790,3,train
camelsgb_39007,2060053790,3,train
camelsgb_39014,2060053790,3,train
camelsgb_39021,2060053790,3,train
camelsgb_39022,2060053790,3,train
camelsgb_39023,2060053790,3,train
camelsgb_39025,2060053790,3,train
camelsgb_39027,2060053790,3,train
camelsgb_39034,2060053790,3,train
camelsgb_39035,2060053790,3,train
camelsgb_39072,2060053790,3,train
camelsgb_39078,2060053790,3,train
camelsgb_39105,2060053790,3,train
camelsgb_39141,2060053790,3,train
camelsgb_40003,2060053800,1,val
camelsgb_40005,2060053800,1,val
camelsgb_40007,2060053800,1,val
camelsgb_4001,2060051160,2,train
camelsgb_40010,2060053800,1,val
camelsgb_40016,2060053790,3,train
camelsgb_40018,2060053790,3,train
camelsgb_4003,2060051160,2,train
camelsgb_41009,2060048790,1,val
camelsgb_41014,2060048790,1,val
camelsgb_41019,2060048790,1,val
camelsgb_42001,2060048790,1,val
camelsgb_42004,2060048790,1,val
camelsgb_42010,2060048790,1,val
camelsgb_42024,2060048790,1,val
camelsgb_42027,2060048790,1,val
camelsgb_43006,2060048980,1,val
camelsgb_43007,2060048980,1,val
camelsgb_43008,2060048980,1,val
camelsgb_43009,2060048980,1,val
camelsgb_43018,2060048980,1,val
camelsgb_43021,2060048980,1,val
camelsgb_44001,2060048990,2,train
camelsgb_44002,2060048990,2,train
camelsgb_45001,2060048990,2,train
camelsgb_45003,2060048990,2,train
camelsgb_45005,2060048990,2,train
camelsgb_45009,2060048990,2,train
camelsgb_45012,2060048990,2,train
camelsgb_46014,2060048990,2,train
camelsgb_47001,2060048990,2,train
camelsgb_47005,2060048990,2,train
camelsgb_47008,2060048990,2,train
camelsgb_48011,2060048990,2,train
camelsgb_50001,2060048990,2,train
camelsgb_50002,2060048990,2,train
camelsgb_50006,2060048990,2,train
camelsgb_52005,2060048990,2,train
camelsgb_52006,2060048990,2,train
camelsgb_52010,2060048990,2,train
camelsgb_53005,2060048990,2,train
camelsgb_53007,2060048990,2,train
camelsgb_53013,2060048990,2,train
camelsgb_53018,2060048990,2,train
camelsgb_53022,2060048990,2,train
camelsgb_53028,2060048990,2,train
camelsgb_54001,2060049660,1,val
camelsgb_54002,2060049660,1,val
camelsgb_54004,2060049660,1,val
camelsgb_54005,2060049660,1,val
camelsgb_54007,2060049660,1,val
camelsgb_54008,2060049660,1,val
camelsgb_54011,2060049660,1,val
camelsgb_54012,2060049660,1,val
camelsgb_54015,2060049660,1,val
camelsgb_54016,2060049660,1,val
camelsgb_54017,2060049660,1,val
camelsgb_54019,2060049660,1,val
camelsgb_54024,2060049660,1,val
camelsgb_54027,2060049660,1,val
camelsgb_54028,2060049660,1,val
camelsgb_54029,2060049660,1,val
camelsgb_54032,2060049660,1,val
camelsgb_54038,2060049660,1,val
camelsgb_54049,2060049660,1,val
camelsgb_54057,2060049660,1,val
camelsgb_54095,2060049660,1,val
camelsgb_55002,2060049680,3,train
camelsgb_55007,2060049680,3,train
camelsgb_55014,2060049680,3,train
camelsgb_55016,2060049680,3,train
camelsgb_55021,2060049680,3,train
camelsgb_55023,2060049680,3,train
camelsgb_55025,2060049680,3,train
camelsgb_55026,2060049680,3,train
camelsgb_55032,2060049680,3,train
camelsgb_56001,2060049690,4,train
camelsgb_56002,2060049690,4,train
camelsgb_57004,2060049690,4,train
camelsgb_57005,2060049690,4,train
camelsgb_57006,2060049690,4,train
camelsgb_57007,2060049690,4,train
camelsgb_57009,2060049690,4,train
camelsgb_58001,2060049690,4,train
camelsgb_60002,2060049690,4,train
camelsgb_60003,2060049690,4,train
camelsgb_60006,2060049690,4,train
camelsgb_60010,2060049690,4,train
camelsgb_6007,2060051160,2,train
camelsgb_62001,2060049690,4,train
camelsgb_64001,2060049690,4,train
camelsgb_66001,2060049690,4,train
camelsgb_66006,2060049690,4,train
camelsgb_66011,2060049690,4,train
camelsgb_67006,2060049690,4,train
camelsgb_67015,2060049690,4,train
camelsgb_68001,2060049690,4,train
camelsgb_68003,2060049690,4,train
camelsgb_68005,2060049690,4,train
camelsgb_69007,2060050410,3,train
camelsgb_69015,2060050410,3,train
camelsgb_69017,2060050410,3,train
camelsgb_69023,2060050410,3,train
camelsgb_69027,2060050410,3,train
camelsgb_7001,2060051160,2,train
camelsgb_7002,2060051160,2,train
camelsgb_7003,2060051160,2,train
camelsgb_7005,2060051160,2,train
camelsgb_71001,2060050420,4,train
camelsgb_71004,2060050420,4,train
camelsgb_71006,2060050420,4,train
camelsgb_71008,2060050420,4,train
camelsgb_72004,2060050420,4,train
camelsgb_72005,2060050420,4,train
camelsgb_73005,2060050420,4,train
camelsgb_75003,2060050420,4,train
camelsgb_75004,2060050420,4,train
camelsgb_76005,2060050420,4,train
camelsgb_76007,2060050420,4,train
camelsgb_76008,2060050420,4,train
camelsgb_77002,2060050790,2,train
camelsgb_77003,2060050790,2,train
camelsgb_78003,2060050790,2,train
camelsgb_78006,2060050790,2,train
camelsgb_79002,2060050790,2,train
camelsgb_79004,2060050790,2,train
camelsgb_79005,2060050790,2,train
camelsgb_79006,2060050790,2,train
camelsgb_80002,2060050790,2,train
camelsgb_8004,2060052380,2,train
camelsgb_8005,2060052380,2,train
camelsgb_8006,2060052380,2,train
camelsgb_8009,2060052380,2,train
camelsgb_8013,2060052380,2,train
camelsgb_81003,2060050790,2,train
camelsgb_81006,2060050790,2,train
camelsgb_82001,2060050790,2,train
camelsgb_82003,2060050790,2,train
camelsgb_83003,2060050790,2,train
camelsgb_83004,2060050790,2,train
camelsgb_83006,2060050790,2,train
camelsgb_83013,2060050790,2,train
camelsgb_84001,2060051150,2,train
camelsgb_84004,2060051150,2,train
camelsgb_84005,2060051150,2,train
camelsgb_84012,2060051150,2,train
camelsgb_84013,2060051150,2,train
camelsgb_84014,2060051150,2,train
camelsgb_84018,2060051150,2,train
camelsgb_84019,2060051150,2,train
camelsgb_84022,2060051150,2,train
camelsgb_85001,2060051160,2,train
camelsgb_9002,2060052390,4,train
camelsgb_9004,2060052390,4,train
camelsgb_94001,2060051160,2,train
camelsgb_96002,2060051160,2,train
hysets_01010000,7060038320,3,train
hysets_01010070,7060038320,3,train
hysets_01010500,7060038320,3,train
hysets_01013500,7060038320,3,train
hysets_01014000,7060038320,3,train
hysets_01017290,7060038320,3,train
hysets_01018035,7060038320,3,train
hysets_01022500,7060038340,2,train
hysets_01027200,7060038810,2,train
hysets_01030500,7060038810,2,train
hysets_01031450,7060038810,2,train
hysets_01031500,7060038810,2,train
hysets_01044550,7060038980,1,val
hysets_01046000,7060038980,1,val
hysets_01047000,7060038980,1,val
hysets_01048000,7060038980,1,val
hysets_01052500,7060038980,1,val
hysets_01054200,7060038980,1,val
hysets_01055500,7060038980,1,val
hysets_01064500,7060039060,1,val
hysets_01064801,7060039060,1,val
hysets_01074520,7060039160,2,train
hysets_01075000,7060039160,2,train
hysets_01076500,7060039160,2,train
hysets_01078000,7060039160,2,train
hysets_01086000,7060039160,2,train
hysets_01089500,7060039160,2,train
hysets_01091000,7060039160,2,train
hysets_01094000,7060039160,2,train
hysets_01111500,7060039170,3,train
hysets_01117430,7060039170,3,train
hysets_01118500,7060039170,3,train
hysets_011230695,7060039170,3,train
hysets_01125490,7060039170,3,train
hysets_01134500,7060039620,3,train
hysets_01135300,7060039620,3,train
hysets_01137500,7060039620,3,train
hysets_01144000,7060039620,3,train
hysets_01153550,7060039620,3,train
hysets_01154000,7060039620,3,train
hysets_01169000,7060039620,3,train
hysets_01174500,7060039620,3,train
hysets_01176000,7060039620,3,train
hysets_01181000,7060039620,3,train
hysets_01193500,7060039620,3,train
hysets_01196500,7060039630,1,val
hysets_01198000,7060039630,1,val
hysets_01198125,7060039630,1,val
hysets_01200000,7060039630,1,val
hysets_01204000,7060039630,1,val
hysets_01321000,7060039870,3,train
hysets_01329490,7060039870,3,train
hysets_01333000,7060039870,3,train
hysets_01334000,7060039870,3,train
hysets_01334500,7060039870,3,train
hysets_01335754,7060039870,3,train
hysets_01343060,7060039870,3,train
hysets_01348000,7060039870,3,train
hysets_01349000,7060039870,3,train
hysets_01358000,7060039870,3,train
hysets_01361000,7060039870,3,train
hysets_01362200,7060039870,3,train
hysets_01371500,7060039870,3,train
hysets_01372500,7060039870,3,train
hysets_01374531,7060039870,3,train
hysets_01387500,7060039920,3,train
hysets_01400000,7060039990,4,train
hysets_01400500,7060039990,4,train
hysets_01402000,7060039990,4,train
hysets_01403060,7060039990,4,train
hysets_01413408,7060040360,3,train
hysets_01421900,7060040360,3,train
hysets_01422500,7060040360,3,train
hysets_01423000,7060040360,3,train
hysets_01432900,7060040360,3,train
hysets_01435000,7060040360,3,train
hysets_01439500,7060040360,3,train
hysets_01440000,7060040360,3,train
hysets_01440400,7060040360,3,train
hysets_01443500,7060040360,3,train
hysets_01445500,7060040360,3,train
hysets_01447500,7060040360,3,train
hysets_01451650,7060040360,3,train
hysets_01452000,7060040360,3,train
hysets_01452500,7060040360,3,train
hysets_01463500,7060040360,3,train
hysets_01464000,7060040360,3,train
hysets_01464750,7060040360,3,train
hysets_01472810,7060040360,3,train
hysets_01473500,7060040360,3,train
hysets_01474000,7060040360,3,train
hysets_01477000,7060040360,3,train
hysets_01478245,7060040360,3,train
hysets_01478650,7060040360,3,train
hysets_01479000,7060040360,3,train
hysets_01480015,7060040360,3,train
hysets_01481500,7060040360,3,train
hysets_01502500,7060041050,2,train
hysets_01502632,7060041050,2,train
hysets_01502731,7060041050,2,train
hysets_01503000,7060041050,2,train
hysets_01505000,7060041050,2,train
hysets_01505810,7060041050,2,train
hysets_01507000,7060041050,2,train
hysets_01509000,7060041050,2,train
hysets_01510000,7060041050,2,train
hysets_01513500,7060041050,2,train
hysets_01513831,7060041050,2,train
hysets_01515000,7060041050,2,train
hysets_01516350,7060041050,2,train
hysets_01532000,7060041050,2,train
hysets_01534000,7060041050,2,train
hysets_01538700,7060041050,2,train
hysets_01539000,7060041050,2,train
hysets_01540500,7060041050,2,train
hysets_01541000,7060041050,2,train
hysets_01543000,7060041050,2,train
hysets_01543500,7060041050,2,train
hysets_01547100,7060041050,2,train
hysets_01547700,7060041050,2,train
hysets_01547950,7060041050,2,train
hysets_01548500,7060041050,2,train
hysets_01550000,7060041050,2,train
hysets_01552000,7060041050,2,train
hysets_01555000,7060041050,2,train
hysets_01555500,7060041050,2,train
hysets_01556000,7060041050,2,train
hysets_01558000,7060041050,2,train
hysets_01559000,7060041050,2,train
hysets_01560000,7060041050,2,train
hysets_01562000,7060041050,2,train
hysets_01565000,7060041050,2,train
hysets_01566000,7060041050,2,train
hysets_01568000,7060041050,2,train
hysets_01570000,7060041050,2,train
hysets_01570500,7060041050,2,train
hysets_01571500,7060041050,2,train
hysets_01572190,7060041050,2,train
hysets_01573000,7060041050,2,train
hysets_01573560,7060041050,2,train
hysets_01574000,7060041050,2,train
hysets_01576000,7060041050,2,train
hysets_01576500,7060041050,2,train
hysets_01576754,7060041050,2,train
hysets_01576787,7060041050,2,train
hysets_01577500,7060041050,2,train
hysets_01580520,7060041050,2,train
hysets_01582000,7060041060,3,train
hysets_01586000,7060041060,3,train
hysets_01589352,7060041060,3,train
hysets_01594000,7060041060,3,train
hysets_01595000,7060041400,1,val
hysets_01595300,7060041400,1,val
hysets_01601500,7060041400,1,val
hysets_01605500,7060041400,1,val
hysets_01606000,7060041400,1,val
hysets_01606500,7060041400,1,val
hysets_01608500,7060041400,1,val
hysets_01609000,7060041400,1,val
hysets_01610000,7060041400,1,val
hysets_01610155,7060041400,1,val
hysets_01611500,7060041400,1,val
hysets_01613000,7060041400,1,val
hysets_01613095,7060041400,1,val
hysets_01613525,7060041400,1,val
hysets_01614000,7060041400,1,val
hysets_01614500,7060041400,1,val
hysets_01615000,7060041400,1,val
hysets_01616500,7060041400,1,val
hysets_01618000,7060041400,1,val
hysets_01619500,7060041400,1,val
hysets_01622000,7060041400,1,val
hysets_01625000,7060041400,1,val
hysets_01626000,7060041400,1,val
hysets_01626850,7060041400,1,val
hysets_01627500,7060041400,1,val
hysets_01628500,7060041400,1,val
hysets_01629500,7060041400,1,val
hysets_01631000,7060041400,1,val
hysets_01632000,7060041400,1,val
hysets_01632082,7060041400,1,val
hysets_01632900,7060041400,1,val
hysets_01633000,7060041400,1,val
hysets_01634000,7060041400,1,val
hysets_01634500,7060041400,1,val
hysets_01635500,7060041400,1,val
hysets_01636500,7060041400,1,val
hysets_01637500,7060041400,1,val
hysets_01638480,7060041400,1,val
hysets_01638500,7060041400,1,val
hysets_01639500,7060041400,1,val
hysets_01642190,7060041400,1,val
hysets_01643000,7060041400,1,val
hysets_01643500,7060041400,1,val
hysets_01643700,7060041400,1,val
hysets_01643805,7060041400,1,val
hysets_01643880,7060041400,1,val
hysets_01644000,7060041400,1,val
hysets_01644280,7060041400,1,val
hysets_01646000,7060041400,1,val
hysets_01646500,7060041400,1,val
hysets_01646502,7060041400,1,val
hysets_01649500,7060041060,3,train
hysets_01651000,7060041060,3,train
hysets_01656000,7060041410,4,train
hysets_01663500,7060041650,2,train
hysets_01665500,7060041650,2,train
hysets_01666500,7060041650,2,train
hysets_01667500,7060041650,2,train
hysets_01668000,7060041650,2,train
hysets_01669520,7060041660,4,train
hysets_01671100,7060041820,2,train
hysets_01672500,7060041820,2,train
hysets_01674000,7060041660,4,train
hysets_01674500,7060041660,4,train
hysets_01AD002,7060038320,3,train
hysets_01AD003,7060038320,3,train
hysets_01AE001,7060038320,3,train
hysets_01AJ003,7060038320,3,train
hysets_01AJ004,7060038320,3,train
hysets_01AJ010,7060038320,3,train
hysets_01AK001,7060038320,3,train
hysets_01AK007,7060038320,3,train
hysets_01AL002,7060038320,3,train
hysets_01AM001,7060038320,3,train
hysets_01AN002,7060038320,3,train
hysets_01AP002,7060038320,3,train
hysets_01AP004,7060038320,3,train
hysets_01AP006,7060038320,3,train
hysets_01AQ001,7060038340,2,train
hysets_01BC001,7060035470,2,train
hysets_01BD008,7060035470,2,train
hysets_01BE001,7060035470,2,train
hysets_01BF004,7060035370,4,train
hysets_01BG005,7060035360,1,val
hysets_01BG008,7060035330,2,train
hysets_01BG009,7060035320,3,train
hysets_01BJ003,7060035480,4,train
hysets_01BJ007,7060035470,2,train
hysets_01BJ010,7060035480,4,train
hysets_01BL003,7060035480,4,train
hysets_01BO001,7060035860,2,train
hysets_01BP001,7060035860,2,train
hysets_01BQ001,7060035860,2,train
hysets_01BU002,7060038180,2,train
hysets_01BV006,7060038190,1,val
hysets_01EC001,7060037350,2,train
hysets_01ED005,7060037340,3,train
hysets_01EF001,7060035870,2,train
hysets_01EO001,7060035870,2,train
hysets_01FA001,7060063860,3,train
hysets_02011400,7060041900,2,train
hysets_02013000,7060041900,2,train
hysets_02014000,7060041900,2,train
hysets_02015700,7060041900,2,train
hysets_02016000,7060041900,2,train
hysets_02017500,7060041900,2,train
hysets_02018000,7060041900,2,train
hysets_02020500,7060041900,2,train
hysets_02021500,7060041900,2,train
hysets_02024000,7060041900,2,train
hysets_02027000,7060041900,2,train
hysets_02028500,7060041900,2,train
hysets_02030000,7060041900,2,train
hysets_02030500,7060041900,2,train
hysets_02031000,7060041900,2,train
hysets_02032640,7060041900,2,train
hysets_02034000,7060041900,2,train
hysets_02035000,7060041900,2,train
hysets_02037500,7060041900,2,train
hysets_02039000,7060041920,1,val
hysets_02039500,7060041920,1,val
hysets_02040000,7060041920,1,val
hysets_02042500,7060041830,2,train
hysets_02044500,7060042240,3,train
hysets_02045500,7060042240,3,train
hysets_02046000,7060042240,3,train
hysets_02047000,7060042240,3,train
hysets_02047500,7060042240,3,train
hysets_02049500,7060042240,3,train
hysets_02051000,7060042240,3,train
hysets_02051500,7060042240,3,train
hysets_02052000,7060042240,3,train
hysets_02053200,7060042240,3,train
hysets_02055000,7060042310,4,train
hysets_02056000,7060042310,4,train
hysets_02056650,7060042310,4,train
hysets_02056900,7060042310,4,train
hysets_02058400,7060042310,4,train
hysets_02059500,7060042310,4,train
hysets_02061500,7060042310,4,train
hysets_02064000,7060042310,4,train
hysets_02065500,7060042310,4,train
hysets_02069000,7060042310,4,train
hysets_02070000,7060042310,4,train
hysets_02071000,7060042310,4,train
hysets_02074500,7060042310,4,train
hysets_02076000,7060042310,4,train
hysets_02077000,7060042310,4,train
hysets_02081500,7060042320,4,train
hysets_02081747,7060042320,4,train
hysets_02082950,7060042320,4,train
hysets_02083000,7060042320,4,train
hysets_02084000,7060042320,4,train
hysets_02085070,7060042740,4,train
hysets_0208521324,7060042740,4,train
hysets_0208726005,7060042740,4,train
hysets_02087324,7060042740,4,train
hysets_02088383,7060042740,4,train
hysets_02088500,7060042740,4,train
hysets_02091814,7060042740,4,train
hysets_02095500,7060042940,3,train
hysets_02096500,7060042940,3,train
hysets_02096960,7060042940,3,train
hysets_02100500,7060042940,3,train
hysets_02101726,7060042940,3,train
hysets_02102000,7060042940,3,train
hysets_02103000,7060042940,3,train
hysets_02104220,7060042940,3,train
hysets_02105769,7060042940,3,train
hysets_02106500,7060042940,3,train
hysets_02108000,7060042940,3,train
hysets_02110500,7060043090,1,val
hysets_02110704,7060043090,1,val
hysets_02111180,7060043090,1,val
hysets_02111500,7060043090,1,val
hysets_02113850,7060043090,1,val
hysets_02118000,7060043090,1,val
hysets_02120780,7060043090,1,val
hysets_02128000,7060043090,1,val
hysets_02130561,7060043090,1,val
hysets_02130900,7060043090,1,val
hysets_02130980,7060043090,1,val
hysets_02131500,7060043090,1,val
hysets_02133624,7060043090,1,val
hysets_02134170,7060043090,1,val
hysets_02134500,7060043090,1,val
hysets_02135000,7060043090,1,val
hysets_02135200,7060043090,1,val
hysets_02136000,7060043100,4,train
hysets_02137727,7060043160,2,train
hysets_02140991,7060043160,2,train
hysets_02143500,7060043160,2,train
hysets_02145000,7060043160,2,train
hysets_02146381,7060043160,2,train
hysets_02146507,7060043160,2,train
hysets_02146530,7060043160,2,train
hysets_02146750,7060043160,2,train
hysets_0214676115,7060043160,2,train
hysets_02146800,7060043160,2,train
hysets_02147500,7060043160,2,train
hysets_02149000,7060043160,2,train
hysets_02150495,7060043160,2,train
hysets_02151500,7060043160,2,train
hysets_02152100,7060043160,2,train
hysets_02152474,7060043160,2,train
hysets_02156300,7060043160,2,train
hysets_02156500,7060043160,2,train
hysets_02160105,7060043160,2,train
hysets_02160390,7060043160,2,train
hysets_02160700,7060043160,2,train
hysets_02161000,7060043160,2,train
hysets_02162500,7060043160,2,train
hysets_02163500,7060043160,2,train
hysets_02164110,7060043160,2,train
hysets_02167450,7060043160,2,train
hysets_02167582,7060043160,2,train
hysets_02169570,7060043160,2,train
hysets_02173000,7060043170,1,val
hysets_02173030,7060043170,1,val
hysets_02173051,7060043170,1,val
hysets_02173212,7060043170,1,val
hysets_02173500,7060043170,1,val
hysets_02175000,7060043170,1,val
hysets_02175500,7060043170,1,val
hysets_02177000,7060043500,4,train
hysets_02178400,7060043500,4,train
hysets_02186000,7060043500,4,train
hysets_02191300,7060043500,4,train
hysets_02192000,7060043500,4,train
hysets_02192500,7060043500,4,train
hysets_02193500,7060043500,4,train
hysets_02196000,7060043500,4,train
hysets_02196690,7060043500,4,train
hysets_02197830,7060043500,4,train
hysets_02198000,7060043500,4,train
hysets_02200120,7060043510,1,val
hysets_02202040,7060043510,1,val
hysets_02202190,7060043510,1,val
hysets_02202500,7060043510,1,val
hysets_02202600,7060043510,1,val
hysets_02202680,7060043510,1,val
hysets_02203000,7060043510,1,val
hysets_02203900,7060043640,4,train
hysets_02204520,7060043640,4,train
hysets_02207220,7060043640,4,train
hysets_02207335,7060043640,4,train
hysets_02208000,7060043640,4,train
hysets_02208450,7060043640,4,train
hysets_02209000,7060043640,4,train
hysets_02212600,7060043640,4,train
hysets_02212735,7060043640,4,train
hysets_02213000,7060043640,4,train
hysets_02215000,7060043640,4,train
hysets_02215100,7060043640,4,train
hysets_02215500,7060043640,4,train
hysets_02215900,7060043640,4,train
hysets_02217475,7060043640,4,train
hysets_02217500,7060043640,4,train
hysets_02217615,7060043640,4,train
hysets_02217770,7060043640,4,train
hysets_02218300,7060043640,4,train
hysets_02219000,7060043640,4,train
hysets_02220900,7060043640,4,train
hysets_02221525,7060043640,4,train
hysets_02223248,7060043640,4,train
hysets_02223360,7060043640,4,train
hysets_02223500,7060043640,4,train
hysets_02224500,7060043640,4,train
hysets_02225000,7060043640,4,train
hysets_02225500,7060043640,4,train
hysets_02226000,7060043640,4,train
hysets_02226362,7060043650,4,train
hysets_02226500,7060043650,4,train
hysets_02227500,7060043650,4,train
hysets_02228000,7060043650,4,train
hysets_02231342,7060043860,3,train
hysets_02236000,7060043860,3,train
hysets_02236125,7060043860,3,train
hysets_02244040,7060043860,3,train
hysets_02246500,7060043860,3,train
hysets_02266496,7060044770,3,train
hysets_02301000,7060044870,3,train
hysets_02301500,7060044870,3,train
hysets_02303330,7060044870,3,train
hysets_02303400,7060044870,3,train
hysets_02314500,7060045480,3,train
hysets_02315500,7060045480,3,train
hysets_02315550,7060045480,3,train
hysets_02315920,7060045480,3,train
hysets_02316000,7060045480,3,train
hysets_02317500,7060045480,3,train
hysets_02317620,7060045480,3,train
hysets_023177483,7060045480,3,train
hysets_02318000,7060045480,3,train
hysets_02318380,7060045480,3,train
hysets_02318500,7060045480,3,train
hysets_02319000,7060045480,3,train
hysets_02319394,7060045480,3,train
hysets_02319500,7060045480,3,train
hysets_02319800,7060045480,3,train
hysets_02320000,7060045480,3,train
hysets_02320500,7060045480,3,train
hysets_02321500,7060045480,3,train
hysets_02322500,7060045480,3,train
hysets_02322800,7060045480,3,train
hysets_02323000,7060045480,3,train
hysets_02323500,7060045480,3,train
hysets_02326500,7060045490,3,train
hysets_02326900,7060045490,3,train
hysets_02327355,7060045490,3,train
hysets_02327500,7060045490,3,train
hysets_02328522,7060045490,3,train
hysets_02329500,7060045490,3,train
hysets_02329600,7060045490,3,train
hysets_02330150,7060045490,3,train
hysets_02331000,7060045890,2,train
hysets_023312495,7060045890,2,train
hysets_02331600,7060045890,2,train
hysets_02335815,7060045890,2,train
hysets_02336968,7060045890,2,train
hysets_02337000,7060045890,2,train
hysets_02337040,7060045890,2,train
hysets_02337410,7060045890,2,train
hysets_02338660,7060045890,2,train
hysets_02338840,7060045890,2,train
hysets_02339495,7060045890,2,train
hysets_02341800,7060045890,2,train
hysets_02342500,7060045890,2,train
hysets_02342850,7060045890,2,train
hysets_02343225,7060045890,2,train
hysets_02343801,7060045890,2,train
hysets_02344396,7060045890,2,train
hysets_02344500,7060045890,2,train
hysets_02347500,7060045890,2,train
hysets_02349605,7060045890,2,train
hysets_02350512,7060045890,2,train
hysets_02350600,7060045890,2,train
hysets_02350900,7060045890,2,train
hysets_02351500,7060045890,2,train
hysets_02352500,7060045890,2,train
hysets_02353000,7060045890,2,train
hysets_02353265,7060045890,2,train
hysets_02353500,7060045890,2,train
hysets_02354500,7060045890,2,train
hysets_02354800,7060045890,2,train
hysets_02355350,7060045890,2,train
hysets_02355662,7060045890,2,train
hysets_02358000,7060045890,2,train
hysets_02358789,7060045890,2,train
hysets_02359000,7060045890,2,train
hysets_02359500,7060045900,2,train
hysets_02361000,7060046130,4,train
hysets_02361500,7060046130,4,train
hysets_02363000,7060046130,4,train
hysets_02364500,7060046130,4,train
hysets_02365200,7060046130,4,train
hysets_02365500,7060046130,4,train
hysets_02365769,7060046130,4,train
hysets_02366000,7060046130,4,train
hysets_02366500,7060046130,4,train
hysets_02367900,7060046320,4,train
hysets_02369000,7060046320,4,train
hysets_02369600,7060046320,4,train
hysets_02370000,7060046330,2,train
hysets_02370500,7060046330,2,train
hysets_02371500,7060046390,3,train
hysets_02372250,7060046390,3,train
hysets_02373000,7060046390,3,train
hysets_02374250,7060046390,3,train
hysets_02374500,7060046390,3,train
hysets_02374700,7060046390,3,train
hysets_02374745,7060046390,3,train
hysets_02374950,7060046390,3,train
hysets_02375000,7060046390,3,train
hysets_02375500,7060046390,3,train
hysets_02376033,7060046390,3,train
hysets_02376500,7060046460,1,val
hysets_02377570,7060046460,1,val
hysets_02378500,7060046470,1,val
hysets_02379500,7060046590,3,train
hysets_02380500,7060046590,3,train
hysets_02381090,7060046590,3,train
hysets_02384500,7060046590,3,train
hysets_02385170,7060046590,3,train
hysets_02385800,7060046590,3,train
hysets_02387000,7060046590,3,train
hysets_02387600,7060046590,3,train
hysets_02388350,7060046590,3,train
hysets_02389150,7060046590,3,train
hysets_02390000,7060046590,3,train
hysets_02390140,7060046590,3,train
hysets_02391540,7060046590,3,train
hysets_02391860,7060046590,3,train
hysets_02392780,7060046590,3,train
hysets_02397500,7060046590,3,train
hysets_02398300,7060046590,3,train
hysets_02399200,7060046590,3,train
hysets_02400100,7060046590,3,train
hysets_02401000,7060046590,3,train
hysets_02404400,7060046590,3,train
hysets_02405500,7060046590,3,train
hysets_02406500,7060046590,3,train
hysets_02407000,7060046590,3,train
hysets_02408540,7060046590,3,train
hysets_02411930,7060046590,3,train
hysets_02412000,7060046590,3,train
hysets_02413000,7060046590,3,train
hysets_02413300,7060046590,3,train
hysets_02414500,7060046590,3,train
hysets_02414715,7060046590,3,train
hysets_02418230,7060046590,3,train
hysets_02418760,7060046590,3,train
hysets_02419000,7060046590,3,train
hysets_02420000,7060046590,3,train
hysets_02421000,7060046590,3,train
hysets_02422500,7060046590,3,train
hysets_02423380,7060046590,3,train
hysets_02423414,7060046590,3,train
hysets_02423496,7060046590,3,train
hysets_02423500,7060046590,3,train
hysets_02423630,7060046590,3,train
hysets_02424000,7060046590,3,train
hysets_02425000,7060046590,3,train
hysets_02427250,7060046590,3,train
hysets_02428400,7060046590,3,train
hysets_02430680,7060046590,3,train
hysets_02436500,7060046590,3,train
hysets_02439400,7060046590,3,train
hysets_02443500,7060046590,3,train
hysets_02444160,7060046590,3,train
hysets_02446500,7060046590,3,train
hysets_02448000,7060046590,3,train
hysets_02448900,7060046590,3,train
hysets_02450180,7060046590,3,train
hysets_02450825,7060046590,3,train
hysets_02453000,7060046590,3,train
hysets_02453500,7060046590,3,train
hysets_02455000,7060046590,3,train
hysets_02456500,7060046590,3,train
hysets_02457595,7060046590,3,train
hysets_02461500,7060046590,3,train
hysets_02464000,7060046590,3,train
hysets_02465000,7060046590,3,train
hysets_02467500,7060046590,3,train
hysets_02469761,7060046590,3,train
hysets_02469800,7060046590,3,train
hysets_02471001,7060046590,3,train
hysets_02472000,7060046600,4,train
hysets_02472500,7060046600,4,train
hysets_02472850,7060046600,4,train
hysets_02473000,7060046600,4,train
hysets_02473500,7060046600,4,train
hysets_02474500,7060046600,4,train
hysets_02474560,7060046600,4,train
hysets_02475000,7060046600,4,train
hysets_02475500,7060046600,4,train
hysets_02477000,7060046600,4,train
hysets_02477500,7060046600,4,train
hysets_02478500,7060046600,4,train
hysets_02479000,7060046600,4,train
hysets_02479130,7060046600,4,train
hysets_02479155,7060046600,4,train
hysets_02479300,7060046600,4,train
hysets_02481000,7060046780,3,train
hysets_02481510,7060046790,4,train
hysets_02482000,7060046870,2,train
hysets_02482550,7060046870,2,train
hysets_02483000,7060046870,2,train
hysets_02483500,7060046870,2,train
hysets_02484000,7060046870,2,train
hysets_02487500,7060046870,2,train
hysets_02489000,7060046870,2,train
hysets_02490500,7060046870,2,train
hysets_02492000,7060046870,2,train
hysets_02492360,7060046850,4,train
hysets_02AB021,7060034520,2,train
hysets_02AB023,7060034520,2,train
hysets_02AC002,7060034520,2,train
hysets_02AD010,7060034520,2,train
hysets_02BA003,7060034520,2,train
hysets_02BA006,7060034520,2,train
hysets_02BB003,7060034520,2,train
hysets_02BF001,7060034520,2,train
hysets_02BF002,7060034520,2,train
hysets_02CB003,7060034520,2,train
hysets_02CF011,7060034520,2,train
hysets_02DC012,7060034520,2,train
hysets_02DD012,7060034520,2,train
hysets_02EA005,7060034520,2,train
hysets_02EC002,7060034520,2,train
hysets_02EC009,7060034520,2,train
hysets_02EC011,7060034520,2,train
hysets_02ED003,7060034520,2,train
hysets_02ED007,7060034520,2,train
hysets_02ED032,7060034520,2,train
hysets_02ED101,7060034520,2,train
hysets_02FB010,7060034520,2,train
hysets_02FC016,7060034520,2,train
hysets_02FE008,7060034520,2,train
hysets_02FE009,7060034520,2,train
hysets_02FF013,7060034520,2,train
hysets_02GA010,7060034520,2,train
hysets_02GA018,7060034520,2,train
hysets_02GA047,7060034520,2,train
hysets_02GC010,7060034520,2,train
hysets_02GD010,7060034520,2,train
hysets_02GD021,7060034520,2,train
hysets_02GD027,7060034520,2,train
hysets_02GG002,7060034520,2,train
hysets_02GG003,7060034520,2,train
hysets_02GG006,7060034520,2,train
hysets_02GG009,7060034520,2,train
hysets_02HA006,7060034520,2,train
hysets_02HA020,7060034520,2,train
hysets_02HB004,7060034520,2,train
hysets_02HB029,7060034520,2,train
hysets_02HC009,7060034520,2,train
hysets_02HD012,7060034520,2,train
hysets_02HJ001,7060034520,2,train
hysets_02HJ006,7060034520,2,train
hysets_02HL003,7060034520,2,train
hysets_02HL004,7060034520,2,train
hysets_02JC008,7060034520,2,train
hysets_02KA015,7060034520,2,train
hysets_02KC018,7060034520,2,train
hysets_02KD002,7060034520,2,train
hysets_02LB007,7060034520,2,train
hysets_02LD005,7060034520,2,train
hysets_02LH032,7060034520,2,train
hysets_02NF003,7060034520,2,train
hysets_02OA057,7060034520,2,train
hysets_02OB037,7060034520,2,train
hysets_02OE027,7060034520,2,train
hysets_02OG026,7060034520,2,train
hysets_02OJ024,7060034520,2,train
hysets_02PC017,7060034520,2,train
hysets_02PD002,7060034340,2,train
hysets_02PG022,7060034580,4,train
hysets_02PJ007,7060034520,2,train
hysets_02PJ030,7060034520,2,train
hysets_02PK009,7060034520,2,train
hysets_02PL005,7060034520,2,train
hysets_02QC009,7060034870,4,train
hysets_02RC011,7060034330,3,train
hysets_02RH027,7060034330,3,train
hysets_02RH035,7060034330,3,train
hysets_02RH045,7060034330,3,train
hysets_02RH066,7060034330,3,train
hysets_02RH067,7060034330,3,train
hysets_02RH073,7060034330,3,train
hysets_02XA003,7060032940,3,train
hysets_02YC001,7060060320,3,train
hysets_02YE001,7060060320,3,train
hysets_02YG001,7060060320,3,train
hysets_02YJ001,7060059990,2,train
hysets_02YK002,7060060310,3,train
hysets_02YK005,7060060310,3,train
hysets_02YL001,7060060310,3,train
hysets_02YL008,7060060310,3,train
hysets_02YN002,7060061510,2,train
hysets_02YO008,7060061510,2,train
hysets_02YQ001,7060061620,1,val
hysets_02YR001,7060061630,3,train
hysets_02YR003,7060061630,3,train
hysets_02YS005,7060061870,1,val
hysets_02YS006,7060061880,4,train
hysets_02ZB001,7060063060,4,train
hysets_02ZF001,7060062930,4,train
hysets_02ZG001,7060061880,4,train
hysets_02ZG003,7060061880,4,train
hysets_02ZH001,7060061880,4,train
hysets_02ZK001,7060061880,4,train
hysets_03007800,7060047060,0,test
hysets_03010500,7060047060,0,test
hysets_03010655,7060047060,0,test
hysets_03011020,7060047060,0,test
hysets_03015310,7060047060,0,test
hysets_03015500,7060047060,0,test
hysets_03017500,7060047060,0,test
hysets_03020500,7060047060,0,test
hysets_03029500,7060047060,0,test
hysets_03032500,7060047060,0,test
hysets_03034000,7060047060,0,test
hysets_03042000,7060047060,0,test
hysets_03050000,7060047060,0,test
hysets_03051000,7060047060,0,test
hysets_03052000,7060047060,0,test
hysets_03053500,7060047060,0,test
hysets_03054500,7060047060,0,test
hysets_03056250,7060047060,0,test
hysets_03065000,7060047060,0,test
hysets_03066000,7060047060,0,test
hysets_03067510,7060047060,0,test
hysets_03068800,7060047060,0,test
hysets_03069500,7060047060,0,test
hysets_03070260,7060047060,0,test
hysets_03070500,7060047060,0,test
hysets_03072000,7060047060,0,test
hysets_03073000,7060047060,0,test
hysets_03076600,7060047060,0,test
hysets_03078000,7060047060,0,test
hysets_03079000,7060047060,0,test
hysets_03080000,7060047060,0,test
hysets_03085500,7060047060,0,test
hysets_03102500,7060047060,0,test
hysets_03106000,7060047060,0,test
hysets_03106500,7060047060,0,test
hysets_03108000,7060047060,0,test
hysets_03109500,7060047060,0,test
hysets_03110000,7060047060,0,test
hysets_03110830,7060047060,0,test
hysets_03111500,7060047060,0,test
hysets_03111548,7060047060,0,test
hysets_03113990,7060047060,0,test
hysets_03114500,7060047060,0,test
hysets_03117500,7060047060,0,test
hysets_03118500,7060047060,0,test
hysets_03139000,7060047060,0,test
hysets_03144816,7060047060,0,test
hysets_03146500,7060047060,0,test
hysets_03149500,7060047060,0,test
hysets_03154000,7060047060,0,test
hysets_03155220,7060047060,0,test
hysets_03157000,7060047060,0,test
hysets_03157500,7060047060,0,test
hysets_03159500,7060047060,0,test
hysets_03159540,7060047060,0,test
hysets_03161000,7060047060,0,test
hysets_03164000,7060047060,0,test
hysets_03167000,7060047060,0,test
hysets_03168000,7060047060,0,test
hysets_03170000,7060047060,0,test
hysets_03173000,7060047060,0,test
hysets_03175500,7060047060,0,test
hysets_03179000,7060047060,0,test
hysets_03182500,7060047060,0,test
hysets_03183500,7060047060,0,test
hysets_03184000,7060047060,0,test
hysets_03186500,7060047060,0,test
hysets_03189100,7060047060,0,test
hysets_03190000,7060047060,0,test
hysets_03194700,7060047060,0,test
hysets_03198350,7060047060,0,test
hysets_03198500,7060047060,0,test
hysets_03200500,7060047060,0,test
hysets_03202000,7060047060,0,test
hysets_03202400,7060047060,0,test
hysets_03202750,7060047060,0,test
hysets_03205470,7060047060,0,test
hysets_03207800,7060047060,0,test
hysets_03208500,7060047060,0,test
hysets_03210000,7060047060,0,test
hysets_03212980,7060047060,0,test
hysets_03213700,7060047060,0,test
hysets_03214500,7060047060,0,test
hysets_03217000,7060047060,0,test
hysets_03219500,7060047060,0,test
hysets_03230500,7060047060,0,test
hysets_03230800,7060047060,0,test
hysets_03232000,7060047060,0,test
hysets_03237500,7060047060,0,test
hysets_03240000,7060047060,0,test
hysets_03241500,7060047060,0,test
hysets_03244936,7060047060,0,test
hysets_03246500,7060047060,0,test
hysets_03251200,7060047060,0,test
hysets_03252300,7060047060,0,test
hysets_03253000,7060047060,0,test
hysets_03261500,7060047060,0,test
hysets_03267900,7060047060,0,test
hysets_03271000,7060047060,0,test
hysets_03275000,7060047060,0,test
hysets_03275600,7060047060,0,test
hysets_03277300,7060047060,0,test
hysets_03281100,7060047060,0,test
hysets_03281500,7060047060,0,test
hysets_03282500,7060047060,0,test
hysets_03288100,7060047060,0,test
hysets_03289500,7060047060,0,test
hysets_03291500,7060047060,0,test
hysets_03292470,7060047060,0,test
hysets_03294000,7060047060,0,test
hysets_03295400,7060047060,0,test
hysets_03295890,7060047060,0,test
hysets_03297900,7060047060,0,test
hysets_03298000,7060047060,0,test
hysets_03298200,7060047060,0,test
hysets_03300400,7060047060,0,test
hysets_03301000,7060047060,0,test
hysets_03301500,7060047060,0,test
hysets_03302220,7060047060,0,test
hysets_03302800,7060047060,0,test
hysets_03303000,7060047060,0,test
hysets_03310300,7060047060,0,test
hysets_03310400,7060047060,0,test
hysets_03313700,7060047060,0,test
hysets_03314000,7060047060,0,test
hysets_03320500,7060047060,0,test
hysets_03321350,7060047060,0,test
hysets_03328000,7060047060,0,test
hysets_03328500,7060047060,0,test
hysets_03329700,7060047060,0,test
hysets_03331500,7060047060,0,test
hysets_03331753,7060047060,0,test
hysets_03335000,7060047060,0,test
hysets_03336645,7060047060,0,test
hysets_03336900,7060047060,0,test
hysets_03339500,7060047060,0,test
hysets_03343400,7060047060,0,test
hysets_03345500,7060047060,0,test
hysets_03346000,7060047060,0,test
hysets_03346500,7060047060,0,test
hysets_03348000,7060047060,0,test
hysets_03353200,7060047060,0,test
hysets_03353800,7060047060,0,test
hysets_03358000,7060047060,0,test
hysets_03361500,7060047060,0,test
hysets_03362000,7060047060,0,test
hysets_03362500,7060047060,0,test
hysets_03363000,7060047060,0,test
hysets_03363500,7060047060,0,test
hysets_03363900,7060047060,0,test
hysets_03364000,7060047060,0,test
hysets_03364500,7060047060,0,test
hysets_03364650,7060047060,0,test
hysets_03365500,7060047060,0,test
hysets_03371500,7060047060,0,test
hysets_03373508,7060047060,0,test
hysets_03373560,7060047060,0,test
hysets_03378000,7060047060,0,test
hysets_03378500,7060047060,0,test
hysets_03379500,7060047060,0,test
hysets_03380500,7060047060,0,test
hysets_03382100,7060047060,0,test
hysets_03383000,7060047060,0,test
hysets_03384100,7060047060,0,test
hysets_03400500,7060047060,0,test
hysets_03403910,7060047060,0,test
hysets_03404900,7060047060,0,test
hysets_03406500,7060047060,0,test
hysets_03408500,7060047060,0,test
hysets_03409500,7060047060,0,test
hysets_03410210,7060047060,0,test
hysets_03413200,7060047060,0,test
hysets_03415000,7060047060,0,test
hysets_03416000,7060047060,0,test
hysets_03421000,7060047060,0,test
hysets_03424730,7060047060,0,test
hysets_03427500,7060047060,0,test
hysets_03428200,7060047060,0,test
hysets_03431060,7060047060,0,test
hysets_03432350,7060047060,0,test
hysets_03432400,7060047060,0,test
hysets_03433500,7060047060,0,test
hysets_03434500,7060047060,0,test
hysets_03436100,7060047060,0,test
hysets_03436690,7060047060,0,test
hysets_03439000,7060047060,0,test
hysets_03443000,7060047060,0,test
hysets_03447687,7060047060,0,test
hysets_03451000,7060047060,0,test
hysets_03451500,7060047060,0,test
hysets_03453000,7060047060,0,test
hysets_03453500,7060047060,0,test
hysets_03455000,7060047060,0,test
hysets_03456500,7060047060,0,test
hysets_03465500,7060047060,0,test
hysets_03466208,7060047060,0,test
hysets_03466500,7060047060,0,test
hysets_03467609,7060047060,0,test
hysets_03470000,7060047060,0,test
hysets_03471500,7060047060,0,test
hysets_03473000,7060047060,0,test
hysets_03474000,7060047060,0,test
hysets_03479000,7060047060,0,test
hysets_03488000,7060047060,0,test
hysets_03490000,7060047060,0,test
hysets_03491000,7060047060,0,test
hysets_03497300,7060047060,0,test
hysets_03498500,7060047060,0,test
hysets_03498850,7060047060,0,test
hysets_03500000,7060047060,0,test
hysets_03512000,7060047060,0,test
hysets_03518500,7060047060,0,test
hysets_03524000,7060047060,0,test
hysets_03527000,7060047060,0,test
hysets_03527220,7060047060,0,test
hysets_03528000,7060047060,0,test
hysets_03529500,7060047060,0,test
hysets_03531500,7060047060,0,test
hysets_03532000,7060047060,0,test
hysets_03535400,7060047060,0,test
hysets_03539600,7060047060,0,test
hysets_03539778,7060047060,0,test
hysets_03539800,7060047060,0,test
hysets_03540500,7060047060,0,test
hysets_03543500,7060047060,0,test
hysets_03550000,7060047060,0,test
hysets_03567340,7060047060,0,test
hysets_03567500,7060047060,0,test
hysets_03568933,7060047060,0,test
hysets_03571000,7060047060,0,test
hysets_03574500,7060047060,0,test
hysets_03575100,7060047060,0,test
hysets_03576250,7060047060,0,test
hysets_03578000,7060047060,0,test
hysets_03588500,7060047060,0,test
hysets_03590000,7060047060,0,test
hysets_03593800,7060047060,0,test
hysets_03597590,7060047060,0,test
hysets_03599450,7060047060,0,test
hysets_03602500,7060047060,0,test
hysets_03604000,7060047060,0,test
hysets_03604400,7060047060,0,test
hysets_03606500,7060047060,0,test
hysets_03610000,7060047060,0,test
hysets_03NE011,7060030520,2,train
hysets_03NF001,7060030870,1,val
hysets_03OA005,7060031710,3,train
hysets_03OA015,7060031710,3,train
hysets_03OE011,7060031710,3,train
hysets_03QC001,7060032050,4,train
hysets_03QC002,7060032080,1,val
hysets_04024430,7060034520,2,train
hysets_04027000,7060034520,2,train
hysets_04031000,7060034520,2,train
hysets_04032000,7060034520,2,train
hysets_04045500,7060034520,2,train
hysets_04056500,7060034520,2,train
hysets_04060500,7060034520,2,train
hysets_04060993,7060034520,2,train
hysets_04067958,7060034520,2,train
hysets_04069416,7060034520,2,train
hysets_04071000,7060034520,2,train
hysets_04073365,7060034520,2,train
hysets_04074950,7060034520,2,train
hysets_04079000,7060034520,2,train
hysets_04082400,7060034520,2,train
hysets_040851385,7060034520,2,train
hysets_04085427,7060034520,2,train
hysets_04086000,7060034520,2,train
hysets_04086500,7060034520,2,train
hysets_04086600,7060034520,2,train
hysets_04087170,7060034520,2,train
hysets_04093000,7060034520,2,train
hysets_04096515,7060034520,2,train
hysets_04097500,7060034520,2,train
hysets_04099750,7060034520,2,train
hysets_04100500,7060034520,2,train
hysets_04101500,7060034520,2,train
hysets_04102500,7060034520,2,train
hysets_04108660,7060034520,2,train
hysets_04111379,7060034520,2,train
hysets_04112500,7060034520,2,train
hysets_04114000,7060034520,2,train
hysets_04116000,7060034520,2,train
hysets_04119000,7060034520,2,train
hysets_04121300,7060034520,2,train
hysets_04121500,7060034520,2,train
hysets_04122500,7060034520,2,train
hysets_04124000,7060034520,2,train
hysets_04124500,7060034520,2,train
hysets_04125460,7060034520,2,train
hysets_04126740,7060034520,2,train
hysets_04127800,7060034520,2,train
hysets_04127997,7060034520,2,train
hysets_04135700,7060034520,2,train
hysets_04136000,7060034520,2,train
hysets_04142000,7060034520,2,train
hysets_04146063,7060034520,2,train
hysets_04148140,7060034520,2,train
hysets_04148500,7060034520,2,train
hysets_04151500,7060034520,2,train
hysets_04152238,7060034520,2,train
hysets_04154000,7060034520,2,train
hysets_04156000,7060034520,2,train
hysets_04159492,7060034520,2,train
hysets_04159900,7060034520,2,train
hysets_04164500,7060034520,2,train
hysets_04176500,7060034520,2,train
hysets_04178000,7060034520,2,train
hysets_04183500,7060034520,2,train
hysets_04185000,7060034520,2,train
hysets_04188100,7060034520,2,train
hysets_04188337,7060034520,2,train
hysets_04190000,7060034520,2,train
hysets_04192500,7060034520,2,train
hysets_04193500,7060034520,2,train
hysets_04195500,7060034520,2,train
hysets_04196500,7060034520,2,train
hysets_04196800,7060034520,2,train
hysets_04198000,7060034520,2,train
hysets_04199500,7060034520,2,train
hysets_04201500,7060034520,2,train
hysets_04208504,7060034520,2,train
hysets_04212100,7060034520,2,train
hysets_04213500,7060034520,2,train
hysets_04214500,7060034520,2,train
hysets_04215000,7060034520,2,train
hysets_04215500,7060034520,2,train
hysets_04217000,7060034520,2,train
hysets_04223000,7060034520,2,train
hysets_04226000,7060034520,2,train
hysets_04227000,7060034520,2,train
hysets_04230500,7060034520,2,train
hysets_04233255,7060034520,2,train
hysets_04234000,7060034520,2,train
hysets_04235250,7060034520,2,train
hysets_04235299,7060034520,2,train
hysets_04242500,7060034520,2,train
hysets_04250750,7060034520,2,train
hysets_04262500,7060034520,2,train
hysets_04265432,7060034520,2,train
hysets_04268800,7060034520,2,train
hysets_04269000,7060034520,2,train
hysets_04270200,7060034520,2,train
hysets_04275500,7060034520,2,train
hysets_04276500,7060034520,2,train
hysets_04282525,7060034520,2,train
hysets_04288000,7060034520,2,train
hysets_04292000,7060034520,2,train
hysets_04292500,7060034520,2,train
hysets_04293500,7060034520,2,train
hysets_04296000,7060034520,2,train
hysets_04AA004,7060022270,2,train
hysets_04AB001,7060022270,2,train
hysets_04AD002,7060022270,2,train
hysets_04FA002,7060024030,1,val
hysets_04GB005,7060024290,3,train
hysets_04JC002,7060024290,3,train
hysets_04JD005,7060024290,3,train
hysets_04JF001,7060024290,3,train
hysets_04LB002,7060024580,3,train
hysets_04LE002,7060024580,3,train
hysets_04LJ001,7060024580,3,train
hysets_04LK001,7060024580,3,train
hysets_05017500,7060022240,4,train
hysets_05050000,7060022240,4,train
hysets_05051300,7060022240,4,train
hysets_05054500,7060022240,4,train
hysets_05055300,7060022240,4,train
hysets_05056000,7060022240,4,train
hysets_05057200,7060022240,4,train
hysets_05059700,7060022240,4,train
hysets_05060500,7060022240,4,train
hysets_05061000,7060022240,4,train
hysets_05062000,7060022240,4,train
hysets_05062500,7060022240,4,train
hysets_05066500,7060022240,4,train
hysets_05076000,7060022240,4,train
hysets_05078000,7060022240,4,train
hysets_05078500,7060022240,4,train
hysets_05079000,7060022240,4,train
hysets_05080000,7060022240,4,train
hysets_05129115,7060022240,4,train
hysets_05131500,7060022240,4,train
hysets_05132000,7060022240,4,train
hysets_05212700,7060047060,0,test
hysets_05244000,7060047060,0,test
hysets_05270500,7060047060,0,test
hysets_05280000,7060047060,0,test
hysets_05288580,7060047060,0,test
hysets_05289800,7060047060,0,test
hysets_05291000,7060047060,0,test
hysets_05293000,7060047060,0,test
hysets_05294000,7060047060,0,test
hysets_05300000,7060047060,0,test
hysets_05304500,7060047060,0,test
hysets_05313500,7060047060,0,test
hysets_05316500,7060047060,0,test
hysets_05317000,7060047060,0,test
hysets_05319500,7060047060,0,test
hysets_05320500,7060047060,0,test
hysets_05325000,7060047060,0,test
hysets_05330000,7060047060,0,test
hysets_05331833,7060047060,0,test
hysets_05333500,7060047060,0,test
hysets_05336700,7060047060,0,test
hysets_05338500,7060047060,0,test
hysets_05341752,7060047060,0,test
hysets_05342000,7060047060,0,test
hysets_05344500,7060047060,0,test
hysets_05353800,7060047060,0,test
hysets_05355200,7060047060,0,test
hysets_05362000,7060047060,0,test
hysets_05367500,7060047060,0,test
hysets_05372995,7060047060,0,test
hysets_05378500,7060047060,0,test
hysets_05379500,7060047060,0,test
hysets_05381000,7060047060,0,test
hysets_05382267,7060047060,0,test
hysets_05382325,7060047060,0,test
hysets_05383075,7060047060,0,test
hysets_05383950,7060047060,0,test
hysets_05385000,7060047060,0,test
hysets_05385500,7060047060,0,test
hysets_05387440,7060047060,0,test
hysets_05387500,7060047060,0,test
hysets_05389000,7060047060,0,test
hysets_05397500,7060047060,0,test
hysets_05399500,7060047060,0,test
hysets_05405000,7060047060,0,test
hysets_05408000,7060047060,0,test
hysets_05410490,7060047060,0,test
hysets_05411600,7060047060,0,test
hysets_05411850,7060047060,0,test
hysets_05412020,7060047060,0,test
hysets_05412400,7060047060,0,test
hysets_05412500,7060047060,0,test
hysets_05413500,7060047060,0,test
hysets_05414000,7060047060,0,test
hysets_05416900,7060047060,0,test
hysets_05418400,7060047060,0,test
hysets_05418500,7060047060,0,test
hysets_05419000,7060047060,0,test
hysets_05420680,7060047060,0,test
hysets_05421000,7060047060,0,test
hysets_05421740,7060047060,0,test
hysets_05422000,7060047060,0,test
hysets_05422600,7060047060,0,test
hysets_05427085,7060047060,0,test
hysets_05427530,7060047060,0,test
hysets_05427718,7060047060,0,test
hysets_05429700,7060047060,0,test
hysets_05435500,7060047060,0,test
hysets_05435950,7060047060,0,test
hysets_05437050,7060047060,0,test
hysets_05437500,7060047060,0,test
hysets_05438500,7060047060,0,test
hysets_05439500,7060047060,0,test
hysets_05440000,7060047060,0,test
hysets_05440700,7060047060,0,test
hysets_05443500,7060047060,0,test
hysets_05444000,7060047060,0,test
hysets_05447500,7060047060,0,test
hysets_05448000,7060047060,0,test
hysets_05449500,7060047060,0,test
hysets_05451210,7060047060,0,test
hysets_05451500,7060047060,0,test
hysets_05451700,7060047060,0,test
hysets_05451900,7060047060,0,test
hysets_05452500,7060047060,0,test
hysets_05453000,7060047060,0,test
hysets_05453100,7060047060,0,test
hysets_05454220,7060047060,0,test
hysets_05454300,7060047060,0,test
hysets_05455100,7060047060,0,test
hysets_05455500,7060047060,0,test
hysets_05457700,7060047060,0,test
hysets_05458000,7060047060,0,test
hysets_05458300,7060047060,0,test
hysets_05458500,7060047060,0,test
hysets_05458900,7060047060,0,test
hysets_05459500,7060047060,0,test
hysets_05462000,7060047060,0,test
hysets_05463000,7060047060,0,test
hysets_05463050,7060047060,0,test
hysets_05463500,7060047060,0,test
hysets_05464000,7060047060,0,test
hysets_05464220,7060047060,0,test
hysets_05464315,7060047060,0,test
hysets_05464500,7060047060,0,test
hysets_05466500,7060047060,0,test
hysets_05467000,7060047060,0,test
hysets_05469000,7060047060,0,test
hysets_05470000,7060047060,0,test
hysets_05470500,7060047060,0,test
hysets_05471000,7060047060,0,test
hysets_05471200,7060047060,0,test
hysets_05471500,7060047060,0,test
hysets_05472500,7060047060,0,test
hysets_05473400,7060047060,0,test
hysets_05473450,7060047060,0,test
hysets_05474000,7060047060,0,test
hysets_05476000,7060047060,0,test
hysets_05476750,7060047060,0,test
hysets_05478265,7060047060,0,test
hysets_05479000,7060047060,0,test
hysets_05480500,7060047060,0,test
hysets_05481000,7060047060,0,test
hysets_05481300,7060047060,0,test
hysets_05481950,7060047060,0,test
hysets_05482300,7060047060,0,test
hysets_05482500,7060047060,0,test
hysets_05483450,7060047060,0,test
hysets_05484000,7060047060,0,test
hysets_05484500,7060047060,0,test
hysets_05484650,7060047060,0,test
hysets_05484800,7060047060,0,test
hysets_05486490,7060047060,0,test
hysets_05487470,7060047060,0,test
hysets_05487980,7060047060,0,test
hysets_05489000,7060047060,0,test
hysets_05490600,7060047060,0,test
hysets_05495000,7060047060,0,test
hysets_05495500,7060047060,0,test
hysets_05496000,7060047060,0,test
hysets_05497150,7060047060,0,test
hysets_05498150,7060047060,0,test
hysets_05498700,7060047060,0,test
hysets_05500000,7060047060,0,test
hysets_05501000,7060047060,0,test
hysets_05502300,7060047060,0,test
hysets_05502500,7060047060,0,test
hysets_05504800,7060047060,0,test
hysets_05506100,7060047060,0,test
hysets_05506350,7060047060,0,test
hysets_05508805,7060047060,0,test
hysets_05514500,7060047060,0,test
hysets_05514860,7060047060,0,test
hysets_05515500,7060047060,0,test
hysets_05517000,7060047060,0,test
hysets_05517500,7060047060,0,test
hysets_05517530,7060047060,0,test
hysets_05518000,7060047060,0,test
hysets_05520500,7060047060,0,test
hysets_05525000,7060047060,0,test
hysets_05525500,7060047060,0,test
hysets_05526000,7060047060,0,test
hysets_05527500,7060047060,0,test
hysets_05529000,7060047060,0,test
hysets_05531300,7060047060,0,test
hysets_05532500,7060047060,0,test
hysets_05540250,7060047060,0,test
hysets_05540500,7060047060,0,test
hysets_05541710,7060047060,0,test
hysets_05542000,7060047060,0,test
hysets_05543830,7060047060,0,test
hysets_05545750,7060047060,0,test
hysets_05550001,7060047060,0,test
hysets_05551000,7060047060,0,test
hysets_05551540,7060047060,0,test
hysets_05554500,7060047060,0,test
hysets_05555300,7060047060,0,test
hysets_05556500,7060047060,0,test
hysets_05567500,7060047060,0,test
hysets_05568000,7060047060,0,test
hysets_05568800,7060047060,0,test
hysets_05569500,7060047060,0,test
hysets_05570000,7060047060,0,test
hysets_05572000,7060047060,0,test
hysets_05576500,7060047060,0,test
hysets_05578000,7060047060,0,test
hysets_05579500,7060047060,0,test
hysets_05582000,7060047060,0,test
hysets_05583000,7060047060,0,test
hysets_05584500,7060047060,0,test
hysets_05585000,7060047060,0,test
hysets_05587000,7060047060,0,test
hysets_05587900,7060047060,0,test
hysets_05591200,7060047060,0,test
hysets_05591700,7060047060,0,test
hysets_05592050,7060047060,0,test
hysets_05592800,7060047060,0,test
hysets_05593575,7060047060,0,test
hysets_05593945,7060047060,0,test
hysets_05594000,7060047060,0,test
hysets_05594450,7060047060,0,test
hysets_05594800,7060047060,0,test
hysets_05595200,7060047060,0,test
hysets_05595730,7060047060,0,test
hysets_05595820,7060047060,0,test
hysets_05AA008,7060022240,4,train
hysets_05AA022,7060022240,4,train
hysets_05AA035,7060022240,4,train
hysets_05AD003,7060022240,4,train
hysets_05BB001,7060022240,4,train
hysets_05BG006,7060022240,4,train
hysets_05BJ004,7060022240,4,train
hysets_05BJ010,7060022240,4,train
hysets_05BL012,7060022240,4,train
hysets_05BL014,7060022240,4,train
hysets_05CA009,7060022240,4,train
hysets_05CB001,7060022240,4,train
hysets_05CC001,7060022240,4,train
hysets_05CC007,7060022240,4,train
hysets_05DA009,7060022240,4,train
hysets_05DB002,7060022240,4,train
hysets_05DB006,7060022240,4,train
hysets_05DD009,7060022240,4,train
hysets_05EA005,7060022240,4,train
hysets_05FA001,7060022240,4,train
hysets_05FA011,7060022240,4,train
hysets_05HD036,7060022240,4,train
hysets_05KE010,7060022240,4,train
hysets_05KG007,7060022240,4,train
hysets_05LC001,7060022240,4,train
hysets_05LH005,7060022240,4,train
hysets_05MD005,7060022240,4,train
hysets_05MF001,7060022240,4,train
hysets_05PA006,7060022240,4,train
hysets_05PB014,7060022240,4,train
hysets_05PE028,7060022240,4,train
hysets_05PH003,7060022240,4,train
hysets_05QA004,7060022240,4,train
hysets_05QE008,7060022240,4,train
hysets_05QE009,7060022240,4,train
hysets_05QE012,7060022240,4,train
hysets_05RA001,7060022240,4,train
hysets_05RB003,7060022240,4,train
hysets_05TD001,7060022240,4,train
hysets_05TE002,7060022240,4,train
hysets_05TF002,7060022240,4,train
hysets_05TG002,7060022240,4,train
hysets_05TG003,7060022240,4,train
hysets_05UF004,7060022240,4,train
hysets_05UG001,7060022240,4,train
hysets_05UH001,7060022240,4,train
hysets_05UH002,7060022240,4,train
hysets_06019500,7060047060,0,test
hysets_06025500,7060047060,0,test
hysets_06026500,7060047060,0,test
hysets_06033000,7060047060,0,test
hysets_06036650,7060047060,0,test
hysets_06036905,7060047060,0,test
hysets_06037100,7060047060,0,test
hysets_06037500,7060047060,0,test
hysets_06040000,7060047060,0,test
hysets_06043500,7060047060,0,test
hysets_06052500,7060047060,0,test
hysets_06054500,7060047060,0,test
hysets_06063000,7060047060,0,test
hysets_06073500,7060047060,0,test
hysets_06076690,7060047060,0,test
hysets_06077200,7060047060,0,test
hysets_06078500,7060047060,0,test
hysets_06079000,7060047060,0,test
hysets_06085800,7060047060,0,test
hysets_06089000,7060047060,0,test
hysets_06090500,7060047060,0,test
hysets_06091700,7060047060,0,test
hysets_06093200,7060047060,0,test
hysets_06099000,7060047060,0,test
hysets_06108000,7060047060,0,test
hysets_06108800,7060047060,0,test
hysets_06120500,7060047060,0,test
hysets_06130500,7060047060,0,test
hysets_06131200,7060047060,0,test
hysets_06154400,7060047060,0,test
hysets_06177500,7060047060,0,test
hysets_06186500,7060047060,0,test
hysets_06188000,7060047060,0,test
hysets_06191000,7060047060,0,test
hysets_06191500,7060047060,0,test
hysets_06192500,7060047060,0,test
hysets_06195600,7060047060,0,test
hysets_06200000,7060047060,0,test
hysets_06207500,7060047060,0,test
hysets_06208500,7060047060,0,test
hysets_06209500,7060047060,0,test
hysets_06214500,7060047060,0,test
hysets_06221400,7060047060,0,test
hysets_06224000,7060047060,0,test
hysets_06289000,7060047060,0,test
hysets_06294000,7060047060,0,test
hysets_06295000,7060047060,0,test
hysets_06306300,7060047060,0,test
hysets_06324500,7060047060,0,test
hysets_06326500,7060047060,0,test
hysets_06327500,7060047060,0,test
hysets_06329500,7060047060,0,test
hysets_06332515,7060047060,0,test
hysets_06332770,7060047060,0,test
hysets_06334500,7060047060,0,test
hysets_06335500,7060047060,0,test
hysets_06335750,7060047060,0,test
hysets_06336000,7060047060,0,test
hysets_06337000,7060047060,0,test
hysets_06339100,7060047060,0,test
hysets_06339500,7060047060,0,test
hysets_06340500,7060047060,0,test
hysets_06350000,7060047060,0,test
hysets_06351200,7060047060,0,test
hysets_06352000,7060047060,0,test
hysets_06353000,7060047060,0,test
hysets_06354000,7060047060,0,test
hysets_06354580,7060047060,0,test
hysets_06356500,7060047060,0,test
hysets_06359500,7060047060,0,test
hysets_06360500,7060047060,0,test
hysets_06400875,7060047060,0,test
hysets_06404000,7060047060,0,test
hysets_06409000,7060047060,0,test
hysets_06422500,7060047060,0,test
hysets_06436180,7060047060,0,test
hysets_06436198,7060047060,0,test
hysets_06440200,7060047060,0,test
hysets_06441500,7060047060,0,test
hysets_06442900,7060047060,0,test
hysets_06445685,7060047060,0,test
hysets_06446000,7060047060,0,test
hysets_06446500,7060047060,0,test
hysets_06447000,7060047060,0,test
hysets_06447230,7060047060,0,test
hysets_06447450,7060047060,0,test
hysets_06447500,7060047060,0,test
hysets_06452000,7060047060,0,test
hysets_06453600,7060047060,0,test
hysets_06463500,7060047060,0,test
hysets_06464100,7060047060,0,test
hysets_06464500,7060047060,0,test
hysets_06466500,7060047060,0,test
hysets_06469400,7060047060,0,test
hysets_06472000,7060047060,0,test
hysets_06473000,7060047060,0,test
hysets_06475000,7060047060,0,test
hysets_06476000,7060047060,0,test
hysets_06477000,7060047060,0,test
hysets_06477500,7060047060,0,test
hysets_06478500,7060047060,0,test
hysets_06478513,7060047060,0,test
hysets_06478690,7060047060,0,test
hysets_06479215,7060047060,0,test
hysets_06480650,7060047060,0,test
hysets_06481500,7060047060,0,test
hysets_06482610,7060047060,0,test
hysets_06483290,7060047060,0,test
hysets_06483500,7060047060,0,test
hysets_06485500,7060047060,0,test
hysets_06600100,7060047060,0,test
hysets_06600500,7060047060,0,test
hysets_06600900,7060047060,0,test
hysets_06601000,7060047060,0,test
hysets_06602020,7060047060,0,test
hysets_06605000,7060047060,0,test
hysets_06605850,7060047060,0,test
hysets_06606600,7060047060,0,test
hysets_06607200,7060047060,0,test
hysets_06608500,7060047060,0,test
hysets_06609500,7060047060,0,test
hysets_06610770,7060047060,0,test
hysets_06623800,7060047060,0,test
hysets_06708800,7060047060,0,test
hysets_06709000,7060047060,0,test
hysets_06709530,7060047060,0,test
hysets_06712000,7060047060,0,test
hysets_06718550,7060047060,0,test
hysets_06719505,7060047060,0,test
hysets_06784000,7060047060,0,test
hysets_06785500,7060047060,0,test
hysets_06794000,7060047060,0,test
hysets_06795500,7060047060,0,test
hysets_06797500,7060047060,0,test
hysets_06799000,7060047060,0,test
hysets_06799100,7060047060,0,test
hysets_06799350,7060047060,0,test
hysets_06799500,7060047060,0,test
hysets_06800000,7060047060,0,test
hysets_06800500,7060047060,0,test
hysets_06803510,7060047060,0,test
hysets_06803520,7060047060,0,test
hysets_06803530,7060047060,0,test
hysets_06804000,7060047060,0,test
hysets_06804700,7060047060,0,test
hysets_06806500,7060047060,0,test
hysets_06807410,7060047060,0,test
hysets_06808500,7060047060,0,test
hysets_06809210,7060047060,0,test
hysets_06809500,7060047060,0,test
hysets_06810000,7060047060,0,test
hysets_06811500,7060047060,0,test
hysets_06813000,7060047060,0,test
hysets_06814000,7060047060,0,test
hysets_06814500,7060047060,0,test
hysets_06815000,7060047060,0,test
hysets_06817000,7060047060,0,test
hysets_06817500,7060047060,0,test
hysets_06817700,7060047060,0,test
hysets_06820410,7060047060,0,test
hysets_06820500,7060047060,0,test
hysets_06821190,7060047060,0,test
hysets_06827000,7060047060,0,test
hysets_06836500,7060047060,0,test
hysets_06845110,7060047060,0,test
hysets_06846500,7060047060,0,test
hysets_06847000,7060047060,0,test
hysets_06847500,7060047060,0,test
hysets_06847900,7060047060,0,test
hysets_06853800,7060047060,0,test
hysets_06860000,7060047060,0,test
hysets_06861000,7060047060,0,test
hysets_06863500,7060047060,0,test
hysets_06867000,7060047060,0,test
hysets_06869950,7060047060,0,test
hysets_06871000,7060047060,0,test
hysets_06871500,7060047060,0,test
hysets_06873000,7060047060,0,test
hysets_06876440,7060047060,0,test
hysets_06876700,7060047060,0,test
hysets_06878000,7060047060,0,test
hysets_06880800,7060047060,0,test
hysets_06881000,7060047060,0,test
hysets_06882000,7060047060,0,test
hysets_06882510,7060047060,0,test
hysets_06883000,7060047060,0,test
hysets_06884000,7060047060,0,test
hysets_06884025,7060047060,0,test
hysets_06884200,7060047060,0,test
hysets_06884400,7060047060,0,test
hysets_06885500,7060047060,0,test
hysets_06888000,7060047060,0,test
hysets_06888500,7060047060,0,test
hysets_06889200,7060047060,0,test
hysets_06889500,7060047060,0,test
hysets_06890100,7060047060,0,test
hysets_06891260,7060047060,0,test
hysets_06892000,7060047060,0,test
hysets_06892360,7060047060,0,test
hysets_06892513,7060047060,0,test
hysets_06893100,7060047060,0,test
hysets_06893150,7060047060,0,test
hysets_06893390,7060047060,0,test
hysets_06893578,7060047060,0,test
hysets_06893820,7060047060,0,test
hysets_06893890,7060047060,0,test
hysets_06894000,7060047060,0,test
hysets_06895000,7060047060,0,test
hysets_06896000,7060047060,0,test
hysets_06897000,7060047060,0,test
hysets_06897500,7060047060,0,test
hysets_06898000,7060047060,0,test
hysets_06899500,7060047060,0,test
hysets_06900050,7060047060,0,test
hysets_06901500,7060047060,0,test
hysets_06902000,7060047060,0,test
hysets_06906000,7060047060,0,test
hysets_06906800,7060047060,0,test
hysets_06908000,7060047060,0,test
hysets_06909500,7060047060,0,test
hysets_06910750,7060047060,0,test
hysets_06911900,7060047060,0,test
hysets_06914500,7060047060,0,test
hysets_06917000,7060047060,0,test
hysets_06917060,7060047060,0,test
hysets_06917240,7060047060,0,test
hysets_06917500,7060047060,0,test
hysets_06917560,7060047060,0,test
hysets_06918060,7060047060,0,test
hysets_06918440,7060047060,0,test
hysets_06918460,7060047060,0,test
hysets_06918740,7060047060,0,test
hysets_06919500,7060047060,0,test
hysets_06921070,7060047060,0,test
hysets_06921200,7060047060,0,test
hysets_06921590,7060047060,0,test
hysets_06921720,7060047060,0,test
hysets_06923250,7060047060,0,test
hysets_06923950,7060047060,0,test
hysets_06927000,7060047060,0,test
hysets_06927240,7060047060,0,test
hysets_06928000,7060047060,0,test
hysets_06928300,7060047060,0,test
hysets_06928420,7060047060,0,test
hysets_06930000,7060047060,0,test
hysets_06930060,7060047060,0,test
hysets_06932000,7060047060,0,test
hysets_06933500,7060047060,0,test
hysets_06934000,7060047060,0,test
hysets_06936475,7060047060,0,test
hysets_06AD006,7060021740,2,train
hysets_06AF001,7060021740,2,train
hysets_06AG002,7060021740,2,train
hysets_06BA002,7060021740,2,train
hysets_06BB003,7060021740,2,train
hysets_06BB005,7060021740,2,train
hysets_06BD001,7060021740,2,train
hysets_06CD002,7060021740,2,train
hysets_06DA002,7060021740,2,train
hysets_06DA004,7060021740,2,train
hysets_06DA005,7060021740,2,train
hysets_06DC001,7060021740,2,train
hysets_06FB002,7060021740,2,train
hysets_06FC001,7060021740,2,train
hysets_06FD002,7060021740,2,train
hysets_06GD001,7060021620,3,train
hysets_07010350,7060047060,0,test
hysets_07013000,7060047060,0,test
hysets_07014000,7060047060,0,test
hysets_07014500,7060047060,0,test
hysets_07016500,7060047060,0,test
hysets_07018100,7060047060,0,test
hysets_07018500,7060047060,0,test
hysets_07019000,7060047060,0,test
hysets_07020550,7060047060,0,test
hysets_07024500,7060047060,0,test
hysets_07025400,7060047060,0,test
hysets_07026040,7060047060,0,test
hysets_07027720,7060047060,0,test
hysets_07028960,7060047060,0,test
hysets_07029500,7060047060,0,test
hysets_07030050,7060047060,0,test
hysets_07030392,7060047060,0,test
hysets_07030500,7060047060,0,test
hysets_07031650,7060047060,0,test
hysets_07035800,7060047060,0,test
hysets_07036100,7060047060,0,test
hysets_07037300,7060047060,0,test
hysets_07037500,7060047060,0,test
hysets_07047942,7060047060,0,test
hysets_07047950,7060047060,0,test
hysets_07048550,7060047060,0,test
hysets_07049000,7060047060,0,test
hysets_07050500,7060047060,0,test
hysets_07052345,7060047060,0,test
hysets_07052500,7060047060,0,test
hysets_07052820,7060047060,0,test
hysets_07053810,7060047060,0,test
hysets_07055607,7060047060,0,test
hysets_07055646,7060047060,0,test
hysets_07055660,7060047060,0,test
hysets_07055875,7060047060,0,test
hysets_07056000,7060047060,0,test
hysets_07056515,7060047060,0,test
hysets_07056700,7060047060,0,test
hysets_07057500,7060047060,0,test
hysets_07058000,7060047060,0,test
hysets_07061900,7060047060,0,test
hysets_07064533,7060047060,0,test
hysets_07065200,7060047060,0,test
hysets_07065495,7060047060,0,test
hysets_07066000,7060047060,0,test
hysets_07067000,7060047060,0,test
hysets_07068000,7060047060,0,test
hysets_07069305,7060047060,0,test
hysets_07069500,7060047060,0,test
hysets_07071500,7060047060,0,test
hysets_07072000,7060047060,0,test
hysets_07072500,7060047060,0,test
hysets_07074420,7060047060,0,test
hysets_07074850,7060047060,0,test
hysets_07075000,7060047060,0,test
hysets_07076517,7060047060,0,test
hysets_07077380,7060047060,0,test
hysets_07096250,7060047060,0,test
hysets_07105600,7060047060,0,test
hysets_07105900,7060047060,0,test
hysets_07106000,7060047060,0,test
hysets_07116500,7060047060,0,test
hysets_07119500,7060047060,0,test
hysets_07121500,7060047060,0,test
hysets_07124200,7060047060,0,test
hysets_07126300,7060047060,0,test
hysets_07128500,7060047060,0,test
hysets_07140900,7060047060,0,test
hysets_07141200,7060047060,0,test
hysets_07141780,7060047060,0,test
hysets_07141900,7060047060,0,test
hysets_07142300,7060047060,0,test
hysets_07142575,7060047060,0,test
hysets_07143300,7060047060,0,test
hysets_07143672,7060047060,0,test
hysets_07144100,7060047060,0,test
hysets_07144200,7060047060,0,test
hysets_07144300,7060047060,0,test
hysets_07144550,7060047060,0,test
hysets_07144780,7060047060,0,test
hysets_07145200,7060047060,0,test
hysets_07145700,7060047060,0,test
hysets_07148400,7060047060,0,test
hysets_07149000,7060047060,0,test
hysets_07151500,7060047060,0,test
hysets_07157940,7060047060,0,test
hysets_07165750,7060047060,0,test
hysets_07167500,7060047060,0,test
hysets_07169800,7060047060,0,test
hysets_07172000,7060047060,0,test
hysets_07184000,7060047060,0,test
hysets_07184500,7060047060,0,test
hysets_07185700,7060047060,0,test
hysets_07185765,7060047060,0,test
hysets_07186000,7060047060,0,test
hysets_07187000,7060047060,0,test
hysets_07187600,7060047060,0,test
hysets_07188653,7060047060,0,test
hysets_07188838,7060047060,0,test
hysets_07188885,7060047060,0,test
hysets_07191160,7060047060,0,test
hysets_07191179,7060047060,0,test
hysets_071912213,7060047060,0,test
hysets_07191222,7060047060,0,test
hysets_07194800,7060047060,0,test
hysets_07195400,7060047060,0,test
hysets_07195430,7060047060,0,test
hysets_07197360,7060047060,0,test
hysets_07203000,7060047060,0,test
hysets_07211500,7060047060,0,test
hysets_07216500,7060047060,0,test
hysets_07226500,7060047060,0,test
hysets_07227100,7060047060,0,test
hysets_07233500,7060047060,0,test
hysets_07249400,7060047060,0,test
hysets_07249920,7060047060,0,test
hysets_07257006,7060047060,0,test
hysets_07257500,7060047060,0,test
hysets_07258500,7060047060,0,test
hysets_07260673,7060047060,0,test
hysets_07261000,7060047060,0,test
hysets_07261500,7060047060,0,test
hysets_07263300,7060047060,0,test
hysets_07268000,7060047060,0,test
hysets_07274000,7060047060,0,test
hysets_07275900,7060047060,0,test
hysets_07283000,7060047060,0,test
hysets_07288955,7060047060,0,test
hysets_07289730,7060047060,0,test
hysets_07290000,7060047060,0,test
hysets_07291000,7060047060,0,test
hysets_07292500,7060047060,0,test
hysets_07295000,7060047060,0,test
hysets_07298500,7060047060,0,test
hysets_07299670,7060047060,0,test
hysets_07301410,7060047060,0,test
hysets_07308200,7060047060,0,test
hysets_07311700,7060047060,0,test
hysets_07311800,7060047060,0,test
hysets_07311900,7060047060,0,test
hysets_07315200,7060047060,0,test
hysets_07315700,7060047060,0,test
hysets_07332390,7060047060,0,test
hysets_07337900,7060047060,0,test
hysets_07338750,7060047060,0,test
hysets_07340300,7060047060,0,test
hysets_07343000,7060047060,0,test
hysets_07346045,7060047060,0,test
hysets_07346050,7060047060,0,test
hysets_07346070,7060047060,0,test
hysets_07348700,7060047060,0,test
hysets_07352000,7060047060,0,test
hysets_07356000,7060047060,0,test
hysets_07359002,7060047060,0,test
hysets_07359610,7060047060,0,test
hysets_07361500,7060047060,0,test
hysets_07362100,7060047060,0,test
hysets_07363000,7060047060,0,test
hysets_07363200,7060047060,0,test
hysets_07363400,7060047060,0,test
hysets_07363500,7060047060,0,test
hysets_07364133,7060047060,0,test
hysets_07364150,7060047060,0,test
hysets_07364300,7060047060,0,test
hysets_07367005,7060047060,0,test
hysets_07372050,7060047060,0,test
hysets_07372200,7060047060,0,test
hysets_07375280,7060046900,4,train
hysets_07375500,7060046900,4,train
hysets_07376000,7060046900,4,train
hysets_07377000,7060046900,4,train
hysets_07378500,7060046900,4,train
hysets_07382000,7060047480,3,train
hysets_08013000,7060047800,1,val
hysets_08013500,7060047800,1,val
hysets_08014500,7060047800,1,val
hysets_08014800,7060047800,1,val
hysets_08023080,7060047850,2,train
hysets_08025500,7060047850,2,train
hysets_08028000,7060047850,2,train
hysets_08033900,7060047850,2,train
hysets_08040600,7060047850,2,train
hysets_08041500,7060047850,2,train
hysets_08041749,7060047850,2,train
hysets_08041780,7060047850,2,train
hysets_08048800,7060047970,1,val
hysets_08048970,7060047970,1,val
hysets_08061540,7060047970,1,val
hysets_08064700,7060047970,1,val
hysets_08065200,7060047970,1,val
hysets_08065800,7060047970,1,val
hysets_08066200,7060047970,1,val
hysets_08066300,7060047970,1,val
hysets_08068000,7060047980,2,train
hysets_08068275,7060047980,2,train
hysets_08068500,7060047980,2,train
hysets_08068720,7060047980,2,train
hysets_08070200,7060047980,2,train
hysets_08071000,7060047980,2,train
hysets_08080700,7060048300,1,val
hysets_08082700,7060048300,1,val
hysets_08084800,7060048300,1,val
hysets_08086050,7060048300,1,val
hysets_08086212,7060048300,1,val
hysets_08095300,7060048300,1,val
hysets_08101000,7060048300,1,val
hysets_0810464660,7060048300,1,val
hysets_08104900,7060048300,1,val
hysets_08105095,7060048300,1,val
hysets_08109700,7060048300,1,val
hysets_08110100,7060048300,1,val
hysets_08110430,7060048300,1,val
hysets_08111700,7060048300,1,val
hysets_08120500,7060048410,1,val
hysets_08123800,7060048410,1,val
hysets_08130700,7060048410,1,val
hysets_08131400,7060048410,1,val
hysets_08134000,7060048410,1,val
hysets_08148500,7060048410,1,val
hysets_08150000,7060048410,1,val
hysets_08150700,7060048410,1,val
hysets_08150800,7060048410,1,val
hysets_08152000,7060048410,1,val
hysets_08152900,7060048410,1,val
hysets_08155300,7060048410,1,val
hysets_08155400,7060048410,1,val
hysets_08158600,7060048410,1,val
hysets_08158700,7060048410,1,val
hysets_08158827,7060048410,1,val
hysets_08159000,7060048410,1,val
hysets_08164000,7060048480,2,train
hysets_08164300,7060048480,2,train
hysets_08164390,7060048480,2,train
hysets_08164450,7060048480,2,train
hysets_08165300,7060048620,4,train
hysets_08165500,7060048620,4,train
hysets_08166000,7060048620,4,train
hysets_08166140,7060048620,4,train
hysets_08166250,7060048620,4,train
hysets_08167500,7060048620,4,train
hysets_08168797,7060048620,4,train
hysets_08170500,7060048620,4,train
hysets_08171000,7060048620,4,train
hysets_08171300,7060048620,4,train
hysets_08174600,7060048620,4,train
hysets_08175000,7060048620,4,train
hysets_08176900,7060048620,4,train
hysets_08178880,7060048620,4,train
hysets_08185065,7060048620,4,train
hysets_08185100,7060048620,4,train
hysets_08189300,7060048630,1,val
hysets_08189500,7060048630,1,val
hysets_08190500,7060048860,1,val
hysets_08194200,7060048860,1,val
hysets_08195000,7060048860,1,val
hysets_08196000,7060048860,1,val
hysets_08198000,7060048860,1,val
hysets_08198500,7060048860,1,val
hysets_08200000,7060048860,1,val
hysets_08202700,7060048860,1,val
hysets_08205500,7060048860,1,val
hysets_08206600,7060048860,1,val
hysets_08207500,7060048860,1,val
hysets_08210400,7060048860,1,val
hysets_08212400,7060048870,1,val
hysets_08247500,7060049270,4,train
hysets_08279000,7060049270,4,train
hysets_08284100,7060049270,4,train
hysets_08289000,7060049270,4,train
hysets_08291000,7060049270,4,train
hysets_08378500,7060049270,4,train
hysets_08379500,7060049270,4,train
hysets_08390500,7060049270,4,train
hysets_08397620,7060049270,4,train
hysets_08398500,7060049270,4,train
hysets_08401200,7060049270,4,train
hysets_08401900,7060049270,4,train
hysets_08405150,7060049270,4,train
hysets_08405500,7060049270,4,train
hysets_08408500,7060049270,4,train
hysets_08433000,7060049270,4,train
hysets_08447020,7060049270,4,train
hysets_08447300,7060049270,4,train
hysets_08481500,7060049270,4,train
hysets_08CD001,7060020090,3,train
hysets_08CE001,7060020090,3,train
hysets_08CG001,7060020090,3,train
hysets_08DB001,7060019190,1,val
hysets_08EB004,7060019010,4,train
hysets_08EC013,7060019010,4,train
hysets_08ED001,7060019010,4,train
hysets_08ED002,7060019010,4,train
hysets_08EE003,7060019010,4,train
hysets_08EE020,7060019010,4,train
hysets_08EF001,7060019010,4,train
hysets_08EG012,7060019010,4,train
hysets_08FB004,7060017930,2,train
hysets_08FB006,7060017930,2,train
hysets_08FC003,7060018020,3,train
hysets_08FE003,7060018610,2,train
hysets_08FF001,7060018780,4,train
hysets_08FF002,7060018780,4,train
hysets_08FF003,7060018780,4,train
hysets_08GA071,7060016270,3,train
hysets_08GA072,7060016270,3,train
hysets_08GA075,7060016270,3,train
hysets_08GB013,7060016270,3,train
hysets_08GD004,7060016850,3,train
hysets_08GD008,7060016850,3,train
hysets_08GE002,7060017140,1,val
hysets_08GF007,7060017150,4,train
hysets_08HA001,7060056770,1,val
hysets_08HA010,7060056770,1,val
hysets_08HB074,7060056770,1,val
hysets_08HF005,7060056620,4,train
hysets_08JB002,7060016260,3,train
hysets_08JB003,7060016260,3,train
hysets_08JE001,7060016260,3,train
hysets_08KA001,7060016260,3,train
hysets_08KA004,7060016260,3,train
hysets_08KA005,7060016260,3,train
hysets_08KA007,7060016260,3,train
hysets_08KA009,7060016260,3,train
hysets_08KA013,7060016260,3,train
hysets_08KB001,7060016260,3,train
hysets_08KB003,7060016260,3,train
hysets_08KC001,7060016260,3,train
hysets_08KD007,7060016260,3,train
hysets_08KE016,7060016260,3,train
hysets_08KE024,7060016260,3,train
hysets_08KG001,7060016260,3,train
hysets_08KH001,7060016260,3,train
hysets_08KH006,7060016260,3,train
hysets_08KH010,7060016260,3,train
hysets_08KH019,7060016260,3,train
hysets_08KH030,7060016260,3,train
hysets_08KH031,7060016260,3,train
hysets_08LA001,7060016260,3,train
hysets_08LA027,7060016260,3,train
hysets_08LB020,7060016260,3,train
hysets_08LB038,7060016260,3,train
hysets_08LB047,7060016260,3,train
hysets_08LB064,7060016260,3,train
hysets_08LB069,7060016260,3,train
hysets_08LB076,7060016260,3,train
hysets_08LD001,7060016260,3,train
hysets_08LE024,7060016260,3,train
hysets_08LE027,7060016260,3,train
hysets_08LE031,7060016260,3,train
hysets_08LF051,7060016260,3,train
hysets_08LG008,7060016260,3,train
hysets_08MA001,7060016260,3,train
hysets_08MA002,7060016260,3,train
hysets_08MA003,7060016260,3,train
hysets_08MB006,7060016260,3,train
hysets_08ME025,7060016260,3,train
hysets_08ME027,7060016260,3,train
hysets_08MF065,7060016260,3,train
hysets_08MF068,7060016260,3,train
hysets_08MG001,7060016260,3,train
hysets_08MG005,7060016260,3,train
hysets_08MG013,7060016260,3,train
hysets_08MH001,7060016260,3,train
hysets_08MH016,7060016260,3,train
hysets_08MH056,7060016260,3,train
hysets_08MH103,7060016260,3,train
hysets_08NA002,7060014930,1,val
hysets_08NA006,7060014930,1,val
hysets_08NB005,7060014930,1,val
hysets_08NB012,7060014930,1,val
hysets_08NB014,7060014930,1,val
hysets_08NC004,7060014930,1,val
hysets_08ND012,7060014930,1,val
hysets_08ND013,7060014930,1,val
hysets_08NE006,7060014930,1,val
hysets_08NE039,7060014930,1,val
hysets_08NE074,7060014930,1,val
hysets_08NE110,7060014930,1,val
hysets_08NG065,7060014930,1,val
hysets_08NG077,7060014930,1,val
hysets_08NH005,7060014930,1,val
hysets_08NH007,7060014930,1,val
hysets_08NH119,7060014930,1,val
hysets_08NJ013,7060014930,1,val
hysets_08NJ160,7060014930,1,val
hysets_08NK002,7060014930,1,val
hysets_08NK016,7060014930,1,val
hysets_08NK018,7060014930,1,val
hysets_08NK022,7060014930,1,val
hysets_08NL004,7060014930,1,val
hysets_08NL007,7060014930,1,val
hysets_08NL024,7060014930,1,val
hysets_08NL038,7060014930,1,val
hysets_08NL050,7060014930,1,val
hysets_08NL069,7060014930,1,val
hysets_08NL076,7060014930,1,val
hysets_08NN002,7060014930,1,val
hysets_08NN019,7060014930,1,val
hysets_08NN023,7060014930,1,val
hysets_09070000,7060008710,4,train
hysets_09081600,7060008710,4,train
hysets_09107000,7060008710,4,train
hysets_09112200,7060008710,4,train
hysets_09112500,7060008710,4,train
hysets_09119000,7060008710,4,train
hysets_09124500,7060008710,4,train
hysets_09146020,7060008710,4,train
hysets_09146200,7060008710,4,train
hysets_09165000,7060008710,4,train
hysets_09166500,7060008710,4,train
hysets_09196500,7060008710,4,train
hysets_09239500,7060008710,4,train
hysets_09242500,7060008710,4,train
hysets_09246200,7060008710,4,train
hysets_09253000,7060008710,4,train
hysets_09255000,7060008710,4,train
hysets_09260000,7060008710,4,train
hysets_09266500,7060008710,4,train
hysets_09292000,7060008710,4,train
hysets_09292500,7060008710,4,train
hysets_09299500,7060008710,4,train
hysets_09304200,7060008710,4,train
hysets_09304500,7060008710,4,train
hysets_09304800,7060008710,4,train
hysets_09306222,7060008710,4,train
hysets_09306255,7060008710,4,train
hysets_09326500,7060008710,4,train
hysets_09330500,7060008710,4,train
hysets_09342500,7060008710,4,train
hysets_09349800,7060008710,4,train
hysets_09361500,7060008710,4,train
hysets_09371000,7060008710,4,train
hysets_09371520,7060008710,4,train
hysets_09372000,7060008710,4,train
hysets_09379200,7060008710,4,train
hysets_09381800,7060008710,4,train
hysets_09382000,7060008710,4,train
hysets_09385700,7060008710,4,train
hysets_09386900,7060008710,4,train
hysets_09399400,7060008710,4,train
hysets_09400350,7060008710,4,train
hysets_09401260,7060008710,4,train
hysets_09403600,7060008710,4,train
hysets_09404208,7060008710,4,train
hysets_09404222,7060008710,4,train
hysets_09404343,7060008710,4,train
hysets_09404450,7060008710,4,train
hysets_09405500,7060008710,4,train
hysets_09406000,7060008710,4,train
hysets_09406100,7060008710,4,train
hysets_09408135,7060008710,4,train
hysets_09424447,7060008710,4,train
hysets_09424900,7060008710,4,train
hysets_09430600,7060008710,4,train
hysets_09432000,7060008710,4,train
hysets_09442000,7060008710,4,train
hysets_09444000,7060008710,4,train
hysets_09444200,7060008710,4,train
hysets_09444500,7060008710,4,train
hysets_09447000,7060008710,4,train
hysets_09447800,7060008710,4,train
hysets_09466500,7060008710,4,train
hysets_09468500,7060008710,4,train
hysets_09470500,7060008710,4,train
hysets_09471000,7060008710,4,train
hysets_09471400,7060008710,4,train
hysets_09471550,7060008710,4,train
hysets_09472050,7060008710,4,train
hysets_09473000,7060008710,4,train
hysets_09481740,7060008710,4,train
hysets_09482000,7060008710,4,train
hysets_09484500,7060008710,4,train
hysets_09484600,7060008710,4,train
hysets_09485450,7060008710,4,train
hysets_09485700,7060008710,4,train
hysets_09486055,7060008710,4,train
hysets_09486350,7060008710,4,train
hysets_09486500,7060008710,4,train
hysets_09486520,7060008710,4,train
hysets_09486800,7060008710,4,train
hysets_09487000,7060008710,4,train
hysets_09489500,7060008710,4,train
hysets_09490500,7060008710,4,train
hysets_09494000,7060008710,4,train
hysets_09496500,7060008710,4,train
hysets_09497500,7060008710,4,train
hysets_09497800,7060008710,4,train
hysets_09497980,7060008710,4,train
hysets_09498400,7060008710,4,train
hysets_09499000,7060008710,4,train
hysets_09502800,7060008710,4,train
hysets_09503700,7060008710,4,train
hysets_09504000,7060008710,4,train
hysets_09504500,7060008710,4,train
hysets_09505350,7060008710,4,train
hysets_09505800,7060008710,4,train
hysets_09506000,7060008710,4,train
hysets_09507980,7060008710,4,train
hysets_09508500,7060008710,4,train
hysets_09510200,7060008710,4,train
hysets_09512450,7060008710,4,train
hysets_09512500,7060008710,4,train
hysets_09512800,7060008710,4,train
hysets_09513780,7060008710,4,train
hysets_09513860,7060008710,4,train
hysets_09516500,7060008710,4,train
hysets_09517000,7060008710,4,train
hysets_09520280,7060008710,4,train
hysets_09537500,7060007830,4,train
hysets_10011500,7060073620,3,train
hysets_10023000,7060073620,3,train
hysets_10105900,7060073620,3,train
hysets_10109000,7060073620,3,train
hysets_10109001,7060073620,3,train
hysets_10113500,7060073620,3,train
hysets_10128500,7060073620,3,train
hysets_10131000,7060073620,3,train
hysets_10137000,7060073620,3,train
hysets_10174500,7060073650,2,train
hysets_10194200,7060073650,2,train
hysets_10205030,7060073650,2,train
hysets_10242000,7060073650,2,train
hysets_10258500,7060008710,4,train
hysets_10259100,7060008710,4,train
hysets_10260500,7060073800,4,train
hysets_10270885,7060073840,1,val
hysets_10270940,7060073840,1,val
hysets_10296500,7060073830,2,train
hysets_10321590,7060073630,4,train
hysets_10321940,7060073630,4,train
hysets_10321950,7060073630,4,train
hysets_10322150,7060073630,4,train
hysets_10329500,7060073630,4,train
hysets_10396000,7060073780,3,train
hysets_11028500,7060012280,2,train
hysets_11042400,7060012280,2,train
hysets_11044300,7060012280,2,train
hysets_11046000,7060012280,2,train
hysets_11046300,7060012280,2,train
hysets_11046530,7060012280,2,train
hysets_11047300,7060012280,2,train
hysets_11057500,7060012590,2,train
hysets_11070270,7060012590,2,train
hysets_11097000,7060012600,1,val
hysets_11113000,7060012600,1,val
hysets_11123500,7060012600,1,val
hysets_11124500,7060012600,1,val
hysets_11132500,7060012600,1,val
hysets_11133000,7060012600,1,val
hysets_11136100,7060012600,1,val
hysets_11136800,7060012950,1,val
hysets_11137900,7060012950,1,val
hysets_11140000,7060012950,1,val
hysets_11140585,7060012950,1,val
hysets_11143250,7060012960,2,train
hysets_11147500,7060013170,4,train
hysets_11149900,7060013170,4,train
hysets_11151300,7060013170,4,train
hysets_11151700,7060013170,4,train
hysets_11152000,7060013170,4,train
hysets_11152050,7060013170,4,train
hysets_11153000,7060013180,4,train
hysets_11156500,7060013180,4,train
hysets_11157500,7060013180,4,train
hysets_11158600,7060013180,4,train
hysets_11159000,7060013180,4,train
hysets_11160000,7060013180,4,train
hysets_11161000,7060013180,4,train
hysets_11162570,7060013180,4,train
hysets_11176400,7060013180,4,train
hysets_11186001,7060013550,3,train
hysets_11189500,7060013550,3,train
hysets_11214600,7060013550,3,train
hysets_11216200,7060013550,3,train
hysets_11216500,7060013550,3,train
hysets_11218400,7060013550,3,train
hysets_11230500,7060013550,3,train
hysets_11231600,7060013550,3,train
hysets_11234750,7060013550,3,train
hysets_11246700,7060013550,3,train
hysets_11253310,7060013550,3,train
hysets_11264500,7060013550,3,train
hysets_11266500,7060013550,3,train
hysets_11270900,7060013550,3,train
hysets_11274500,7060013550,3,train
hysets_11274790,7060013550,3,train
hysets_11276600,7060013550,3,train
hysets_11276900,7060013550,3,train
hysets_11277300,7060013550,3,train
hysets_11278400,7060013550,3,train
hysets_11289650,7060013550,3,train
hysets_11289651,7060013550,3,train
hysets_11292900,7060013550,3,train
hysets_11295270,7060013550,3,train
hysets_11295300,7060013550,3,train
hysets_11302000,7060013550,3,train
hysets_11314500,7060013550,3,train
hysets_11316700,7060013550,3,train
hysets_11317000,7060013550,3,train
hysets_11318500,7060013550,3,train
hysets_11335000,7060013550,3,train
hysets_11342000,7060013550,3,train
hysets_11367500,7060013550,3,train
hysets_11367760,7060013550,3,train
hysets_11367800,7060013550,3,train
hysets_11374000,7060013550,3,train
hysets_11376000,7060013550,3,train
hysets_11376460,7060013550,3,train
hysets_11376550,7060013550,3,train
hysets_11377100,7060013550,3,train
hysets_11379500,7060013550,3,train
hysets_11381500,7060013550,3,train
hysets_11383500,7060013550,3,train
hysets_11389500,7060013550,3,train
hysets_11390500,7060013550,3,train
hysets_11396200,7060013550,3,train
hysets_11402000,7060013550,3,train
hysets_11413000,7060013550,3,train
hysets_11413517,7060013550,3,train
hysets_11418000,7060013550,3,train
hysets_11421000,7060013550,3,train
hysets_11428800,7060013550,3,train
hysets_11433300,7060013550,3,train
hysets_11441900,7060013550,3,train
hysets_11451100,7060013550,3,train
hysets_11451715,7060013550,3,train
hysets_11453500,7060013550,3,train
hysets_11458500,7060013560,2,train
hysets_11461500,7060013560,2,train
hysets_11463500,7060013560,2,train
hysets_11465750,7060013560,2,train
hysets_11466320,7060013560,2,train
hysets_11466800,7060013560,2,train
hysets_11467200,7060013560,2,train
hysets_11467510,7060013560,2,train
hysets_11467553,7060013560,2,train
hysets_11468000,7060013560,2,train
hysets_11469000,7060013560,2,train
hysets_11471500,7060014040,4,train
hysets_11473900,7060014040,4,train
hysets_11475800,7060014040,4,train
hysets_11476500,7060014040,4,train
hysets_11477000,7060014040,4,train
hysets_11478500,7060014040,4,train
hysets_11480410,7060014050,1,val
hysets_11481200,7060014050,1,val
hysets_11481500,7060014050,1,val
hysets_11482500,7060014050,1,val
hysets_11493500,7060014200,1,val
hysets_11501000,7060014200,1,val
hysets_11502500,7060014200,1,val
hysets_11519500,7060014200,1,val
hysets_11521500,7060014200,1,val
hysets_11522500,7060014200,1,val
hysets_11523200,7060014200,1,val
hysets_11528700,7060014200,1,val
hysets_11532500,7060014210,1,val
hysets_11AE009,7060047060,0,test
hysets_12013500,7060014940,3,train
hysets_12020000,7060015090,1,val
hysets_12025000,7060015090,1,val
hysets_12026150,7060015090,1,val
hysets_12026400,7060015090,1,val
hysets_12027500,7060015090,1,val
hysets_12031000,7060015090,1,val
hysets_12035000,7060015090,1,val
hysets_12037400,7060015090,1,val
hysets_12039500,7060015100,2,train
hysets_12040500,7060015100,2,train
hysets_12041200,7060015100,2,train
hysets_12043000,7060015100,2,train
hysets_12054000,7060015100,2,train
hysets_12056500,7060015100,2,train
hysets_12082500,7060015100,2,train
hysets_12087000,7060015100,2,train
hysets_12096500,7060015900,1,val
hysets_12097500,7060015900,1,val
hysets_12097850,7060015900,1,val
hysets_12099200,7060015900,1,val
hysets_12100490,7060015900,1,val
hysets_12101500,7060015900,1,val
hysets_12134500,7060016000,1,val
hysets_12137800,7060016000,1,val
hysets_12141300,7060016000,1,val
hysets_12144000,7060016000,1,val
hysets_12144500,7060016000,1,val
hysets_12149000,7060016000,1,val
hysets_12150800,7060016000,1,val
hysets_12167000,7060016010,4,train
hysets_12175500,7060016090,4,train
hysets_12179900,7060016090,4,train
hysets_12182500,7060016090,4,train
hysets_12186000,7060016090,4,train
hysets_12189500,7060016090,4,train
hysets_12193400,7060016090,4,train
hysets_12200500,7060016090,4,train
hysets_12201500,7060016100,4,train
hysets_12205000,7060016100,4,train
hysets_12208000,7060016100,4,train
hysets_12210000,7060016100,4,train
hysets_12210700,7060016100,4,train
hysets_12213100,7060016100,4,train
hysets_12302055,7060014930,1,val
hysets_12323600,7060014930,1,val
hysets_12323760,7060014930,1,val
hysets_12323770,7060014930,1,val
hysets_12324200,7060014930,1,val
hysets_12324400,7060014930,1,val
hysets_12324590,7060014930,1,val
hysets_12324680,7060014930,1,val
hysets_12330000,7060014930,1,val
hysets_12331500,7060014930,1,val
hysets_12331800,7060014930,1,val
hysets_12332000,7060014930,1,val
hysets_12334510,7060014930,1,val
hysets_12334550,7060014930,1,val
hysets_12335100,7060014930,1,val
hysets_12335500,7060014930,1,val
hysets_12338300,7060014930,1,val
hysets_12340000,7060014930,1,val
hysets_12340500,7060014930,1,val
hysets_12344000,7060014930,1,val
hysets_12352500,7060014930,1,val
hysets_12353000,7060014930,1,val
hysets_12354000,7060014930,1,val
hysets_12354500,7060014930,1,val
hysets_12358500,7060014930,1,val
hysets_12365700,7060014930,1,val
hysets_12370000,7060014930,1,val
hysets_12389500,7060014930,1,val
hysets_12392155,7060014930,1,val
hysets_12392300,7060014930,1,val
hysets_12396500,7060014930,1,val
hysets_12409000,7060014930,1,val
hysets_12411000,7060014930,1,val
hysets_12413000,7060014930,1,val
hysets_12413210,7060014930,1,val
hysets_12413470,7060014930,1,val
hysets_12413500,7060014930,1,val
hysets_12413860,7060014930,1,val
hysets_12413875,7060014930,1,val
hysets_12414500,7060014930,1,val
hysets_12414900,7060014930,1,val
hysets_12424000,7060014930,1,val
hysets_12433200,7060014930,1,val
hysets_12434590,7060014930,1,val
hysets_12445900,7060014930,1,val
hysets_12447383,7060014930,1,val
hysets_12448000,7060014930,1,val
hysets_12448500,7060014930,1,val
hysets_12448998,7060014930,1,val
hysets_12449500,7060014930,1,val
hysets_12449950,7060014930,1,val
hysets_12451000,7060014930,1,val
hysets_12452500,7060014930,1,val
hysets_12452800,7060014930,1,val
hysets_12452890,7060014930,1,val
hysets_12452990,7060014930,1,val
hysets_12456500,7060014930,1,val
hysets_12457000,7060014930,1,val
hysets_12458000,7060014930,1,val
hysets_12459000,7060014930,1,val
hysets_12462500,7060014930,1,val
hysets_12464800,7060014930,1,val
hysets_12465000,7060014930,1,val
hysets_12465400,7060014930,1,val
hysets_12467000,7060014930,1,val
hysets_12488500,7060014930,1,val
hysets_12502500,7060014930,1,val
hysets_12506000,7060014930,1,val
hysets_12508990,7060014930,1,val
hysets_13010065,7060014930,1,val
hysets_13011000,7060014930,1,val
hysets_13011500,7060014930,1,val
hysets_13011900,7060014930,1,val
hysets_13018750,7060014930,1,val
hysets_13022500,7060014930,1,val
hysets_13023000,7060014930,1,val
hysets_13046995,7060014930,1,val
hysets_13135500,7060014930,1,val
hysets_13137500,7060014930,1,val
hysets_13153500,7060014930,1,val
hysets_13171620,7060014930,1,val
hysets_13185000,7060014930,1,val
hysets_13186000,7060014930,1,val
hysets_13235000,7060014930,1,val
hysets_13237920,7060014930,1,val
hysets_13295000,7060014930,1,val
hysets_13296500,7060014930,1,val
hysets_13297355,7060014930,1,val
hysets_13302500,7060014930,1,val
hysets_13307000,7060014930,1,val
hysets_13309220,7060014930,1,val
hysets_13310199,7060014930,1,val
hysets_13310700,7060014930,1,val
hysets_13317000,7060014930,1,val
hysets_13331500,7060014930,1,val
hysets_13333000,7060014930,1,val
hysets_13335050,7060014930,1,val
hysets_13336500,7060014930,1,val
hysets_13337000,7060014930,1,val
hysets_13338500,7060014930,1,val
hysets_13339500,7060014930,1,val
hysets_13340000,7060014930,1,val
hysets_13340600,7060014930,1,val
hysets_13344500,7060014930,1,val
hysets_13345000,7060014930,1,val
hysets_13351000,7060014930,1,val
hysets_14013000,7060014930,1,val
hysets_14018500,7060014930,1,val
hysets_14020000,7060014930,1,val
hysets_14020300,7060014930,1,val
hysets_14020850,7060014930,1,val
hysets_14038530,7060014930,1,val
hysets_14044000,7060014930,1,val
hysets_14046000,7060014930,1,val
hysets_14046500,7060014930,1,val
hysets_14046778,7060014930,1,val
hysets_14048000,7060014930,1,val
hysets_14091500,7060014930,1,val
hysets_14093000,7060014930,1,val
hysets_14096850,7060014930,1,val
hysets_14097100,7060014930,1,val
hysets_14107000,7060014930,1,val
hysets_14111400,7060014930,1,val
hysets_14113000,7060014930,1,val
hysets_14137000,7060014930,1,val
hysets_14158500,7060014930,1,val
hysets_14159200,7060014930,1,val
hysets_14165000,7060014930,1,val
hysets_14171000,7060014930,1,val
hysets_14178000,7060014930,1,val
hysets_14182500,7060014930,1,val
hysets_14185000,7060014930,1,val
hysets_14185900,7060014930,1,val
hysets_14190500,7060014930,1,val
hysets_14197900,7060014930,1,val
hysets_14200000,7060014930,1,val
hysets_14201340,7060014930,1,val
hysets_14202000,7060014930,1,val
hysets_14211010,7060014930,1,val
hysets_14216000,7060014930,1,val
hysets_14216500,7060014930,1,val
hysets_14219000,7060014930,1,val
hysets_14222500,7060014930,1,val
hysets_14231000,7060014930,1,val
hysets_14231900,7060014930,1,val
hysets_14236200,7060014930,1,val
hysets_14242580,7060014930,1,val
hysets_14243000,7060014930,1,val
hysets_14301500,7060014530,3,train
hysets_14306500,7060014530,3,train
hysets_14307620,7060014530,3,train
hysets_14308000,7060014520,2,train
hysets_14309500,7060014520,2,train
hysets_14312000,7060014520,2,train
hysets_14316700,7060014520,2,train
hysets_14318000,7060014520,2,train
hysets_14319500,7060014520,2,train
hysets_14321000,7060014520,2,train
hysets_14325000,7060014440,1,val
hysets_14328000,7060014340,1,val
hysets_14338000,7060014340,1,val
hysets_14375100,7060014340,1,val
hysets_14377100,7060014340,1,val
hysets_394839104570300,7060047060,0,test
il_14120,2060000360,2,train
il_15120,2060000360,2,train
il_17110,2060000360,2,train
il_17117,2060000360,2,train
il_17135,2060000360,2,train
il_17144,2060000360,2,train
il_17155,2060000360,2,train
il_17162,2060000360,2,train
il_17164,2060000360,2,train
il_17168,2060000360,2,train
il_18115,2060000360,2,train
il_18125,2060000360,2,train
il_18131,2060000360,2,train
il_18150,2060000360,2,train
il_18178,2060000360,2,train
il_18180,2060000360,2,train
il_19130,2060000360,2,train
il_19160,2060000360,2,train
il_19178,2060000360,2,train
il_2105,2060000360,2,train
il_21105,2060000360,2,train
il_21120,2060000360,2,train
il_21130,2060000360,2,train
il_23103,2060000350,4,train
il_23105,2060000350,4,train
il_23134,2060000350,4,train
il_23137,2060000350,4,train
il_23150,2060000350,4,train
il_23160,2060000350,4,train
il_25191,2060000240,4,train
il_30120,2060085720,1,val
il_30124,2060085720,1,val
il_30128,2060085720,1,val
il_30131,2060085720,1,val
il_30145,2060085720,1,val
il_30155,2060085720,1,val
il_30165,2060085720,1,val
il_30170,2060085720,1,val
il_30175,2060085720,1,val
il_31110,2060085720,1,val
il_31115,2060085720,1,val
il_31155,2060085720,1,val
il_31160,2060085720,1,val
il_31163,2060085720,1,val
il_31165,2060085720,1,val
il_38175,2060085720,1,val
il_4110,2060000360,2,train
il_48125,2060085720,1,val
il_48130,2060085720,1,val
il_48185,2060085720,1,val
il_48192,2060085720,1,val
il_5110,2060000360,2,train
il_55106,2060085720,1,val
il_55140,2060085720,1,val
il_55165,2060085720,1,val
il_56140,2060085720,1,val
il_56150,2060085720,1,val
il_56164,2060085720,1,val
il_57125,2060085720,1,val
il_57130,2060085720,1,val
il_57160,2060085720,1,val
il_57165,2060085720,1,val
il_57180,2060085720,1,val
il_57190,2060085720,1,val
il_58150,2060085720,1,val
il_58175,2060085720,1,val
il_59185,2060085720,1,val
il_59195,2060085720,1,val
il_60105,2060084740,1,val
il_60110,2060084740,1,val
il_60140,2060084740,1,val
il_60150,2060084740,1,val
il_60170,2060084740,1,val
il_60190,2060084750,1,val
il_7105,2060000360,2,train
il_8146,2060000360,2,train
il_8155,2060000360,2,train
lamahice_104,2060059250,3,train
lamahice_12,2060057310,3,train
lamahice_15,2060058580,2,train
lamahice_20,2060059260,1,val
lamahice_26,2060057300,4,train
lamahice_3,2060057990,2,train
lamahice_33,2060058560,2,train
lamahice_38,2060059110,3,train
lamahice_39,2060057170,3,train
lamahice_43,2060058560,2,train
lamahice_48,2060058580,2,train
lamahice_51,2060059250,3,train
lamahice_56,2060058580,2,train
lamahice_59,2060058320,4,train
lamahice_6,2060057870,4,train
lamahice_61,2060059260,1,val
lamahice_64,2060058260,1,val
lamahice_73,2060057870,4,train
lamahice_79,2060059310,2,train
lamahice_82,2060057170,3,train
lamahice_86,2060059250,3,train
lamahice_96,2060059250,3,train
