gauge_id,non_nan_count,non_nan_pct,dataset,gauge_lat,gauge_lon,gauge_name,country,area,main_bas_id,group_id,fold,split_role
GRDC_1159100,2695,81.96,grdc,-28.7563,17.7188,"ORANGE RIVER, VIOOLSDRIF (27811003)",South Africa,786037.2386959121,1060015850,4,4,train
GRDC_1159103,2632,80.05,grdc,-28.9604,19.1521,"ORANGE RIVER, PELLA MISSION",South Africa,764465.7176806229,1060015850,4,4,train
GRDC_1159110,2672,81.27,grdc,-31.803,20.356,"VISRIVIER-OOS, HARDEHEUWEL (27814003)",South Africa,1496.14091888198,1060015850,4,4,train
GRDC_1159120,2664,81.02,grdc,-31.822,20.578000000000003,"RENOSTERRIVIER, BONEKRAAL (27814011)",South Africa,1666.59062903599,1060015850,4,4,train
GRDC_1159301,2696,82.0,grdc,-29.6562,22.7437,"ORANGE RIVER, PRIESKA (27815102)",South Africa,320560.184561054,1060015850,4,4,train
GRDC_1159305,2685,81.66,grdc,-30.5354,24.9604,"SEEKOEIRIVIER, DE EERSTEPOORT",South Africa,8190.95358035607,1060015850,4,4,train
GRDC_1159320,2696,82.0,grdc,-29.6562,25.9771,"RIET, KROMDRAAI (27817212)",South Africa,2378.08648462918,1060015850,4,4,train
GRDC_1159330,2666,81.08,grdc,-29.0396,24.5979,"RIET, KLIPDRIFT",South Africa,25538.5871271011,1060015850,4,4,train
GRDC_1159335,2666,81.08,grdc,-29.0354,24.6438,"MODDER, TWEERIVIERE",South Africa,12888.4122246278,1060015850,4,4,train
GRDC_1159400,2668,81.14,grdc,-27.57,24.741,"HARTS, TAUNG (27817303)",South Africa,11207.2724579467,1060015850,4,4,train
GRDC_1159403,2694,81.93,grdc,-27.9021,24.6146,"HARTS, ESPAGSDRIF",South Africa,24474.7979402021,1060015850,4,4,train
GRDC_1159413,2696,82.0,grdc,-27.9396,26.1187,"VETRIVIER, FIZANTKRAAL",South Africa,15895.9551195297,1060015850,4,4,train
GRDC_1159415,2665,81.05,grdc,-28.1438,26.4146,"VETRIVIER, VAALKOPPIES",South Africa,7026.52817351504,1060015850,4,4,train
GRDC_1159450,2681,81.54,grdc,-28.7104,24.0729,"VAAL RIVER, SCHMIDTSDRIF",South Africa,152687.400369953,1060015850,4,4,train
GRDC_1159535,2696,82.0,grdc,-27.3896,26.4646,"VAAL RIVER, KLIPPLAATDRIFT",South Africa,80192.166675224,1060015850,4,4,train
GRDC_1159555,2647,80.5,grdc,-26.7396,27.5896,"VAAL RIVER, WOODLANDS",South Africa,47286.6281098935,1060015850,4,4,train
GRDC_1159601,2631,80.02,grdc,-30.998,26.362,"WONDERBOOMSPRUIT, DIEPKLOOF (27819101)",South Africa,2368.0209162326,1060015850,4,4,train
GRDC_1159650,2684,81.63,grdc,-30.683000000000003,26.71,"ORANGE RIVER, ALIWAL NOORD (27819103)",South Africa,36754.7138959302,1060015850,4,4,train
GRDC_1159651,2696,82.0,grdc,-30.341,27.367,"ORANGE RIVER, ORANJEDRAAI (27819109)",South Africa,24525.8590421669,1060015850,4,4,train
GRDC_1159660,2651,80.63,grdc,-30.8313,26.9229,"KRAAIRIVIER, ROODEWAL (27819111)",South Africa,8586.88318444692,1060015850,4,4,train
GRDC_1159670,2694,81.93,grdc,-28.694000000000003,28.236,"LITTLE CALEDON RIVER, THE POPLARS (27818012)",South Africa,512.602559853043,1060015850,4,4,train
GRDC_1159673,2694,81.93,grdc,-28.8854,27.8896,"CALEDON RIVER, FICKSBURG",South Africa,3908.22183805354,1060015850,4,4,train
GRDC_1159675,2692,81.87,grdc,-29.6146,27.0646,"CALEDON RIVER, WILGERDRAAI",South Africa,12915.1170703144,1060015850,4,4,train
GRDC_1159805,2696,82.0,grdc,-27.2771,28.4854,"WILGERIVIER, FRANKFORT",South Africa,15633.7881511715,1060015850,4,4,train
GRDC_1159820,2665,81.05,grdc,-27.848000000000003,28.954,"CORNELISRIVIER, C8H003 (27817803)",South Africa,872.368216133876,1060015850,4,4,train
GRDC_1159825,2696,82.0,grdc,-28.081,28.843000000000004,"VAALBANKSPRUIT, VOORSPOED (27817812)",South Africa,389.336293411324,1060015850,4,4,train
GRDC_1160095,2696,82.0,grdc,-33.0896,19.2188,"OLIFANTS, VISGAT",South Africa,157.96806071945102,1060015560,4,4,train
GRDC_1160102,2632,80.05,grdc,-34.0812,20.1438,"RIVIERSONDEREND, REENEN",South Africa,2002.14535697444,1060014930,2,2,train
GRDC_1160115,2696,82.0,grdc,-34.407,19.598,"KLEINRIVIER, HAGEDISBERG OUTSPAN (27711206)",South Africa,603.293134426681,1060015030,3,3,train
GRDC_1160220,2643,80.38,grdc,-32.783,19.275,"LEEURIVIER, LEEUW (27712207)",South Africa,289.57634845285304,1060015560,4,4,train
GRDC_1160230,2692,81.87,grdc,-32.2104,18.9354,"JAN DISSELSRIVIER, CLANWILLIAM (27712306)",South Africa,190.788410285961,1060015560,4,4,train
GRDC_1160235,2693,81.9,grdc,-31.8646,18.6854,"DORINGRIVIER, MELKBOOM",South Africa,24011.5430222584,1060015560,4,4,train
GRDC_1160240,2661,80.93,grdc,-33.186,19.155,"KLEIN-BERGRIVIER, MOUNTAIN VIEW (27711421)",South Africa,22.6422923430018,1060015390,1,1,val
GRDC_1160245,2638,80.23,grdc,-33.131,19.068,"VIER-EN-TWINTIG-RIVIERE, DRI-DAS-BOSCH (27711428)",South Africa,181.686676132196,1060015390,1,1,val
GRDC_1160250,2696,82.0,grdc,-33.4646,18.7396,"DIEPRIVIER, MALMESBURY (27711312)",South Africa,235.384367786052,1060015030,3,3,train
GRDC_1160263,2696,82.0,grdc,-33.7062,18.9771,"BERGRIVIER, DALJOSAFAT",South Africa,635.721904731265,1060015390,1,1,val
GRDC_1160266,2696,82.0,grdc,-33.1312,18.8604,"BERGRIVIER, DRIEHEUVELS",South Africa,2973.2400571509,1060015390,1,1,val
GRDC_1160301,2688,81.75,grdc,-33.42,19.273,"BREE, CERES TOEKEN GEB.",South Africa,740.930749778914,1060014930,2,2,train
GRDC_1160320,2653,80.69,grdc,-32.5021,19.5354,"DORINGRIVIER, ELANDS DRIFT - ASPOORT (27712202)",South Africa,6868.491270481601,1060015560,4,4,train
GRDC_1160351,2696,82.0,grdc,-33.946,22.613000000000003,"TOUWSRIVIER, FARM 162 (27692705)",South Africa,81.6173875679465,1060014500,1,1,val
GRDC_1160360,2696,82.0,grdc,-33.358000000000004,19.722,"BOKRIVIER, LOT B (27693215)",South Africa,8.97976243146191,1060014920,4,4,train
GRDC_1160370,2696,82.0,grdc,-34.035,21.588,"WEYERSRIVIER, WEYERS RIVER (27693103)",South Africa,97.3635695274936,1060014920,4,4,train
GRDC_1160373,2696,82.0,grdc,-33.9813,21.6521,"GOURITZ, ZEEKOEDRIFT",South Africa,43471.4924777208,1060014920,4,4,train
GRDC_1160385,2639,80.26,grdc,-33.5438,22.9729,"WILGERIVIER, WILGEHOUTE RIVER (27693316)",South Africa,29.8657354937212,1060014920,4,4,train
GRDC_1160393,2696,82.0,grdc,-33.6812,22.1396,"KANDELAARSRIVIER, PAARDENDRIFT (27693317)",South Africa,345.554987249771,1060014920,4,4,train
GRDC_1160395,2693,81.9,grdc,-33.368,22.18,"PERDEPOORTRIVIER, GROENEFONTEIN (27693313)",South Africa,32.278381115654604,1060014920,4,4,train
GRDC_1160396,2696,82.0,grdc,-33.4688,22.0021,"WYNANADSRIVIER, KOETZERS KRAAL (27693318)",South Africa,139.959232138154,1060014920,4,4,train
GRDC_1160398,2696,82.0,grdc,-33.463,21.961,"MEULRIVIER, VOGELFONTEIN (27693320)",South Africa,35.6555007640225,1060014920,4,4,train
GRDC_1160403,2696,82.0,grdc,-34.0271,22.2229,"GROOT-BRAKRIVIER, WOLVEDANS",South Africa,135.339464459523,1060014500,1,1,val
GRDC_1160405,2657,80.81,grdc,-33.951,22.421,"MALGASRIVIER, BLANCO (27692704)",South Africa,35.6303611191432,1060014500,1,1,val
GRDC_1160417,2696,82.0,grdc,-34.0312,22.0521,"BRANDWAGRIVIER, BRANDWACHT",South Africa,218.66502350018905,1060014500,1,1,val
GRDC_1160419,2666,81.08,grdc,-34.0396,22.1354,"MOORDKUILRIVIER, BANFF",South Africa,197.12349552527303,1060014500,1,1,val
GRDC_1160420,2696,82.0,grdc,-33.963,22.551,"KAAIMANSRIVIER, UPPER BARBIERSKRAAL (27692701)",South Africa,48.6407057562697,1060014500,1,1,val
GRDC_1160425,2696,82.0,grdc,-33.9104,22.7063,"DIEPRIVIER, WOODVILLE FOREST RES. (27692603)",South Africa,74.683323383103,1060014500,1,1,val
GRDC_1160427,2696,82.0,grdc,-33.883,22.838,"KARATARARIVIER, KARATARA FOREST RES. (27692602)",South Africa,23.3535840454948,1060014500,1,1,val
GRDC_1160430,2696,82.0,grdc,-33.89,23.031,"KNYSNARIVIER, MILWOOD FOREST RES. (27692502)",South Africa,145.452797459033,1060014500,1,1,val
GRDC_1160441,2696,82.0,grdc,-33.803000000000004,23.136,"KEURBOOMSRIVIER, MKAMA (27692401)",South Africa,167.011500103048,1060014500,1,1,val
GRDC_1160450,2696,82.0,grdc,-33.736999999999995,23.305,"JORDAANSRIVIER, WELGELEGEN (27691302)",South Africa,52.133041008159296,1060014490,2,2,train
GRDC_1160453,2685,81.66,grdc,-33.7938,24.0312,"KOUGARIVIER, STUURMANSKRAAL",South Africa,1620.91166051089,1060014490,2,2,train
GRDC_1160455,2696,82.0,grdc,-33.953,23.636,"BLOUKRANSRIVIER, LOTTERINGS FOR. RES. (27692301)",South Africa,59.150811004961206,1060014500,1,1,val
GRDC_1160456,2687,81.72,grdc,-33.9813,24.0229,"KRUISRIVIER, FARM 508",South Africa,26.179098239556694,1060014500,1,1,val
GRDC_1160457,2674,81.33,grdc,-33.863,23.838,"WABOOMSRIVIER, DIEPKLOOF (27691301)",South Africa,19.424272355438603,1060014490,2,2,train
GRDC_1160458,2687,81.72,grdc,-34.0312,24.1938,"GROOTRIVIER, ROOIWAL",South Africa,117.288315614595,1060014500,1,1,val
GRDC_1160459,2685,81.66,grdc,-34.0979,24.4396,"TSITSIKAMMARIVIER, GEELHOUTBOOM",South Africa,148.34827842158,1060014500,1,1,val
GRDC_1160460,2686,81.69,grdc,-33.73,24.618,"GROOTRIVIER, GROOTRIVIERSPOORT (27691206)",South Africa,29585.5697175877,1060014490,2,2,train
GRDC_1160470,2684,81.63,grdc,-33.208,24.241,"HEUNINGKLIPRIVIER, CAMPHERSPOORT (27691501)",South Africa,1281.52083988103,1060014490,2,2,train
GRDC_1160485,2694,81.93,grdc,-33.7729,25.3896,"SWARTKOPSRIVIER, UITENHAGE",South Africa,916.7816887584752,1060014380,2,2,train
GRDC_1160493,2674,81.33,grdc,-33.1021,25.0104,"SONDAGSRIVIER, DE DRAAY",South Africa,13495.350522225,1060014370,3,3,train
GRDC_1160500,2648,80.54,grdc,-33.338,26.074,"BOESMANSRIVIER, DONKER HOEK ALICEDALE",South Africa,1452.6903455737197,1060014230,4,4,train
GRDC_1160510,2674,81.33,grdc,-33.105,26.445,"GREAT FISH RIVER, BRANDT LEGTE PIGGOT'S BRIDGE",South Africa,23089.8023661227,1060014220,1,1,val
GRDC_1160512,2696,82.0,grdc,-31.9062,25.4312,"GREAT FISH RIVER, ZOUTPANSDRIFT (27673802)",South Africa,1712.89358493573,1060014220,1,1,val
GRDC_1160520,2694,81.93,grdc,-31.5688,25.5437,"TEEBUSRIVIER, JAN BLAAUWS KOP (27673912)",South Africa,1581.71587034579,1060014220,1,1,val
GRDC_1160523,2696,82.0,grdc,-31.7771,25.3271,"KLEIN-BRAKRIVIER, ZEEVEN FONTEIN",South Africa,2613.0301542616103,1060014220,1,1,val
GRDC_1160525,2696,82.0,grdc,-32.0354,25.5229,"PAULSRIVIER, COUTZENBURG (27673704)",South Africa,875.872938164007,1060014220,1,1,val
GRDC_1160527,2678,81.45,grdc,-32.7854,25.6146,"KLEIN-VISRIVIER, DOORN KRAAL",South Africa,1519.6638717197195,1060014220,1,1,val
GRDC_1160529,2678,81.45,grdc,-32.3146,25.7396,"TARKARIVIER, BRIDGE FARM",South Africa,4737.2172607658895,1060014220,1,1,val
GRDC_1160530,2679,81.48,grdc,-32.607,25.883000000000003,"BAVIAANSRIVIER, BOTMANSGAT (27673403)",South Africa,805.248429928014,1060014220,1,1,val
GRDC_1160533,2670,81.2,grdc,-33.0271,25.8938,"GREAT FISH RIVER, SOUT VLEIJ",South Africa,19168.2110637399,1060014220,1,1,val
GRDC_1160537,2696,82.0,grdc,-32.7687,26.6146,"KATRIVIER, FORT BEAUFORT",South Africa,1061.71063925405,1060014220,1,1,val
GRDC_1160630,2688,81.75,grdc,-32.713,26.291,"KOONAPRIVIER, ADELAIDE (27673102)",South Africa,1257.38027555622,1060014220,1,1,val
GRDC_1160635,2690,81.81,grdc,-32.553000000000004,26.672,"BALFOURRIVIER, GREY KIRK (27673119)",South Africa,79.83099104977491,1060014220,1,1,val
GRDC_1160671,2645,80.44,grdc,-32.581,27.37,"KUBUSI, STUTTERHEIM (27711201)",South Africa,103.27686510379,1060013950,4,4,train
GRDC_1160684,2692,81.87,grdc,-32.5146,28.0188,"GREAT KEI, AREA 8 SPRINGS B",South Africa,18834.6480044748,1060013950,4,4,train
GRDC_1160687,2670,81.2,grdc,-29.988000000000003,29.853,"NKONZO, DRONKVLEI (27663105)",South Africa,103.051649389876,1060013420,1,1,val
GRDC_1160688,2664,81.02,grdc,-30.406,29.898000000000003,"IBISI, NOOITGEDACHT (27663102)",South Africa,877.041551302776,1060013420,1,1,val
GRDC_1160693,2696,82.0,grdc,-32.1729,27.3729,"SWART-KEIRIVIER, HOTFIRE",South Africa,6861.546564105611,1060013950,4,4,train
GRDC_1160695,2692,81.87,grdc,-32.0438,27.8229,"TSOMO, WYK MADUMA",South Africa,2372.66647880393,1060013950,4,4,train
GRDC_1160704,2649,80.57,grdc,-29.8021,30.5146,"MLAZI, UMLAAS",South Africa,417.108465893988,1060013210,2,2,train
GRDC_1160710,2631,80.02,grdc,-29.446,30.15,"IMPOFANA, WELTEVREDEN (27662407)",South Africa,360.53558096579104,1060013200,4,4,train
GRDC_1160715,2660,80.9,grdc,-29.391,30.278,"KARKLOOFRIVIER, SHAFTON (27662406)",South Africa,332.955765196434,1060013200,4,4,train
GRDC_1160743,2645,80.44,grdc,-31.7979,28.3313,"MBASHE, GXWALI BOMVU",South Africa,2483.6355766577,1060013820,1,1,val
GRDC_1160750,2687,81.72,grdc,-29.068,30.253,"MOOIRIVIER, DOORNKLOOF",South Africa,1520.86256988302,1060013070,2,2,train
GRDC_1160756,2675,81.36,grdc,-29.24,29.793000000000003,"HLATIKULA, BROADMOOR (27661507)",South Africa,112.735664577921,1060013070,2,2,train
GRDC_1160763,2684,81.63,grdc,-31.2437,28.8479,"ITITSA, XONKONXA",South Africa,4297.03581471193,1060013640,3,3,train
GRDC_1160765,2652,80.66,grdc,-31.078000000000003,28.353,"MOOIRIVIER, MACLEAR (27663509)",South Africa,324.462877903752,1060013640,3,3,train
GRDC_1160770,2678,81.45,grdc,-31.033,28.876,"TINA, MAHLUNGULU (27663505)",South Africa,2567.57215315595,1060013640,3,3,train
GRDC_1160773,2672,81.27,grdc,-30.8604,29.0729,"MZIMVUBU, KU-MAKHOLA",South Africa,6945.80111581737,1060013640,3,3,train
GRDC_1160775,2685,81.66,grdc,-30.572,29.159,"MZIMVUBU, KROMDRAAI (27663508)",South Africa,2484.59225814675,1060013640,3,3,train
GRDC_1160780,2684,81.63,grdc,-31.498,29.528,"MTAFUFU, NTAFUFU LOC. 35 (27663301)",South Africa,102.91991242839,1060013430,2,2,train
GRDC_1160785,2685,81.66,grdc,-30.563,29.416,"MZINTLAVA, SLANG FONTEIN (27663504)",South Africa,1006.70885797762,1060013640,3,3,train
GRDC_1160820,2640,80.29,grdc,-27.848000000000003,29.846,"NCANDU, RUST (27661407)",South Africa,141.939593881032,1060013070,2,2,train
GRDC_1160825,2681,81.54,grdc,-27.898000000000003,29.956,"HORN RIVER, BALLENGEICH (27661409)",South Africa,152.892108853099,1060013070,2,2,train
GRDC_1160850,2639,80.26,grdc,-28.051,30.376,"BUFFELSRIVIER, TAYSIDE",South Africa,5985.40006773428,1060013070,2,2,train
GRDC_1160851,2639,80.26,grdc,-27.607,29.948,"BUFFELSRIVIER, SCHURVEPOORT (27661402)",South Africa,1514.7502402113,1060013070,2,2,train
GRDC_1160885,2682,81.57,grdc,-28.826,29.547,"LITTLE TUGELA, WINTERTON (27661710)",South Africa,804.765715928728,1060013070,2,2,train
GRDC_1160940,2696,82.0,grdc,-34.2521,20.9937,"DUIWENHOKSRIVIER, DASSJES KLIP",South Africa,783.647209952146,1060014930,2,2,train
GRDC_1160955,2696,82.0,grdc,-33.9229,20.7604,"HUISRIVIER, BARRYDALE (27694304)",South Africa,10.8629658401652,1060014930,2,2,train
GRDC_1160957,2696,82.0,grdc,-34.0104,20.5396,"GROOTKLOOF, SPARKENBOSCH (27694307)",South Africa,19.9364631445891,1060014930,2,2,train
GRDC_1160960,2696,82.0,grdc,-34.0938,21.2937,"KAFFERKUILSRIVIER, FARM 216 (27694105)",South Africa,232.185954845944,1060014930,2,2,train
GRDC_1160975,2645,80.44,grdc,-28.756,31.746,"MHLATUZE, RIVERVIEW (27650309)",South Africa,2403.3886086405605,1060012820,3,3,train
GRDC_1160981,2642,80.35,grdc,-30.3271,30.3271,"MTWALUME, STATE LAND",South Africa,146.44738776792,1060013210,2,2,train
GRDC_1196213,2696,82.0,grdc,-23.2812,30.5437,"KLEIN-LETABA, LOCATIE VAN TABAAN",South Africa,3151.9576253350106,1060012590,1,1,val
GRDC_1196215,2694,81.93,grdc,-23.6604,31.0479,"GROOT-LETABA, LETABA RANCH",South Africa,4716.68816433446,1060012590,1,1,val
GRDC_1196300,2696,82.0,grdc,-24.156,27.473000000000003,"MATLABASRIVIER, HAARLEM EAST (27546004)",South Africa,1046.9142870964802,1060012590,1,1,val
GRDC_1196360,2696,82.0,grdc,-24.281,28.088,"MOKOLO, ZANDRIVIER (27546002)",South Africa,1813.57550406631,1060012590,1,1,val
GRDC_1196370,2696,82.0,grdc,-24.211,27.971,"STERKSTROOM, DOORNSPRUIT (27546008)",South Africa,488.694892173544,1060012590,1,1,val
GRDC_1196540,2679,81.48,grdc,-22.9104,29.6104,"SANDRIVIER, WATERPOORT",South Africa,7707.808529476841,1060012590,1,1,val
GRDC_1197001,2696,82.0,grdc,-25.682,31.791,"RIOINCOMATI, TONGA (27613103)",South Africa,8791.12483690212,1060012680,3,3,train
GRDC_1197010,2696,82.0,grdc,-25.8396,30.4104,"RIOINCOMATI, GEMSBOKHOEK",South Africa,2628.23559672471,1060012680,3,3,train
GRDC_1197090,2687,81.72,grdc,-25.4354,31.9854,"RIOINCOMATI, KOMATIPOORT",South Africa,21720.1896426101,1060012680,3,3,train
GRDC_1197100,2696,82.0,grdc,-25.836,30.685,"POPONYANE, VRIESLAND (27613120)",South Africa,51.208233390881794,1060012680,3,3,train
GRDC_1197300,2696,82.0,grdc,-26.04,31.006,"RIOINCOMATI, HOOGGENOEG (27613101)",South Africa,5520.21533232504,1060012680,3,3,train
GRDC_1197310,2679,81.48,grdc,-25.676,31.583,"MLUMATI, LOMATI (27613114)",South Africa,1123.11447604469,1060012680,3,3,train
GRDC_1197501,2696,82.0,grdc,-25.47,31.096,"KROKODILRIVIER, KARINO (27613206)",South Africa,5099.26268417944,1060012680,3,3,train
GRDC_1197507,2679,81.48,grdc,-25.3979,31.6104,"KROKODILRIVIER, RIVERSIDE",South Africa,8501.43956375139,1060012680,3,3,train
GRDC_1197530,2663,80.99,grdc,-25.433000000000003,30.968000000000004,"NELSPRUIT, BOSCHRAND (27613205)",South Africa,641.928505488326,1060012680,3,3,train
GRDC_1197540,2696,82.0,grdc,-25.381,30.701,"HOUTBOSLOOP, SUDWALASKRAAL (27613214)",South Africa,256.196481170007,1060012680,3,3,train
GRDC_1197550,2668,81.14,grdc,-25.484,30.696,"ELANDSRIVIER, LINDENAU (27613215)",South Africa,1551.0553493196398,1060012680,3,3,train
GRDC_1197555,2696,82.0,grdc,-25.653,30.259,"DAWSONS, GELUK (27613212)",South Africa,93.0135896366946,1060012680,3,3,train
GRDC_1197593,2696,82.0,grdc,-25.5437,31.3188,"KAAPRIVIER, DOLTON",South Africa,1666.92590908095,1060012680,3,3,train
GRDC_1197595,2694,81.93,grdc,-25.787,30.928,"QUEEN'S RIVER, SASSENHEIM (27613208)",South Africa,179.88361442864,1060012680,3,3,train
GRDC_1197710,2644,80.41,grdc,-25.075,31.134,"NOORD-SANDRIVIER, DE RUST (27612004)",South Africa,220.731940093284,1060012680,3,3,train
GRDC_1199455,2654,80.72,grdc,-26.6771,30.7021,"NGWEMPISI, MERRIEKLOOF",South Africa,1421.80822196431,1060012810,4,4,train
GRDC_1321880,2696,82.0,grdc,7.0687,-10.8812,"LOFA RIVER, LOFA BRIDGE",Liberia,8076.79948711192,1060024880,1,1,val
GRDC_1322840,2696,82.0,grdc,7.2021,-9.8188,"SAINT PAUL RIVER, PIATTA",Liberia,13811.8665824707,1060024870,4,4,train
GRDC_1322880,2696,82.0,grdc,6.9021,-10.3604,"SAINT PAUL RIVER, HAINDI",Liberia,18398.8848544949,1060024870,4,4,train
GRDC_3617110,2695,81.96,grdc,-10.7938,-65.3479,"RIO MAMORE, GUAJARA-MIRIM",Brazil,614223.523924996,6060007000,4,4,train
GRDC_3617812,2695,81.96,grdc,-13.4854,-61.0479,"RIO GUAPORE, PIMENTEIRAS",Brazil,55945.8227268186,6060007000,4,4,train
GRDC_3618051,2695,81.96,grdc,-0.4938,-64.8146,"RIO NEGRO, SERRINHA",Brazil,293714.733686805,6060007000,4,4,train
GRDC_3618053,2695,81.96,grdc,0.3729,-67.3146,"RIO NEGRO, SAO FELIPE",Brazil,124376.940596553,6060007000,4,4,train
GRDC_3618121,2695,81.96,grdc,0.2479,-69.7854,"RIO TIQUIE, PARI CACHOEIRA",Brazil,2007.0284079619696,6060007000,4,4,train
GRDC_3618150,2695,81.96,grdc,0.8812,-62.6229,"RIO DEMINI, POSTO AJURICABA",Brazil,17858.2371311334,6060007000,4,4,train
GRDC_3618711,2695,81.96,grdc,4.1688,-60.5271,"RIO COTINGO, MALOCA DO CONTAO",Brazil,5914.64587183189,6060007000,4,4,train
GRDC_3618720,2695,81.96,grdc,3.2062,-60.5688,"RIO URARICOERA, FAZENDA PASSARAO",Brazil,49585.0722961651,6060007000,4,4,train
GRDC_3618731,2695,81.96,grdc,2.7313,-62.0187,"RIO MUCAJAI, PÖSTO FUNAI",Brazil,9655.70921263283,6060007000,4,4,train
GRDC_3618740,2695,81.96,grdc,1.7479,-62.2812,"RIO CATRIMANI, MISSAO CATRIMANI",Brazil,6176.78979730924,6060007000,4,4,train
GRDC_3618951,2695,81.96,grdc,0.1312,-68.5354,"RIO UAUPES, TARAQUA",Brazil,44067.7429797133,6060007000,4,4,train
GRDC_3630300,2695,81.96,grdc,-1.7771,-54.4021,"RIO MAICURU, ARAPARI",Brazil,12484.4100913151,6060007000,4,4,train
GRDC_3632401,2695,81.96,grdc,-5.1354,-72.8187,"RIO JAVARI, PALMEIRAS DO JAVARI",Brazil,16614.6819972346,6060007000,4,4,train
GRDC_3633100,2665,81.05,grdc,-7.4479,-73.6646,"RIO MOA, SERRA DO MOA",Brazil,1004.26188979417,6060007000,4,4,train
GRDC_3633123,2695,81.96,grdc,-7.0563,-71.6896,"RIO YURUA, IPIXUNA",Brazil,55722.94187899389,6060007000,4,4,train
GRDC_3633160,2695,81.96,grdc,-7.6354,-72.6604,"RIO YURUA, CRUZEIRO DO SUL",Brazil,38095.6505483669,6060007000,4,4,train
GRDC_3633190,2695,81.96,grdc,-9.4104,-72.7188,"RIO YURUA, FOZ DO BREU",Brazil,7800.24130840717,6060007000,4,4,train
GRDC_3633310,2695,81.96,grdc,-8.1604,-70.3604,"ENVIRA, RIO, FEIJO",Brazil,17325.3570848725,6060007000,4,4,train
GRDC_3634340,2695,81.96,grdc,-7.2562,-64.7979,"RIO PURUS, LABREA",Brazil,227885.874856557,6060007000,4,4,train
GRDC_3634360,2695,81.96,grdc,-8.6521,-67.3771,"RIO PURUS, VALPARAISO-MONTANTE",Brazil,105911.311828955,6060007000,4,4,train
GRDC_3634380,2695,81.96,grdc,-8.8854,-69.2729,"RIO PURUS, MANOEL URBANO",Brazil,32852.296072892,6060007000,4,4,train
GRDC_3634400,2693,81.9,grdc,-9.3729,-68.7229,"RIO YACO, SERINGAL SAO JOSE",Brazil,11309.6292583819,6060007000,4,4,train
GRDC_3634450,2695,81.96,grdc,-9.1146,-68.9896,"RIO CAETE, SERINGAL GUARANY",Brazil,5678.96518474278,6060007000,4,4,train
GRDC_3635035,2695,81.96,grdc,-7.5021,-63.0104,"RIO MADERA, HUMAITA",Brazil,1092027.74872311,6060007000,4,4,train
GRDC_3635402,2695,81.96,grdc,-8.9312,-62.0562,"RIO JI-PARANA, TABAJARA",Brazil,60410.8420236382,6060007000,4,4,train
GRDC_3635408,2695,81.96,grdc,-10.8729,-61.9354,"RIO JI-PARANA, JIPARANA (RONDONIA)",Brazil,33007.9130248097,6060007000,4,4,train
GRDC_3635440,2695,81.96,grdc,-11.6854,-61.1896,"RIO APIDIA, PIMENTA BUENO",Brazil,10098.0682971119,6060007000,4,4,train
GRDC_3635651,2695,81.96,grdc,-7.7062,-60.5896,"RIO ARIPUANA, BOCA DO GUARIBA",Brazil,70445.1565510691,6060007000,4,4,train
GRDC_3637390,2695,81.96,grdc,-7.7312,-58.2896,"RIO JURUENA, FOZ DO JURUENA",Brazil,182916.24523713,6060007000,4,4,train
GRDC_3637771,2695,81.96,grdc,-9.6396,-56.0229,"RIO SAO MANOEL, JUSANTE FOZ PEIXOTO DE AZEVEDO",Brazil,81835.64483145361,6060007000,4,4,train
GRDC_3637810,2695,81.96,grdc,-9.8146,-54.8854,"BRACO DO SUL, RIO, CACHIMBO",Brazil,1015.27317675294,6060007000,4,4,train
GRDC_3638150,2695,81.96,grdc,-5.6979,-54.2396,"RIO IRIRI, LARANJEIRAS",Brazil,58832.2966043016,6060007000,4,4,train
GRDC_3638210,2695,81.96,grdc,-5.6521,-54.5229,"RIO CURUA, CAJUEIRO",Brazil,35766.824185338104,6060007000,4,4,train
GRDC_3638700,2695,81.96,grdc,-13.1396,-54.4479,"RIO RONURO, FAZENDA ITAGUACU",Brazil,3872.182264022,6060007000,4,4,train
GRDC_3649860,2695,81.96,grdc,-7.6146,-49.0479,"RIBEIRAO JENIPAPO, ARAPOEMA",Brazil,1204.50712835718,6060007950,4,4,train
GRDC_3653110,2695,81.96,grdc,-24.7937,-49.2771,"RIO RIBEIRA DE IGUAPE, BALSA DO CERRO AZUL",Brazil,4677.92389031905,6060014460,1,1,val
GRDC_3660730,2689,81.78,grdc,-21.6771,-45.2604,"RIO DO PEIXE, CHACARA SANTANA",Brazil,867.7714502849119,6060016970,2,2,train
GRDC_3660900,2695,81.96,grdc,-21.6896,-44.3521,"RIO AIURUOCA, FAZENDA LARANJEIRAS",Brazil,1977.02865798583,6060016970,2,2,train
GRDC_4103200,2634,80.11,grdc,61.9312,-162.8688,"YUKON RIVER, PILOT STATION, AK",United States of America,819520.523610359,8060005510,4,4,train
GRDC_4103600,2635,80.14,grdc,64.5687,-149.0938,"TANANA RIVER, NENANA, ALAS.",United States of America,64095.1373210457,8060005510,4,4,train
GRDC_4103602,2635,80.14,grdc,64.7979,-147.8396,"TANANA RIVER, FAIRBANKS, AK",United States of America,51264.4542840684,8060005510,4,4,train
GRDC_4103615,2634,80.11,grdc,64.4521,-144.9437,"GOODPASTER RIVER, NEAR BIG DELTA, AK",United States of America,1798.93307516506,8060005510,4,4,train
GRDC_4103633,2657,80.81,grdc,64.9062,-146.3688,"CHENA RIVER, NEAR TWO RIVERS, AK",United States of America,2449.31045007604,8060005510,4,4,train
GRDC_4103635,2647,80.5,grdc,64.8896,-147.2604,"LITTLE CHENA RIVER, NEAR FAIRBANKS, AK",United States of America,948.0894240804988,8060005510,4,4,train
GRDC_4105720,2636,80.17,grdc,62.5188,-145.5188,"GULKANA RIVER, SOURDROUGH, AK",United States of America,4817.72107643317,8060000810,3,3,train
GRDC_4105850,2660,80.9,grdc,60.4813,-151.0813,"KENAI RIVER, SOLDOTNA, AK",United States of America,5156.21207220914,8060001790,3,3,train
GRDC_4105852,2650,80.6,grdc,60.4604,-150.6021,"KENAI RIVER, BELOW SKILAK LAKE OUTLET, AK",United States of America,3198.8746694278902,8060001790,3,3,train
GRDC_4106500,2695,81.96,grdc,58.4229,-134.5646,"MENDENHALL RIVER, NEAR AUKE BAY, AK",United States of America,206.99425971365503,7060020510,4,4,train
GRDC_4106600,2695,81.96,grdc,58.5396,-133.7021,"TAKU RIVER, NEAR JUNEAU, AK",United States of America,16724.8602033551,7060020500,1,1,val
GRDC_4113300,2695,81.96,grdc,47.9271,-97.0271,"RED RIVER OF THE NORTH, GRAND FORKS, N.D.",United States of America,66372.4613784445,7060022240,4,4,train
GRDC_4113301,2695,81.96,grdc,48.5729,-97.1479,"RED RIVER OF THE NORTH, DRAYTON, ND",United States of America,78163.1070226188,7060022240,4,4,train
GRDC_4113302,2695,81.96,grdc,47.3563,-96.8438,"RED RIVER OF THE NORTH, HALSTAD, MN",United States of America,45227.582027443,7060022240,4,4,train
GRDC_4113303,2695,81.96,grdc,46.8604,-96.7812,"RED RIVER OF THE NORTH, FARGO, ND",United States of America,17377.7075257568,7060022240,4,4,train
GRDC_4113304,2695,81.96,grdc,46.6604,-96.8021,"RED RIVER OF THE NORTH, HICKSON, ND",United States of America,10993.9089123305,7060022240,4,4,train
GRDC_4113305,2695,81.96,grdc,46.2771,-96.5979,"RED RIVER OF THE NORTH, WAHPETON, ND",United States of America,9838.82744280919,7060022240,4,4,train
GRDC_4113310,2695,81.96,grdc,46.4688,-96.7812,"WILD RICE RIVER, NEAR ABERCROMBIE, ND",United States of America,5579.784708673001,7060022240,4,4,train
GRDC_4113315,2695,81.96,grdc,47.8896,-96.2729,"CLEARWATER RIVER, RED LAKE FALLS, MN",United States of America,3535.241471611,7060022240,4,4,train
GRDC_4113320,2695,81.96,grdc,47.8021,-96.8104,"RED LAKE RIVER, FISHER, MN",United States of America,14293.692038705802,7060022240,4,4,train
GRDC_4113321,2695,81.96,grdc,47.7729,-96.6104,"RED LAKE RIVER, CROOKSTON, MN",United States of America,13631.5756484767,7060022240,4,4,train
GRDC_4113330,2695,81.96,grdc,46.1521,-96.5771,"BOIS DE SIOUX RIVER, NEAR DORAN, MN",United States of America,4809.59755013522,7060022240,4,4,train
GRDC_4113340,2695,81.96,grdc,46.9062,-97.0563,"MAPLE RIVER, BELOW MAPLETON, ND",United States of America,4078.7872707598,7060022240,4,4,train
GRDC_4113350,2695,81.96,grdc,48.9104,-97.9146,"PEMBINA RIVER, WALHALLA, ND",United States of America,8002.248903230999,7060022240,4,4,train
GRDC_4113351,2695,81.96,grdc,48.9896,-97.5563,"PEMBINA RIVER, NECHE, ND",United States of America,8384.70284249577,7060022240,4,4,train
GRDC_4113360,2695,81.96,grdc,47.8062,-98.7146,"SHEYENNE RIVER, NEAR WARWICK, ND",United States of America,4959.206492402071,7060022240,4,4,train
GRDC_4113361,2695,81.96,grdc,47.4312,-98.0271,"SHEYENNE RIVER, NEAR COOPERSTOWN, ND",United States of America,7010.53146634156,7060022240,4,4,train
GRDC_4113400,2695,81.96,grdc,48.5021,-100.4437,"SOURIS RIVER, NEAR BANTRY, ND",United States of America,30534.5177836135,7060022240,4,4,train
GRDC_4113401,2695,81.96,grdc,48.1604,-100.7354,"SOURIS RIVER, NEAR VERENDRYE, ND",United States of America,28070.987841810096,7060022240,4,4,train
GRDC_4113402,2695,81.96,grdc,48.2479,-101.3729,"SOURIS RIVER, ABOVE MINOT, ND",United States of America,25973.1322161962,7060022240,4,4,train
GRDC_4113410,2695,81.96,grdc,48.9813,-103.0771,"LONG CREEK, NEAR NOONAN, ND",United States of America,3591.6671044728496,7060022240,4,4,train
GRDC_4113420,2695,81.96,grdc,48.3688,-101.5687,"DES LACS RIVER, FOXHOLM, ND",United States of America,2364.36678804971,7060022240,4,4,train
GRDC_4113600,2695,81.96,grdc,48.3979,-93.5479,"LITTLE FORK RIVER, LITTLEFORK, MINN.",United States of America,4339.54856831156,7060022240,4,4,train
GRDC_4115080,2695,81.96,grdc,46.2771,-122.9146,"COWLITZ RIVER, CASTLE ROCK, WA",United States of America,5761.715684777911,7060014930,1,1,val
GRDC_4115081,2695,81.96,grdc,46.5104,-122.6146,"COWLITZ RIVER, BELOW MAYFIELD DAM, WA",United States of America,3581.62880630026,7060014930,1,1,val
GRDC_4115082,2695,81.96,grdc,46.6146,-121.6771,"COWLITZ RIVER, PACKWOOD, WA",United States of America,811.249626314089,7060014930,1,1,val
GRDC_4115100,2695,81.96,grdc,44.9438,-123.0438,"WILLAMETTE RIVER, SALEM, OR",United States of America,18807.1590170753,7060014930,1,1,val
GRDC_4115101,2695,81.96,grdc,45.5187,-122.6688,"WILLAMETTE RIVER, PORTLAND, OR",United States of America,28841.2982325734,7060014930,1,1,val
GRDC_4115102,2695,81.96,grdc,44.2687,-123.1729,"WILLAMETTE RIVER, HARRISBURG, OR",United States of America,8959.94083993982,7060014930,1,1,val
GRDC_4115105,2695,81.96,grdc,44.0729,-122.7729,"MCKENZIE RIVER, NEAR WALTERVILLE, OR",United States of America,2793.16006405987,7060014930,1,1,val
GRDC_4115106,2695,81.96,grdc,44.1229,-122.4688,"MCKENZIE RIVER, NEAR VIDA, OR",United States of America,2398.61957758832,7060014930,1,1,val
GRDC_4115201,2695,81.96,grdc,46.1812,-123.1896,"COLUMBIA RIVER, BEAVER ARMY TERMINAL NEAR QUINCY, OR",United States of America,650736.081752865,7060014930,1,1,val
GRDC_4115202,2695,81.96,grdc,46.6271,-119.8646,"COLUMBIA RIVER, BELOW PRIEST RAPIDS DAM, WA",United States of America,248852.72288528,7060014930,1,1,val
GRDC_4115203,2695,81.96,grdc,47.3312,-120.0812,"COLUMBIA RIVER, BELOW ROCK ISLAND DAM, WA",United States of America,232742.080159099,7060014930,1,1,val
GRDC_4115204,2695,81.96,grdc,47.5229,-120.3021,"COLUMBIA RIVER, ROCKY REACH DAM, WA",United States of America,228595.36213314897,7060014930,1,1,val
GRDC_4115205,2695,81.96,grdc,47.9479,-119.8646,"COLUMBIA RIVER, BELOW WELLS DAM, WA",United States of America,224291.908443271,7060014930,1,1,val
GRDC_4115206,2695,81.96,grdc,47.9646,-118.9812,"COLUMBIA RIVER, GRAND COULEE, WA",United States of America,194690.41834483,7060014930,1,1,val
GRDC_4115210,2695,81.96,grdc,45.7562,-121.2104,"KLICKITAT RIVER, NEAR PITT, WA",United States of America,3339.60412463452,7060014930,1,1,val
GRDC_4115211,2695,81.96,grdc,46.2646,-121.2438,"KLICKITAT RIVER, ABOVE WEST FORK NEAR GLENWOOD, WA",United States of America,393.936567881967,7060014930,1,1,val
GRDC_4115220,2695,81.96,grdc,44.7938,-120.0062,"JOHN DAY RIVER, SERVICE CREEK, OR",United States of America,13193.1528749806,7060014930,1,1,val
GRDC_4115221,2695,81.96,grdc,45.5896,-120.4104,"JOHN DAY RIVER, MCDONALD FERRY, OREG",United States of America,19771.2306292227,7060014930,1,1,val
GRDC_4115222,2695,81.96,grdc,44.4188,-118.9021,"JOHN DAY RIVER, NEAR JOHN DAY, OR",United States of America,1014.18385171652,7060014930,1,1,val
GRDC_4115223,2695,81.96,grdc,44.8146,-119.4313,"NORTH FORK JOHN DAY RIVER, MONUMENT, OR",United States of America,6493.703646847281,7060014930,1,1,val
GRDC_4115224,2695,81.96,grdc,44.8896,-119.1438,"MIDDLE FORK JOHN DAY RIVER, RITTER, OR",United States of America,1356.18618784692,7060014930,1,1,val
GRDC_4115226,2695,81.96,grdc,44.4938,-121.2979,"CROOKED RIVER, BELOW OPAL SPRINGS NEAR CULVER, OR",United States of America,11571.3776169071,7060014930,1,1,val
GRDC_4115230,2695,81.96,grdc,47.5812,-120.6146,"WENATCHEE RIVER, PESHASTIN, WA",United States of America,2599.90968138711,7060014930,1,1,val
GRDC_4115231,2695,81.96,grdc,47.4979,-120.4271,"WENATCHEE RIVER, MONITOR, WA",United States of America,3374.7454572418605,7060014930,1,1,val
GRDC_4115235,2695,81.96,grdc,48.0771,-119.9854,"METHOW RIVER, NEAR PATEROS, WA",United States of America,4609.38501649264,7060014930,1,1,val
GRDC_4115236,2695,81.96,grdc,48.4729,-120.1771,"METHOW RIVER, WINTHROP, WA",United States of America,2665.6818877469,7060014930,1,1,val
GRDC_4115240,2695,81.96,grdc,45.9021,-119.3271,"UMATILLA RIVER, NEAR UMATILLA, OR",United States of America,6488.0392610662,7060014930,1,1,val
GRDC_4115241,2695,81.96,grdc,45.7188,-118.3229,"UMATILLA RIVER, ABOVE MEACHAM CREEK NEAR GIBBON, OR",United States of America,343.788553362638,7060014930,1,1,val
GRDC_4115250,2695,81.96,grdc,46.0271,-118.7312,"WALLA WALLA RIVER, NEAR TOUCHET, WA",United States of America,4275.09490944747,7060014930,1,1,val
GRDC_4115260,2695,81.96,grdc,46.2562,-119.4771,"YAKIMA RIVER, KIONA, WA",United States of America,14591.1248303873,7060014930,1,1,val
GRDC_4115261,2695,81.96,grdc,46.5354,-120.4688,"YAKIMA RIVER, ABOVE AHTANUM CREEK AT UNION GAP, WA",United States of America,9446.86629545157,7060014930,1,1,val
GRDC_4115262,2695,81.96,grdc,46.8646,-120.4812,"YAKIMA RIVER, UTANUM, WA",United States of America,4136.67272346405,7060014930,1,1,val
GRDC_4115270,2695,81.96,grdc,46.8312,-119.8312,"CRAB CREEK, NEAR BEVERLY, WA",United States of America,11867.737320671298,7060014930,1,1,val
GRDC_4115280,2695,81.96,grdc,45.6229,-120.9062,"DESCHUTES RIVER, MOODY NEAR BIGGS, OR",United States of America,27544.4166444834,7060014930,1,1,val
GRDC_4115281,2695,81.96,grdc,44.7271,-121.2479,"DESCHUTES RIVER, NEAR MADRAS, OR",United States of America,20614.1579912537,7060014930,1,1,val
GRDC_4115282,2695,81.96,grdc,44.4979,-121.3187,"DESCHUTES RIVER, NEAR CULVER, OR",United States of America,6950.86353442791,7060014930,1,1,val
GRDC_4115290,2695,81.96,grdc,47.8354,-120.0146,"CHELAN RIVER, CHELAN, WA",United States of America,2395.49436940163,7060014930,1,1,val
GRDC_4115300,2695,81.96,grdc,48.6312,-119.4604,"OKANOGAN RIVER, NEAR TONASKET, WA",United States of America,18760.0357127721,7060014930,1,1,val
GRDC_4115301,2695,81.96,grdc,48.2812,-119.7062,"OKANOGAN RIVER, MALOTT, WA",United States of America,20954.5383520763,7060014930,1,1,val
GRDC_4115305,2695,81.96,grdc,48.9854,-119.6188,"SIMILKAMEEN RIVER, NEAR NIGHTHAWK, WA",United States of America,9134.01216703857,7060014930,1,1,val
GRDC_4115310,2695,81.96,grdc,48.9813,-118.7646,"KETTLE RIVER, NEAR FERRY, WA",United States of America,5647.53841636656,7060014930,1,1,val
GRDC_4115311,2695,81.96,grdc,48.9813,-118.2146,"KETTLE RIVER, NEAR LAURIER, WA",United States of America,10004.1311696005,7060014930,1,1,val
GRDC_4115322,2695,81.96,grdc,48.9979,-116.5104,"KOOTENAI RIVER, PORTHILL, ID",United States of America,34307.3934946243,7060014930,1,1,val
GRDC_4115330,2695,81.96,grdc,48.4979,-114.0104,"FLATHEAD RIVER, NEAR WEST GLACIER, MT (MIDDLE FORK)",United States of America,2907.5655299612395,7060014930,1,1,val
GRDC_4115331,2695,81.96,grdc,47.3688,-114.5854,"FLATHEAD RIVER, PERMA, MT",United States of America,23235.3269102838,7060014930,1,1,val
GRDC_4115332,2695,81.96,grdc,47.6812,-114.2479,"FLATHEAD RIVER, NEAR POISON, MT",United States of America,18305.6397992887,7060014930,1,1,val
GRDC_4115340,2695,81.96,grdc,46.8979,-113.7562,"BLACKFOOT RIVER, NEAR BONNER, MT",United States of America,5910.62907717432,7060014930,1,1,val
GRDC_4115344,2695,81.96,grdc,46.3979,-112.7396,"CLARK FORK, DEER LODGE, MT",United States of America,2606.9025814340803,7060014930,1,1,val
GRDC_4115345,2695,81.96,grdc,47.3021,-115.0854,"CLARK FORK, ST. REGIS, MT",United States of America,27719.0750939684,7060014930,1,1,val
GRDC_4115347,2695,81.96,grdc,47.4271,-114.8562,"CLARK FORK, NEAR PLAINS, MT",United States of America,51550.67180403099,7060014930,1,1,val
GRDC_4115349,2695,81.96,grdc,46.8771,-113.9313,"CLARK FORK, ABOVE MISSOULA, MT",United States of America,15557.556732429,7060014930,1,1,val
GRDC_4115350,2695,81.96,grdc,47.5562,-116.3229,"COEUR D'ALENE RIVER, NEAR CATALDO, ID",United States of America,3114.82330407345,7060014930,1,1,val
GRDC_4115351,2695,81.96,grdc,47.5688,-116.2521,"COEUR D'ALENE RIVER, ENAVILLE, ID (NORTH FORK)",United States of America,2307.2236245610898,7060014930,1,1,val
GRDC_4115400,2695,81.96,grdc,47.8354,-117.8396,"SPOKANE RIVER, LONG LAKE, WA",United States of America,15909.3058178218,7060014930,1,1,val
GRDC_4115401,2695,81.96,grdc,47.6604,-117.4479,"SPOKANE RIVER, SPOKANE, WA",United States of America,11039.5438688744,7060014930,1,1,val
GRDC_4115403,2695,81.96,grdc,47.7021,-116.9771,"SPOKANE RIVER, NEAR POST FALLS, ID",United States of America,9863.53492600688,7060014930,1,1,val
GRDC_4115410,2695,81.96,grdc,47.2729,-116.1896,"SAINT JOE CREEK, CALDER, ID",United States of America,2658.75443482356,7060014930,1,1,val
GRDC_4115450,2695,81.96,grdc,46.8312,-114.0604,"BITTERROOT RIVER, NEAR MISSOULA, MT",United States of America,7248.292021286991,7060014930,1,1,val
GRDC_4115451,2695,81.96,grdc,45.9729,-114.1396,"BITTERROOT RIVER, NEAR DARBY, MT",United States of America,2680.6950985386898,7060014930,1,1,val
GRDC_4116150,2695,81.96,grdc,45.6188,-117.7271,"MINAM RIVER, MINAM, OR",United States of America,631.937299232648,7060014930,1,1,val
GRDC_4116181,2695,81.96,grdc,46.0979,-116.9771,"SNAKE RIVER, NEAR ANATONE, WA",United States of America,221071.247267135,7060014930,1,1,val
GRDC_4116183,2695,81.96,grdc,45.2521,-116.6979,"SNAKE RIVER, HELLS CANYON DAM (ID-OR STATE LINE)",United States of America,170434.085049568,7060014930,1,1,val
GRDC_4116184,2695,81.96,grdc,44.2438,-116.9812,"SNAKE RIVER, WEISER, ID",United States of America,159719.259725977,7060014930,1,1,val
GRDC_4116185,2695,81.96,grdc,43.8771,-116.9812,"SNAKE RIVER, NYSSA, OR",United States of America,134029.708656925,7060014930,1,1,val
GRDC_4116187,2695,81.96,grdc,43.0021,-115.2021,"SNAKE RIVER, KING HILL, ID",United States of America,75963.1702001026,7060014930,1,1,val
GRDC_4116188,2695,81.96,grdc,42.6729,-113.5021,"SNAKE RIVER, HOWELLS FERRY NEAR MINIDOKA, ID",United States of America,46107.0524749124,7060014930,1,1,val
GRDC_4116189,2695,81.96,grdc,42.7687,-112.8771,"SNAKE RIVER, NEELEY, ID",United States of America,39781.6842086148,7060014930,1,1,val
GRDC_4116190,2695,81.96,grdc,43.4146,-112.1396,"SNAKE RIVER, NEAR SHELLEY, ID",United States of America,25013.710321092403,7060014930,1,1,val
GRDC_4116191,2694,81.93,grdc,43.3521,-111.2188,"SNAKE RIVER, NEAR IRWIN, ID",United States of America,13427.5435987461,7060014930,1,1,val
GRDC_4116192,2695,81.96,grdc,43.6521,-110.7146,"SNAKE RIVER, MOOSE, WY",United States of America,4322.09737060229,7060014930,1,1,val
GRDC_4116200,2695,81.96,grdc,46.7604,-118.1396,"PALOUSE RIVER, HOOPER, WA",United States of America,6512.76828579401,7060014930,1,1,val
GRDC_4116201,2695,81.96,grdc,46.9188,-116.9521,"PALOUSE RIVER, NEAR POTLATCH, ID",United States of America,814.9609542668879,7060014930,1,1,val
GRDC_4116300,2695,81.96,grdc,46.4479,-116.8271,"CLEARWATER RIVER, SPALDING, ID",United States of America,24046.3380761834,7060014930,1,1,val
GRDC_4116301,2695,81.96,grdc,46.4771,-116.2562,"CLEARWATER RIVER, OROFINO, ID",United States of America,14260.859316676298,7060014930,1,1,val
GRDC_4116320,2695,81.96,grdc,46.0854,-115.5146,"SELWAY RIVER, NEAR LOWELL, ID",United States of America,5093.42407760969,7060014930,1,1,val
GRDC_4116325,2695,81.96,grdc,46.1521,-115.5854,"LOCHSA RIVER, NEAR LOWELL, ID",United States of America,3050.09045732776,7060014930,1,1,val
GRDC_4116330,2695,81.96,grdc,45.7521,-116.3229,"SALMON RIVER, WHITE BIRD, ID",United States of America,34934.5721641563,7060014930,1,1,val
GRDC_4116331,2695,81.96,grdc,45.3229,-114.4396,"SALMON RIVER, NEAR SHOUP, ID",United States of America,16130.8743079868,7060014930,1,1,val
GRDC_4116332,2695,81.96,grdc,45.1812,-113.8938,"SALMON RIVER, SALMON, ID",United States of America,9678.06627379249,7060014930,1,1,val
GRDC_4116333,2695,81.96,grdc,44.2687,-114.7354,"SALMON RIVER, BELOW YANKEE FORK NEAR CLAYTON, ID",United States of America,2091.87578267734,7060014930,1,1,val
GRDC_4116340,2695,81.96,grdc,44.9396,-113.6396,"LEMHI RIVER, NEAR LEMHI, ID",United States of America,2348.91805667082,7060014930,1,1,val
GRDC_4116350,2695,81.96,grdc,42.7729,-115.7188,"BRUNEAU RIVER, NEAR HOT SPRING, ID",United States of America,6969.33698288801,7060014930,1,1,val
GRDC_4116351,2695,81.96,grdc,41.9312,-115.6771,"BRUNEAU RIVER, ROWLAND, NV",United States of America,986.562726917102,7060014930,1,1,val
GRDC_4116360,2695,81.96,grdc,44.2229,-114.9313,"VALLEY CREEK, STANLEY, ID",United States of America,385.97332801356,7060014930,1,1,val
GRDC_4116400,2695,81.96,grdc,44.0438,-116.9188,"PAYETTE RIVER, NEAR PAYETTE, ID",United States of America,8539.457157363679,7060014930,1,1,val
GRDC_4116401,2695,81.96,grdc,43.9312,-116.4396,"PAYETTE RIVER, NEAR EMMETT, ID",United States of America,7084.20693051637,7060014930,1,1,val
GRDC_4116402,2695,81.96,grdc,43.9438,-116.1979,"PAYETTE RIVER, NEAR HORSESHOE BEND, ID",United States of America,5760.01809573225,7060014930,1,1,val
GRDC_4116405,2695,81.96,grdc,44.1146,-116.1062,"NORTH FORK PAYETTE RIVER, NEAR BANKS, ID",United States of America,2384.3859654526,7060014930,1,1,val
GRDC_4116406,2695,81.96,grdc,44.5271,-116.0479,"NORTH FORK PAYETTE RIVER, CASCADE, ID",United States of America,1585.28772832299,7060014930,1,1,val
GRDC_4116407,2695,81.96,grdc,44.9104,-116.1146,"NORTH FORK PAYETTE RIVER, MCCALL, ID",United States of America,375.874353761341,7060014930,1,1,val
GRDC_4116450,2693,81.9,grdc,43.6562,-117.2562,"OWYHEE RIVER, BELOW OWYHEE DAM, OR",United States of America,26955.5250826752,7060014930,1,1,val
GRDC_4116451,2695,81.96,grdc,42.8646,-117.6479,"OWYHEE RIVER, NEAR ROME, OR",United States of America,19737.0072031739,7060014930,1,1,val
GRDC_4116452,2695,81.96,grdc,41.8604,-115.9896,"OWYHEE RIVER, NEAR MOUNTAIN CITY, NV",United States of America,1005.97814981813,7060014930,1,1,val
GRDC_4116460,2695,81.96,grdc,43.6604,-116.2771,"BOISE RIVER, GLENWOOD BRIDGE NEAR BOISE, ID",United States of America,7241.385694805959,7060014930,1,1,val
GRDC_4116470,2695,81.96,grdc,43.8271,-111.9021,"HENRYS FORK, NEAR REXBURG, ID",United States of America,8386.86345748499,7060014930,1,1,val
GRDC_4116471,2695,81.96,grdc,43.9646,-111.6729,"HENRYS FORK, ST. ANTHONY, ID",United States of America,4927.941393902321,7060014930,1,1,val
GRDC_4118110,2695,81.96,grdc,39.1521,-119.0979,"WALKER RIVER, NEAR WABUSKA, NV",United States of America,6303.646591592779,7060073830,2,2,train
GRDC_4118300,2695,81.96,grdc,33.7438,-116.5354,"PALM CANYON CREEK, NEAR PALM SPRINGS, CA",United States of America,235.699600176888,7060008710,4,4,train
GRDC_4118320,2695,81.96,grdc,35.8521,-116.2312,"AMARGOSA RIVER, TECOPA, CA",United States of America,7991.746464421609,7060073690,1,1,val
GRDC_4118410,2695,81.96,grdc,40.6063,-116.1979,"HUMBOLDT RIVER, PALISADE, NV",United States of America,13039.6407176727,7060073630,4,4,train
GRDC_4118420,2695,81.96,grdc,42.7896,-118.8688,"DONNER UND BLITZEN RIVER, NEAR FRENCHGLEN, OR",United States of America,525.697937149877,7060073780,3,3,train
GRDC_4118440,2695,81.96,grdc,40.6938,-118.2021,"HUMBOLDT RIVER, NEAR IMLAY, NV",United States of America,40419.9627197553,7060073630,4,4,train
GRDC_4118800,2695,81.96,grdc,37.6521,-112.4271,"SEVIER RIVER, HATCH, UT",United States of America,841.3003714985499,7060073650,2,2,train
GRDC_4118850,2695,81.96,grdc,39.3729,-112.0396,"SEVIER RIVER, JUAB, UT",United States of America,13339.4058119879,7060073650,2,2,train
GRDC_4119050,2695,81.96,grdc,46.6396,-94.8812,"CROW WING RIVER, NIMROD, MN",United States of America,2775.34662231528,7060047060,0,0,test
GRDC_4119070,2695,81.96,grdc,45.0896,-93.7354,"CROW RIVER, ROCKFORD, MN",United States of America,6895.72854671706,7060047060,0,0,test
GRDC_4119080,2695,81.96,grdc,45.4062,-92.6479,"SAINT CROIX RIVER, ST. CROIX FALLS, WI",United States of America,16159.7236705428,7060047060,0,0,test
GRDC_4119090,2695,81.96,grdc,44.1104,-94.0438,"LE SUEUR RIVER, NEAR RAPIDAN, MN",United States of America,2944.64119867472,7060047060,0,0,test
GRDC_4119101,2695,81.96,grdc,46.5396,-93.7062,"MISSISSIPPI RIVER, AITKIN, MN",United States of America,14887.7067395363,7060047060,0,0,test
GRDC_4119150,2695,81.96,grdc,42.7438,-91.2604,"TURKEY RIVER, GARBER, IA",United States of America,4055.74973314882,7060047060,0,0,test
GRDC_4119170,2695,81.96,grdc,41.7687,-90.5354,"WAPSIPINICON RIVER, NEAR DE WITT, IA",United States of America,6052.36729810334,7060047060,0,0,test
GRDC_4119200,2695,81.96,grdc,41.5604,-90.1813,"ROCK RIVER, NEAR JOSLIN, IL",United States of America,24788.567008915,7060047060,0,0,test
GRDC_4119201,2693,81.9,grdc,42.6104,-89.0687,"ROCK RIVER, AFTON, WI",United States of America,8695.19376975212,7060047060,0,0,test
GRDC_4119210,2695,81.96,grdc,42.3062,-89.6188,"PECATONICA RIVER, FREEPORT, IL",United States of America,3433.7400271240804,7060047060,0,0,test
GRDC_4119220,2693,81.9,grdc,42.1938,-89.0021,"KISHWAUKEE RIVER, NEAR PERRYVILLE, IL",United States of America,2880.34279645237,7060047060,0,0,test
GRDC_4119230,2695,81.96,grdc,41.4854,-90.1562,"GREEN RIVER, NEAR GENESEO, IL",United States of America,2573.49550886812,7060047060,0,0,test
GRDC_4119250,2695,81.96,grdc,41.1812,-91.1813,"IOWA RIVER, WAPELLO, IA",United States of America,32194.3598841599,7060047060,0,0,test
GRDC_4119251,2695,81.96,grdc,41.6562,-91.5396,"IOWA RIVER, IOWA CITY, IA",United States of America,8434.44161245791,7060047060,0,0,test
GRDC_4119252,2695,81.96,grdc,42.0646,-92.9062,"IOWA RIVER, MARSHALLTOWN, IA",United States of America,4042.2055793501295,7060047060,0,0,test
GRDC_4119260,2695,81.96,grdc,41.9729,-91.6688,"CEDAR RIVER, CEDAR RAPIDS, IA",United States of America,16733.181970727,7060047060,0,0,test
GRDC_4119261,2695,81.96,grdc,42.4979,-92.3354,"CEDAR RIVER, WATERLOO, IA",United States of America,13230.8952689167,7060047060,0,0,test
GRDC_4119262,2695,81.96,grdc,42.6479,-92.4688,"CEDAR RIVER, JANESVILLE, IA",United States of America,4346.5482827752,7060047060,0,0,test
GRDC_4119263,2648,80.54,grdc,43.0646,-92.6729,"CEDAR RIVER, CHARLES CITY, IA",United States of America,2768.68491148171,7060047060,0,0,test
GRDC_4119264,2695,81.96,grdc,41.4104,-91.2896,"CEDAR RIVER, NEAR CONESVILLE, IA",United States of America,19996.7508281517,7060047060,0,0,test
GRDC_4119265,2695,81.96,grdc,42.7146,-92.5812,"SHELL ROCK RIVER, SHELL ROCK, IA",United States of America,4378.83647429373,7060047060,0,0,test
GRDC_4119270,2695,81.96,grdc,40.7562,-91.2771,"SKUNK RIVER, AUGUSTA, IA",United States of America,11213.7406329266,7060047060,0,0,test
GRDC_4119271,2695,81.96,grdc,41.3563,-92.6562,"SKUNK RIVER, NEAR OSKALOOSA, IA (S. BRANCH)",United States of America,4325.8905863428,7060047060,0,0,test
GRDC_4119280,2695,81.96,grdc,40.7271,-91.9604,"DES MOINES RIVER, KEOSAUQUA, IA",United States of America,36550.0787602888,7060047060,0,0,test
GRDC_4119281,2695,81.96,grdc,42.2521,-93.9938,"DES MOINES RIVER, NEAR STRATFORD, IA",United States of America,14438.6412403153,7060047060,0,0,test
GRDC_4119282,2695,81.96,grdc,42.5062,-94.2021,"DES MOINES RIVER, FORT DODGE, IA",United States of America,11196.9788010468,7060047060,0,0,test
GRDC_4119283,2695,81.96,grdc,42.7229,-94.1896,"DES MOINES RIVER, DAKOTA CITY, IA (EAST FORK)",United States of America,3454.78078935617,7060047060,0,0,test
GRDC_4119285,2695,81.96,grdc,41.5354,-93.9479,"RACCOON RIVER, VAN METER, IA",United States of America,8858.444458913242,7060047060,0,0,test
GRDC_4119286,2695,81.96,grdc,41.9896,-94.3729,"NORTH RACCOON RIVER, NEAR JEFFERSON, IA",United States of America,4219.77871212781,7060047060,0,0,test
GRDC_4119288,2695,81.96,grdc,42.4354,-93.8021,"BOONE RIVER, NEAR WEBSTER CITY, IA",United States of America,2146.14608412538,7060047060,0,0,test
GRDC_4119290,2695,81.96,grdc,39.6146,-91.4104,"SALT RIVER, NEAR NEW LONDON, MO",United States of America,6451.8062268370895,7060047060,0,0,test
GRDC_4119295,2695,81.96,grdc,39.0146,-90.9854,"CUIVRE RIVER, NEAR TROY, MO",United States of America,2395.98324259981,7060047060,0,0,test
GRDC_4119300,2694,81.93,grdc,40.3937,-91.3688,"MISSISSIPPI RIVER, KEOKUK, IA",United States of America,308755.668891187,7060047060,0,0,test
GRDC_4119310,2694,81.93,grdc,41.3438,-88.1854,"KANKAKEE RIVER, NEAR WILMINGTON, IL",United States of America,13406.108776628702,7060047060,0,0,test
GRDC_4119311,2695,81.96,grdc,41.1646,-87.6688,"KANKAKEE RIVER, MOMENCE, IL",United States of America,5922.521698284289,7060047060,0,0,test
GRDC_4119312,2695,81.96,grdc,41.1854,-87.3396,"KANKAKEE RIVER, SHELBY, IN",United States of America,4761.164808089529,7060047060,0,0,test
GRDC_4119313,2695,81.96,grdc,41.2188,-86.9688,"KANKAKEE RIVER, DUNNS BRIDGE, IN",United States of America,3679.11586199166,7060047060,0,0,test
GRDC_4119315,2695,81.96,grdc,41.0104,-87.8229,"IROQUOIS RIVER, NEAR CHEBANSE, IL",United States of America,5663.88044045321,7060047060,0,0,test
GRDC_4119317,2695,81.96,grdc,41.3854,-88.7896,"FOX RIVER, DAYTON, IL",United States of America,6657.53890766258,7060047060,0,0,test
GRDC_4119318,2695,81.96,grdc,41.2104,-88.9313,"VERMILION RIVER, NEAR LEONORE, IL",United States of America,3267.0071987036104,7060047060,0,0,test
GRDC_4119321,2695,81.96,grdc,40.7062,-90.2812,"SPOON RIVER, LONDON MILLS, IL",United States of America,2772.9613317973804,7060047060,0,0,test
GRDC_4119322,2695,81.96,grdc,40.4896,-90.3396,"SPOON RIVER, SEVILLE, IL",United States of America,4230.43173994447,7060047060,0,0,test
GRDC_4119325,2695,81.96,grdc,40.1354,-89.7354,"SALT CREEK, NEAR GREENVIEW, IL",United States of America,4733.78540886604,7060047060,0,0,test
GRDC_4119327,2695,81.96,grdc,40.0271,-90.6312,"LA MOINE RIVER, RIPLEY, IL",United States of America,3353.41908453894,7060047060,0,0,test
GRDC_4119400,2695,81.96,grdc,39.7021,-90.6438,"ILLINOIS RIVER, VALLEY CITY",United States of America,67621.8935534601,7060047060,0,0,test
GRDC_4119401,2695,81.96,grdc,41.1063,-89.3562,"ILLINOIS RIVER, HENRY, IL",United States of America,33602.7948759391,7060047060,0,0,test
GRDC_4119410,2695,81.96,grdc,40.1271,-89.9854,"SANGAMON RIVER, NEAR OAKFORD, IL",United States of America,13335.4512508474,7060047060,0,0,test
GRDC_4119430,2695,81.96,grdc,44.0604,-91.2854,"BLACK RIVER, NEAR GAILSVILLE, WI",United States of America,5410.87250426264,7060047060,0,0,test
GRDC_4119431,2695,81.96,grdc,44.5604,-90.6146,"BLACK RIVER, NEILLSVILLE, WI",United States of America,1961.9503409320105,7060047060,0,0,test
GRDC_4119440,2695,81.96,grdc,44.6312,-91.9688,"CHIPPEWA RIVER, DURAND, WI",United States of America,23187.2632147006,7060047060,0,0,test
GRDC_4119441,2695,81.96,grdc,44.9271,-91.4104,"CHIPPEWA RIVER, CHIPPEWA FALLS, WI",United States of America,14478.2119313693,7060047060,0,0,test
GRDC_4119442,2695,81.96,grdc,45.4521,-91.2604,"CHIPPEWA RIVER, NEAR BRUCE, WI",United States of America,4100.01391841118,7060047060,0,0,test
GRDC_4119450,2695,81.96,grdc,43.2021,-90.4437,"WISCONSIN RIVER, MUSCODA,, WI",United States of America,27290.308923650897,7060047060,0,0,test
GRDC_4119451,2695,81.96,grdc,43.6063,-89.7562,"WISCONSIN RIVER, WISCONSIN DELLS, WI",United States of America,21134.9810406455,7060047060,0,0,test
GRDC_4119452,2694,81.93,grdc,44.3937,-89.8229,"WISCONSIN RIVER, WISCONSIN RAPIDS, WI",United States of America,14285.9858375221,7060047060,0,0,test
GRDC_4119453,2643,80.38,grdc,44.8854,-89.6354,"WISCONSIN RIVER, ROTHSCHILD, WI",United States of America,10567.0230156644,7060047060,0,0,test
GRDC_4119454,2695,81.96,grdc,45.8312,-89.5479,"WISCONSIN RIVER, RAINBOW LAKE NEAR LAKE TOMAHAWK, WI",United States of America,1975.9642301787896,7060047060,0,0,test
GRDC_4119460,2695,81.96,grdc,44.6938,-93.6438,"MINNESOTA RIVER, NEAR JORDAN, MN",United States of America,41962.2463413478,7060047060,0,0,test
GRDC_4119461,2695,81.96,grdc,44.9354,-95.7312,"MINNESOTA RIVER, MONTEVIDEO, MN",United States of America,15614.4422448546,7060047060,0,0,test
GRDC_4119510,2695,81.96,grdc,42.0854,-90.6312,"MAQUOKETA RIVER, NEAR MAQUOKETA, IA",United States of America,4128.875820115271,7060047060,0,0,test
GRDC_4119600,2695,81.96,grdc,42.3438,-87.9396,"DES PLAINES RIVER, NEAR GURNEE, ILL.",United States of America,633.26309193906,7060047060,0,0,test
GRDC_4120110,2695,81.96,grdc,46.3854,-105.8438,"TONGUE RIVER, MILES CITY, MT",United States of America,13976.385414191202,7060047060,0,0,test
GRDC_4120111,2695,81.96,grdc,45.1396,-106.7646,"TONGUE RIVER, TONGUE RIVER DAM NEAR DECKER, MT",United States of America,4619.677996755399,7060047060,0,0,test
GRDC_4120120,2695,81.96,grdc,46.1229,-107.4688,"BIGHORN RIVER, ABOVE TULLOCK CREEK NEAR BIGHORN, MT",United States of America,57942.1973973266,7060047060,0,0,test
GRDC_4120121,2694,81.93,grdc,44.7604,-108.1813,"BIGHORN RIVER, KANE, WY",United States of America,40765.3370239378,7060047060,0,0,test
GRDC_4120125,2695,81.96,grdc,44.8354,-108.4313,"SHOSHONE RIVER, NEAR LOVELL, WY",United States of America,6309.58216008944,7060047060,0,0,test
GRDC_4120200,2695,81.96,grdc,48.1312,-106.3646,"MILK RIVER, NASHUA, MT",United States of America,56350.0425527706,7060047060,0,0,test
GRDC_4120300,2695,81.96,grdc,47.9312,-110.5146,"TETON RIVER, LOMA, MT",United States of America,5708.68898107888,7060047060,0,0,test
GRDC_4120301,2695,81.96,grdc,47.9312,-111.5521,"TETON RIVER, NEAR DUTTON, MT",United States of America,3521.43975810161,7060047060,0,0,test
GRDC_4120311,2695,81.96,grdc,48.4271,-111.8938,"MARIAS RIVER, NEAR SHELBY, MT",United States of America,7079.89798766333,7060047060,0,0,test
GRDC_4120320,2695,81.96,grdc,46.9938,-107.8896,"MUSSELSHELL RIVER, MOSBY, MT",United States of America,20231.2870692455,7060047060,0,0,test
GRDC_4120321,2695,81.96,grdc,46.4312,-108.5729,"MUSSELSHELL RIVER, NEAR ROUNDUP, MT",United States of America,10374.9673562126,7060047060,0,0,test
GRDC_4120322,2695,81.96,grdc,46.4312,-109.8396,"MUSSELSHELL RIVER, HARLOWTON, MT",United States of America,2904.2669878879,7060047060,0,0,test
GRDC_4120330,2695,81.96,grdc,45.8979,-111.5938,"JEFFERSON RIVER, NEAR THREE FORKS, MT",United States of America,24142.5181110966,7060047060,0,0,test
GRDC_4120331,2695,81.96,grdc,45.6104,-112.3229,"JEFFERSON RIVER, NEAR TWIN BRIDGES, MT",United States of America,19754.6787476456,7060047060,0,0,test
GRDC_4120900,2695,81.96,grdc,48.1229,-104.4729,"MISSOURI RIVER, NEAR CULBERTSON, MT",United States of America,238248.086514321,7060047060,0,0,test
GRDC_4120902,2695,81.96,grdc,48.0062,-110.2562,"MISSOURI RIVER, VIRGELLE, MT",United States of America,87509.9851317804,7060047060,0,0,test
GRDC_4120903,2695,81.96,grdc,46.1479,-111.4188,"MISSOURI RIVER, TOSTON, MT",United States of America,37890.8375001333,7060047060,0,0,test
GRDC_4120950,2695,81.96,grdc,47.6771,-104.1562,"YELLOWSTONE RIVER, NEAR SIDNEY, MT",United States of America,177951.80113272,7060047060,0,0,test
GRDC_4120951,2695,81.96,grdc,45.7979,-108.4688,"YELLOWSTONE RIVER, BILLINGS, MT",United States of America,30538.0550305184,7060047060,0,0,test
GRDC_4120952,2695,81.96,grdc,45.5979,-110.5646,"YELLOWSTONE RIVER, NEAR LIVINGSTON, MT",United States of America,9187.1817742028,7060047060,0,0,test
GRDC_4120953,2695,81.96,grdc,45.1146,-110.7938,"YELLOWSTONE RIVER, CORWIN SPRINGS, MT",United States of America,6763.229019928511,7060047060,0,0,test
GRDC_4121100,2695,81.96,grdc,47.5938,-103.2604,"LITTLE MISSOURI RIVER, NEAR WATFORD CITY, ND",United States of America,21363.3862865901,7060047060,0,0,test
GRDC_4121101,2695,81.96,grdc,46.2979,-103.9146,"LITTLE MISSOURI RIVER, MARMARTH, ND",United States of America,11885.3353273982,7060047060,0,0,test
GRDC_4121102,2695,81.96,grdc,45.5438,-103.9729,"LITTLE MISSOURI RIVER, CAMP CROOK, SD",United States of America,5001.2679124988,7060047060,0,0,test
GRDC_4121110,2695,81.96,grdc,47.2854,-101.6229,"KNIFE RIVER, HAZEN, ND",United States of America,5899.69269603683,7060047060,0,0,test
GRDC_4121111,2695,81.96,grdc,47.1562,-102.0604,"KNIFE RIVER, NEAR GOLDEN VALLEY, ND",United States of America,3212.22191247954,7060047060,0,0,test
GRDC_4121120,2695,81.96,grdc,46.3771,-100.9354,"CANNONBALL RIVER, BREIEN, ND",United States of America,10530.6006347186,7060047060,0,0,test
GRDC_4121121,2695,81.96,grdc,46.4271,-102.5521,"CANNONBALL RIVER, REGENT, ND",United States of America,1507.62476994115,7060047060,0,0,test
GRDC_4121125,2695,81.96,grdc,46.0896,-101.3354,"CEDAR CREEK, NEAR RALEIGH, ND",United States of America,4528.030036773979,7060047060,0,0,test
GRDC_4121126,2695,81.96,grdc,46.1562,-102.4729,"CEDAR CREEK, NEAR HAYNES, ND",United States of America,1428.57655924294,7060047060,0,0,test
GRDC_4121130,2695,81.96,grdc,45.1979,-102.1604,"MOREAU RIVER, NEAR FAITH, SD",United States of America,6694.64383217802,7060047060,0,0,test
GRDC_4121131,2695,81.96,grdc,45.2604,-100.8438,"MOREAU RIVER, NEAR WHITEHORSE, SD",United States of America,12530.2222264151,7060047060,0,0,test
GRDC_4121140,2695,81.96,grdc,43.3146,-103.8229,"CHEYENNE RIVER, EDGEMONT, SD",United States of America,18578.721873503106,7060047060,0,0,test
GRDC_4121141,2695,81.96,grdc,44.5312,-101.9313,"CHEYENNE RIVER, NEAR PLAINVIEW, SD",United States of America,55406.414564490304,7060047060,0,0,test
GRDC_4121142,2694,81.93,grdc,44.0812,-102.4021,"CHEYENNE RIVER, NEAR WASTA, SD",United States of America,32777.0087963603,7060047060,0,0,test
GRDC_4121145,2693,81.9,grdc,44.3229,-104.9437,"BELLE FOURCHE RIVER, BELOW MOORCROFT, WY",United States of America,4314.6646474131,7060047060,0,0,test
GRDC_4121146,2695,81.96,grdc,44.3688,-102.5646,"BELLE FOURCHE RIVER, NEAR ELM SPRINGS",United States of America,18298.0644026691,7060047060,0,0,test
GRDC_4121147,2695,81.96,grdc,44.6896,-103.7396,"BELLE FOURCHE RIVER, NEAR FRUITDALE, SD",United States of America,11592.2854044702,7060047060,0,0,test
GRDC_4121150,2695,81.96,grdc,44.3229,-100.3812,"BAD RIVER, NEAR FORT PIERRE, SD",United States of America,8082.866645922099,7060047060,0,0,test
GRDC_4121160,2695,81.96,grdc,43.7479,-99.5563,"WHITE RIVER, NEAR OACOMA, SD",United States of America,26000.4042481862,7060047060,0,0,test
GRDC_4121161,2695,81.96,grdc,43.7479,-101.5229,"WHITE RIVER, NEAR KADOKA, SD",United States of America,12946.429070761398,7060047060,0,0,test
GRDC_4121162,2695,81.96,grdc,43.0104,-102.8354,"WHITE RIVER, NEAR NE-SD STATE LINE",United States of America,3569.1115190148403,7060047060,0,0,test
GRDC_4121300,2695,81.96,grdc,43.1854,-97.6312,"JAMES RIVER, NEAR SCOTLAND, SD",United States of America,51136.4617736491,7060047060,0,0,test
GRDC_4121301,2695,81.96,grdc,43.9771,-98.0687,"JAMES RIVER, NEAR FORESTBURG, SD",United States of America,42911.1183053243,7060047060,0,0,test
GRDC_4121304,2695,81.96,grdc,46.8896,-98.6813,"JAMES RIVER, JAMESTOWN, ND",United States of America,6923.65085561431,7060047060,0,0,test
GRDC_4121311,2695,81.96,grdc,42.8188,-96.9229,"VERMILLION RIVER, NEAR VERMILLION, SD",United States of America,5911.84775131141,7060047060,0,0,test
GRDC_4121320,2695,81.96,grdc,42.8396,-96.5604,"BIG SIOUX RIVER, AKRON, IA",United States of America,19713.4541096045,7060047060,0,0,test
GRDC_4121321,2695,81.96,grdc,44.1812,-96.7479,"BIG SIOUX RIVER, NEAR BROOKINGS, SD",United States of America,8088.00943597013,7060047060,0,0,test
GRDC_4121330,2695,81.96,grdc,42.5771,-96.3104,"FLOYD RIVER, JAMES, IA",United States of America,2304.04088803208,7060047060,0,0,test
GRDC_4121341,2695,81.96,grdc,41.9646,-95.9854,"LITTLE SIOUX RIVER, NEAR TURIN, IA",United States of America,11280.6267560257,7060047060,0,0,test
GRDC_4121350,2695,81.96,grdc,41.6437,-95.7812,"BOYER RIVER, LOGAN, IA",United States of America,2279.38974531796,7060047060,0,0,test
GRDC_4121400,2695,81.96,grdc,42.7396,-98.2229,"NIOBRARA RIVER, NEAR VERDEL, NEBR.",United States of America,32170.0224096727,7060047060,0,0,test
GRDC_4121401,2695,81.96,grdc,42.9021,-100.3604,"NIOBRARA RIVER, NEAR SPARKS, NEBR.",United States of America,20713.7429257194,7060047060,0,0,test
GRDC_4121420,2695,81.96,grdc,45.6562,-100.8187,"GRAND RIVER, LITTLE EAGLE, SD",United States of America,13839.5297628197,7060047060,0,0,test
GRDC_4121430,2695,81.96,grdc,46.8354,-100.9729,"HEART RIVER, NEAR MANDAN, ND",United States of America,8499.085847748649,7060047060,0,0,test
GRDC_4121431,2695,81.96,grdc,46.7438,-102.3063,"HEART RIVER, NEAR RICHARDTON, ND",United States of America,3187.5377512242403,7060047060,0,0,test
GRDC_4121802,2695,81.96,grdc,46.8146,-100.8229,"MISSOURI RIVER, BISMARCK, ND",United States of America,475355.437924576,7060047060,0,0,test
GRDC_4122100,2695,81.96,grdc,41.2938,-96.2812,"ELKHORN RIVER, WATERLOO, NE",United States of America,17868.979617703,7060047060,0,0,test
GRDC_4122105,2695,81.96,grdc,41.7104,-96.5229,"LOGAN CREEK, NEAR UEHLING, NE",United States of America,2617.2630976857,7060047060,0,0,test
GRDC_4122111,2695,81.96,grdc,41.7812,-100.5271,"DISMAL RIVER, NEAR THEDFORD, NEBR.",United States of America,1468.28735560807,7060047060,0,0,test
GRDC_4122130,2695,81.96,grdc,41.1271,-101.5771,"SOUTH PLATTE RIVER, ROSCOE, NEBR.",United States of America,60437.9191355846,7060047060,0,0,test
GRDC_4122151,2695,81.96,grdc,41.8729,-107.0563,"NORTH PLATTE RIVER, ABOVE SEMINOE RESERVOIRE NR SINCLAIR, WY",United States of America,10851.9129938836,7060047060,0,0,test
GRDC_4122152,2695,81.96,grdc,41.9896,-104.0521,"NORTH PLATTE RIVER, WYOMING-NEBRASKA STATE LINE",United States of America,55640.3666395417,7060047060,0,0,test
GRDC_4122153,2695,81.96,grdc,42.6479,-105.1646,"NORTH PLATTE RIVER, ORIN, WY",United States of America,37485.4060932074,7060047060,0,0,test
GRDC_4122155,2695,81.96,grdc,42.0104,-106.5146,"MEDICINE BOW RIVER, ABOVE SIMINOE RESERVOIRE NEAR HANNA NY",United States of America,5763.54972099994,7060047060,0,0,test
GRDC_4122165,2695,81.96,grdc,40.8729,-95.5771,"NISHNABOTNA RIVER, RANDOLPH, IA (WEST)",United States of America,3415.0868613082,7060047060,0,0,test
GRDC_4122170,2695,81.96,grdc,40.3896,-95.8146,"LITTLE NEMAHA RIVER, AUBURN, NE",United States of America,2067.2538762220897,7060047060,0,0,test
GRDC_4122180,2695,81.96,grdc,40.0354,-95.5938,"BIG NEMAHA RIVER, FALLS CITY, NE",United States of America,3654.55522213064,7060047060,0,0,test
GRDC_4122190,2695,81.96,grdc,39.6896,-94.7021,"PLATTE RIVER, NEAR AGENCY, MO",United States of America,4516.28551750161,7060047060,0,0,test
GRDC_4122201,2695,81.96,grdc,39.2396,-96.5729,"BIG BLUE RIVER, NEAR MANHATTAN, KS",United States of America,24744.221281989,7060047060,0,0,test
GRDC_4122212,2695,81.96,grdc,40.3312,-98.0646,"LITTLE BLUE RIVER, NEAR DEWEESE, NE",United States of America,2685.72632874273,7060047060,0,0,test
GRDC_4122220,2695,81.96,grdc,38.7271,-98.2354,"SMOKY HILL RIVER, ELLSWORTH, KS",United States of America,19268.4735726938,7060047060,0,0,test
GRDC_4122221,2695,81.96,grdc,38.7938,-100.8562,"SMOKY HILL RIVER, ELKADER, KS",United States of America,9038.01386675248,7060047060,0,0,test
GRDC_4122222,2695,81.96,grdc,38.9062,-97.1188,"SMOKY HILL RIVER, ENTERPRISE, KS",United States of America,49553.4766234363,7060047060,0,0,test
GRDC_4122230,2695,81.96,grdc,39.0062,-97.8729,"SALINE RIVER, TESCOTT, KS",United States of America,7384.592478506909,7060047060,0,0,test
GRDC_4122240,2695,81.96,grdc,38.9688,-97.4771,"SOLOMON RIVER, NILES, KS",United States of America,17538.7027926118,7060047060,0,0,test
GRDC_4122250,2695,81.96,grdc,39.9271,-93.9437,"GRAND RIVER, NEAR GALLATIN, MO",United States of America,5827.88417387208,7060047060,0,0,test
GRDC_4122251,2694,81.93,grdc,39.6396,-93.2729,"GRAND RIVER, NEAR SUMNER, MO",United States of America,17956.3422458509,7060047060,0,0,test
GRDC_4122270,2695,81.96,grdc,38.6188,-95.2688,"MARAIS DES CYGNES RIVER, NEAR OTTAWA, KS",United States of America,3241.1732832295,7060047060,0,0,test
GRDC_4122280,2695,81.96,grdc,37.9312,-91.9729,"GASCONADE RIVER, JEROME, MO",United States of America,7358.58470689756,7060047060,0,0,test
GRDC_4122281,2695,81.96,grdc,38.3896,-91.8229,"GASCONADE RIVER, NEAR RICH FOUNTAIN, MO",United States of America,8280.168060610758,7060047060,0,0,test
GRDC_4122350,2695,81.96,grdc,39.3563,-97.1271,"REPUBLICAN RIVER, CLAY CENTER, KS",United States of America,63404.7087790345,7060047060,0,0,test
GRDC_4122351,2695,81.96,grdc,40.2854,-100.1396,"REPUBLICAN RIVER, CAMBRIDGE, NEBR.",United States of America,37368.4979359387,7060047060,0,0,test
GRDC_4122352,2695,81.96,grdc,40.1437,-101.2271,"REPUBLICAN RIVER, STRATTON, NEBR.",United States of America,21120.240026173,7060047060,0,0,test
GRDC_4122370,2695,81.96,grdc,40.2354,-100.8771,"FRENCHMAN CREEK, CULBERTSON, NEBR.",United States of America,7521.030626841441,7060047060,0,0,test
GRDC_4122600,2695,81.96,grdc,41.0146,-96.1562,"PLATTE RIVER, LOUISVILLE, NEBR.",United States of America,219078.535512907,7060047060,0,0,test
GRDC_4122601,2695,81.96,grdc,41.0604,-96.3271,"PLATTE RIVER, NEAR ASHLAND, NE",United States of America,214627.220043706,7060047060,0,0,test
GRDC_4122602,2695,81.96,grdc,41.3646,-97.4938,"PLATTE RIVER, NEAR DUNCAN, NEBR.",United States of America,154863.502990273,7060047060,0,0,test
GRDC_4122603,2695,81.96,grdc,40.8729,-98.2812,"PLATTE RIVER, NEAR GRAND ISLAND, NEBR.",United States of America,150549.002218273,7060047060,0,0,test
GRDC_4122620,2695,81.96,grdc,40.9688,-96.4521,"SALT CREEK, GREENWOOD, NEBR.",United States of America,2767.23563878259,7060047060,0,0,test
GRDC_4122630,2695,81.96,grdc,41.4188,-97.7229,"LOUP RIVER, NEAR GENOA, NEBR.",United States of America,35978.3785159542,7060047060,0,0,test
GRDC_4122635,2695,81.96,grdc,41.2646,-98.4479,"NORTH LOUP RIVER, NEAR ST. PAUL, NEBR.",United States of America,11247.1314481528,7060047060,0,0,test
GRDC_4122636,2695,81.96,grdc,41.7771,-99.3771,"NORTH LOUP RIVER, TAYLOR, NEBR.",United States of America,6226.767372883679,7060047060,0,0,test
GRDC_4122637,2695,81.96,grdc,41.2021,-98.4479,"MIDDLE LOUP RIVER, ST.PAUL, NEBR.",United States of America,19785.6911978693,7060047060,0,0,test
GRDC_4122638,2695,81.96,grdc,41.8312,-100.1062,"MIDDLE LOUP RIVER, DUNNING, NEBR.",United States of America,4960.28262981218,7060047060,0,0,test
GRDC_4122639,2695,81.96,grdc,41.0312,-98.7438,"SOUTH LOUP RIVER, ST. MICHAELS, NEBR.",United States of America,5761.04487691827,7060047060,0,0,test
GRDC_4122650,2695,81.96,grdc,40.6812,-95.8438,"MISSOURI RIVER, NEBRASKA CITY, NEBR.",United States of America,1034933.48959403,7060047060,0,0,test
GRDC_4122700,2695,81.96,grdc,38.9813,-94.9646,"KANSAS RIVER, DESOTO, KANS.",United States of America,154267.57652211198,7060047060,0,0,test
GRDC_4122701,2695,81.96,grdc,39.1979,-96.3063,"KANSAS RIVER, WAMEGO, KS",United States of America,142469.425579509,7060047060,0,0,test
GRDC_4122900,2695,81.96,grdc,38.7104,-91.4396,"MISSOURI RIVER, HERMANN, MO.",United States of America,1322654.10511425,7060047060,0,0,test
GRDC_4122901,2695,81.96,grdc,38.9771,-92.7562,"MISSOURI RIVER, BOONVILLE, MO",United States of America,1266198.87120356,7060047060,0,0,test
GRDC_4122902,2695,81.96,grdc,39.1104,-94.5896,"MISSOURI RIVER, KANSAS CITY, MO",United States of America,1223317.60833056,7060047060,0,0,test
GRDC_4122903,2695,81.96,grdc,40.0521,-95.4188,"MISSOURI RIVER, RULO, NE",United States of America,1047521.90362811,7060047060,0,0,test
GRDC_4123082,2695,81.96,grdc,36.7438,-84.1604,"CUMBERLAND RIVER, WILLIAMSBURG, KY",United States of America,4124.56068697031,7060047060,0,0,test
GRDC_4123083,2695,81.96,grdc,36.8479,-83.3562,"CUMBERLAND RIVER, NEAR HARLAN, KY",United States of America,940.426950718169,7060047060,0,0,test
GRDC_4123090,2695,81.96,grdc,38.3563,-88.5854,"SKILLET FORK, WAYNE CITY, ILL.",United States of America,1197.4800720529402,7060047060,0,0,test
GRDC_4123095,2695,81.96,grdc,35.9312,-87.7438,"DUCK RIVER, ABOVE HURRICANE MILLS, TENN",United States of America,6613.56656982146,7060047060,0,0,test
GRDC_4123110,2695,81.96,grdc,38.6354,-88.2979,"LITTLE WABASH RIVER, BELOW CLAY CITY, ILL.",United States of America,2885.58829315302,7060047060,0,0,test
GRDC_4123111,2694,81.93,grdc,38.0646,-88.1604,"LITTLE WABASH RIVER, CARMI, IL",United States of America,8080.67316871711,7060047060,0,0,test
GRDC_4123120,2695,81.96,grdc,38.3854,-87.9771,"BONPAS CREEK, BROWNS, ILL.",United States of America,573.53296021382,7060047060,0,0,test
GRDC_4123130,2695,81.96,grdc,38.4021,-87.7521,"WABASH RIVER, MOUNT CARMEL, ILL.",United States of America,74125.9222190673,7060047060,0,0,test
GRDC_4123131,2695,81.96,grdc,40.4229,-86.8979,"WABASH RIVER, LAFAYETTE, IN",United States of America,18889.3013274414,7060047060,0,0,test
GRDC_4123135,2695,81.96,grdc,40.7812,-86.2646,"EEL RIVER, NEAR LOGANSPORT, IN",United States of America,2013.9597388961,7060047060,0,0,test
GRDC_4123136,2695,81.96,grdc,41.1604,-86.5646,"TIPPECANOE RIVER, NEAR ORA, IN",United States of America,2233.32135063127,7060047060,0,0,test
GRDC_4123137,2695,81.96,grdc,38.9354,-88.0229,"EMBARRAS RIVER, STE. MARIE, IL",United States of America,3888.61747224022,7060047060,0,0,test
GRDC_4123200,2695,81.96,grdc,40.0479,-86.0146,"WHITE RIVER, NOBLESVILLE, IN",United States of America,2076.72700975213,7060047060,0,0,test
GRDC_4123201,2695,81.96,grdc,38.9312,-87.0104,"WHITE RIVER, NEWBERRY, IN",United States of America,12017.4692988671,7060047060,0,0,test
GRDC_4123202,2695,81.96,grdc,38.5104,-87.2896,"WHITE RIVER, PETERSBURG, IN",United States of America,28688.178242304,7060047060,0,0,test
GRDC_4123205,2695,81.96,grdc,39.1979,-85.9313,"WHITE RIVER, COLUMBUS, IN (EAST FORK)",United States of America,4435.59767547123,7060047060,0,0,test
GRDC_4123206,2695,81.96,grdc,38.9854,-85.9021,"WHITE RIVER, SEYMOUR, IN (EAST FORK)",United States of America,6162.09154856651,7060047060,0,0,test
GRDC_4123207,2695,81.96,grdc,38.6688,-86.7938,"WHITE RIVER, SHOALS, IN (EAST FORK)",United States of America,12916.6667756862,7060047060,0,0,test
GRDC_4123209,2695,81.96,grdc,39.3604,-85.9979,"SUGAR CREEK, NEAR EDINBURGH, IN",United States of America,1291.51080815513,7060047060,0,0,test
GRDC_4123210,2695,81.96,grdc,39.3396,-85.9896,"DRIFTWOOD RIVER, NEAR EDINBURGH, IN",United States of America,2823.78611083987,7060047060,0,0,test
GRDC_4123220,2695,81.96,grdc,37.2687,-85.8854,"GREEN RIVER, MUNFORDVILLE, KY",United States of America,4380.23729198361,7060047060,0,0,test
GRDC_4123225,2695,81.96,grdc,38.2354,-86.2271,"BLUE RIVER, NEAR WHITE CLOUD, IN",United States of America,1237.20030182165,7060047060,0,0,test
GRDC_4123230,2695,81.96,grdc,39.3937,-84.5729,"GREAT MIAMI RIVER, HAMILTON, OH",United States of America,9409.255433437753,7060047060,0,0,test
GRDC_4123235,2695,81.96,grdc,39.8688,-84.2812,"STILLWATER RIVER, ENGELWOOD, OH",United States of America,1528.47379138828,7060047060,0,0,test
GRDC_4123240,2695,81.96,grdc,38.2687,-84.8146,"ELKHORN CREEK, NEAR FRANKFORT, KY",United States of America,1203.38114608811,7060047060,0,0,test
GRDC_4123245,2695,81.96,grdc,37.7687,-85.7062,"ROLLING FORK, NEAR BOSTON, KY",United States of America,3395.5857022262103,7060047060,0,0,test
GRDC_4123250,2695,81.96,grdc,38.7104,-84.3146,"LICKING RIVER, CATAWBA, KY",United States of America,8533.856993551171,7060047060,0,0,test
GRDC_4123251,2695,81.96,grdc,38.5979,-84.2646,"LICKING RIVER, MCKINNEYSBURG, KY",United States of America,6015.663479576569,7060047060,0,0,test
GRDC_4123255,2695,81.96,grdc,38.8021,-83.4229,"OHIO BRUSH CREEK, NEAR WEST UNION, OH",United States of America,1011.60135233762,7060047060,0,0,test
GRDC_4123260,2695,81.96,grdc,39.2146,-82.8646,"SCIOTO RIVER, HIGBY, OH",United States of America,13432.7105221957,7060047060,0,0,test
GRDC_4123265,2695,81.96,grdc,38.1812,-81.7104,"BIG COAL RIVER, ASHFORD, WV",United States of America,1038.86163137197,7060047060,0,0,test
GRDC_4123268,2695,81.96,grdc,38.1354,-81.2146,"KANAWHA RIVER, KANAWHA FALLS, WV",United States of America,21252.4666105754,7060047060,0,0,test
GRDC_4123270,2695,81.96,grdc,37.6396,-80.8021,"GREENBRIER RIVER, HILLDALE, WV",United States of America,3929.26680244588,7060047060,0,0,test
GRDC_4123271,2695,81.96,grdc,37.7271,-80.6396,"GREENBRIER RIVER, ALDERSON, WV",United States of America,3376.87176096268,7060047060,0,0,test
GRDC_4123272,2695,81.96,grdc,38.1854,-80.1271,"GREENBRIER RIVER, BUCKEYE, WV",United States of America,1400.65410014366,7060047060,0,0,test
GRDC_4123275,2695,81.96,grdc,37.5438,-81.0104,"BLUESTONE RIVER, NEAR PIPESTEM, WV",United States of America,1004.17215328469,7060047060,0,0,test
GRDC_4123277,2695,81.96,grdc,36.9354,-80.7438,"NEW RIVER, ALLISONIA, VA",United States of America,5652.08381444776,7060047060,0,0,test
GRDC_4123278,2695,81.96,grdc,36.6479,-80.9812,"NEW RIVER, NEAR GALAX, VA",United States of America,2852.54651333516,7060047060,0,0,test
GRDC_4123280,2695,81.96,grdc,39.3271,-82.0896,"HOCKING RIVER, ATHENS, OH",United States of America,2429.46142350684,7060047060,0,0,test
GRDC_4123290,2695,81.96,grdc,39.4771,-80.9979,"MIDDLE ISLAND CREEK, LITTLE, WV",United States of America,1215.16844973506,7060047060,0,0,test
GRDC_4123300,2695,81.96,grdc,38.2854,-85.7979,"OHIO RIVER, LOUISVILLE, KY.",United States of America,235770.525265167,7060047060,0,0,test
GRDC_4123320,2695,81.96,grdc,40.6771,-80.5396,"LITTLE BEAVER CREEK, NEAR EAST LIVERPOOL, OH",United States of America,1335.27420479105,7060047060,0,0,test
GRDC_4123330,2695,81.96,grdc,39.1521,-80.0396,"TYGART VALLEY RIVER, PHILIPPI, WV",United States of America,2345.4414579971303,7060047060,0,0,test
GRDC_4123331,2695,81.96,grdc,39.0271,-79.9396,"TYGART VALLEY RIVER, BELINGTON, WV",United States of America,1108.8956671283302,7060047060,0,0,test
GRDC_4123335,2695,81.96,grdc,39.0729,-79.6188,"DRY FORK, HENDRICKS, WV",United States of America,876.134745317917,7060047060,0,0,test
GRDC_4123341,2695,81.96,grdc,39.1229,-79.6813,"CHEAT RIVER, NEAR PARSONS, WV",United States of America,1799.0722740555602,7060047060,0,0,test
GRDC_4123347,2695,81.96,grdc,39.8604,-79.2271,"CASSELMAN RIVER, MARKLETON, PA",United States of America,1017.79857944004,7060047060,0,0,test
GRDC_4123350,2695,81.96,grdc,42.1562,-78.7146,"ALLEGHENY RIVER, SALAMANCA, NY",United States of America,4154.85239239383,7060047060,0,0,test
GRDC_4123351,2695,81.96,grdc,41.9646,-78.3854,"ALLEGHENY RIVER, ELDRED, PA",United States of America,1414.34281612125,7060047060,0,0,test
GRDC_4123352,2695,81.96,grdc,40.6146,-79.7146,"ALLEGHENY RIVER, NATRONA, PA",United States of America,29428.5864038214,7060047060,0,0,test
GRDC_4123355,2695,81.96,grdc,41.4396,-79.9562,"FRENCH CREEK, UTICA, PA",United States of America,2688.07169949667,7060047060,0,0,test
GRDC_4123357,2695,81.96,grdc,40.9938,-79.3938,"REDBANK CREEK, ST. CHARLES, PA",United States of America,1374.85648522952,7060047060,0,0,test
GRDC_4123360,2695,81.96,grdc,35.1271,-83.6229,"NANTAHALA RIVER, NEAR RAINBOW SPRINGS, NC",United States of America,127.885665525155,7060047060,0,0,test
GRDC_4123365,2695,81.96,grdc,35.4604,-83.3562,"OCONALUFTEE RIVER, BIRDTOWN, NC",United States of America,483.383095903952,7060047060,0,0,test
GRDC_4123370,2695,81.96,grdc,36.4271,-83.3979,"CLINCH RIVER, ABOVE TAZEWELL, TN",United States of America,3816.0382926661296,7060047060,0,0,test
GRDC_4123375,2695,81.96,grdc,35.9854,-84.5604,"EMORY RIVER, OAKDALE, TN",United States of America,1937.43405359377,7060047060,0,0,test
GRDC_4123380,2695,81.96,grdc,35.6104,-82.5771,"FRENCH BROAD RIVER, ASHEVILLE, NC",United States of America,2455.30730097204,7060047060,0,0,test
GRDC_4123382,2695,81.96,grdc,35.2979,-82.6229,"FRENCH BROAD RIVER, BLANTYRE, NC",United States of America,770.262817891565,7060047060,0,0,test
GRDC_4123385,2695,81.96,grdc,36.1771,-82.4604,"NOLICHUCKY RIVER, EMBREEVILLE, TN",United States of America,2062.42980992151,7060047060,0,0,test
GRDC_4123400,2695,81.96,grdc,39.6437,-81.8479,"MUSKINGUM RIVER, MCCONNELSVILLE, OH",United States of America,18992.6981747047,7060047060,0,0,test
GRDC_4123510,2695,81.96,grdc,39.5812,-85.1521,"WHITEWATER RIVER, NEAR ALPINE, IND.",United States of America,1390.99630499947,7060047060,0,0,test
GRDC_4125010,2695,81.96,grdc,35.9229,-94.9229,"ILLINOIS RIVER, NEAR TAHLEQUA, OK",United States of America,2461.87699936592,7060047060,0,0,test
GRDC_4125020,2695,81.96,grdc,37.2438,-94.5646,"SPRING RIVER, NEAR WACO, MO",United States of America,2993.8505922508302,7060047060,0,0,test
GRDC_4125026,2695,81.96,grdc,37.3396,-95.1146,"NEOSHO RIVER, NEAR PARSONS, KS",United States of America,12642.2316701403,7060047060,0,0,test
GRDC_4125027,2695,81.96,grdc,36.9229,-94.9562,"NEOSHO RIVER, NEAR COMMERCE, OK",United States of America,15319.3859705553,7060047060,0,0,test
GRDC_4125028,2695,81.96,grdc,36.2313,-95.1813,"NEOSHO RIVER, NEAR CHOUTEAU, OK",United States of America,29888.6466521522,7060047060,0,0,test
GRDC_4125055,2695,81.96,grdc,36.2771,-95.9562,"BIRD CREEK, NEAR SPERRY, OK",United States of America,2354.01673444735,7060047060,0,0,test
GRDC_4125061,2695,81.96,grdc,35.9854,-96.9146,"CIMARRON RIVER, NEAR RIPLEY, OK",United States of America,42188.4333570539,7060047060,0,0,test
GRDC_4125062,2695,81.96,grdc,35.9521,-97.9146,"CIMARRON RIVER, NEAR DOVER, OK",United States of America,36212.9192616054,7060047060,0,0,test
GRDC_4125063,2695,81.96,grdc,36.5187,-98.8812,"CIMARRON RIVER, NEAR WAYNOKA, OK",United States of America,30240.678195239903,7060047060,0,0,test
GRDC_4125064,2695,81.96,grdc,37.0104,-100.4938,"CIMARRON RIVER, NEAR FORGAN, OK",United States of America,17406.1178651537,7060047060,0,0,test
GRDC_4125070,2695,81.96,grdc,37.2229,-96.9938,"WALNUT RIVER, WINFIELD, KS",United States of America,4835.669441723429,7060047060,0,0,test
GRDC_4125075,2695,81.96,grdc,36.9271,-102.9604,"CIMARRON RIVER, NEAR KENTON, OK",United States of America,3101.33933788029,7060047060,0,0,test
GRDC_4125110,2695,81.96,grdc,37.8646,-98.0146,"NORTH FORK NINNESCAH RIVER, ABOVE CHENEY RESERVOIRE, KS",United States of America,2057.01640725143,7060047060,0,0,test
GRDC_4125200,2695,81.96,grdc,35.1688,-94.6479,"POTEAU RIVER, NEAR PANAMA, OK",United States of America,4653.199982849001,7060047060,0,0,test
GRDC_4125205,2695,81.96,grdc,34.9146,-95.1521,"FOURCHE MALINE, NEAR RED OAK, OK",United States of America,313.560799909588,7060047060,0,0,test
GRDC_4125210,2695,81.96,grdc,35.1646,-94.4062,"JAMES FORK, NEAR HACKETT, AR",United States of America,382.79174695592906,7060047060,0,0,test
GRDC_4125500,2695,81.96,grdc,36.1437,-96.0062,"ARKANSAS RIVER, TULSA, OK",United States of America,187153.20094497895,7060047060,0,0,test
GRDC_4125550,2695,81.96,grdc,35.2646,-95.2396,"CANADIAN RIVER, NEAR WHITEFIELD, OK",United States of America,122427.013301745,7060047060,0,0,test
GRDC_4125552,2695,81.96,grdc,36.2979,-104.4938,"CANADIAN RIVER, NEAR TAYLAOR SPRINGS, NM",United States of America,7209.559777439459,7060047060,0,0,test
GRDC_4125555,2695,81.96,grdc,35.2646,-96.2062,"NORTH CANADIAN RIVER, NEAR WETUMKA, OK",United States of America,38044.1424838491,7060047060,0,0,test
GRDC_4125560,2695,81.96,grdc,36.8229,-100.5188,"BEAVER RIVER, BEAVER, OK",United States of America,21166.3633293358,7060047060,0,0,test
GRDC_4125565,2695,81.96,grdc,35.6771,-96.0687,"DEEP FORK, NEAR BEGGS, OK",United States of America,5199.75821820514,7060047060,0,0,test
GRDC_4125801,2642,80.35,grdc,37.0562,-97.0563,"ARKANSAS RIVER, ARKANSAS CITY",United States of America,111690.872013817,7060047060,0,0,test
GRDC_4125802,2695,81.96,grdc,37.9479,-97.7729,"ARKANSAS RIVER, NEAR HUTCHINSON, KS",United States of America,99425.0843149046,7060047060,0,0,test
GRDC_4125810,2646,80.47,grdc,37.8312,-97.3854,"LITTLE ARKANSAS RIVER, VALLEY CENTER, KS",United States of America,3331.92300298226,7060047060,0,0,test
GRDC_4125900,2695,81.96,grdc,34.7896,-91.4437,"WHITE RIVER, DEVALLS BLUFF, AR",United States of America,60811.1134512286,7060047060,0,0,test
GRDC_4125901,2695,81.96,grdc,35.6063,-91.2896,"WHITE RIVER, NEWPORT, AR",United States of America,51461.6439289874,7060047060,0,0,test
GRDC_4125904,2695,81.96,grdc,36.0729,-94.0771,"WHITE RIVER, NEAR FAYETTEVILLE, AR",United States of America,1018.3192037088,7060047060,0,0,test
GRDC_4125910,2695,81.96,grdc,36.6229,-90.8438,"CURRENT RIVER, DONIPHAN, MO",United States of America,5339.03647621138,7060047060,0,0,test
GRDC_4125911,2695,81.96,grdc,36.9938,-91.0146,"CURRENT RIVER, VAN BUREN, MO",United States of America,4340.4258843812,7060047060,0,0,test
GRDC_4125917,2695,81.96,grdc,36.3479,-91.1146,"ELEVEN POINT RIVER, NEAR RAVENDEN SPRINGS, AR",United States of America,2904.59757833699,7060047060,0,0,test
GRDC_4125918,2695,81.96,grdc,36.6479,-91.1979,"ELEVEN POINT RIVER, NEAR BARDLEY, MO",United States of America,2019.37912475787,7060047060,0,0,test
GRDC_4125920,2688,81.75,grdc,35.9854,-92.7438,"BUFFALO RIVER, NEAR ST. JOE, AR",United States of America,2144.61909767622,7060047060,0,0,test
GRDC_4125925,2695,81.96,grdc,36.8062,-93.4604,"JAMES RIVER, GALENA, MO",United States of America,2528.62131684269,7060047060,0,0,test
GRDC_4125930,2695,81.96,grdc,36.4271,-93.6229,"KINGS RIVER, NEAR BERRYVILLE, AR",United States of America,1369.88540353504,7060047060,0,0,test
GRDC_4125940,2695,81.96,grdc,35.7646,-91.2938,"BLACK RIVER, ELGIN FERRY, AR",United States of America,21800.3408781419,7060047060,0,0,test
GRDC_4125941,2695,81.96,grdc,36.1021,-91.0896,"BLACK RIVER, BLACK ROCK, AR",United States of America,19010.4935420491,7060047060,0,0,test
GRDC_4125942,2695,81.96,grdc,36.4021,-90.5396,"BLACK RIVER, NEAR CORNING, AR",United States of America,4595.92436302316,7060047060,0,0,test
GRDC_4125943,2695,81.96,grdc,36.7604,-90.3854,"BLACK RIVER, POPLAR BLUFF, MO",United States of America,3252.6580528079603,7060047060,0,0,test
GRDC_4125944,2695,81.96,grdc,37.3396,-90.7896,"BLACK RIVER, NEAR ANNAPOLIS, MO",United States of America,1291.07015077022,7060047060,0,0,test
GRDC_4125950,2695,81.96,grdc,37.1562,-91.3604,"JACKS FORK, EMINENCE, MO",United States of America,1059.3398287333698,7060047060,0,0,test
GRDC_4126100,2695,81.96,grdc,33.9188,-94.3896,"LITTLE RIVER, NEAR HORATIO, AR",United States of America,6946.946007849,7060047060,0,0,test
GRDC_4126150,2691,81.84,grdc,32.7479,-94.5021,"BIG CYPRESS CREEK, NEAR JEFFERSON, TX",United States of America,2287.31015064378,7060047060,0,0,test
GRDC_4126300,2695,81.96,grdc,34.0271,-95.7521,"MUDDY BOGGY CREEK, NEAR UNGER, OK",United States of America,5901.63552554499,7060047060,0,0,test
GRDC_4126301,2695,81.96,grdc,34.2729,-95.9104,"MUDDY BOGGY CREEK, NEAR FARRIS, OK",United States of America,2826.77279832049,7060047060,0,0,test
GRDC_4126351,2695,81.96,grdc,33.7604,-99.1438,"WICHITA RIVER, NEAR MABELLE, TX",United States of America,5308.43390856093,7060047060,0,0,test
GRDC_4126352,2695,81.96,grdc,33.6979,-99.3896,"WICHITA RIVER, NEAR SEYMOUR, TX",United States of America,4775.07435281996,7060047060,0,0,test
GRDC_4126750,2695,81.96,grdc,33.7021,-92.0271,"SALINE RIVER, NEAR RYE, ARK",United States of America,5452.87472460323,7060047060,0,0,test
GRDC_4126801,2695,81.96,grdc,33.5521,-94.0396,"RED RIVER, INDEX, AR",United States of America,124056.179760362,7060047060,0,0,test
GRDC_4126802,2695,81.96,grdc,33.8771,-95.5021,"RED RIVER, ARTHUR CITY, TX",United States of America,114789.77585812,7060047060,0,0,test
GRDC_4126803,2695,81.96,grdc,34.1063,-98.5354,"RED RIVER, NEAR BURKBURNETT, TX",United States of America,52759.274120058304,7060047060,0,0,test
GRDC_4126804,2695,81.96,grdc,33.8188,-96.5646,"RED RIVER, DENISON DAM NEAR DENISON, TX",United States of America,102334.891151597,7060047060,0,0,test
GRDC_4126805,2695,81.96,grdc,33.7271,-97.1562,"RED RIVER, NEAR GAINESVILLE, TX",United States of America,79216.9353010169,7060047060,0,0,test
GRDC_4126806,2695,81.96,grdc,33.0854,-93.8562,"RED RIVER, SPRING BANK, AR",United States of America,146883.23097607802,7060047060,0,0,test
GRDC_4126810,2695,81.96,grdc,34.6354,-99.0979,"NORTH FORK RED RIVER, NEAR HEADRICK, OK",United States of America,11760.7599498251,7060047060,0,0,test
GRDC_4126815,2695,81.96,grdc,35.0104,-99.9021,"ELM FORK RED RIVER, NEAR CARL, OK",United States of America,1138.8517654395698,7060047060,0,0,test
GRDC_4126851,2660,80.9,grdc,34.1729,-99.2771,"PEASE RIVER, NEAR VERNON, TX",United States of America,9556.227748144029,7060047060,0,0,test
GRDC_4127100,2695,81.96,grdc,38.5062,-90.5938,"MERAMEC RIVER, NEAR EUREKA, MO",United States of America,9755.10884580806,7060047060,0,0,test
GRDC_4127150,2695,81.96,grdc,35.2812,-88.9771,"HATCHIE RIVER, BOLIVAR, TN",United States of America,3807.36344601855,7060047060,0,0,test
GRDC_4127201,2695,81.96,grdc,38.6104,-89.3562,"KASKASKIA RIVER, CARLYLE, IL",United States of America,7006.4111470526295,7060047060,0,0,test
GRDC_4127202,2695,81.96,grdc,38.9604,-89.0854,"KASKASKIA RIVER, VANDALIA, IL",United States of America,5121.28135764354,7060047060,0,0,test
GRDC_4127310,2685,81.66,grdc,33.6521,-90.2146,"TALLAHATCHIE RIVER, MONEY, MS",United States of America,14006.9606499213,7060047060,0,0,test
GRDC_4127400,2695,81.96,grdc,36.2396,-89.2188,"OBION RIVER, HIGHWAY 51 NEAR OBION, TN",United States of America,4745.99525202004,7060047060,0,0,test
GRDC_4127501,2695,81.96,grdc,37.2146,-89.4646,"MISSISSIPPI RIVER, THEBES, IL",United States of America,1815351.36371393,7060047060,0,0,test
GRDC_4127502,2695,81.96,grdc,37.9021,-89.8354,"MISSISSIPPI RIVER, CHESTER, IL",United States of America,1802875.57854886,7060047060,0,0,test
GRDC_4127503,2695,81.96,grdc,38.6271,-90.1771,"MISSISSIPPI RIVER, ST. LOUIS, MO",United States of America,1773663.19577102,7060047060,0,0,test
GRDC_4127600,2695,81.96,grdc,33.5479,-90.5438,"BIG SUNFLOWER RIVER, SUNFLOWER, MS",United States of America,2264.34210915793,7060047060,0,0,test
GRDC_4127610,2695,81.96,grdc,34.9104,-89.7521,"COLDWATER RIVER, NEAR OLIVE BRANCH, MS",United States of America,491.453680984734,7060047060,0,0,test
GRDC_4127700,2695,81.96,grdc,32.3479,-90.7021,"BIG BLACK RIVER, NEAR BOVINA, MS",United States of America,7164.69064740228,7060047060,0,0,test
GRDC_4127701,2695,81.96,grdc,33.1938,-89.7688,"BIG BLACK RIVER, WEST, MS",United States of America,2625.52794868651,7060047060,0,0,test
GRDC_4127800,2695,81.96,grdc,32.3146,-90.9062,"MISSISSIPPI RIVER, VICKSBURG, MS",United States of America,2914997.01412671,7060047060,0,0,test
GRDC_4127910,2695,81.96,grdc,31.3229,-91.1104,"HOMOCHITTO RIVER, ROSETTA, MISS.",United States of America,2073.45479204793,7060047060,0,0,test
GRDC_4127920,2695,81.96,grdc,31.2312,-91.2938,"BUFFALO RIVER, NEAR WOODVILLE, MS",United States of America,471.66083635771895,7060047060,0,0,test
GRDC_4131031,2695,81.96,grdc,47.1146,-69.0896,"SAINT JOHN RIVER, DICKEY, ME",United States of America,7016.172483875041,7060038320,3,3,train
GRDC_4132010,2695,81.96,grdc,48.0146,-89.6146,"PIGEON RIVER, MIDDLE FALLS NEAR GRAND PORTAGE, MINN.",United States of America,1546.7231953217802,7060034520,2,2,train
GRDC_4132100,2695,81.96,grdc,46.6354,-92.0938,"NEMADJI RIVER, NEAR SOUTH SUPERIOR, WI",United States of America,1124.98560093752,7060034520,2,2,train
GRDC_4132200,2695,81.96,grdc,46.7021,-92.4188,"SAINT LOUIS RIVER, SCANLON, MN",United States of America,8883.47250741688,7060034520,2,2,train
GRDC_4132300,2695,81.96,grdc,46.4896,-90.6937,"BAD RIVER, NEAR ODANAH, WIS.",United States of America,1531.3674595296802,7060034520,2,2,train
GRDC_4132800,2695,81.96,grdc,46.7188,-89.2062,"ONTONAGON RIVER, NEAR ROCKLAND, MI",United States of America,3469.709671359989,7060034520,2,2,train
GRDC_4132900,2695,81.96,grdc,46.5729,-85.2688,"TAHQUAMENON RIVER, NEAR PARADISE, MICH.",United States of America,1980.2941781092104,7060034520,2,2,train
GRDC_4133100,2695,81.96,grdc,45.7562,-87.2021,"FORD RIVER, NEAR HYDE, MICH.",United States of America,1198.79934361449,7060034520,2,2,train
GRDC_4133250,2695,81.96,grdc,43.9521,-88.9479,"FOX RIVER, BERLIN, WIS.",United States of America,3351.0239272557696,7060034520,2,2,train
GRDC_4133260,2695,81.96,grdc,44.3937,-88.7479,"WOLF RIVER, NEW LONDON, WI",United States of America,5866.302121602839,7060034520,2,2,train
GRDC_4133300,2695,81.96,grdc,43.1021,-87.9104,"MILWAUKEE RIVER, MILWAUKEE, WIS.",United States of America,1720.89396496155,7060034520,2,2,train
GRDC_4133400,2695,81.96,grdc,45.3271,-87.6604,"MENOMINEE RIVER, NEAR MCALLISTER, WI",United States of America,10088.4610526338,7060034520,2,2,train
GRDC_4133450,2695,81.96,grdc,46.0354,-86.1604,"MANISTIQUE RIVER, NEAR MANISTIQUE, MI",United States of America,2880.77489802955,7060034520,2,2,train
GRDC_4133500,2695,81.96,grdc,41.8312,-86.2562,"SAINT JOSEPH RIVER, NILES, MI",United States of America,9095.17528022826,7060034520,2,2,train
GRDC_4133501,2695,81.96,grdc,41.8021,-85.7562,"SAINT JOSEPH RIVER, MOTTVILLE, MI",United States of America,4437.81070875151,7060034520,2,2,train
GRDC_4133550,2695,81.96,grdc,41.5938,-85.8479,"ELKHART RIVER, GOSHEN, IND.",United States of America,1596.36878326434,7060034520,2,2,train
GRDC_4133651,2695,81.96,grdc,42.3229,-85.1979,"KALAMAZOO RIVER, NEAR BATTLE CREEK, MI",United States of America,2476.55838814588,7060034520,2,2,train
GRDC_4133652,2695,81.96,grdc,42.2646,-84.9646,"KALAMAZOO RIVER, MARSHALL, MI",United States of America,1359.48289040145,7060034520,2,2,train
GRDC_4133700,2695,81.96,grdc,43.4354,-85.6688,"MUSKEGON RIVER, NEAR CROTON, MI",United States of America,5958.77304326812,7060034520,2,2,train
GRDC_4133701,2695,81.96,grdc,43.8979,-85.2562,"MUSKEGON RIVER, EVART, MI",United States of America,3618.51114672813,7060034520,2,2,train
GRDC_4133750,2695,81.96,grdc,42.9646,-85.6771,"GRAND RIVER, GRAND RAPIDS, MICH.",United States of America,13315.4570882444,7060034520,2,2,train
GRDC_4133751,2695,81.96,grdc,42.7521,-84.5563,"GRAND RIVER, LANSING, MI",United States of America,3209.2856275285303,7060034520,2,2,train
GRDC_4134300,2695,81.96,grdc,43.5979,-84.2271,"TITTABAWASEE RIVER, MIDLAND, MI",United States of America,5444.836174231989,7060034520,2,2,train
GRDC_4134350,2695,81.96,grdc,43.6271,-84.7062,"CHIPPEWA RIVER, NEAR MOUNT PLEASANT, MICH.",United States of America,1098.9484560622195,7060034520,2,2,train
GRDC_4134500,2695,81.96,grdc,43.0146,-84.1813,"SHIAWASSEE RIVER, OWOSSO, MICH.",United States of America,1329.6192496822198,7060034520,2,2,train
GRDC_4134700,2695,81.96,grdc,44.4354,-83.4396,"AU SABLE RIVER, NEAR AU SABLE, MI",United States of America,4595.14595701617,7060034520,2,2,train
GRDC_4134800,2695,81.96,grdc,45.1271,-83.6354,"THUNDERBAY RIVER, HERRON ROAD NEAR BOLTON, MI",United States of America,1460.83961819762,7060034520,2,2,train
GRDC_4135100,2695,81.96,grdc,41.9604,-83.5312,"RIVER RAISIN, NEAR MONROE, MICH.",United States of America,2791.16333802851,7060034520,2,2,train
GRDC_4135200,2695,81.96,grdc,41.5021,-83.7146,"MAUMEE RIVER, WATERVILLE, OHIO",United States of America,16363.5257596977,7060034520,2,2,train
GRDC_4135201,2695,81.96,grdc,41.1938,-84.7354,"MAUMEE RIVER, ANTWERP, OH",United States of America,5595.45067538349,7060034520,2,2,train
GRDC_4135205,2695,81.96,grdc,41.2396,-84.4021,"AUGLAIZE RIVER, NEAR DEFIANCE, OH",United States of America,5731.119192248591,7060034520,2,2,train
GRDC_4135210,2695,81.96,grdc,41.3062,-83.1562,"SANDUSKY RIVER, NEAR FREMONT, OHIO",United States of America,3079.47282565384,7060034520,2,2,train
GRDC_4135300,2695,81.96,grdc,42.5979,-82.9062,"CLINTON RIVER, MORAVIAN DRIVE AT MT. CLEMENS, MI",United States of America,1854.31385398885,7060034520,2,2,train
GRDC_4135400,2695,81.96,grdc,42.2896,-83.7312,"HURON RIVER, ANN ARBOR, MI",United States of America,1641.24971663129,7060034520,2,2,train
GRDC_4135500,2695,81.96,grdc,41.7188,-81.2271,"GRAND RIVER, PAINESVILLE, OH",United States of America,1802.18665896793,7060034520,2,2,train
GRDC_4135800,2695,81.96,grdc,42.4646,-78.9354,"CATTARAUGUS CREEK, GOWANDA, N.Y.",United States of America,1158.63720557493,7060034520,2,2,train
GRDC_4136301,2695,81.96,grdc,42.5688,-78.0438,"GENESEE RIVER, PORTAGEVILLE, NY",United States of America,2528.92584916228,7060034520,2,2,train
GRDC_4136400,2695,81.96,grdc,43.4521,-76.5062,"OSWEGO RIVER, LOCK 7, OSWEGO, NY",United States of America,13259.9613612737,7060034520,2,2,train
GRDC_4136500,2695,81.96,grdc,43.9854,-75.9229,"BLACK RIVER, WATERTOWN, NY",United States of America,4837.04010318373,7060034520,2,2,train
GRDC_4143310,2695,81.96,grdc,44.5979,-75.3771,"OSWEGATCHIE RIVER, NEAR HEUVELTON, NY",United States of America,2538.96357666444,7060034520,2,2,train
GRDC_4143500,2695,81.96,grdc,44.8646,-74.7771,"SAINT REGIS RIVER, BRASHER CENTER, N.Y.",United States of America,1587.19000441692,7060034520,2,2,train
GRDC_4143550,2695,81.96,grdc,45.0021,-74.7938,"SAINT LAWRENCE RIVER, CORNWALL(ONT.), NEAR MASSENA, N.Y.",United States of America,771625.376804346,7060034520,2,2,train
GRDC_4143710,2695,81.96,grdc,44.6812,-73.4729,"SARANAC RIVER, PLATTSBURGH, N.Y.",United States of America,1555.73380268571,7060034520,2,2,train
GRDC_4143750,2695,81.96,grdc,44.0146,-73.1688,"OTTER CREEK, MIDDLEBURY, VT.",United States of America,1636.99721675344,7060034520,2,2,train
GRDC_4143770,2695,81.96,grdc,44.6771,-73.0729,"LAMOILLE RIVER, EAST GEORGIA, VT.",United States of America,1772.42752135127,7060034520,2,2,train
GRDC_4143790,2695,81.96,grdc,44.9604,-72.6979,"MISSISQUOI RIVER, NEAR EAST BERKSHIRE, VT.",United States of America,1235.1517519082902,7060034520,2,2,train
GRDC_4146050,2695,81.96,grdc,48.8438,-122.5896,"NOOKSACK RIVER, FERNDALE, WA",United States of America,2097.94854220305,7060016100,4,4,train
GRDC_4146080,2695,81.96,grdc,48.4438,-122.3354,"SKAGIT RIVER, NEAR MOUNT VERNON, WA",United States of America,8039.68841683111,7060016090,4,4,train
GRDC_4146081,2695,81.96,grdc,48.5229,-121.7688,"SKAGIT RIVER, NEAR CONCRETE, WA",United States of America,7073.20134812116,7060016090,4,4,train
GRDC_4146082,2695,81.96,grdc,48.5354,-121.4313,"SKAGIT RIVER, MARBLEMOUNT, WA",United States of America,3567.0831526654,7060016090,4,4,train
GRDC_4146083,2695,81.96,grdc,48.6729,-121.2479,"SKAGIT RIVER, NEWHALEM, WA",United States of America,3050.3530093269105,7060016090,4,4,train
GRDC_4146085,2695,81.96,grdc,48.4271,-121.5687,"SAUK RIVER, NEAR SAUK, WA",United States of America,1851.76072454264,7060016090,4,4,train
GRDC_4146100,2695,81.96,grdc,41.7896,-124.0771,"SMITH RIVER, NEAR CRESCENT CITY, CA",United States of America,1573.13366769842,7060014210,1,1,val
GRDC_4146111,2695,81.96,grdc,41.8521,-123.2312,"KLAMATH RIVER, NEAR SEIAD VALLEY, CA",United States of America,17644.6962562005,7060014200,1,1,val
GRDC_4146112,2695,81.96,grdc,42.1312,-121.9604,"KLAMATH RIVER, KENO, OR",United States of America,9880.35398707064,7060014200,1,1,val
GRDC_4146115,2695,81.96,grdc,41.0521,-123.6729,"TRINITY RIVER, HOOPA, CA",United States of America,7361.422191587959,7060014200,1,1,val
GRDC_4146120,2695,81.96,grdc,41.2979,-124.0479,"REDWOOD CREEK, ORICK, CA",United States of America,707.5068745003059,7060014050,1,1,val
GRDC_4146130,2695,81.96,grdc,41.8229,-122.5938,"SHASTA RIVER, NEAR YREKA, CA",United States of America,1967.33374909383,7060014200,1,1,val
GRDC_4146140,2695,81.96,grdc,42.5646,-121.8812,"WILLIAMSON RIVER, BELOW SPRAGUE RIVER NEAR CHILOQUIN, OR",United States of America,7662.8665189338,7060014200,1,1,val
GRDC_4146141,2695,81.96,grdc,42.7396,-121.8354,"WILLIAMSON RIVER, NEAR KLAMATH AGENCY, OR",United States of America,3341.47351180523,7060014200,1,1,val
GRDC_4146145,2695,81.96,grdc,42.5854,-121.8479,"SPRAGUE RIVER, NEAR CHILOQUIN, CA",United States of America,4107.2564893996505,7060014200,1,1,val
GRDC_4146150,2695,81.96,grdc,47.0021,-123.4979,"SATSOP RIVER, NEAR SATSOP, WASH.",United States of America,755.010613272851,7060015090,1,1,val
GRDC_4146155,2695,81.96,grdc,47.8062,-124.2521,"HOH RIVER, U.S. HIGHWAY 101 NEAR FORKS, WASH.",United States of America,663.7734667558419,7060015100,2,2,train
GRDC_4146160,2695,81.96,grdc,46.9396,-123.3146,"CHEHALIS RIVER, PORTER, WASH.",United States of America,3331.3650258336497,7060015090,1,1,val
GRDC_4146161,2695,81.96,grdc,46.7771,-123.0354,"CHEHALIS RIVER, NEAR GRAND MOUND, WASH",United States of America,2311.52591984397,7060015090,1,1,val
GRDC_4146170,2695,81.96,grdc,46.9354,-122.5563,"NISQUALLY RIVER, MCKENNA, WA",United States of America,1367.81922133753,7060015100,2,2,train
GRDC_4146175,2695,81.96,grdc,47.4604,-123.8896,"QUINAULT RIVER, QUINAULT LAKE, WASH.",United States of America,686.5655999561541,7060015100,2,2,train
GRDC_4146180,2695,81.96,grdc,40.4896,-124.1021,"EEL RIVER, SCOTIA, CALIF.",United States of America,8000.844853003909,7060014040,4,4,train
GRDC_4146185,2695,81.96,grdc,47.5396,-124.3146,"QUEETS RIVER, NEAR CLEARWATER, WA",United States of America,1163.53258287146,7060015100,2,2,train
GRDC_4146190,2695,81.96,grdc,47.8312,-122.0438,"SNOHOMISH RIVER, NEAR MONROE, WA",United States of America,3969.82812088082,7060016000,1,1,val
GRDC_4146195,2695,81.96,grdc,47.2104,-122.3271,"PUYALLUP RIVER, PUYALLUP, WA",United States of America,2561.69902389093,7060015900,1,1,val
GRDC_4146200,2695,81.96,grdc,39.7062,-123.3271,"EEL RIVER, NEAR DOS RIOS, CA (MIDDLE FORK)",United States of America,1919.8163005954,7060014040,4,4,train
GRDC_4146210,2695,81.96,grdc,38.5062,-122.9271,"RUSSIAN RIVER, NEAR GUERNEVILLE, CA",United States of America,3481.8636900609804,7060013560,2,2,train
GRDC_4146220,2695,81.96,grdc,47.4854,-121.6479,"MIDDLE FORK SNOQUALMIE RIVER, NEAR TANNER, WASH.",United States of America,400.570036591634,7060016000,1,1,val
GRDC_4146230,2695,81.96,grdc,39.1729,-123.6688,"NAVARRO RIVER, NEAR NAVARRO, CA",United States of America,798.8740180171271,7060013560,2,2,train
GRDC_4146250,2678,81.45,grdc,39.1646,-122.6229,"NORTH FORK CACHE CREEK, HOUGH SPRING NEAR CLEARLAKE OAKS, CA",United States of America,165.512815395868,7060013550,3,3,train
GRDC_4146270,2695,81.96,grdc,38.6354,-121.2271,"AMERICAN RIVER, FAIR OAKS, CA",United States of America,4943.61387699729,7060013550,3,3,train
GRDC_4146281,2695,81.96,grdc,38.7729,-121.5979,"SACRAMENTO RIVER, VERONA, CA",United States of America,57280.58994475481,7060013550,3,3,train
GRDC_4146310,2695,81.96,grdc,37.3271,-122.3854,"SAN GREGORIO CREEK, SAN GREGORIO, CA",United States of America,128.511751644771,7060013180,4,4,train
GRDC_4146320,2695,81.96,grdc,36.2687,-121.0646,"SAN LORENZO CREEK, BL BITTERWATER CREEK NEAR KING CITY,CA",United States of America,616.011899557261,7060013170,4,4,train
GRDC_4146340,2695,81.96,grdc,37.0771,-121.4938,"MIDDLE FORK COYOTE CREEK, NEAR GILROY, CA",United States of America,282.396594386809,7060013180,4,4,train
GRDC_4146350,2695,81.96,grdc,37.5604,-121.6813,"ARROYO VALLE, BELOW LANG CANYON NEAR LIVERMORE, CA",United States of America,332.574709506084,7060013180,4,4,train
GRDC_4146360,2695,81.96,grdc,37.6771,-121.2646,"SAN JOAQUIN RIVER, NEAR VERNALIS, CA",United States of America,41952.4477017856,7060013550,3,3,train
GRDC_4146370,2695,81.96,grdc,48.6729,-121.0729,"THUNDER CREEK, NEAR NEWHALEM, WA",United States of America,276.93821568483,7060016090,4,4,train
GRDC_4146400,2695,81.96,grdc,36.6312,-121.6729,"SALINAS RIVER, NEAR SPRECKELS, CA",United States of America,10860.4642696399,7060013170,4,4,train
GRDC_4146401,2695,81.96,grdc,48.0562,-123.5854,"ELWHA RIVER, MCDONALD BRIDGE NEAR PORT ANGELES, WA",United States of America,693.798164268602,7060015100,2,2,train
GRDC_4146410,2695,81.96,grdc,35.0229,-120.2271,"CUYAMA RIVER, BELOW BUCKHORN CANYON NEAR SANTA MARIA",United States of America,2305.6008786598104,7060012950,1,1,val
GRDC_4146630,2695,81.96,grdc,34.5979,-119.9062,"SANTA CRUZ CREEK, NEAR SANTA YNEZ, CA",United States of America,196.69748952574403,7060012600,1,1,val
GRDC_4146650,2695,81.96,grdc,43.5896,-123.5563,"UMPQUA RIVER, NEAR ELKTON, OR",United States of America,9429.1371285153,7060014520,2,2,train
GRDC_4146670,2695,81.96,grdc,42.5812,-124.0604,"ROGUE RIVER, NEAR AGNESS, OREG.",United States of America,10162.3238894259,7060014340,1,1,val
GRDC_4146900,2695,81.96,grdc,33.2188,-117.3604,"SAN LUIS REY RIVER, OCEANSIDE, CA",United States of America,1463.21336694919,7060012280,2,2,train
GRDC_4146901,2695,81.96,grdc,42.4354,-122.9854,"ROGUE RIVER, RAYGOLD NEAR CENTRAL POINT, OREG",United States of America,5280.0757709522,7060014340,1,1,val
GRDC_4146950,2695,81.96,grdc,33.0521,-116.9437,"SANTA MARIA CREEK, NEAR RAMONA, CA",United States of America,144.660004404082,7060012280,2,2,train
GRDC_4147010,2695,81.96,grdc,45.2354,-68.6521,"PENOBSCOT RIVER, WEST ENFIELD, ME.",United States of America,17318.8399941884,7060038810,2,2,train
GRDC_4147031,2695,81.96,grdc,47.1146,-69.0896,"SAINT JOHN RIVER, DICKEY, ME",United States of America,7016.172483875041,7060038320,3,3,train
GRDC_4147050,2695,81.96,grdc,45.0521,-69.8854,"KENNEBEC RIVER, BINGHAM, ME.",United States of America,7045.01613082693,7060038980,1,1,val
GRDC_4147051,2695,81.96,grdc,44.4729,-69.6813,"KENNEBEC RIVER, NORTH SIDNEY, ME",United States of America,13988.558011108602,7060038980,1,1,val
GRDC_4147061,2695,81.96,grdc,45.5688,-67.4271,"SAINT CROIX RIVER, VANCEBORO, ME",United States of America,1057.95846745161,7060038340,2,2,train
GRDC_4147110,2695,81.96,grdc,44.0729,-70.2062,"ANDROSCOGGIN RIVER, NEAR AUBURN, ME.",United States of America,8447.519545610608,7060038980,1,1,val
GRDC_4147111,2695,81.96,grdc,44.4354,-71.1896,"ANDROSCOGGIN RIVER, NEAR GORHAM, NH",United States of America,3506.3650900439097,7060038980,1,1,val
GRDC_4147310,2695,81.96,grdc,43.1021,-70.9521,"LAMPREY RIVER, NEAR NEWMARKET, N.H.",United States of America,587.095842314373,7060039070,4,4,train
GRDC_4147320,2695,81.96,grdc,37.5604,-77.5479,"JAMES RIVER, NEAR RICHMOND, VA.",United States of America,17532.3907604623,7060041900,2,2,train
GRDC_4147330,2695,81.96,grdc,37.6729,-78.0854,"JAMES RIVER, CARTERSVILLE, VA",United States of America,16228.4511402428,7060041900,2,2,train
GRDC_4147340,2695,81.96,grdc,37.2271,-77.4771,"APPOMATTOX RIVER, MATOACA, VA",United States of America,3485.23995465944,7060041920,1,1,val
GRDC_4147380,2695,81.96,grdc,42.6479,-71.2979,"MERRIMACK RIVER, BELOW CONCORD RIVER AT LOWELL, MA",United States of America,12057.4782671634,7060039160,2,2,train
GRDC_4147381,2695,81.96,grdc,42.9479,-71.4604,"MERRIMACK RIVER, NEAR GOFFS FALLS BELOW MANCHESTER, NH",United States of America,8049.507121183249,7060039160,2,2,train
GRDC_4147382,2695,81.96,grdc,43.4229,-71.6521,"MERRIMACK RIVER, FRANKLIN JUNCTION, NH",United States of America,3955.9268656265294,7060039160,2,2,train
GRDC_4147410,2695,81.96,grdc,41.9979,-71.5646,"BRANCH RIVER, FORESTDALE, R.I.",United States of America,237.355924444214,7060039170,3,3,train
GRDC_4147440,2695,81.96,grdc,41.3854,-71.8354,"PAWCATUCK RIVER, WESTERLY, R.I.",United States of America,781.471511921964,7060039170,3,3,train
GRDC_4147450,2695,81.96,grdc,41.6979,-72.1813,"SHETUCKET RIVER, NEAR WILLIMANTIC, CONN.",United States of America,1034.73587535716,7060039170,3,3,train
GRDC_4147460,2695,81.96,grdc,41.9896,-72.6062,"CONNECTICUT RIVER, THOMPSONVILLE, CT",United States of America,24969.6504175986,7060039620,3,3,train
GRDC_4147461,2695,81.96,grdc,42.5812,-72.5729,"CONNECTICUT RIVER, MONTAGUE CITY, MA",United States of America,20282.7589756896,7060039620,3,3,train
GRDC_4147462,2695,81.96,grdc,43.6479,-72.3146,"CONNECTICUT RIVER, WEST LEBANON, NH",United States of America,10530.3675700821,7060039620,3,3,train
GRDC_4147463,2695,81.96,grdc,44.7521,-71.6312,"CONNECTICUT RIVER, NORTH STRATFORD, NH",United States of America,2051.1849312884,7060039620,3,3,train
GRDC_4147465,2695,81.96,grdc,44.3646,-72.0396,"PASSUMPSIC RIVER, PASSUMPSIC, VT",United States of America,1123.70937526406,7060039620,3,3,train
GRDC_4147470,2695,81.96,grdc,42.2354,-72.8938,"WESTFIELD RIVER, HUNTINGTON, MASS. (WEST BRANCH)",United States of America,248.77740793661096,7060039620,3,3,train
GRDC_4147475,2695,81.96,grdc,42.1604,-72.5146,"CHICOPEE RIVER, INDIAN ORCHARD, MA",United States of America,1822.53450848772,7060039620,3,3,train
GRDC_4147490,2695,81.96,grdc,41.3854,-73.1688,"HOUSATONIC RIVER, STEVENSON, CONN.",United States of America,3969.35271418861,7060039630,1,1,val
GRDC_4147491,2695,81.96,grdc,41.6521,-73.4896,"HOUSATONIC RIVER, GAYLORDSVILLE, CT",United States of America,2563.64842766402,7060039630,1,1,val
GRDC_4147500,2695,81.96,grdc,42.7521,-73.6854,"HUDSON RIVER, GREEN ISLAND, N.Y.",United States of America,21093.2957275082,7060039870,3,3,train
GRDC_4147501,2695,81.96,grdc,43.2687,-73.5979,"HUDSON RIVER, FORT EDWARD, NY",United States of America,7298.39750224182,7060039870,3,3,train
GRDC_4147502,2695,81.96,grdc,43.7021,-73.9854,"HUDSON RIVER, NORTH CREEK, NY",United States of America,2038.6256652008603,7060039870,3,3,train
GRDC_4147505,2695,81.96,grdc,43.3104,-73.8688,"SACANDAGA RIVER, STEWARTS BRIDGE NEAR HADLEY, NY",United States of America,2765.7761970454603,7060039870,3,3,train
GRDC_4147510,2695,81.96,grdc,41.6896,-74.1646,"WALLKILL RIVER, GARDINER, N.Y.",United States of America,1903.82863997854,7060039870,3,3,train
GRDC_4147540,2695,81.96,grdc,40.8896,-74.0812,"SADDLE RIVER, LODI, N.J.",United States of America,155.823290573553,7060039920,3,3,train
GRDC_4147600,2695,81.96,grdc,40.2229,-74.7812,"DELAWARE RIVER, TRENTON, N.J.",United States of America,17495.3951607099,7060040360,3,3,train
GRDC_4147601,2695,81.96,grdc,41.3104,-74.7979,"DELAWARE RIVER, MONTAGUE, NJ",United States of America,8973.287532733051,7060040360,3,3,train
GRDC_4147605,2695,81.96,grdc,41.9729,-75.1729,"DELAWARE RIVER, FISHS EDDY, NY (EAST BRANCH)",United States of America,2018.2162277805496,7060040360,3,3,train
GRDC_4147606,2695,81.96,grdc,42.0021,-75.3854,"DELAWARE RIVER, HALE EDDY, NY (WEST BRANCH)",United States of America,1537.87004213531,7060040360,3,3,train
GRDC_4147650,2695,81.96,grdc,40.2438,-75.6521,"SCHUYLKILL RIVER, POTTSTOWN, PA.",United States of America,2982.69158123707,7060040360,3,3,train
GRDC_4147651,2695,81.96,grdc,39.9688,-75.1854,"SCHUYLKILL RIVER, PHILADELPHIA, PA",United States of America,4900.75263173066,7060040360,3,3,train
GRDC_4147700,2695,81.96,grdc,40.2562,-76.8854,"SUSQUEHANNA RIVER, HARRISBURG, PA.",United States of America,62213.9802835562,7060041050,2,2,train
GRDC_4147701,2695,81.96,grdc,42.0354,-75.8021,"SUSQUEHANNA RIVER, CONKLIN, NY",United States of America,5784.460447999771,7060041050,2,2,train
GRDC_4147702,2695,81.96,grdc,42.3229,-75.3146,"SUSQUEHANNA RIVER, UNADILLA, NY",United States of America,2554.87861550017,7060041050,2,2,train
GRDC_4147703,2695,81.96,grdc,39.6604,-76.1729,"SUSQUEHANNA RIVER, CONOWINGO, MD",United States of America,69926.14419264901,7060041050,2,2,train
GRDC_4147704,2695,81.96,grdc,41.2521,-75.8812,"SUSQUEHANNA RIVER, WILKES-BARRE, PA",United States of America,25719.9959402384,7060041050,2,2,train
GRDC_4147710,2695,81.96,grdc,42.2188,-75.8479,"CHENANGO RIVER, NEAR CHENANGO FORKS, NY",United States of America,3790.432181059529,7060041050,2,2,train
GRDC_4147715,2695,81.96,grdc,42.0062,-76.6312,"CHEMUNG RIVER, CHEMUNG, NY",United States of America,6475.81284878791,7060041050,2,2,train
GRDC_4147720,2695,81.96,grdc,40.4771,-77.1271,"JUNIATA RIVER, NEWPORT, PA",United States of America,8711.0699576344,7060041050,2,2,train
GRDC_4147721,2695,81.96,grdc,40.4854,-78.0188,"JUNIATA RIVER, HUNTINGDON, PA",United States of America,2196.14938617242,7060041050,2,2,train
GRDC_4147725,2695,81.96,grdc,40.9688,-76.8771,"SUSQUEHANNA RIVER, LEWISBURG, PA (WEST BRANCH)",United States of America,17652.4406050737,7060041050,2,2,train
GRDC_4147726,2695,81.96,grdc,41.3229,-77.7521,"SUSQUEHANNA RIVER, RENOVO, PA (WEST BRANCH)",United States of America,7692.5649823457,7060041050,2,2,train
GRDC_4147810,2695,81.96,grdc,38.9979,-75.7854,"CHOPTANK RIVER, NEAR GREENSBORO, MD.",United States of America,254.61663282523705,7060040800,3,3,train
GRDC_4147900,2693,81.9,grdc,38.9479,-77.1271,"POTOMAC RIVER, NEAR WASHINGTON, D.C. (ADJUSTED)",United States of America,30013.994681544,7060041400,1,1,val
GRDC_4147901,2695,81.96,grdc,39.6938,-78.1771,"POTOMAC RIVER, HANCOCK, MD",United States of America,10597.1653861584,7060041400,1,1,val
GRDC_4147902,2695,81.96,grdc,39.5396,-78.4562,"POTOMAC RIVER, PAW PAW, WV",United States of America,8105.036599245749,7060041400,1,1,val
GRDC_4147903,2695,81.96,grdc,39.4479,-78.6521,"POTOMAC RIVER, NEAR SPRINGFIELD, WV (SOUTH BRANCH)",United States of America,3818.5220270143,7060041400,1,1,val
GRDC_4147904,2695,81.96,grdc,38.9521,-77.1312,"POTOMAC RIVER, NEAR WASHINGTON DC, LITTLE FALLS PUMP ST",United States of America,30013.327098011498,7060041400,1,1,val
GRDC_4147905,2695,81.96,grdc,39.4021,-77.3688,"MONOCACY RIVER, JUG BRIDGE NEAR FREDERICK, MD",United States of America,2122.7603862048104,7060041400,1,1,val
GRDC_4147907,2695,81.96,grdc,38.9146,-78.2104,"SHENANDOAH RIVER, FRONT ROYAL, VA (SOUTH FORK)",United States of America,4229.4409781575705,7060041400,1,1,val
GRDC_4147950,2695,81.96,grdc,38.3104,-77.5312,"RAPPAHANNOCK RIVER, NEAR FREDERICKSBURG, VA",United States of America,4133.54546898589,7060041650,2,2,train
GRDC_4148070,2695,81.96,grdc,36.7687,-77.1646,"NOTTOWAY RIVER, NEAR SEBRELL, VA",United States of America,3742.04556477485,7060042240,3,3,train
GRDC_4148090,2695,81.96,grdc,36.4604,-77.6312,"ROANOKE RIVER, ROANOKE RAPIDS, N.C.",United States of America,22023.8217792788,7060042310,4,4,train
GRDC_4148091,2695,81.96,grdc,36.9188,-78.7396,"ROANOKE RIVER, RANDOLPH, VA",United States of America,7716.82676240188,7060042310,4,4,train
GRDC_4148092,2695,81.96,grdc,37.1063,-79.2938,"ROANOKE RIVER, ALTAVISTA, VA",United States of America,4650.61643682891,7060042310,4,4,train
GRDC_4148110,2695,81.96,grdc,35.8937,-77.5312,"TAR RIVER, TARBORO, N.C.",United States of America,5753.5533471723,7060042320,4,4,train
GRDC_4148120,2695,81.96,grdc,35.3146,-77.3063,"NEUSE RIVER, NEAR FORT BARNWELL, NC",United States of America,10172.5773021959,7060042740,4,4,train
GRDC_4148125,2695,81.96,grdc,35.4271,-77.5812,"CONTENTNEA CREEK, HOOKERTON, NC",United States of America,1924.93412907064,7060042740,4,4,train
GRDC_4148210,2695,81.96,grdc,35.6271,-79.1146,"DEEP RIVER, MONCURE, N.C.",United States of America,3733.0526138648497,7060042940,3,3,train
GRDC_4148230,2695,81.96,grdc,35.4104,-78.8146,"CAPE FEAR RIVER, LILLINGTON, N.C.",United States of America,8999.26694752925,7060042940,3,3,train
GRDC_4148231,2695,81.96,grdc,34.8354,-78.8229,"CAPE FEAR RIVER, WILM NEAR TARHEEL, NC",United States of America,12600.2337313154,7060042940,3,3,train
GRDC_4148232,2694,81.93,grdc,34.4062,-78.2938,"CAPE FEAR RIVER, LOCK #1 NEAR KELLY, NC",United States of America,13766.0757325621,7060042940,3,3,train
GRDC_4148300,2695,81.96,grdc,34.2062,-79.5479,"PEE DEE RIVER, PEEDEE, S.C.",United States of America,22943.9734710903,7060043090,1,1,val
GRDC_4148321,2695,81.96,grdc,35.8563,-80.3854,"YADKIN RIVER, YADKIN COLLEGE, NC",United States of America,5941.812372382719,7060043090,1,1,val
GRDC_4148410,2695,81.96,grdc,34.5979,-81.4188,"BROAD RIVER, NEAR CARLISLE, S.C.",United States of America,7208.17518971728,7060043160,2,2,train
GRDC_4148530,2695,81.96,grdc,33.9938,-81.0521,"CONGAREE RIVER, COLUMBIA, SC",United States of America,20309.1928213803,7060043160,2,2,train
GRDC_4148535,2695,81.96,grdc,34.0146,-81.0896,"SALUDA RIVER, NEAR COLUMBIA, SC",United States of America,6527.9264049189005,7060043160,2,2,train
GRDC_4148541,2695,81.96,grdc,34.2438,-80.6521,"WATEREE RIVER, NEAR CAMDEN, SC",United States of America,13089.7428684356,7060043160,2,2,train
GRDC_4148545,2695,81.96,grdc,34.8354,-80.8812,"CATAWBA RIVER, BELOW CATAWBA, SC",United States of America,9167.8802021551,7060043160,2,2,train
GRDC_4148546,2695,81.96,grdc,34.9854,-80.9729,"CATAWBA RIVER, NEAR ROCKHILL, SC",United States of America,7902.67664695682,7060043160,2,2,train
GRDC_4148570,2695,81.96,grdc,33.0271,-80.3938,"EDISTO RIVER, NEAR GIVHANS, SC",United States of America,6914.45576837936,7060043170,1,1,val
GRDC_4148610,2695,81.96,grdc,32.1896,-81.4146,"OGEECHEE RIVER, NEAR EDEN, GA.",United States of America,6928.98916559131,7060043510,1,1,val
GRDC_4148650,2695,81.96,grdc,32.5312,-81.2688,"SAVANNAH RIVER, NEAR CLYO, GA.",United States of America,25659.4103289082,7060043500,4,4,train
GRDC_4148655,2695,81.96,grdc,33.9771,-82.7646,"BROAD RIVER, NEAR BELL, GA",United States of America,3689.7100758744095,7060043500,4,4,train
GRDC_4148720,2695,81.96,grdc,31.6562,-81.8271,"ALTAMAHA RIVER, DOCTORTOWN, GA.",United States of America,35521.1867679631,7060043640,4,4,train
GRDC_4148750,2695,81.96,grdc,31.2229,-81.8729,"SATILLA RIVER, ATKINSON, GA.",United States of America,7249.75238660795,7060043650,4,4,train
GRDC_4148855,2695,81.96,grdc,29.5063,-81.8063,"OCKLAWAHA RIVER, RODMAN DAM NEAR ORANGE SPRINGS, FL",United States of America,7314.920326981129,7060043860,3,3,train
GRDC_4149110,2695,81.96,grdc,30.6313,-89.8979,"BOGUE CHITTO, NEAR BUSH, LA.",United States of America,3114.98743606086,7060046870,2,2,train
GRDC_4149120,2695,81.96,grdc,30.7937,-89.8187,"PEARL RIVER, NEAR BOGALUSA, LA.",United States of America,16931.6897719921,7060046870,2,2,train
GRDC_4149122,2693,81.9,grdc,32.2812,-90.1771,"PEARL RIVER, JACKSON, MS",United States of America,8112.20938908423,7060046870,2,2,train
GRDC_4149123,2695,81.96,grdc,32.7979,-89.3354,"PEARL RIVER, EDINBURG, MS",United States of America,2318.21158787001,7060046870,2,2,train
GRDC_4149300,2695,81.96,grdc,30.9771,-88.7271,"PASCAGOULA RIVER, MERRILL, MISS.",United States of America,17155.7002122721,7060046600,4,4,train
GRDC_4149310,2695,81.96,grdc,30.8021,-88.1438,"CHICKASAW CREEK, NEAR KUSHLA, AL",United States of America,336.972781382638,7060046590,3,3,train
GRDC_4149355,2639,80.26,grdc,32.3271,-88.9104,"CHUNKY RIVER, NEAR CHUNKY, MS",United States of America,974.97785155734,7060046600,4,4,train
GRDC_4149360,2687,81.72,grdc,31.1021,-88.8063,"LEAF RIVER, NEAR MCLAIN,MS",United States of America,9104.956457405153,7060046600,4,4,train
GRDC_4149401,2695,81.96,grdc,31.6104,-87.5521,"ALABAMA RIVER, CLAIRBORNE L+D NEAR MONROEVILLE",United States of America,55765.2289362185,7060046590,3,3,train
GRDC_4149405,2658,80.84,grdc,33.1188,-85.5604,"TALLAPOOSA RIVER, WADLEY, AL",United States of America,4347.62827397714,7060046590,3,3,train
GRDC_4149413,2694,81.93,grdc,31.7563,-88.1312,"TOMBIGBEE RIVER, COFFEEVILLE L+D NEAR COFFEEVILLE, AL",United States of America,47974.773497972405,7060046590,3,3,train
GRDC_4149415,2695,81.96,grdc,33.7104,-86.9854,"LOCUST FORK, SAYRE, AL",United States of America,2267.93345902687,7060046590,3,3,train
GRDC_4149420,2695,81.96,grdc,30.9646,-87.2354,"ESCAMBIA RIVER, NEAR CENTURY, FLA.",United States of America,9974.1605935344,7060046390,3,3,train
GRDC_4149421,2665,81.05,grdc,30.6687,-87.2646,"ESCAMBIA RIVER, NEAR MOLINO, FLA",United States of America,10858.4608239145,7060046390,3,3,train
GRDC_4149430,2695,81.96,grdc,34.8271,-84.8479,"CONASAUGA RIVER, NEAR ETON,GA",United States of America,638.4984184332241,7060046590,3,3,train
GRDC_4149441,2695,81.96,grdc,34.2021,-85.2562,"COOSA RIVER, NEAR ROME, GA",United States of America,10484.3763976346,7060046590,3,3,train
GRDC_4149510,2695,81.96,grdc,30.7521,-86.6271,"YELLOW RIVER, MILLIGAN, FLA.",United States of America,1674.70094991706,7060046320,4,4,train
GRDC_4149610,2695,81.96,grdc,30.5354,-85.1646,"CHIPOLA RIVER, NEAR ALTHA, FLA.",United States of America,2222.9874260076604,7060045890,2,2,train
GRDC_4149630,2695,81.96,grdc,30.7021,-84.8604,"APALACHICOLA RIVER, CHATTAHOOCHEE, FLA.",United States of America,44604.607272532005,7060045890,2,2,train
GRDC_4149631,2695,81.96,grdc,30.4229,-85.0312,"APALACHICOLA RIVER, NEAR BLOUNTSTOWN, FLA",United States of America,45616.188533516,7060045890,2,2,train
GRDC_4149670,2695,81.96,grdc,32.8854,-85.1813,"CHATTAHOOCHEE RIVER, WEST POINT, GA",United States of America,9167.11412499497,7060045890,2,2,train
GRDC_4149680,2695,81.96,grdc,30.9146,-84.5812,"FLINT RIVER, BAINBRIDGE, GA",United States of America,19565.1140060791,7060045890,2,2,train
GRDC_4149682,2695,81.96,grdc,32.7229,-84.2312,"FLINT RIVER, NEAR CULLODEN, GA",United States of America,4785.162135215421,7060045890,2,2,train
GRDC_4149690,2695,81.96,grdc,30.4521,-85.8979,"CHOCTAWHATCHEE RIVER, NEAR BRUCE, FLA",United States of America,11377.1115180093,7060046130,4,4,train
GRDC_4149691,2695,81.96,grdc,30.7729,-85.8271,"CHOCTAWHATCHEE RIVER, CARYVILLE, FLA",United States of America,9064.79986653879,7060046130,4,4,train
GRDC_4149710,2695,81.96,grdc,30.5521,-84.3854,"OCHLOCKONEE RIVER, NEAR HAVANA, FLA.",United States of America,2917.85069430951,7060045490,3,3,train
GRDC_4149711,2695,81.96,grdc,30.1771,-84.6688,"OCHLOCKONEE RIVER, NEAR SMITH CREEK, FLA",United States of America,5314.73832525781,7060045490,3,3,train
GRDC_4149780,2695,81.96,grdc,29.9563,-82.9313,"SUWANNEE RIVER, BRANFORD, FLA.",United States of America,20389.8258153338,7060045480,3,3,train
GRDC_4149781,2695,81.96,grdc,29.7937,-82.9229,"SUWANNEE RIVER, NEAR BELL, FLA",United States of America,25056.8079363286,7060045480,3,3,train
GRDC_4149810,2695,81.96,grdc,29.8479,-82.7146,"SANTA FE RIVER, NEAR FORT WHITE, FLA.",United States of America,3170.19850961726,7060045480,3,3,train
GRDC_4149850,2695,81.96,grdc,28.9896,-82.3479,"WITHLACOOCHEE RIVER, NEAR HOLDER, FLA.",United States of America,4101.81092329493,7060045410,2,2,train
GRDC_4149851,2690,81.81,grdc,29.0104,-82.6188,"WITHLACOOCHEE RIVER, INGLIS DAM NEAR DUNNELLON, FLA",United States of America,4601.0233813488,7060045410,2,2,train
GRDC_4149910,2695,81.96,grdc,27.8729,-82.2146,"ALAFIA RIVER, LITHIA, FLA.",United States of America,869.9158189228709,7060044870,3,3,train
GRDC_4149940,2695,81.96,grdc,30.8896,-90.8479,"AMITE RIVER, NEAR DARLINGTON, LA.",United States of America,1539.1127961109,7060046900,4,4,train
GRDC_4149941,2695,81.96,grdc,30.4646,-90.9896,"AMITE RIVER, NEAR DENHAM SPRINGS, LA",United States of America,3491.14442449043,7060046900,4,4,train
GRDC_4149950,2695,81.96,grdc,27.2229,-81.8812,"PEACE RIVER, ARCADIA, FLA.",United States of America,3713.16828488961,7060044860,3,3,train
GRDC_4149965,2695,81.96,grdc,30.5021,-90.6771,"TICKFAW RIVER, HOLDEN, LA.",United States of America,690.796284080939,7060046900,4,4,train
GRDC_4150250,2695,81.96,grdc,32.2313,-97.7771,"PALUXY RIVER, GLEN ROSE, TEX.",United States of America,1066.9310955490305,7060048300,1,1,val
GRDC_4150280,2695,81.96,grdc,28.0396,-97.8604,"NUECES RIVER, NEAR MATHIS, TEX.",United States of America,42914.2970906291,7060048860,1,1,val
GRDC_4150281,2695,81.96,grdc,28.4312,-98.1771,"NUECES RIVER, NEAR THREE RIVERS, TX",United States of America,40085.0719708397,7060048860,1,1,val
GRDC_4150282,2695,81.96,grdc,28.3104,-98.5563,"NUECES RIVER, NEAR TILDEN, TX",United States of America,21110.4307893176,7060048860,1,1,val
GRDC_4150283,2695,81.96,grdc,27.8938,-97.6188,"NUECES RIVER, CALALLEN, TX",United States of America,43445.4781186237,7060048860,1,1,val
GRDC_4150310,2695,81.96,grdc,28.7937,-97.0146,"GUADALUPE RIVER, VICTORIA, TX",United States of America,13528.301731877,7060048620,4,4,train
GRDC_4150311,2695,81.96,grdc,29.8604,-98.3854,"GUADALUPE RIVER, NEAR SPRING BRANCH, TX",United States of America,3421.15134003558,7060048620,4,4,train
GRDC_4150315,2695,81.96,grdc,29.6646,-97.6521,"SAN MARCOS RIVER, LULING, TX",United States of America,2175.3393018293,7060048620,4,4,train
GRDC_4150320,2695,81.96,grdc,29.2188,-97.4479,"SANDIES CREEK, NEAR WESTHOFF, TEX.",United States of America,1430.39165409368,7060048620,4,4,train
GRDC_4150330,2695,81.96,grdc,28.6521,-97.3854,"SAN ANTONIO RIVER, GOLIARD, TX",United States of America,10161.4157069906,7060048620,4,4,train
GRDC_4150331,2695,81.96,grdc,28.9521,-98.0646,"SAN ANTONIO RIVER, NEAR FALLS CITY, TX",United States of America,5496.21986688803,7060048620,4,4,train
GRDC_4150400,2695,81.96,grdc,29.8813,-96.2062,"MILL CREEK, NEAR BELLVILLE, TEX.",United States of America,976.840312451282,7060048300,1,1,val
GRDC_4150410,2695,81.96,grdc,28.9604,-96.6896,"LAVACA RIVER, NEAR EDNA, TX",United States of America,2089.60659947322,7060048480,2,2,train
GRDC_4150450,2695,81.96,grdc,29.3104,-96.1021,"COLORADO RIVER, WHARTON, TEX.",United States of America,105621.742781924,7060048410,1,1,val
GRDC_4150460,2695,81.96,grdc,30.7521,-98.6688,"LLANO RIVER, LLANO, TX",United States of America,10895.6246419834,7060048410,1,1,val
GRDC_4150461,2695,81.96,grdc,30.6604,-99.1104,"LLANO RIVER, NEAR MASON, TX",United States of America,8399.795815536609,7060048410,1,1,val
GRDC_4150462,2695,81.96,grdc,30.5063,-99.7354,"LLANO RIVER, NEAR JUNCTION, TX",United States of America,4785.5207252339205,7060048410,1,1,val
GRDC_4150465,2695,81.96,grdc,31.2146,-98.7188,"SAN SABA RIVER, SAN SABA, TX",United States of America,7838.878213604301,7060048410,1,1,val
GRDC_4150471,2695,81.96,grdc,31.4229,-100.7104,"MIDDLE CONCHO RIVER, ABOVE TANKERSLEY,TX",United States of America,6072.2783653661,7060048410,1,1,val
GRDC_4150475,2695,81.96,grdc,31.5146,-99.9188,"CONCHO RIVER, PAINT ROCK, TX",United States of America,16329.1516773607,7060048410,1,1,val
GRDC_4150500,2695,81.96,grdc,29.5813,-95.7562,"BRAZOS RIVER, RICHMOND, TEX.",United States of America,107283.729281393,7060048300,1,1,val
GRDC_4150501,2695,81.96,grdc,31.8146,-97.2979,"BRAZOS RIVER, NEAR AQUILLA,TX",United States of America,61385.1126187117,7060048300,1,1,val
GRDC_4150502,2695,81.96,grdc,33.0146,-98.6562,"BRAZOS RIVER, NEAR SOUTH BEND,TX",United States of America,49503.535068615,7060048300,1,1,val
GRDC_4150503,2695,81.96,grdc,33.5812,-99.2688,"BRAZOS RIVER, SEYMOUR,TX",United States of America,31015.396869400694,7060048300,1,1,val
GRDC_4150505,2695,81.96,grdc,32.9354,-99.2188,"CLEAR FORK BRAZOS RIVER, FORT GRIFFIN",United States of America,10325.588069146,7060048300,1,1,val
GRDC_4150507,2695,81.96,grdc,33.3354,-100.2396,"SALT FORK BRAZOS RIVER, NEAR ASPERMONT, TX",United States of America,13069.347512081798,7060048300,1,1,val
GRDC_4150510,2695,81.96,grdc,31.7896,-97.5646,"NORTH BOSQUE RIVER, NEAR CLIFTON,TX",United States of America,2538.3887476646,7060048300,1,1,val
GRDC_4150515,2695,81.96,grdc,31.0813,-98.0104,"LAMPASAS RIVER, NEAR KEMPNER,TX",United States of America,2125.6055751899103,7060048300,1,1,val
GRDC_4150585,2695,81.96,grdc,28.7396,-99.1438,"FRIO RIVER, NEAR DERBY, TX",United States of America,8948.74526426682,7060048860,1,1,val
GRDC_4150600,2695,81.96,grdc,30.4271,-94.8479,"TRINITY RIVER, ROMAYOR, TEX.",United States of America,44683.2922427532,7060047970,1,1,val
GRDC_4150605,2695,81.96,grdc,32.9646,-96.9396,"ELM FORK TRINITY RIVER, NEAR CARROLLTON, TX",United States of America,6354.409613661121,7060047970,1,1,val
GRDC_4150680,2695,81.96,grdc,30.3562,-94.0938,"NECHES RIVER, EVADALE, TEX.",United States of America,20574.667363695306,7060047850,2,2,train
GRDC_4150681,2695,81.96,grdc,31.0271,-94.3979,"NECHES RIVER, NEAR ROCKLAND, TX",United States of America,9348.28515315772,7060047850,2,2,train
GRDC_4150682,2695,81.96,grdc,31.8896,-95.4313,"NECHES RIVER, NEAR NECHES,TX",United States of America,2954.4009357731297,7060047850,2,2,train
GRDC_4150700,2645,80.44,grdc,30.3062,-93.7396,"SABINE RIVER, NEAR RULIFF, TEX.",United States of America,24219.1408009905,7060047850,2,2,train
GRDC_4150850,2695,81.96,grdc,30.4812,-92.6312,"BAYOU NEZPIQUE, NEAR BASILE, LA.",United States of America,1489.88815443796,7060047770,2,2,train
GRDC_4151300,2695,81.96,grdc,32.0229,-104.0563,"DELAWARE RIVER, NEAR RED BLUFF, N.M.",United States of America,2010.2839129495896,7060049270,4,4,train
GRDC_4151400,2695,81.96,grdc,33.2896,-104.7396,"HONDO, BELOW DIAMOND A DAM NEAR ROSWELL, NM",United States of America,2497.6752113287603,7060049270,4,4,train
GRDC_4151410,2695,81.96,grdc,32.7438,-104.4146,"RIO PENASCO, DAYTON, NM",United States of America,2766.1701513144603,7060049270,4,4,train
GRDC_4151420,2695,81.96,grdc,35.1812,-104.8979,"GALLINAS CREEK, NEAR COLONIAS, NM",United States of America,1612.8230162026998,7060049270,4,4,train
GRDC_4151511,2695,81.96,grdc,32.9938,-104.3271,"PECOS RIVER, NEAR LAKE ARTHUR, NM",United States of America,38433.7353874791,7060049270,4,4,train
GRDC_4151512,2695,81.96,grdc,34.3312,-104.1771,"PECOS RIVER, BELOW TAIBAN CREEK NEAR FORT SUMNER,NM",United States of America,15360.7201334868,7060049270,4,4,train
GRDC_4151513,2695,81.96,grdc,34.6063,-104.3896,"PECOS RIVER, BELOW SUMNER DAM, NM",United States of America,11253.2022405625,7060049270,4,4,train
GRDC_4151514,2695,81.96,grdc,34.7313,-104.5271,"PECOS RIVER, NEAR PUERTO DE LUNA, NM",United States of America,10067.9243890817,7060049270,4,4,train
GRDC_4151515,2695,81.96,grdc,31.1146,-102.4188,"PECOS RIVER, NEAR GIRVIN",United States of America,85595.23141010769,7060049270,4,4,train
GRDC_4151600,2695,81.96,grdc,34.4104,-106.8521,"RIO PUERCO, NEAR BERNARDO, NM",United States of America,16654.8902871618,7060049270,4,4,train
GRDC_4151651,2695,81.96,grdc,36.5812,-106.7271,"RIO CHAMA, BELOW EL VADO DAM, NM",United States of America,2238.8544561048498,7060049270,4,4,train
GRDC_4151802,2695,81.96,grdc,35.8771,-106.1438,"RIO BRAVO, OTOWI BRIDGE, NM",United States of America,36259.1335618168,7060049270,4,4,train
GRDC_4151803,2695,81.96,grdc,36.3188,-105.7562,"RIO BRAVO, BELOW TAOS JUNCTION BRIDGE NEAR TAOS,NM",United States of America,24423.0393135602,7060049270,4,4,train
GRDC_4151805,2695,81.96,grdc,37.6812,-106.4688,"RIO BRAVO, NEAR DEL NORTE, CO",United States of America,3410.98573864881,7060049270,4,4,train
GRDC_4152050,2695,81.96,grdc,32.7313,-114.6312,"COLORADO RIVER, BELOW YUMA MAIN CANAL WW AT YUMA,AZ",United States of America,615665.139652414,7060008710,4,4,train
GRDC_4152103,2695,81.96,grdc,36.0146,-114.7396,"COLORADO RIVER, BELOW HOOVER DAM, AZ-NV",United States of America,424008.264639554,7060008710,4,4,train
GRDC_4152110,2695,81.96,grdc,36.6437,-114.5396,"MUDDY RIVER, NEAR GLENDALE, NV",United States of America,17550.0958452872,7060008710,4,4,train
GRDC_4152120,2695,81.96,grdc,34.2313,-113.6104,"BILL WILLIAMS RIVER, BELOW ALAMO DAM, AZ",United States of America,11987.1218160122,7060008710,4,4,train
GRDC_4152202,2695,81.96,grdc,32.7604,-114.4188,"GILA RIVER, NEAR DOME, AZ",United States of America,148628.277583363,7060008710,4,4,train
GRDC_4152300,2695,81.96,grdc,33.6188,-110.9229,"SALT RIVER, NEAR ROOSEVELT, ARIZ",United States of America,11072.6143965499,7060008710,4,4,train
GRDC_4152400,2695,81.96,grdc,34.0729,-111.7146,"VERDE RIVER, BELOW TANGLE CREEK ABV HORSESHOE DAM, AZ",United States of America,14321.0679081716,7060008710,4,4,train
GRDC_4152450,2695,81.96,grdc,36.8646,-111.5896,"COLORADO RIVER, LEES FERRY, ARIZ.",United States of America,279273.734004973,7060008710,4,4,train
GRDC_4152460,2695,81.96,grdc,38.8146,-109.2938,"COLORADO RIVER, NEAR CISCO, UTAH",United States of America,62064.1125783151,7060008710,4,4,train
GRDC_4152465,2695,81.96,grdc,35.9271,-111.5646,"LITTLE COLORADO RIVER, NEAR CAMERON, ARIZ",United States of America,66463.0637923343,7060008710,4,4,train
GRDC_4152466,2633,80.08,grdc,34.7812,-110.0438,"LITTLE COLORADO RIVER, WOODRUFF, AZ",United States of America,20399.6922842105,7060008710,4,4,train
GRDC_4152500,2695,81.96,grdc,31.3771,-110.1062,"SAN PEDRO RIVER, PALOMINAS, ARIZ.",United States of America,1898.13706286245,7060008710,4,4,train
GRDC_4152550,2695,81.96,grdc,38.9854,-110.1479,"GREEN RIVER, GREEN RIVER, UTAH",United States of America,105600.572234628,7060008710,4,4,train
GRDC_4152551,2695,81.96,grdc,40.4104,-109.2354,"GREEN RIVER, NEAR JENSEN, UT",United States of America,65915.2540641485,7060008710,4,4,train
GRDC_4152553,2695,81.96,grdc,42.1938,-110.1646,"GREEN RIVER, NEAR LA BARGE, WY",United States of America,9866.285245030022,7060008710,4,4,train
GRDC_4152570,2695,81.96,grdc,41.5438,-109.6896,"BLACKS FORK, NEAR LITTLE AMERICA, WY",United States of America,7719.631783687909,7060008710,4,4,train
GRDC_4152580,2695,81.96,grdc,40.5479,-108.4229,"LITTLE SNAKE RIVER, NEAR LILY, CO",United States of America,10443.1203567314,7060008710,4,4,train
GRDC_4152590,2695,81.96,grdc,39.9771,-109.1729,"WHITE RIVER, NEAR WATSON, UT",United States of America,10087.7619162595,7060008710,4,4,train
GRDC_4152610,2695,81.96,grdc,40.2146,-109.7854,"DUCHESNE RIVER, NEAR RANDLETT, UT",United States of America,9735.46642790984,7060008710,4,4,train
GRDC_4152620,2695,81.96,grdc,38.0938,-110.4062,"DIRTY DEVIL RIVER, ABOVE POISON SP WASH NEAR HANKSVILLE, UT",United States of America,11010.833116696202,7060008710,4,4,train
GRDC_4152650,2695,81.96,grdc,38.7521,-108.0771,"GUNNISON RIVER, DELTA, CO",United States of America,14617.073016351002,7060008710,4,4,train
GRDC_4152651,2695,81.96,grdc,38.5312,-107.6479,"GUNNISON RIVER, BELOW GUNNISON TUNNEL, CO",United States of America,10298.3679128453,7060008710,4,4,train
GRDC_4152652,2695,81.96,grdc,38.5396,-106.9437,"GUNNISON RIVER, NEAR GUNNISON, CO",United States of America,2623.27746115202,7060008710,4,4,train
GRDC_4152660,2695,81.96,grdc,38.7979,-109.1937,"DOLORES RIVER, NEAR CISCO, UT",United States of America,11869.5659987898,7060008710,4,4,train
GRDC_4152700,2695,81.96,grdc,40.5021,-108.0271,"YAMPA RIVER, NEAR MAYBELL, CO",United States of America,8760.14969260246,7060008710,4,4,train
GRDC_4152701,2695,81.96,grdc,40.4521,-108.5271,"YAMPA RIVER, DEERLODGE PARK, CO",United States of America,20527.7104730963,7060008710,4,4,train
GRDC_4152800,2695,81.96,grdc,36.8937,-113.9229,"VIRGIN RIVER, LITTLEFIELD, ARIZ",United States of America,12664.9570637188,7060008710,4,4,train
GRDC_4152900,2695,81.96,grdc,33.0479,-109.2938,"SAN FRANCISCO RIVER, CLIFTON, ARIZ",United States of America,7229.06895398193,7060008710,4,4,train
GRDC_4204010,2695,81.96,grdc,56.7396,-131.6771,"ISKUT RIVER, BELOW JOHNSON RIVER",Canada,9477.463782042629,7060020090,3,3,train
GRDC_4204100,2695,81.96,grdc,57.9021,-131.1562,"STIKINE RIVER, TELEGRAPH CREEK",Canada,28861.40705364,7060020090,3,3,train
GRDC_4204900,2695,81.96,grdc,56.7062,-132.1312,"STIKINE RIVER, NEAR WRANGELL",Canada,50584.374866697,7060020090,3,3,train
GRDC_4207100,2695,81.96,grdc,54.0104,-125.0062,"STELLAKO RIVER, GLENANNAN",Canada,3995.94807253822,7060016260,3,3,train
GRDC_4207130,2695,81.96,grdc,54.6104,-124.2438,"TSILCOH RIVER, NEAR THE MOUTH",Canada,336.625666666742,7060016260,3,3,train
GRDC_4207150,2695,81.96,grdc,54.4188,-124.2688,"STUART RIVER, NEAR FORT ST. JAMES",Canada,14172.4754920357,7060016260,3,3,train
GRDC_4207180,2695,81.96,grdc,53.9604,-123.2354,"NECHAKO RIVER, ISLE PIERRE",Canada,42555.3431648791,7060016260,3,3,train
GRDC_4207190,2695,81.96,grdc,54.0104,-122.6188,"FRASER RIVER, SHELLEY",Canada,32323.3382957294,7060016260,3,3,train
GRDC_4207220,2695,81.96,grdc,54.0979,-122.6729,"SALMON RIVER, NEAR PRINCE GEORGE",Canada,4383.93125729753,7060016260,3,3,train
GRDC_4207300,2695,81.96,grdc,52.0688,-123.5396,"CHILKO RIVER, NEAR REDSTONE",Canada,6665.56441809789,7060016260,3,3,train
GRDC_4207310,2695,81.96,grdc,52.5271,-122.4437,"FRASER RIVER, NEAR MARGUERITE",Canada,113763.988327082,7060016260,3,3,train
GRDC_4207320,2695,81.96,grdc,52.8438,-122.2271,"QUESNEL RIVER, NEAR QUESNEL",Canada,11653.5210072694,7060016260,3,3,train
GRDC_4207321,2695,81.96,grdc,52.6146,-121.5729,"QUESNEL RIVER, LIKELY",Canada,6063.578640563921,7060016260,3,3,train
GRDC_4207330,2693,81.9,grdc,52.9188,-121.7604,"LITTLE SWIFT RIVER, AT THE MOUTH",Canada,127.236637348443,7060016260,3,3,train
GRDC_4207350,2695,81.96,grdc,53.4438,-120.2188,"MCKALE RIVER, NEAR 940 M CONTOUR",Canada,249.47556413653496,7060016260,3,3,train
GRDC_4207380,2695,81.96,grdc,52.9854,-119.0062,"FRASER RIVER, RED PASS",Canada,1694.8848286871898,7060016260,3,3,train
GRDC_4207710,2695,81.96,grdc,51.3521,-119.8812,"HARPER CREEK, NEAR THE MOUTH",Canada,164.830061509268,7060016260,3,3,train
GRDC_4207750,2695,81.96,grdc,50.3312,-122.8104,"LILLOOET RIVER, NEAR PEMBERTON",Canada,2081.6166333521,7060016260,3,3,train
GRDC_4207770,2695,81.96,grdc,49.9562,-121.8604,"NAHATLATCH RIVER, BELOW TACHEWANA CREEK",Canada,717.642281502753,7060016260,3,3,train
GRDC_4207800,2695,81.96,grdc,50.3563,-121.3938,"THOMPSON RIVER, NEAR SPENCES BRIDGE",Canada,55003.0168437509,7060016260,3,3,train
GRDC_4207830,2695,81.96,grdc,51.0396,-120.2396,"NORTH THOMPSON RIVER, MCLURE",Canada,19528.539752758,7060016260,3,3,train
GRDC_4207850,2695,81.96,grdc,50.9396,-119.6562,"ADAMS RIVER, NEAR SQUILAX",Canada,3183.6024467034804,7060016260,3,3,train
GRDC_4207860,2695,81.96,grdc,50.7646,-119.7396,"SOUTH THOMPSON RIVER, CHASE",Canada,15741.364423978,7060016260,3,3,train
GRDC_4207880,2695,81.96,grdc,50.9354,-118.7979,"EAGLE RIVER, NEAR MALAKWA",Canada,927.464553877616,7060016260,3,3,train
GRDC_4207900,2695,81.96,grdc,49.3812,-121.4521,"FRASER RIVER, HOPE",Canada,215706.308480795,7060016260,3,3,train
GRDC_4207910,2695,81.96,grdc,49.0979,-121.9646,"CHILLIWACK RIVER, VEDDER CROSSING",Canada,1222.87450192425,7060016260,3,3,train
GRDC_4213010,2695,81.96,grdc,49.3521,-113.4812,"BELLY RIVER, NEAR GLENWOOD",Canada,689.869015361721,7060022240,4,4,train
GRDC_4213011,2695,81.96,grdc,49.0979,-113.6979,"BELLY RIVER, NEAR MOUNTAIN VIEW",Canada,312.38548447529,7060022240,4,4,train
GRDC_4213030,2695,81.96,grdc,52.0021,-116.4688,"NORTH SASKATCHEWAN RIVER, WHIRLPOOL POINT",Canada,1891.67856142053,7060022240,4,4,train
GRDC_4213031,2695,81.96,grdc,53.5396,-113.4854,"NORTH SASKATCHEWAN RIVER, EDMONTON",Canada,28110.5606864029,7060022240,4,4,train
GRDC_4213045,2695,81.96,grdc,51.1729,-115.5687,"BOW RIVER, BANFF",Canada,2206.61737002034,7060022240,4,4,train
GRDC_4213047,2695,81.96,grdc,50.0479,-111.5896,"BOW RIVER, NEAR THE MOUTH",Canada,23610.1053329875,7060022240,4,4,train
GRDC_4213050,2695,81.96,grdc,52.2729,-114.9313,"PRAIRIE CREEK, NEAR ROCKY MOUNTAIN HOUSE",Canada,843.244897497026,7060022240,4,4,train
GRDC_4213055,2695,81.96,grdc,50.1354,-113.1229,"LITTLE BOW RIVER, CARMANGAY",Canada,2828.1711618573104,7060022240,4,4,train
GRDC_4213060,2695,81.96,grdc,52.2521,-114.8562,"CLEARWATER RIVER, NEAR DOVERCOURT",Canada,2260.54096845216,7060022240,4,4,train
GRDC_4213070,2695,81.96,grdc,50.9479,-114.5729,"ELBOW RIVER, BRAGG CREEK",Canada,753.935435659277,7060022240,4,4,train
GRDC_4213071,2695,81.96,grdc,51.0146,-114.0896,"ELBOW RIVER, BELOW GLENMORE DAM",Canada,1185.27939244395,7060022240,4,4,train
GRDC_4213095,2695,81.96,grdc,49.4896,-114.1479,"CASTLE RIVER, NEAR BEAVER MINES",Canada,825.029563160662,7060022240,4,4,train
GRDC_4213101,2695,81.96,grdc,49.5562,-113.8229,"OLDMAN RIVER, NEAR BROCKET",Canada,4391.56097877957,7060022240,4,4,train
GRDC_4213102,2695,81.96,grdc,49.7062,-112.8646,"OLDMAN RIVER, NEAR LETHBRIDGE",Canada,16995.100193034,7060022240,4,4,train
GRDC_4213103,2695,81.96,grdc,49.9188,-111.8021,"OLDMAN RIVER, NEAR THE MOUTH",Canada,28318.7428187793,7060022240,4,4,train
GRDC_4213105,2694,81.93,grdc,49.1146,-113.8396,"WATERTON RIVER, NEAR WATERTON PARK",Canada,618.582882117351,7060022240,4,4,train
GRDC_4213111,2695,81.96,grdc,49.5729,-112.8438,"SAINT MARY RIVER, NEAR LETHBRIDGE",Canada,3582.89291982318,7060022240,4,4,train
GRDC_4213120,2692,81.87,grdc,49.2021,-113.2938,"LEE CREEK, CARDSTON",Canada,301.95416909314497,7060022240,4,4,train
GRDC_4213131,2695,81.96,grdc,50.5896,-113.8854,"HIGHWOOD RIVER, BELOW LITTLE BOW CANAL",Canada,1970.98212598076,7060022240,4,4,train
GRDC_4213134,2694,81.93,grdc,50.7854,-113.8187,"HIGHWOOD RIVER, NEAR THE MOUTH",Canada,3947.7401288611104,7060022240,4,4,train
GRDC_4213140,2695,81.96,grdc,50.3979,-105.3979,"MOOSE JAW RIVER, NEAR BURDICK",Canada,8914.56091932891,7060022240,4,4,train
GRDC_4213150,2695,81.96,grdc,52.0271,-114.1396,"LITTLE RED DEER RIVER, NEAR THE MOUTH",Canada,2537.33994714773,7060022240,4,4,train
GRDC_4213160,2695,81.96,grdc,52.3563,-113.7938,"BLINDMAN RIVER, NEAR BLACKFALDS",Canada,1785.22446347197,7060022240,4,4,train
GRDC_4213170,2695,81.96,grdc,53.6562,-113.7604,"STURGEON RIVER, NEAR VILLENEUVE",Canada,1973.2552222391896,7060022240,4,4,train
GRDC_4213171,2695,81.96,grdc,50.1771,-91.5021,"STURGEON RIVER, MCDOUGALL MILLS",Canada,382.457106353292,7060022240,4,4,train
GRDC_4213172,2695,81.96,grdc,50.3604,-94.4646,"STURGEON RIVER, OUTLET OF SALVESEN LAKE",Canada,1387.3263942279098,7060022240,4,4,train
GRDC_4213180,2695,81.96,grdc,52.6646,-113.5812,"BATTLE RIVER, NEAR PONOKA",Canada,1860.56529260208,7060022240,4,4,train
GRDC_4213183,2695,81.96,grdc,52.8563,-110.0188,"BATTLE RIVER, NEAR THE SASKATCHEWAN BOUNDARY",Canada,21944.162017328,7060022240,4,4,train
GRDC_4213193,2695,81.96,grdc,49.0312,-98.2771,"PEMBINA RIVER, NEAR WINDYGATES",Canada,7169.007917600259,7060022240,4,4,train
GRDC_4213200,2695,81.96,grdc,50.7021,-104.8104,"QU'APPELLE RIVER, BELOW CRAVEN DAM",Canada,10197.7866271201,7060022240,4,4,train
GRDC_4213201,2695,81.96,grdc,50.7854,-104.2896,"QU'APPELLE RIVER, BELOW LOON CREEK",Canada,30811.741307728505,7060022240,4,4,train
GRDC_4213202,2678,81.45,grdc,50.4938,-101.5563,"QU'APPELLE RIVER, NEAR WELBY",Canada,45064.2145910978,7060022240,4,4,train
GRDC_4213203,2695,81.96,grdc,50.6521,-104.8604,"QU'APPELLE RIVER, NEAR LUMSDEN",Canada,17035.886448619,7060022240,4,4,train
GRDC_4213205,2695,81.96,grdc,50.6312,-104.9021,"WASCANA CREEK, NEAR LUMSDEN",Canada,3712.660623277821,7060022240,4,4,train
GRDC_4213210,2695,81.96,grdc,48.6063,-93.4021,"RAINY RIVER, FORT FRANCES",Canada,38069.3321911293,7060022240,4,4,train
GRDC_4213240,2655,80.75,grdc,50.1354,-98.5812,"WHITEMUD RIVER, WESTBOURNE",Canada,5961.53011680078,7060022240,4,4,train
GRDC_4213245,2690,81.81,grdc,51.5896,-98.7104,"FAIRFORD RIVER, NEAR FAIRFORD",Canada,79362.9346058441,7060022240,4,4,train
GRDC_4213250,2695,81.96,grdc,50.0438,-110.6771,"SOUTH SASKATCHEWAN RIVER, MEDICINE HAT",Canada,54832.7963468038,7060022240,4,4,train
GRDC_4213300,2695,81.96,grdc,53.5187,-109.6104,"NORTH SASKATCHEWAN RIVER, NEAR DEER CREEK",Canada,56651.0971166837,7060022240,4,4,train
GRDC_4213340,2695,81.96,grdc,49.8438,-108.4771,"SWIFTCURRENT CREEK, BELOW ROCK CREEK",Canada,1408.795749692,7060022240,4,4,train
GRDC_4213341,2695,81.96,grdc,50.4938,-107.6562,"SWIFTCURRENT CREEK, NEAR LEINAN",Canada,3680.07103384708,7060022240,4,4,train
GRDC_4213355,2695,81.96,grdc,51.7021,-96.6021,"BLOODVEIN RIVER, ABOVE BLOODVEIN BAY",Canada,9016.35158868152,7060022240,4,4,train
GRDC_4213400,2690,81.81,grdc,52.1396,-106.6438,"SOUTH SASKATCHEWAN RIVER, SASKATOON",Canada,125086.379479204,7060022240,4,4,train
GRDC_4213415,2673,81.3,grdc,50.8729,-93.4854,"CHUKUNI RIVER, NEAR EAR FALLS",Canada,4217.1767823547,7060022240,4,4,train
GRDC_4213440,2695,81.96,grdc,53.2062,-105.7688,"NORTH SASKATCHEWAN RIVER, PRINCE ALBERT",Canada,118217.37994099,7060022240,4,4,train
GRDC_4213495,2695,81.96,grdc,49.1021,-103.0146,"LONG CREEK, NEAR ESTEVAN",Canada,3988.16480178954,7060022240,4,4,train
GRDC_4213551,2695,81.96,grdc,53.1604,-99.3479,"SASKATCHEWAN RIVER, GRAND RAPIDS",Canada,331735.068092136,7060022240,4,4,train
GRDC_4213552,2695,81.96,grdc,53.7062,-103.3021,"SASKATCHEWAN RIVER, BELOW TOBIN LAKE",Canada,256293.487312626,7060022240,4,4,train
GRDC_4213557,2695,81.96,grdc,50.3563,-99.9021,"LITTLE SASKATCHEWAN RIVER, NEAR MINNEDOSA",Canada,2643.68073371008,7060022240,4,4,train
GRDC_4213562,2695,81.96,grdc,51.4688,-112.7104,"RED DEER RIVER, DRUMHELLER",Canada,24385.3988509462,7060022240,4,4,train
GRDC_4213563,2695,81.96,grdc,52.2771,-113.8146,"RED DEER RIVER, RED DEER",Canada,11881.427791782,7060022240,4,4,train
GRDC_4213564,2695,81.96,grdc,51.6479,-115.0188,"RED DEER RIVER, BELOW BURNT TIMBER CREEK",Canada,2232.0031938936,7060022240,4,4,train
GRDC_4213566,2695,81.96,grdc,52.8604,-102.1979,"RED DEER RIVER, NEAR ERWOOD",Canada,10930.7562272491,7060022240,4,4,train
GRDC_4213569,2695,81.96,grdc,50.9021,-110.2896,"RED DEER RIVER, NEAR BINDLOSS",Canada,42481.4543414712,7060022240,4,4,train
GRDC_4213571,2695,81.96,grdc,51.5646,-101.9229,"ASSINIBOINE RIVER, KAMSACK",Canada,12778.4125923425,7060022240,4,4,train
GRDC_4213573,2677,81.42,grdc,49.6979,-98.8979,"ASSINIBOINE RIVER, NEAR HOLLAND",Canada,145570.90701211698,7060022240,4,4,train
GRDC_4213590,2695,81.96,grdc,49.5979,-99.6813,"SOURIS RIVER, WAWANESA",Canada,59831.7963133272,7060022240,4,4,train
GRDC_4213593,2695,81.96,grdc,48.9896,-101.9562,"SOURIS RIVER, NEAR SHERWOOD",Canada,21954.3437629461,7060022240,4,4,train
GRDC_4213601,2695,81.96,grdc,55.7438,-96.9979,"GRASS RIVER, ABOVE STANDING STONE FALLS",Canada,15263.1453206849,7060022240,4,4,train
GRDC_4213603,2635,80.14,grdc,51.8521,-99.5479,"WATERHEN RIVER, NEAR WATERHEN",Canada,54779.876883367695,7060022240,4,4,train
GRDC_4213640,2695,81.96,grdc,51.8854,-116.6896,"MISTAYA RIVER, NEAR SASKATCHEWAN CROSSING",Canada,253.88378644119095,7060022240,4,4,train
GRDC_4213650,2695,81.96,grdc,49.8688,-97.4021,"ASSINIBOINE RIVER, HEADINGLEY",Canada,147110.720116645,7060022240,4,4,train
GRDC_4213675,2693,81.9,grdc,51.4479,-99.9688,"MOSSY RIVER, BELOW OUTLET OF DAUPHIN LAKE",Canada,8976.34326888545,7060022240,4,4,train
GRDC_4213700,2695,81.96,grdc,55.4896,-98.1896,"TAYLOR RIVER, NEAR THOMPSON",Canada,890.7116791495899,7060022240,4,4,train
GRDC_4213715,2695,81.96,grdc,56.3438,-94.6813,"KETTLE RIVER, NEAR GILLAM",Canada,1138.08975045194,7060022240,4,4,train
GRDC_4213720,2695,81.96,grdc,56.0354,-96.5312,"NELSON RIVER, AT KELSEY GENERATING STATION",Canada,948658.911973329,7060022240,4,4,train
GRDC_4213765,2695,81.96,grdc,52.8188,-115.5188,"NORDEGG RIVER, SUNCHILD ROAD",Canada,845.574563708594,7060022240,4,4,train
GRDC_4213780,2695,81.96,grdc,49.9396,-95.9604,"WHITEMOUTH RIVER, NEAR WHITEMOUTH",Canada,3676.51197750328,7060022240,4,4,train
GRDC_4213800,2695,81.96,grdc,50.2229,-95.5729,"WINNIPEG RIVER, SLAVE FALLS",Canada,125287.388818779,7060022240,4,4,train
GRDC_4213802,2695,81.96,grdc,50.5688,-96.1771,"WINNIPEG RIVER, PINE FALLS GENERATING STATION",Canada,135963.685593594,7060022240,4,4,train
GRDC_4213810,2695,81.96,grdc,55.9938,-97.3604,"ODEI RIVER, NEAR THOMPSON",Canada,6040.20022470589,7060022240,4,4,train
GRDC_4213820,2695,81.96,grdc,51.4354,-116.1729,"PIPESTONE RIVER, NEAR LAKE LOUISE",Canada,303.466597850046,7060022240,4,4,train
GRDC_4213840,2695,81.96,grdc,57.0229,-93.4479,"WEIR RIVER, ABOVE THE MOUTH",Canada,2271.73756818994,7060022240,4,4,train
GRDC_4213845,2695,81.96,grdc,56.6688,-93.6312,"ANGLING RIVER, NEAR BIRD",Canada,1481.59136814111,7060022240,4,4,train
GRDC_4213880,2695,81.96,grdc,48.8521,-92.7229,"TURTLE RIVER, NEAR MINE CENTRE",Canada,4616.717982954539,7060022240,4,4,train
GRDC_4213890,2695,81.96,grdc,48.3646,-92.1604,"NAMAKAN RIVER, OUTLET OF LAC LA CROIX",Canada,13086.5574761846,7060022240,4,4,train
GRDC_4213910,2695,81.96,grdc,49.8646,-91.4938,"ENGLISH RIVER, UMFREVILLE",Canada,6104.76899504307,7060022240,4,4,train
GRDC_4213925,2695,81.96,grdc,51.1604,-115.5521,"SPRAY RIVER, BANFF",Canada,734.026722137161,7060022240,4,4,train
GRDC_4214105,2643,80.38,grdc,58.8896,-96.2771,"SEAL RIVER, BELOW GREAT ISLAND",Canada,47920.0682180234,7060021620,3,3,train
GRDC_4214210,2695,81.96,grdc,54.3563,-110.2146,"BEAVER RIVER, COLD LAKE RESERVE",Canada,14647.5920536375,7060021740,2,2,train
GRDC_4214260,2643,80.38,grdc,56.1479,-100.4604,"CHURCHILL RIVER, ABOVE GRANVILLE FALLS",Canada,228886.189658597,7060021740,2,2,train
GRDC_4214263,2695,81.96,grdc,55.5271,-102.3312,"CHURCHILL RIVER, SANDY BAY",Canada,211903.453573586,7060021740,2,2,train
GRDC_4214264,2695,81.96,grdc,55.6479,-104.7354,"CHURCHILL RIVER, ABOVE OTTER RAPIDS",Canada,118258.899933702,7060021740,2,2,train
GRDC_4214265,2695,81.96,grdc,55.9271,-107.7271,"CHURCHILL RIVER, NEAR PATUANAK",Canada,78584.6248886737,7060021740,2,2,train
GRDC_4214271,2695,81.96,grdc,55.3521,-104.4979,"RAPID RIVER, OUTLET OF LAC LA RONGE",Canada,15271.059045022,7060021740,2,2,train
GRDC_4214280,2695,81.96,grdc,57.6521,-95.6604,"LITTLE BEAVER RIVER, NEAR THE MOUTH",Canada,4270.968157569079,7060021740,2,2,train
GRDC_4214285,2695,81.96,grdc,56.1938,-103.1604,"REINDEER RIVER, ABOVE DEVIL RAPIDS",Canada,63415.007890718,7060021740,2,2,train
GRDC_4214287,2695,81.96,grdc,57.0938,-103.7104,"WATHAMAN RIVER, BELOW WATHAMAN LAKE",Canada,10199.3628484227,7060021740,2,2,train
GRDC_4214290,2695,81.96,grdc,56.2438,-106.5604,"HAULTAIN RIVER, ABOVE NORBERT RIVER",Canada,3674.73212213836,7060021740,2,2,train
GRDC_4214295,2695,81.96,grdc,55.7104,-109.3854,"DILLON RIVER, BELOW DILLON LAKE",Canada,2311.4631411761898,7060021740,2,2,train
GRDC_4214298,2695,81.96,grdc,54.9312,-107.7479,"DORE RIVER, NEAR THE MOUTH",Canada,3014.18171198445,7060021740,2,2,train
GRDC_4214360,2695,81.96,grdc,53.3479,-91.7896,"WINDIGO RIVER, ABOVE MUSKRAT DAM LAKE",Canada,12076.1041778549,7060022840,4,4,train
GRDC_4214390,2695,81.96,grdc,53.4896,-91.5146,"SEVERN RIVER, OUTLET OF MUSKRAT DAM LAKE",Canada,36827.9291996657,7060022840,4,4,train
GRDC_4214400,2695,81.96,grdc,51.1688,-91.5938,"CAT RIVER, BELOW WESLEYAN LAKE",Canada,5235.94345177999,7060024290,3,3,train
GRDC_4214420,2669,81.17,grdc,52.5812,-90.1896,"PIPESTONE RIVER, KARL LAKE",Canada,5619.78658014886,7060023220,2,2,train
GRDC_4214430,2695,81.96,grdc,52.2938,-88.7562,"PINEIMUTA RIVER, EYES LAKE",Canada,4934.89276213701,7060024030,1,1,val
GRDC_4214475,2695,81.96,grdc,54.2854,-85.6562,"SHAMATTAWA RIVER, OUTLET OF SHAMATTAWA LAKE",Canada,4764.9251791417,7060023220,2,2,train
GRDC_4214490,2695,81.96,grdc,51.8229,-89.6021,"OTOSKWIN RIVER, BELOW BADESDAWA LAKE",Canada,9002.17777940996,7060024030,1,1,val
GRDC_4214500,2695,81.96,grdc,49.7812,-84.5354,"NAGAGAMI RIVER, HIGHWAY NO.11",Canada,2057.62540898727,7060024290,3,3,train
GRDC_4214505,2695,81.96,grdc,49.7646,-85.2271,"PAGWACHUAN RIVER, HIGHWAY NO. 11",Canada,2120.0997139513,7060024290,3,3,train
GRDC_4214507,2694,81.93,grdc,50.8729,-88.9313,"OGOKI RIVER, ABOVE WHITECLAY LAKE",Canada,11290.2885557568,7060024290,3,3,train
GRDC_4214513,2695,81.96,grdc,48.4062,-81.4521,"MATTAGAMI RIVER, NEAR TIMMINS",Canada,5603.7163000830005,7060024580,3,3,train
GRDC_4214517,2695,81.96,grdc,49.3104,-82.0438,"GROUNDHOG RIVER, FAUQUIER",Canada,12383.5158399004,7060024580,3,3,train
GRDC_4214519,2685,81.66,grdc,49.4104,-82.4271,"KAPUSKASING RIVER, KAPUSKASING",Canada,6569.3006833265,7060024580,3,3,train
GRDC_4214520,2695,81.96,grdc,51.3271,-83.8396,"ALBANY RIVER, NEAR HAT ISLAND",Canada,118068.59987233,7060024290,3,3,train
GRDC_4214530,2695,81.96,grdc,49.6146,-83.2646,"MISSINAIBI RIVER, MATTICE",Canada,9875.51854925745,7060024580,3,3,train
GRDC_4214540,2695,81.96,grdc,51.6396,-86.3854,"ALBANY RIVER, ABOVE NOTTIK ISLAND",Canada,32542.556794687094,7060024290,3,3,train
GRDC_4214560,2695,81.96,grdc,51.0812,-80.7604,"NORTH FRENCH RIVER, NEAR THE MOUTH",Canada,6606.0418182168605,7060024580,3,3,train
GRDC_4214570,2695,81.96,grdc,50.4188,-84.3812,"KENOGAMI RIVER, NEAR MAMMAMATTAWA",Canada,30615.3124014579,7060024290,3,3,train
GRDC_4214580,2695,81.96,grdc,50.6604,-86.5312,"LITTLE CURRENT RIVER, PERCY LAKE",Canada,5210.25643665662,7060024290,3,3,train
GRDC_4214590,2695,81.96,grdc,51.8521,-82.9688,"ALBANY RIVER, ABOVE FISHING CREEK ISLAND",Canada,126731.189620477,7060024290,3,3,train
GRDC_4214610,2695,81.96,grdc,48.6021,-78.1062,"HARRICANAW RIVER, AMOS",Canada,3666.6242390656,7060024680,3,3,train
GRDC_4215010,2695,81.96,grdc,49.4688,-120.9771,"TULAMEEN RIVER, BELOW VUICH CREEK",Canada,246.537755600114,7060014930,1,1,val
GRDC_4215011,2695,81.96,grdc,49.4604,-120.5188,"TULAMEEN RIVER, PRINCETON",Canada,1795.9949410488,7060014930,1,1,val
GRDC_4215040,2695,81.96,grdc,49.2104,-119.9896,"ASHNOLA RIVER, NEAR KEREMEOS",Canada,1050.45644914706,7060014930,1,1,val
GRDC_4215050,2695,81.96,grdc,49.3771,-120.1521,"SIMILKAMEEN RIVER, NEAR HEDLEY",Canada,5679.489562482099,7060014930,1,1,val
GRDC_4215051,2695,81.96,grdc,49.4604,-120.5062,"SIMILKAMEEN RIVER, PRINCETON",Canada,1819.68823531177,7060014930,1,1,val
GRDC_4215101,2695,81.96,grdc,49.1146,-119.5687,"OKANOGAN RIVER, NEAR OLIVER",Canada,7499.95238922792,7060014930,1,1,val
GRDC_4215102,2695,81.96,grdc,49.3396,-119.5771,"OKANOGAN RIVER, OKANAGAN FALLS",Canada,6678.862828983821,7060014930,1,1,val
GRDC_4215103,2695,81.96,grdc,49.4938,-119.6104,"OKANOGAN RIVER, PENTICTON",Canada,5964.03435929981,7060014930,1,1,val
GRDC_4215120,2695,81.96,grdc,49.8812,-119.4146,"MISSION CREEK, NEAR EAST KELOWNA",Canada,799.966965419103,7060014930,1,1,val
GRDC_4215125,2695,81.96,grdc,49.0438,-118.4396,"GRANBY RIVER, GRAND FORKS",Canada,2031.7521726941,7060014930,1,1,val
GRDC_4215130,2675,81.36,grdc,49.5646,-119.0521,"TRAPPING CREEK, NEAR THE MOUTH",Canada,147.281176187827,7060014930,1,1,val
GRDC_4215181,2695,81.96,grdc,49.2313,-118.9271,"KETTLE RIVER, NEAR WESTBRIDGE",Canada,2138.48596515245,7060014930,1,1,val
GRDC_4215185,2695,81.96,grdc,49.1729,-118.9771,"WEST KETTLE RIVER, WESTBRIDGE",Canada,1903.11943434577,7060014930,1,1,val
GRDC_4215200,2695,81.96,grdc,49.1771,-117.7146,"COLUMBIA RIVER, BIRCHBANK",Canada,87105.2483748747,7060014930,1,1,val
GRDC_4215230,2695,81.96,grdc,49.0479,-117.2938,"SALMO RIVER, NEAR SALMO",Canada,1238.6983898944,7060014930,1,1,val
GRDC_4215250,2695,81.96,grdc,49.6979,-117.4479,"LEMON CREEK, ABOVE SOUTH LEMON CREEK",Canada,181.152731858037,7060014930,1,1,val
GRDC_4215260,2695,81.96,grdc,49.4604,-117.5646,"SLOCAN RIVER, NEAR CRESCENT VALLEY",Canada,3319.0407618978497,7060014930,1,1,val
GRDC_4215270,2695,81.96,grdc,49.9062,-116.9521,"KASLO RIVER, BELOW KEMP CREEK",Canada,432.881408779454,7060014930,1,1,val
GRDC_4215426,2695,81.96,grdc,50.2313,-116.9562,"DUNCAN RIVER, BELOW LARDEAU RIVER",Canada,4146.5783461583205,7060014930,1,1,val
GRDC_4215430,2695,81.96,grdc,50.2646,-116.9688,"LARDEAU RIVER, MARBLEHEAD",Canada,1705.56412852905,7060014930,1,1,val
GRDC_4215650,2695,81.96,grdc,51.6771,-117.7188,"GOLD RIVER, ABOVE PALMER CREEK",Canada,425.33442294635,7060014930,1,1,val
GRDC_4215660,2695,81.96,grdc,51.4854,-117.1813,"COLUMBIA RIVER, DONALD",Canada,9589.843335424292,7060014930,1,1,val
GRDC_4215706,2695,81.96,grdc,49.6104,-115.6312,"KOOTENAI RIVER, FORT STEELE",Canada,11492.2359833345,7060014930,1,1,val
GRDC_4215710,2695,81.96,grdc,49.5104,-115.0687,"ELK RIVER, FERNIE",Canada,3074.7353065825605,7060014930,1,1,val
GRDC_4215750,2695,81.96,grdc,50.8854,-116.0479,"KOOTENAI RIVER, KOOTENAY CROSSING",Canada,509.435714598769,7060014930,1,1,val
GRDC_4220100,2695,81.96,grdc,48.9688,-106.8396,"ROCK CREEK, BELOW HORSE CREEK NEAR INTERN. BOUNDARY",Canada,833.800797203783,7060047060,0,0,test
GRDC_4220310,2695,81.96,grdc,48.9979,-105.4104,"EAST POPLAR RIVER, INTERNATIONAL BOUNDARY (CANADA)",Canada,1378.40719906715,7060047060,0,0,test
GRDC_4220501,2695,81.96,grdc,49.1437,-112.0812,"MILK RIVER, MILK RIVER",Canada,2702.4250914915,7060047060,0,0,test
GRDC_4231200,2695,81.96,grdc,47.2604,-68.5938,"SAINT JOHN RIVER, FORT KENT",Canada,14690.8288515043,7060038320,3,3,train
GRDC_4231250,2695,81.96,grdc,47.2062,-68.9562,"SAINT FRANCIS RIVER, OUTLET OF GLASIER LAKE",Canada,1346.27069328869,7060038320,3,3,train
GRDC_4231590,2695,81.96,grdc,45.9438,-67.3187,"SHOGOMOC STREAM, NEAR TRANS CANADA HIGHWAY",Canada,232.942254456317,7060038320,3,3,train
GRDC_4231602,2695,81.96,grdc,47.0396,-67.7354,"SAINT JOHN RIVER, GRAND FALLS",Canada,21838.7649581505,7060038320,3,3,train
GRDC_4231621,2695,81.96,grdc,47.1729,-67.2104,"TOBIQUE RIVER, RILEY BROOK",Canada,2246.15876052059,7060038320,3,3,train
GRDC_4231650,2695,81.96,grdc,46.1271,-66.6104,"NASHWAAK RIVER, DURHAM BRIDGE",Canada,1459.9229173735998,7060038320,3,3,train
GRDC_4231680,2695,81.96,grdc,45.6729,-66.6813,"OROMOCTO RIVER, TRACY",Canada,569.7907297817,7060038320,3,3,train
GRDC_4231800,2695,81.96,grdc,46.0729,-65.3646,"CANAAN RIVER, EAST CANAAN",Canada,651.294844987547,7060038320,3,3,train
GRDC_4232300,2695,81.96,grdc,48.9271,-87.6896,"GRAVEL RIVER, NEAR CAVERS",Canada,617.906198027366,7060034520,2,2,train
GRDC_4232600,2695,81.96,grdc,48.9062,-88.3771,"BLACK STURGEON RIVER, HIGHWAY NO. 17",Canada,2709.15928380706,7060034520,2,2,train
GRDC_4232700,2695,81.96,grdc,48.7729,-86.2938,"PIC RIVER, NEAR MARATHON",Canada,4208.306350627629,7060034520,2,2,train
GRDC_4232890,2695,81.96,grdc,47.2146,-84.6188,"MONTREAL RIVER, NEAR MONTREAL RIVER HARBOUR",Canada,3384.23914837948,7060034520,2,2,train
GRDC_4232900,2695,81.96,grdc,46.8604,-83.9688,"GOULAIS RIVER, NEAR SEARCHMONT",Canada,1144.78463922422,7060034520,2,2,train
GRDC_4234100,2695,81.96,grdc,46.2146,-82.5104,"SERPENT RIVER, HIGHWAY NO.17",Canada,1248.54251230589,7060034520,2,2,train
GRDC_4234400,2695,81.96,grdc,46.0187,-80.6021,"FRENCH RIVER, DRY PINE BAY",Canada,12260.2016038197,7060034520,2,2,train
GRDC_4234550,2695,81.96,grdc,45.6688,-79.3771,"NORTH MAGNETAWAN RIVER, NEAR BURK'S FALLS",Canada,314.000393520063,7060034520,2,2,train
GRDC_4234600,2695,81.96,grdc,44.7146,-79.2812,"BLACK RIVER, NEAR WASHAGO",Canada,1429.95629841457,7060034520,2,2,train
GRDC_4234650,2695,81.96,grdc,44.2521,-79.8229,"NOTTAWASAGA RIVER, NEAR BAXTER",Canada,1278.14107183239,7060034520,2,2,train
GRDC_4234680,2695,81.96,grdc,44.6729,-81.2604,"SAUBLE RIVER, SAUBLE FALLS",Canada,923.391357998701,7060034520,2,2,train
GRDC_4234700,2695,81.96,grdc,44.4562,-81.3271,"SAUGEEN RIVER, NEAR PORT ELGIN",Canada,3734.01485099644,7060034520,2,2,train
GRDC_4234701,2695,81.96,grdc,44.1188,-81.1146,"SAUGEEN RIVER, NEAR WALKERTON",Canada,2101.54762300856,7060034520,2,2,train
GRDC_4234720,2695,81.96,grdc,44.1146,-81.0188,"CARRICK CREEK, NEAR CARLSRUHE",Canada,178.50513510692002,7060034520,2,2,train
GRDC_4234900,2695,81.96,grdc,43.0729,-81.6604,"AUSABLE RIVER, NEAR SPRINGBANK",Canada,804.097784606036,7060034520,2,2,train
GRDC_4235100,2695,81.96,grdc,43.1312,-80.2646,"GRAND RIVER, BRANTFORD",Canada,5127.066832622199,7060034520,2,2,train
GRDC_4235101,2695,81.96,grdc,43.3521,-80.3146,"GRAND RIVER, GALT",Canada,3511.1700832860497,7060034520,2,2,train
GRDC_4235190,2695,81.96,grdc,42.8271,-81.8521,"SYDENHAM RIVER, NEAR ALVINSTON",Canada,708.833355154413,7060034520,2,2,train
GRDC_4235191,2695,81.96,grdc,42.6479,-82.0104,"SYDENHAM RIVER, FLORENCE",Canada,1128.70403368049,7060034520,2,2,train
GRDC_4235300,2695,81.96,grdc,42.5438,-81.9688,"THAMES RIVER, THAMESVILLE",Canada,4490.452109534871,7060034520,2,2,train
GRDC_4235301,2695,81.96,grdc,42.9646,-81.3312,"THAMES RIVER, BYRON",Canada,3083.2250504091303,7060034520,2,2,train
GRDC_4235400,2695,81.96,grdc,42.8604,-80.7188,"BIG OTTER CREEK, TILLSONBURG",Canada,306.662253699561,7060034520,2,2,train
GRDC_4235490,2695,81.96,grdc,43.3771,-80.7104,"NITH RIVER, NEW HAMBURG",Canada,541.420247779035,7060034520,2,2,train
GRDC_4235500,2695,81.96,grdc,43.1938,-80.4479,"NITH RIVER, NEAR CANNING",Canada,983.664744148154,7060034520,2,2,train
GRDC_4236050,2695,81.96,grdc,43.1354,-79.3812,"TWENTY MILE CREEK, BALLS  FALLS",Canada,306.918796877951,7060034520,2,2,train
GRDC_4236100,2695,81.96,grdc,43.4979,-79.7729,"EAST SIXTEEN MILE CREEK, NEAR OMAGH",Canada,181.18844602169895,7060034520,2,2,train
GRDC_4236300,2695,81.96,grdc,43.7896,-79.5854,"EAST HUMBER RIVER, NEAR PINE GROVE",Canada,196.255672525302,7060034520,2,2,train
GRDC_4236700,2695,81.96,grdc,44.2521,-77.4188,"MOIRA RIVER, NEAR FOXBORO",Canada,2576.35832948224,7060034520,2,2,train
GRDC_4243070,2695,81.96,grdc,45.4979,-76.5646,"BONNECHERE RIVER, EAR CASTLEFORD",Canada,2693.88923105804,7060034520,2,2,train
GRDC_4243141,2695,81.96,grdc,45.7938,-75.0896,"SOUTH NATION RIVER, PRES DE RIPON",Canada,1256.22752345656,7060034520,2,2,train
GRDC_4243151,2695,81.96,grdc,45.4104,-73.6229,"SAINT LAWRENCE RIVER, LASALLE",Canada,932591.264573916,7060034520,2,2,train
GRDC_4243210,2690,81.81,grdc,46.0104,-73.4271,"L'ASSOMPTION, RIVIERE, JOLIETTE",Canada,1311.3180763736698,7060034520,2,2,train
GRDC_4243215,2653,80.69,grdc,45.7354,-74.6854,"ROUGE, RIVIERE, ROUGE",Canada,5545.86002751406,7060034520,2,2,train
GRDC_4243220,2695,81.96,grdc,45.1771,-73.8479,"ANGLAIS, RIVIERE DES, RIVERFIELD",Canada,601.661387445673,7060034520,2,2,train
GRDC_4243240,2695,81.96,grdc,45.3979,-73.2562,"RIVIERE RICHELIEU, RAPIDES FRYERS",Canada,21875.2627446047,7060034520,2,2,train
GRDC_4243280,2695,81.96,grdc,45.4646,-71.6562,"RIVIERE EATON, PRES DE LA RIVIERE SAINT-FRANCOIS-3",Canada,645.697003032563,7060034520,2,2,train
GRDC_4243290,2680,81.51,grdc,45.5812,-71.3854,"RIVIERE AUX SAUMONS, EN AMONT DU RUISSEAU MOFFAT",Canada,762.811800881396,7060034520,2,2,train
GRDC_4243320,2693,81.9,grdc,46.6604,-71.2854,"RIVIERE BEAURIVAGE, SAINTE-ETIENNE",Canada,685.8859508391299,7060034520,2,2,train
GRDC_4243330,2695,81.96,grdc,46.8521,-71.8771,"RIVIERE SAINTE-ANNE, CHUTE-PANET-1",Canada,1555.88012534569,7060034520,2,2,train
GRDC_4243340,2695,81.96,grdc,46.3062,-71.4479,"BECANCOUR, RIVIERE, EN AMONT DE LA RIVIERE PALMER",Canada,909.631087269431,7060034520,2,2,train
GRDC_4244370,2695,81.96,grdc,46.8229,-70.7562,"RIVIERE DU SUD, ARTHURVILLE",Canada,812.544239556282,7060034570,1,1,val
GRDC_4244420,2695,81.96,grdc,48.8146,-72.0479,"PERIBONKA, PETITE RIVIERE, EN AMONT ROUTE 169",Canada,977.8009205574672,7060034330,3,3,train
GRDC_4244550,2695,81.96,grdc,52.6479,-56.8729,"ALEXIS RIVER, NEAR PORT HOPE SIMPSON",Canada,2288.86538750489,7060032080,1,1,val
GRDC_4244610,2695,81.96,grdc,52.2313,-61.3229,"LITTLE MECATINA RIVER, ABOVE LAC FOURMONT",Canada,4463.19031906961,7060032940,3,3,train
GRDC_4244720,2695,81.96,grdc,50.6063,-57.1521,"TORRENT RIVER, BRISTOL'S POOL",Canada,643.781390159757,7060060320,3,3,train
GRDC_4244730,2695,81.96,grdc,49.2396,-57.3646,"UPPER HUMBER RIVER, NEAR REIDVILLE",Canada,2117.32994951821,7060060310,3,3,train
GRDC_4244750,2695,81.96,grdc,48.6229,-57.9354,"LEWASEECHJEECH BROOK, LITTLE GRAND LAKE",Canada,465.601685826563,7060060310,3,3,train
GRDC_4244770,2695,81.96,grdc,49.0146,-54.8521,"GANDER RIVER, BIG CHUTE",Canada,4422.46134181249,7060061620,1,1,val
GRDC_4244780,2695,81.96,grdc,47.7479,-55.4396,"BAY DU NORD RIVER, BIG FALLS",Canada,1206.66972170207,7060062930,4,4,train
GRDC_4244785,2695,81.96,grdc,47.2146,-55.3271,"GARNISH RIVER, NEAR GARNISH",Canada,212.787069378469,7060061880,4,4,train
GRDC_4244788,2695,81.96,grdc,47.9479,-54.2854,"PIPERS HOLE RIVER, MOTHERS BROOK",Canada,767.0423076062891,7060061880,4,4,train
GRDC_4244795,2695,81.96,grdc,47.2271,-53.5688,"ROCKY RIVER, NEAR COLINET",Canada,294.281162465597,7060061880,4,4,train
GRDC_4244810,2695,81.96,grdc,48.9813,-64.6979,"RIVIERE DARTMOUTH, EN AMONT DU RUISSEAU DU PAS DE DAME",Canada,626.075733340259,7060034870,4,4,train
GRDC_4244840,2695,81.96,grdc,47.8354,-66.8896,"UPSALQUITCH RIVER, UPSALQUITCH",Canada,2274.49068204476,7060035470,2,2,train
GRDC_4244850,2695,81.96,grdc,47.6646,-67.4854,"RESTIGOUCHE RIVER, BELOW KEDGWICK RIVER",Canada,3162.10435925838,7060035470,2,2,train
GRDC_4244870,2695,81.96,grdc,46.9354,-65.9104,"LITTLE SOUTHWEST MIRAMICHI RIVER, LYTTLETON",Canada,1345.1368310722198,7060035860,2,2,train
GRDC_4244880,2695,81.96,grdc,46.7354,-65.8229,"SOUTHWEST MIRAMICHI RIVER, BLACKVILLE",Canada,5057.39905224314,7060035860,2,2,train
GRDC_4244940,2695,81.96,grdc,50.6854,-64.5771,"MAGPIE RIVER, SORTIE DU LAC MAGPIE",Canada,7174.8469760752405,7060033460,3,3,train
GRDC_4244960,2695,81.96,grdc,45.1729,-61.9813,"SAINT MARYS RIVER, STILLWATER",Canada,1373.8176801692,7060035870,2,2,train
GRDC_4244985,2695,81.96,grdc,44.4479,-64.5938,"LA HAVE RIVER, WEST NORTHFIELD",Canada,1251.34747456815,7060035870,2,2,train
GRDC_4244995,2695,81.96,grdc,43.8396,-65.3729,"ROSEWAY RIVER, LOWER OHIO",Canada,517.286551351235,7060037350,2,2,train
GRDC_4245100,2695,81.96,grdc,55.2646,-129.0854,"NASS RIVER, ABOVE SHUMAL CREEK",Canada,18253.348740626498,7060019190,1,1,val
GRDC_4245210,2680,81.51,grdc,54.3646,-129.3146,"EXCHAMSIKS RIVER, NEAR TERRACE",Canada,368.05692956712096,7060019010,4,4,train
GRDC_4245250,2695,81.96,grdc,54.6312,-128.4271,"SKEENA RIVER, USK",Canada,42136.570939032,7060019010,4,4,train
GRDC_4245280,2695,81.96,grdc,54.6063,-127.4938,"TELKWA RIVER, BELOW TSAI CREEK",Canada,357.381134605687,7060019010,4,4,train
GRDC_4245650,2695,81.96,grdc,50.9854,-124.9229,"HOMATHKO RIVER, AT THE MOUTH",Canada,5649.70914119719,7060016850,3,3,train
GRDC_4245820,2695,81.96,grdc,50.4354,-126.5771,"TSITIKA RIVER, BELOW CATHERINE CREEK",Canada,314.135274668724,7060056630,3,3,train
GRDC_4245880,2695,81.96,grdc,48.5771,-124.3146,"SAN JUAN RIVER, NEAR PORT RENFREW",Canada,581.131772334954,7060056770,1,1,val
GRDC_4245920,2695,81.96,grdc,55.7188,-127.6854,"SKEENA RIVER, ABOVE BABINE RIVER",Canada,12562.3338939119,7060019010,4,4,train
GRDC_4245950,2695,81.96,grdc,49.7938,-123.1979,"SQUAMISH RIVER, NEAR BRACKENDALE",Canada,2362.56798800087,7060016270,3,3,train
GRDC_4247100,2695,81.96,grdc,45.1354,-67.3187,"SAINT CROIX RIVER, BARING",Canada,3561.8706870213105,7060038340,2,2,train
GRDC_4247101,2695,81.96,grdc,45.5688,-67.4271,"SAINT CROIX RIVER, VANCEBORO",Canada,1057.95846745161,7060038340,2,2,train
GRDC_4247500,2695,81.96,grdc,45.2104,-67.2646,"DENNIS STREAM, NEAR ST.STEPHEN",Canada,111.720470703592,7060038340,2,2,train
GRDC_4247700,2695,81.96,grdc,45.1688,-66.4688,"LEPREAU RIVER, LEPREAU",Canada,230.21091079132003,7060038340,2,2,train
GRDC_4584100,2631,80.02,grdc,18.3979,-77.9688,"GREAT RIVER, LETHE",Jamaica,372.710406517414,7060065090,2,2,train
GRDC_5101020,2693,81.9,grdc,-12.6562,143.0521,"PASCOE RIVER, GARRAWAY CREEK JUNCTION",Australia,1310.98864266162,5060049720,3,3,train
GRDC_5101040,2674,81.33,grdc,-14.1688,143.3938,"STEWART RIVER, TELEGRAPH ROAD",Australia,471.215756726312,5060049720,3,3,train
GRDC_5101050,2693,81.9,grdc,-15.2229,143.8479,"HANN RIVER, SANDY CREEK",Australia,985.611325952411,5060067410,2,2,train
GRDC_5101070,2696,82.0,grdc,-15.2812,144.8354,"NORMANBY RIVER, BATTLE CAMP CROSSING",Australia,2334.59260854247,5060067450,2,2,train
GRDC_5101071,2696,82.0,grdc,-14.9146,144.2104,"NORMANBY RIVER, KALPOWAR CROSSING",Australia,12941.6864533735,5060067450,2,2,train
GRDC_5101075,2696,82.0,grdc,-15.7729,145.0146,"EAST NORMANBY RIVER, HRS DEVELOPMENT ROAD",Australia,293.446926630604,5060067450,2,2,train
GRDC_5101080,2660,80.9,grdc,-16.1771,145.2812,"DAINTREE RIVER, BAIRDS",Australia,902.724740648933,5060067460,1,1,val
GRDC_5101090,2679,81.48,grdc,-15.9854,145.2896,"BLOOMFIELD RIVER, CHINA CAMP",Australia,259.114273442151,5060067460,1,1,val
GRDC_5101109,2696,82.0,grdc,-17.1812,145.7271,"MULGRAVE RIVER, HRS THE FISHERIES",Australia,360.534245641356,5060067860,3,3,train
GRDC_5101116,2696,82.0,grdc,-17.3854,145.9688,"RUSSELL RIVER, BUCKLANDS",Australia,331.984477283302,5060067860,3,3,train
GRDC_5101118,2696,82.0,grdc,-17.6104,145.9771,"SOUTH JOHNSTONE RIVER, UPSTREAM CENTRAL MILL",Australia,402.762458708126,5060067860,3,3,train
GRDC_5101119,2696,82.0,grdc,-17.5437,145.9313,"NORTH JOHNSTONE RIVER, TUNG OIL",Australia,937.871432626575,5060067860,3,3,train
GRDC_5101120,2696,82.0,grdc,-17.7396,145.6312,"COCHABLE CREEK, HRS POWERLINE",Australia,95.9224773892488,5060067860,3,3,train
GRDC_5101123,2696,82.0,grdc,-17.7354,145.4396,"BLUNDER CREEK, HRS WOOROORA",Australia,129.812703832734,5060067860,3,3,train
GRDC_5101124,2696,82.0,grdc,-17.6521,145.3396,"THE MILLSTREAM, HRS ARCHER CREEK",Australia,309.144167956109,5060067860,3,3,train
GRDC_5101125,2696,82.0,grdc,-17.6271,145.2979,"WILD RIVER, HRS SILVER VALLEY",Australia,577.76889887781,5060067860,3,3,train
GRDC_5101130,2696,82.0,grdc,-17.9937,145.9437,"TULLY RIVER, EURAMO",Australia,1439.0770814481698,5060067860,3,3,train
GRDC_5101162,2696,82.0,grdc,-18.6354,146.1438,"HERBERT RIVER, INGHAM",Australia,8706.88385833195,5060067860,3,3,train
GRDC_5101164,2696,82.0,grdc,-18.1062,145.8063,"MURRAY RIVER, HRS UPPER MURRAY",Australia,158.293961544205,5060067860,3,3,train
GRDC_5101165,2696,82.0,grdc,-18.2021,145.5354,"BLENCOE CREEK, HRS BLENCOE FALLS",Australia,223.389756233682,5060067860,3,3,train
GRDC_5101170,2696,82.0,grdc,-19.2354,146.6312,"BLACK RIVER, BRUCE HIGHWAY",Australia,270.403031483419,5060067860,3,3,train
GRDC_5101181,2696,82.0,grdc,-21.4479,147.7146,"SUTTOR RIVER, HRS EAGLEFIELD",Australia,1933.5509134766,5060068450,4,4,train
GRDC_5101182,2696,82.0,grdc,-21.5312,146.8604,"BELYANDO RIVER, HRS GREGORY DEVELOPMENT ROAD",Australia,35495.8576522091,5060068450,4,4,train
GRDC_5101183,2696,82.0,grdc,-19.3729,146.3604,"KEELBOTTOM CREEK, HRS KEELBOTTOM",Australia,172.633420248693,5060068450,4,4,train
GRDC_5101190,2696,82.0,grdc,-19.7729,146.9563,"HOUGHTON RIVER, MOUNT PICCANINNY",Australia,1161.69848286106,5060067860,3,3,train
GRDC_5101191,2696,82.0,grdc,-19.6313,147.1104,"HOUGHTON RIVER, HRS POWERLINE",Australia,1815.28372911136,5060067860,3,3,train
GRDC_5101200,2696,82.0,grdc,-19.7604,147.2479,"BURDEKIN RIVER, CLARE",Australia,129378.420324578,5060068450,4,4,train
GRDC_5101204,2696,82.0,grdc,-19.9438,147.8396,"ELLIOT RIVER, HRS GUTHALUNGRA",Australia,284.657302928569,5060068460,1,1,val
GRDC_5101205,2696,82.0,grdc,-20.9187,148.3271,"BROKEN RIVER, URANNAH",Australia,1071.52591713614,5060068450,4,4,train
GRDC_5101206,2696,82.0,grdc,-20.1521,148.1562,"DON RIVER, HRS REEVES",Australia,1032.51439410609,5060068460,1,1,val
GRDC_5101253,2696,82.0,grdc,-21.1771,148.8313,"PIONEER RIVER, MIRANI WEIR T/W",Australia,1203.58241292735,5060068460,1,1,val
GRDC_5101260,2696,82.0,grdc,-21.3229,148.8354,"BLACKS CREEK, HRS WHITEFORDS",Australia,505.4212057133741,5060068460,1,1,val
GRDC_5101285,2696,82.0,grdc,-25.6396,149.7896,"DAWSON RIVER, HRS TAROOM",Australia,15907.9103672443,5060069590,4,4,train
GRDC_5101286,2696,82.0,grdc,-21.7688,148.7896,"DENISON CREEK, HRS BRAESIDE",Australia,756.934938094563,5060069590,4,4,train
GRDC_5101287,2696,82.0,grdc,-22.1729,148.3812,"ISAAC RIVER, HRS DEVERILL",Australia,4205.70233199029,5060069590,4,4,train
GRDC_5101288,2696,82.0,grdc,-22.0354,149.1271,"CONNORS RIVER, HRS MT BRIDGET",Australia,1261.83965173711,5060069590,4,4,train
GRDC_5101291,2696,82.0,grdc,-23.8188,150.8229,"RAGLAN CREEK, HRS OLD STN",Australia,395.916842565582,5060069600,4,4,train
GRDC_5101301,2696,82.0,grdc,-23.0896,150.1104,"FITZROY RIVER, THE GAP",Australia,136122.35515763698,5060069590,4,4,train
GRDC_5101303,2696,82.0,grdc,-24.3396,149.5813,"MIMOSA CREEK, REDCLIFFE",Australia,2468.25172978236,5060069590,4,4,train
GRDC_5101305,2689,81.78,grdc,-25.7437,149.3313,"DAWSON RIVER, UTOPIA DOWNS",Australia,6051.960135167629,5060069590,4,4,train
GRDC_5101308,2696,82.0,grdc,-24.8438,148.6937,"BROWN RIVER, LAKE BROWN",Australia,3008.5012768960805,5060069590,4,4,train
GRDC_5101320,2696,82.0,grdc,-23.9854,151.0979,"CALLIOPE RIVER, CASTLEHOPE",Australia,1315.52652441578,5060069600,4,4,train
GRDC_5101365,2696,82.0,grdc,-25.9396,151.0188,"CADARGA CREEK, BROVINIA STATION",Australia,1287.95058072564,5060069960,2,2,train
GRDC_5101381,2696,82.0,grdc,-25.9521,152.4979,"MARY RIVER, MIVA",Australia,4678.4270365957,5060070100,1,1,val
GRDC_5101385,2696,82.0,grdc,-26.0063,152.4104,"WIDE CREEK, BROOYAR",Australia,690.888519698772,5060070100,1,1,val
GRDC_5101390,2696,82.0,grdc,-25.7646,152.5271,"MARY RIVER, HOME PARK",Australia,6800.220349546899,5060070100,1,1,val
GRDC_5101396,2695,81.96,grdc,-26.8021,152.2729,"BRISBANE RIVER, HRS LINVILLE",Australia,2026.57412194284,5060070390,1,1,val
GRDC_5101397,2696,82.0,grdc,-26.9979,152.4104,"BRISBANE RIVER, HRS GREGORS CREEK",Australia,3893.8583656139,5060070390,1,1,val
GRDC_5101410,2696,82.0,grdc,-24.7521,151.5854,"KOLAN RIVER, HRS SPRINGFIELD",Australia,558.2462974642,5060069600,4,4,train
GRDC_5101411,2696,82.0,grdc,-24.9688,151.8896,"GIN GIN CREEK, HRS DAM SITE",Australia,554.144046774071,5060069600,4,4,train
GRDC_5101414,2696,82.0,grdc,-26.7354,151.8146,"BARKER CREEK, HRS BROOKLANDS",Australia,309.607190262671,5060069960,2,2,train
GRDC_5101415,2696,82.0,grdc,-25.9021,151.8396,"BOONARA CREEK, HRS ETTIEWYN",Australia,1366.85992372769,5060069960,2,2,train
GRDC_5101416,2696,82.0,grdc,-26.1812,151.5479,"STUART RIVER, HRS PROSTON RIFLE RANGE",Australia,1551.1169591179,5060069960,2,2,train
GRDC_5101430,2696,82.0,grdc,-27.6021,152.6896,"BREMER RIVER, WALLOON",Australia,638.1371340786151,5060070390,1,1,val
GRDC_5101450,2696,82.0,grdc,-28.0688,152.9271,"LOGAN RIVER, ROUND MOUNTAIN",Australia,1273.89206787583,5060070440,3,3,train
GRDC_5101451,2696,82.0,grdc,-28.0521,153.0437,"ALBERT RIVER, HRS LUMEAH NUMBER 2",Australia,187.71532733805,5060070440,3,3,train
GRDC_5101471,2696,82.0,grdc,-25.0854,152.2396,"GREGORY RIVER, HRS BURRUM HIGHWAY",Australia,434.945505161532,5060069970,1,1,val
GRDC_5101472,2696,82.0,grdc,-25.2646,152.3688,"ISIS RIVER, HRS BRUCE HIGHWAY",Australia,463.884102624478,5060069970,1,1,val
GRDC_5101480,2679,81.48,grdc,-28.1313,153.2146,"BACK CREEK, BEECHMONT",Australia,7.004215513438901,5060070450,4,4,train
GRDC_5101486,2653,80.69,grdc,-26.6271,152.7021,"MARY RIVER, HRS BELLBIRD CK",Australia,492.260839186984,5060070100,1,1,val
GRDC_5101487,2696,82.0,grdc,-25.8188,152.7188,"TINANA CREEK, HRS BAUPLE EAST",Australia,817.1909959806011,5060070100,1,1,val
GRDC_5101500,2696,82.0,grdc,-27.4396,152.6687,"BRISBANE RIVER, SAVAGES CROSSING",Australia,10231.5974056285,5060070390,1,1,val
GRDC_5101505,2696,82.0,grdc,-27.8271,152.5104,"BREMER RIVER, HRS ADAMS BRIDGE",Australia,128.06267403091002,5060070390,1,1,val
GRDC_5101506,2695,81.96,grdc,-27.7312,152.3646,"LAIDLEY CREEK, HRS MULGOWIE2",Australia,184.863894935199,5060070390,1,1,val
GRDC_5104160,2679,81.48,grdc,-28.4812,151.2812,"BRACKER CREEK, TERRAINE",Australia,684.543797931591,5060073410,3,3,train
GRDC_5104220,2696,82.0,grdc,-26.7104,150.1813,"DOGWOOD CREEK, GILWEIR",Australia,2952.84541448737,5060073410,3,3,train
GRDC_5104228,2692,81.87,grdc,-28.0312,151.5854,"CANAL CREEK, LEYBURN",Australia,398.962419572685,5060073410,3,3,train
GRDC_5104230,2696,82.0,grdc,-25.7937,146.5854,"WARREGO RIVER, AUGATHELLA",Australia,7280.423258443009,5060073410,3,3,train
GRDC_5104245,2695,81.96,grdc,-28.6896,144.7854,"PAROO RIVER, CAIWARRO",Australia,21888.2413961527,5060073410,3,3,train
GRDC_5104310,2679,81.48,grdc,-28.2271,152.2271,"EMU CREEK, EMU VALE",Australia,155.684194116874,5060073410,3,3,train
GRDC_5104330,2696,82.0,grdc,-28.3729,152.1438,"CONDAMINE RIVER NORTH BRANCH, HRS ELBOW VALLEY",Australia,333.245492657203,5060073410,3,3,train
GRDC_5104350,2696,82.0,grdc,-27.9354,151.8562,"KINGS CREEK, HRS AIDES BRIDGE",Australia,643.187453907631,5060073410,3,3,train
GRDC_5109110,2696,82.0,grdc,-18.6438,139.2521,"GREGORY RIVER, GREGORY DOWNS",Australia,12634.9112913155,5060065420,2,2,train
GRDC_5109151,2663,80.99,grdc,-18.1604,140.8562,"FLINDERS RIVER, WALKERS BEND",Australia,106714.567814652,5060065600,3,3,train
GRDC_5109152,2696,82.0,grdc,-20.2021,140.2229,"DUGALD RIVER, HRS RAILWAY CROSSING",Australia,655.5962045322821,5060065600,3,3,train
GRDC_5109161,2696,82.0,grdc,-17.8604,141.1312,"NORMAN RIVER, GLENORE WEIR",Australia,39393.8190841679,5060065630,4,4,train
GRDC_5109170,2696,82.0,grdc,-18.2021,142.8771,"GILBERT RIVER, ROCKFIELDS",Australia,11509.5682265417,5060065780,4,4,train
GRDC_5109175,2696,82.0,grdc,-18.1313,144.3063,"ELIZABETH CREEK, HRS MOUNT SURPRISE",Australia,452.822693509801,5060065780,4,4,train
GRDC_5109201,2696,82.0,grdc,-15.9438,142.3771,"MITCHELL RIVER, DUNBAR",Australia,46028.8533125926,5060065980,2,2,train
GRDC_5109203,2696,82.0,grdc,-16.4729,144.2896,"MITCHELL RIVER, HRS O.K. BRIDGE",Australia,7733.7575200190195,5060065980,2,2,train
GRDC_5109204,2696,82.0,grdc,-16.5437,143.7854,"WALSH RIVER, HRS TRIMBLES CROSSING",Australia,8620.14678021739,5060065980,2,2,train
GRDC_5109205,2696,82.0,grdc,-16.1104,144.7771,"PALMER RIVER, HRS GOLDFIELDS",Australia,544.533200509752,5060065980,2,2,train
GRDC_5109206,2696,82.0,grdc,-16.6771,145.2271,"RIFLE CREEK, HRS FONTHILL",Australia,357.855877488376,5060065980,2,2,train
GRDC_5109210,2696,82.0,grdc,-18.2312,139.8812,"LEICHHARDT RIVER, FLORAVILLE HOMESTEAD",Australia,23929.876527056,5060065470,1,1,val
GRDC_5109220,2696,82.0,grdc,-16.5354,142.0604,"STAATEN RIVER, DORUNDA",Australia,6361.87134599188,5060065850,3,3,train
GRDC_5109230,2696,82.0,grdc,-11.1396,142.3521,"JARDINE RIVER, MONUMENT",Australia,2273.76160502868,5060049720,3,3,train
GRDC_5109240,2696,82.0,grdc,-13.4188,142.9229,"ARCHER RIVER, TELEGRAPH CROSSING",Australia,2907.76195271026,5060066270,2,2,train
GRDC_5109270,2656,80.78,grdc,-13.9562,143.1729,"COEN RIVER, RACECOURSE",Australia,185.66982354406895,5060066270,2,2,train
GRDC_5110020,2696,82.0,grdc,-24.4271,145.4604,"BARCOO RIVER, HRS BLACKALL",Australia,5879.87746635771,5060087590,4,4,train
GRDC_5110030,2696,82.0,grdc,-23.2188,144.0813,"DARR RIVER, DARR",Australia,2701.21326317081,5060087590,4,4,train
GRDC_5110400,2696,82.0,grdc,-25.9104,139.3688,"DIAMANTINA RIVER, HRS BIRDSVILLE",Australia,110948.022772093,5060087590,4,4,train
GRDC_5201010,2696,82.0,grdc,-28.3479,153.2896,"OXLEY RIVER, EUNGELLA",Australia,230.64847830418304,5060070450,4,4,train
GRDC_5201020,2696,82.0,grdc,-28.4104,153.3354,"TWEED RIVER, UKI",Australia,299.851123275617,5060070450,4,4,train
GRDC_5202012,2696,82.0,grdc,-28.4646,152.1979,"MARYLAND RIVER, HRS D/S WYLIE CK",Australia,314.895685888995,5060070700,3,3,train
GRDC_5202015,2687,81.72,grdc,-28.5063,152.9646,"RICHMOND RIVER, HRS WIANGAREE",Australia,707.248980012957,5060070670,3,3,train
GRDC_5202030,2696,82.0,grdc,-28.8646,153.0563,"RICHMOND RIVER, CASINO",Australia,1883.4454306988605,5060070670,3,3,train
GRDC_5202033,2696,82.0,grdc,-28.7354,153.1646,"LEYCESTER CREEK, HRS ROCK VALLEY",Australia,174.699739758612,5060070670,3,3,train
GRDC_5202036,2696,82.0,grdc,-28.7604,153.4021,"WILSONS RIVER, ELTHAM",Australia,232.561408814617,5060070670,3,3,train
GRDC_5202037,2696,82.0,grdc,-28.7188,152.4187,"CLARENCE RIVER, HRS PADDYS FLAT",Australia,3122.9008476638,5060070700,3,3,train
GRDC_5202038,2696,82.0,grdc,-29.0562,152.3854,"TIMBARRA RIVER, HRS DRAKE",Australia,1733.60233369805,5060070700,3,3,train
GRDC_5202039,2696,82.0,grdc,-29.1104,152.9979,"MYRTLE CREEK, HRS RAPPVILLE",Australia,330.35880283717603,5060070670,3,3,train
GRDC_5202040,2696,82.0,grdc,-29.9771,152.7229,"NYMBOIDA RIVER, NYMBOIDA",Australia,1626.52828138288,5060070700,3,3,train
GRDC_5202041,2696,82.0,grdc,-30.2563,153.0312,"ORARA RIVER, HRS KARANGI",Australia,130.124014996942,5060070700,3,3,train
GRDC_5202043,2696,82.0,grdc,-28.8896,152.5604,"CLARENCE RIVER, TABULAM",Australia,4532.17174604548,5060070700,3,3,train
GRDC_5202044,2696,82.0,grdc,-29.5063,152.6813,"CLARENCE RIVER, LILYDALE (NEWBOLD CROSSING)",Australia,16930.921453451203,5060070700,3,3,train
GRDC_5202049,2696,82.0,grdc,-29.7229,152.8063,"ORARA RIVER, BAWDEN BRIDGE",Australia,1803.5026029606,5060070700,3,3,train
GRDC_5202056,2696,82.0,grdc,-29.6938,152.1062,"MITCHELL RIVER, HRS MITCHELL",Australia,908.0114212331688,5060070700,3,3,train
GRDC_5202057,2696,82.0,grdc,-29.7604,152.2146,"HENRY RIVER, NEWTON BOYD",Australia,394.431287986652,5060070700,3,3,train
GRDC_5202062,2696,82.0,grdc,-30.4771,152.0312,"WOLLOMOMBI RIVER, HRS CONINSIDE",Australia,370.289733753783,5060070900,3,3,train
GRDC_5202063,2696,82.0,grdc,-31.0521,151.7646,"APSLEY RIVER, HRS APSLEY FALLS",Australia,853.2070892905141,5060070900,3,3,train
GRDC_5202064,2696,82.0,grdc,-30.6771,151.7188,"SALISBURY WATERS, HRS NEAR DANGAR FALLS",Australia,644.6671893089331,5060070900,3,3,train
GRDC_5202065,2683,81.6,grdc,-30.5896,152.1646,"STYX RIVER, JEOGLA",Australia,151.44326127352,5060070900,3,3,train
GRDC_5202067,2696,82.0,grdc,-30.4271,152.7812,"BELLINGEN RIVER, THORA",Australia,469.096599815478,5060070710,1,1,val
GRDC_5202070,2679,81.48,grdc,-31.0063,152.7104,"MACLEAY RIVER, TURNERS FLAT",Australia,10163.3691746541,5060070900,3,3,train
GRDC_5202072,2696,82.0,grdc,-31.3687,152.2438,"HASTINGS RIVER, HRS MOUNT SEAVIEW",Australia,343.844574524715,5060070930,3,3,train
GRDC_5202073,2694,81.93,grdc,-31.3271,152.7396,"WILSON RIVER, HRS AVENEL",Australia,498.523302948277,5060070930,3,3,train
GRDC_5202074,2696,82.0,grdc,-31.4812,152.4479,"ELLENBOROUGH RIVER, HRS D/S BUNNOO R JUNCTION",Australia,482.752432470832,5060070930,3,3,train
GRDC_5202075,2696,82.0,grdc,-31.4229,152.4729,"HASTINGS RIVER, ELLENBOROUGH (KINDEE BRIDGE)",Australia,1565.9622764582598,5060070930,3,3,train
GRDC_5202080,2691,81.84,grdc,-31.9187,152.3104,"MANNING RIVER, KILLAWARRA",Australia,6618.66729007615,5060070980,4,4,train
GRDC_5202081,2696,82.0,grdc,-31.8938,152.0938,"GLOUCESTER RIVER, HRS DOON AYRE",Australia,1618.37964869758,5060070980,4,4,train
GRDC_5202082,2682,81.57,grdc,-31.7771,152.0771,"NOWENDOC RIVER, HRS ROCKS CROSSING",Australia,1913.13020265085,5060070980,4,4,train
GRDC_5202083,2663,80.99,grdc,-31.7688,151.8979,"BARNARD RIVER, HRS MACKAY",Australia,1821.0437017039103,5060070980,4,4,train
GRDC_5202085,2696,82.0,grdc,-31.5771,151.3146,"BARNARD RIVER, BARRY",Australia,147.744335475247,5060070980,4,4,train
GRDC_5202087,2696,82.0,grdc,-31.6438,151.7354,"MYALL CREEK, HRS JACKY BARKERS",Australia,544.038694550597,5060070980,4,4,train
GRDC_5202090,2696,82.0,grdc,-32.2438,151.9771,"MAMMY JOHNSONS RIVER, HRS PIKES CROSSING",Australia,154.674524044438,5060071100,1,1,val
GRDC_5202095,2696,82.0,grdc,-32.4771,151.9604,"KARUAH RIVER, HRS BOORAL",Australia,968.288847093819,5060071100,1,1,val
GRDC_5202102,2696,82.0,grdc,-32.6604,151.4062,"HUNTER RIVER, GRETA",Australia,17782.9721777599,5060071130,1,1,val
GRDC_5202103,2696,82.0,grdc,-32.5604,151.1687,"HUNTER RIVER, SINGLETON",Australia,16443.9812132124,5060071130,1,1,val
GRDC_5202105,2696,82.0,grdc,-32.3438,150.0979,"GOULBURN RIVER, COGGAN",Australia,3387.80390401328,5060071130,1,1,val
GRDC_5202106,2696,82.0,grdc,-32.3062,151.5104,"ALLYN RIVER, HRS HALTON",Australia,192.19736880581505,5060071130,1,1,val
GRDC_5202107,2696,82.0,grdc,-32.3188,151.6896,"WILLIAMS RIVER, TILLEGRA",Australia,198.48347610725895,5060071130,1,1,val
GRDC_5202108,2696,82.0,grdc,-32.1521,151.0479,"ROUCHEL BROOK, HRS ROUCHEL BROOK (THE VALE)",Australia,399.04272669696405,5060071130,1,1,val
GRDC_5202109,2696,82.0,grdc,-32.4146,150.3187,"GOULBURN RIVER, HRS KERRABEE",Australia,4966.66760518304,5060071130,1,1,val
GRDC_5202110,2696,82.0,grdc,-33.2438,151.3854,"JILLIBY CREEK, U/S WYONG RIVER (DURREN LANE)",Australia,97.37591419799652,5060071140,2,2,train
GRDC_5202111,2696,82.0,grdc,-32.3479,150.5771,"GOULBURN RIVER, HRS SANDY HOLLOW",Australia,6818.42136205332,5060071130,1,1,val
GRDC_5202112,2696,82.0,grdc,-32.2687,150.6354,"WYBONG CREEK, HRS WYBONG",Australia,670.0670794816359,5060071130,1,1,val
GRDC_5202113,2696,82.0,grdc,-32.0104,150.9979,"PAGES RIVER, HRS GUNDY RECORDER",Australia,1072.31274716143,5060071130,1,1,val
GRDC_5202114,2696,82.0,grdc,-33.2687,151.3604,"WYONG CREEK, HRS GRACEMERE",Australia,242.929324649977,5060071140,2,2,train
GRDC_5202115,2673,81.3,grdc,-33.0729,151.4688,"JIGADEE CREEK, AVONDALE",Australia,57.957006344704105,5060071140,2,2,train
GRDC_5202120,2695,81.96,grdc,-33.1188,150.2812,"CAPERTEE RIVER, GLEN DAVIS",Australia,1050.3073645383502,5060071270,1,1,val
GRDC_5202130,2676,81.39,grdc,-33.8771,150.7688,"SOUTH CREEK, MULGOA ROAD",Australia,90.8024142473456,5060071270,1,1,val
GRDC_5202141,2696,82.0,grdc,-35.7146,150.0354,"BUCKENBOWRA RIVER, HRS BUCKENBOWRA NO.3",Australia,166.713933540048,5060071280,2,2,train
GRDC_5202150,2696,82.0,grdc,-35.3438,149.7354,"SHOALHAVEN RIVER, WARRI",Australia,1391.6405591679002,5060071280,2,2,train
GRDC_5202151,2696,82.0,grdc,-34.8438,150.4229,"SHOALHAVEN RIVER, GRASSY GULLY NO. 2",Australia,6438.05689509087,5060071280,2,2,train
GRDC_5202155,2669,81.17,grdc,-35.1479,150.0354,"CORANG RIVER, HOCKEYS",Australia,156.745522557871,5060071280,2,2,train
GRDC_5202160,2696,82.0,grdc,-35.4688,150.2396,"CLYDE RIVER, HRS BROOMAN",Australia,865.113516116797,5060071280,2,2,train
GRDC_5202180,2696,82.0,grdc,-36.1979,149.7646,"TUROSS RIVER, HRS DS WADBILLIGA RIVER JUNCTION",Australia,917.914447693426,5060071280,2,2,train
GRDC_5202181,2696,82.0,grdc,-36.1271,149.9979,"TUROSS RIVER, HRS EUROBODALLA",Australia,1610.20764366763,5060071280,2,2,train
GRDC_5202183,2696,82.0,grdc,-36.2562,149.6896,"WADBILLIGA RIVER, HRS WADBILLIGA",Australia,125.968551013747,5060071280,2,2,train
GRDC_5202200,2696,82.0,grdc,-37.0688,149.6562,"TOWAMBA RIVER, TOWAMBA",Australia,825.899400416656,5060071280,2,2,train
GRDC_5202210,2696,82.0,grdc,-36.6646,149.6521,"BEMBOKA RIVER, HRS MORANS CROSSING",Australia,321.367771062275,5060071280,2,2,train
GRDC_5202212,2696,82.0,grdc,-36.6021,149.8104,"DOUBLE CREEK, HRS NEAR BROGO",Australia,152.35739445466498,5060071280,2,2,train
GRDC_5202213,2696,82.0,grdc,-36.7313,149.6854,"TANTAWANGLO CREEK, HRS CANDELO DAM SITE",Australia,204.292855369776,5060071280,2,2,train
GRDC_5202215,2696,82.0,grdc,-37.3688,149.7104,"WALLAGARAUGH RIVER, HRS PRINCES HWY",Australia,472.33015838330994,5060071280,2,2,train
GRDC_5202216,2696,82.0,grdc,-36.9979,149.0896,"LITTLE PLAINS RIVER, HRS WELLESLEY (ROWES)",Australia,597.550766193555,5060071980,2,2,train
GRDC_5202217,2696,82.0,grdc,-36.7938,148.4062,"PINCH RIVER, HRS THE BARRY WAY",Australia,152.97741821819798,5060071980,2,2,train
GRDC_5202225,2696,82.0,grdc,-36.9062,149.0354,"DELEGATE RIVER, QUIDONG",Australia,1112.57167496164,5060071980,2,2,train
GRDC_5202227,2696,82.0,grdc,-36.9562,148.3271,"SUGGAN BUGGAN RIVER, HRS SUGGAN BUGGAN",Australia,361.587439767628,5060071980,2,2,train
GRDC_5202410,2677,81.42,grdc,-33.7313,150.2438,"MEGALONG CREEK, NARROW NECK",Australia,26.242214510710603,5060071270,1,1,val
GRDC_5204010,2696,82.0,grdc,-35.9146,146.9771,"BOWNA CREEK, HRS YAMBLA",Australia,268.480000484576,5060073410,3,3,train
GRDC_5204011,2696,82.0,grdc,-35.6938,146.7146,"MOULAMEIN CREEK, HRS WALBUNDRIE",Australia,2658.85658300812,5060073410,3,3,train
GRDC_5204013,2689,81.78,grdc,-35.8979,147.6937,"JINGELLIC CREEK, JINGELLIC",Australia,391.678433844181,5060073410,3,3,train
GRDC_5204015,2645,80.44,grdc,-36.2812,148.1188,"SWAMPY PLAIN RIVER, KHANCOBAN (OLD)",Australia,587.500522342584,5060073410,3,3,train
GRDC_5204016,2645,80.44,grdc,-36.2812,148.1188,"SWAMPY PLAIN RIVER, KHANCOBAN",Australia,587.500522342584,5060073410,3,3,train
GRDC_5204018,2696,82.0,grdc,-36.3188,148.0521,"MURRAY RIVER, BIGGARA",Australia,1268.47236530187,5060073410,3,3,train
GRDC_5204019,2696,82.0,grdc,-35.7687,147.9313,"MANNUS CREEK, HRS YARRAMUNDI",Australia,193.44647370674,5060073410,3,3,train
GRDC_5204020,2672,81.27,grdc,-35.9312,148.1021,"MARAGLE CREEK, HRS MARAGLE",Australia,218.82689453803,5060073410,3,3,train
GRDC_5204100,2696,82.0,grdc,-34.9312,148.1646,"MUTTAMA CREEK, COOLAC",Australia,1063.51639733982,5060073410,3,3,train
GRDC_5204101,2671,81.23,grdc,-34.4771,144.3021,"MURRUMBIDGEE RIVER, D/S MAUDE WEIR",Australia,39310.9559599728,5060073410,3,3,train
GRDC_5204102,2696,82.0,grdc,-34.7562,146.5479,"MURRUMBIDGEE RIVER, NARRANDERA",Australia,35425.0700928871,5060073410,3,3,train
GRDC_5204103,2696,82.0,grdc,-35.0729,148.1062,"MURRUMBIDGEE RIVER, GUNDAGAI",Australia,21368.351237478106,5060073410,3,3,train
GRDC_5204104,2696,82.0,grdc,-35.0021,148.5729,"MURRUMBIDGEE RIVER, D/S BURRINJUCK DAM",Australia,13115.3511697855,5060073410,3,3,train
GRDC_5204105,2696,82.0,grdc,-36.1688,149.0896,"MURRUMBIDGEE RIVER, MITTAGANG CROSSING",Australia,1892.41450330612,5060073410,3,3,train
GRDC_5204106,2678,81.45,grdc,-34.6646,143.4938,"MURRUMBIDGEE RIVER, D/S BALRANALD WEIR",Australia,120036.553644447,5060073410,3,3,train
GRDC_5204107,2696,82.0,grdc,-35.5396,149.1021,"MURRUMBIDGEE RIVER, HRS LOBB HOLES",Australia,5159.01192267269,5060073410,3,3,train
GRDC_5204108,2696,82.0,grdc,-36.1771,149.3479,"NUMERALLA RIVER, NUMERALLA SCHOOL",Australia,672.16786109548,5060073410,3,3,train
GRDC_5204109,2696,82.0,grdc,-35.1688,148.6896,"GOODRADIGBEE RIVER, HRS WEE JASPER (KASHMIR)",Australia,996.818039490642,5060073410,3,3,train
GRDC_5204110,2691,81.84,grdc,-34.8354,148.9104,"YASS RIVER, HRS YASS",Australia,1223.55709779523,5060073410,3,3,train
GRDC_5204111,2692,81.87,grdc,-35.0187,148.2438,"ADJUNGBILLY CREEK, HRS DARBALARA",Australia,390.380217244879,5060073410,3,3,train
GRDC_5204112,2692,81.87,grdc,-35.1646,147.6562,"TARCUTTA CREEK, HRS OLD BORAMBOLA",Australia,1659.0164124773,5060073410,3,3,train
GRDC_5204120,2696,82.0,grdc,-34.1104,149.5979,"ABERCROMBIE RIVER, HRS HADLEY NO.2",Australia,1633.00394993784,5060073410,3,3,train
GRDC_5204122,2696,82.0,grdc,-34.1437,148.8104,"BOOROWA RIVER, HRS PROSSERS CROSSING",Australia,1553.79491279866,5060073410,3,3,train
GRDC_5204123,2696,82.0,grdc,-34.3104,149.1687,"CROOKWELL RIVER, HRS NARRAWA NORTH",Australia,761.210493177582,5060073410,3,3,train
GRDC_5204130,2696,82.0,grdc,-35.5729,149.0687,"GUDGENBY CREEK, HRS TENNENT",Australia,668.554078711279,5060073410,3,3,train
GRDC_5204131,2696,82.0,grdc,-35.4188,148.7312,"GOODRADIGBEE RIVER, HRS BRINDABELLA (NO.2 AND NO.3-CAB",Australia,439.277167530636,5060073410,3,3,train
GRDC_5204132,2696,82.0,grdc,-35.3854,148.9646,"PADDYS RIVER, HRS RIVERLEA",Australia,225.687644375733,5060073410,3,3,train
GRDC_5204133,2696,82.0,grdc,-35.3396,149.3146,"MOLONGLO RIVER, HRS BURBONG",Australia,487.569049563788,5060073410,3,3,train
GRDC_5204135,2684,81.63,grdc,-35.5938,148.8229,"COTTER RIVER, HRS GINGERA",Australia,142.49806303068598,5060073410,3,3,train
GRDC_5204136,2678,81.45,grdc,-35.7021,149.1479,"MICALIGO CREEK, HRS MICHELAGO",Australia,191.6807931485,5060073410,3,3,train
GRDC_5204140,2696,82.0,grdc,-35.6104,149.3479,"QUEANBEYAN RIVER, HRS TINDERRY",Australia,566.496936112834,5060073410,3,3,train
GRDC_5204150,2696,82.0,grdc,-35.3312,148.3479,"GOOBARAGANDRA RIVER, HRS LACMALAC",Australia,673.2915733298661,5060073410,3,3,train
GRDC_5204159,2696,82.0,grdc,-35.3563,147.5521,"KYEAMBA CREEK, HRS BOOK BOOK",Australia,150.758800722238,5060073410,3,3,train
GRDC_5204160,2696,82.0,grdc,-29.0312,151.7271,"TENTERFIELD CREEK, HRS CLIFTON",Australia,557.362870263887,5060073410,3,3,train
GRDC_5204161,2696,82.0,grdc,-29.2937,151.9229,"DEEPWATER RIVER, HRS BOLIVIA",Australia,535.982781294974,5060073410,3,3,train
GRDC_5204162,2696,82.0,grdc,-29.0188,151.5979,"MOLE RIVER, HRS DONALDSON",Australia,1601.44425563914,5060073410,3,3,train
GRDC_5204168,2696,82.0,grdc,-29.7896,151.1312,"MACINTYRE CREEK, HRS INVERELL (MIDDLE CK)",Australia,752.2099964602811,5060073410,3,3,train
GRDC_5204169,2696,82.0,grdc,-29.2646,150.9021,"MACINTYRE CREEK, HRS WALLANGRA",Australia,2143.1253602034803,5060073410,3,3,train
GRDC_5204170,2696,82.0,grdc,-30.6771,150.7771,"NAMOI RIVER, HRS NORTH CUERINDI",Australia,2533.4095537478897,5060073410,3,3,train
GRDC_5204175,2693,81.9,grdc,-30.7063,150.8271,"HALLS CREEK, HRS UKOLAN",Australia,358.67976611624,5060073410,3,3,train
GRDC_5204180,2696,82.0,grdc,-30.1729,151.0646,"GWYDIR RIVER, BUNDARRA",Australia,4057.4350151452704,5060073410,3,3,train
GRDC_5204181,2696,82.0,grdc,-29.4271,149.8479,"GWYDIR RIVER, YARRAMAN BRIDGE",Australia,12443.4364032604,5060073410,3,3,train
GRDC_5204182,2696,82.0,grdc,-30.4688,151.3604,"GWYDIR RIVER, YARROWYCK",Australia,830.370973948869,5060073410,3,3,train
GRDC_5204183,2696,82.0,grdc,-29.8354,150.3479,"HORTON RIVER, HRS RIDER (KILLARA)",Australia,1971.93173115536,5060073410,3,3,train
GRDC_5204184,2696,82.0,grdc,-29.7979,150.5854,"MYALL CREEK, HRS MOLROY",Australia,868.457147544043,5060073410,3,3,train
GRDC_5204186,2696,82.0,grdc,-29.9187,151.1146,"COPES CREEK, HRS KIMBERLEY",Australia,237.30605854383705,5060073410,3,3,train
GRDC_5204187,2696,82.0,grdc,-30.2271,151.1854,"LAURA CREEK, HRS LAURA",Australia,355.16447903504206,5060073410,3,3,train
GRDC_5204190,2696,82.0,grdc,-31.3438,151.1396,"PEEL RIVER, D/S CHAFFEY DAM",Australia,412.405238480508,5060073410,3,3,train
GRDC_5204191,2696,82.0,grdc,-30.2063,150.4271,"HORTON RIVER, HRS HORTON DAM SITE",Australia,220.00478795568,5060073410,3,3,train
GRDC_5204192,2696,82.0,grdc,-29.6687,150.0437,"TYCANNAH CREEK, HRS HORSESHOE LAGOON",Australia,891.384201595389,5060073410,3,3,train
GRDC_5204193,2696,82.0,grdc,-30.9646,151.3479,"MACDONALD RIVER, HRS WOOLBROOK",Australia,842.4109026701401,5060073410,3,3,train
GRDC_5204194,2696,82.0,grdc,-31.2729,150.9146,"GOONOO GOONOO CREEK, HRS TIMBUMBURI",Australia,464.620964145347,5060073410,3,3,train
GRDC_5204196,2696,82.0,grdc,-31.0396,151.1729,"SWAMP OAK CREEK, HRS LIMBRI",Australia,404.58233568391296,5060073410,3,3,train
GRDC_5204210,2696,82.0,grdc,-32.6812,148.9479,"BELL RIVER, NEWREA",Australia,1631.56215904139,5060073410,3,3,train
GRDC_5204216,2696,82.0,grdc,-33.0812,149.6896,"TURON RIVER, HRS SOFALA",Australia,882.427107602866,5060073410,3,3,train
GRDC_5204217,2696,82.0,grdc,-32.7062,148.5521,"LITTLE RIVER, HRS OBLEY NO.2",Australia,586.463661563335,5060073410,3,3,train
GRDC_5204219,2696,82.0,grdc,-32.1437,148.4521,"COOLBAGGIE CREEK, HRS RAWSONVILLE",Australia,638.749893122991,5060073410,3,3,train
GRDC_5204220,2696,82.0,grdc,-31.3854,149.2021,"BELAR CREEK, HRS WARKTON (BLACKBURNS)",Australia,140.954675214779,5060073410,3,3,train
GRDC_5204225,2696,82.0,grdc,-31.4229,149.3104,"CASTLEREAGH RIVER, HRS HIDDEN VALLEY",Australia,1159.65254696514,5060073410,3,3,train
GRDC_5204229,2695,81.96,grdc,-32.0938,149.0604,"TALBRAGAR RIVER, HRS ELONG ELONG",Australia,3202.43281126404,5060073410,3,3,train
GRDC_5204250,2686,81.69,grdc,-30.5188,145.1021,"DARLING RIVER, LOUTH",Australia,464312.121752377,5060073410,3,3,train
GRDC_5204251,2661,80.93,grdc,-33.7438,142.2688,"DARLING RIVER, BURTUNDY",Australia,493885.533737312,5060073410,3,3,train
GRDC_5204253,2678,81.45,grdc,-32.9646,142.0604,"GREAT DARLING ANABRANCH, WYCOT",Australia,6053.84458088575,5060073410,3,3,train
GRDC_5204255,2692,81.87,grdc,-30.0854,145.9354,"DARLING RIVER, BOURKE TOWN",Australia,391768.46311793296,5060073410,3,3,train
GRDC_5204300,2696,82.0,grdc,-33.8688,144.8812,"LACHLAN RIVER, BOOLIGAL",Australia,54848.2991129441,5060073410,3,3,train
GRDC_5204301,2696,82.0,grdc,-33.4104,147.9896,"LACHLAN RIVER, FORBES (COTTONS WEIR)",Australia,19423.0867346808,5060073410,3,3,train
GRDC_5204302,2696,82.0,grdc,-33.9813,148.9354,"LACHLAN RIVER, D/S WYANGALA",Australia,8234.3620076015,5060073410,3,3,train
GRDC_5204303,2696,82.0,grdc,-34.3979,149.0896,"LACHLAN RIVER, NARRAWA",Australia,2253.98432036345,5060073410,3,3,train
GRDC_5204400,2696,82.0,grdc,-31.1187,147.5687,"MACQUARIE RIVER, OXLEY STATION",Australia,28943.9520552633,5060073410,3,3,train
GRDC_5204401,2696,82.0,grdc,-32.6354,149.0813,"MACQUARIE RIVER, D/S BURRENDONG DAM",Australia,13804.0356492111,5060073410,3,3,train
GRDC_5204450,2678,81.45,grdc,-29.9479,146.8646,"BARWON RIVER, BREWARRINA",Australia,201523.649085023,5060073410,3,3,train
GRDC_5204451,2696,82.0,grdc,-30.0146,148.0604,"BARWON RIVER, DANGAR BRIDGE (WALGETT)",Australia,131396.72611609098,5060073410,3,3,train
GRDC_5204452,2696,82.0,grdc,-29.3521,148.6896,"BARWON RIVER, MOGIL MOGIL",Australia,64647.62882689849,5060073410,3,3,train
GRDC_5204460,2696,82.0,grdc,-29.0271,147.3146,"CULGOA RIVER, BRENDA",Australia,83535.8798636772,5060073410,3,3,train
GRDC_5302100,2696,82.0,grdc,-37.4146,149.5188,"GENOA RIVER, HRS THE GORGE",Australia,838.223565195025,5060071280,2,2,train
GRDC_5302101,2696,82.0,grdc,-37.3729,149.1979,"CANN RIVER, HRS WEERAGUA",Australia,332.314094000227,5060071280,2,2,train
GRDC_5302102,2676,81.39,grdc,-37.4479,148.9146,"ERRINUNDRA RIVER, HRS ERRINUNDRA",Australia,158.337454573755,5060071280,2,2,train
GRDC_5302103,2696,82.0,grdc,-37.6896,149.4938,"WINGAN RIVER, HRS WINGAN INLET NATIONAL PARK",Australia,418.328456028661,5060071280,2,2,train
GRDC_5302104,2696,82.0,grdc,-37.3563,149.2063,"CANN RIVER, HRS WEERAGUA",Australia,154.923248053236,5060071280,2,2,train
GRDC_5302105,2696,82.0,grdc,-37.4396,148.9812,"COMBIENBAR RIVER, HRS COMBIENBAR",Australia,183.901745457312,5060071280,2,2,train
GRDC_5302106,2696,82.0,grdc,-37.6063,148.9021,"BEMM RIVER, HRS PRINCES HWY",Australia,728.947053015143,5060071280,2,2,train
GRDC_5302107,2696,82.0,grdc,-37.5104,148.5479,"BRODRIBB RIVER, HRS SARDINE CREEK",Australia,662.302728043084,5060071980,2,2,train
GRDC_5302108,2696,82.0,grdc,-37.4938,148.1729,"BUCHAN RIVER, HRS BUCHAN",Australia,862.02337861661,5060071980,2,2,train
GRDC_5302109,2695,81.96,grdc,-37.4104,148.3604,"RODGER RIVER, HRS JACKSONS CROSSING",Australia,428.8555648321701,5060071980,2,2,train
GRDC_5302110,2696,82.0,grdc,-37.6729,147.8729,"TAMBO RIVER, D/S RAMROD CREEK",Australia,2689.54230154957,5060071990,3,3,train
GRDC_5302111,2696,82.0,grdc,-37.2687,147.7312,"TAMBO RIVER, HRS SWIFTS CREEK",Australia,903.005058099144,5060071990,3,3,train
GRDC_5302220,2661,80.93,grdc,-37.0854,148.4229,"DEDDICK RIVER, DEDDICK (CASEYS)",Australia,836.529650267368,5060071980,2,2,train
GRDC_5302229,2696,82.0,grdc,-37.6604,148.3604,"SNOWY RIVER, JARRAHMOND",Australia,13455.8908662259,5060071980,2,2,train
GRDC_5302242,2696,82.0,grdc,-37.7646,147.3729,"MITCHELL RIVER, GLENALADALE",Australia,3900.2945032157695,5060071990,3,3,train
GRDC_5302243,2664,81.02,grdc,-37.4938,147.3938,"WENTWORTH RIVER, HRS TABBERABBERA",Australia,439.61547862923,5060071990,3,3,train
GRDC_5302244,2696,82.0,grdc,-37.4938,147.2729,"DARGO RIVER, HRS LOWER DARGO RD",Australia,675.475840070624,5060071990,3,3,train
GRDC_5302245,2696,82.0,grdc,-37.4896,147.1687,"WONNANGATTA RIVER, WATERFORD",Australia,1970.40452973862,5060071990,3,3,train
GRDC_5302246,2664,81.02,grdc,-37.4062,147.0896,"WONNANGATTA RIVER, HRS CROOKED RIVER",Australia,1102.16386713608,5060071990,3,3,train
GRDC_5302250,2695,81.96,grdc,-37.9896,146.4271,"THOMSON RIVER, COOPER CREEK",Australia,894.042261615516,5060072180,2,2,train
GRDC_5302251,2696,82.0,grdc,-38.0479,146.9896,"THOMSON RIVER, BUNDALAGUAH",Australia,3592.2341839744604,5060072180,2,2,train
GRDC_5302252,2696,82.0,grdc,-37.8521,146.4313,"ABERFELDY RIVER, HRS BEARDMORE",Australia,309.659626398038,5060072180,2,2,train
GRDC_5302253,2696,82.0,grdc,-37.8104,147.0938,"FREESTONE CREEK, HRS BRIAGOLONG",Australia,314.362335451074,5060072180,2,2,train
GRDC_5302254,2696,82.0,grdc,-37.5146,146.5646,"MACALISTER RIVER, HRS GLENCAIRN",Australia,571.438041128487,5060072180,2,2,train
GRDC_5302255,2696,82.0,grdc,-37.9688,147.0771,"AVON RIVER, STRATFORD",Australia,1511.8259208523498,5060072180,2,2,train
GRDC_5302256,2691,81.84,grdc,-37.6812,146.3187,"JORDAN RIVER, HRS D/S JOHNSONS CREEK",Australia,132.932301176367,5060072180,2,2,train
GRDC_5302260,2695,81.96,grdc,-38.0896,146.1604,"LA TROBE RIVER, HRS WILLOW GROVE",Australia,563.254668552371,5060072180,2,2,train
GRDC_5302261,2696,82.0,grdc,-38.1396,146.9187,"LA TROBE RIVER, KILMANY SOUTH",Australia,4322.233719323521,5060072180,2,2,train
GRDC_5302262,2696,82.0,grdc,-38.2062,146.0021,"MOE RIVER, HRS DARNUM",Australia,199.118489925533,5060072180,2,2,train
GRDC_5302264,2696,82.0,grdc,-38.1729,146.2104,"MOE DRAIN RIVER, HRS TRAFALGAR EAST",Australia,605.361101568553,5060072180,2,2,train
GRDC_5302265,2695,81.96,grdc,-37.8646,146.0062,"LOCH RIVER, HRS NOOJEE",Australia,105.65216838607,5060072180,2,2,train
GRDC_5302270,2696,82.0,grdc,-38.5812,145.9938,"TARWIN RIVER, HRS MEENIYAN",Australia,1077.45315559252,5060072190,3,3,train
GRDC_5302273,2696,82.0,grdc,-38.4979,146.1604,"TARWIN RIVER, HRS DUMBALK NORTH",Australia,135.564636749905,5060072190,3,3,train
GRDC_5302300,2696,82.0,grdc,-37.7271,144.8354,"MARIBYRNONG RIVER, KEILOR",Australia,1328.53417387054,5060072670,4,4,train
GRDC_5302301,2696,82.0,grdc,-37.6312,144.8021,"DEEP CREEK, HRS BULLA (D/S OF EMU CK JU",Australia,865.7726839102769,5060072670,4,4,train
GRDC_5302313,2696,82.0,grdc,-38.0104,143.6396,"WOADY YALOAK RIVER, HRS CRESSY (YARIMA)",Australia,1155.96916751345,5060072810,2,2,train
GRDC_5302314,2696,82.0,grdc,-38.3521,143.4187,"YALLOCK CREEK, HRS PIRRON YALLOCK (ABOVE H'WY)",Australia,173.478329228806,5060072810,2,2,train
GRDC_5302320,2690,81.81,grdc,-38.0896,144.2812,"MOORABOOL RIVER, BATESFORD",Australia,1099.10964663466,5060072810,2,2,train
GRDC_5302325,2659,80.87,grdc,-38.1354,144.1813,"BARWON RIVER, POLLOCKSFORD",Australia,7317.56230937803,5060072810,2,2,train
GRDC_5302326,2632,80.05,grdc,-38.5438,143.7354,"BARWON RIVER, EAST BRANCH AT FORREST ABOVE TUNNEL",Australia,18.464113218608897,5060072810,2,2,train
GRDC_5302330,2696,82.0,grdc,-38.4438,142.9646,"CURDIE RIVER, HRS CURDIE",Australia,723.5358647980299,5060072820,2,2,train
GRDC_5302331,2696,82.0,grdc,-38.4479,142.9896,"SCOTTS CREEK, HRS CURDIE (DIGNEYS BR)",Australia,344.740030349915,5060072820,2,2,train
GRDC_5302340,2696,82.0,grdc,-38.5854,143.2604,"KENNEDYS CREEK, HRS KENNEDYS CK",Australia,259.891849502906,5060072820,2,2,train
GRDC_5302345,2696,82.0,grdc,-38.6979,143.2521,"GELLIBRAND RIVER, HRS BURRUPA",Australia,1032.47126952184,5060072820,2,2,train
GRDC_5302360,2696,82.0,grdc,-38.3188,142.4812,"MERRI RIVER, WOODFORD",Australia,902.01841853652,5060072970,4,4,train
GRDC_5302365,2696,82.0,grdc,-38.3354,142.6229,"HOPKINS RIVER, HOPKINS FALLS",Australia,8647.28459593224,5060072960,2,2,train
GRDC_5302366,2694,81.93,grdc,-38.3438,142.6521,"BRUCKNELLS CREEK, HRS CUDGEE",Australia,245.35448795371897,5060072960,2,2,train
GRDC_5302391,2671,81.23,grdc,-37.4938,141.4271,"WANDO RIVER, HRS WANDO VALE",Australia,177.099453334582,5060073130,3,3,train
GRDC_5302400,2696,82.0,grdc,-37.9271,141.2854,"GLENELG RIVER, DARTMOOR",Australia,11996.6377732436,5060073130,3,3,train
GRDC_5302402,2696,82.0,grdc,-37.9813,141.4604,"CRAWFORD RIVER, HRS LOWER CRAWFORD",Australia,624.586834503726,5060073130,3,3,train
GRDC_5302403,2696,82.0,grdc,-38.1271,141.6229,"FITZROY RIVER, HRS HEYWOOD",Australia,272.99449800127604,5060072970,4,4,train
GRDC_5302404,2696,82.0,grdc,-38.2438,141.6604,"SURRY RIVER, HRS HEATHMERE",Australia,295.212120880976,5060072970,4,4,train
GRDC_5302405,2687,81.72,grdc,-38.1521,141.7688,"DARLOTS CREEK, HRS HOMERTON BR",Australia,777.690311156238,5060072970,4,4,train
GRDC_5302406,2696,82.0,grdc,-38.2604,141.9437,"EUMERALLA RIVER, HRS CODRINGTON",Australia,500.975218746312,5060072970,4,4,train
GRDC_5304010,2696,82.0,grdc,-36.5688,147.4146,"SNOWY CREEK, BELOW GRANITE FLAT",Australia,411.97736056153,5060073410,3,3,train
GRDC_5304015,2682,81.57,grdc,-36.7562,147.7063,"GIBBO RIVER, HRS GIBBO PARK",Australia,392.64539770087,5060073410,3,3,train
GRDC_5304018,2674,81.33,grdc,-36.9354,147.4729,"BIG RIVER, HRS JOKERS CREEK",Australia,356.556132856169,5060073410,3,3,train
GRDC_5304019,2693,81.9,grdc,-36.9479,147.6104,"MITTA MITTA RIVER, HINNOMUNJIE",Australia,1512.46023865298,5060073410,3,3,train
GRDC_5304021,2696,82.0,grdc,-36.2146,147.6771,"CUDGEWA CREEK, HRS BERRINGAMA",Australia,352.498693603065,5060073410,3,3,train
GRDC_5304025,2659,80.87,grdc,-36.4479,147.8313,"NARIEL CREEK, HRS UPPER NARIEL",Australia,261.44708252519297,5060073410,3,3,train
GRDC_5304029,2696,82.0,grdc,-36.7521,146.9812,"MORSES CREEK, HRS WANDILIGONG",Australia,124.559132613517,5060073410,3,3,train
GRDC_5304030,2648,80.54,grdc,-36.7229,146.8854,"BUCKLAND RIVER, HARRIS LANE",Australia,472.133712274146,5060073410,3,3,train
GRDC_5304034,2677,81.42,grdc,-36.8229,146.5854,"ROSE RIVER, HRS MATONG NORTH",Australia,179.507898756091,5060073410,3,3,train
GRDC_5304035,2657,80.81,grdc,-36.8146,146.6271,"DANDONGADALE RIVER, MATONG NORTH",Australia,181.84231502368695,5060073410,3,3,train
GRDC_5304036,2696,82.0,grdc,-36.9104,146.7021,"BUFFALO RIVER, HRS ABBEYARD",Australia,417.707601213062,5060073410,3,3,train
GRDC_5304040,2696,82.0,grdc,-37.2313,146.2063,"HOWQUA RIVER, HRS GLEN ESK",Australia,377.87941778524805,5060073410,3,3,train
GRDC_5304051,2692,81.87,grdc,-36.3188,146.8938,"KINCHINGTON CREEK, HRS OSBORNES FLAT",Australia,119.757037697546,5060073410,3,3,train
GRDC_5304053,2695,81.96,grdc,-36.5396,147.0437,"RUNNING CREEK, HRS RUNNING CREEK",Australia,127.163102043728,5060073410,3,3,train
GRDC_5304054,2696,82.0,grdc,-36.5771,146.8229,"HAPPY VALLEY CREEK, HRS ROSEWHITE",Australia,139.106448661651,5060073410,3,3,train
GRDC_5304061,2641,80.32,grdc,-36.8479,144.5354,"CAMPASPE RIVER, LAKE EPPALOCK (OUTLET MEAS. WEIR)",Australia,2059.66126982715,5060073410,3,3,train
GRDC_5304064,2696,82.0,grdc,-37.0187,144.5396,"CAMPASPE RIVER, HRS REDESDALE",Australia,622.632244774647,5060073410,3,3,train
GRDC_5304065,2644,80.41,grdc,-36.6271,144.5563,"CAMPASPE RIVER, BARNADOWN",Australia,2770.35825955292,5060073410,3,3,train
GRDC_5304067,2696,82.0,grdc,-36.8812,144.6521,"MOUNT IDA CREEK, HRS DERRINAL",Australia,171.975930929164,5060073410,3,3,train
GRDC_5304068,2694,81.93,grdc,-36.5479,144.6354,"MOUNT PLEASANT CREEK, HRS RUNNYMEDE",Australia,251.278528062147,5060073410,3,3,train
GRDC_5304069,2696,82.0,grdc,-37.2979,143.7896,"CRESWICK CREEK, CLUNES",Australia,315.44647271132004,5060073410,3,3,train
GRDC_5304070,2680,81.51,grdc,-37.1063,144.0563,"LODDON RIVER, NEWSTEAD",Australia,1044.54019594004,5060073410,3,3,train
GRDC_5304072,2696,82.0,grdc,-37.0854,143.8063,"MCCALLUMS CREEK, HRS CARISBROOK",Australia,435.880438123198,5060073410,3,3,train
GRDC_5304082,2687,81.72,grdc,-36.8854,143.5021,"AVOCA RIVER, HRS ARCHDALE JUNCTION",Australia,690.591417173894,5060073410,3,3,train
GRDC_5304090,2694,81.93,grdc,-37.3188,145.7146,"ACHERON RIVER, TAGGERTY",Australia,630.482358941085,5060073410,3,3,train
GRDC_5304100,2696,82.0,grdc,-37.5187,146.0771,"BIG RIVER, HRS D/S FRENCHMAN CREEK JUNCTION",Australia,344.42799110581103,5060073410,3,3,train
GRDC_5304110,2696,82.0,grdc,-36.6104,146.0563,"HOLLANDS CREEK, HRS KELFEERA",Australia,472.584836259116,5060073410,3,3,train
GRDC_5304112,2696,82.0,grdc,-36.6063,146.3604,"BOGGY CREEK, HRS ANGLESIDE",Australia,115.804714878611,5060073410,3,3,train
GRDC_5304119,2696,82.0,grdc,-36.8854,145.6813,"SEVEN CREEKS, HRS D/S OF POLLY MCQUINN WEIR",Australia,154.081846239508,5060073410,3,3,train
GRDC_5304121,2695,81.96,grdc,-36.8521,144.9146,"MAJORS CREEK, HRS GRAYTOWN",Australia,292.03632908299704,5060073410,3,3,train
GRDC_5304122,2687,81.72,grdc,-36.9521,145.2812,"HUGHES CREEK, HRS TARCOMBE RD",Australia,480.703989974634,5060073410,3,3,train
GRDC_5304123,2696,82.0,grdc,-37.0604,145.0563,"SUGARLOAF CREEK, HRS ASH BR",Australia,613.1673490631321,5060073410,3,3,train
GRDC_5304124,2671,81.23,grdc,-37.1021,145.0563,"SUNDAY CREEK, HRS TALLAROOK",Australia,347.54988227007203,5060073410,3,3,train
GRDC_5304125,2696,82.0,grdc,-37.1188,144.8562,"MOLLISONS CREEK, HRS PYALONG",Australia,163.203715553125,5060073410,3,3,train
GRDC_5304126,2696,82.0,grdc,-37.3438,145.2896,"KING PARROT CREEK, HRS FLOWERDALE",Australia,176.312479223389,5060073410,3,3,train
GRDC_5304127,2691,81.84,grdc,-37.1063,145.6021,"HOME CREEK, HRS YARCK",Australia,189.528817887014,5060073410,3,3,train
GRDC_5304130,2696,82.0,grdc,-36.9688,145.7854,"BRANKEET CREEK, HRS ANCONA",Australia,118.93030321328,5060073410,3,3,train
GRDC_5304132,2696,82.0,grdc,-37.1562,146.1104,"DELATITE RIVER, HRS TONGA BR",Australia,359.472830889823,5060073410,3,3,train
GRDC_5304133,2696,82.0,grdc,-37.2896,146.1896,"JAMIESON RIVER, HRS GERRANG BRIDGE",Australia,363.697620416822,5060073410,3,3,train
GRDC_5304134,2696,82.0,grdc,-37.3312,146.1312,"GOULBURN RIVER, HRS DOHERTYS",Australia,693.652654387675,5060073410,3,3,train
GRDC_5304136,2652,80.66,grdc,-37.3646,146.0563,"BIG RIVER, HRS JAMIESON",Australia,631.8073451497451,5060073410,3,3,train
GRDC_5304140,2679,81.48,grdc,-34.8479,143.3438,"MURRAY RIVER, BELOW WAKOOL JUNCTION",Australia,113128.069284077,5060073410,3,3,train
GRDC_5304155,2696,82.0,grdc,-36.7438,142.7896,"RICHARDSON RIVER, HRS CARRS PLAINS",Australia,131.11934625761,5060073410,3,3,train
GRDC_5304160,2666,81.08,grdc,-37.1854,143.1854,"WIMMERA RIVER, HRS EVERSLEY",Australia,298.839808810884,5060073410,3,3,train
GRDC_5304161,2666,81.08,grdc,-37.1604,143.0938,"MOUNT COLE CREEK, HRS CROWLANDS",Australia,157.351666270031,5060073410,3,3,train
GRDC_5304165,2696,82.0,grdc,-36.9062,142.6438,"WIMMERA RIVER, HRS GLENORCHY WEIR TAIL GAUGE",Australia,1999.8004030857696,5060073410,3,3,train
GRDC_5304166,2694,81.93,grdc,-36.6063,144.8063,"CORNELLA CREEK, HRS COLBINABBIN",Australia,265.942391612687,5060073410,3,3,train
GRDC_5304170,2694,81.93,grdc,-36.4521,144.4688,"PICCANINNY CREEK, HRS MINTO",Australia,653.0099530441549,5060073410,3,3,train
GRDC_5402100,2684,81.63,grdc,-36.7979,139.9021,"BLACKFORD DRAIN, AMTD 4.0 KM",Australia,829.653470617316,5060073140,4,4,train
GRDC_5402102,2696,82.0,grdc,-37.4354,140.0729,"DRAIN M, WOAKWINE AMTD 5.1 KM",Australia,4488.99630905894,5060073140,4,4,train
GRDC_5402110,2696,82.0,grdc,-37.5562,140.1729,"REEDY CREEK, 7.2 KM NE OF SOUTH END",Australia,466.097723451309,5060073140,4,4,train
GRDC_5402390,2663,80.99,grdc,-37.0938,140.7688,"MOSQUITO CREEK, HRS STRUAN",Australia,1381.1616017329002,5060073140,4,4,train
GRDC_5404270,2673,81.3,grdc,-34.1771,140.2729,"MURRAY RIVER, OVERLAND CORNER (417.5 KM)",Australia,761101.7068509591,5060073410,3,3,train
GRDC_5404271,2695,81.96,grdc,-34.3521,139.6188,"MURRAY RIVER, LOCK 1 DOWNSTREAM",Australia,770829.2091542929,5060073410,3,3,train
GRDC_5405070,2696,82.0,grdc,-33.6104,138.6312,"HILL RIVER, HRS NEAR ANDREWS",Australia,238.065929054342,5060074320,3,3,train
GRDC_5405080,2674,81.33,grdc,-33.5354,138.5188,"RIVER BROUGHTON, HRS MOOROOLA",Australia,2526.06176283157,5060074320,3,3,train
GRDC_5405105,2696,82.0,grdc,-35.5438,138.5813,"RIVER INMAN, U/S VICTOR HABOUR SEWAGE TREATMENT WORKS",Australia,170.906027464161,5060073420,1,1,val
GRDC_5405130,2696,82.0,grdc,-35.9562,136.6979,"ROCKY RIVER, U/S GORGE FALLS (K.I.)",Australia,190.629347178641,5060073420,1,1,val
GRDC_5410100,2696,82.0,grdc,-27.7021,140.8438,"COOPER CREEK, HRS CULLYAMURRA WATER HOLE",Australia,230705.95044445895,5060087590,4,4,train
GRDC_5606020,2692,81.87,grdc,-34.3354,118.6646,"PALLINUP RIVER, BULL CROSSING",Australia,4049.2756850568703,5060076880,3,3,train
GRDC_5606030,2696,82.0,grdc,-34.8854,117.9979,"KALGAN RIVER, HRS STEVENS FARM",Australia,2667.3059739528603,5060076890,2,2,train
GRDC_5606040,2637,80.2,grdc,-34.8896,117.0854,"KENT RIVER, HRS STYX JUNCTION",Australia,1791.53639013295,5060055960,3,3,train
GRDC_5606041,2696,82.0,grdc,-34.6229,117.0354,"KENT RIVER, HRS ROCKY GLEN",Australia,1073.07117709583,5060055960,3,3,train
GRDC_5606042,2696,82.0,grdc,-34.9062,116.7854,"FRANKLAND RIVER, HRS MOUNT FRANKLAND",Australia,4557.94937583536,5060056090,4,4,train
GRDC_5606043,2696,82.0,grdc,-34.6979,117.2188,"DENMARK RIVER, HRS KOMPUP",Australia,236.78079937184,5060055960,3,3,train
GRDC_5606046,2696,82.0,grdc,-34.8688,117.3146,"DENMARK RIVER, HRS MT LINDESAY",Australia,511.261871263387,5060055960,3,3,train
GRDC_5606047,2696,82.0,grdc,-34.9104,117.4812,"HAY RIVER, HRS SUNNY GLEN",Australia,1233.42094308918,5060055960,3,3,train
GRDC_5606050,2696,82.0,grdc,-34.5187,115.9146,"WARREN RIVER, BARKER ROAD CROSSING",Australia,4076.3620389344105,5060056100,3,3,train
GRDC_5606055,2664,81.02,grdc,-30.2771,115.3646,"HILL RIVER, HRS HILL R SPRINGS",Australia,940.627724671522,5060056540,1,1,val
GRDC_5606065,2696,82.0,grdc,-29.2354,115.0354,"IRWIN RIVER, HRS MOUNTAIN BRIDGE",Australia,5259.2710628412,5060056580,4,4,train
GRDC_5606066,2679,81.48,grdc,-28.8229,114.8438,"GREENOUGH RIVER, HRS KARLANEW PEAK",Australia,11640.8456803875,5060056610,3,3,train
GRDC_5606067,2696,82.0,grdc,-28.7604,114.6688,"CHAPMAN RIVER, HRS UTAKARRA",Australia,1918.6599359744,5060056620,2,2,train
GRDC_5606071,2696,82.0,grdc,-34.3688,116.2771,"WARREN RIVER, HRS WHEATLEY FARM",Australia,2971.9649848613,5060056100,3,3,train
GRDC_5606072,2696,82.0,grdc,-34.3479,116.3479,"WILGARUP RIVER, HRS QUINTARRUP",Australia,477.4444100294271,5060056100,3,3,train
GRDC_5606073,2696,82.0,grdc,-34.3312,116.4604,"PERUP RIVER, HRS QUABICUP HILL",Australia,659.392781369112,5060056100,3,3,train
GRDC_5606074,2696,82.0,grdc,-34.2521,116.6813,"TONE RIVER, HRS BULLILUP",Australia,1017.3406765084,5060056100,3,3,train
GRDC_5606080,2631,80.02,grdc,-27.8562,114.5479,"MURCHISON RIVER, EMU SPRINGS",Australia,63090.3136347231,5060056740,1,1,val
GRDC_5606090,2696,82.0,grdc,-34.2771,115.3021,"SCOTT RIVER, HRS BRENNANS FORD",Australia,651.551401752199,5060056250,2,2,train
GRDC_5606095,2696,82.0,grdc,-34.8062,116.5771,"WELD RIVER, HRS ORDNANCE RD CROSSING",Australia,236.95905588048305,5060056100,3,3,train
GRDC_5606097,2696,82.0,grdc,-32.9062,117.6271,"ARTHUR RIVER, HRS LAKE TOOLIBIN INFLOW",Australia,410.33393589551,5060056250,2,2,train
GRDC_5606099,2696,82.0,grdc,-33.9438,115.6896,"SAINT JOHN BROOK, HRS BARRABUP POOL",Australia,538.067452261382,5060056250,2,2,train
GRDC_5606100,2695,81.96,grdc,-34.0688,115.6188,"BLACKWOOD RIVER, DARRADUP",Australia,20409.2524410562,5060056250,2,2,train
GRDC_5606105,2695,81.96,grdc,-33.9438,115.0563,"MARGARET RIVER, HRS WILLMOTS FARM",Australia,413.690728551529,5060056260,3,3,train
GRDC_5606106,2692,81.87,grdc,-33.4813,115.7354,"PRESTON RIVER, HRS BOYANUP BRIDGE",Australia,826.164023003741,5060056390,1,1,val
GRDC_5606110,2679,81.48,grdc,-33.2604,116.4604,"BINGHAM RIVER TRIBUTARY, ERNIES CATCHMENT",Australia,59.227576052532704,5060056390,1,1,val
GRDC_5606120,2695,81.96,grdc,-33.3812,116.5812,"COLLIE RIVER EAST, HRS JAMES CROSSING",Australia,171.628739225777,5060056390,1,1,val
GRDC_5606121,2696,82.0,grdc,-33.4562,116.4271,"CAMBALLAN CREEK, HRS JAMES WELL",Australia,161.443922362782,5060056390,1,1,val
GRDC_5606122,2696,82.0,grdc,-33.3312,116.2646,"COLLIE RIVER EAST, HRS COOLANGATTA FARM",Australia,1330.2340521365,5060056390,1,1,val
GRDC_5606123,2693,81.9,grdc,-33.3896,116.1646,"COLLIE RIVER EAST, HRS SOUTH BRANCH",Australia,660.841104808737,5060056390,1,1,val
GRDC_5606124,2696,82.0,grdc,-33.2771,116.2771,"BINGHAM RIVER, HRS PALMER",Australia,365.391166503827,5060056390,1,1,val
GRDC_5606125,2694,81.93,grdc,-33.0854,116.0396,"HARVEY RIVER, HRS DINGO ROAD",Australia,144.729526551481,5060056430,2,2,train
GRDC_5606130,2696,82.0,grdc,-32.7729,116.0854,"MURRAY RIVER, BADEN POWELL WTR SPOUT",Australia,6764.59320269271,5060056430,2,2,train
GRDC_5606136,2696,82.0,grdc,-32.8646,116.3979,"HOTHAM RIVER, HRS MARRADONG RD BRIDGE",Australia,3968.48776191839,5060056430,2,2,train
GRDC_5606140,2692,81.87,grdc,-32.9938,116.4271,"WILLIAMS RIVER, HRS SADDLEBACK ROAD BRIDGE",Australia,1407.50417063901,5060056430,2,2,train
GRDC_5606160,2696,82.0,grdc,-31.7521,116.0271,"ELLEN BROOK, RAILWAY PARADE",Australia,575.283715101931,5060056460,1,1,val
GRDC_5606161,2637,80.2,grdc,-31.7312,116.1146,"WOOROLOO BROOK, HRS KARLS RANCH",Australia,519.843617778832,5060056460,1,1,val
GRDC_5606162,2696,82.0,grdc,-31.6729,116.1188,"BROCKMAN RIVER, HRS YALLIAWIRRA",Australia,1411.2568819398002,5060056460,1,1,val
GRDC_5606165,2696,82.0,grdc,-31.3396,116.0938,"BROCKMAN RIVER, HRS TANAMERAH",Australia,846.869509407592,5060056460,1,1,val
GRDC_5606166,2696,82.0,grdc,-31.3188,115.6271,"GIN GIN BROOK, HRS BOOKINE BOOKINE",Australia,1376.24837647787,5060056510,2,2,train
GRDC_5606173,2696,82.0,grdc,-31.9729,116.2938,"HELENA RIVER, HRS POISON LEASE",Australia,593.96603000152,5060056460,1,1,val
GRDC_5606174,2696,82.0,grdc,-32.0688,116.2938,"DONNELLY RIVER, HRS STRICKLAND",Australia,670.131296352976,5060056460,1,1,val
GRDC_5606175,2678,81.45,grdc,-32.2271,116.1729,"CANNING RIVER, GLEN EAGLE",Australia,527.52157444382,5060056460,1,1,val
GRDC_5606180,2696,82.0,grdc,-34.7646,116.3771,"SHANNON RIVER, DOG POOL",Australia,326.618702218975,5060056100,3,3,train
GRDC_5606274,2696,82.0,grdc,-34.3271,115.7854,"DARKIN RIVER, HRS PINE PLANTATION",Australia,758.9016003942261,5060056100,3,3,train
GRDC_5607020,2696,82.0,grdc,-18.0146,126.3104,"LEOPOLD RIVER, MOUNT WINIFRED",Australia,5174.94340844531,5060059440,1,1,val
GRDC_5607023,2694,81.93,grdc,-17.6729,126.0271,"FITZROY RIVER, DIMOND GORGE",Australia,17136.1649146958,5060059440,1,1,val
GRDC_5607025,2696,82.0,grdc,-17.7312,123.6479,"FITZROY RIVER, WILLARE",Australia,91962.7774498191,5060059440,1,1,val
GRDC_5607080,2696,82.0,grdc,-22.7229,118.9729,"MARILLANA CREEK, FLAT ROCKS",Australia,1354.5891609746,5060057970,4,4,train
GRDC_5607200,2696,82.0,grdc,-24.8271,113.7688,"GASCOYNE RIVER, HRS NINE MILE BRIDGE",Australia,73480.5601346188,5060057320,3,3,train
GRDC_5607201,2668,81.14,grdc,-24.9479,114.6438,"GASCOYNE RIVER, HRS FISHY POOL",Australia,71832.608263239,5060057320,3,3,train
GRDC_5607210,2696,82.0,grdc,-23.8146,114.0104,"MINILYA RIVER, HRS MINILYA BRIDGE",Australia,4696.0951380948,5060087790,1,1,val
GRDC_5607400,2693,81.9,grdc,-22.5437,115.4979,"ASHBURTON RIVER, NANUTARRA",Australia,71884.218838888,5060057710,4,4,train
GRDC_5607405,2667,81.11,grdc,-22.0229,115.5938,"CANE RIVER, HRS TOOLUNGA",Australia,2230.4110742809603,5060057720,3,3,train
GRDC_5607410,2696,82.0,grdc,-21.6146,115.9229,"ROBE RIVER, HRS YARRALOOLA",Australia,7264.160376512671,5060057900,2,2,train
GRDC_5607451,2696,82.0,grdc,-23.4021,119.7938,"FORTESCUE RIVER, HRS NEWMAN",Australia,2979.3672634430395,5060057970,4,4,train
GRDC_5607500,2696,82.0,grdc,-20.3104,119.2521,"DEGREY RIVER, HRS COOLENAR POOL",Australia,49892.3820645926,5060058580,2,2,train
GRDC_5607510,2696,82.0,grdc,-21.2312,118.8354,"TURNER RIVER EAST BRANCH, HRS PINCUNAH",Australia,976.414897140998,5060058420,1,1,val
GRDC_5607520,2696,82.0,grdc,-21.0938,119.3146,"SHAW RIVER, HRS NORTH POLE MINE",Australia,6532.8914414395895,5060058580,2,2,train
GRDC_5608091,2696,82.0,grdc,-17.4271,127.6021,"ORD RIVER, HRS BEDFORD DOWNS",Australia,557.906599741838,5060061240,3,3,train
GRDC_5608093,2696,82.0,grdc,-16.6479,128.0938,"WILSON RIVER, HRS ODONNELL RANGE",Australia,2551.68652265965,5060061240,3,3,train
GRDC_5608095,2696,82.0,grdc,-17.3729,128.8521,"ORD RIVER, HRS OLD ORD HOMESTEAD",Australia,19708.7285621264,5060061240,3,3,train
GRDC_5608096,2696,82.0,grdc,-15.5729,128.6937,"ORD RIVER, TARRARA BAR",Australia,51374.99682662191,5060061240,3,3,train
GRDC_5608098,2696,82.0,grdc,-16.1854,128.3021,"DUNHAM RIVER, HRS DUNHAM GORGE",Australia,1621.54313480662,5060061240,3,3,train
GRDC_5708094,2696,82.0,grdc,-17.1771,129.0938,"NEGRI RIVER, HRS MISTAKE CK HOMESTEAD",Australia,7524.1742605891,5060061240,3,3,train
GRDC_5708100,2675,81.36,grdc,-15.4062,129.0646,"KEEP RIVER, LEGUNE ROAD CROSSING",Australia,3577.3375259619606,5060061250,3,3,train
GRDC_5708135,2696,82.0,grdc,-13.7979,131.3396,"DOUGLAS RIVER, HRS D/S OLD DOUGLAS H/S",Australia,836.949059270116,5060062110,4,4,train
GRDC_5708141,2696,82.0,grdc,-14.3646,131.5729,"DALY RIVER, HRS U/S DORISVALE CROSSING",Australia,37262.2316875697,5060062110,4,4,train
GRDC_5708142,2696,82.0,grdc,-14.4646,132.2562,"KATHERINE RIVER, HRS RAILWAY BRIDGE",Australia,8345.00531229152,5060062110,4,4,train
GRDC_5708145,2696,82.0,grdc,-13.8312,130.7354,"DALY RIVER, MOUNT NANCAR",Australia,48279.013957247,5060062110,4,4,train
GRDC_5708160,2696,82.0,grdc,-12.9104,131.2354,"ADELAIDE RIVER, DIRTY LAGOON",Australia,4382.73692608364,5060062380,3,3,train
GRDC_5708170,2695,81.96,grdc,-12.9688,130.7604,"FINNISS RIVER, HRS GITCHAMS",Australia,1052.16891651588,5060062200,2,2,train
GRDC_5708172,2696,82.0,grdc,-13.2396,131.1104,"ADELAIDE RIVER, HRS RAILWAY BRIDGE",Australia,697.7594855273829,5060062380,3,3,train
GRDC_5709100,2696,82.0,grdc,-14.6938,134.4229,"ROPER RIVER, RED ROCK",Australia,43329.7776798922,5060064130,4,4,train
GRDC_5709105,2696,82.0,grdc,-15.0854,133.1229,"ELSEY CREEK, HRS WARLOCH PONDS",Australia,16510.606310902,5060064130,4,4,train
GRDC_5709110,2652,80.66,grdc,-16.4521,136.0854,"MCARTHUR RIVER, M.I.M. PUMP",Australia,9469.07924721225,5060064530,1,1,val
GRDC_5803030,2664,81.02,grdc,-41.0479,148.2146,"ANSONS RIVER, DOWNSTREAM BIG BOGGY CREEK",Australia,228.826510611377,5060077790,2,2,train
GRDC_5803160,2669,81.17,grdc,-40.9688,145.6104,"FLOWERDALE RIVER, MOORLEAH",Australia,150.191172568606,5060077790,2,2,train
GRDC_5803170,2670,81.2,grdc,-41.0146,145.7646,"SEABROOK CREEK, UPSTREAM BASS HIGHWAY",Australia,41.4298551912061,5060077790,2,2,train
GRDC_5803185,2650,80.6,grdc,-41.5229,146.6604,"MEANDER RIVER, DELORAINE RAILWAY BRIDGE",Australia,474.277068300459,5060077790,2,2,train
GRDC_5803200,2677,81.42,grdc,-43.0646,147.8688,"ALLANS RIVULET, UPSTREAM TARANNA",Australia,16.466237883118,5060077790,2,2,train
GRDC_5803300,2640,80.29,grdc,-41.7979,146.6771,"PINE TREE RIVULET, LAKE HIGHWAY",Australia,17.2851963066761,5060077790,2,2,train
GRDC_5803601,2664,81.02,grdc,-42.9979,146.9271,"HUON RIVER, JUDBURY",Australia,2176.7330237218603,5060077790,2,2,train
GRDC_6220100,2696,82.0,grdc,50.8563,3.0938,"HEULEBEEK, MORSELE",Belgium,29.666006445239105,2060022770,3,3,train
GRDC_6220111,2674,81.33,grdc,50.8729,4.0563,"MOLENBEEK, IDDERGEM",Belgium,17.2055115696812,2060022770,3,3,train
GRDC_6220112,2696,82.0,grdc,51.0062,4.3396,"MOLENBEEK, LIEZELE",Belgium,31.0946696225102,2060022770,3,3,train
GRDC_6220162,2696,82.0,grdc,50.7604,3.8688,"DENDER, OVERBOERLARE",Belgium,815.422776275627,2060022770,3,3,train
GRDC_6220170,2695,81.96,grdc,50.8854,4.1188,"BELLEBEEK, ESSENE",Belgium,93.4791364645885,2060022770,3,3,train
GRDC_6220175,2695,81.96,grdc,50.8771,4.1604,"HUNSELBEEK, SINT-KATARINA-LOMBEEK",Belgium,52.15959361548229,2060022770,3,3,train
GRDC_6220204,2693,81.9,grdc,50.7271,3.3896,"OPPER SCHELDE, HELKIJN",Belgium,5305.96179818406,2060022770,3,3,train
GRDC_6220300,2695,81.96,grdc,50.9896,4.8229,"DEMER, AARSCHOT",Belgium,2204.17735270644,2060022770,3,3,train
GRDC_6220301,2696,82.0,grdc,51.0062,4.9896,"DEMER, ZICHEM",Belgium,2095.92394015129,2060022770,3,3,train
GRDC_6220350,2636,80.17,grdc,51.3521,4.6146,"KLEINE AA, BRECHT",Belgium,14.4862639674592,2060022780,1,1,val
GRDC_6220360,2696,82.0,grdc,50.9896,4.8229,"SENNE, EPPEGEM",Belgium,2204.17735270644,2060022770,3,3,train
GRDC_6220361,2695,81.96,grdc,50.7687,4.2771,"SENNE, LOT",Belgium,660.4248945408619,2060022770,3,3,train
GRDC_6220501,2668,81.14,grdc,50.9604,4.6562,"DYLE, WISELE",Belgium,13.5326898099616,2060022770,3,3,train
GRDC_6220510,2689,81.78,grdc,50.8854,3.6938,"ZWALM, NEDERZWALM",Belgium,112.909627093184,2060022770,3,3,train
GRDC_6229100,2696,82.0,grdc,58.8771,11.5396,"ENNINGDALSELVA, VASSBOTTEN",Sweden,630.0528995576909,2060033330,2,2,train
GRDC_6229110,2696,82.0,grdc,58.9104,11.3646,"STROEMSAN, VALEX",Sweden,71.45988964832009,2060033330,2,2,train
GRDC_6229120,2694,81.93,grdc,58.6354,11.3438,"ANGEBACKEN, KROKBRAECKE",Sweden,8.49219982602725,2060033330,2,2,train
GRDC_6229140,2695,81.96,grdc,58.2438,11.9354,"AROED A, AROEDAN",Sweden,22.5859081298903,2060033330,2,2,train
GRDC_6232101,2696,82.0,grdc,68.1979,19.9937,"ABESKOEATNU, ABISKO",Sweden,4803.28155069142,2060030100,1,1,val
GRDC_6232901,2696,82.0,grdc,67.2271,23.5813,"MUONIONJOKI, KALLIO 2",Sweden,12618.5743442106,2060030100,1,1,val
GRDC_6232905,2695,81.96,grdc,68.4396,22.4771,"MUONIONJOKI, KARESUVANTO",Sweden,4025.80587703295,2060030100,1,1,val
GRDC_6232910,2695,81.96,grdc,66.0271,24.0063,"TORNEALVEN, KUKKOLANKOSKI OEVRE",Sweden,40141.4405492651,2060030100,1,1,val
GRDC_6232911,2696,82.0,grdc,67.208,23.398000000000003,"TORNEALVEN, PAJALA PUMPHUS",Sweden,16615.3082208896,2060030100,1,1,val
GRDC_6232916,2696,82.0,grdc,68.359,18.775,"ABESKOEATNU, OVRE ABISKOJOKKA",Sweden,589.1137140294879,2060030100,1,1,val
GRDC_6232930,2696,82.0,grdc,68.0312,21.9771,"LAINIOALVEN, LANNAVAARA",Sweden,3804.68756333578,2060030100,1,1,val
GRDC_6232960,2696,82.0,grdc,68.3729,22.1521,"IDIJOKI, MERTAJARVI",Sweden,342.098206029572,2060030100,1,1,val
GRDC_6232970,2696,82.0,grdc,67.8187,20.5271,"ALDEJAVRI, ALTTAJARVI",Sweden,31.2659599298502,2060030100,1,1,val
GRDC_6233100,2696,82.0,grdc,57.2396,12.3104,"VISKAN, ASBRO 3",Sweden,2138.14915702167,2060033020,2,2,train
GRDC_6233113,2696,82.0,grdc,60.6771,17.1229,"GAVLEAN, TOLVFORS KRV",Sweden,2004.3237752723496,2060031420,1,1,val
GRDC_6233116,2696,82.0,grdc,64.8396,20.9937,"KAGEALV, KAGE",Sweden,1040.74745671864,2060030270,2,2,train
GRDC_6233120,2695,81.96,grdc,55.4479,13.5938,"SKIVARPSAN, TANEMOELLA",Sweden,108.456468379335,2060032680,1,1,val
GRDC_6233122,2696,82.0,grdc,60.8604,16.8021,"TESTEBOAN, KONSTDALSSTROMMEN",Sweden,1185.9003469896902,2060031420,1,1,val
GRDC_6233124,2696,82.0,grdc,64.9562,21.1854,"BYSKEALVEN, BYSKE",Sweden,3708.348021849021,2060030270,2,2,train
GRDC_6233126,2696,82.0,grdc,63.5479,18.5896,"GIDEALVEN, BJORNA",Sweden,3149.4775159446804,2060030660,3,3,train
GRDC_6233128,2696,82.0,grdc,57.5562,18.5979,"GOTHEMAN, HORSNE",Sweden,443.893141147407,2060056770,1,1,val
GRDC_6233130,2696,82.0,grdc,56.1938,14.7479,"MORRUMSAN, MORRUM",Sweden,3417.8614877130603,2060031970,4,4,train
GRDC_6233150,2695,81.96,grdc,56.7188,13.1271,"FYLLEAN, SIMLANGEN",Sweden,259.937364820018,2060033020,2,2,train
GRDC_6233163,2696,82.0,grdc,55.7812,13.0771,"KAVLINGEAN, HOGSMOLLA",Sweden,1167.51288993064,2060032680,1,1,val
GRDC_6233180,2696,82.0,grdc,55.9938,12.7979,"RAAN, BROEDEBACKEN",Sweden,153.926672923219,2060032680,1,1,val
GRDC_6233200,2696,82.0,grdc,61.815,12.433,"GROTSJON, GROETSJOEN",Sweden,563.631370170025,2060031490,3,3,train
GRDC_6233205,2696,82.0,grdc,61.3062,13.0146,"VASTERDALALVEN, ERSBO",Sweden,1082.71025381413,2060031490,3,3,train
GRDC_6233222,2696,82.0,grdc,62.6396,12.1146,"TANNAN, LILLGLAEN",Sweden,59.66023531674461,2060031410,2,2,train
GRDC_6233227,2696,82.0,grdc,62.5438,12.6062,"LJUSNAN, LJUSNEDAL OEVRE",Sweden,440.905956066201,2060031410,2,2,train
GRDC_6233300,2696,82.0,grdc,58.7104,14.3146,"MOSSAN, VELEN 2",Sweden,47.07719266519671,2060031960,4,4,train
GRDC_6233301,2696,82.0,grdc,58.5896,16.1687,"MOTALA STROM, HOLMEN",Sweden,15024.714649492,2060031960,4,4,train
GRDC_6233325,2696,82.0,grdc,58.2062,12.3188,"SLUMPAN, VRAENGEBAECKEN",Sweden,171.91211971648102,2060033320,1,1,val
GRDC_6233350,2696,82.0,grdc,57.0021,16.1687,"ALSTERAN, GETEBRO",Sweden,1374.27677519669,2060031970,4,4,train
GRDC_6233366,2696,82.0,grdc,57.5604,14.7979,"SOLGENAN, SKAERSBODA",Sweden,85.0705596241293,2060031970,4,4,train
GRDC_6233367,2694,81.93,grdc,55.5229,13.2688,"SEGEA, SVEDALA",Sweden,51.7881486171763,2060032680,1,1,val
GRDC_6233400,2693,81.9,grdc,63.4688,15.4396,"FYRAN, FYRAS",Sweden,2104.60036413204,2060031160,3,3,train
GRDC_6233402,2695,81.96,grdc,59.6646,16.7812,"ILLAN, GRANVAD",Sweden,162.814810179232,2060031740,4,4,train
GRDC_6233406,2696,82.0,grdc,59.5938,16.1604,"SVENBYBACKEN, BERG",Sweden,45.7020988470728,2060031740,4,4,train
GRDC_6233411,2696,82.0,grdc,59.2687,17.1271,"RACKSTA A, AKERS KRUTBRUK",Sweden,234.49750421238,2060031740,4,4,train
GRDC_6233412,2696,82.0,grdc,59.3229,16.4646,"ESKILSTUNAAN, OVRE HYNDEVAD",Sweden,4144.26198894591,2060031740,4,4,train
GRDC_6233414,2696,82.0,grdc,59.7771,16.1896,"KOLBACKSAN, HALLSTAHAMMAR",Sweden,2827.39143199412,2060031740,4,4,train
GRDC_6233415,2696,82.0,grdc,59.801,17.567999999999998,"STABBYBACKEN, STABBY",Sweden,5.26347574790833,2060031740,4,4,train
GRDC_6233418,2696,82.0,grdc,59.7563,17.3938,"SAVAAN, RANSTA",Sweden,211.22639669224895,2060031740,4,4,train
GRDC_6233419,2695,81.96,grdc,59.7354,17.0688,"ORSUNDAAN, HARNEVI",Sweden,318.421303034053,2060031740,4,4,train
GRDC_6233421,2696,82.0,grdc,59.5187,15.9854,"KOLSTAAN, ODENSVIBRON 2",Sweden,143.985262503787,2060031740,4,4,train
GRDC_6233422,2693,81.9,grdc,59.5354,15.8854,"HEDSTROMMEN, DOMSTA",Sweden,1099.69766950663,2060031740,4,4,train
GRDC_6233423,2696,82.0,grdc,59.5854,15.2562,"ARBOGAAN, DALKARLSHYTTAN",Sweden,1185.70851949686,2060031740,4,4,train
GRDC_6233425,2695,81.96,grdc,59.5354,15.1146,"DYLTAAN, HAMMARBY 2",Sweden,849.5275389456759,2060031740,4,4,train
GRDC_6233440,2694,81.93,grdc,58.8604,16.6979,"NYKOPINGSAN, HALLBOSJOEN",Sweden,2239.29748421324,2060031750,2,2,train
GRDC_6233450,2696,82.0,grdc,64.8354,14.2354,"ANKARVATTNET, ANKARVATTNET",Sweden,382.61569035052,2060031060,4,4,train
GRDC_6233460,2696,82.0,grdc,63.7354,13.0062,"ACKLINGEN, AECKLINGEN",Sweden,164.068455554792,2060031160,3,3,train
GRDC_6233465,2696,82.0,grdc,63.5229,12.3938,"MEDSTUGUAN, MEDSTUGAN NEDRE",Sweden,202.83482275773,2060031160,3,3,train
GRDC_6233470,2696,82.0,grdc,64.0729,14.1229,"HARKAN, RENGEN",Sweden,1100.06304315204,2060031160,3,3,train
GRDC_6233510,2696,82.0,grdc,64.2229,19.7063,"VINDELALVEN, GRANAKER",Sweden,13815.8887830724,2060030650,1,1,val
GRDC_6233530,2696,82.0,grdc,65.8312,14.9021,"TANGVATTSBACKEN, TAENGVATTNET",Sweden,194.73579092531003,2060030650,1,1,val
GRDC_6233540,2696,82.0,grdc,58.3604,13.9521,"OSAN, TOERNESTORP",Sweden,174.727696793122,2060033320,1,1,val
GRDC_6233555,2696,82.0,grdc,62.7146,16.0604,"ORAAN, NORRSJOEN",Sweden,11.3123792753645,2060031210,3,3,train
GRDC_6233600,2695,81.96,grdc,60.0187,17.7188,"VATTHOLMAAN, VATTHOLMA 2",Sweden,234.137790710134,2060031740,4,4,train
GRDC_6233610,2696,82.0,grdc,56.1188,13.1646,"RONNE A, FORSMOLLAN",Sweden,954.100133453388,2060032680,1,1,val
GRDC_6233680,2696,82.0,grdc,65.5396,17.4771,"VINDELALVEN, SORSELE 2",Sweden,6164.76388848797,2060030650,1,1,val
GRDC_6233700,2696,82.0,grdc,63.4396,18.3021,"MOALVEN, VAESTERSEL",Sweden,1469.69247368806,2060030660,3,3,train
GRDC_6233730,2696,82.0,grdc,63.6979,19.5938,"OREALVEN, TORRBOLE",Sweden,2394.06504057838,2060030660,3,3,train
GRDC_6233755,2696,82.0,grdc,65.8396,21.1938,"ALAN, LANGSJOEN",Sweden,44.1384045910912,2060030270,2,2,train
GRDC_6233780,2696,82.0,grdc,66.0188,21.9646,"RANE ALV, NIEMISEL",Sweden,3882.7927626427295,2060030170,4,4,train
GRDC_6233785,2696,82.0,grdc,66.4146,21.6854,"VUOTTASBAECKEN, VUOTTASBAECKEN",Sweden,40.46781765681521,2060030170,4,4,train
GRDC_6233800,2696,82.0,grdc,66.1646,21.7979,"RORAN, YTTERHOLMEN",Sweden,1090.57360961342,2060030170,4,4,train
GRDC_6233850,2694,81.93,grdc,66.1688,22.8438,"KALIXALVEN, RAEKTFORS",Sweden,16432.3827468976,2060030160,1,1,val
GRDC_6233870,2692,81.87,grdc,66.1104,23.3146,"KUKASJOKI, KUKKASJAERVI",Sweden,519.301866200122,2060030110,2,2,train
GRDC_6238100,2692,81.87,grdc,50.9146,2.7396,"POPERINGEVAART, OOSTVLETEREN",Belgium,85.52738788537971,2060022610,3,3,train
GRDC_6238150,2696,82.0,grdc,51.1521,3.1896,"KERKEBEEK, LOPPEM",Belgium,56.4499939987235,2060022620,2,2,train
GRDC_6337506,2696,82.0,grdc,51.1938,9.4979,"FULDA, GREBENAU",Germany,2975.8628660344502,2060023940,4,4,train
GRDC_6854273,2632,80.05,grdc,60.842,26.757,"KYMIJOKI, NIITTYJOKI",Finland,31.237574902241203,2060028660,2,2,train
GRDC_6854801,2632,80.05,grdc,63.7396,25.3396,"KALAJOKI, TUJUOJA",Finland,16.789719194249898,2060029750,3,3,train
GRDC_6854901,2632,80.05,grdc,62.9188,22.5271,"KYRONJOKI, KAINASTONLUOMA",Finland,65.8246101793488,2060029510,4,4,train
GRDC_6854940,2642,80.35,grdc,62.6146,21.4688,"NARPES A, NORRSKOGSDIKET",Finland,12.8192116547948,2060029330,1,1,val
GRDC_6855404,2637,80.2,grdc,61.388000000000005,28.667,"VUOKSI, HUHTISUONOJA",Finland,5.013383748867599,2060028310,3,3,train
camels_01013500,2921,88.84,camels,47.23739,-68.58264,"Fish River near Fort Kent, Maine",United States of America,2297.683154625437,7060038320,3,3,train
camels_01022500,2921,88.84,camels,44.60797,-67.93524,"Narraguagus River at Cherryfield, Maine",United States of America,619.1025954030504,7060038340,2,2,train
camels_01030500,2921,88.84,camels,45.50097,-68.30596,"Mattawamkeag River near Mattawamkeag, Maine",United States of America,3666.943011361588,7060038810,2,2,train
camels_01031500,2921,88.84,camels,45.17501,-69.3147,"Piscataquis River near Dover-Foxcroft, Maine",United States of America,764.8241487847673,7060038810,2,2,train
camels_01047000,2921,88.84,camels,44.8692,-69.9551,"Carrabassett River near North Anson, Maine",United States of America,902.8950759161186,7060038980,1,1,val
camels_01052500,2921,88.84,camels,44.87739,-71.05749,"Diamond River near Wentworth Location, NH",United States of America,395.4449102166139,7060038980,1,1,val
camels_01054200,2921,88.84,camels,44.39044,-70.97964,"Wild River at Gilead, Maine",United States of America,180.83578258638576,7060038980,1,1,val
camels_01055000,2921,88.84,camels,44.64275,-70.58878,"Swift River near Roxbury, Maine",United States of America,250.42611656282844,7060038980,1,1,val
camels_01057000,2921,88.84,camels,44.30399,-70.53968,"Little Androscoggin River near South Paris, Maine",United States of America,197.42826356745337,7060038980,1,1,val
camels_01078000,2921,88.84,camels,43.56646,-71.74786,"SMITH RIVER NEAR BRISTOL, NH",United States of America,221.56128512151847,7060039160,2,2,train
camels_01121000,2921,88.84,camels,41.84371,-72.16897,"MOUNT HOPE RIVER NEAR WARRENVILLE, CT.",United States of America,94.39441250906812,7060039170,3,3,train
camels_01123000,2921,88.84,camels,41.67177,-72.0523,"LITTLE RIVER NEAR HANOVER, CT.",United States of America,83.9188028973241,7060039170,3,3,train
camels_01134500,2921,88.84,camels,44.51172,-71.83731,"MOOSE RIVER AT VICTORY, VT",United States of America,209.0953393912348,7060039620,3,3,train
camels_01137500,2921,88.84,camels,44.26867,-71.63036,"AMMONOOSUC RIVER AT BETHLEHEM JUNCTION, NH",United States of America,237.80740881227263,7060039620,3,3,train
camels_01139000,2921,88.84,camels,44.15034,-72.06509,"WELLS RIVER AT WELLS RIVER, VT",United States of America,258.98321178700803,7060039620,3,3,train
camels_01144000,2921,88.84,camels,43.71424,-72.41815,"WHITE RIVER AT WEST HARTFORD, VT",United States of America,1777.408716575921,7060039620,3,3,train
camels_01162500,2921,88.84,camels,42.68259,-72.11508,"PRIEST BROOK NEAR WINCHENDON, MA",United States of America,77.94575988334304,7060039620,3,3,train
camels_01169000,2921,88.84,camels,42.63842,-72.72509,"NORTH RIVER AT SHATTUCKVILLE, MA",United States of America,233.4531968528464,7060039620,3,3,train
camels_01181000,2921,88.84,camels,42.23731,-72.89565,"WEST BRANCH WESTFIELD RIVER AT HUNTINGTON, MA",United States of America,244.8619753135553,7060039620,3,3,train
camels_01187300,2921,88.84,camels,42.03732,-72.93899,"HUBBARD RIVER NR. WEST HARTLAND, CT.",United States of America,53.91775233256445,7060039620,3,3,train
camels_01333000,2921,88.84,camels,42.70897,-73.19677,"GREEN RIVER AT WILLIAMSTOWN, MA",United States of America,111.3226948261138,7060039870,3,3,train
camels_01350000,2921,88.84,camels,42.31953,-74.43654,SCHOHARIE CREEK AT PRATTSVILLE NY,United States of America,613.6460531564197,7060039870,3,3,train
camels_01350140,2921,88.84,camels,42.42897,-74.47293,MINE KILL NEAR NORTH BLENHEIM NY,United States of America,47.6733788326372,7060039870,3,3,train
camels_01365000,2921,88.84,camels,41.86648,-74.4871,RONDOUT CREEK NEAR LOWES CORNERS NY,United States of America,102.60286139533804,7060039870,3,3,train
camels_01413500,2921,88.84,camels,42.14481,-74.65349,EAST BR DELAWARE R AT MARGARETVILLE NY,United States of America,433.2357388128525,7060040360,3,3,train
camels_01423000,2921,88.84,camels,42.1662,-75.13989,WEST BRANCH DELAWARE RIVER AT WALTON NY,United States of America,860.7021764231342,7060040360,3,3,train
camels_01435000,2921,88.84,camels,41.89009,-74.58988,NEVERSINK RIVER NEAR CLARYVILLE NY,United States of America,183.20016283737263,7060040360,3,3,train
camels_01439500,2921,88.84,camels,41.08815,-75.03767,"Bush Kill at Shoemakers, PA",United States of America,305.7564933128151,7060040360,3,3,train
camels_01440000,2921,88.84,camels,41.10667,-74.95222,FLAT BROOK NEAR FLATBROOKVILLE NJ,United States of America,171.3682659950159,7060040360,3,3,train
camels_01440400,2921,88.84,camels,41.08481,-75.21462,"Brodhead Creek near Analomink, PA",United States of America,178.50330347885946,7060040360,3,3,train
camels_01510000,2921,88.84,camels,42.54118,-75.89964,OTSELIC RIVER AT CINCINNATUS NY,United States of America,382.2670187873862,7060041050,2,2,train
camels_01532000,2921,88.84,camels,41.70702,-76.48467,"Towanda Creek near Monroeton, PA",United States of America,556.0260153812195,7060041050,2,2,train
camels_01539000,2921,88.84,camels,41.07814,-76.43106,"Fishing Creek near Bloomsburg, PA",United States of America,704.16963631742,7060041050,2,2,train
camels_01543000,2921,88.84,camels,41.4134,-78.19695,"Driftwood Br Sinnemahoning Cr at Sterling Run, PA",United States of America,703.7449939247832,7060041050,2,2,train
camels_01543500,2921,88.84,camels,41.31728,-78.10306,"Sinnemahoning Creek at Sinnemahoning, PA",United States of America,1776.5907215025363,7060041050,2,2,train
camels_01547700,2921,88.84,camels,41.05951,-77.60583,"Marsh Creek at Blanchard, PA",United States of America,115.04463573920911,7060041050,2,2,train
camels_01548500,2921,88.84,camels,41.52174,-77.44748,"Pine Creek at Cedar Run, PA",United States of America,1555.2262672071736,7060041050,2,2,train
camels_01550000,2921,88.84,camels,41.41841,-77.03275,"Lycoming Creek near Trout Run, PA",United States of America,455.6402648267032,7060041050,2,2,train
camels_01552000,2921,88.84,camels,41.32508,-76.91246,"Loyalsock Creek at Loyalsockville, PA",United States of America,1127.7016317397213,7060041050,2,2,train
camels_01567500,2921,88.84,camels,40.37092,-77.40221,"Bixler Run near Loysville, PA",United States of America,39.559773818841926,7060041050,2,2,train
camels_01568000,2921,88.84,camels,40.32342,-77.16887,"Sherman Creek at Shermans Dale, PA",United States of America,535.8875182816188,7060041050,2,2,train
camels_01580000,2921,88.84,camels,39.62997,-76.40331,"DEER CREEK AT ROCKS, MD",United States of America,246.85030431714912,7060041050,2,2,train
camels_01591400,2921,88.84,camels,39.25597,-77.05106,"CATTAIL CREEK NEAR GLENWOOD, MD",United States of America,59.55746967875565,7060041060,3,3,train
camels_01596500,2921,88.84,camels,39.57006,-79.10194,"SAVAGE RIVER NEAR BARTON, MD",United States of America,127.61017609705344,7060041400,1,1,val
camels_01605500,2921,88.84,camels,38.63567,-79.33782,"SOUTH BRANCH POTOMAC RIVER AT FRANKLIN, WV",United States of America,474.1732416558583,7060041400,1,1,val
camels_01606500,2921,88.84,camels,38.99122,-79.17587,"SO. BRANCH POTOMAC RIVER NR PETERSBURG, WV",United States of America,1685.174708203916,7060041400,1,1,val
camels_01613050,2894,88.02,camels,39.89842,-78.13223,"Tonoloway Creek near Needmore, PA",United States of America,27.894648546943067,7060041400,1,1,val
camels_01620500,2921,88.84,camels,38.33763,-79.24004,"NORTH RIVER NEAR STOKESVILLE, VA",United States of America,61.1271778964823,7060041400,1,1,val
camels_01632000,2921,88.84,camels,38.63706,-78.8528,"N F SHENANDOAH RIVER AT COOTES STORE, VA",United States of America,546.7043874876955,7060041400,1,1,val
camels_01632900,2921,88.84,camels,38.69345,-78.64279,"SMITH CREEK NEAR NEW MARKET, VA",United States of America,248.8236103366676,7060041400,1,1,val
camels_01634500,2921,88.84,camels,39.08122,-78.32945,"CEDAR CREEK NEAR WINCHESTER, VA",United States of America,264.22677990433743,7060041400,1,1,val
camels_01638480,2921,88.84,camels,39.25455,-77.57638,"CATOCTIN CREEK AT TAYLORSTOWN, VA",United States of America,233.58728921187063,7060041400,1,1,val
camels_01639500,2921,88.84,camels,39.61236,-77.23744,"BIG PIPE CREEK AT BRUCEVILLE, MD",United States of America,266.9608884014904,7060041400,1,1,val
camels_01644000,2921,88.84,camels,39.01955,-77.57749,"GOOSE CREEK NEAR LEESBURG, VA",United States of America,858.8115964401188,7060041400,1,1,val
camels_01658500,2921,88.84,camels,38.58734,-77.4286,"S F QUANTICO CREEK NEAR INDEPENDENT HILL, VA",United States of America,23.78267929842358,7060041410,4,4,train
camels_01664000,2921,88.84,camels,38.53068,-77.8136,"RAPPAHANNOCK RIVER AT REMINGTON, VA",United States of America,1603.511552246232,7060041650,2,2,train
camels_01666500,2921,88.84,camels,38.32513,-78.09556,"ROBINSON RIVER NEAR LOCUST DALE, VA",United States of America,465.63800808525497,7060041650,2,2,train
camels_01667500,2921,88.84,camels,38.35041,-77.975,"RAPIDAN RIVER NEAR CULPEPER, VA",United States of America,1209.9189442442723,7060041650,2,2,train
camels_01669000,2921,88.84,camels,37.87708,-76.90052,"PISCATAWAY CREEK NEAR TAPPAHANNOCK, VA",United States of America,75.19450209100698,7060041660,4,4,train
camels_01669520,2921,88.84,camels,37.63375,-76.69635,"DRAGON SWAMP AT MASCOT, VA",United States of America,277.31652258059023,7060041660,4,4,train
camels_02011400,2920,88.81,camels,38.04235,-79.88144,"JACKSON RIVER NEAR BACOVA, VA",United States of America,409.81092732410207,7060041900,2,2,train
camels_02011460,2921,88.84,camels,38.2454,-79.76866,"BACK CREEK NEAR SUNRISE, VA",United States of America,235.3075158235496,7060041900,2,2,train
camels_02013000,2921,88.84,camels,37.8029,-80.047,"DUNLAP CREEK NEAR COVINGTON, VA",United States of America,436.0761479531383,7060041900,2,2,train
camels_02014000,2921,88.84,camels,37.72901,-80.04228,"POTTS CREEK NEAR COVINGTON, VA",United States of America,396.9886817364013,7060041900,2,2,train
camels_02015700,2921,88.84,camels,38.1954,-79.57032,"BULLPASTURE RIVER AT WILLIAMSVILLE, VA",United States of America,286.377206711085,7060041900,2,2,train
camels_02016000,2921,88.84,camels,37.7918,-79.75949,"COWPASTURE RIVER NEAR CLIFTON FORGE, VA",United States of America,1193.9665626251322,7060041900,2,2,train
camels_02017500,2921,88.84,camels,37.50624,-80.10671,"JOHNS CREEK AT NEW CASTLE, VA",United States of America,285.2584061790841,7060041900,2,2,train
camels_02018000,2921,88.84,camels,37.66596,-79.91144,"CRAIG CREEK AT PARR, VA",United States of America,851.702188085878,7060041900,2,2,train
camels_02027000,2921,88.84,camels,37.71542,-78.98169,"TYE RIVER NEAR LOVINGSTON, VA",United States of America,241.3288601362962,7060041900,2,2,train
camels_02027500,2921,88.84,camels,37.70236,-79.02752,"PINEY RIVER AT PINEY RIVER, VA",United States of America,127.91280687579092,7060041900,2,2,train
camels_02028500,2921,88.84,camels,37.86959,-78.82335,"ROCKFISH RIVER NEAR GREENFIELD, VA",United States of America,246.2660867611635,7060041900,2,2,train
camels_02046000,2921,88.84,camels,37.06709,-77.60249,"STONY CREEK NEAR DINWIDDIE, VA",United States of America,290.9140450533884,7060042240,3,3,train
camels_02051000,2921,88.84,camels,36.99737,-78.34972,"NORTH MEHERRIN RIVER NEAR LUNENBURG, VA",United States of America,144.77947681539155,7060042240,3,3,train
camels_02051500,2920,88.81,camels,36.71681,-77.83166,"MEHERRIN RIVER NEAR LAWRENCEVILLE, VA",United States of America,1431.7751313831347,7060042240,3,3,train
camels_02053200,2921,88.84,camels,36.37083,-77.02556,"POTECASI CREEK NEAR UNION, NC",United States of America,581.3053451495236,7060042240,3,3,train
camels_02053800,2921,88.84,camels,37.14013,-80.26643,"S F ROANOKE RIVER NEAR SHAWSVILLE, VA",United States of America,288.2974137844979,7060042310,4,4,train
camels_02055100,2920,88.81,camels,37.41763,-79.93532,"TINKER CREEK NEAR DALEVILLE, VA",United States of America,33.23989639324699,7060042310,4,4,train
camels_02056900,2921,88.84,camels,37.04514,-79.8442,"BLACKWATER RIVER NEAR ROCKY MOUNT, VA",United States of America,299.1927680597534,7060042310,4,4,train
camels_02059500,2921,88.84,camels,37.1732,-79.52031,"GOOSE CREEK NEAR HUDDLESTON, VA",United States of America,486.233295296614,7060042310,4,4,train
camels_02064000,2800,85.16,camels,37.12681,-78.95974,"FALLING RIVER NEAR NARUNA, VA",United States of America,427.7065486567371,7060042310,4,4,train
camels_02065500,2921,88.84,camels,37.07931,-78.76362,"CUB CREEK AT PHENIX, VA",United States of America,252.68247264705124,7060042310,4,4,train
camels_02070000,2921,88.84,camels,36.56819,-79.98726,"NORTH MAYO RIVER NEAR SPENCER, VA",United States of America,278.8594483823663,7060042310,4,4,train
camels_02074500,2921,88.84,camels,36.61958,-79.50419,"SANDY RIVER NEAR DANVILLE, VA",United States of America,288.7365980354291,7060042310,4,4,train
camels_02077200,2845,86.53,camels,36.39778,-79.19667,"HYCO CREEK NEAR LEASBURG, NC",United States of America,126.35635295340413,7060042310,4,4,train
camels_02081500,2921,88.84,camels,36.19417,-78.58306,"TAR RIVER NEAR TAR RIVER, NC",United States of America,432.9701566804801,7060042320,4,4,train
camels_02082950,2921,88.84,camels,36.18333,-77.87611,"LITTLE FISHING CREEK NEAR WHITE OAK, NC",United States of America,461.3815003788304,7060042320,4,4,train
camels_02092500,2921,88.84,camels,35.06417,-77.46139,"TRENT RIVER NEAR TRENTON, NC",United States of America,435.0607834710876,7060042750,1,1,val
camels_02096846,2919,88.78,camels,35.98722,-79.20611,"CANE CREEK NEAR ORANGE GROVE, NC",United States of America,19.616216495345927,7060042940,3,3,train
camels_02102908,2921,88.84,camels,35.18278,-79.1775,"FLAT CREEK NEAR INVERNESS, NC",United States of America,20.187180738717178,7060042940,3,3,train
camels_02108000,2920,88.81,camels,34.82889,-77.83222,"NORTHEAST CAPE FEAR RIVER NEAR CHINQUAPIN, NC",United States of America,1567.0008316036333,7060042940,3,3,train
camels_02111180,2897,88.11,camels,36.07139,-81.40306,"ELK CREEK AT ELKVILLE, NC",United States of America,131.1434222911932,7060043090,1,1,val
camels_02111500,2921,88.84,camels,36.175,-81.16889,"REDDIES RIVER AT NORTH WILKESBORO, NC",United States of America,233.1074098350376,7060043090,1,1,val
camels_02128000,2920,88.81,camels,35.38722,-79.83139,"LITTLE RIVER NEAR STAR, NC",United States of America,271.8509526478415,7060043090,1,1,val
camels_02137727,2921,88.84,camels,35.68583,-82.06028,"CATAWBA R NR PLEASANT GARDENS, NC",United States of America,329.0155921326665,7060043160,2,2,train
camels_02140991,2921,88.84,camels,35.83361,-81.71194,"JOHNS RIVER AT ARNEYS STORE, NC",United States of America,522.0718824939519,7060043160,2,2,train
camels_02143000,2921,88.84,camels,35.68444,-81.40333,"HENRY FORK NEAR HENRY RIVER, NC",United States of America,222.233644145876,7060043160,2,2,train
camels_02149000,2921,88.84,camels,35.42345,-82.1115,"COVE CREEK NEAR LAKE LURE, NC",United States of America,203.8105282244164,7060043160,2,2,train
camels_02152100,2921,88.84,camels,35.49306,-81.68222,"FIRST BROAD RIVER NEAR CASAR, NC",United States of America,156.46353080435964,7060043160,2,2,train
camels_02177000,2921,88.84,camels,34.81398,-83.30599,"CHATTOOGA RIVER NEAR CLAYTON, GA",United States of America,527.1908358961526,7060043500,4,4,train
camels_02178400,2921,88.84,camels,34.89037,-83.53044,"TALLULAH RIVER NEAR CLAYTON, GA",United States of America,152.14591067658864,7060043500,4,4,train
camels_02193340,2816,85.64,camels,33.68263,-82.85792,"KETTLE CREEK NEAR WASHINGTON, GA",United States of America,89.7354272989383,7060043500,4,4,train
camels_02196000,2921,88.84,camels,33.7293,-82.18179,"STEVENS CREEK NEAR MODOC, SC",United States of America,1408.8174300202145,7060043500,4,4,train
camels_02198100,2921,88.84,camels,32.93766,-81.81539,"BEAVERDAM CREEK NEAR SARDIS, GA",United States of America,79.76679490637363,7060043500,4,4,train
camels_02202600,2921,88.84,camels,32.16798,-81.48817,"BLACK CREEK NEAR BLITCHTON, GA",United States of America,623.906680673049,7060043510,1,1,val
camels_02212600,2921,88.84,camels,33.09985,-83.72351,"FALLING CREEK NEAR JULIETTE, GA",United States of America,190.0972017921721,7060043640,4,4,train
camels_02215100,2921,88.84,camels,32.23944,-83.50167,"TUCSAWHATCHEE CREEK NEAR HAWKINSVILLE, GA",United States of America,425.9978030144635,7060043640,4,4,train
camels_02221525,2921,88.84,camels,33.25236,-83.48128,"MURDER CREEK BELOW EATONTON, GA",United States of America,493.762632113246,7060043640,4,4,train
camels_02231000,2921,88.84,camels,30.35885,-82.0815,"ST. MARYS RIVER NR MACCLENNY, FLA.",United States of America,1858.8013173587533,7060043650,4,4,train
camels_02231342,2921,88.84,camels,27.56865,-80.79617,"FT DRUM CREEK AT SUNSHINE ST PKY NEAR FT DRUM, FL",United States of America,194.25325394806805,7060043860,3,3,train
camels_02235200,2921,88.84,camels,28.87453,-81.48938,"BLACKWATER CREEK NEAR CASSIA, FL",United States of America,300.9304201512397,7060043860,3,3,train
camels_02246000,2921,88.84,camels,30.1133,-81.90649,"NORTH FORK BLACK CREEK NR MIDDLEBURG, FLA.",United States of America,451.68172230371664,7060043860,3,3,train
camels_02296500,2921,88.84,camels,27.37504,-81.79647,CHARLIE CREEK NEAR GARDNER FL,United States of America,893.9992741543153,7060044860,3,3,train
camels_02297310,2921,88.84,camels,27.19949,-81.98842,HORSE CREEK NEAR ARCADIA FL,United States of America,537.9104605238318,7060044860,3,3,train
camels_02298123,2921,88.84,camels,27.052,-81.78453,PRAIRIE CREEK NEAR FORT OGDEN FL,United States of America,541.9983226859208,7060044860,3,3,train
camels_02298608,2921,88.84,camels,27.34366,-82.15676,MYAKKA RIVER AT MYAKKA CITY FL,United States of America,314.3976336707859,7060044870,3,3,train
camels_02299950,2901,88.23,camels,27.47365,-82.2112,MANATEE RIVER NEAR MYAKKA HEAD FL,United States of America,177.46307605167337,7060044870,3,3,train
camels_02300700,2921,88.84,camels,27.79197,-82.35204,BULLFROG CREEK NEAR WIMAUMA FL,United States of America,85.97495241479606,7060044870,3,3,train
camels_02310947,2799,85.13,camels,28.31195,-82.05591,"WITHLACOOCHEE RIVER NEAR CUMPRESSCO, FLA.",United States of America,582.5433401374396,7060045410,2,2,train
camels_02312200,2708,82.36,camels,28.57277,-82.15536,"LITTLE WITHLACOOCHEE RIVER AT RERDELL, FLA.",United States of America,467.48268438740735,7060045410,2,2,train
camels_02314500,2921,88.84,camels,30.68056,-82.56056,"SUWANNEE RIVER AT US 441, AT FARGO, GA",United States of America,2811.062565362304,7060045480,3,3,train
camels_02315500,2921,88.84,camels,30.32578,-82.73818,"SUWANNEE RIVER AT WHITE SPRINGS, FLA.",United States of America,5921.059561630095,7060045480,3,3,train
camels_02324400,2921,88.84,camels,30.09827,-83.47181,"FENHOLLOWAY RIVER NEAR FOLEY, FLA.",United States of America,210.41445360360217,7060045490,3,3,train
camels_02349900,2921,88.84,camels,32.19556,-83.90222,"TURKEY CREEK AT BYROMVILLE, GA",United States of America,124.4304297028274,7060045890,2,2,train
camels_02350900,2921,88.84,camels,31.76444,-84.25333,"KINCHAFOONEE CREEK NEAR DAWSON, GA",United States of America,1366.4415438576436,7060045890,2,2,train
camels_02361000,2921,88.84,camels,31.34295,-85.61049,"CHOCTAWHATCHEE RIVER NEAR NEWTON, AL.",United States of America,1780.6193970055326,7060046130,4,4,train
camels_02363000,2921,88.84,camels,31.59489,-85.783,PEA RIVER NEAR ARITON AL,United States of America,1293.706711347575,7060046130,4,4,train
camels_02369800,2921,88.84,camels,31.02768,-86.70996,BLACKWATER RIVER NEAR BRADLEY AL,United States of America,231.2577675964164,7060046330,2,2,train
camels_02371500,2921,88.84,camels,31.5735,-86.25162,CONECUH RIVER AT BRANTLEY AL,United States of America,1258.8959600965095,7060046390,3,3,train
camels_02372250,2921,88.84,camels,31.59627,-86.40552,PATSALIGA CREEK NEAR BRANTLEY AL,United States of America,1146.0558093569953,7060046390,3,3,train
camels_02374500,2921,88.84,camels,31.4185,-86.98664,MURDER CREEK NEAR EVERGREEN AL,United States of America,458.7703589559312,7060046390,3,3,train
camels_02395120,2921,88.84,camels,34.24278,-84.88972,"TWO RUN CREEK NEAR KINGSTON, GA",United States of America,85.2181117021181,7060046590,3,3,train
camels_02408540,2921,88.84,camels,32.91679,-86.27025,HATCHET CREEK BELOW ROCKFORD AL,United States of America,684.0331216016301,7060046590,3,3,train
camels_02422500,2918,88.75,camels,32.58291,-86.9036,MULBERRY CREEK AT JONES AL,United States of America,600.1665037457406,7060046590,3,3,train
camels_02427250,2921,88.84,camels,31.99626,-87.06832,"PINE BARREN CREEK NEAR SNOW HILL, AL.",United States of America,681.1617039242551,7060046590,3,3,train
camels_02450250,2921,88.84,camels,34.28538,-87.39891,SIPSEY FORK NEAR GRAYSON AL,United States of America,242.38624690478304,7060046590,3,3,train
camels_02464000,2921,88.84,camels,33.47928,-87.59723,NORTH RIVER NEAR SAMANTHA AL,United States of America,582.2727774141343,7060046590,3,3,train
camels_02465493,2921,88.84,camels,32.99735,-87.62223,ELLIOTTS CREEK AT MOUNDVILLE AL,United States of America,86.6014053473557,7060046590,3,3,train
camels_02469800,2921,88.84,camels,31.74432,-88.02251,SATILPA CREEK NEAR COFFEEVILLE AL,United States of America,423.5375952308031,7060046590,3,3,train
camels_02472000,2920,88.81,camels,31.70694,-89.40694,"LEAF RIVER NR COLLINS, MS",United States of America,1929.072083503986,7060046600,4,4,train
camels_02472500,2911,88.53,camels,31.42583,-89.41472,"BOUIE CREEK NR HATTIESBURG, MS",United States of America,790.63592556549,7060046600,4,4,train
camels_02479155,2920,88.81,camels,31.02528,-89.01667,"CYPRESS CREEK NR JANICE, MS",United States of America,138.4984608400035,7060046600,4,4,train
camels_02479300,2921,88.84,camels,30.73611,-88.78111,"RED CREEK AT VESTRY, MS",United States of America,1154.3192118841937,7060046600,4,4,train
camels_02481000,2919,88.78,camels,30.55861,-89.12194,"BILOXI RIVER AT WORTHAM, MS",United States of America,250.79568618688472,7060046780,3,3,train
camels_02481510,2921,88.84,camels,30.48361,-89.27444,"WOLF RIVER NR LANDON, MS",United States of America,802.2992439119722,7060046790,4,4,train
camels_03010655,2921,88.84,camels,41.96173,-78.19807,"Oswayo Creek at Shinglehouse, PA",United States of America,254.65933771193843,7060047060,0,0,test
camels_03015500,2921,88.84,camels,41.85256,-79.31727,"Brokenstraw Creek at Youngsville, PA",United States of America,830.3203780196909,7060047060,0,0,test
camels_03021350,2921,88.84,camels,42.01533,-79.78255,"French Creek near Wattsburg, PA",United States of America,248.34596502559185,7060047060,0,0,test
camels_03026500,2921,88.84,camels,41.63117,-78.57669,"Sevenmile Run near Rasselas, PA",United States of America,20.27469159185711,7060047060,0,0,test
camels_03049800,2921,88.84,camels,40.52035,-79.93811,"Little Pine Creek near Etna, PA",United States of America,16.04909579362564,7060047060,0,0,test
camels_03050000,2921,88.84,camels,38.80927,-79.88173,"TYGART VALLEY RIVER NEAR DAILEY, WV",United States of America,489.0865581310839,7060047060,0,0,test
camels_03066000,2921,88.84,camels,39.12705,-79.46838,"BLACKWATER R AT DAVIS, WV",United States of America,224.8394193036125,7060047060,0,0,test
camels_03069500,2921,88.84,camels,39.12288,-79.68117,"CHEAT RIVER NEAR PARSONS, WV",United States of America,1851.584563924462,7060047060,0,0,test
camels_03070500,2921,88.84,camels,39.61564,-79.70477,"BIG SANDY CREEK AT ROCKVILLE, WV",United States of America,517.932839103192,7060047060,0,0,test
camels_03076600,2921,88.84,camels,39.65614,-79.39411,"BEAR CREEK AT FRIENDSVILLE, MD",United States of America,128.07037176889028,7060047060,0,0,test
camels_03078000,2921,88.84,camels,39.70219,-79.13639,"CASSELMAN RIVER AT GRANTSVILLE, MD",United States of America,165.0626320363916,7060047060,0,0,test
camels_03140000,2921,88.84,camels,40.36285,-81.86236,Mill Creek near Coshocton OH,United States of America,71.31633418778175,7060047060,0,0,test
camels_03144000,2921,88.84,camels,40.13257,-82.14792,Wakatomika Creek near Frazeysburg OH,United States of America,364.688831529089,7060047060,0,0,test
camels_03159540,2921,88.84,camels,39.06369,-81.8818,Shade River near Chester OH,United States of America,400.3036706154372,7060047060,0,0,test
camels_03161000,2921,88.84,camels,36.39333,-81.40694,"SOUTH FORK NEW RIVER NEAR JEFFERSON, NC",United States of America,533.493945472224,7060047060,0,0,test
camels_03164000,2921,88.84,camels,36.64735,-80.97897,"NEW RIVER NEAR GALAX, VA",United States of America,2963.305976920179,7060047060,0,0,test
camels_03165000,2920,88.81,camels,36.64596,-80.91924,"CHESTNUT CREEK AT GALAX, VA",United States of America,117.4384212313146,7060047060,0,0,test
camels_03170000,2921,88.84,camels,37.03763,-80.55672,"LITTLE RIVER AT GRAYSONTOWN, VA",United States of America,800.0121855125166,7060047060,0,0,test
camels_03173000,2921,88.84,camels,37.26818,-80.70951,"WALKER CREEK AT BANE, VA",United States of America,775.7652905163629,7060047060,0,0,test
camels_03180500,2921,88.84,camels,38.54373,-79.83312,"GREENBRIER RIVER AT DURBIN, WV",United States of America,346.14957464623893,7060047060,0,0,test
camels_03182500,2921,88.84,camels,38.18595,-80.13062,"GREENBRIER RIVER AT BUCKEYE, WV",United States of America,1364.2032285559424,7060047060,0,0,test
camels_03186500,2921,88.84,camels,38.379,-80.48397,"WILLIAMS RIVER AT DYER, WV",United States of America,331.5481426604806,7060047060,0,0,test
camels_03187500,2921,88.84,camels,38.29539,-80.52648,"CRANBERRY RIVER NEAR RICHWOOD, WV",United States of America,207.8761915413909,7060047060,0,0,test
camels_03213700,2921,88.84,camels,37.67316,-82.28014,"TUG FORK AT WILLIAMSON, WV",United States of America,2429.653575437966,7060047060,0,0,test
camels_03237280,2905,88.35,camels,38.64369,-83.21574,Upper Twin Creek at McGaw OH,United States of America,33.1618535103466,7060047060,0,0,test
camels_03237500,2921,88.84,camels,38.80368,-83.42102,Ohio Brush Creek near West Union OH,United States of America,1000.4353487789718,7060047060,0,0,test
camels_03241500,2921,88.84,camels,39.72284,-83.88271,Massies Creek at Wilberforce OH,United States of America,173.0365135934899,7060047060,0,0,test
camels_03280700,2921,88.84,camels,37.16509,-83.30796,"CUTSHIN CREEK AT WOOTON, KY",United States of America,158.71500443056064,7060047060,0,0,test
camels_03281100,2921,88.84,camels,37.15203,-83.7602,"GOOSE CREEK AT MANCHESTER, KY",United States of America,425.1880115888037,7060047060,0,0,test
camels_03281500,2918,88.75,camels,37.47981,-83.67519,"SOUTH FORK KENTUCKY RIVER AT BOONEVILLE, KY",United States of America,1835.962691719392,7060047060,0,0,test
camels_03285000,2921,88.84,camels,37.64202,-84.66078,"DIX RIVER NEAR DANVILLE, KY",United States of America,823.1202671292644,7060047060,0,0,test
camels_03291780,2785,84.7,camels,38.87811,-85.25718,"INDIAN-KENTUCK CREEK NR CANAAN, IND.",United States of America,71.4215904548886,7060047060,0,0,test
camels_03300400,2921,88.84,camels,37.83284,-85.29607,"BEECH FORK AT MAUD, KY",United States of America,1128.3199875704952,7060047060,0,0,test
camels_03340800,2921,88.84,camels,39.81255,-86.9539,BIG RACCOON CREEK NEAR FINCASTLE IND,United States of America,363.1293212034208,7060047060,0,0,test
camels_03346000,2921,88.84,camels,39.01004,-87.94559,"NORTH FORK EMBARRAS RIVER NEAR OBLONG, IL",United States of America,828.1884460926823,7060047060,0,0,test
camels_03357350,2800,85.16,camels,39.76171,-86.72945,"PLUM CREEK NEAR BAINBRIDGE, IND.",United States of America,26.081280747865925,7060047060,0,0,test
camels_03364500,2921,88.84,camels,39.27477,-85.70165,"CLIFTY CREEK AT HARTSVILLE, IN",United States of America,242.0094029157117,7060047060,0,0,test
camels_03366500,2921,88.84,camels,38.80422,-85.67386,"MUSCATATUCK RIVER NEAR DEPUTY, IN",United States of America,762.0792350202614,7060047060,0,0,test
camels_03368000,2737,83.24,camels,39.07033,-85.48608,"BRUSH CREEK NEAR NEBRASKA, IN",United States of America,32.48820271238329,7060047060,0,0,test
camels_03384450,2920,88.81,camels,37.47227,-88.54727,"LUSK CREEK NEAR EDDYVILLE, IL",United States of America,112.34453896897912,7060047060,0,0,test
camels_03439000,2921,88.84,camels,35.14333,-82.82472,"FRENCH BROAD RIVER AT ROSMAN, NC",United States of America,177.99471516630686,7060047060,0,0,test
camels_03450000,2921,88.84,camels,35.65306,-82.40528,"BEETREE CREEK NEAR SWANNANOA, NC",United States of America,14.167080324843209,7060047060,0,0,test
camels_03455500,2921,88.84,camels,35.39611,-82.9375,"W F PIGEON R ABOVE LAKE LOGAN NR HAZELWOOD, NC",United States of America,71.27697772631896,7060047060,0,0,test
camels_03456500,2921,88.84,camels,35.46167,-82.86972,"EAST FORK PIGEON RIVER NEAR CANTON, NC",United States of America,137.3849343536078,7060047060,0,0,test
camels_03460000,2921,88.84,camels,35.6675,-83.07361,"CATALOOCHEE CREEK NEAR CATALOOCHEE, NC",United States of America,127.82617851828208,7060047060,0,0,test
camels_03463300,2921,88.84,camels,35.83151,-82.18429,"SOUTH TOE RIVER NEAR CELO, NC",United States of America,113.33924498043142,7060047060,0,0,test
camels_03471500,2921,88.84,camels,36.76039,-81.63123,"S F HOLSTON RIVER AT RIVERSIDE NR CHILHOWIE, VA",United States of America,198.06881786926527,7060047060,0,0,test
camels_03473000,2921,88.84,camels,36.65178,-81.84401,"S F HOLSTON RIVER NEAR DAMASCUS, VA",United States of America,783.9928225173128,7060047060,0,0,test
camels_03479000,2921,88.84,camels,36.23917,-81.82222,"WATAUGA RIVER NEAR SUGAR GROVE, NC",United States of America,237.785107358006,7060047060,0,0,test
camels_03488000,2921,88.84,camels,36.89678,-81.74623,"N F HOLSTON RIVER NEAR SALTVILLE, VA",United States of America,573.5820202135839,7060047060,0,0,test
camels_03498500,2921,88.84,camels,35.78562,-83.8846,"LITTLE RIVER NEAR MARYVILLE, TN",United States of America,700.5084177752941,7060047060,0,0,test
camels_03500000,2921,88.84,camels,35.15,-83.37972,"LITTLE TENNESSEE RIVER NEAR PRENTISS, NC",United States of America,362.368077812074,7060047060,0,0,test
camels_03504000,2921,88.84,camels,35.1275,-83.61861,"NANTAHALA RIVER NEAR RAINBOW SPRINGS, NC",United States of America,134.42979986405592,7060047060,0,0,test
camels_03574500,2921,88.84,camels,34.62425,-86.30637,PAINT ROCK RIVER NEAR WOODVILLE AL,United States of America,859.7353908387481,7060047060,0,0,test
camels_03604000,2921,88.84,camels,35.49591,-87.8328,"BUFFALO RIVER NEAR FLAT WOODS, TN",United States of America,1163.6659321380396,7060047060,0,0,test
camels_04015330,2921,88.84,camels,46.94688,-91.7924,"KNIFE RIVER NEAR TWO HARBORS, MN",United States of America,225.08905497032336,7060034520,2,2,train
camels_04024430,2921,88.84,camels,46.63327,-92.09408,"NEMADJI RIVER NEAR SOUTH SUPERIOR, WI",United States of America,1092.1299380979765,7060034520,2,2,train
camels_04027000,2921,88.84,camels,46.48661,-90.6963,"BAD RIVER NEAR ODANAH, WI",United States of America,1542.647578188397,7060034520,2,2,train
camels_04040500,2921,88.84,camels,46.58411,-88.57597,"STURGEON RIVER NEAR SIDNAW, MI",United States of America,420.7243829354853,7060034520,2,2,train
camels_04043050,2921,88.84,camels,47.22854,-88.38539,"TRAP ROCK RIVER NEAR LAKE LINDEN, MI",United States of America,76.64554188318176,7060034520,2,2,train
camels_04045500,2921,88.84,camels,46.57502,-85.26955,"TAHQUAMENON RIVER NEAR PARADISE, MI",United States of America,1962.8259916350248,7060034520,2,2,train
camels_04056500,2921,88.84,camels,46.03053,-86.16125,"MANISTIQUE RIVER NEAR MANISTIQUE, MI",United States of America,2975.893965897814,7060034520,2,2,train
camels_04057800,2868,87.23,camels,46.4991,-87.88652,"MIDDLE BRANCH ESCANABA RIVER AT HUMBOLDT, MI",United States of America,121.50722336072812,7060034520,2,2,train
camels_04059500,2921,88.84,camels,45.75552,-87.20152,"FORD RIVER NEAR HYDE, MI",United States of America,1185.8747259806312,7060034520,2,2,train
camels_04063700,2921,88.84,camels,45.76357,-88.46318,"POPPLE RIVER NEAR FENCE, WI",United States of America,370.3060350577837,7060034520,2,2,train
camels_04074950,2921,88.84,camels,45.18997,-88.73344,"WOLF RIVER AT LANGLADE, WI",United States of America,1213.438569784781,7060034520,2,2,train
camels_04105700,2921,88.84,camels,42.35337,-85.35389,"AUGUSTA CREEK NEAR AUGUSTA, MI",United States of America,100.65244279869948,7060034520,2,2,train
camels_04115265,2921,88.84,camels,43.24976,-84.98113,"FISH CREEK NEAR CRYSTAL, MI",United States of America,95.97745574805658,7060034520,2,2,train
camels_04122200,2921,88.84,camels,43.46418,-86.23257,"WHITE RIVER NEAR WHITEHALL, MI",United States of America,1020.7926795003784,7060034520,2,2,train
camels_04122500,2921,88.84,camels,43.94501,-86.27869,"PERE MARQUETTE RIVER AT SCOTTVILLE, MI",United States of America,1797.4376166945633,7060034520,2,2,train
camels_04127997,2921,88.84,camels,45.27446,-84.60003,"STURGEON RIVER AT WOLVERINE, MI",United States of America,503.0281902610567,7060034520,2,2,train
camels_04185000,2921,88.84,camels,41.5045,-84.42967,Tiffin River at Stryker OH,United States of America,1062.931226989935,7060034520,2,2,train
camels_04196800,2921,88.84,camels,40.92283,-83.34881,Tymochtee Creek at Crawford OH,United States of America,607.6359600190913,7060034520,2,2,train
camels_04197100,2920,88.81,camels,41.02228,-83.10964,Honey Creek at Melmore OH,United States of America,388.6662862378548,7060034520,2,2,train
camels_04197170,2921,88.84,camels,41.11367,-83.16825,Rock Creek at Tiffin OH,United States of America,95.91339724921868,7060034520,2,2,train
camels_04213000,2921,88.84,camels,41.927,-80.60397,Conneaut Creek at Conneaut OH,United States of America,465.42718678923023,7060034520,2,2,train
camels_04213075,2921,88.84,camels,41.992,-80.29117,"Brandy Run near Girard, PA",United States of America,11.927396118594029,7060034520,2,2,train
camels_04216418,2921,88.84,camels,42.86395,-78.28363,TONAWANDA CREEK AT ATTICA NY,United States of America,196.7166625702857,7060034520,2,2,train
camels_04221000,2921,88.84,camels,42.12229,-77.95722,GENESEE RIVER AT WELLSVILLE NY,United States of America,750.2245428988301,7060034520,2,2,train
camels_04224775,2921,88.84,camels,42.53562,-77.70416,CANASERAGA CREEK ABOVE DANSVILLE NY,United States of America,231.9866968503072,7060034520,2,2,train
camels_04256000,2921,88.84,camels,43.74729,-75.33435,INDEPENDENCE RIVER AT DONNATTSBURG NY,United States of America,237.6104619346117,7060034520,2,2,train
camels_04296000,2921,88.84,camels,44.86894,-72.2701,"BLACK RIVER AT COVENTRY, VT",United States of America,300.2797017437608,7060034520,2,2,train
camels_05056000,2921,88.84,camels,47.80555,-98.71622,"SHEYENNE RIVER NR WARWICK, ND",United States of America,5632.076778853513,7060022240,4,4,train
camels_05057000,2921,88.84,camels,47.43277,-98.0276,"SHEYENNE RIVER NR COOPERSTOWN, ND",United States of America,8113.276774169856,7060022240,4,4,train
camels_05057200,2921,88.84,camels,47.22916,-98.12482,"BALDHILL CREEK NR DAZEY, ND",United States of America,1895.4862619276416,7060022240,4,4,train
camels_05062500,2921,88.84,camels,47.26663,-96.24478,"WILD RICE RIVER AT TWIN VALLEY, MN",United States of America,2429.2948089687006,7060022240,4,4,train
camels_05087500,2808,85.4,camels,48.34109,-96.81812,"MIDDLE RIVER AT ARGYLE, MN",United States of America,719.013712542386,7060022240,4,4,train
camels_05120500,2681,81.54,camels,48.13834,-100.53986,"WINTERING RIVER NR KARLSRUHE, ND",United States of America,1724.2705065815317,7060022240,4,4,train
camels_05129115,2921,88.84,camels,48.26463,-92.56599,"VERMILION RIVER NR CRANE LAKE, MN",United States of America,2367.244942822665,7060022240,4,4,train
camels_05131500,2921,88.84,camels,48.39578,-93.54933,"LITTLE FORK RIVER AT LITTLEFORK, MN",United States of America,4331.032111372349,7060022240,4,4,train
camels_05291000,2921,88.84,camels,45.29163,-96.48756,"WHETSTONE RIVER NEAR BIG STONE CITY, SD",United States of America,1056.5065992820462,7060047060,0,0,test
camels_05362000,2921,88.84,camels,45.30803,-90.95652,"JUMP RIVER AT SHELDON, WI",United States of America,1490.6487538461022,7060047060,0,0,test
camels_05393500,2921,88.84,camels,45.44913,-89.97931,"SPIRIT RIVER AT SPIRIT FALLS, WI",United States of America,225.44705163970497,7060047060,0,0,test
camels_05399500,2921,88.84,camels,44.82191,-90.07958,"BIG EAU PLEINE RIVER AT STRATFORD, WI",United States of America,577.590964447684,7060047060,0,0,test
camels_05408000,2921,88.84,camels,43.57414,-90.64319,"KICKAPOO RIVER AT LA FARGE, WI",United States of America,688.797699288965,7060047060,0,0,test
camels_05412500,2921,88.84,camels,42.73999,-91.2618,"Turkey River at Garber, IA",United States of America,4019.3154365138057,7060047060,0,0,test
camels_05413500,2921,88.84,camels,42.72027,-90.81929,"GRANT RIVER AT BURTON, WI",United States of America,709.3452066920611,7060047060,0,0,test
camels_05414000,2921,88.84,camels,42.7311,-90.64041,"PLATTE RIVER NEAR ROCKVILLE, WI",United States of America,368.0369751790782,7060047060,0,0,test
camels_05444000,2921,88.84,camels,41.90281,-89.69622,"ELKHORN CREEK NEAR PENROSE, IL",United States of America,376.60071293338245,7060047060,0,0,test
camels_05454000,2921,88.84,camels,41.70002,-91.48767,"Rapid Creek near Iowa City, IA",United States of America,68.37554441516757,7060047060,0,0,test
camels_05458000,2921,88.84,camels,43.03328,-92.50354,"Little Cedar River near Ionia, IA",United States of America,782.2269217795051,7060047060,0,0,test
camels_05466500,2921,88.84,camels,41.18698,-90.96737,"EDWARDS RIVER NEAR NEW BOSTON, IL",United States of America,1162.4576036129297,7060047060,0,0,test
camels_05487980,2921,88.84,camels,41.24688,-93.26607,"White Breast Creek near Dallas, IA",United States of America,876.8676233514409,7060047060,0,0,test
camels_05488200,2912,88.56,camels,41.30055,-93.04548,"English Creek near Knoxville, IA",United States of America,234.5608830056997,7060047060,0,0,test
camels_05489000,2921,88.84,camels,41.219,-92.90853,"Cedar Creek near Bussey, IA",United States of America,973.8712396827482,7060047060,0,0,test
camels_05495000,2907,88.41,camels,40.39241,-91.59788,"Fox River at Wayland, MO",United States of America,1028.251668334755,7060047060,0,0,test
camels_05495500,2920,88.81,camels,40.14282,-91.33737,"BEAR CREEK NEAR MARCELLINE, IL",United States of America,885.3772514763559,7060047060,0,0,test
camels_05501000,2921,88.84,camels,39.81799,-91.5177,"North River at Palmyra, MO",United States of America,928.6767786703026,7060047060,0,0,test
camels_05503800,2812,85.52,camels,39.58483,-91.99349,"Crooked Creek near Paris, MO",United States of America,212.50087859082967,7060047060,0,0,test
camels_05507600,2814,85.58,camels,39.43143,-91.67627,"Lick Creek at Perry, MO",United States of America,275.727644174289,7060047060,0,0,test
camels_05508805,2921,88.84,camels,39.52046,-91.34275,"Spencer Cr. bl Plum Cr. nr Frankford, MO",United States of America,536.1008000324307,7060047060,0,0,test
camels_05514500,2921,88.84,camels,39.0088,-90.97754,"CUIVRE RIVER NEAR TROY, MO",United States of America,2408.2878039421853,7060047060,0,0,test
camels_05525500,2921,88.84,camels,40.63004,-87.72392,"SUGAR CREEK AT MILFORD, IL",United States of America,1156.4274109515293,7060047060,0,0,test
camels_05556500,2921,88.84,camels,41.36587,-89.49843,"BIG BUREAU CREEK AT PRINCETON, IL",United States of America,506.2491490517461,7060047060,0,0,test
camels_05584500,2921,88.84,camels,40.33032,-90.89624,"LA MOINE RIVER AT COLMAR, IL",United States of America,1708.911306912969,7060047060,0,0,test
camels_05585000,2921,88.84,camels,40.02477,-90.63179,"LA MOINE RIVER AT RIPLEY, IL",United States of America,3366.207541069375,7060047060,0,0,test
camels_05591550,2687,81.72,camels,39.5067,-88.52756,"WHITLEY CREEK NEAR ALLENVILLE, IL",United States of America,97.09021190457536,7060047060,0,0,test
camels_05592050,2921,88.84,camels,39.40587,-88.89646,"ROBINSON CREEK NEAR SHELBYVILLE, IL",United States of America,260.37463493829057,7060047060,0,0,test
camels_05592575,2719,82.69,camels,38.93699,-88.95284,"HICKORY CREEK NEAR BROWNSTOWN, IL",United States of America,116.27702920157768,7060047060,0,0,test
camels_05593575,2921,88.84,camels,38.44172,-89.41675,"LITTLE CROOKED CREEK NEAR NEW MINDEN, IL",United States of America,220.60017073506887,7060047060,0,0,test
camels_05593900,2913,88.59,camels,39.14894,-89.35231,"EAST FORK SHOAL CREEK NEAR COFFEEN, IL",United States of America,145.66989757513755,7060047060,0,0,test
camels_05595730,2921,88.84,camels,38.25394,-89.03979,"RAYSE CREEK NEAR WALTONVILLE, IL",United States of America,233.030773025948,7060047060,0,0,test
camels_06037500,2921,88.84,camels,44.65687,-111.06827,Madison River near West Yellowstone MT,United States of America,1125.1211688378403,7060047060,0,0,test
camels_06043500,2921,88.84,camels,45.49743,-111.27051,Gallatin River near Gallatin Gateway MT,United States of America,2116.029689893054,7060047060,0,0,test
camels_06188000,2921,88.84,camels,44.92772,-110.39381,"LAMAR RIVER NR TOWER FALLS RANGER STATION, YNP",United States of America,1726.6558786596588,7060047060,0,0,test
camels_06191500,2921,88.84,camels,45.11188,-110.79438,Yellowstone River at Corwin Springs MT,United States of America,6793.097713186935,7060047060,0,0,test
camels_06221400,2921,88.84,camels,43.34551,-109.41014,"DINWOODY CREEK ABOVE LAKES, NEAR BURRIS, WYO.",United States of America,231.46101170566303,7060047060,0,0,test
camels_06224000,2921,88.84,camels,43.1769,-109.20291,"BULL LAKE CREEK ABOVE BULL LAKE, WY",United States of America,484.7675348183698,7060047060,0,0,test
camels_06289000,2921,88.84,camels,45.00691,-107.61509,Little Bighorn River at State Line nr Wyola MT,United States of America,471.1037957693612,7060047060,0,0,test
camels_06332515,2921,88.84,camels,47.78724,-102.76853,"BEAR DEN CREEK NR MANDAREE, ND",United States of America,191.17437457776285,7060047060,0,0,test
camels_06339100,2921,88.84,camels,47.23613,-102.76991,"KNIFE RIVER AT MANNING, ND",United States of America,528.2812277528319,7060047060,0,0,test
camels_06339500,2921,88.84,camels,47.15445,-102.05989,"KNIFE RIVER NR GOLDEN VALLEY, ND",United States of America,3153.063153377629,7060047060,0,0,test
camels_06344600,2864,87.1,camels,47.02779,-103.05324,"GREEN RIVER NR NEW HRADEC, ND",United States of America,407.8884601322196,7060047060,0,0,test
camels_06350000,2921,88.84,camels,46.42667,-102.55183,"CANNONBALL RIVER AT REGENT, ND",United States of America,1502.923592036562,7060047060,0,0,test
camels_06352000,2921,88.84,camels,46.15417,-102.47405,"CEDAR CREEK NR HAYNES, ND",United States of America,1439.3396849192304,7060047060,0,0,test
camels_06353000,2921,88.84,camels,46.09167,-101.33374,"CEDAR CREEK NR RALEIGH, ND",United States of America,4593.526217606494,7060047060,0,0,test
camels_06354000,2921,88.84,camels,46.37611,-100.93444,"CANNONBALL RIVER AT BREIEN, ND",United States of America,10600.22410691772,7060047060,0,0,test
camels_06360500,2921,88.84,camels,45.25582,-100.84292,MOREAU R NEAR WHITEHORSE SD,United States of America,12572.50969465809,7060047060,0,0,test
camels_06404000,2921,88.84,camels,43.87249,-103.33658,BATTLE CR NEAR KEYSTONE SD,United States of America,151.4998288627278,7060047060,0,0,test
camels_06406000,2921,88.84,camels,43.82805,-103.19602,BATTLE CR AT HERMOSA SD,United States of America,436.5894959739151,7060047060,0,0,test
camels_06409000,2921,88.84,camels,44.01359,-103.83048,CASTLE CR ABOVE DEERFIELD RES NEAR HILL CITY SD,United States of America,208.99203752515427,7060047060,0,0,test
camels_06431500,2921,88.84,camels,44.48248,-103.86159,SPEARFISH CR AT SPEARFISH SD,United States of America,427.1325192337945,7060047060,0,0,test
camels_06440200,2921,88.84,camels,43.96888,-101.76709,"SOUTH FORK BAD R NEAR COTTONWOOD,SD",United States of America,653.8653782095386,7060047060,0,0,test
camels_06441500,2921,88.84,camels,44.32665,-100.3843,BAD R NEAR FORT PIERRE SD,United States of America,8127.440649232418,7060047060,0,0,test
camels_06447000,2921,88.84,camels,43.7525,-101.52487,WHITE R NEAR KADOKA SD,United States of America,12845.193533190592,7060047060,0,0,test
camels_06447500,2921,88.84,camels,43.16667,-101.63015,LITTLE WHITE R NEAR MARTIN SD,United States of America,791.5409648296455,7060047060,0,0,test
camels_06450500,2921,88.84,camels,43.60139,-100.74986,LITTLE WHITE R BELOW WHITE RIVER SD,United States of America,4066.695873419269,7060047060,0,0,test
camels_06452000,2921,88.84,camels,43.74833,-99.55649,WHITE R NEAR OACOMA SD,United States of America,25768.954367292827,7060047060,0,0,test
camels_06453600,2921,88.84,camels,42.81099,-98.17586,"PONCA CREEK AT VERDEL, NEBR.",United States of America,2101.131689061376,7060047060,0,0,test
camels_06464500,2921,88.84,camels,43.02889,-99.78067,KEYA PAHA R AT WEWELA SD,United States of America,2918.7962087458063,7060047060,0,0,test
camels_06468170,2649,80.57,camels,47.55805,-98.86289,"JAMES RIVER NR GRACE CITY, ND",United States of America,2825.504735900212,7060047060,0,0,test
camels_06468250,2658,80.84,camels,47.39972,-98.79761,"JAMES RIVER ABOVE ARROWWOOD LAKE NR KENSAL, ND",United States of America,3238.626663279287,7060047060,0,0,test
camels_06470800,2921,88.84,camels,46.22524,-98.07177,"BEAR CREEK NR OAKES, ND",United States of America,993.2871583802814,7060047060,0,0,test
camels_06477500,2921,88.84,camels,43.7764,-98.24567,FIRESTEEL CR NEAR MOUNT VERNON SD,United States of America,1530.6863708064598,7060047060,0,0,test
camels_06479215,2921,88.84,camels,45.1808,-97.18619,BIG SIOUX RIVER NR FLORENCE SD,United States of America,177.68657105183965,7060047060,0,0,test
camels_06479438,2921,88.84,camels,45.00608,-97.16508,BIG SIOUX R NEAR WATERTOWN SD,United States of America,796.8317683411167,7060047060,0,0,test
camels_06601000,2921,88.84,camels,42.32158,-96.48768,"OMAHA CR AT HOMER, NEBR",United States of America,452.3821281274072,7060047060,0,0,test
camels_06614800,2921,88.84,camels,40.49609,-105.86501,"MICHIGAN RIVER NEAR CAMERON PASS, CO.",United States of America,4.1976216829595,7060047060,0,0,test
camels_06622700,2921,88.84,camels,41.37024,-106.52058,"NORTH BRUSH CREEK NEAR SARATOGA, WY",United States of America,101.48723655616548,7060047060,0,0,test
camels_06623800,2921,88.84,camels,41.02358,-106.82477,"ENCAMPMENT RIVER AB HOG PARK CR, NR ENCAMPMENT, WY",United States of America,188.6691930600108,7060047060,0,0,test
camels_06632400,2921,88.84,camels,41.58525,-106.22279,"ROCK CREEK AB KING CANYON CANAL, NR ARLINGTON, WY",United States of America,164.87041067665697,7060047060,0,0,test
camels_06746095,2846,86.56,camels,40.53998,-105.88279,"JOE WRIGHT CREEK ABOVE JOE WRIGHT RESERVOIR, CO.",United States of America,9.264153457459916,7060047060,0,0,test
camels_06784000,2921,88.84,camels,41.03244,-98.74053,"SOUTH LOUP R AT ST. MICHAEL, NEBR.",United States of America,6377.916547052081,7060047060,0,0,test
camels_06803510,2921,88.84,camels,40.89311,-96.68155,"LITTLE SALT CREEK NEAR LINCOLN, NEBR.",United States of America,118.23549278538776,7060047060,0,0,test
camels_06803530,2921,88.84,camels,41.0157,-96.54428,"ROCK CREEK NEAR CERESCO, NEBR.",United States of America,309.21704773944725,7060047060,0,0,test
camels_06814000,2921,88.84,camels,39.94778,-96.10862,"TURKEY C NR SENECA, KS",United States of America,716.8832451245277,7060047060,0,0,test
camels_06847900,2921,88.84,camels,39.76985,-100.10078,"PRAIRIE DOG C AB KEITH SEBELIUS LAKE, KS",United States of America,1537.6970215930153,7060047060,0,0,test
camels_06853800,2921,88.84,camels,39.89925,-98.25043,"WHITE ROCK C NR BURR OAK, KS",United States of America,596.9457386803155,7060047060,0,0,test
camels_06876700,2921,88.84,camels,39.13907,-97.83696,"SALT C NR ADA, KS",United States of America,1053.0480075651135,7060047060,0,0,test
camels_06878000,2921,88.84,camels,39.03111,-97.04029,"CHAPMAN C NR CHAPMAN, KS",United States of America,777.0421584475448,7060047060,0,0,test
camels_06885500,2921,88.84,camels,39.68192,-96.44289,"BLACK VERMILLION R NR FRANKFORT, KS",United States of America,1074.1454623222558,7060047060,0,0,test
camels_06888500,2921,88.84,camels,39.06265,-96.15025,"MILL C NR PAXICO, KS",United States of America,841.6203339804705,7060047060,0,0,test
camels_06889200,2921,88.84,camels,39.23833,-95.8886,"SOLDIER C NR DELIA, KS",United States of America,406.2903379867292,7060047060,0,0,test
camels_06889500,2921,88.84,camels,39.09938,-95.72495,"SOLDIER C NR TOPEKA, KS",United States of America,765.4109531425487,7060047060,0,0,test
camels_06892000,2921,88.84,camels,39.11633,-95.01088,"STRANGER C NR TONGANOXIE, KS",United States of America,1089.9689348884708,7060047060,0,0,test
camels_06903400,2902,88.26,camels,40.95189,-93.25985,"Chariton River near Chariton, IA",United States of America,482.5932269313126,7060047060,0,0,test
camels_06906800,2921,88.84,camels,38.70225,-92.97883,"Lamine River near Otterville, MO",United States of America,1410.6822536946124,7060047060,0,0,test
camels_06910800,2846,86.56,camels,38.56701,-95.96163,"MARAIS DES CYGNES R NR READING, KS",United States of America,444.433612913124,7060047060,0,0,test
camels_06911900,2921,88.84,camels,38.71069,-95.83603,"DRAGOON C NR BURLINGAME, KS",United States of America,290.8794107983461,7060047060,0,0,test
camels_06917000,2921,88.84,camels,38.01897,-94.71367,"L OSAGE R AT FULTON, KS",United States of America,766.8367616266628,7060047060,0,0,test
camels_06918460,2921,88.84,camels,37.40237,-93.80203,"Turnback Creek above Greenfield, MO",United States of America,650.8904124534805,7060047060,0,0,test
camels_06919500,2921,88.84,camels,37.8342,-93.87549,"Cedar Creek near Pleasant View, MO",United States of America,1068.6303709608906,7060047060,0,0,test
camels_06921070,2921,88.84,camels,37.68265,-93.37033,"Pomme de Terre River near Polk, MO",United States of America,716.7145614604523,7060047060,0,0,test
camels_06921200,2921,88.84,camels,37.75047,-93.26618,"Lindley Creek near Polk, MO",United States of America,328.44200263559185,7060047060,0,0,test
camels_06934000,2921,88.84,camels,38.38881,-91.81989,"Gasconade River near Rich Fountain, MO",United States of America,8263.539255495745,7060047060,0,0,test
camels_07014500,2921,88.84,camels,38.15853,-91.10846,"Meramec River near Sullivan, MO",United States of America,3849.49330185908,7060047060,0,0,test
camels_07056000,2910,88.5,camels,35.98318,-92.74755,"Buffalo River near St. Joe, AR",United States of America,2147.880466040701,7060047060,0,0,test
camels_07057500,2921,88.84,camels,36.62303,-92.24813,"North Fork River near Tecumseh, MO",United States of America,1455.9891586347292,7060047060,0,0,test
camels_07060710,2920,88.81,camels,35.99535,-92.21265,"North Sylamore Creek near Fifty Six, AR",United States of America,152.31806121800088,7060047060,0,0,test
camels_07066000,2921,88.84,camels,37.15408,-91.35816,"Jacks Fork at Eminence, MO",United States of America,1050.1927545839649,7060047060,0,0,test
camels_07067000,2921,88.84,camels,36.99138,-91.01351,"Current River at Van Buren, MO",United States of America,4341.013501964073,7060047060,0,0,test
camels_07068000,2921,88.84,camels,36.622,-90.84762,"Current River at Doniphan, MO",United States of America,5310.623460214859,7060047060,0,0,test
camels_07071500,2921,88.84,camels,36.64868,-91.20082,"Eleven Point River near Bardley, MO",United States of America,2029.1648724095503,7060047060,0,0,test
camels_07083000,2921,88.84,camels,39.17221,-106.38919,"HALFMOON CREEK NEAR MALTA, CO.",United States of America,66.15061775414951,7060047060,0,0,test
camels_07142300,2921,88.84,camels,37.87159,-98.87614,"RATTLESNAKE C NR MACKSVILLE, KS",United States of America,1922.9321493901127,7060047060,0,0,test
camels_07145700,2921,88.84,camels,37.24955,-97.4039,"SLATE C AT WELLINGTON, KS",United States of America,400.5109527487938,7060047060,0,0,test
camels_07148400,2921,88.84,camels,36.81503,-98.64814,"Salt Fork Arkansas River nr Alva, OK",United States of America,2558.930491282369,7060047060,0,0,test
camels_07149000,2921,88.84,camels,37.0392,-98.47021,"MEDICINE LODGE R NR KIOWA, KS",United States of America,2262.9102890213985,7060047060,0,0,test
camels_07151500,2921,88.84,camels,37.12891,-97.60144,"CHIKASKIA R NR CORBIN, KS",United States of America,2110.835971091181,7060047060,0,0,test
camels_07167500,2921,88.84,camels,37.70821,-96.2236,"OTTER C AT CLIMAX, KS",United States of America,321.1968316260525,7060047060,0,0,test
camels_07180500,2873,87.38,camels,38.19645,-96.82458,"CEDAR C NR CEDAR POINT, KS",United States of America,275.6516538834632,7060047060,0,0,test
camels_07184000,2921,88.84,camels,37.28125,-95.03267,"LIGHTNING C NR MCCUNE, KS",United States of America,514.6384221750807,7060047060,0,0,test
camels_07195800,2921,88.84,camels,36.25548,-94.43394,"Flint Creek at Springtown, AR",United States of America,38.50046041727073,7060047060,0,0,test
camels_07196900,2920,88.81,camels,35.88008,-94.48661,"Baron Fork at Dutch Mills, AR",United States of America,106.40600124830632,7060047060,0,0,test
camels_07197000,2921,88.84,camels,35.9212,-94.83856,"Baron Fork at Eldon, OK",United States of America,806.9572380374129,7060047060,0,0,test
camels_07208500,2916,88.69,camels,36.37226,-104.97,"RAYADO CREEK NEAR CIMARRON, NM",United States of America,159.5786689692328,7060047060,0,0,test
camels_07226500,2921,88.84,camels,35.43838,-103.52579,"UTE CREEK NEAR LOGAN, NM",United States of America,5244.546096249891,7060047060,0,0,test
camels_07261000,2919,88.78,camels,35.2988,-92.40393,"Cadron Creek near Guy, AR",United States of America,455.8386415010002,7060047060,0,0,test
camels_07291000,2916,88.69,camels,31.50306,-90.7775,"HOMOCHITTO RIVER AT EDDICETON, MS",United States of America,482.7161016569029,7060047060,0,0,test
camels_07292500,2921,88.84,camels,31.32472,-91.10944,"HOMOCHITTO RIVER AT ROSETTA, MS",United States of America,2079.012330528481,7060047060,0,0,test
camels_07295000,2921,88.84,camels,31.22694,-91.29556,"BUFFALO RIVER NR WOODVILLE, MS",United States of America,467.0684032100781,7060047060,0,0,test
camels_07299670,2921,88.84,camels,34.35452,-99.74037,"Groesbeck Ck at SH 6 nr Quanah, TX",United States of America,831.2124350834389,7060047060,0,0,test
camels_07301410,2921,88.84,camels,35.4731,-100.12095,"Sweetwater Ck nr Kelton, TX",United States of America,773.8047301943725,7060047060,0,0,test
camels_07301500,2921,88.84,camels,35.16811,-99.50731,"North Fork Red River near Carter, OK",United States of America,6885.4859610966805,7060047060,0,0,test
camels_07315200,2921,88.84,camels,33.81288,-98.08504,"E Fk Little Wichita Rv nr Henrietta, TX",United States of America,502.8989495959572,7060047060,0,0,test
camels_07315700,2921,88.84,camels,34.00426,-97.56697,"Mud Creek near Courtney, OK",United States of America,1491.5814940289808,7060047060,0,0,test
camels_07335700,2798,85.1,camels,34.63844,-94.61272,"Kiamichi River near Big Cedar, OK",United States of America,104.3022839165455,7060047060,0,0,test
camels_07340300,2921,88.84,camels,34.37955,-94.23576,"Cossatot River near Vandervoort, AR",United States of America,252.04252069891072,7060047060,0,0,test
camels_07346045,2921,88.84,camels,32.77792,-94.35742,"Black Cypress Bayou at Jefferson, TX",United States of America,963.1026436977688,7060047060,0,0,test
camels_07359610,2921,88.84,camels,34.38278,-93.60611,"Caddo River near Caddo Gap, AR",United States of America,343.2741366648468,7060047060,0,0,test
camels_07362100,2921,88.84,camels,33.37596,-92.77711,"SMACKOVER CREEK NEAR SMACKOVER, ARK.",United States of America,997.0868467208634,7060047060,0,0,test
camels_07373000,2921,88.84,camels,31.53629,-92.40847,"Big Creek at Pollock, LA",United States of America,134.2120086756048,7060047060,0,0,test
camels_07376000,2921,88.84,camels,30.5038,-90.67732,"Tickfaw River at Holden, LA",United States of America,650.6275416175478,7060046900,4,4,train
camels_08013000,2921,88.84,camels,30.99602,-92.67375,"CALCASIEU RIVER NR GLENMORA, LA",United States of America,1301.395144599027,7060047800,1,1,val
camels_08014500,2921,88.84,camels,30.69875,-92.89319,"Whiskey Chitto Creek Near Oberlin, LA",United States of America,1326.7566140218812,7060047800,1,1,val
camels_08023080,2921,88.84,camels,31.97933,-93.93408,"Bayou Grand Cane near Stanley, LA",United States of America,199.1322207665402,7060047850,2,2,train
camels_08025500,2920,88.81,camels,31.30713,-93.51573,"Bayou Toro near Toro, LA",United States of America,382.8344888809606,7060047850,2,2,train
camels_08029500,2921,88.84,camels,30.81889,-93.78556,"Big Cow Ck nr Newton, TX",United States of America,384.6247720479396,7060047850,2,2,train
camels_08066200,2921,88.84,camels,30.71631,-94.95882,"Long King Ck at Livingston, TX",United States of America,374.9915979557844,7060047970,1,1,val
camels_08066300,2921,88.84,camels,30.48139,-94.77972,"Menard Ck nr Rye, TX",United States of America,391.2147425012066,7060047970,1,1,val
camels_08070000,2921,88.84,camels,30.3366,-95.1041,"E Fk San Jacinto Rv nr Cleveland, TX",United States of America,845.7441045422865,7060047980,2,2,train
camels_08070200,2818,85.71,camels,30.14549,-95.12438,"E Fk San Jacinto Rv nr New Caney, TX",United States of America,1007.1655739530818,7060047980,2,2,train
camels_08082700,2921,88.84,camels,33.32927,-99.46508,"Millers Ck nr Munday, TX",United States of America,277.0826899678454,7060048300,1,1,val
camels_08086212,2921,88.84,camels,32.7329,-99.14063,"Hubbard Ck bl Albany, TX",United States of America,1590.976157512732,7060048300,1,1,val
camels_08101000,2921,88.84,camels,31.28489,-97.88502,"Cowhouse Ck at Pidcoke, TX",United States of America,1185.9091790430375,7060048300,1,1,val
camels_08104900,2921,88.84,camels,30.62575,-97.69112,"S Fk San Gabriel Rv at Georgetown, TX",United States of America,348.1548946661287,7060048300,1,1,val
camels_08109700,2921,88.84,camels,30.33938,-96.9047,"Middle Yegua Ck nr Dime Box, TX",United States of America,622.3258110169065,7060048300,1,1,val
camels_08150800,2921,88.84,camels,30.64352,-99.09588,"Beaver Ck nr Mason, TX",United States of America,562.5508793988581,7060048410,1,1,val
camels_08155200,2921,88.84,camels,30.29632,-97.92557,"Barton Ck at SH 71 nr Oak Hill, TX",United States of America,241.93001039249145,7060048410,1,1,val
camels_08158700,2921,88.84,camels,30.08299,-98.00779,"Onion Ck nr Driftwood, TX",United States of America,321.8507075897415,7060048410,1,1,val
camels_08164000,2921,88.84,camels,28.95998,-96.68637,"Lavaca Rv nr Edna, TX",United States of America,2123.7987564920427,7060048480,2,2,train
camels_08164300,2921,88.84,camels,29.46691,-96.81276,"Navidad Rv nr Hallettsville, TX",United States of America,866.4125320209732,7060048480,2,2,train
camels_08165300,2921,88.84,camels,30.0641,-99.38699,"N Fk Guadalupe Rv nr Hunt, TX",United States of America,440.3346038610135,7060048620,4,4,train
camels_08171300,2921,88.84,camels,29.97938,-97.91,"Blanco Rv nr Kyle, TX",United States of America,1074.8759378502668,7060048620,4,4,train
camels_08175000,2921,88.84,camels,29.21525,-97.44943,"Sandies Ck nr Westhoff, TX",United States of America,1427.336029237052,7060048620,4,4,train
camels_08176900,2921,88.84,camels,28.86165,-97.22638,"Coleto Ck at Arnold Rd nr Schroeder, TX",United States of America,926.4485413845564,7060048620,4,4,train
camels_08178880,2921,88.84,camels,29.72384,-99.07004,"Medina Rv at Bandera, TX",United States of America,852.3237900464118,7060048620,4,4,train
camels_08189500,2921,88.84,camels,28.29195,-97.27916,"Mission Rv at Refugio, TX",United States of America,1818.869991435913,7060048630,1,1,val
camels_08190000,2921,88.84,camels,29.42857,-99.99729,"Nueces Rv at Laguna, TX",United States of America,1925.678689982008,7060048860,1,1,val
camels_08190500,2921,88.84,camels,29.47273,-100.23646,"W Nueces Rv nr Brackettville, TX",United States of America,1802.5546016042388,7060048860,1,1,val
camels_08195000,2921,88.84,camels,29.48857,-99.70478,"Frio Rv at Concan, TX",United States of America,1011.459333789404,7060048860,1,1,val
camels_08196000,2921,88.84,camels,29.50468,-99.78145,"Dry Frio Rv nr Reagan Wells, TX",United States of America,344.5991306925321,7060048860,1,1,val
camels_08198500,2921,88.84,camels,29.31431,-99.48047,"Sabinal Rv at Sabinal, TX",United States of America,641.1627744419507,7060048860,1,1,val
camels_08200000,2921,88.84,camels,29.56967,-99.24671,"Hondo Ck nr Tarpley, TX",United States of America,249.57775018500493,7060048860,1,1,val
camels_08202700,2921,88.84,camels,29.37079,-99.28782,"Seco Ck at Rowe Ranch nr D'Hanis, TX",United States of America,431.3406064548799,7060048860,1,1,val
camels_08267500,2918,88.75,camels,36.54169,-105.5564,"RIO HONDO NEAR VALDEZ, NM",United States of America,96.56195588413406,7060049270,4,4,train
camels_08269000,2921,88.84,camels,36.43947,-105.50362,"RIO PUEBLO DE TAOS NEAR TAOS, NM",United States of America,163.21246669364422,7060049270,4,4,train
camels_08271000,2921,88.84,camels,36.50836,-105.53084,"RIO LUCERO NEAR ARROYO SECO, NM",United States of America,46.40015143212967,7060049270,4,4,train
camels_08377900,2921,88.84,camels,35.77725,-105.65807,"RIO MORA NEAR TERRERO, NM",United States of America,138.90661392229873,7060049270,4,4,train
camels_08378500,2921,88.84,camels,35.70837,-105.68252,"PECOS RIVER NEAR PECOS, NM",United States of America,444.8775648786793,7060049270,4,4,train
camels_08380500,2921,88.84,camels,35.65199,-105.3189,"GALLINAS CREEK NEAR MONTEZUMA, NM",United States of America,199.53802870682645,7060049270,4,4,train
camels_09034900,2921,88.84,camels,39.76026,-105.9064,"BOBTAIL CREEK NEAR JONES PASS, CO.",United States of America,21.27516314882441,7060008710,4,4,train
camels_09035900,2920,88.81,camels,39.79582,-106.03057,"SOUTH FORK OF WILLIAMS FORK NEAR LEAL, CO.",United States of America,71.53850747418193,7060008710,4,4,train
camels_09047700,2921,88.84,camels,39.59443,-105.97252,"KEYSTONE GULCH NEAR DILLON, CO.",United States of America,24.5613620680346,7060008710,4,4,train
camels_09065500,2921,88.84,camels,39.62582,-106.27808,"GORE CREEK AT UPPER STATION, NEAR MINTURN, CO.",United States of America,37.69615677322368,7060008710,4,4,train
camels_09066000,2921,88.84,camels,39.59638,-106.26503,"BLACK GORE CREEK NEAR MINTURN, CO.",United States of America,32.5053689055302,7060008710,4,4,train
camels_09066200,2921,88.84,camels,39.64832,-106.32308,"BOOTH CREEK NEAR MINTURN, CO.",United States of America,16.01976193075291,7060008710,4,4,train
camels_09066300,2921,88.84,camels,39.64582,-106.38225,"MIDDLE CREEK NEAR MINTURN, CO.",United States of America,15.874685222735115,7060008710,4,4,train
camels_09081600,2921,88.84,camels,39.23221,-107.22727,"CRYSTAL RIVER AB AVALANCHE C, NEAR REDSTONE, CO.",United States of America,436.4326928353421,7060008710,4,4,train
camels_09107000,2921,88.84,camels,38.86027,-106.5667,"TAYLOR RIVER AT TAYLOR PARK, CO.",United States of America,331.73832261015474,7060008710,4,4,train
camels_09210500,2921,88.84,camels,42.09605,-110.41656,"FONTENELLE C NR HERSCHLER RANCH, NR FONTENELLE, WY",United States of America,397.4527271554025,7060008710,4,4,train
camels_09223000,2921,88.84,camels,42.11049,-110.70962,"HAMS FORK BELOW POLE CREEK, NEAR FRONTIER, WY",United States of America,333.7724046032455,7060008710,4,4,train
camels_09306242,2921,88.84,camels,39.92025,-108.47287,"CORRAL GULCH NEAR RANGELY, CO.",United States of America,87.27241115016555,7060008710,4,4,train
camels_09312600,2701,82.15,camels,39.87579,-111.03739,"WHITE RIVER BL TABBYUNE C NEAR SOLDIER SUMMIT, UT",United States of America,198.3808773348321,7060008710,4,4,train
camels_09352900,2921,88.84,camels,37.4775,-107.54367,"VALLECITO CREEK NEAR BAYFIELD, CO.",United States of America,187.84101618977743,7060008710,4,4,train
camels_09386900,2921,88.84,camels,35.28253,-108.55341,"RIO NUTRIA NEAR RAMAH, NM",United States of America,186.25024649673296,7060008710,4,4,train
camels_09404450,2921,88.84,camels,37.33943,-112.60438,"EAST FORK VIRGIN RIVER NEAR GLENDALE, UT",United States of America,195.62651407251943,7060008710,4,4,train
camels_09430600,2921,88.84,camels,33.16673,-108.64978,"MOGOLLON CREEK NEAR CLIFF, NM",United States of America,190.857795928246,7060008710,4,4,train
camels_09447800,2921,88.84,camels,32.95562,-109.53119,"BONITA CREEK NEAR MORENCI, AZ.",United States of America,777.4951266698906,7060008710,4,4,train
camels_09484600,2921,88.84,camels,32.03591,-110.67758,"PANTANO WASH NEAR VAIL, AZ.",United States of America,1241.0493726860293,7060008710,4,4,train
camels_09492400,2921,88.84,camels,33.82227,-109.81454,"EAST FORK WHITE RIVER NEAR FORT APACHE, AZ.",United States of America,120.3687956266946,7060008710,4,4,train
camels_09494000,2921,88.84,camels,33.73644,-110.16677,"WHITE RIVER NEAR FORT APACHE, AZ.",United States of America,1628.5209302104463,7060008710,4,4,train
camels_09497800,2921,88.84,camels,33.84311,-110.55761,"CIBECUE CREEK NEAR CHYSOTILE, AZ.",United States of America,752.2561878877874,7060008710,4,4,train
camels_09497980,2921,88.84,camels,33.82783,-110.85623,"CHERRY CREEK NEAR GLOBE, AZ.",United States of America,516.9151591117195,7060008710,4,4,train
camels_09505200,2921,88.84,camels,34.67474,-111.67209,"WET BEAVER CREEK NEAR RIMROCK, AZ.",United States of America,287.49312669101687,7060008710,4,4,train
camels_09505350,2921,88.84,camels,34.72863,-111.77571,"DRY BEAVER CREEK NEAR RIMROCK, AZ.",United States of America,370.08030664909626,7060008710,4,4,train
camels_09505800,2921,88.84,camels,34.53864,-111.69404,"WEST CLEAR CREEK NEAR CAMP VERDE, AZ.",United States of America,625.077280084306,7060008710,4,4,train
camels_09510200,2921,88.84,camels,33.69421,-111.5418,"SYCAMORE CREEK NEAR FORT MCDOWELL, AZ.",United States of America,428.3841651310508,7060008710,4,4,train
camels_09513780,2921,88.84,camels,33.9742,-112.09905,"NEW RIVER NEAR ROCK SPRINGS, AZ.",United States of America,191.29400661183288,7060008710,4,4,train
camels_10023000,2921,88.84,camels,41.60994,-111.25409,"BIG CREEK NEAR RANDOLPH, UT",United States of America,147.02417246883337,7060073620,3,3,train
camels_10166430,2636,80.17,camels,40.40523,-112.1005,"WEST CANYON CREEK NEAR CEDAR FORT, UT",United States of America,2531.640989084257,7060073620,3,3,train
camels_10172700,2919,88.78,camels,39.97939,-112.38023,"VERNON CREEK NEAR VERNON, UT",United States of America,259.6447611397098,7060073620,3,3,train
camels_10172800,2921,88.84,camels,40.49633,-112.5744,"SOUTH WILLOW CREEK NEAR GRANTSVILLE, UT",United States of America,76.4764059434384,7060073620,3,3,train
camels_10173450,2921,88.84,camels,37.62276,-112.51688,"MAMMOTH CREEK ABV WEST HATCH DITCH, NEAR HATCH, UT",United States of America,281.46157853010834,7060073650,2,2,train
camels_10205030,2921,88.84,camels,38.91191,-111.53047,"SALINA CREEK NEAR EMERY, UT",United States of America,150.60570039964122,7060073650,2,2,train
camels_10234500,2921,88.84,camels,38.28053,-112.56827,"BEAVER RIVER NEAR BEAVER, UT",United States of America,238.52112653264123,7060073650,2,2,train
camels_10242000,2921,88.84,camels,37.6722,-113.03467,"COAL CREEK NEAR CEDAR CITY, UT",United States of America,1902.1845784893007,7060073650,2,2,train
camels_10244950,2921,88.84,camels,39.20154,-114.68916,"STEPTOE C NR ELY, NV",United States of America,29.10068339355269,7060073870,3,3,train
camels_10249300,2921,88.84,camels,38.88743,-117.24537,"S TWIN R NR ROUND MOUNTAIN, NV",United States of America,608.2103783454417,7060074340,1,1,val
camels_10258500,2921,88.84,camels,33.74502,-116.53557,PALM CYN C NR PALM SPRINGS CA,United States of America,285.7179179305189,7060008710,4,4,train
camels_10259000,2921,88.84,camels,33.76002,-116.55002,ANDREAS C NR PALM SPRINGS CA,United States of America,23.90782926220983,7060008710,4,4,train
camels_10263500,2921,88.84,camels,34.42083,-117.83951,BIG ROCK C NR VALYERMO CA,United States of America,310.1642654238059,7060074330,2,2,train
camels_10310500,2921,88.84,camels,39.11324,-119.79824,"CLEAR CREEK NEAR CARSON CITY, NV",United States of America,47.74100890472516,7060073630,4,4,train
camels_10316500,2921,88.84,camels,40.69076,-115.477,"LAMOILLE C NR LAMOILLE, NV",United States of America,90.83571453833687,7060073630,4,4,train
camels_10329500,2921,88.84,camels,41.53462,-117.41791,"MARTIN C NR PARADISE VALLEY, NV",United States of America,513.3336533187937,7060073630,4,4,train
camels_10336645,2921,88.84,camels,39.05185,-120.11852,GENERAL C NR MEEKS BAY CA,United States of America,20.237779215551967,7060073920,2,2,train
camels_10336660,2921,88.84,camels,39.10741,-120.16214,BLACKWOOD C NR TAHOE CITY CA,United States of America,32.37565767870588,7060073920,2,2,train
camels_10343500,2921,88.84,camels,39.43157,-120.23798,SAGEHEN C NR TRUCKEE CA,United States of America,27.27549500718668,7060073920,2,2,train
camels_10396000,2921,88.84,camels,42.79083,-118.8675,DONNER UND BLITZEN RIVER NR FRENCHGLEN OR,United States of America,967.2953125459626,7060073780,3,3,train
camels_11098000,2810,85.46,camels,34.22223,-118.17757,ARROYO SECO NR PASADENA CA,United States of America,46.58803795408313,7060012600,1,1,val
camels_11124500,2921,88.84,camels,34.59666,-119.90875,SANTA CRUZ C NR SANTA YNEZ CA,United States of America,192.4727979257493,7060012600,1,1,val
camels_11141280,2921,88.84,camels,35.23553,-120.47239,LOPEZ C NR ARROYO GRANDE CA,United States of America,56.16972005115561,7060012960,2,2,train
camels_11143000,2921,88.84,camels,36.2458,-121.77329,BIG SUR R NR BIG SUR CA,United States of America,121.1055627257252,7060012960,2,2,train
camels_11151300,2921,88.84,camels,36.26802,-121.0663,SAN LORENZO C BL BITTERWATER C NR KING CITY CA,United States of America,648.170558878491,7060013170,4,4,train
camels_11162500,2921,88.84,camels,37.26078,-122.32886,PESCADERO C NR PESCADERO CA,United States of America,119.21332251893848,7060013180,4,4,train
camels_11176400,2921,88.84,camels,37.56132,-121.68384,ARROYO VALLE BL LANG CN NR LIVERMORE CA,United States of America,336.3876108832146,7060013180,4,4,train
camels_11230500,2921,88.84,camels,37.33939,-118.97345,BEAR C NR LAKE THOMAS A EDISON CA,United States of America,142.26120313085983,7060013550,3,3,train
camels_11237500,2921,88.84,camels,37.19856,-119.21373,PITMAN C BL TAMARACK C CA,United States of America,65.02102201337435,7060013550,3,3,train
camels_11253310,2921,88.84,camels,36.40217,-120.43349,CANTUA C NR CANTUA CREEK CA,United States of America,235.8510257756705,7060013550,3,3,train
camels_11264500,2921,88.84,camels,37.73159,-119.55877,MERCED R A HAPPY ISLES BRIDGE NR YOSEMITE CA,United States of America,471.72666423834727,7060013550,3,3,train
camels_11266500,2921,88.84,camels,37.71687,-119.66628,MERCED R A POHONO BRIDGE NR YOSEMITE CA,United States of America,835.6163664874763,7060013550,3,3,train
camels_11274500,2921,88.84,camels,37.31549,-121.12521,ORESTIMBA C NR NEWMAN CA,United States of America,529.8478030982178,7060013550,3,3,train
camels_11381500,2921,88.84,camels,40.0546,-122.02415,MILL C NR LOS MOLINOS CA,United States of America,340.4872487052314,7060013550,3,3,train
camels_11383500,2921,88.84,camels,40.01405,-121.94832,DEER C NR VINA CA,United States of America,633.4386859520732,7060013550,3,3,train
camels_11451100,2769,84.22,camels,39.16545,-122.61999,NF CACHE C A HOUGH SPRING NR CLEARLAKE OAKS CA,United States of America,155.05678176368886,7060013550,3,3,train
camels_11468500,2921,88.84,camels,39.42822,-123.73779,NOYO R NR FORT BRAGG CA,United States of America,273.2986618497243,7060013560,2,2,train
camels_11473900,2921,88.84,camels,39.70627,-123.32529,MF EEL R NR DOS RIOS CA,United States of America,1928.7456711928808,7060014040,4,4,train
camels_11475560,2921,88.84,camels,39.7296,-123.64391,ELDER C NR BRANSCOMB CA,United States of America,16.90242029379387,7060014040,4,4,train
camels_11478500,2921,88.84,camels,40.48042,-123.89088,VAN DUZEN R NR BRIDGEVILLE CA,United States of America,574.2727878198435,7060014040,4,4,train
camels_11481200,2921,88.84,camels,41.01096,-124.08173,LITTLE R NR TRINIDAD CA,United States of America,106.62332235846613,7060014050,1,1,val
camels_11482500,2921,88.84,camels,41.29929,-124.05118,REDWOOD C A ORICK CA,United States of America,723.700970677594,7060014050,1,1,val
camels_11522500,2921,88.84,camels,41.37763,-123.47756,SALMON R A SOMES BAR CA,United States of America,1944.0552273721632,7060014200,1,1,val
camels_11523200,2921,88.84,camels,41.11126,-122.70558,TRINITY R AB COFFEE C NR TRINITY CTR CA,United States of America,384.56161859007176,7060014200,1,1,val
camels_11528700,2921,88.84,camels,40.64986,-123.4942,SF TRINITY R BL HYAMPOM CA,United States of America,1980.3844957862525,7060014200,1,1,val
camels_11532500,2921,88.84,camels,41.7915,-124.07619,SMITH R NR CRESCENT CITY CA,United States of America,1587.7272337434738,7060014210,1,1,val
camels_12013500,2921,88.84,camels,46.65093,-123.65266,"WILLAPA RIVER NEAR WILLAPA, WA",United States of America,340.0100036576852,7060014940,3,3,train
camels_12020000,2921,88.84,camels,46.61732,-123.27764,"CHEHALIS RIVER NEAR DOTY, WA",United States of America,295.6148718155141,7060015090,1,1,val
camels_12025000,2921,88.84,camels,46.6201,-122.94513,"NEWAUKUM RIVER NEAR CHEHALIS, WA",United States of America,409.33505203241737,7060015090,1,1,val
camels_12025700,2921,88.84,camels,46.7726,-122.59401,"SKOOKUMCHUCK RIVER NEAR VAIL, WA",United States of America,105.28541602678028,7060015090,1,1,val
camels_12035000,2921,88.84,camels,47.00065,-123.49488,"SATSOP RIVER NEAR SATSOP, WA",United States of America,767.0636659678202,7060015090,1,1,val
camels_12040500,2921,88.84,camels,47.53786,-124.31575,"QUEETS RIVER NEAR CLEARWATER, WA",United States of America,1151.940087541029,7060015100,2,2,train
camels_12041200,2921,88.84,camels,47.80675,-124.25103,"HOH RIVER AT US HIGHWAY 101 NEAR FORKS, WA",United States of America,660.6034169109719,7060015100,2,2,train
camels_12043000,2921,88.84,camels,47.96008,-124.39299,"CALAWAH RIVER NEAR FORKS, WA",United States of America,347.50188687368734,7060015100,2,2,train
camels_12048000,2921,88.84,camels,48.01426,-123.13268,"DUNGENESS RIVER NEAR SEQUIM, WA",United States of America,407.2162827149923,7060015100,2,2,train
camels_12054000,2921,88.84,camels,47.68398,-123.01155,"DUCKABUSH RIVER NEAR BRINNON, WA",United States of America,178.4281149722574,7060015100,2,2,train
camels_12056500,2921,88.84,camels,47.51426,-123.32989,"NF SKOKOMISH R BL STAIRCASE RPDS NR HOODSPORT, WA",United States of America,146.87395555142544,7060015100,2,2,train
camels_12073500,2921,88.84,camels,47.38926,-122.69902,"HUGE CREEK NEAR WAUNA, WA",United States of America,15.746873287864242,7060015100,2,2,train
camels_12082500,2921,88.84,camels,46.75261,-122.08372,"NISQUALLY RIVER NEAR NATIONAL, WA",United States of America,358.72622757105285,7060015100,2,2,train
camels_12092000,2921,88.84,camels,46.90372,-122.03511,"PUYALLUP RIVER NEAR ELECTRON, WA",United States of America,240.5722323086002,7060015900,1,1,val
camels_12095000,2921,88.84,camels,47.13955,-122.09261,"SOUTH PRAIRIE CREEK AT SOUTH PRAIRIE, WA",United States of America,232.25187806592248,7060015900,1,1,val
camels_12114500,2921,88.84,camels,47.34205,-121.54899,"CEDAR RIVER BELOW BEAR CREEK NEAR CEDAR FALLS, WA",United States of America,66.35190647207033,7060015910,3,3,train
camels_12115000,2921,88.84,camels,47.37011,-121.6251,"CEDAR RIVER NEAR CEDAR FALLS, WA",United States of America,110.72711631516968,7060015910,3,3,train
camels_12115500,2921,88.84,camels,47.35066,-121.66316,"REX RIVER NEAR CEDAR FALLS, WA",United States of America,43.21779512587482,7060015910,3,3,train
camels_12117000,2921,88.84,camels,47.38649,-121.84622,"TAYLOR CREEK NEAR SELLECK, WA",United States of America,45.05624304904502,7060015910,3,3,train
camels_12141300,2921,88.84,camels,47.48594,-121.64788,"MIDDLE FORK SNOQUALMIE RIVER NEAR TANNER, WA",United States of America,402.9703270999426,7060016000,1,1,val
camels_12143600,2921,88.84,camels,47.4526,-121.71788,"SF SNOQUALMIE RIVER AT EDGEWICK, WA",United States of America,164.6697732350127,7060016000,1,1,val
camels_12144000,2921,88.84,camels,47.49288,-121.79011,"SF SNOQUALMIE RIVER AT NORTH BEND, WA",United States of America,212.33649991858587,7060016000,1,1,val
camels_12145500,2921,88.84,camels,47.53982,-121.909,"RAGING RIVER NEAR FALL CITY, WA",United States of America,83.65746147351862,7060016000,1,1,val
camels_12147600,2921,88.84,camels,47.70677,-121.60011,"SOUTH FORK TOLT RIVER NEAR INDEX, WA",United States of America,16.119474408997448,7060016000,1,1,val
camels_12167000,2921,88.84,camels,48.26149,-122.04764,"NF STILLAGUAMISH RIVER NEAR ARLINGTON, WA",United States of America,689.7499397156691,7060016010,4,4,train
camels_12175500,2921,88.84,camels,48.67263,-121.0729,"THUNDER CREEK NEAR NEWHALEM, WA",United States of America,273.1633842184796,7060016090,4,4,train
camels_12186000,2921,88.84,camels,48.16872,-121.47067,"SAUK RIVER AB WHITECHUCK RIVER NEAR DARRINGTON, WA",United States of America,397.57950516893777,7060016090,4,4,train
camels_12189500,2921,88.84,camels,48.42456,-121.56846,"SAUK RIVER NEAR SAUK, WA",United States of America,1852.6521508588853,7060016090,4,4,train
camels_12358500,2921,88.84,camels,48.49524,-114.01012,Middle Fork Flathead River nr West Glacier MT,United States of America,2908.659775674179,7060014930,1,1,val
camels_12377150,2921,88.84,camels,47.32299,-113.97955,Mission Cr ab Reservoir nr ST Ignatius MT,United States of America,32.35056306260966,7060014930,1,1,val
camels_12381400,2921,88.84,camels,47.19549,-113.85065,South Fork Jocko River near Arlee MT,United States of America,148.28024376868814,7060014930,1,1,val
camels_12390700,2921,88.84,camels,47.58605,-115.35515,Prospect Creek at Thompson Falls MT,United States of America,468.4483603046863,7060014930,1,1,val
camels_12411000,2921,88.84,camels,47.70611,-115.97917,NF COEUR D ALENE R AB SHOSHONE CK NR PRICHARD ID,United States of America,863.5544788567977,7060014930,1,1,val
camels_12414500,2921,88.84,camels,47.27464,-116.18905,ST JOE RIVER AT CALDER ID,United States of America,2653.9731927801176,7060014930,1,1,val
camels_12447390,2921,88.84,camels,48.82292,-120.14592,"ANDREWS CREEK NEAR MAZAMA, WA",United States of America,58.29058375350642,7060014930,1,1,val
camels_12451000,2921,88.84,camels,48.32958,-120.69177,"STEHEKIN RIVER AT STEHEKIN, WA",United States of America,827.6891819956809,7060014930,1,1,val
camels_12488500,2921,88.84,camels,46.97762,-121.1687,"AMERICAN RIVER NEAR NILE, WA",United States of America,205.752466968988,7060014930,1,1,val
camels_13011500,2921,88.84,camels,43.85028,-110.51778,PACIFIC CREEK AT MORAN WY,United States of America,404.5426517556583,7060014930,1,1,val
camels_13011900,2921,88.84,camels,43.83806,-110.44111,BUFFALO FORK AB LAVA CREEK NR MORAN WY,United States of America,846.5265710623287,7060014930,1,1,val
camels_13018300,2921,88.84,camels,43.45215,-110.70409,"CACHE CREEK NEAR JACKSON, WY",United States of America,29.606770935252023,7060014930,1,1,val
camels_13023000,2921,88.84,camels,43.14278,-110.97667,GREYS RIVER AB RESERVOIR NR ALPINE WY,United States of America,1161.745227501625,7060014930,1,1,val
camels_13083000,2920,88.81,camels,42.16583,-113.98361,TRAPPER CREEK NR OAKLEY ID,United States of America,181.8722868921933,7060014930,1,1,val
camels_13161500,2921,88.84,camels,41.93324,-115.67453,BRUNEAU RIVER AT ROWLAND NV,United States of America,988.8162124950314,7060014930,1,1,val
camels_13235000,2921,88.84,camels,44.08528,-115.62222,SF PAYETTE RIVER AT LOWMAN ID,United States of America,1156.3511162760017,7060014930,1,1,val
camels_13310700,2921,88.84,camels,44.98694,-115.725,SF SALMON RIVER NR KRASSEL RANGER STATION ID,United States of America,852.8098741343956,7060014930,1,1,val
camels_13313000,2921,88.84,camels,44.96167,-115.5,JOHNSON CREEK AT YELLOW PINE ID,United States of America,564.0510967782144,7060014930,1,1,val
camels_13331500,2921,88.84,camels,45.61987,-117.72659,"MINAM RIVER NEAR MINAM, OR",United States of America,617.5956285852459,7060014930,1,1,val
camels_13337000,2921,88.84,camels,46.15083,-115.58722,LOCHSA RIVER NR LOWELL ID,United States of America,3044.241985969207,7060014930,1,1,val
camels_13338500,2921,88.84,camels,46.08639,-115.97667,SF CLEARWATER RIVER AT STITES ID,United States of America,3018.523944958314,7060014930,1,1,val
camels_13340000,2921,88.84,camels,46.47833,-116.2575,CLEARWATER RIVER AT OROFINO ID,United States of America,14234.86759867216,7060014930,1,1,val
camels_13340600,2921,88.84,camels,46.84047,-115.6207,NF CLEARWATER RIVER NR CANYON RANGER STATION ID,United States of America,3346.4323148190965,7060014930,1,1,val
camels_14020000,2921,88.84,camels,45.71958,-118.32329,"UMATILLA RIVER ABOVE MEACHAM CREEK, NR GIBBON, OR",United States of America,342.26264717159603,7060014930,1,1,val
camels_14092750,2921,88.84,camels,44.75039,-121.6334,"SHITIKE CR, AT PETERS PASTURE, NR WARM SPRINGS, OR",United States of America,64.92955491730959,7060014930,1,1,val
camels_14096850,2921,88.84,camels,44.95873,-121.39423,"BEAVER CREEK, BLW QUARTZ CR, NR SIMNASHO, OR.",United States of America,383.5833415292996,7060014930,1,1,val
camels_14137000,2921,88.84,camels,45.39956,-122.13731,"SANDY RIVER NEAR MARMOT, OR",United States of America,674.8227521904955,7060014930,1,1,val
camels_14138800,2921,88.84,camels,45.45262,-121.89147,"BLAZED ALDER CREEK NEAR RHODODENDRON, OREG.",United States of America,21.714397991504683,7060014930,1,1,val
camels_14138870,2921,88.84,camels,45.48012,-122.02564,"FIR CREEK NEAR BRIGHTWOOD, OR",United States of America,15.304206908406483,7060014930,1,1,val
camels_14138900,2921,88.84,camels,45.49429,-122.03592,"NORTH FORK BULL RUN RIVER NEAR MULTNOMAH FALLS, OR",United States of America,21.997812461567385,7060014930,1,1,val
camels_14139800,2921,88.84,camels,45.44456,-122.10953,"SOUTH FORK BULL RUN RIVER NEAR BULL RUN, OR",United States of America,41.31168430755584,7060014930,1,1,val
camels_14141500,2921,88.84,camels,45.4154,-122.17148,"LITTLE SANDY RIVER NEAR BULL RUN, OREG.",United States of America,60.23006196373363,7060014930,1,1,val
camels_14154500,2921,88.84,camels,43.73596,-122.8734,"ROW RIVER ABOVE PITCHER CREEK NEAR, DORENA, OREG",United States of America,548.5762943400358,7060014930,1,1,val
camels_14158500,2921,88.84,camels,44.36095,-121.99562,"MCKENZIE RIVER AT OUTLET OF CLEAR LAKE, OR",United States of America,122.80623554344773,7060014930,1,1,val
camels_14158790,2921,88.84,camels,44.33457,-122.04701,"SMITH R AB SMITH R RES NR BELKNAP SPRGS,OREG.",United States of America,40.65752002499477,7060014930,1,1,val
camels_14166500,2921,88.84,camels,44.04984,-123.42621,"LONG TOM RIVER NEAR NOTI, OREG.",United States of America,237.6581373432156,7060014930,1,1,val
camels_14182500,2921,88.84,camels,44.79151,-122.57897,"LITTLE NORTH SANTIAM RIVER NEAR MEHAMA, OR",United States of America,292.11024084346167,7060014930,1,1,val
camels_14185000,2921,88.84,camels,44.39179,-122.49758,"SOUTH SANTIAM RIVER BELOW CASCADIA, OR",United States of America,448.57703934964434,7060014930,1,1,val
camels_14185900,2921,88.84,camels,44.54012,-122.43591,"QUARTZVILLE CREEK NEAR CASCADIA, OREG.",United States of America,257.82082302775063,7060014930,1,1,val
camels_14187000,2921,88.84,camels,44.37235,-122.62314,"WILEY CREEK NEAR FOSTER, OR",United States of America,137.73517125493382,7060014930,1,1,val
camels_14216500,2921,88.84,camels,46.07567,-121.9987,"MUDDY CREEK BELOW CLEAR CREEK NEAR COUGAR, WA",United States of America,349.1913200575767,7060014930,1,1,val
camels_14222500,2921,88.84,camels,45.83678,-122.46621,"EAST FORK LEWIS RIVER NEAR HEISSON, WA",United States of America,328.4977077641743,7060014930,1,1,val
camels_14236200,2921,88.84,camels,46.59538,-122.45956,"TILTON RIVER AB BEAR CANYON CREEK NEAR CINEBAR, WA",United States of America,363.1718356562213,7060014930,1,1,val
camels_14301000,2921,88.84,camels,45.704,-123.7554,"NEHALEM RIVER NEAR FOSS, OR",United States of America,1740.8406769262162,7060014800,2,2,train
camels_14303200,2921,88.84,camels,45.32428,-123.5465,"TUCCA CREEK NEAR BLAINE, OR.",United States of America,7.8988841320370256,7060014530,3,3,train
camels_14305500,2921,88.84,camels,44.71512,-123.88733,"SILETZ RIVER AT SILETZ, OR",United States of America,525.3087046885297,7060014530,3,3,train
camels_14306340,2921,88.84,camels,44.2479,-123.63649,"EAST FORK LOBSTER CREEK NEAR ALSEA, OR.",United States of America,14.607325664624714,7060014530,3,3,train
camels_14306500,2921,88.84,camels,44.38595,-123.83178,"ALSEA RIVER NEAR TIDEWATER, OR",United States of America,859.0839121240878,7060014530,3,3,train
camels_14308990,2920,88.81,camels,42.82318,-123.12589,"COW CREEK ABV GALESVILLE RES, NR AZALEA, OR.",United States of America,171.0653209220521,7060014520,2,2,train
camels_14309500,2921,88.84,camels,42.804,-123.61091,"WEST FORK COW CREEK NEAR GLENDALE, OR",United States of America,225.81482707776487,7060014520,2,2,train
camels_14316700,2921,88.84,camels,43.34984,-122.72894,"STEAMBOAT CREEK NEAR GLIDE, OR",United States of America,587.0147424166797,7060014520,2,2,train
camels_14325000,2921,88.84,camels,42.8915,-124.07065,"SOUTH FORK COQUILLE RIVER AT POWERS, OR",United States of America,444.2084407247387,7060014440,1,1,val
camels_14400000,2921,88.84,camels,42.12344,-124.18731,"CHETCO RIVER NEAR BROOKINGS, OR",United States of America,702.2358086310752,7060014250,3,3,train
camelsaus_102101A,2908,88.44,camelsaus,-12.880278,142.983056,Pascoe River at Fall Creek (102101A),Australia,650.4884228352427,5060049720,3,3,train
camelsaus_105101A,2922,88.87,camelsaus,-15.281389,144.838611,Normanby River at Battle Camp (105101A),Australia,2315.857321914464,5060067450,2,2,train
camelsaus_105102A,2920,88.81,camelsaus,-15.613333,144.483611,Laura River at Coalseam Creek (105102A),Australia,1325.6154224927698,5060067450,2,2,train
camelsaus_105105A,2922,88.87,camelsaus,-15.771111,145.014167,East Normanby River at Development Road (105105A),Australia,297.1153567914087,5060067450,2,2,train
camelsaus_108002A,2866,87.17,camelsaus,-16.179444,145.281944,Daintree River at Bairds (108002A),Australia,913.1651977942996,5060067460,1,1,val
camelsaus_113004A,2922,88.87,camelsaus,-17.739722,145.63,Cochable Creek at Powerline (113004A),Australia,93.69073978087596,5060067860,3,3,train
camelsaus_116010A,2922,88.87,camelsaus,-18.204444,145.537778,Blencoe Creek at Blencoe Falls (116010A),Australia,227.54102753258456,5060067860,3,3,train
camelsaus_116012A,2912,88.56,camelsaus,-18.065278,145.341944,Cameron Creek at 8.7KM (116012A),Australia,352.0577773670106,5060067860,3,3,train
camelsaus_116014A,2922,88.87,camelsaus,-17.625,145.298889,Wild River at Silver Valley (116014A),Australia,587.3770757928648,5060067860,3,3,train
camelsaus_116015A,2922,88.87,camelsaus,-17.735278,145.438056,Blunder Creek at Wooroora (116015A),Australia,126.32823724649586,5060067860,3,3,train
camelsaus_121001A,2922,88.87,camelsaus,-20.289444,148.116111,Don River at Ida Creek (121001A),Australia,605.6186516405234,5060068460,1,1,val
camelsaus_136202D,2922,88.87,camelsaus,-26.301111,152.044444,Barambah Creek at Litzows (136202D),Australia,651.2458057681672,5060069960,2,2,train
camelsaus_136203A,2922,88.87,camelsaus,-26.733889,151.820556,Barker Creek at Brooklands (136203A),Australia,311.3387823417919,5060069960,2,2,train
camelsaus_136208A,2922,88.87,camelsaus,-25.902778,151.844167,Boonara Creek at Ettiewyn (136208A),Australia,1395.3059817562885,5060069960,2,2,train
camelsaus_137101A,2922,88.87,camelsaus,-25.086667,152.240833,Gregory River at Burrum Highway (137101A),Australia,454.6240826013263,5060069970,1,1,val
camelsaus_137201A,2922,88.87,camelsaus,-25.266944,152.368611,Isis River at Bruce Highway (137201A),Australia,445.6800353574958,5060069970,1,1,val
camelsaus_138004B,2922,88.87,camelsaus,-25.903611,152.349167,Munna Creek at Marodian (138004B),Australia,1192.0415055632072,5060070100,1,1,val
camelsaus_138010A,2922,88.87,camelsaus,-26.079444,152.22,Wide Bay Creek at Kilkivan (138010A),Australia,352.65970660277657,5060070100,1,1,val
camelsaus_143009A,2922,88.87,camelsaus,-26.996389,152.408611,Brisbane River at Gregors Creek (143009A),Australia,3877.784958419475,5060070390,1,1,val
camelsaus_143110A,2922,88.87,camelsaus,-27.8275,152.510833,Bremer River at Adams Bridge (143110A),Australia,126.00903267196988,5060070390,1,1,val
camelsaus_145101D,2922,88.87,camelsaus,-28.053056,153.045278,Albert River at Lumeah Number 2 (145101D),Australia,167.1857200774145,5060070440,3,3,train
camelsaus_204034,2922,88.87,camelsaus,-29.763056,152.213333,Henry River at Newton Boyd (204034),Australia,400.7881495297633,5060070700,3,3,train
camelsaus_206014,2922,88.87,camelsaus,-30.476389,152.028333, Wollomombi River at Coninside (206014),Australia,370.4909714549031,5060070900,3,3,train
camelsaus_206018,2922,88.87,camelsaus,-31.049722,151.766111,Apsley River at Apsley Falls (206018),Australia,864.0699319446416,5060070900,3,3,train
camelsaus_208009,2922,88.87,camelsaus,-31.579167,151.315278,Barnard River at Barry (208009),Australia,151.60487405322456,5060070980,4,4,train
camelsaus_210006,2922,88.87,camelsaus,-32.342778,150.101389,Goulburn River at Coggan (210006),Australia,3388.9888517932136,5060071130,1,1,val
camelsaus_210011,2922,88.87,camelsaus,-32.318889,151.688056,William River at Tillegra (210011),Australia,196.13936087608604,5060071130,1,1,val
camelsaus_215002,2922,88.87,camelsaus,-35.340833,149.739444,Shoalhaven River at Warri  (215002),Australia,1395.0745814348031,5060071280,2,2,train
camelsaus_215207,2865,87.14,camelsaus,-34.818901,150.182923,Shoalhaven River at Fossickers Flat,Australia,4678.042247730561,5060071280,2,2,train
camelsaus_216002,2922,88.87,camelsaus,-35.468056,150.237222,Clyde River at Brooman (216002),Australia,858.9834783231371,5060071280,2,2,train
camelsaus_221207,2902,88.26,camelsaus,-37.447222,148.914167,Errinundra River at Errinundra (221207),Australia,158.0050953214261,5060071280,2,2,train
camelsaus_221210,2922,88.87,camelsaus,-37.416389,149.518611,Genoa River at The Gorge (221210),Australia,838.2018764263233,5060071280,2,2,train
camelsaus_222206,2922,88.87,camelsaus,-37.494722,148.174722,Buchan River at Buchan (222206),Australia,847.6035349053847,5060071980,2,2,train
camelsaus_223202,2922,88.87,camelsaus,-37.268056,147.728056,Tambo River at Swifts Creek (223202),Australia,894.5498707093767,5060071990,3,3,train
camelsaus_224206,2922,88.87,camelsaus,-37.406389,147.088056,Wonnangatta River at Crooked River (224206),Australia,1102.7323370262045,5060071990,3,3,train
camelsaus_225110A,2914,88.63,camelsaus,-37.683611,146.318611,Jordan River at D/S Johnsons Creek (225110A),Australia,132.0766376766606,5060072180,2,2,train
camelsaus_225219,2922,88.87,camelsaus,-37.516111,146.566111,Macalister River at Glencairn (225219),Australia,572.2255263421815,5060072180,2,2,train
camelsaus_226220,2907,88.41,camelsaus,-37.866667,146.006111,Loch River at Noojee (226220),Australia,104.24271730639686,5060072180,2,2,train
camelsaus_231213,2739,83.3,camelsaus,-37.496111,144.359722,Lerderderg River at Sardine Creek O'brien Crossing (231213),Australia,153.24704189672372,5060072680,4,4,train
camelsaus_401009,2845,86.53,camelsaus,-35.926111,148.100833,Maragle Creek at Maragle (401009),Australia,215.6008729769891,5060073410,3,3,train
camelsaus_401012,2922,88.87,camelsaus,-36.318333,148.051944,Murray River at Biggara (401012),Australia,1257.5263229354875,5060073410,3,3,train
camelsaus_401015,2918,88.75,camelsaus,-35.916667,146.976944,Bowna Creek at Yambla (401015),Australia,273.72002992383267,5060073410,3,3,train
camelsaus_401203,2919,88.78,camelsaus,-36.948056,147.606944,Mitta Mitta River at Hinnomunjie (401203),Australia,1520.960465106513,5060073410,3,3,train
camelsaus_401208,2922,88.87,camelsaus,-36.213333,147.677778,Cudgewa Creek at Berringama (401208),Australia,356.3377571635228,5060073410,3,3,train
camelsaus_401210,2922,88.87,camelsaus,-36.568611,147.413611,Snowy Creek at Below Granite Flat (401210),Australia,413.0903922600814,5060073410,3,3,train
camelsaus_401212,2887,87.8,camelsaus,-36.446111,147.829444,Nariel Creek at Upper Nariel (401212),Australia,254.7929219463026,5060073410,3,3,train
camelsaus_401216,2902,88.26,camelsaus,-36.933056,147.4725,Big River at Jokers Creek (401216),Australia,358.25363196824014,5060073410,3,3,train
camelsaus_401217,2908,88.44,camelsaus,-36.756111,147.708611,Gibbo River at Gibbo Park (401217),Australia,389.33114788930527,5060073410,3,3,train
camelsaus_402206,2907,88.41,camelsaus,-36.54,147.044444,Running Creek at Running Creek (402206),Australia,127.44247007738416,5060073410,3,3,train
camelsaus_402213,2901,88.23,camelsaus,-36.316389,146.894444,Kinchington Creek at Osbornes Flat (402213),Australia,120.41018285121056,5060073410,3,3,train
camelsaus_403214,2922,88.87,camelsaus,-36.577778,146.820278,Happy Valley Creek at Rosewhite (403214),Australia,137.69043558319663,5060073410,3,3,train
camelsaus_403217,2903,88.29,camelsaus,-36.824722,146.583611,Rose River at Matong North (403217),Australia,177.84210142298062,5060073410,3,3,train
camelsaus_403222,2922,88.87,camelsaus,-36.910833,146.700556,Buffalo River at Abbeyard (403222),Australia,415.0160587612809,5060073410,3,3,train
camelsaus_403232,2922,88.87,camelsaus,-36.751111,146.979722,Morses Creek at Wandiligong (403232),Australia,125.38906049693092,5060073410,3,3,train
camelsaus_404207,2922,88.87,camelsaus,-36.612222,146.058611,Holland Creek at Kelfeera (404207),Australia,454.90147865123146,5060073410,3,3,train
camelsaus_405209,2920,88.81,camelsaus,-37.317778,145.713889,Acheron River at Taggerty (405209),Australia,625.7817671351849,5060073410,3,3,train
camelsaus_405215,2902,88.26,camelsaus,-37.229444,146.207222,Howqua River at Glen Esk (405215),Australia,369.6546752586257,5060073410,3,3,train
camelsaus_405218,2922,88.87,camelsaus,-37.291667,146.1875,Jamieson River at Gerrang Bridge (405218),Australia,366.9054342204517,5060073410,3,3,train
camelsaus_405219,2911,88.53,camelsaus,-37.3325,146.130278,Goulburn River at Dohertys (405219),Australia,699.2846727677045,5060073410,3,3,train
camelsaus_405226,2827,85.98,camelsaus,-36.621111,145.306667,Pranjip Creek at Moorlim (405226),Australia,788.3417406976425,5060073410,3,3,train
camelsaus_405227,2878,87.53,camelsaus,-37.3675,146.056944,Big River at Jamieson (405227),Australia,628.1927809107461,5060073410,3,3,train
camelsaus_405238,2737,83.24,camelsaus,-37.120278,144.856944,Mollison Creek at Pyalong (405238),Australia,164.22470294003176,5060073410,3,3,train
camelsaus_405248,2877,87.5,camelsaus,-36.853611,144.914444,Major Creek at Graytown (405248),Australia,291.987503517294,5060073410,3,3,train
camelsaus_405251,2903,88.29,camelsaus,-36.968611,145.783889,Brankeet Creek at Ancona (405251),Australia,118.58757476013608,5060073410,3,3,train
camelsaus_405264,2922,88.87,camelsaus,-37.520556,146.076667,Big River at D/S of Frenchman Creek Junction (405264),Australia,336.53748332954945,5060073410,3,3,train
camelsaus_405274,2917,88.72,camelsaus,-37.106111,145.605,Home Creek at Yarck (405274),Australia,181.4301009105713,5060073410,3,3,train
camelsaus_406213,2797,85.07,camelsaus,-37.016111,144.539167,Campaspe River at Redesdale (406213),Australia,637.5172539297229,5060073410,3,3,train
camelsaus_406214,2922,88.87,camelsaus,-36.773889,144.428333,Axe Creek at Longlea (406214),Australia,235.95255899939752,5060073410,3,3,train
camelsaus_406224,2910,88.5,camelsaus,-36.546389,144.637222,Mount Pleasant Creek at Runnymede (406224),Australia,242.1962097679179,5060073410,3,3,train
camelsaus_407214,2922,88.87,camelsaus,-37.296944,143.789444,Creswick Creek at Clunes (407214),Australia,305.3231668488165,5060073410,3,3,train
camelsaus_407215,2906,88.38,camelsaus,-37.108889,144.058889,Loddon River at Newstead (407215),Australia,1026.3470801875685,5060073410,3,3,train
camelsaus_407253,2920,88.81,camelsaus,-36.452222,144.468889,Piccaninny Creek at Minto (407253),Australia,678.9704897558767,5060073410,3,3,train
camelsaus_408200,2915,88.66,camelsaus,-36.438056,143.298333,Avoca River at Coonooer (408200),Australia,2676.082744938024,5060073410,3,3,train
camelsaus_410057,2922,88.87,camelsaus,-35.33,148.348889,Goobarragandra River at Lacmalac (410057),Australia,664.89112367886,5060073410,3,3,train
camelsaus_410705,2922,88.87,camelsaus,-35.335556,149.316111,Molonglo River at Burbong (410705),Australia,497.7569630748458,5060073410,3,3,train
camelsaus_410731,2922,88.87,camelsaus,-35.575,149.066111,Gudgenby River at Tennent (410731),Australia,669.5115506508799,5060073410,3,3,train
camelsaus_410761,2912,88.56,camelsaus,-35.54,149.101944,Murrumbidgee River at Lobb Holes (410761),Australia,5161.786196352445,5060073410,3,3,train
camelsaus_412050,2915,88.66,camelsaus,-34.310556,149.167222,Crookwell River at Narrawa North (412050),Australia,759.1645703673139,5060073410,3,3,train
camelsaus_412066,2922,88.87,camelsaus,-34.112778,149.5975,Abercrombie River at Hadley No. 2 (412066),Australia,1635.7824931119517,5060073410,3,3,train
camelsaus_415226,2857,86.89,camelsaus,-36.743611,142.785278,Richardson River at Carrs Plains (415226),Australia,129.63285826466992,5060073410,3,3,train
camelsaus_416003,2922,88.87,camelsaus,-29.029167,151.725833,Tenterfield Creek at Clifton (416003),Australia,556.0919334910908,5060073410,3,3,train
camelsaus_416008,2922,88.87,camelsaus,-29.219167,151.383056,Beadt River at Haystack (416008),Australia,899.4129650249513,5060073410,3,3,train
camelsaus_418005,2922,88.87,camelsaus,-29.916944,151.114167,Copes Creek at Kimberley (418005),Australia,237.84007848686537,5060073410,3,3,train
camelsaus_418014,2922,88.87,camelsaus,-30.4675,151.362778,Gwydir River at Yarrowyck (418014),Australia,827.2791529584279,5060073410,3,3,train
camelsaus_419005,2922,88.87,camelsaus,-30.678611,150.778056,Namoi River at North Cuerindi (419005),Australia,2538.5367080287765,5060073410,3,3,train
camelsaus_422202B,2922,88.87,camelsaus,-26.708889,150.178889,Dogwood Creek at Gilweir (422202B),Australia,2989.8167324003048,5060073410,3,3,train
camelsaus_422334A,2922,88.87,camelsaus,-27.926389,151.8625,Kings Creek at Aides Bridge (422334A),Australia,514.5672185494255,5060073410,3,3,train
camelsaus_422394A,2922,88.87,camelsaus,-28.371111,152.141944,Condamine River at Elbow Valley (422394A),Australia,328.4775719285137,5060073410,3,3,train
camelsaus_424201A,2921,88.84,camelsaus,-28.6891,144.7859,Paroo River at Caiwarro (424201A),Australia,22921.486942322143,5060073410,3,3,train
camelsaus_604053,2911,88.53,camelsaus,-34.889167,117.087222,Kent River at Styx Junction (604053),Australia,1843.11075155412,5060055960,3,3,train
camelsaus_613002,2920,88.81,camelsaus,-33.085833,116.038889,Harvey River at Dingo Road (613002),Australia,147.32590997634614,5060056430,2,2,train
camelsaus_616002,2922,88.87,camelsaus,-32.068333,116.2925,Darkin River at Pine Plantation (616002),Australia,670.2874170793111,5060056460,1,1,val
camelsaus_616065,2894,88.02,camelsaus,-32.2275,116.171944,Canning River at Glen Eagle (616065),Australia,521.61122932541,5060056460,1,1,val
camelsaus_804001,2922,88.87,camelsaus,-17.008889,125.4275,Isdell River at Dales Yard (804001),Australia,1838.880439188072,5060059950,4,4,train
camelsaus_809310,2922,88.87,camelsaus,-17.425833,127.600556,Ord River at Bedford Downs (809310),Australia,549.7032290205328,5060061240,3,3,train
camelsaus_912101A,2704,82.24,camelsaus,-18.643611,139.253056,Gregory River at Gregory Downs (912101A),Australia,12604.289569466637,5060065420,2,2,train
camelsaus_912105A,2922,88.87,camelsaus,-18.970833,138.803333,Gregory River at Riversleigh No. 2 (912105A),Australia,11416.658076213496,5060065420,2,2,train
camelsaus_919003A,2922,88.87,camelsaus,-16.471389,144.290556,Mitchell River at O.K. Bridge (919003A),Australia,7754.122104552916,5060065980,2,2,train
camelsaus_919201A,2922,88.87,camelsaus,-16.108056,144.778611,Palmer River at Goldfields (919201A),Australia,533.271813122421,5060065980,2,2,train
camelsaus_919309A,2922,88.87,camelsaus,-16.545278,143.784722,Walsh River at Trimbles Crossing (919309A),Australia,8677.66407999898,5060065980,2,2,train
camelsaus_925001A,2826,85.95,camelsaus,-12.454444,142.637778,Wenlock river at Moreton (925001A),Australia,3313.9634812189247,5060049720,3,3,train
camelsaus_A0020101,2922,88.87,camelsaus,-25.9088,139.3667,Diamantina River at Birdsville (A0020101),Australia,119303.48666214263,5060087590,4,4,train
camelsaus_A0030501,2922,88.87,camelsaus,-27.7013,140.8433,Cooper Creek at Cullyamurra Water Hole (A0030501),Australia,233353.7769335156,5060087590,4,4,train
camelsaus_G8140001,2922,88.87,camelsaus,-14.463333,132.256944,Katherine River at Railway Bridge (G8140001),Australia,8274.45125215054,5060062110,4,4,train
camelsaus_G8140040,2922,88.87,camelsaus,-13.8308,130.7358,Daly River at Mount Nancar (G8140040),Australia,47832.15019362224,5060062110,4,4,train
camelsaus_G8140161,2666,81.08,camelsaus,-13.737778,131.102778,Green Ant Creek at Tipperary (G8140161),Australia,413.1601802567129,5060062110,4,4,train
camelsaus_G8170002,2922,88.87,camelsaus,-13.240556,131.108333,Adelaide River at Railway Bridge (G8170002),Australia,645.6875361891318,5060062380,3,3,train
camelsaus_G9030250,2922,88.87,camelsaus,-14.6953,134.4197,Ropa River at Red Rock  (G9030250),Australia,43624.52266450094,5060064130,4,4,train
camelsaus_G9070142,2707,82.33,camelsaus,-16.778056,135.760556,McArthur River Upstream of Bailey's Grave (G9070142),Australia,4031.9122785294594,5060064530,1,1,val
camelsbr_12500000,2921,88.84,camelsbr,-7.6333,-72.6603,cruzeiro do sul,Brazil,38092.91379861183,6060007000,4,4,train
camelsbr_12520000,2921,88.84,camelsbr,-7.0556,-71.6892,ipixuna,Brazil,55719.917062071,6060007000,4,4,train
camelsbr_13470000,2921,88.84,camelsbr,-11.0178,-68.745,brasileia,Brazil,7251.469553910214,6060007000,4,4,train
camelsbr_13710001,2921,88.84,camelsbr,-8.6533,-67.375,valparaiso - montante,Brazil,105906.48552277424,6060007000,4,4,train
camelsbr_13870000,2921,88.84,camelsbr,-7.2581,-64.7975,labrea,Brazil,227881.11476596465,6060007000,4,4,train
camelsbr_14250000,2921,88.84,camelsbr,0.3717,-67.3128,sao felipe,Brazil,124382.80328529426,6060007000,4,4,train
camelsbr_14280001,2921,88.84,camelsbr,0.1303,-68.5386,taraqua,Brazil,44069.38067775824,6060007000,4,4,train
camelsbr_14440000,2921,88.84,camelsbr,0.8842,-62.6219,posto ajuricaba,Brazil,17848.064240089825,6060007000,4,4,train
camelsbr_14515000,2921,88.84,camelsbr,3.2078,-60.5711,fazenda passarao,Brazil,49579.428546300194,6060007000,4,4,train
camelsbr_15130000,2921,88.84,camelsbr,-13.4858,-61.05,pimenteiras,Brazil,55942.89684243529,6060007000,4,4,train
camelsbr_15800000,2921,88.84,camelsbr,-7.7058,-60.5783,boca do guariba,Brazil,70446.79559406651,6060007000,4,4,train
camelsbr_17350000,2921,88.84,camelsbr,-9.817222,-54.885833,cachimbo,Brazil,1015.5372092333592,6060007000,4,4,train
camelsbr_18200000,2921,88.84,camelsbr,-1.7789,-54.3972,arapari,Brazil,12484.742100764452,6060007000,4,4,train
camelsbr_27550000,2921,88.84,camelsbr,-7.613611,-49.045278,arapoema,Brazil,1205.0096554002466,6060007950,4,4,train
camelsbr_60435200,2836,86.25,camelsbr,-15.725,-48.168333,rodeador - df 435,Brazil,112.17711704595962,6060016970,2,2,train
camelsbr_61014000,2921,88.84,camelsbr,-22.17,-44.636944,alagoa,Brazil,286.1006779225822,6060016970,2,2,train
camelsbr_61060000,2921,88.84,camelsbr,-21.688889,-44.350833,fazenda laranjeiras,Brazil,1974.127240067896,6060016970,2,2,train
camelsbr_61085000,2921,88.84,camelsbr,-21.279444,-43.814444,campolide,Brazil,554.9639935165293,6060016970,2,2,train
camelsbr_61115000,2921,88.84,camelsbr,-21.0525,-44.211111,usina sao joao del rei,Brazil,608.2225074552232,6060016970,2,2,train
camelsbr_61122000,2921,88.84,camelsbr,-21.195556,-44.328611,vila rio das mortes,Brazil,273.4755374895843,6060016970,2,2,train
camelsbr_61520000,2915,88.66,camelsbr,-21.678333,-45.259722,chacara santana,Brazil,868.6107829160248,6060016970,2,2,train
camelsbr_64360000,2921,88.84,camelsbr,-23.7667,-49.95,tomazina,Brazil,2021.843157690481,6060016970,2,2,train
camelsbr_64380000,2890,87.9,camelsbr,-23.850278,-50.391111,usina figueira,Brazil,1070.5438164746265,6060016970,2,2,train
camelsbr_64501000,2921,88.84,camelsbr,-23.6372,-50.9233,porto londrina,Brazil,18676.132162062804,6060016970,2,2,train
camelsbr_64625000,2921,88.84,camelsbr,-24.83,-51.1422,tereza cristina,Brazil,3619.202225759001,6060016970,2,2,train
camelsbr_64645000,2921,88.84,camelsbr,-24.3419,-51.4244,porto espanhol,Brazil,8610.707366037781,6060016970,2,2,train
camelsbr_64682000,2921,88.84,camelsbr,-23.441389,-52.604722,japura - rio dos indios,Brazil,817.2351787932278,6060016970,2,2,train
camelsbr_64785000,2921,88.84,camelsbr,-24.554444,-52.901389,ponte do goio - bang,Brazil,1347.56817729391,6060016970,2,2,train
camelsbr_64820000,2921,88.84,camelsbr,-24.2,-53.3331,porto formosa,Brazil,17442.876854486298,6060016970,2,2,train
camelsbr_64830000,2921,88.84,camelsbr,-24.1881,-53.7461,balsa santa maria,Brazil,20978.709266058704,6060016970,2,2,train
camelsbr_65136550,2797,85.07,camelsbr,-25.855,-49.525833,quitandinha,Brazil,952.32680949406,6060016970,2,2,train
camelsbr_81102000,2921,88.84,camelsbr,-24.930278,-49.483056,balsa do jacare,Brazil,1722.5526177050629,6060014460,1,1,val
camelsbr_81135000,2921,88.84,camelsbr,-24.7964,-49.2725,balsa do cerro azul,Brazil,4679.402257711904,6060014460,1,1,val
camelsbr_81200000,2921,88.84,camelsbr,-24.6556,-48.9997,capela da ribeira,Brazil,7429.425102690947,6060014460,1,1,val
camelsbr_82320000,2887,87.8,camelsbr,-26.423889,-49.2925,corupa,Brazil,187.9758640059173,6060014470,4,4,train
camelsbr_83050000,2921,88.84,camelsbr,-27.113889,-49.995278,taio,Brazil,1597.508391472361,6060014900,4,4,train
camelsbr_83300200,2921,88.84,camelsbr,-27.2078,-49.6292,rio do sul - novo,Brazil,5150.339392683113,6060014900,4,4,train
camelsbr_83892998,2921,88.84,camelsbr,-27.197222,-49.087778,botuvera-montante,Brazil,790.4382743101773,6060014900,4,4,train
camelsbr_84071000,2892,87.96,camelsbr,-27.414167,-48.952778,major gercino,Brazil,1027.3443625650843,6060014910,3,3,train
camelsbr_84520000,2739,83.3,camelsbr,-27.995556,-49.116111,divisa de anitapolis,Brazil,377.4302121436129,6060015110,2,2,train
camelsbr_84949000,2739,83.3,camelsbr,-28.942222,-49.7025,turvo,Brazil,391.77934399346094,6060015120,1,1,val
camelsgb_10002,2922,88.87,camelsgb,57.526691146071,-1.832792330640136,Ugie at Inverugie,Scotland,324.3123507633707,2060052390,4,4,train
camelsgb_10003,2922,88.87,camelsgb,57.36377126841398,-2.090017339930295,Ythan at Ellon,Scotland,529.9924661936965,2060052390,4,4,train
camelsgb_1001,2922,88.87,camelsgb,58.47619578230649,-3.267060556538969,Wick at Tarroul,Scotland,157.4450958169057,2060051160,2,2,train
camelsgb_11001,2922,88.87,camelsgb,57.21832145169754,-2.187586463990544,Don at Parkhill,Scotland,1263.679902886383,2060052390,4,4,train
camelsgb_11003,2922,88.87,camelsgb,57.24230293320858,-2.717123061826016,Don at Bridge of Alford,Scotland,507.72176029132993,2060052390,4,4,train
camelsgb_11004,2922,88.87,camelsgb,57.323518779572936,-2.464869565631641,Urie at Pitcaple,Scotland,194.59980690648,2060052390,4,4,train
camelsgb_12001,2922,88.87,camelsgb,57.05012909020802,-2.603567174692242,Dee at Woodend,Scotland,1374.035090863065,2060052390,4,4,train
camelsgb_12002,2922,88.87,camelsgb,57.07542399235027,-2.3358251556053893,Dee at Park,Scotland,1825.2718290400087,2060052390,4,4,train
camelsgb_12005,2922,88.87,camelsgb,57.03951543059123,-3.0493050348361272,Muick at Invermuick,Scotland,108.90835359962912,2060052390,4,4,train
camelsgb_12006,2922,88.87,camelsgb,57.059926128258894,-3.069535420960291,Gairn at Invergairn,Scotland,145.2722611853086,2060052390,4,4,train
camelsgb_12007,2922,88.87,camelsgb,56.98804048513928,-3.486197881431712,Dee at Mar Lodge,Scotland,290.6889906324556,2060052390,4,4,train
camelsgb_12008,2922,88.87,camelsgb,57.02524568604738,-2.5171609453401493,Feugh at Heugh Head,Scotland,231.85998043836744,2060052390,4,4,train
camelsgb_13001,2922,88.87,camelsgb,56.85144055086835,-2.2861194693239084,Bervie at Inverbervie,Scotland,123.94636553952806,2060052390,4,4,train
camelsgb_13007,2922,88.87,camelsgb,56.76687729301276,-2.4933654538663426,North Esk at Logie Mill,Scotland,743.8813403913169,2060052390,4,4,train
camelsgb_13008,2922,88.87,camelsgb,56.7269227498334,-2.655900445358707,South Esk at Brechin,Scotland,487.6034342993549,2060052390,4,4,train
camelsgb_14001,2922,88.87,camelsgb,56.33090339132829,-2.9484430071478327,Eden at Kemback,Scotland,307.4457537352678,2060052670,1,1,val
camelsgb_14002,2922,88.87,camelsgb,56.48175496410612,-2.851665394978175,Dighty Water at Balmossie Mill,Scotland,127.08220722545664,2060052390,4,4,train
camelsgb_15006,2922,88.87,camelsgb,56.51441409853575,-3.3869639448602205,Tay at Ballathie,Great Britain,4566.175467626968,2060052660,4,4,train
camelsgb_15007,2922,88.87,camelsgb,56.660068233774574,-3.756901358563639,Tay at Pitnacree,Scotland,1143.7911880428212,2060052660,4,4,train
camelsgb_15010,2922,88.87,camelsgb,56.60590453803648,-3.151232702664105,Isla at Wester Cardean,Scotland,362.2080906890287,2060052660,4,4,train
camelsgb_15011,2922,88.87,camelsgb,56.61422920026542,-3.980864766273719,Lyon at Comrie Bridge,Scotland,386.5375935589726,2060052660,4,4,train
camelsgb_15012,2922,88.87,camelsgb,56.69656769956334,-3.720794936843039,Tummel at Pitlochry,Scotland,1658.6656655553534,2060052660,4,4,train
camelsgb_15016,2922,88.87,camelsgb,56.59638814308706,-3.9850617805403457,Tay at Kenmore,Scotland,595.5085047132471,2060052660,4,4,train
camelsgb_15023,2922,88.87,camelsgb,56.560980890635335,-3.607201736162133,Braan at Hermitage,Scotland,209.78439150982663,2060052660,4,4,train
camelsgb_15024,2922,88.87,camelsgb,56.45816210098314,-4.331876616238332,Dochart at Killin,Scotland,231.47680477787264,2060052660,4,4,train
camelsgb_15025,2922,88.87,camelsgb,56.60905795202071,-3.3471758070336914,Ericht at Craighall,Scotland,435.4898490807287,2060052660,4,4,train
camelsgb_16001,2922,88.87,camelsgb,56.33018707924382,-3.726992969424669,Earn at Kinkell Bridge,Scotland,582.0491158949636,2060052670,1,1,val
camelsgb_16004,2922,88.87,camelsgb,56.34759941048151,-3.548359530328773,Earn at Forteviot Bridge,Scotland,780.4229509614839,2060052670,1,1,val
camelsgb_17005,2922,88.87,camelsgb,55.99837264372875,-3.6819988231395016,Avon at Polmonthill,Scotland,193.9760508019449,2060052670,1,1,val
camelsgb_18003,2922,88.87,camelsgb,56.18573475488031,-4.055574579219282,Teith at Bridge of Teith,Scotland,513.2528565129388,2060052670,1,1,val
camelsgb_18008,2922,88.87,camelsgb,56.25788153660383,-4.285414753187121,Leny at Anie,Scotland,191.52227486873463,2060052670,1,1,val
camelsgb_18010,2647,80.5,camelsgb,56.13266076218777,-4.070571456405139,Forth at Gargunnock,Scotland,389.5239701626653,2060052670,1,1,val
camelsgb_18011,2922,88.87,camelsgb,56.13609979104489,-3.970218305438582,Forth at Craigforth,Scotland,1022.972347373731,2060052670,1,1,val
camelsgb_19001,2922,88.87,camelsgb,55.963133418733385,-3.3385327800556057,Almond at Craigiehall,Scotland,377.9270348249536,2060052670,1,1,val
camelsgb_20003,2922,88.87,camelsgb,55.91003218681246,-2.8714976514569384,Tyne at Spilmersford,Scotland,162.11584046471438,2060052670,1,1,val
camelsgb_2001,2922,88.87,camelsgb,58.14100101841326,-3.702948434618894,Helmsdale at Kilphedir,Scotland,550.5759725178066,2060051160,2,2,train
camelsgb_2002,2922,88.87,camelsgb,58.01055688609858,-3.8775654725303017,Brora at Bruachrobie,Scotland,421.4330446744797,2060051160,2,2,train
camelsgb_21003,2922,88.87,camelsgb,55.64800654699852,-3.18024679324982,Tweed at Peebles,Scotland,695.2682080169319,2060052940,2,2,train
camelsgb_21006,2922,88.87,camelsgb,55.59141727648144,-2.797700076533858,Tweed at Boleside,Scotland,1499.4462147219538,2060052940,2,2,train
camelsgb_21008,2922,88.87,camelsgb,55.54513469331304,-2.4733646789414285,Teviot at Ormiston Mill,Scotland,1117.145797927977,2060052940,2,2,train
camelsgb_21009,2922,88.87,camelsgb,55.72268907565265,-2.163373083996843,Tweed at Norham,Great Britain,4381.284484573129,2060052940,2,2,train
camelsgb_21011,2922,88.87,camelsgb,55.53969571660128,-2.890335251904709,Yarrow Water at Philiphaugh,Scotland,231.5189278794664,2060052940,2,2,train
camelsgb_21012,2922,88.87,camelsgb,55.43436651531822,-2.7564574020524644,Teviot at Hawick,Scotland,323.1408239352488,2060052940,2,2,train
camelsgb_21013,2922,88.87,camelsgb,55.62716461547184,-2.8284581029610045,Gala Water at Galashiels,Scotland,204.6156905526208,2060052940,2,2,train
camelsgb_21015,2922,88.87,camelsgb,55.64080061281626,-2.6929128448120925,Leader Water at Earlston,Scotland,238.1606233577271,2060052940,2,2,train
camelsgb_21016,2922,88.87,camelsgb,55.86522742839082,-2.094483974691685,Eye Water at Eyemouth Mill,Scotland,118.44936905031948,2060052670,1,1,val
camelsgb_21018,2922,88.87,camelsgb,55.647381292873455,-3.2576458868502383,Lyne Water at Lyne Station,Scotland,173.27794888948827,2060052940,2,2,train
camelsgb_21022,2922,88.87,camelsgb,55.788283908336886,-2.1916976922689817,Whiteadder Water at Hutton Castle,Scotland,500.2390476164661,2060052940,2,2,train
camelsgb_21024,2922,88.87,camelsgb,55.48489862895872,-2.5460645223261804,Jed Water at Jedburgh,Scotland,139.402887561404,2060052940,2,2,train
camelsgb_21027,2922,88.87,camelsgb,55.770271280351245,-2.279465304619633,Blackadder Water at Mouth Bridge,Scotland,154.72382157223768,2060052940,2,2,train
camelsgb_22001,2922,88.87,camelsgb,55.33357356294136,-1.6320088310935386,Coquet at Morwick,England,576.0215876991286,2060052960,1,1,val
camelsgb_22009,2922,88.87,camelsgb,55.30844656531837,-1.8959051862671064,Coquet at Rothbury,England,344.6495472056027,2060052960,1,1,val
camelsgb_23001,2922,88.87,camelsgb,54.94993675075219,-1.941296518058159,Tyne at Bywell,Great Britain,2164.1000159135942,2060052960,1,1,val
camelsgb_23004,2922,88.87,camelsgb,54.97643907398292,-2.225629383853488,South Tyne at Haydon Bridge,England,747.0603252324032,2060052960,1,1,val
camelsgb_23007,2922,88.87,camelsgb,54.91726715942893,-1.7392126139491542,Derwent at Rowlands Gill,England,243.07876191095303,2060052960,1,1,val
camelsgb_23008,2922,88.87,camelsgb,55.14309046642182,-2.2080419938455926,Rede at Rede Bridge,England,343.86842717375134,2060052960,1,1,val
camelsgb_24001,2922,88.87,camelsgb,54.733889681596686,-1.589674706155212,Wear at Sunderland Bridge,England,658.7222313782974,2060052960,1,1,val
camelsgb_24003,2764,84.06,camelsgb,54.74631637274228,-2.0269048604681226,Wear at Stanhope,England,172.85265477424667,2060052960,1,1,val
camelsgb_24005,2920,88.81,camelsgb,54.74249460542856,-1.599156135928296,Browney at Burnhall,England,178.31655453196657,2060052960,1,1,val
camelsgb_25001,2922,88.87,camelsgb,54.51837066532156,-1.6010590535184968,Tees at Darlington Broken Scar,England,844.5621667281509,2060052960,1,1,val
camelsgb_25029,2896,88.08,camelsgb,54.47774840809957,-1.2985573751155477,Leven at Foxton Bridge,England,183.17220272465755,2060052960,1,1,val
camelsgb_26005,2922,88.87,camelsgb,54.09315126983984,-0.2633035779897152,Gypsey Race at Boynton,England,247.18007117954764,2060052960,1,1,val
camelsgb_26009,2701,82.15,camelsgb,53.9853516249506,-0.3747530521776783,West Beck at Snakeholme Lock,England,194.86883135538395,2060052960,1,1,val
camelsgb_27001,2922,88.87,camelsgb,53.97122548073767,-1.3489816601962457,Nidd at Hunsingore Weir,England,492.1550861293822,2060053240,4,4,train
camelsgb_27003,2922,88.87,camelsgb,53.72295686886301,-1.1976628916618577,Aire at Beal Weir,England,1929.1644424086303,2060053240,4,4,train
camelsgb_27006,2922,88.87,camelsgb,53.41396429521579,-1.415758221505469,Don at Sheffield Hadfields,England,363.6188551092718,2060053260,1,1,val
camelsgb_27007,2922,88.87,camelsgb,54.0980939715514,-1.4571414058412673,Ure at Westwick Lock,England,909.2894047397216,2060053240,4,4,train
camelsgb_27009,2922,88.87,camelsgb,53.99128175537665,-1.134479325645749,Ouse at Skelton,Great Britain,3288.8269629837423,2060053240,4,4,train
camelsgb_27021,2922,88.87,camelsgb,53.52933582087218,-1.1419323824077428,Don at Doncaster,England,1248.524915264151,2060053260,1,1,val
camelsgb_27025,2922,88.87,camelsgb,53.36684941417766,-1.3520514393295318,Rother at Woodhouse Mill,England,353.71709150843736,2060053260,1,1,val
camelsgb_27026,2922,88.87,camelsgb,53.26575511264375,-1.4116624117261904,Rother at Whittington,England,166.46125121416569,2060053260,1,1,val
camelsgb_27029,2922,88.87,camelsgb,53.69399260771463,-1.8131721526011464,Calder at Elland,England,339.5538564981271,2060053240,4,4,train
camelsgb_27030,2922,88.87,camelsgb,53.51272496579846,-1.2825123476195328,Dearne at Adwick,England,309.89403878454914,2060053260,1,1,val
camelsgb_27034,2922,88.87,camelsgb,54.2692050612952,-1.7088146914477849,Ure at Kilgram Bridge,England,509.0796447424594,2060053240,4,4,train
camelsgb_27035,2922,88.87,camelsgb,53.90731315400616,-1.9846509085004973,Aire at Kildwick Bridge,England,282.3778702350994,2060053240,4,4,train
camelsgb_27041,2922,88.87,camelsgb,54.01924391420036,-0.8856170634043574,Derwent at Buttercrambe,England,1588.255463537886,2060053240,4,4,train
camelsgb_27043,2922,88.87,camelsgb,53.93971711015201,-1.8621643806412207,Wharfe at Addingham,England,428.4638487091272,2060053240,4,4,train
camelsgb_27071,2922,88.87,camelsgb,54.15411717950981,-1.3506945244018376,Swale at Crakehill,England,1349.4685142282376,2060053240,4,4,train
camelsgb_27079,2922,88.87,camelsgb,53.72606586424215,-1.382691323872729,Calder at Methley,England,946.8724098763072,2060053240,4,4,train
camelsgb_27080,2922,88.87,camelsgb,53.74850181156058,-1.422669004617538,Aire at Oulton Lemonroyd,England,858.5220248375102,2060053240,4,4,train
camelsgb_27087,2920,88.81,camelsgb,54.18566618263285,-0.7251742097508402,Derwent at Low Marishes,England,474.1081636283665,2060053240,4,4,train
camelsgb_27089,2922,88.87,camelsgb,53.89092062538823,-1.275611678855182,Wharfe at Tadcaster,England,812.4251107863286,2060053240,4,4,train
camelsgb_27090,2922,88.87,camelsgb,54.3888216333136,-1.6532099970240497,Swale at Catterick Bridge,England,495.739207803376,2060053240,4,4,train
camelsgb_28003,2922,88.87,camelsgb,52.52075950329266,-1.7517729843292464,Tame at Water Orton,England,404.2940149923305,2060053260,1,1,val
camelsgb_28008,2922,88.87,camelsgb,52.954290782377946,-1.834143315424624,Dove at Rocester Weir,England,396.6440552816592,2060053260,1,1,val
camelsgb_28009,2922,88.87,camelsgb,52.95344262565293,-1.0784557677125894,Trent at Colwick,Great Britain,7441.592112987804,2060053260,1,1,val
camelsgb_28012,2922,88.87,camelsgb,52.75693046755315,-1.805702628083788,Trent at Yoxall,England,1202.6163664990102,2060053260,1,1,val
camelsgb_28015,2922,88.87,camelsgb,53.39800708297371,-0.9636038055899292,Idle at Mattersey,England,526.3461521260419,2060053260,1,1,val
camelsgb_28018,2922,88.87,camelsgb,52.85653358560577,-1.648875039542886,Dove at Marston on Dove,England,881.1180232633465,2060053260,1,1,val
camelsgb_28022,2922,88.87,camelsgb,53.13613655385828,-0.799206767125541,Trent at North Muskham,Great Britain,8182.03790576127,2060053260,1,1,val
camelsgb_28023,2922,88.87,camelsgb,53.2238573728084,-1.7281095627477503,Wye at Ashford,England,151.75509306338958,2060053260,1,1,val
camelsgb_28024,2922,88.87,camelsgb,52.70632222208392,-1.0910695386499178,Wreake at Syston Mill,England,415.5921808619998,2060053260,1,1,val
camelsgb_28026,2922,88.87,camelsgb,52.627187664375015,-1.613187312748342,Anker at Polesworth,England,370.3626908784647,2060053260,1,1,val
camelsgb_28043,2922,88.87,camelsgb,53.211668409223314,-1.6112413626127668,Derwent at Chatsworth,England,343.15846755399366,2060053260,1,1,val
camelsgb_28048,2922,88.87,camelsgb,53.06393181226491,-1.441260660904479,Amber at Wingfield Park,England,128.20206030600374,2060053260,1,1,val
camelsgb_28066,2922,88.87,camelsgb,52.48386184970884,-1.7338682274579904,Cole at Coleshill,England,118.98847964643086,2060053260,1,1,val
camelsgb_28067,2922,88.87,camelsgb,52.88051128706998,-1.3456952134779034,Derwent at Church Wilne,England,1172.629210597974,2060053260,1,1,val
camelsgb_28074,2922,88.87,camelsgb,52.83153746955052,-1.2717708948934563,Soar at Kegworth,England,1296.0964771014917,2060053260,1,1,val
camelsgb_28081,2922,88.87,camelsgb,52.55904485457408,-1.9807808973234104,Tame at Bescot,England,173.90089540380572,2060053260,1,1,val
camelsgb_28082,2922,88.87,camelsgb,52.57101090746713,-1.2017281314655788,Soar at Littlethorpe,England,179.9605357394591,2060053260,1,1,val
camelsgb_28085,2922,88.87,camelsgb,52.928167527543096,-1.474992714367382,Derwent at St Mary's Bridge,England,1047.4405503853563,2060053260,1,1,val
camelsgb_28091,2922,88.87,camelsgb,53.37724209166403,-1.0522728342497047,Ryton at Blyth,England,227.43865174609164,2060053260,1,1,val
camelsgb_28093,2922,88.87,camelsgb,52.75719828285654,-1.1635076490149956,Soar at Pillings Lock,England,1106.377974488241,2060053260,1,1,val
camelsgb_28116,2922,88.87,camelsgb,53.22651336454784,-1.0080434990672011,Maun at Whitewater Bridge,England,155.4600940220273,2060053260,1,1,val
camelsgb_28117,2922,88.87,camelsgb,53.08723295726821,-1.5066540259076786,Derwent at Whatstandwell,England,744.9904252419744,2060053260,1,1,val
camelsgb_30001,2922,88.87,camelsgb,53.0223204193543,-0.7461622786176867,Witham at Claypole Mill,England,294.6396636585402,2060053270,4,4,train
camelsgb_31006,2922,88.87,camelsgb,52.675257984995696,-0.4666650502315392,Gwash at Belmesthorpe,England,148.65356532827212,2060053270,4,4,train
camelsgb_31021,2908,88.44,camelsgb,52.51587457133251,-0.7948162292876877,Welland at Ashley,England,246.26362254458053,2060053270,4,4,train
camelsgb_32004,2922,88.87,camelsgb,52.33198011152173,-0.6818266696630623,Ise Brook at Harrowden,England,193.70420750286183,2060053270,4,4,train
camelsgb_33006,2922,88.87,camelsgb,52.537790574960674,0.6099667741927185,Wissey at Northwold Total,England,258.3004664720907,2060053500,3,3,train
camelsgb_33012,2922,88.87,camelsgb,52.254242131191,-0.3078048499019266,Kym at Meagre Farm,England,137.67993042428608,2060053500,3,3,train
camelsgb_33013,2922,88.87,camelsgb,52.37666197586694,0.7834193278851367,Sapiston at Rectory Bridge,England,195.3518436861883,2060053500,3,3,train
camelsgb_33014,2895,88.05,camelsgb,52.32642497436672,0.578394317929407,Lark at Temple,England,272.94877299302743,2060053500,3,3,train
camelsgb_33019,2922,88.87,camelsgb,52.41269970026096,0.7621887144620089,Thet at Melford Bridge,England,310.07304007026056,2060053500,3,3,train
camelsgb_33020,2922,88.87,camelsgb,52.33060652152021,-0.2282091566931492,Alconbury Brook at Brampton,England,211.9846293865669,2060053500,3,3,train
camelsgb_33021,2922,88.87,camelsgb,52.15146185319915,0.067339402862768,Rhee at Burnt Mill,England,306.94743840692706,2060053500,3,3,train
camelsgb_33022,2922,88.87,camelsgb,52.14456591482854,-0.3166277158514297,Ivel at Blunham,England,537.7728763878318,2060053500,3,3,train
camelsgb_33024,2871,87.32,camelsgb,52.13461298558151,0.1417836976541689,Cam at Dernford,England,198.8542114078432,2060053500,3,3,train
camelsgb_33026,2909,88.47,camelsgb,52.28719253517252,-0.2177870683781604,Bedford Ouse at Offord,Great Britain,2557.706022863656,2060053500,3,3,train
camelsgb_33039,2909,88.47,camelsgb,52.16723294742638,-0.3053028628296497,Bedford Ouse at Roxton,England,1656.8267404931632,2060053500,3,3,train
camelsgb_33053,2922,88.87,camelsgb,52.14187429679185,0.1479488279810952,Granta at Stapleford,England,113.5574681315514,2060053500,3,3,train
camelsgb_34003,2922,88.87,camelsgb,52.819461699725,1.2518489544393545,Bure at Ingworth,England,160.56094186948994,2060053510,4,4,train
camelsgb_34004,2922,88.87,camelsgb,52.66863236649232,1.2179660774441952,Wensum at Costessey Mill,England,557.32550343086,2060053510,4,4,train
camelsgb_35008,2837,86.28,camelsgb,52.18131952666728,1.008159776805741,Gipping at Stowmarket,England,125.3336258379208,2060053510,4,4,train
camelsgb_36006,2922,88.87,camelsgb,51.97160238294615,0.9403675545181204,Stour at Langham,England,569.1150825342203,2060053510,4,4,train
camelsgb_37001,2922,88.87,camelsgb,51.57624418892644,0.0405681339123558,Roding at Redbridge,England,299.96005043129674,2060053790,3,3,train
camelsgb_37008,2922,88.87,camelsgb,51.73666312082323,0.4794658195041058,Chelmer at Springfield,England,188.91181711825453,2060053510,4,4,train
camelsgb_38001,2922,88.87,camelsgb,51.76415334324052,0.0138875132875438,Lee at Feildes Weir,England,1041.4264206549733,2060053790,3,3,train
camelsgb_38003,2922,88.87,camelsgb,51.80342445811374,-0.1412735013855655,Mimram at Panshanger Park,England,129.76007560997138,2060053790,3,3,train
camelsgb_38004,2922,88.87,camelsgb,51.839050948681226,-0.0275396944093964,Rib at Wadesmill,England,136.30126771334096,2060053790,3,3,train
camelsgb_38030,2922,88.87,camelsgb,51.80124001313353,-0.0797656733496624,Beane at Hartham,England,173.24167720378122,2060053790,3,3,train
camelsgb_39001,2922,88.87,camelsgb,51.41544304014813,-0.3077098937779369,Thames at Kingston,Great Britain,9899.68263379628,2060053790,3,3,train
camelsgb_39006,2908,88.44,camelsgb,51.714020479637576,-1.419844783469223,Windrush at Newbridge,England,360.4771494771046,2060053790,3,3,train
camelsgb_39007,2918,88.75,camelsgb,51.37737783020505,-0.9512445702428493,Blackwater at Swallowfield,England,358.68780660295914,2060053790,3,3,train
camelsgb_39014,2908,88.44,camelsgb,51.7046703048521,-0.3360588151944698,Ver at Hansteads,England,134.10018153818493,2060053790,3,3,train
camelsgb_39021,2868,87.23,camelsgb,51.861343892696354,-1.3013740264236946,Cherwell at Enslow Mill,England,553.6938633209887,2060053790,3,3,train
camelsgb_39022,2921,88.84,camelsgb,51.38183079537704,-0.9666475601553656,Loddon at Sheepbridge,England,176.2299260422174,2060053790,3,3,train
camelsgb_39023,2922,88.87,camelsgb,51.57187119510417,-0.7085873321179702,Wye at Hedsor,England,133.74825984672938,2060053790,3,3,train
camelsgb_39025,2887,87.8,camelsgb,51.37916796649619,-1.1855126169890169,Enborne at Brimpton,England,141.57993586552598,2060053790,3,3,train
camelsgb_39027,2922,88.87,camelsgb,51.48462228226472,-1.0876198861597683,Pang at Pangbourne,England,175.14546291979312,2060053790,3,3,train
camelsgb_39034,2831,86.1,camelsgb,51.78626842940716,-1.351694625085923,Evenlode at Cassington Mill,England,425.8140927538964,2060053790,3,3,train
camelsgb_39035,2922,88.87,camelsgb,51.66535697046944,-1.8918891128396105,Churn at Cerney Wick,England,126.36111623590948,2060053790,3,3,train
camelsgb_39072,2922,88.87,camelsgb,51.48562376489358,-0.5894244822144058,Thames at Royal Windsor Park,Great Britain,7102.883160303929,2060053790,3,3,train
camelsgb_39078,2919,88.78,camelsgb,51.209454428446406,-0.8035574530522659,Wey (North) at Farnham,England,192.0165656028449,2060053790,3,3,train
camelsgb_39105,2922,88.87,camelsgb,51.740642722583225,-1.1152052698875292,Thame at Wheatley,England,529.8166529487364,2060053790,3,3,train
camelsgb_39141,2922,88.87,camelsgb,51.23604002263279,-0.5780184270895786,Wey at Guildford,England,688.6454680510077,2060053790,3,3,train
camelsgb_40003,2922,88.87,camelsgb,51.25086954579382,0.4469605125154627,Medway at Teston / East Farleigh,England,1256.8230947248228,2060053800,1,1,val
camelsgb_40005,2922,88.87,camelsgb,51.202070701516114,0.5160240074337015,Beult at Stilebridge,England,277.00382851652626,2060053800,1,1,val
camelsgb_40007,2922,88.87,camelsgb,51.1444581924665,0.1684564654894481,Medway at Chafford / Colliersland Bridge,England,251.2076346408939,2060053800,1,1,val
camelsgb_4001,2922,88.87,camelsgb,57.5565778759325,-4.539965631918392,Conon at Moy Bridge,Scotland,957.579648288076,2060051160,2,2,train
camelsgb_40010,2922,88.87,camelsgb,51.172233836168886,0.1730783511869284,Eden at Penshurst / Vexour Bridge,England,223.64950906436303,2060053800,1,1,val
camelsgb_40016,2922,88.87,camelsgb,51.44984518003361,0.1725195948553407,Cray at Crayford,England,123.05792038360524,2060053790,3,3,train
camelsgb_40018,2922,88.87,camelsgb,51.35698694252508,0.1964190416318795,Darent at Lullingstone,England,121.81672064583752,2060053790,3,3,train
camelsgb_4003,2922,88.87,camelsgb,57.69601067222042,-4.258760815633095,Alness at Alness,Scotland,201.3747530867236,2060051160,2,2,train
camelsgb_41009,2922,88.87,camelsgb,50.95167791417005,-0.5289823751818692,Rother at Hardham,England,359.6618057865774,2060048790,1,1,val
camelsgb_41014,2860,86.98,camelsgb,50.99624278262455,-0.5095182936730487,Arun at Pallingham,England,395.570565829868,2060048790,1,1,val
camelsgb_41019,2822,85.83,camelsgb,51.086795827915054,-0.4062318770134288,Arun at Alfoldean,England,151.13129106468753,2060048790,1,1,val
camelsgb_42001,2922,88.87,camelsgb,50.863671435737054,-1.1666315371924,Wallington at North Fareham,England,111.34760319078536,2060048790,1,1,val
camelsgb_42004,2922,88.87,camelsgb,50.96807617505996,-1.4970979652760517,Test at Broadlands,England,1031.649602017947,2060048790,1,1,val
camelsgb_42010,2922,88.87,camelsgb,50.98765880575439,-1.344171400784172,Itchen at Highbridge & Allbrook Total,England,338.8983879799596,2060048790,1,1,val
camelsgb_42024,2922,88.87,camelsgb,51.15247880703386,-1.4509170390787098,Test at Chilbolton Total,England,477.0043234355736,2060048790,1,1,val
camelsgb_42027,2921,88.84,camelsgb,51.177848063710414,-1.3984001523161302,Dever at Bransbury,England,121.99428875935052,2060048790,1,1,val
camelsgb_43006,2912,88.56,camelsgb,51.07639004478212,-1.8625600579479795,Nadder at Wilton,England,215.00566665283108,2060048980,1,1,val
camelsgb_43007,2922,88.87,camelsgb,50.76389744537926,-1.8420939458994232,Stour at Throop,England,1059.040469177306,2060048980,1,1,val
camelsgb_43008,2922,88.87,camelsgb,51.10747498601368,-1.8781373962615624,Wylye at South Newton,England,446.86022479161386,2060048980,1,1,val
camelsgb_43009,2922,88.87,camelsgb,50.931393282884414,-2.257437092148123,Stour at Hammoon,England,517.2477466244383,2060048980,1,1,val
camelsgb_43018,2922,88.87,camelsgb,50.80583697688903,-1.9896592879644568,Allen at Walford Mill,England,170.39069183863575,2060048980,1,1,val
camelsgb_43021,2818,85.71,camelsgb,50.748132115812936,-1.7801490151617536,Avon at Knapp Mill,England,1707.3199276383095,2060048980,1,1,val
camelsgb_44001,2922,88.87,camelsgb,50.68105446381929,-2.189228526740144,Frome at East Stoke Total,England,413.4086380275799,2060048990,2,2,train
camelsgb_44002,2922,88.87,camelsgb,50.688066429174974,-2.124209613618347,Piddle at Baggs Mill,England,183.27287359392147,2060048990,2,2,train
camelsgb_45001,2922,88.87,camelsgb,50.80417401444207,-3.51130891240181,Exe at Thorverton,England,606.2238967196934,2060048990,2,2,train
camelsgb_45003,2922,88.87,camelsgb,50.84316490786569,-3.392347163962817,Culm at Woodmill,England,228.2113054079744,2060048990,2,2,train
camelsgb_45005,2922,88.87,camelsgb,50.68837188137154,-3.294337292032177,Otter at Dotton,England,202.21627475876625,2060048990,2,2,train
camelsgb_45009,2922,88.87,camelsgb,51.0231133175936,-3.5199733043899992,Exe at Pixton,England,147.34158857239393,2060048990,2,2,train
camelsgb_45012,2922,88.87,camelsgb,50.75965983135227,-3.5596270698006256,Creedy at Cowley,England,262.7900881509996,2060048990,2,2,train
camelsgb_46014,2922,88.87,camelsgb,50.59512235977192,-3.615940270676034,Teign at Chudleigh,England,231.53487488108192,2060048990,2,2,train
camelsgb_47001,2922,88.87,camelsgb,50.531270000352784,-4.221854120689505,Tamar at Gunnislake,England,917.0288123778791,2060048990,2,2,train
camelsgb_47005,2922,88.87,camelsgb,50.65539886680807,-4.353714392934244,Ottery at Werrington Park,England,121.22617675375876,2060048990,2,2,train
camelsgb_47008,2922,88.87,camelsgb,50.64724161345895,-4.2675532769013245,Thrushel at Tinhay,England,112.33433888126156,2060048990,2,2,train
camelsgb_48011,2922,88.87,camelsgb,50.43105298952024,-4.679474308672904,Fowey at Restormel,England,166.59666786163584,2060048990,2,2,train
camelsgb_50001,2922,88.87,camelsgb,50.99546875203298,-3.985041310032316,Taw at Umberleigh,England,830.2422323083314,2060048990,2,2,train
camelsgb_50002,2799,85.13,camelsgb,50.94693199479856,-4.137295269155403,Torridge at Torrington,England,661.9936667612396,2060048990,2,2,train
camelsgb_50006,2922,88.87,camelsgb,50.9731342618753,-3.9097905982995607,Mole at Woodleigh,England,325.92667936193243,2060048990,2,2,train
camelsgb_52005,2922,88.87,camelsgb,51.01907454940471,-3.1337076318782966,Tone at Bishops Hull,England,203.0247531185569,2060048990,2,2,train
camelsgb_52006,2922,88.87,camelsgb,50.94348832288776,-2.608745856517591,Yeo at Pen Mill,England,215.7716605579929,2060048990,2,2,train
camelsgb_52010,2922,88.87,camelsgb,51.08364699919583,-2.586799559896709,Brue at Lovington,England,137.4115869072854,2060048990,2,2,train
camelsgb_53005,2922,88.87,camelsgb,51.348768597137024,-2.341472452725584,Midford Brook at Midford,England,146.82834316398765,2060048990,2,2,train
camelsgb_53007,2922,88.87,camelsgb,51.30662354399804,-2.280850552756119,Frome (Somerset) at Tellisford,England,262.9836805411496,2060048990,2,2,train
camelsgb_53013,2922,88.87,camelsgb,51.45568223042551,-2.065637198179437,Marden at Stanley,Great Britain,99.16468233505604,2060048990,2,2,train
camelsgb_53018,2799,85.13,camelsgb,51.40182623546493,-2.309983208406971,Avon at Bathford,England,1564.6806899767248,2060048990,2,2,train
camelsgb_53022,2922,88.87,camelsgb,51.38434657147744,-2.377345918023403,Avon at Bath ultrasonic,England,1617.056115534856,2060048990,2,2,train
camelsgb_53028,2922,88.87,camelsgb,51.41796019973199,-2.268748751239375,By Brook at Middlehill,Great Britain,99.19455314772618,2060048990,2,2,train
camelsgb_54001,2922,88.87,camelsgb,52.38303495083852,-2.321266242014716,Severn at Bewdley,Great Britain,4315.276474522324,2060049660,1,1,val
camelsgb_54002,2922,88.87,camelsgb,52.09200107644584,-1.9429275273940263,Avon at Evesham,Great Britain,2200.899196019404,2060049660,1,1,val
camelsgb_54004,2802,85.22,camelsgb,52.3549308078465,-1.514624084039129,Sowe at Stoneleigh,England,262.6756522961448,2060049660,1,1,val
camelsgb_54005,2922,88.87,camelsgb,52.72457384430876,-2.872207645858788,Severn at Montford,Great Britain,2019.7781052837604,2060049660,1,1,val
camelsgb_54007,2922,88.87,camelsgb,52.18040629690792,-1.8750867864622176,Arrow at Broom,England,319.81107231802275,2060049660,1,1,val
camelsgb_54008,2922,88.87,camelsgb,52.313305004256335,-2.591547630889937,Teme at Tenbury,England,1120.9215835410832,2060049660,1,1,val
camelsgb_54011,2922,88.87,camelsgb,52.25538196084732,-2.1939159978951714,Salwarpe at Harford Hill,England,185.9292650527968,2060049660,1,1,val
camelsgb_54012,2922,88.87,camelsgb,52.70663806876277,-2.6055871996252,Tern at Walcot,England,848.806209131028,2060049660,1,1,val
camelsgb_54015,2922,88.87,camelsgb,52.11454018308948,-2.1081217935131016,Bow Brook at Besford Bridge,England,157.81096635305613,2060049660,1,1,val
camelsgb_54016,2922,88.87,camelsgb,52.72360696165742,-2.609820019078214,Roden at Rodington,England,261.0649473176942,2060049660,1,1,val
camelsgb_54017,2922,88.87,camelsgb,51.908143185984535,-2.326091694299869,Leadon at Wedderburn Bridge,England,286.509052709915,2060049660,1,1,val
camelsgb_54019,2922,88.87,camelsgb,52.34088970399045,-1.512840265196867,Avon at Stareton,England,344.9304923869152,2060049660,1,1,val
camelsgb_54024,2922,88.87,camelsgb,52.555301861693096,-2.376064252356094,Worfe at Burcote,England,254.39908597032343,2060049660,1,1,val
camelsgb_54027,2922,88.87,camelsgb,51.740086790290114,-2.247398635928552,Frome at Ebley Mill,England,196.1009706059836,2060049660,1,1,val
camelsgb_54028,2921,88.84,camelsgb,52.769175103529605,-3.1087104844656284,Vyrnwy at Llanymynech,Wales,776.4260667431627,2060049660,1,1,val
camelsgb_54029,2922,88.87,camelsgb,52.19915853354056,-2.389289546532655,Teme at Knightsford Bridge,England,1478.799193635146,2060049660,1,1,val
camelsgb_54032,2922,88.87,camelsgb,52.04958805222888,-2.20047419656456,Severn at Saxons Lode,Great Britain,6842.050194671856,2060049660,1,1,val
camelsgb_54038,2922,88.87,camelsgb,52.7943231079768,-3.110299177765847,Tanat at Llanyblodwel,Wales,240.29591005046493,2060049660,1,1,val
camelsgb_54049,2922,88.87,camelsgb,52.28621061565838,-1.549048775756367,Leam at Princes Drive Weir,England,365.9299329613496,2060049660,1,1,val
camelsgb_54057,2799,85.13,camelsgb,51.9491764550828,-2.227058829109238,Severn at Haw Bridge,Great Britain,9853.050268952784,2060049660,1,1,val
camelsgb_54095,2922,88.87,camelsgb,52.636181945840406,-2.5252626684510497,Severn at Buildwas,Great Britain,3710.019871584952,2060049660,1,1,val
camelsgb_55002,2861,87.01,camelsgb,52.04518013545568,-2.7523276321740635,Wye at Belmont,England,1887.873407806644,2060049680,3,3,train
camelsgb_55007,2922,88.87,camelsgb,52.09101148605978,-3.3503804557015147,Wye at Erwood,Wales,1279.005748067948,2060049680,3,3,train
camelsgb_55014,2922,88.87,camelsgb,52.276657054630434,-2.933123300675943,Lugg at Byton,England,201.87032984482312,2060049680,3,3,train
camelsgb_55016,2840,86.37,camelsgb,52.2096129860204,-3.428982229894887,Ithon at Disserth,Wales,357.72424475688285,2060049680,3,3,train
camelsgb_55021,2922,88.87,camelsgb,52.22641720571393,-2.730382422737946,Lugg at Butts Bridge,England,364.6790871887483,2060049680,3,3,train
camelsgb_55023,2922,88.87,camelsgb,51.79633582875861,-2.686274482458245,Wye at Redbrook,Great Britain,4003.063804170072,2060049680,3,3,train
camelsgb_55025,2922,88.87,camelsgb,52.03048064466903,-3.216911808300427,Llynfi at Three Cocks,Wales,131.1953197425702,2060049680,3,3,train
camelsgb_55026,2922,88.87,camelsgb,52.2968022471107,-3.5032771067737545,Wye at Ddol Farm,Wales,171.52348577699814,2060049680,3,3,train
camelsgb_55032,2922,88.87,camelsgb,52.26912079385512,-3.572144204786901,Elan at Caban Dam,Wales,183.1336281588957,2060049680,3,3,train
camelsgb_56001,2922,88.87,camelsgb,51.74518524693193,-2.9485781541857423,Usk at Chainbridge,Wales,910.2359234319558,2060049690,4,4,train
camelsgb_56002,2922,88.87,camelsgb,51.59386093547526,-3.0715663668215982,Ebbw at Rhiwderin,Wales,211.14316268208609,2060049690,4,4,train
camelsgb_57004,2922,88.87,camelsgb,51.652094402025575,-3.3320895469625955,Cynon at Abercynon,Wales,102.95488417714256,2060049690,4,4,train
camelsgb_57005,2922,88.87,camelsgb,51.59872504112063,-3.3307580226918225,Taff at Pontypridd,Wales,450.2130357415936,2060049690,4,4,train
camelsgb_57006,2922,88.87,camelsgb,51.60935171904326,-3.369209222155012,Rhondda at Trehafod,Wales,102.35687470731628,2060049690,4,4,train
camelsgb_57007,2922,88.87,camelsgb,51.64776879083681,-3.31779797204093,Taff at Fiddlers Elbow,Wales,193.20970591995624,2060049690,4,4,train
camelsgb_57009,2922,88.87,camelsgb,51.48559039650984,-3.267273254726607,Ely at St Fagans,Wales,145.9749357072493,2060049690,4,4,train
camelsgb_58001,2922,88.87,camelsgb,51.50320213501926,-3.580764876871561,Ogmore at Bridgend,Wales,157.26285372424132,2060049690,4,4,train
camelsgb_60002,2922,88.87,camelsgb,51.88097406958786,-4.168029805514535,Cothi at Felin Mynachdy,Wales,297.6548702551856,2060049690,4,4,train
camelsgb_60003,2922,88.87,camelsgb,51.8150962976726,-4.5571824224932245,Taf at Clog-y-Fran,Wales,215.5939380384355,2060049690,4,4,train
camelsgb_60006,2922,88.87,camelsgb,51.87394444638202,-4.281503356412021,Gwili at Glangwili,Wales,130.66100141072585,2060049690,4,4,train
camelsgb_60010,2922,88.87,camelsgb,51.8631413884264,-4.201463959812589,Tywi at Capel Dewi,Wales,1088.5424754422738,2060049690,4,4,train
camelsgb_6007,2922,88.87,camelsgb,57.45453658767128,-4.259846865817447,Ness at Ness-side,Scotland,1821.7171256161744,2060051160,2,2,train
camelsgb_62001,2922,88.87,camelsgb,52.04540541318756,-4.56174047763753,Teifi at Glanteifi,Wales,894.281350650681,2060049690,4,4,train
camelsgb_64001,2922,88.87,camelsgb,52.600869552247055,-3.854636776501177,Dyfi at Dyfi Bridge,Wales,462.93706502001766,2060049690,4,4,train
camelsgb_66001,2922,88.87,camelsgb,53.22751798067358,-3.394746639815567,Clwyd at Pont-y-Cambwll,Wales,403.1146063979071,2060049690,4,4,train
camelsgb_66006,2922,88.87,camelsgb,53.23262507194724,-3.5709265107617707,Elwy at Pont-y-Gwyddel,Wales,190.65741541910967,2060049690,4,4,train
camelsgb_66011,2922,88.87,camelsgb,53.10637528672739,-3.792062517799895,Conwy at Cwmlanerch,Wales,338.8549651628556,2060049690,4,4,train
camelsgb_67006,2922,88.87,camelsgb,52.981128696981855,-3.430155766424753,Alwen at Druid,Wales,184.8073579817577,2060049690,4,4,train
camelsgb_67015,2922,88.87,camelsgb,52.96651280263825,-2.9718870213851414,Dee at Manley Hall,Wales,1005.1382830246778,2060049690,4,4,train
camelsgb_68001,2922,88.87,camelsgb,53.16765931894752,-2.492526421320103,Weaver at Ashbrook,England,620.5927870753326,2060049690,4,4,train
camelsgb_68003,2922,88.87,camelsgb,53.24217532561624,-2.4995705811399827,Dane at Rudheath,England,411.0601620548883,2060049690,4,4,train
camelsgb_68005,2922,88.87,camelsgb,52.98356596473557,-2.518982509514942,Weaver at Audlem,England,200.7062462480363,2060049690,4,4,train
camelsgb_69007,2765,84.09,camelsgb,53.43834674692784,-2.3440949455932443,Mersey at Ashton Weir,England,664.9882094301793,2060050410,3,3,train
camelsgb_69015,2922,88.87,camelsgb,53.41370593472384,-2.0580180585521424,Etherow at Compstall,England,148.8857852508234,2060050410,3,3,train
camelsgb_69017,2922,88.87,camelsgb,53.404916075449385,-2.0560656935702184,Goyt at Marple Bridge,England,183.60479183994312,2060050410,3,3,train
camelsgb_69023,2922,88.87,camelsgb,53.565912106456935,-2.2930249309859665,Roch at Blackford Bridge,England,189.7988924678129,2060050410,3,3,train
camelsgb_69027,2894,88.02,camelsgb,53.4235414731425,-2.141427884409866,Tame at Portwood,England,145.50101408942194,2060050410,3,3,train
camelsgb_7001,2922,88.87,camelsgb,57.377174275559305,-3.954818379052088,Findhorn at Shenachie,Scotland,413.6534895499403,2060051160,2,2,train
camelsgb_7002,2922,88.87,camelsgb,57.60477143683218,-3.6440849777216098,Findhorn at Forres,Scotland,778.1582200629721,2060051160,2,2,train
camelsgb_7003,2922,88.87,camelsgb,57.64636932612995,-3.351933200861932,Lossie at Sheriffmills,Scotland,215.67843830548,2060051160,2,2,train
camelsgb_7005,2922,88.87,camelsgb,57.51151029854293,-3.661788594232365,Divie at Dunphail,Scotland,163.88126549267298,2060051160,2,2,train
camelsgb_71001,2922,88.87,camelsgb,53.76842223028521,-2.6246824962536857,Ribble at Samlesbury,England,1140.6336769596285,2060050420,4,4,train
camelsgb_71004,2922,88.87,camelsgb,53.820050158894325,-2.4127305034948106,Calder at Whalley Weir,England,316.3261156750939,2060050420,4,4,train
camelsgb_71006,2922,88.87,camelsgb,53.8480166808576,-2.424192924813197,Ribble at Henthorn,England,444.578133173014,2060050420,4,4,train
camelsgb_71008,2922,88.87,camelsgb,53.85468559304031,-2.451320716488001,Hodder at Hodder Place,England,257.20425266538047,2060050420,4,4,train
camelsgb_72004,2922,88.87,camelsgb,54.08161660359454,-2.720892157298825,Lune at Caton,England,981.794878085664,2060050420,4,4,train
camelsgb_72005,2922,88.87,camelsgb,54.30988560790924,-2.5823984473037265,Lune at Killington,England,218.42693660023727,2060050420,4,4,train
camelsgb_73005,2799,85.13,camelsgb,54.28005476177355,-2.7559618179175644,Kent at Sedgwick,England,211.45167179408267,2060050420,4,4,train
camelsgb_75003,2922,88.87,camelsgb,54.6778690438916,-3.2441010228856664,Derwent at Ouse Bridge,England,361.6584817114158,2060050420,4,4,train
camelsgb_75004,2922,88.87,camelsgb,54.64041049830631,-3.34813860018692,Cocker at Southwaite Bridge,England,115.7138365179997,2060050420,4,4,train
camelsgb_76005,2922,88.87,camelsgb,54.648387679696654,-2.6143966248806887,Eden at Temple Sowerby,England,615.9334798426424,2060050420,4,4,train
camelsgb_76007,2922,88.87,camelsgb,54.904903320362926,-2.952860411750588,Eden at Sheepmount,Great Britain,2267.4387850330268,2060050420,4,4,train
camelsgb_76008,2922,88.87,camelsgb,54.914703056884576,-2.80303785047118,Irthing at Greenholme,England,332.151362515684,2060050420,4,4,train
camelsgb_77002,2922,88.87,camelsgb,55.06626448825071,-2.9462314204132647,Esk at Canonbie,Scotland,493.461249685309,2060050790,2,2,train
camelsgb_77003,2922,88.87,camelsgb,55.07440364963343,-2.91840436405124,Liddel Water at Rowanburnfoot,England,318.05251179258977,2060050790,2,2,train
camelsgb_78003,2922,88.87,camelsgb,55.021651006529474,-3.267726462994095,Annan at Brydekirk,Scotland,921.2716117292082,2060050790,2,2,train
camelsgb_78006,2922,88.87,camelsgb,55.29395420661904,-3.4190349211159274,Annan at Woodfoot,Scotland,217.1323155762693,2060050790,2,2,train
camelsgb_79002,2922,88.87,camelsgb,55.14868483036642,-3.6907477895475607,Nith at Friars Carse,Scotland,794.3331772446463,2060050790,2,2,train
camelsgb_79004,2922,88.87,camelsgb,55.22736753175028,-3.8170447778924026,Scar Water at Capenoch,Scotland,142.08788421288176,2060050790,2,2,train
camelsgb_79005,2922,88.87,camelsgb,55.09849667416027,-3.680572104389797,Cluden Water at Fiddlers Ford,Scotland,236.2211005376348,2060050790,2,2,train
camelsgb_79006,2922,88.87,camelsgb,55.27462202809138,-3.79952435006438,Nith at Drumlanrig,Scotland,467.0292112908103,2060050790,2,2,train
camelsgb_80002,2922,88.87,camelsgb,54.95554150087582,-3.979143494642812,Dee at Glenlochar,Scotland,806.9148523205471,2060050790,2,2,train
camelsgb_8004,2922,88.87,camelsgb,57.39985122064233,-3.357051614528193,Avon at Delnashaugh,Scotland,538.354511933012,2060052380,2,2,train
camelsgb_8005,2922,88.87,camelsgb,57.25139174346538,-3.747028714095789,Spey at Boat of Garten,Scotland,1255.4957294912074,2060052380,2,2,train
camelsgb_8006,2922,88.87,camelsgb,57.55104114228048,-3.1403879905116416,Spey at Boat o Brig,Great Britain,2839.468763777601,2060052380,2,2,train
camelsgb_8009,2922,88.87,camelsgb,57.3019575933403,-3.6991153847831697,Dulnain at Balnaan Bridge,Scotland,270.95476685125766,2060052380,2,2,train
camelsgb_8013,2922,88.87,camelsgb,57.1188993713096,-3.901082911140577,Feshie at Feshie Bridge,Scotland,228.5911320940603,2060052380,2,2,train
camelsgb_81003,2922,88.87,camelsgb,54.90073648492813,-4.839719169630001,Luce at Airyhemming,Scotland,169.91231467173012,2060050790,2,2,train
camelsgb_81006,2922,88.87,camelsgb,55.038871423117584,-4.563503073487043,Water of Minnoch at Minnoch Bridge,Scotland,138.3947420407916,2060050790,2,2,train
camelsgb_82001,2922,88.87,camelsgb,55.25880542869862,-4.807721078653187,Girvan at Robstone,Scotland,242.53347413787287,2060050790,2,2,train
camelsgb_82003,2922,88.87,camelsgb,55.107178703665184,-4.968322164134335,Stinchar at Balnowlart,Scotland,323.0570323099551,2060050790,2,2,train
camelsgb_83003,2922,88.87,camelsgb,55.504625598950426,-4.336590525714606,Ayr at Catrine,Scotland,166.52818220293494,2060050790,2,2,train
camelsgb_83004,2922,88.87,camelsgb,55.46679971679479,-4.362070272523299,Lugar Water at Langholm,Scotland,202.93346747480155,2060050790,2,2,train
camelsgb_83006,2922,88.87,camelsgb,55.46104475192369,-4.592546215572651,Ayr at Mainholm,Scotland,576.5003090523638,2060050790,2,2,train
camelsgb_83013,2922,88.87,camelsgb,55.60118279859663,-4.493559861133147,Irvine at Glenfield,Scotland,210.9550760014708,2060050790,2,2,train
camelsgb_84001,2922,88.87,camelsgb,55.90623637152018,-4.307622645745176,Kelvin at Killermont,Scotland,333.73819830915335,2060051150,2,2,train
camelsgb_84004,2922,88.87,camelsgb,55.6631239809462,-3.7050582825019656,Clyde at Sills of Clyde,Scotland,739.188997564873,2060051150,2,2,train
camelsgb_84005,2922,88.87,camelsgb,55.79734304974769,-4.068305590302739,Clyde at Blairston,Scotland,1692.17390862317,2060051150,2,2,train
camelsgb_84012,2922,88.87,camelsgb,55.8360652966897,-4.398537424439782,White Cart Water at Hawkhead,Scotland,235.20258842221185,2060051150,2,2,train
camelsgb_84013,2922,88.87,camelsgb,55.82998693101471,-4.121948375332353,Clyde at Daldowie,Scotland,1893.164962771864,2060051150,2,2,train
camelsgb_84014,2922,88.87,camelsgb,55.74419907015001,-3.986819754337453,Avon Water at Fairholm,Scotland,261.91532711478965,2060051150,2,2,train
camelsgb_84018,2922,88.87,camelsgb,55.64374171427404,-3.759021243080097,Clyde at Tulliford Mill,Scotland,934.4597791324916,2060051150,2,2,train
camelsgb_84019,2922,88.87,camelsgb,55.83754617849589,-4.107779142700728,North Calder Water at Calderpark,Scotland,128.77204982171833,2060051150,2,2,train
camelsgb_84022,2922,88.87,camelsgb,55.515795451924326,-3.695370241485666,Duneaton at Maidencots,Scotland,111.21088906414676,2060051150,2,2,train
camelsgb_85001,2922,88.87,camelsgb,55.9887712383185,-4.575981983562061,Leven at Linnbrane,Scotland,782.4379059315963,2060051160,2,2,train
camelsgb_9002,2922,88.87,camelsgb,57.537665907946746,-2.493533359341369,Deveron at Muiresk,Scotland,957.2298228638748,2060052390,4,4,train
camelsgb_9004,2922,88.87,camelsgb,57.42475755640302,-2.8020153761461324,Bogie at Redcraig,Scotland,181.63869599084583,2060052390,4,4,train
camelsgb_94001,2922,88.87,camelsgb,57.761441997546825,-5.599076947710643,Ewe at Poolewe,Scotland,438.8458144370404,2060051160,2,2,train
camelsgb_96002,2922,88.87,camelsgb,58.480072126614125,-4.207749248823591,Naver at Apigill,Scotland,471.6675143704096,2060051160,2,2,train
hysets_01010000,2921,88.84,hysets,46.70055556,-69.7155556,"St. John River at Ninemile Bridge, Maine",United States of America,3467.3874127671857,7060038320,3,3,train
hysets_01010070,2921,88.84,hysets,46.89388889,-69.7516667,"Big Black River near Depot Mtn, Maine",United States of America,475.0072794258802,7060038320,3,3,train
hysets_01010500,2921,88.84,hysets,47.11305556,-69.0880556,"St. John River at Dickey, Maine",United States of America,6942.099132443783,7060038320,3,3,train
hysets_01013500,2921,88.84,hysets,47.2375,-68.58277778,"Fish River near Fort Kent, Maine",United States of America,2243.8998248615194,7060038320,3,3,train
hysets_01014000,2921,88.84,hysets,47.2833333,-68.58527778,"St. John River below Fish R, nr Fort Kent, Maine",United States of America,14652.724016512802,7060038320,3,3,train
hysets_01017290,2921,88.84,hysets,46.8886111,-67.945,"Little Madawaska River at Caribou, Maine",United States of America,598.5994502802909,7060038320,3,3,train
hysets_01018035,2921,88.84,hysets,46.1811111,-67.80388889,"Meduxnekeag River at Lowery Rd. nr Houlton, Maine",United States of America,670.4063631514284,7060038320,3,3,train
hysets_01022500,2921,88.84,hysets,44.60805556,-67.93527778,"Narraguagus River at Cherryfield, Maine",United States of America,587.3929751417464,7060038340,2,2,train
hysets_01027200,2921,88.84,hysets,45.93527778,-69.9936111,"North Branch Penobscot River nr Pittston Farm, ME",United States of America,580.7643447809344,7060038810,2,2,train
hysets_01030500,2921,88.84,hysets,45.5011111,-68.3058333,"Mattawamkeag River near Mattawamkeag, Maine",United States of America,3666.6075281706176,7060038810,2,2,train
hysets_01031450,2921,88.84,hysets,45.1844444,-69.4522222,"Kingsbury Stream at Abbot Village, Maine",United States of America,238.08556305813497,7060038810,2,2,train
hysets_01031500,2921,88.84,hysets,45.175,-69.3147222,"Piscataquis River near Dover-Foxcroft, Maine",United States of America,767.0253093505211,7060038810,2,2,train
hysets_01044550,2921,88.84,hysets,45.3136111,-70.2416667,"Spencer Stream near Grand Falls, Maine",United States of America,502.8386981558034,7060038980,1,1,val
hysets_01046000,2921,88.84,hysets,45.0644444,-69.8805556,"Austin Stream at Bingham, Maine",United States of America,242.56922305318483,7060038980,1,1,val
hysets_01047000,2921,88.84,hysets,44.86916667,-69.955,"Carrabassett River near North Anson, Maine",United States of America,910.93124118107,7060038980,1,1,val
hysets_01048000,2921,88.84,hysets,44.70805556,-69.9375,"Sandy River near Mercer, Maine",United States of America,1336.2822371585974,7060038980,1,1,val
hysets_01052500,2921,88.84,hysets,44.8775,-71.0575,"Diamond River near Wentworth Location, NH",United States of America,394.4682999679979,7060038980,1,1,val
hysets_01054200,2921,88.84,hysets,44.39055556,-70.9797222,"Wild River at Gilead, Maine",United States of America,180.3925138437776,7060038980,1,1,val
hysets_01055500,2921,88.84,hysets,44.26944444,-70.2297222,"Nezinscot River at Turner Center, Maine",United States of America,436.1968122355826,7060038980,1,1,val
hysets_01064500,2921,88.84,hysets,43.9908333,-71.0905556,"Saco River near Conway, NH",United States of America,993.7863867659904,7060039060,1,1,val
hysets_01064801,2921,88.84,hysets,43.83007396,-71.2878488,"BEARCAMP RIVER AT SOUTH TAMWORTH, NH",United States of America,172.55413009685302,7060039060,1,1,val
hysets_01074520,2921,88.84,hysets,44.0475669,-71.6598029,"EAST BRANCH PEMIGEWASSET RIVER AT LINCOLN, NH",United States of America,296.4509751708216,7060039160,2,2,train
hysets_01075000,2921,88.84,hysets,43.9761792,-71.6795244,"PEMIGEWASSET RIVER AT WOODSTOCK, NH",United States of America,502.8861406680688,7060039160,2,2,train
hysets_01076500,2921,88.84,hysets,43.7592388,-71.6856337,"PEMIGEWASSET RIVER AT PLYMOUTH, NH",United States of America,1609.2722815613924,7060039160,2,2,train
hysets_01078000,2921,88.84,hysets,43.56646307,-71.747857,"SMITH RIVER NEAR BRISTOL, NH",United States of America,221.2938233553733,7060039160,2,2,train
hysets_01086000,2921,88.84,hysets,43.25091159,-71.7322996,"WARNER RIVER AT DAVISVILLE, NH",United States of America,376.53193756217786,7060039160,2,2,train
hysets_01089500,2921,88.84,hysets,43.25674759,-71.36951248,"SUNCOOK RIVER AT NORTH CHICHESTER, NH",United States of America,399.1775977835949,7060039160,2,2,train
hysets_01091000,2921,88.84,hysets,43.01480519,-71.64146129,"SOUTH BRANCH PISCATAQUOG RIVER NEAR GOFFSTOWN, NH",United States of America,266.1408505538827,7060039160,2,2,train
hysets_01094000,2921,88.84,hysets,42.8575865,-71.5061785,"SOUHEGAN RIVER AT MERRIMACK, NH",United States of America,439.5875058987871,7060039160,2,2,train
hysets_01111500,2921,88.84,hysets,41.99648716,-71.5625632,"BRANCH RIVER AT FORESTDALE, RI",United States of America,236.36724948885816,7060039170,3,3,train
hysets_01117430,2921,88.84,hysets,41.44621186,-71.6211738,"PAWCATUCK RIVER AT KENYON, RI",United States of America,188.2619108216251,7060039170,3,3,train
hysets_01118500,2921,88.84,hysets,41.38371065,-71.8331247,"PAWCATUCK RIVER AT WESTERLY, RI",United States of America,764.9361438384065,7060039170,3,3,train
hysets_011230695,2921,88.84,hysets,41.57000278,-72.0462444,"SHETUCKET RIVER AT TAFTVILLE, CT",United States of America,1328.164158892721,7060039170,3,3,train
hysets_01125490,2921,88.84,hysets,41.92784444,-71.9300083,"LITTLE RIVER AT HARRISVILLE, CT",United States of America,92.98293065435774,7060039170,3,3,train
hysets_01134500,2921,88.84,hysets,44.5117231,-71.8373143,"MOOSE RIVER AT VICTORY, VT",United States of America,195.14620831855632,7060039620,3,3,train
hysets_01135300,2921,88.84,hysets,44.4353353,-72.03842899,"SLEEPERS RIVER (SITE W-5) NEAR ST. JOHNSBURY, VT",United States of America,109.79234472042236,7060039620,3,3,train
hysets_01137500,2921,88.84,hysets,44.2686741,-71.6303617,"AMMONOOSUC RIVER AT BETHLEHEM JUNCTION, NH",United States of America,228.02906641088128,7060039620,3,3,train
hysets_01144000,2921,88.84,hysets,43.71423614,-72.418149,"WHITE RIVER AT WEST HARTFORD, VT",United States of America,1776.3501504727883,7060039620,3,3,train
hysets_01153550,2921,88.84,hysets,43.1917433,-72.48508889,WILLIAMS RIVER NEAR ROCKINGHAM VT,United States of America,288.7542854241879,7060039620,3,3,train
hysets_01154000,2636,80.17,hysets,43.13757777,-72.4881444,"SAXTONS RIVER AT SAXTONS RIVER, VT",United States of America,186.98162724646804,7060039620,3,3,train
hysets_01169000,2921,88.84,hysets,42.63841775,-72.7250922,"NORTH RIVER AT SHATTUCKVILLE, MA",United States of America,230.72259338143263,7060039620,3,3,train
hysets_01174500,2921,88.84,hysets,42.3934237,-72.2386926,"EAST BRANCH SWIFT RIVER NEAR HARDWICK, MA",United States of America,112.7990012522302,7060039620,3,3,train
hysets_01176000,2921,88.84,hysets,42.18231566,-72.263691,"QUABOAG RIVER AT WEST BRIMFIELD, MA",United States of America,386.6312221624533,7060039620,3,3,train
hysets_01181000,2921,88.84,hysets,42.23731169,-72.895654,"WEST BRANCH WESTFIELD RIVER AT HUNTINGTON, MA",United States of America,242.77415807790263,7060039620,3,3,train
hysets_01193500,2921,88.84,hysets,41.55232124,-72.44925287,"SALMON RIVER NEAR EAST HAMPTON, CT",United States of America,262.8516987343405,7060039620,3,3,train
hysets_01196500,2921,88.84,hysets,41.45026389,-72.841275,"QUINNIPIAC RIVER AT WALLINGFORD, CT",United States of America,287.2995382052193,7060039630,1,1,val
hysets_01198000,2921,88.84,hysets,42.1929083,-73.3912306,"GREEN RIVER NEAR GREAT BARRINGTON, MA",United States of America,131.69815989519515,7060039630,1,1,val
hysets_01198125,2921,88.84,hysets,42.0748138,-73.33344858,"HOUSATONIC RIVER NEAR ASHLEY FALLS, MA",United States of America,1209.3596330543298,7060039630,1,1,val
hysets_01200000,2921,88.84,hysets,41.65876389,-73.5286833,"TENMILE RIVER NEAR GAYLORDSVILLE, CT",United States of America,528.3207690958994,7060039630,1,1,val
hysets_01204000,2921,88.84,hysets,41.48193889,-73.2245722,"POMPERAUG RIVER AT SOUTHBURY, CT",United States of America,195.0603964122166,7060039630,1,1,val
hysets_01321000,2921,88.84,hysets,43.35277778,-74.27027778,SACANDAGA RIVER NEAR HOPE NY,United States of America,1260.7821886860086,7060039870,3,3,train
hysets_01329490,2921,88.84,hysets,43.1086111,-73.4216667,BATTEN KILL BELOW MILL AT BATTENVILLE NY,United States of America,1024.269052930762,7060039870,3,3,train
hysets_01333000,2921,88.84,hysets,42.7089695,-73.1967729,"GREEN RIVER AT WILLIAMSTOWN, MA",United States of America,110.36701802427528,7060039870,3,3,train
hysets_01334000,2921,88.84,hysets,42.91285604,-73.2564981,"WALLOOMSAC RIVER NEAR NORTH BENNINGTON, VT",United States of America,298.4879962436907,7060039870,3,3,train
hysets_01334500,2921,88.84,hysets,42.9386111,-73.3769444,HOOSIC RIVER NEAR EAGLE BRIDGE NY,United States of America,1322.4487847816035,7060039870,3,3,train
hysets_01335754,2921,88.84,hysets,42.82916667,-73.6661111,HUDSON RIVER ABOVE LOCK 1 NEAR WATERFORD NY,United States of America,11948.059300197066,7060039870,3,3,train
hysets_01343060,2921,88.84,hysets,43.3661111,-74.95777778,WEST CANADA CREEK NEAR WILMURT NY,United States of America,608.163355263602,7060039870,3,3,train
hysets_01348000,2921,88.84,hysets,43.01666667,-74.7408333,EAST CANADA CREEK AT EAST CREEK NY,United States of America,755.1027678888834,7060039870,3,3,train
hysets_01349000,2921,88.84,hysets,42.92925,-74.63288889,OTSQUAGO CREEK AT FORT PLAIN NY,United States of America,156.0925267386193,7060039870,3,3,train
hysets_01358000,2921,88.84,hysets,42.7522222,-73.68888889,HUDSON RIVER AT GREEN ISLAND NY,United States of America,20943.401035165112,7060039870,3,3,train
hysets_01361000,2921,88.84,hysets,42.33055556,-73.74388889,KINDERHOOK CREEK AT ROSSMAN NY,United States of America,843.1588832008804,7060039870,3,3,train
hysets_01362200,2921,88.84,hysets,42.11694444,-74.38027778,ESOPUS CREEK AT ALLABEN NY,United States of America,164.9366413637301,7060039870,3,3,train
hysets_01371500,2921,88.84,hysets,41.6861111,-74.16527778,WALLKILL RIVER AT GARDINER NY,United States of America,1832.5751035736005,7060039870,3,3,train
hysets_01372500,2921,88.84,hysets,41.65305556,-73.8725,WAPPINGER CREEK NEAR WAPPINGERS FALLS NY,United States of America,467.2392527647799,7060039870,3,3,train
hysets_01374531,2921,88.84,hysets,41.37377778,-73.63875,EAST BRANCH CROTON RIVER NEAR CROTON FALLS NY,United States of America,231.5326630311458,7060039870,3,3,train
hysets_01387500,2921,88.84,hysets,41.09805556,-74.16277778,Ramapo River near Mahwah NJ,United States of America,318.3733409546562,7060039920,3,3,train
hysets_01400000,2921,88.84,hysets,40.57055556,-74.6791667,North Branch Raritan River near Raritan NJ,United States of America,481.26376684527605,7060039990,4,4,train
hysets_01400500,2723,82.82,hysets,40.55555556,-74.58277778,Raritan River at Manville NJ,United States of America,1269.479521821195,7060039990,4,4,train
hysets_01402000,2919,88.78,hysets,40.475,-74.5758333,Millstone River at Blackwells Mills NJ,United States of America,669.8518165370632,7060039990,4,4,train
hysets_01403060,2921,88.84,hysets,40.5511111,-74.5483333,Raritan River below Calco Dam at Bound Brook NJ,United States of America,2023.0015094008288,7060039990,4,4,train
hysets_01413408,2921,88.84,hysets,42.14666667,-74.6233333,DRY BROOK AT ARKVILLE,United States of America,212.2806961277386,7060040360,3,3,train
hysets_01421900,2921,88.84,hysets,42.28027778,-74.9072222,WEST BRANCH DELAWARE RIVER UPSTREAM FROM DELHI NY,United States of America,347.0946439110554,7060040360,3,3,train
hysets_01422500,2921,88.84,hysets,42.2522222,-74.9016667,LITTLE DELAWARE RIVER NEAR DELHI NY,United States of America,128.61341110227644,7060040360,3,3,train
hysets_01423000,2921,88.84,hysets,42.1661111,-75.14,WEST BRANCH DELAWARE RIVER AT WALTON NY,United States of America,858.353008864828,7060040360,3,3,train
hysets_01432900,2921,88.84,hysets,41.66805556,-74.7805556,MONGAUP RIVER AT MONGAUP VALLEY NY,United States of America,198.67691520971704,7060040360,3,3,train
hysets_01435000,2921,88.84,hysets,41.89,-74.59,NEVERSINK RIVER NEAR CLARYVILLE NY,United States of America,171.755530031076,7060040360,3,3,train
hysets_01439500,2921,88.84,hysets,41.08815078,-75.03767469,"Bush Kill at Shoemakers, PA",United States of America,302.2814564966608,7060040360,3,3,train
hysets_01440000,2921,88.84,hysets,41.1061111,-74.9525,Flat Brook near Flatbrookville NJ,United States of America,168.18335357980948,7060040360,3,3,train
hysets_01440400,2921,88.84,hysets,41.0848148,-75.2146251,"Brodhead Creek near Analomink, PA",United States of America,177.73761779888596,7060040360,3,3,train
hysets_01443500,2921,88.84,hysets,40.9808333,-74.9533333,Paulins Kill at Blairstown NJ,United States of America,326.2705745591022,7060040360,3,3,train
hysets_01445500,2921,88.84,hysets,40.83055556,-74.97777778,Pequest River at Pequest NJ,United States of America,272.78937351046784,7060040360,3,3,train
hysets_01447500,2921,88.84,hysets,41.1303626,-75.625467,"Lehigh River at Stoddartsville, PA",United States of America,236.6735999170893,7060040360,3,3,train
hysets_01451650,2921,88.84,hysets,40.59648637,-75.4740717,Little Lehigh Creek at Tenth St. Br. at Allentown,United States of America,253.6204425797501,7060040360,3,3,train
hysets_01452000,2921,88.84,hysets,40.62315267,-75.4824053,"Jordan Creek at Allentown, PA",United States of America,195.9805275471168,7060040360,3,3,train
hysets_01452500,2921,88.84,hysets,40.6412091,-75.37934709,"Monocacy Creek at Bethlehem, PA",United States of America,112.1507072165443,7060040360,3,3,train
hysets_01463500,2921,88.84,hysets,40.22166667,-74.7780556,Delaware River at Trenton NJ,United States of America,17550.431556357977,7060040360,3,3,train
hysets_01464000,2921,88.84,hysets,40.22416667,-74.7491667,Assunpink Creek at Trenton NJ,United States of America,232.8808702776124,7060040360,3,3,train
hysets_01464750,2921,88.84,hysets,40.26038549,-75.0348915,"Neshaminy Creek near Rushland, PA",United States of America,235.360400812415,7060040360,3,3,train
hysets_01472810,2921,88.84,hysets,40.2587137,-75.4287873,"East Branch Perkiomen Creek near Schwenksville, PA",United States of America,151.72787834765975,7060040360,3,3,train
hysets_01473500,2921,88.84,hysets,40.11121934,-75.3468502,"Schuylkill River at Norristown, PA",United States of America,4555.512119510287,7060040360,3,3,train
hysets_01474000,2921,88.84,hysets,40.01539,-75.2068459,"Wissahickon Creek at Mouth, Philadelphia, PA",United States of America,164.55176300954355,7060040360,3,3,train
hysets_01477000,2921,88.84,hysets,39.8690009,-75.4082494,"Chester Creek near Chester, PA",United States of America,156.59982503988104,7060040360,3,3,train
hysets_01478245,2921,88.84,hysets,39.7475,-75.7708333,"White Clay Creek near Strickersville, PA",United States of America,152.84382663525673,7060040360,3,3,train
hysets_01478650,2921,88.84,hysets,39.6892222,-75.74875,"WHITE CLAY CREEK AT NEWARK, DE",United States of America,177.0562701521154,7060040360,3,3,train
hysets_01479000,2921,88.84,hysets,39.6992222,-75.67502778,"WHITE CLAY CREEK NEAR NEWARK, DE",United States of America,230.5813504263588,7060040360,3,3,train
hysets_01480015,2921,88.84,hysets,39.71575,-75.6399444,"RED CLAY CREEK NEAR STANTON, DE",United States of America,135.6720402707321,7060040360,3,3,train
hysets_01481500,2921,88.84,hysets,39.7695,-75.5766944,"BRANDYWINE CREEK AT WILMINGTON, DE",United States of America,822.4819109216108,7060040360,3,3,train
hysets_01502500,2921,88.84,hysets,42.37777778,-75.4061111,UNADILLA RIVER AT ROCKDALE NY,United States of America,1343.8020980566646,7060041050,2,2,train
hysets_01502632,2921,88.84,hysets,42.29138889,-75.47638889,SUSQUEHANNA RIVER AT BAINBRIDGE NY,United States of America,4200.3601483305565,7060041050,2,2,train
hysets_01502731,2921,88.84,hysets,42.0747222,-75.63777778,SUSQUEHANNA RIVER AT WINDSOR NY,United States of America,4804.302908649354,7060041050,2,2,train
hysets_01503000,2921,88.84,hysets,42.03527778,-75.8030556,SUSQUEHANNA RIVER AT CONKLIN NY,United States of America,5781.302933305223,7060041050,2,2,train
hysets_01505000,2921,88.84,hysets,42.6786111,-75.5105556,CHENANGO RIVER AT SHERBURNE NY,United States of America,659.988258903081,7060041050,2,2,train
hysets_01505810,2921,88.84,hysets,42.44166667,-75.59638889,CHENANGO RIVER AT OXFORD NY,United States of America,1176.5038458322897,7060041050,2,2,train
hysets_01507000,2921,88.84,hysets,42.32444444,-75.77138889,CHENANGO RIVER AT GREENE NY,United States of America,1524.6246087272127,7060041050,2,2,train
hysets_01509000,2921,88.84,hysets,42.60277778,-76.1594444,TIOUGHNIOGA RIVER AT CORTLAND NY,United States of America,759.045015582533,7060041050,2,2,train
hysets_01510000,2921,88.84,hysets,42.5411111,-75.8997222,OTSELIC RIVER AT CINCINNATUS NY,United States of America,382.3908414098628,7060041050,2,2,train
hysets_01513500,2921,88.84,hysets,42.0908333,-76.0561111,SUSQUEHANNA RIVER AT VESTAL NY,United States of America,10195.737685556063,7060041050,2,2,train
hysets_01513831,2921,88.84,hysets,42.0972222,-76.26638889,SUSQUEHANNA RIVER AT OWEGO NY,United States of America,10900.5340646917,7060041050,2,2,train
hysets_01515000,2921,88.84,hysets,41.9847222,-76.5011111,SUSQUEHANNA RIVER NEAR WAVERLY NY,United States of America,12348.972884301076,7060041050,2,2,train
hysets_01516350,2921,88.84,hysets,41.7970183,-77.0802457,"Tioga River near Mansfield, PA",United States of America,394.7925476284687,7060041050,2,2,train
hysets_01532000,2921,88.84,hysets,41.7070195,-76.4846654,"Towanda Creek near Monroeton, PA",United States of America,553.6788618064164,7060041050,2,2,train
hysets_01534000,2921,88.84,hysets,41.55841008,-75.89464168,"Tunkhannock Creek near Tunkhannock, PA",United States of America,1016.480104110653,7060041050,2,2,train
hysets_01538700,2921,88.84,hysets,40.9939757,-76.4399451,"Susquehanna River at Bloomsburg, PA",United States of America,27274.19913832204,7060041050,2,2,train
hysets_01539000,2921,88.84,hysets,41.07814118,-76.4310555,"Fishing Creek near Bloomsburg, PA",United States of America,703.605508444373,7060041050,2,2,train
hysets_01540500,2921,88.84,hysets,40.95814218,-76.6191222,"Susquehanna River at Danville, PA",United States of America,29021.76551672364,7060041050,2,2,train
hysets_01541000,2921,88.84,hysets,40.89700655,-78.6769726,"West Branch Susquehanna River at Bower, PA",United States of America,816.1907220046971,7060041050,2,2,train
hysets_01543000,2921,88.84,hysets,41.4133959,-78.1969524,"Driftwood Br Sinnemahoning Cr at Sterling Run, PA",United States of America,703.9086327651855,7060041050,2,2,train
hysets_01543500,2921,88.84,hysets,41.31728467,-78.1030596,"Sinnemahoning Creek at Sinnemahoning, PA",United States of America,1777.4219868686853,7060041050,2,2,train
hysets_01547100,2921,88.84,hysets,40.9317273,-77.7855575,"Spring Creek at Milesburg, PA",United States of America,376.6603109284233,7060041050,2,2,train
hysets_01547700,2921,88.84,hysets,41.05950916,-77.6058264,"Marsh Creek at Blanchard, PA",United States of America,114.06751497965064,7060041050,2,2,train
hysets_01547950,2921,88.84,hysets,41.1117307,-77.7022159,"Beech Creek at Monument, PA",United States of America,394.5436217330637,7060041050,2,2,train
hysets_01548500,2921,88.84,hysets,41.52173586,-77.4474798,"Pine Creek at Cedar Run, PA",United States of America,1556.135380974799,7060041050,2,2,train
hysets_01550000,2921,88.84,hysets,41.41840957,-77.03274598,"Lycoming Creek near Trout Run, PA",United States of America,453.9783419891809,7060041050,2,2,train
hysets_01552000,2921,88.84,hysets,41.32507836,-76.91246379,"Loyalsock Creek at Loyalsockville, PA",United States of America,1127.8987406310168,7060041050,2,2,train
hysets_01555000,2921,88.84,hysets,40.86674917,-77.0483088,"Penns Creek at Penns Creek, PA",United States of America,791.9796924304659,7060041050,2,2,train
hysets_01555500,2921,88.84,hysets,40.61119589,-76.9119198,"East Mahantango Creek near Dalmatia, PA",United States of America,418.88340376325567,7060041050,2,2,train
hysets_01556000,2921,88.84,hysets,40.4631283,-78.199732,"Frankstown Br Juniata River at Williamsburg, PA",United States of America,748.2932918595618,7060041050,2,2,train
hysets_01558000,2921,88.84,hysets,40.61256655,-78.1405645,"Little Juniata River at Spruce Creek, PA",United States of America,578.3922672196871,7060041050,2,2,train
hysets_01559000,2921,88.84,hysets,40.4847958,-78.01889269,"Juniata River at Huntingdon, PA",United States of America,2111.3483089637693,7060041050,2,2,train
hysets_01560000,2921,88.84,hysets,40.07174679,-78.4925172,"Dunning Creek at Belden, PA",United States of America,444.8265467215311,7060041050,2,2,train
hysets_01562000,2921,88.84,hysets,40.21591249,-78.2652901,"Raystown Branch Juniata River at Saxton, PA",United States of America,1951.3234899153365,7060041050,2,2,train
hysets_01565000,2921,88.84,hysets,40.65479256,-77.5830499,"Kishacoquillas Creek at Reedsville, PA",United States of America,421.1162706850169,7060041050,2,2,train
hysets_01566000,2921,88.84,hysets,40.5153564,-77.41915568,"Tuscarora Creek near Port Royal, PA",United States of America,542.8141655423857,7060041050,2,2,train
hysets_01568000,2921,88.84,hysets,40.32341928,-77.1688703,"Sherman Creek at Shermans Dale, PA",United States of America,534.5158645909756,7060041050,2,2,train
hysets_01570000,2921,88.84,hysets,40.2522222,-77.0211111,"Conodoguinet Creek near Hogestown, PA",United States of America,1205.25726184188,7060041050,2,2,train
hysets_01570500,2921,88.84,hysets,40.25481164,-76.8860846,"Susquehanna River at Harrisburg, PA",United States of America,62256.184832417326,7060041050,2,2,train
hysets_01571500,2921,88.84,hysets,40.22481237,-76.8980293,"Yellow Breeches Creek near Camp Hill, PA",United States of America,557.2554232478426,7060041050,2,2,train
hysets_01572190,2921,88.84,hysets,40.4792558,-76.530797,"Swatara Creek near Inwood, PA",United States of America,433.1726015698516,7060041050,2,2,train
hysets_01573000,2921,88.84,hysets,40.4025897,-76.57718829,"Swatara Creek at Harper Tavern, PA",United States of America,870.5522884519625,7060041050,2,2,train
hysets_01573560,2921,88.84,hysets,40.29842358,-76.6677469,"Swatara Creek near Hershey, PA",United States of America,1252.7796772949887,7060041050,2,2,train
hysets_01574000,2921,88.84,hysets,40.08231745,-76.7199675,"West Conewago Creek near Manchester, PA",United States of America,1324.4372352545165,7060041050,2,2,train
hysets_01576000,2921,88.84,hysets,40.0545413,-76.5307992,"Susquehanna River at Marietta, PA",United States of America,67254.7405347655,7060041050,2,2,train
hysets_01576500,2921,88.84,hysets,40.05009748,-76.2771798,"Conestoga River at Lancaster, PA",United States of America,835.6888370879252,7060041050,2,2,train
hysets_01576754,2921,88.84,hysets,39.9464886,-76.3677388,"Conestoga River at Conestoga, PA",United States of America,1212.9063146699907,7060041050,2,2,train
hysets_01576787,2921,88.84,hysets,39.90593409,-76.32829298,"Pequea Creek at Martic Forge, PA",United States of America,387.8727850598801,7060041050,2,2,train
hysets_01577500,2921,88.84,hysets,39.77260378,-76.3157919,"Muddy Creek at Castle Fin, PA",United States of America,343.7501014616597,7060041050,2,2,train
hysets_01580520,2921,88.84,hysets,39.61744444,-76.1918611,"DEER CREEK NEAR DARLINGTON, MD",United States of America,425.1602399491629,7060041050,2,2,train
hysets_01582000,2921,88.84,hysets,39.6040833,-76.6204722,"LITTLE FALLS AT BLUE MOUNT, MD",United States of America,138.98750186596666,7060041060,3,3,train
hysets_01586000,2921,88.84,hysets,39.50366667,-76.8848611,"NORTH BRANCH PATAPSCO RIVER AT CEDARHURST, MD",United States of America,144.11770267012895,7060041060,3,3,train
hysets_01589352,2921,88.84,hysets,39.2715,-76.6485556,"GWYNNS FALLS AT WASHINGTON BLVD AT BALTIMORE, MD",United States of America,158.88414692726283,7060041060,3,3,train
hysets_01594000,2921,88.84,hysets,39.13441667,-76.8161667,"LITTLE PATUXENT RIVER AT SAVAGE, MD",United States of America,254.04659616784565,7060041060,3,3,train
hysets_01595000,2921,88.84,hysets,39.30188889,-79.30688889,"NORTH BRANCH POTOMAC RIVER AT STEYER, MD",United States of America,189.94776072301383,7060041400,1,1,val
hysets_01595300,2921,88.84,hysets,39.36676569,-79.17892449,"ABRAM CREEK AT OAKMONT, WV",United States of America,106.8252208867595,7060041400,1,1,val
hysets_01601500,2921,88.84,hysets,39.6696111,-78.7880278,"WILLS CREEK NEAR CUMBERLAND, MD",United States of America,640.5934811637478,7060041400,1,1,val
hysets_01605500,2921,88.84,hysets,38.63567247,-79.3378199,"SOUTH BRANCH POTOMAC RIVER AT FRANKLIN, WV",United States of America,463.0607593554264,7060041400,1,1,val
hysets_01606000,2921,88.84,hysets,38.9845546,-79.2336508,"N F SOUTH BRANCH POTOMAC RIVER AT CABINS, WV",United States of America,804.7446709714516,7060041400,1,1,val
hysets_01606500,2921,88.84,hysets,38.99122107,-79.17587059,"SOUTH BRANCH POTOMAC RIVER NEAR PETERSBURG, WV",United States of America,1685.4392792903063,7060041400,1,1,val
hysets_01608500,2921,88.84,hysets,39.44703879,-78.6541817,"SOUTH BRANCH POTOMAC RIVER NEAR SPRINGFIELD, WV",United States of America,3782.716458430588,7060041400,1,1,val
hysets_01609000,2921,88.84,hysets,39.5532222,-78.555,"TOWN CREEK NEAR OLDTOWN, MD",United States of America,385.75705084738127,7060041400,1,1,val
hysets_01610000,2921,88.84,hysets,39.53891667,-78.45638889,"POTOMAC RIVER AT PAW PAW, WV",United States of America,8059.265798721496,7060041400,1,1,val
hysets_01610155,2921,88.84,hysets,39.64952778,-78.34413889,"SIDELING HILL CREEK NEAR BELLEGROVE, MD",United States of America,265.49183207407924,7060041400,1,1,val
hysets_01611500,2921,88.84,hysets,39.5823158,-78.3097312,"CACAPON RIVER NEAR GREAT CACAPON, WV",United States of America,1746.1595317923577,7060041400,1,1,val
hysets_01613000,2921,88.84,hysets,39.69755556,-78.17788889,"POTOMAC RIVER AT HANCOCK, MD",United States of America,10546.920215341568,7060041400,1,1,val
hysets_01613095,2921,88.84,hysets,39.7063611,-78.15275,"TONOLOWAY CREEK NEAR HANCOCK, MD",United States of America,300.25049617142776,7060041400,1,1,val
hysets_01613525,2921,88.84,hysets,39.67627778,-78.0425278,"LICKING CREEK AT PECTONVILLE, MD",United States of America,505.30956038080495,7060041400,1,1,val
hysets_01614000,2921,88.84,hysets,39.51204187,-78.0372224,"BACK CREEK NEAR JONES SPRINGS, WV",United States of America,606.3409346234323,7060041400,1,1,val
hysets_01614500,2921,88.84,hysets,39.71638889,-77.8247778,"CONOCOCHEAGUE CREEK AT FAIRVIEW, MD",United States of America,1297.7179804085968,7060041400,1,1,val
hysets_01615000,2921,88.84,hysets,39.1747222,-78.0783333,"OPEQUON CREEK NEAR BERRYVILLE, VA",United States of America,149.40916192844645,7060041400,1,1,val
hysets_01616500,2921,88.84,hysets,39.42371047,-77.9386084,"OPEQUON CREEK NEAR MARTINSBURG, WV",United States of America,703.9007446992166,7060041400,1,1,val
hysets_01618000,2657,80.81,hysets,39.4347222,-77.80138889,"POTOMAC RIVER AT SHEPHERDSTOWN, WV",United States of America,15420.674296330955,7060041400,1,1,val
hysets_01619500,2921,88.84,hysets,39.44977778,-77.7301944,"ANTIETAM CREEK NEAR SHARPSBURG, MD",United States of America,727.2616360311682,7060041400,1,1,val
hysets_01622000,2921,88.84,hysets,38.3404051,-78.9136385,"NORTH RIVER NEAR BURKETOWN, VA",United States of America,969.863980924637,7060041400,1,1,val
hysets_01625000,2921,88.84,hysets,38.26179616,-78.8619703,"MIDDLE RIVER NEAR GROTTOES, VA",United States of America,964.0961013343516,7060041400,1,1,val
hysets_01626000,2921,88.84,hysets,38.0576362,-78.90807949,"SOUTH RIVER NEAR WAYNESBORO, VA",United States of America,328.4447423436712,7060041400,1,1,val
hysets_01626850,2921,88.84,hysets,38.08874648,-78.8769683,"SOUTH RIVER NEAR DOOMS, VA",United States of America,383.53812597832535,7060041400,1,1,val
hysets_01627500,2921,88.84,hysets,38.21874208,-78.8366915,"SOUTH RIVER AT HARRISTON, VA",United States of America,548.2379326559051,7060041400,1,1,val
hysets_01628500,2921,88.84,hysets,38.32262796,-78.7547457,"S F SHENANDOAH RIVER NEAR LYNNWOOD, VA",United States of America,2790.752028878424,7060041400,1,1,val
hysets_01629500,2921,88.84,hysets,38.6462305,-78.5347329,"S F SHENANDOAH RIVER NEAR LURAY, VA",United States of America,3549.9188026058364,7060041400,1,1,val
hysets_01631000,2921,88.84,hysets,38.91400059,-78.21083388,"S F SHENANDOAH RIVER AT FRONT ROYAL, VA",United States of America,4226.961598331882,7060041400,1,1,val
hysets_01632000,2921,88.84,hysets,38.63706254,-78.852803,"N F SHENANDOAH RIVER AT COOTES STORE, VA",United States of America,543.0531788552099,7060041400,1,1,val
hysets_01632082,2921,88.84,hysets,38.60678588,-78.803357,"LINVILLE CREEK AT BROADWAY, VA",United States of America,115.57494242897948,7060041400,1,1,val
hysets_01632900,2921,88.84,hysets,38.69345016,-78.6427935,"SMITH CREEK NEAR NEW MARKET, VA",United States of America,244.43483522776907,7060041400,1,1,val
hysets_01633000,2921,88.84,hysets,38.74567048,-78.6389042,"N F SHENANDOAH RIVER AT MOUNT JACKSON, VA",United States of America,1317.8591243744445,7060041400,1,1,val
hysets_01634000,2921,88.84,hysets,38.9767759,-78.3361152,"N F SHENANDOAH RIVER NEAR STRASBURG, VA",United States of America,1995.84902898923,7060041400,1,1,val
hysets_01634500,2921,88.84,hysets,39.0812176,-78.3294486,"CEDAR CREEK NEAR WINCHESTER, VA",United States of America,264.0544435672768,7060041400,1,1,val
hysets_01635500,2921,88.84,hysets,38.95816564,-78.2666685,"PASSAGE CREEK NEAR BUCKTON, VA",United States of America,223.75771141946825,7060041400,1,1,val
hysets_01636500,2919,88.78,hysets,39.28204576,-77.7891606,"SHENANDOAH RIVER AT MILLVILLE, WV",United States of America,7868.168240099536,7060041400,1,1,val
hysets_01637500,2921,88.84,hysets,39.42725,-77.5561667,"CATOCTIN CREEK NEAR MIDDLETOWN, MD",United States of America,173.59839188540803,7060041400,1,1,val
hysets_01638480,2921,88.84,hysets,39.25510206,-77.5763778,"CATOCTIN CREEK AT TAYLORSTOWN, VA",United States of America,231.6922632810636,7060041400,1,1,val
hysets_01638500,2921,88.84,hysets,39.2735833,-77.5431111,"POTOMAC RIVER AT POINT OF ROCKS, MD",United States of America,24979.459452028976,7060041400,1,1,val
hysets_01639500,2921,88.84,hysets,39.6123611,-77.2374444,"BIG PIPE CREEK AT BRUCEVILLE, MD",United States of America,264.78187683786655,7060041400,1,1,val
hysets_01642190,2921,88.84,hysets,39.4434352,-77.3824848,"MONOCACY RIVER AT MONOCACY BLVD AT FREDERICK, MD",United States of America,1818.1254870331447,7060041400,1,1,val
hysets_01643000,2921,88.84,hysets,39.4028333,-77.3660833,"MONOCACY RIVER AT JUG BRIDGE NEAR FREDERICK, MD",United States of America,2110.024083457413,7060041400,1,1,val
hysets_01643500,2921,88.84,hysets,39.29413889,-77.4070833,"BENNETT CREEK AT PARK MILLS, MD",United States of America,162.68752847633732,7060041400,1,1,val
hysets_01643700,2921,88.84,hysets,38.98649818,-77.7966614,"GOOSE CREEK NEAR MIDDLEBURG, VA",United States of America,314.62790541532337,7060041400,1,1,val
hysets_01643805,2921,88.84,hysets,39.07230556,-77.6839444,"N F GOOSE CREEK AT RT 729 NEAR LINCOLN, VA",United States of America,98.51158186836388,7060041400,1,1,val
hysets_01643880,2921,88.84,hysets,39.0377222,-77.72225,"BEAVERDAM CREEK AT RT 734 NEAR MOUNTVILLE, VA",United States of America,122.16892637115308,7060041400,1,1,val
hysets_01644000,2921,88.84,hysets,39.01955309,-77.5774918,"GOOSE CREEK NEAR LEESBURG, VA",United States of America,859.1229188596297,7060041400,1,1,val
hysets_01644280,2921,88.84,hysets,39.04641667,-77.43238889,"BROAD RUN NEAR LEESBURG, VA",United States of America,196.5879503747628,7060041400,1,1,val
hysets_01646000,2921,88.84,hysets,38.97594346,-77.24581439,"DIFFICULT RUN NEAR GREAT FALLS, VA",United States of America,149.16356856686684,7060041400,1,1,val
hysets_01646500,2921,88.84,hysets,38.94977778,-77.12763889,"POTOMAC RIVER NEAR WASH, DC LITTLE FALLS PUMP STA",United States of America,29926.53355374633,7060041400,1,1,val
hysets_01646502,2917,88.72,hysets,38.94955517,-77.1274789,"POTOMAC RIVER (ADJUSTED) NEAR WASH, DC",United States of America,29926.53355374633,7060041400,1,1,val
hysets_01649500,2921,88.84,hysets,38.96025,-76.9259722,"NORTHEAST BRANCH ANACOSTIA RIVER AT RIVERDALE, MD",United States of America,187.46897919168865,7060041060,3,3,train
hysets_01651000,2875,87.44,hysets,38.9523333,-76.9660556,"NORTHWEST BR ANACOSTIA RIVER NR HYATTSVILLE, MD",United States of America,127.7379219088766,7060041060,3,3,train
hysets_01656000,2921,88.84,hysets,38.63678689,-77.6249897,"CEDAR RUN NEAR CATLETT, VA",United States of America,241.20215190210143,7060041410,4,4,train
hysets_01663500,2647,80.5,hysets,38.59178867,-77.9649962,"HAZEL RIVER AT RIXEYVILLE, VA",United States of America,738.2995863453533,7060041650,2,2,train
hysets_01665500,2921,88.84,hysets,38.28068606,-78.340007,"RAPIDAN RIVER NEAR RUCKERSVILLE, VA",United States of America,296.58577998954325,7060041650,2,2,train
hysets_01666500,2921,88.84,hysets,38.32513047,-78.0955557,"ROBINSON RIVER NEAR LOCUST DALE, VA",United States of America,463.3580148619196,7060041650,2,2,train
hysets_01667500,2921,88.84,hysets,38.35040774,-77.9749972,"RAPIDAN RIVER NEAR CULPEPER, VA",United States of America,1208.4918430911491,7060041650,2,2,train
hysets_01668000,2921,88.84,hysets,38.30846178,-77.52915268,"RAPPAHANNOCK RIVER NEAR FREDERICKSBURG, VA",United States of America,4128.564867286613,7060041650,2,2,train
hysets_01669520,2921,88.84,hysets,37.6337529,-76.6963468,"DRAGON SWAMP AT MASCOT, VA",United States of America,277.1221316498355,7060041660,4,4,train
hysets_01671100,2921,88.84,hysets,37.8726401,-77.5130392,"LITTLE RIVER NEAR DOSWELL, VA",United States of America,277.2287968676325,7060041820,2,2,train
hysets_01672500,2921,88.84,hysets,37.796809,-77.5488744,"SOUTH ANNA RIVER NEAR ASHLAND, VA",United States of America,1022.4800980198934,7060041820,2,2,train
hysets_01674000,2921,88.84,hysets,38.061801,-77.3858142,"MATTAPONI RIVER NEAR BOWLING GREEN, VA",United States of America,664.6842731291895,7060041660,4,4,train
hysets_01674500,2921,88.84,hysets,37.88388889,-77.16527778,"MATTAPONI RIVER NEAR BEULAHVILLE, VA",United States of America,1554.49717294193,7060041660,4,4,train
hysets_01AD002,2921,88.84,hysets,47.25806,-68.59583,SAINT JOHN RIVER AT FORT KENT,Canada,14664.824353124011,7060038320,3,3,train
hysets_01AD003,2921,88.84,hysets,47.20661,-68.95694,ST. FRANCIS RIVER AT OUTLET OF GLASIER LAKE,Canada,1354.829518558448,7060038320,3,3,train
hysets_01AE001,2921,88.84,hysets,47.2375,-68.58278,FISH RIVER NEAR FORT KENT,Canada,2239.7175332411484,7060038320,3,3,train
hysets_01AJ003,2921,88.84,hysets,46.21622,-67.72794,MEDUXNEKEAG RIVER NEAR BELLEVILLE,Canada,1203.8052864117865,7060038320,3,3,train
hysets_01AJ004,2921,88.84,hysets,46.43836,-67.73844,BIG PRESQUE ISLE STREAM AT TRACEY MILLS,Canada,486.3368738755508,7060038320,3,3,train
hysets_01AJ010,2921,88.84,hysets,46.34089,-67.46511,BECAGUIMEC STREAM AT COLDSTREAM,Canada,342.64554800457034,7060038320,3,3,train
hysets_01AK001,2921,88.84,hysets,45.94353,-67.32036,SHOGOMOC STREAM NEAR TRANS CANADA HIGHWAY,Canada,233.4260521576041,7060038320,3,3,train
hysets_01AK007,2921,88.84,hysets,46.04878,-67.23961,NACKAWIC STREAM NEAR TEMPERANCE VALE,Canada,245.69471991514828,7060038320,3,3,train
hysets_01AL002,2921,88.84,hysets,46.12592,-66.61131,NASHWAAK RIVER AT DURHAM BRIDGE,Canada,1451.8742636468814,7060038320,3,3,train
hysets_01AM001,2921,88.84,hysets,45.67378,-66.68289,NORTH BRANCH OROMOCTO RIVER AT TRACY,Canada,563.4771494405029,7060038320,3,3,train
hysets_01AN002,2921,88.84,hysets,46.29072,-65.72275,SALMON RIVER AT CASTAWAY,Canada,1051.1499098266618,7060038320,3,3,train
hysets_01AP002,2921,88.84,hysets,46.07236,-65.36639,CANAAN RIVER AT EAST CANAAN,Canada,667.5282494935619,7060038320,3,3,train
hysets_01AP004,2921,88.84,hysets,45.70139,-65.60169,KENNEBECASIS RIVER AT APOHAQUI,Canada,1100.7850686015308,7060038320,3,3,train
hysets_01AP006,2921,88.84,hysets,45.50344,-66.31897,NEREPIS RIVER NEAR FOWLERS CORNER,Canada,290.13920635696536,7060038320,3,3,train
hysets_01AQ001,2921,88.84,hysets,45.16978,-66.46828,LEPREAU RIVER AT LEPREAU,Canada,230.03591477442475,7060038340,2,2,train
hysets_01BC001,2921,88.84,hysets,47.66708,-67.48308,RESTIGOUCHE RIVER BELOW KEDGWICK RIVER,Canada,3158.662462393607,7060035470,2,2,train
hysets_01BD008,2831,86.1,hysets,48.49167,-67.45,MATAPEDIA (RIVIERE) PRES DE AMQUI,Canada,551.483539931058,7060035470,2,2,train
hysets_01BE001,2921,88.84,hysets,47.83247,-66.88708,UPSALQUITCH RIVER AT UPSALQUITCH,Canada,2263.867675301238,7060035470,2,2,train
hysets_01BF004,2724,82.85,hysets,48.1588,-66.3488,"NOUVELLE (RIVIERE) A 0,2 KM EN AMONT DU PONT-ROUTE 132 A NOUVELLE",Canada,1148.1349224229675,7060035370,4,4,train
hysets_01BG005,2831,86.1,hysets,48.62833,-66.16806,CASCAPEDIA (RIVIERE) EN AVAL DU RUISSEAU BERRY,Canada,1657.3763752818045,7060035360,1,1,val
hysets_01BG008,2862,87.04,hysets,48.23083,-65.735,CASCAPEDIA (PETITE RIVIERE) A SAINT-EDGAR,Canada,1346.7513710413818,7060035330,2,2,train
hysets_01BG009,2831,86.1,hysets,48.18611,-65.55861,BONAVENTURE (RIVIERE) EN AMONT DU RUISSEAU CREUX,Canada,1914.72665270721,7060035320,3,3,train
hysets_01BJ003,2921,88.84,hysets,47.89381,-66.02522,JACQUET RIVER NEAR DURHAM CENTRE,Canada,499.40340810883725,7060035480,4,4,train
hysets_01BJ007,2921,88.84,hysets,47.90867,-66.94806,RESTIGOUCHE RIVER ABOVE RAFTING GROUND BROOK,Canada,7798.646777587183,7060035470,2,2,train
hysets_01BJ010,2921,88.84,hysets,47.60839,-65.72181,MIDDLE RIVER NEAR BATHURST,Canada,218.7633030410817,7060035480,4,4,train
hysets_01BL003,2921,88.84,hysets,47.43578,-65.10606,BIG TRACADIE RIVER AT MURCHY BRIDGE CROSSING,Canada,368.9146371204124,7060035480,4,4,train
hysets_01BO001,2921,88.84,hysets,46.736,-65.82561,SOUTHWEST MIRAMICHI RIVER AT BLACKVILLE,Canada,5113.994250665299,7060035860,2,2,train
hysets_01BP001,2921,88.84,hysets,46.93597,-65.90739,LITTLE SOUTHWEST MIRAMICHI RIVER AT LYTTLETON,Canada,1322.7874281400566,7060035860,2,2,train
hysets_01BQ001,2921,88.84,hysets,47.09475,-65.8365,NORTHWEST MIRAMICHI RIVER AT TROUT BROOK,Canada,970.0058482620964,7060035860,2,2,train
hysets_01BU002,2921,88.84,hysets,45.94639,-65.16819,PETITCODIAC RIVER NEAR PETITCODIAC,Canada,409.80145946186826,7060038180,2,2,train
hysets_01BV006,2921,88.84,hysets,45.55856,-65.01597,POINT WOLFE RIVER AT FUNDY NATIONAL PARK,Canada,135.5616069552444,7060038190,1,1,val
hysets_01EC001,2921,88.84,hysets,43.83736,-65.36911,ROSEWAY RIVER AT LOWER OHIO,Canada,495.8658087209256,7060037350,2,2,train
hysets_01ED005,2921,88.84,hysets,44.33314,-65.20508,MERSEY RIVER BELOW GEORGE LAKE,Canada,719.7221113633235,7060037340,3,3,train
hysets_01EF001,2921,88.84,hysets,44.44744,-64.59119,LAHAVE RIVER AT WEST NORTHFIELD,Canada,1248.3608413926468,7060035870,2,2,train
hysets_01EO001,2921,88.84,hysets,45.17439,-61.97992,ST. MARYS RIVER AT STILLWATER,Canada,1338.417957506227,7060035870,2,2,train
hysets_01FA001,2921,88.84,hysets,45.72025,-61.28611,RIVER INHABITANTS AT GLENORA,Canada,193.53769829326083,7060063860,3,3,train
hysets_02011400,2920,88.81,hysets,38.04234707,-79.8814439,"JACKSON RIVER NEAR BACOVA, VA",United States of America,406.790576084476,7060041900,2,2,train
hysets_02013000,2921,88.84,hysets,37.8029022,-80.0470043,"DUNLAP CREEK NEAR COVINGTON, VA",United States of America,424.0688715752388,7060041900,2,2,train
hysets_02014000,2921,88.84,hysets,37.72901408,-80.0422802,"POTTS CREEK NEAR COVINGTON, VA",United States of America,397.0354802860361,7060041900,2,2,train
hysets_02015700,2921,88.84,hysets,38.19540308,-79.57032338,"BULLPASTURE RIVER AT WILLIAMSVILLE, VA",United States of America,285.67782021017933,7060041900,2,2,train
hysets_02016000,2921,88.84,hysets,37.79179587,-79.7594917,"COWPASTURE RIVER NEAR CLIFTON FORGE, VA",United States of America,1193.4543679149126,7060041900,2,2,train
hysets_02017500,2921,88.84,hysets,37.5062397,-80.106715,"JOHNS CREEK AT NEW CASTLE, VA",United States of America,275.9942298899062,7060041900,2,2,train
hysets_02018000,2921,88.84,hysets,37.66596174,-79.9114388,"CRAIG CREEK AT PARR, VA",United States of America,853.1838356655986,7060041900,2,2,train
hysets_02020500,2921,88.84,hysets,37.98790619,-79.49365288,"CALFPASTURE RIVER ABOVE MILL CREEK AT GOSHEN, VA",United States of America,365.1409477345622,7060041900,2,2,train
hysets_02021500,2921,88.84,hysets,37.90735266,-79.42198289,"MAURY RIVER AT ROCKBRIDGE BATHS, VA",United States of America,850.9188360960283,7060041900,2,2,train
hysets_02024000,2921,88.84,hysets,37.76263275,-79.3914251,"MAURY RIVER NEAR BUENA VISTA, VA",United States of America,1673.938117265922,7060041900,2,2,train
hysets_02027000,2921,88.84,hysets,37.71541868,-78.981691,"TYE RIVER NEAR LOVINGSTON, VA",United States of America,240.8335100358692,7060041900,2,2,train
hysets_02028500,2921,88.84,hysets,37.86958499,-78.8233543,"ROCKFISH RIVER NEAR GREENFIELD, VA",United States of America,245.1893299687773,7060041900,2,2,train
hysets_02030000,2920,88.81,hysets,37.81264259,-78.4552862,"HARDWARE RIVER BL BRIERY RUN NR SCOTTSVILLE, VA",United States of America,300.29261018634264,7060041900,2,2,train
hysets_02030500,2921,88.84,hysets,37.70292198,-78.37750429,"SLATE RIVER NEAR ARVONIA, VA",United States of America,585.9179632563297,7060041900,2,2,train
hysets_02031000,2921,88.84,hysets,38.10263608,-78.5927935,"MECHUMS RIVER NEAR WHITE HALL, VA",United States of America,245.64067387033657,7060041900,2,2,train
hysets_02032640,2796,85.04,hysets,38.1634674,-78.4247323,"N F RIVANNA RIVER NEAR EARLYSVILLE, VA",United States of America,279.2015091378576,7060041900,2,2,train
hysets_02034000,2921,88.84,hysets,37.8579192,-78.2658373,"RIVANNA RIVER AT PALMYRA, VA",United States of America,1716.0778470832463,7060041900,2,2,train
hysets_02035000,2921,88.84,hysets,37.67097957,-78.0858328,"JAMES RIVER AT CARTERSVILLE, VA",United States of America,16197.41185265018,7060041900,2,2,train
hysets_02037500,2921,88.84,hysets,37.5632022,-77.5469314,"JAMES RIVER NEAR RICHMOND, VA",United States of America,17494.42121829509,7060041900,2,2,train
hysets_02039000,2921,88.84,hysets,37.25709664,-78.4863841,"BUFFALO CREEK NEAR HAMPDEN SYDNEY, VA",United States of America,180.6781896171016,7060041920,1,1,val
hysets_02039500,2921,88.84,hysets,37.3070965,-78.388607,"APPOMATTOX RIVER AT FARMVILLE, VA",United States of America,784.4650664352408,7060041920,1,1,val
hysets_02040000,2921,88.84,hysets,37.42153845,-77.8588876,"APPOMATTOX RIVER AT MATTOAX, VA",United States of America,1876.7439705147733,7060041920,1,1,val
hysets_02042500,2921,88.84,hysets,37.43625765,-77.0608027,"CHICKAHOMINY RIVER NEAR PROVIDENCE FORGE, VA",United States of America,651.0888667672157,7060041830,2,2,train
hysets_02044500,2921,88.84,hysets,36.9834822,-77.7997188,"NOTTOWAY RIVER NEAR RAWLINGS, VA",United States of America,819.1272107160606,7060042240,3,3,train
hysets_02045500,2921,88.84,hysets,36.90014978,-77.3996996,"NOTTOWAY RIVER NEAR STONY CREEK, VA",United States of America,1496.6987208100006,7060042240,3,3,train
hysets_02046000,2921,88.84,hysets,37.0670942,-77.602489,"STONY CREEK NEAR DINWIDDIE, VA",United States of America,289.9199119734737,7060042240,3,3,train
hysets_02047000,2921,88.84,hysets,36.7704276,-77.1660778,"NOTTOWAY RIVER NEAR SEBRELL, VA",United States of America,3727.1541039742456,7060042240,3,3,train
hysets_02047500,2921,88.84,hysets,37.0251499,-76.8746824,"BLACKWATER RIVER NEAR DENDRON, VA",United States of America,750.5607563272459,7060042240,3,3,train
hysets_02049500,2921,88.84,hysets,36.7626499,-76.89829369,"BLACKWATER RIVER NEAR FRANKLIN, VA",United States of America,1586.1479953837277,7060042240,3,3,train
hysets_02051000,2921,88.84,hysets,36.9973738,-78.3497182,"NORTH MEHERRIN RIVER NEAR LUNENBURG, VA",United States of America,144.9268991163663,7060042240,3,3,train
hysets_02051500,2921,88.84,hysets,36.71681395,-77.8316582,"MEHERRIN RIVER NEAR LAWRENCEVILLE, VA",United States of America,1430.6237154296591,7060042240,3,3,train
hysets_02052000,2921,88.84,hysets,36.69014954,-77.5405364,"MEHERRIN RIVER AT EMPORIA, VA",United States of America,1929.1496910628423,7060042240,3,3,train
hysets_02053200,2921,88.84,hysets,36.3708333,-77.0255556,"POTECASI CREEK NEAR UNION, NC",United States of America,578.7398232034413,7060042240,3,3,train
hysets_02055000,2921,88.84,hysets,37.25847085,-79.9386485,"ROANOKE RIVER AT ROANOKE, VA",United States of America,996.1362724426882,7060042310,4,4,train
hysets_02056000,2921,88.84,hysets,37.2551384,-79.87142539,"ROANOKE RIVER AT NIAGARA, VA",United States of America,1321.9888293221056,7060042310,4,4,train
hysets_02056650,2921,88.84,hysets,37.22763879,-79.8680915,"BACK CREEK NEAR DUNDEE, VA",United States of America,144.37312087042932,7060042310,4,4,train
hysets_02056900,2921,88.84,hysets,37.0451406,-79.8441993,"BLACKWATER RIVER NEAR ROCKY MOUNT, VA",United States of America,297.7388644312768,7060042310,4,4,train
hysets_02058400,2921,88.84,hysets,36.9459767,-79.5247508,"PIGG RIVER NEAR SANDY LEVEL, VA",United States of America,910.9190275177814,7060042310,4,4,train
hysets_02059500,2921,88.84,hysets,37.1731995,-79.5203076,"GOOSE CREEK NEAR HUDDLESTON, VA",United States of America,485.0426622555415,7060042310,4,4,train
hysets_02061500,2921,88.84,hysets,37.20847738,-79.3036357,"BIG OTTER RIVER NEAR EVINGTON, VA",United States of America,816.0534064474468,7060042310,4,4,train
hysets_02064000,2800,85.16,hysets,37.12680956,-78.9597374,"FALLING RIVER NEAR NARUNA, VA",United States of America,427.55139298437416,7060042310,4,4,train
hysets_02065500,2921,88.84,hysets,37.0793112,-78.7636178,"CUB CREEK AT PHENIX, VA",United States of America,252.80702389554,7060042310,4,4,train
hysets_02069000,2921,88.84,hysets,36.31930349,-80.0500424,"DAN RIVER AT PINE HALL, NC",United States of America,1279.6503632107012,7060042310,4,4,train
hysets_02070000,2921,88.84,hysets,36.56819358,-79.98726539,"NORTH MAYO RIVER NEAR SPENCER, VA",United States of America,278.2735994007651,7060042310,4,4,train
hysets_02071000,2921,88.84,hysets,36.4125,-79.8261111,"DAN RIVER NEAR WENTWORTH, NC",United States of America,2705.8058708866383,7060042310,4,4,train
hysets_02074500,2921,88.84,hysets,36.6195825,-79.5041932,"SANDY RIVER NEAR DANVILLE, VA",United States of America,288.3158052861566,7060042310,4,4,train
hysets_02076000,2921,88.84,hysets,36.6932222,-78.9004167,"DAN RIVER AT SOUTH BOSTON, VA",United States of America,7155.960684744948,7060042310,4,4,train
hysets_02077000,2921,88.84,hysets,36.7765267,-78.9158438,"BANISTER RIVER AT HALIFAX, VA",United States of America,1414.672651544936,7060042310,4,4,train
hysets_02081500,2921,88.84,hysets,36.19416667,-78.5830556,"TAR RIVER NEAR TAR RIVER, NC",United States of America,431.2310797655852,7060042320,4,4,train
hysets_02081747,2921,88.84,hysets,36.09305556,-78.2961111,"TAR R AT US 401 AT LOUISBURG, NC",United States of America,1126.2882233111482,7060042320,4,4,train
hysets_02082950,2921,88.84,hysets,36.1833333,-77.8761111,"LITTLE FISHING CREEK NEAR WHITE OAK, NC",United States of America,461.1571666808319,7060042320,4,4,train
hysets_02083000,2921,88.84,hysets,36.15055556,-77.6930556,"FISHING CREEK NEAR ENFIELD, NC",United States of America,1370.7768734395936,7060042320,4,4,train
hysets_02084000,2914,88.63,hysets,35.61666667,-77.37277778,"TAR RIVER AT GREENVILLE, NC",United States of America,6982.717220259739,7060042320,4,4,train
hysets_02085070,2884,87.71,hysets,36.0722222,-78.9077778,"ENO RIVER NEAR DURHAM, NC",United States of America,368.0996137904528,7060042740,4,4,train
hysets_0208521324,2920,88.81,hysets,36.14166667,-78.9191667,"LITTLE RIVER AT SR1461 NEAR ORANGE FACTORY, NC",United States of America,202.6535833821925,7060042740,4,4,train
hysets_0208726005,2921,88.84,hysets,35.84527778,-78.7244444,"CRABTREE CR AT EBENEZER CHURCH RD NR RALEIGH, NC",United States of America,198.29117073541823,7060042740,4,4,train
hysets_02087324,2921,88.84,hysets,35.8111111,-78.6108333,"CRABTREE CREEK AT US 1 AT RALEIGH, NC",United States of America,314.8139198459205,7060042740,4,4,train
hysets_02088383,2904,88.32,hysets,35.82194444,-78.3522222,"LITTLE RIVER NEAR ZEBULON, NC",United States of America,145.46397314464076,7060042740,4,4,train
hysets_02088500,2921,88.84,hysets,35.51138889,-78.1602778,"LITTLE RIVER NEAR PRINCETON, NC",United States of America,594.7817802731015,7060042740,4,4,train
hysets_02091814,2921,88.84,hysets,35.31388889,-77.30277778,"NEUSE RIVER NEAR FORT BARNWELL, NC",United States of America,10220.212031307408,7060042740,4,4,train
hysets_02095500,2921,88.84,hysets,36.12055556,-79.7080556,"NORTH BUFFALO CREEK NEAR GREENSBORO, NC",United States of America,95.67664604325758,7060042940,3,3,train
hysets_02096500,2917,88.72,hysets,36.0872222,-79.3661111,"HAW RIVER AT HAW RIVER, NC",United States of America,1561.3835774219426,7060042940,3,3,train
hysets_02096960,2921,88.84,hysets,35.76527778,-79.1358333,"HAW RIVER NEAR BYNUM, NC",United States of America,3297.226481210264,7060042940,3,3,train
hysets_02100500,2921,88.84,hysets,35.72638889,-79.6555556,"DEEP RIVER AT RAMSEUR, NC",United States of America,920.3488664413528,7060042940,3,3,train
hysets_02101726,2921,88.84,hysets,35.73514055,-79.4230754,"ROCKY R AT US 64 NEAR SILER CITY, NC",United States of America,178.4911277193926,7060042940,3,3,train
hysets_02102000,2921,88.84,hysets,35.62694444,-79.1161111,"DEEP RIVER AT MONCURE, NC",United States of America,3739.9555937106015,7060042940,3,3,train
hysets_02103000,2921,88.84,hysets,35.1933333,-78.9855556,"LITTLE RIVER AT MANCHESTER, NC",United States of America,894.884570753644,7060042940,3,3,train
hysets_02104220,2921,88.84,hysets,34.9997222,-79.2147222,"ROCKFISH CREEK AT RAEFORD, NC",United States of America,241.95347693934204,7060042940,3,3,train
hysets_02105769,2920,88.81,hysets,34.40444444,-78.2936111,"CAPE FEAR R AT LOCK #1 NR KELLY, NC",United States of America,13658.365855234031,7060042940,3,3,train
hysets_02106500,2921,88.84,hysets,34.755,-78.2886111,"BLACK RIVER NEAR TOMAHAWK, NC",United States of America,1759.1861634210322,7060042940,3,3,train
hysets_02108000,2920,88.81,hysets,34.82888889,-77.8322222,"NORTHEAST CAPE FEAR RIVER NEAR CHINQUAPIN, NC",United States of America,1554.8935107355655,7060042940,3,3,train
hysets_02110500,2921,88.84,hysets,33.9126719,-78.7150175,"WACCAMAW RIVER NEAR LONGS, SC",United States of America,2867.5599573595887,7060043090,1,1,val
hysets_02110704,2887,87.8,hysets,33.8329481,-79.0436473,"WACCAMAW RIVER AT CONWAY MARINA AT CONWAY, SC",United States of America,3691.635022323577,7060043090,1,1,val
hysets_02111180,2894,88.02,hysets,36.07138889,-81.4030556,"ELK CREEK AT ELKVILLE, NC",United States of America,130.53948833221455,7060043090,1,1,val
hysets_02111500,2921,88.84,hysets,36.175,-81.16888889,"REDDIES RIVER AT NORTH WILKESBORO, NC",United States of America,233.516309363583,7060043090,1,1,val
hysets_02113850,2921,88.84,hysets,36.40444444,-80.5616667,"ARARAT RIVER AT ARARAT, NC",United States of America,596.7038865129845,7060043090,1,1,val
hysets_02118000,2921,88.84,hysets,35.845,-80.65888889,"SOUTH YADKIN RIVER NEAR MOCKSVILLE, NC",United States of America,789.5075552581567,7060043090,1,1,val
hysets_02120780,2921,88.84,hysets,35.7176083,-80.596075,"SECOND CREEK NEAR BARBER, NC",United States of America,304.4488256389152,7060043090,1,1,val
hysets_02128000,2921,88.84,hysets,35.3872222,-79.83138889,"LITTLE RIVER NEAR STAR, NC",United States of America,273.112819717816,7060043090,1,1,val
hysets_02130561,2921,88.84,hysets,34.60626798,-79.7883963,"PEE DEE RIVER NR BENNETTSVILLE, SC",United States of America,20146.6753470658,7060043090,1,1,val
hysets_02130900,2921,88.84,hysets,34.51404244,-80.1831244,"BLACK CREEK NEAR MCBEE, SC",United States of America,277.5003105320555,7060043090,1,1,val
hysets_02130980,2921,88.84,hysets,34.24376518,-79.7447833,"BLACK CREEK NEAR QUINBY, SC",United States of America,1138.6042470985697,7060043090,1,1,val
hysets_02131500,2921,88.84,hysets,34.2501545,-80.2136816,"LYNCHES RIVER NEAR BISHOPVILLE, SC",United States of America,1720.1502188260438,7060043090,1,1,val
hysets_02133624,2912,88.56,hysets,34.77277778,-79.3319444,"LUMBER RIVER NEAR MAXTON, NC",United States of America,946.1527351158164,7060043090,1,1,val
hysets_02134170,2921,88.84,hysets,34.62027778,-79.0111111,"LUMBER RIVER AT LUMBERTON, NC",United States of America,1845.3385327962603,7060043090,1,1,val
hysets_02134500,2921,88.84,hysets,34.4425,-78.9602778,"LUMBER RIVER AT BOARDMAN, NC",United States of America,3177.826595095631,7060043090,1,1,val
hysets_02135000,2920,88.81,hysets,34.05710829,-79.2469897,"LITTLE PEE DEE R. AT GALIVANTS FERRY, SC",United States of America,7256.332330395272,7060043090,1,1,val
hysets_02135200,2849,86.65,hysets,33.6610024,-79.1544874,"PEE DEE RIVER AT HWY 701 NR BUCKSPORT, SC",United States of America,36413.6888024096,7060043090,1,1,val
hysets_02136000,2921,88.84,hysets,33.66127545,-79.83590448,"BLACK RIVER AT KINGSTREE, SC",United States of America,3212.3878850871965,7060043100,4,4,train
hysets_02137727,2921,88.84,hysets,35.6858333,-82.0602778,"CATAWBA R NR PLEASANT GARDENS, NC",United States of America,329.5015624315522,7060043160,2,2,train
hysets_02140991,2921,88.84,hysets,35.8336111,-81.7119444,"JOHNS RIVER AT ARNEYS STORE, NC",United States of America,521.6706873685309,7060043160,2,2,train
hysets_02143500,2921,88.84,hysets,35.42055556,-81.2652778,"INDIAN CREEK NEAR LABORATORY, NC",United States of America,180.3418777603061,7060043160,2,2,train
hysets_02145000,2921,88.84,hysets,35.28527778,-81.1011111,"SOUTH FORK CATAWBA RIVER AT LOWELL, NC",United States of America,1625.4883041387543,7060043160,2,2,train
hysets_02146381,2921,88.84,hysets,35.0908333,-80.8994444,"SUGAR CREEK AT NC 51 NEAR PINEVILLE, NC",United States of America,166.97986677032569,7060043160,2,2,train
hysets_02146507,2921,88.84,hysets,35.14805556,-80.8577778,"LITTLE SUGAR C AT ARCHDALE DR AT CHARLOTTE, NC",United States of America,111.64551803209318,7060043160,2,2,train
hysets_02146530,2920,88.81,hysets,35.08527778,-80.8822222,"LITTLE SUGAR CREEK AT PINEVILLE, NC",United States of America,127.7033797616578,7060043160,2,2,train
hysets_02146750,2921,88.84,hysets,35.0664972,-80.86985,"MCALPINE CR BELOW MCMULLEN CR NR PINEVILLE, NC",United States of America,238.4298986347681,7060043160,2,2,train
hysets_0214676115,2776,84.43,hysets,35.0408333,-80.8916667,"MCALPINE CREEK AT SR2964 NR CAMP COX, SC",United States of America,250.19630411163607,7060043160,2,2,train
hysets_02146800,2921,88.84,hysets,35.0059812,-80.9022968,"SUGAR CREEK NEAR FORT MILL, SC",United States of America,679.8165503894762,7060043160,2,2,train
hysets_02147500,2921,88.84,hysets,34.5654221,-80.9198025,"ROCKY CREEK AT GREAT FALLS, SC",United States of America,507.1459472623487,7060043160,2,2,train
hysets_02149000,2921,88.84,hysets,35.4233333,-82.1116667,"COVE CREEK NEAR LAKE LURE, NC",United States of America,203.5490362563345,7060043160,2,2,train
hysets_02150495,2921,88.84,hysets,35.40444444,-81.8725,"SECOND BROAD RIVER NR LOGAN, NC",United States of America,225.1716200848344,7060043160,2,2,train
hysets_02151500,2921,88.84,hysets,35.2108333,-81.6975,"BROAD RIVER NEAR BOILING SPRINGS, NC",United States of America,2261.420745285192,7060043160,2,2,train
hysets_02152100,2921,88.84,hysets,35.49305556,-81.6822222,"FIRST BROAD RIVER NEAR CASAR, NC",United States of America,155.95413552460246,7060043160,2,2,train
hysets_02152474,2920,88.81,hysets,35.41527778,-81.5616667,"FIRST BROAD RIVER AT LAWNDALE, NC",United States of America,490.9517431239898,7060043160,2,2,train
hysets_02156300,2921,88.84,hysets,34.9481803,-81.8687141,LAWSONS FORK CREEK AT SPARTANBURG SC,United States of America,192.8855271700226,7060043160,2,2,train
hysets_02156500,2921,88.84,hysets,34.5951393,-81.4212089,"BROAD RIVER NEAR CARLISLE, SC",United States of America,7201.339201673773,7060043160,2,2,train
hysets_02160105,2921,88.84,hysets,34.5354163,-81.548158,"TYGER RIVER NEAR DELTA, SC",United States of America,1959.0084074034448,7060043160,2,2,train
hysets_02160390,2921,88.84,hysets,34.68345815,-82.0398229,"ENOREE RIVER NEAR WOODRUFF, SC",United States of America,643.9567381784557,7060043160,2,2,train
hysets_02160700,2921,88.84,hysets,34.5093039,-81.5981594,"ENOREE RIVER AT WHITMIRE, SC",United States of America,1146.4151495124624,7060043160,2,2,train
hysets_02161000,2921,88.84,hysets,34.24320335,-81.319541,"BROAD RIVER AT ALSTON, SC",United States of America,12364.004639547711,7060043160,2,2,train
hysets_02162500,2921,88.84,hysets,34.84233977,-82.4806814,"SALUDA RIVER NEAR GREENVILLE, SC",United States of America,765.8895363596577,7060043160,2,2,train
hysets_02163500,2921,88.84,hysets,34.39178518,-82.22345068,"SALUDA RIVER NEAR WARE SHOALS, SC",United States of America,1505.7138981888772,7060043160,2,2,train
hysets_02164110,2921,88.84,hysets,34.65289568,-82.2976186,"REEDY RIVER ABOVE FORK SHOALS, SC",United States of America,283.3617907548587,7060043160,2,2,train
hysets_02167450,2919,88.78,hysets,34.20957949,-81.7631659,"LITTLE RIVER NR SILVERSTREET, SC",United States of America,579.1046594671282,7060043160,2,2,train
hysets_02167582,2921,88.84,hysets,34.1687501,-81.61038399,"BUSH RIVER NR PROSPERITY, SC",United States of America,300.4671009740521,7060043160,2,2,train
hysets_02169570,2921,88.84,hysets,33.98960016,-80.9742573,"GILLS CREEK AT COLUMBIA, SC",United States of America,153.5380478441895,7060043160,2,2,train
hysets_02173000,2921,88.84,hysets,33.39320916,-81.1331559,"SOUTH FORK EDISTO RIVER NEAR DENMARK, SC",United States of America,1899.1890219456727,7060043170,1,1,val
hysets_02173030,2921,88.84,hysets,33.3590442,-81.0595425,"SOUTH FORK EDISTO RIVER NEAR COPE, SC",United States of America,1983.769009937472,7060043170,1,1,val
hysets_02173051,2921,88.84,hysets,33.33710079,-81.018708,"SOUTH FORK EDISTO RIVER NEAR BAMBERG, SC",United States of America,2106.613670486024,7060043170,1,1,val
hysets_02173212,2921,88.84,hysets,33.69,-81.2541667,"CEDAR CREEK NEAR THOR, SC",United States of America,112.47062118378224,7060043170,1,1,val
hysets_02173500,2921,88.84,hysets,33.48348715,-80.87342578,"NORTH FORK EDISTO RIVER AT ORANGEBURG, SC",United States of America,1775.5769345351007,7060043170,1,1,val
hysets_02175000,2921,88.84,hysets,33.02794645,-80.3914876,"EDISTO RIVER NR GIVHANS, SC",United States of America,7033.500742248554,7060043170,1,1,val
hysets_02175500,2921,88.84,hysets,32.98904958,-81.0526044,"SALKEHATCHIE RIVER NEAR MILEY, SC",United States of America,880.6046272994041,7060043170,1,1,val
hysets_02177000,2921,88.84,hysets,34.8139814,-83.305993,"CHATTOOGA RIVER NEAR CLAYTON, GA",United States of America,526.5649623887899,7060043500,4,4,train
hysets_02178400,2921,88.84,hysets,34.89037075,-83.530441,"TALLULAH RIVER NEAR CLAYTON, GA",United States of America,151.54267146174857,7060043500,4,4,train
hysets_02186000,2921,88.84,hysets,34.8015012,-82.7484725,"TWELVEMILE CREEK NEAR LIBERTY, SC",United States of America,269.18867031261834,7060043500,4,4,train
hysets_02191300,2921,88.84,hysets,34.0733333,-83.0033333,"BROAD RIVER ABOVE CARLTON, GA",United States of America,1958.6340217183529,7060043500,4,4,train
hysets_02192000,2921,88.84,hysets,33.97416667,-82.77,"BROAD RIVER NEAR BELL, GA",United States of America,3674.551366872648,7060043500,4,4,train
hysets_02192500,2921,88.84,hysets,34.07150595,-82.5006853,"LITTLE RIVER NEAR MT. CARMEL, SC",United States of America,555.7335951305001,7060043500,4,4,train
hysets_02193500,2921,88.84,hysets,33.61277778,-82.7425,"LITTLE RIVER NEAR WASHINGTON, GA",United States of America,756.8150711404182,7060043500,4,4,train
hysets_02196000,2921,88.84,hysets,33.72929717,-82.1817873,"STEVENS CREEK NEAR MODOC, SC",United States of America,1408.4864220237453,7060043500,4,4,train
hysets_02196690,2921,88.84,hysets,33.4781928,-81.90761399,"HORSE CREEK AT CLEARWATER, SC",United States of America,387.2523325237895,7060043500,4,4,train
hysets_02197830,2921,88.84,hysets,33.1182057,-81.9637281,"BRIER CREEK NEAR WAYNESBORO, GA",United States of America,1226.035443719578,7060043500,4,4,train
hysets_02198000,2921,88.84,hysets,32.93349199,-81.6512217,"BRIER CREEK AT MILLHAVEN, GA",United States of America,1671.773157724286,7060043500,4,4,train
hysets_02200120,2921,88.84,hysets,33.044596,-82.6037424,"OGEECHEE RIVER AT GA 88, NEAR GRANGE, GA",United States of America,1169.0787711374044,7060043510,1,1,val
hysets_02202040,2921,88.84,hysets,32.6490563,-81.8406685,"OGEECHEE RIVER AT ROCKY FORD RD, NR ROCKY FORD, GA",United States of America,5066.252105049238,7060043510,1,1,val
hysets_02202190,2921,88.84,hysets,32.4946232,-81.5556634,"OGEECHEE RIVER AT GA 24, NEAR OLIVER, GA",United States of America,6167.052147916088,7060043510,1,1,val
hysets_02202500,2921,88.84,hysets,32.19159045,-81.4159454,"OGEECHEE RIVER NEAR EDEN, GA",United States of America,6908.603802570617,7060043510,1,1,val
hysets_02202600,2921,88.84,hysets,32.1679803,-81.48816698,"BLACK CREEK NEAR BLITCHTON, GA",United States of America,590.9961632003394,7060043510,1,1,val
hysets_02202680,2921,88.84,hysets,32.0802044,-81.3853901,"OGEECHEE RIVER AT GA 204, NEAR ELLABELL, GA",United States of America,7759.947893047188,7060043510,1,1,val
hysets_02203000,2921,88.84,hysets,32.18491397,-81.8887265,"CANOOCHEE RIVER NEAR CLAXTON, GA",United States of America,1451.829703271914,7060043510,1,1,val
hysets_02203900,2921,88.84,hysets,33.66621924,-84.2246426,"SOUTH RIVER AT FLAKES MILL ROAD NR ATLANTA, GA",United States of America,259.6176875033554,7060043640,4,4,train
hysets_02204520,2920,88.81,hysets,33.48455976,-83.9579647,"SOUTH RIVER AT GA 81, AT SNAPPING SHOALS, GA",United States of America,1207.0003980284491,7060043640,4,4,train
hysets_02207220,2921,88.84,hysets,33.73371945,-84.061859,"YELLOW RIVER AT PLEASANT HILL ROAD, NR LITHONIA,GA",United States of America,560.4310102798753,7060043640,4,4,train
hysets_02207335,2921,88.84,hysets,33.66694444,-83.9380556,"YELLOW RIVER AT GEES MILL ROAD, NEAR MILSTEAD, GA",United States of America,663.2636297661204,7060043640,4,4,train
hysets_02208000,2921,88.84,hysets,33.4998611,-83.8841667,"YELLOW RIVER ROCKY PLAINS RD NR ROCKY PLAINS, GA",United States of America,1112.3580525740956,7060043640,4,4,train
hysets_02208450,2921,88.84,hysets,33.64011554,-83.7790674,"ALCOVY RIVER ABOVE COVINGTON, GA",United States of America,480.6354516177747,7060043640,4,4,train
hysets_02209000,2921,88.84,hysets,33.5059506,-83.8249037,"ALCOVY RIVER BELOW COVINGTON, GA",United States of America,639.6982692633235,7060043640,4,4,train
hysets_02212600,2921,88.84,hysets,33.0998535,-83.7235104,"FALLING CREEK NEAR JULIETTE, GA",United States of America,187.7101428233057,7060043640,4,4,train
hysets_02212735,2921,88.84,hysets,33.01680095,-83.72712329,"OCMULGEE RIVER AT GA 18, AT DAMES FERRY, GA",United States of America,5435.905861792029,7060043640,4,4,train
hysets_02213000,2921,88.84,hysets,32.8386111,-83.6205556,"OCMULGEE RIVER AT MACON, GA",United States of America,5827.79971516886,7060043640,4,4,train
hysets_02215000,2921,88.84,hysets,32.28071817,-83.4610055,"OCMULGEE RIVER AT US 341, AT HAWKINSVILLE, GA",United States of America,9795.496902573155,7060043640,4,4,train
hysets_02215100,2921,88.84,hysets,32.23944444,-83.5016667,"TUCSAWHATCHEE CREEK NEAR HAWKINSVILLE, GA",United States of America,424.5782604400096,7060043640,4,4,train
hysets_02215500,2921,88.84,hysets,31.9201826,-82.6740274,"OCMULGEE RIVER AT LUMBER CITY, GA",United States of America,13573.892326817066,7060043640,4,4,train
hysets_02215900,2851,86.71,hysets,32.0523988,-82.8156974,"LITTLE OCMULGEE RIVER AT GA 149, AT SCOTLAND, GA",United States of America,814.8267586105812,7060043640,4,4,train
hysets_02217475,2921,88.84,hysets,34.03166667,-83.5633333,"MIDDLE OCONEE RIVER NEAR ARCADE, GA",United States of America,861.1661159623827,7060043640,4,4,train
hysets_02217500,2921,88.84,hysets,33.94666667,-83.4227778,"MIDDLE OCONEE RIVER NEAR ATHENS, GA",United States of America,1015.8062618729058,7060043640,4,4,train
hysets_02217615,2921,88.84,hysets,34.20027778,-83.5158333,"NORTH OCONEE R AT WOODBRIDGE RD, NEAR COMMERCE, GA",United States of America,257.97236193129453,7060043640,4,4,train
hysets_02217770,2921,88.84,hysets,33.96983658,-83.37738,"NORTH OCONEE RIVER AT COLLEGE ST, AT ATHENS, GA",United States of America,713.8208067717537,7060043640,4,4,train
hysets_02218300,2921,88.84,hysets,33.72123385,-83.2954357,"OCONEE RIVER NEAR PENFIELD, GA",United States of America,2441.339847192987,7060043640,4,4,train
hysets_02219000,2921,88.84,hysets,33.78817637,-83.4740513,"APALACHEE RIVER NEAR BOSTWICK, GA",United States of America,456.1019950311092,7060043640,4,4,train
hysets_02220900,2921,88.84,hysets,33.3140213,-83.4371088,"LITTLE RIVER NEAR EATONTON, GA",United States of America,690.0644308863293,7060043640,4,4,train
hysets_02221525,2920,88.81,hysets,33.25235506,-83.4812762,"MURDER CREEK BELOW EATONTON, GA",United States of America,492.7128509904472,7060043640,4,4,train
hysets_02223248,2919,88.78,hysets,32.78737974,-82.95708859,"OCONEE RIVER NEAR OCONEE, GA",United States of America,9938.909040512028,7060043640,4,4,train
hysets_02223360,2921,88.84,hysets,32.76653786,-83.1679321,"BIG SANDY CREEK AT US 441, NEAR IRWINTON, GA",United States of America,476.1416527427219,7060043640,4,4,train
hysets_02223500,2921,88.84,hysets,32.54461117,-82.894587,"OCONEE RIVER AT DUBLIN, GA",United States of America,11411.763513641576,7060043640,4,4,train
hysets_02224500,2921,88.84,hysets,32.19129079,-82.6331903,"OCONEE RIVER NEAR MOUNT VERNON, GA",United States of America,13223.819035614504,7060043640,4,4,train
hysets_02225000,2921,88.84,hysets,31.9390829,-82.3534601,"ALTAMAHA RIVER NEAR BAXLEY, GA",United States of America,29948.39707738007,7060043640,4,4,train
hysets_02225500,2921,88.84,hysets,32.07852776,-82.1773432,"OHOOPEE RIVER NEAR REIDSVILLE, GA",United States of America,2936.2406522660726,7060043640,4,4,train
hysets_02226000,2921,88.84,hysets,31.6546586,-81.827892,"ALTAMAHA RIVER AT DOCTORTOWN, GA",United States of America,35292.13605819723,7060043640,4,4,train
hysets_02226362,2921,88.84,hysets,31.30270937,-82.5612501,"SATILLA RIVER AT GA 158, NEAR WAYCROSS, GA",United States of America,2356.930376686472,7060043650,4,4,train
hysets_02226500,2921,88.84,hysets,31.2382737,-82.3245711,"SATILLA RIVER NEAR WAYCROSS, GA",United States of America,3285.736379398252,7060043650,4,4,train
hysets_02227500,2921,88.84,hysets,31.45132604,-82.054561,"LITTLE SATILLA RIVER NEAR OFFERMAN, GA",United States of America,1703.4310574260817,7060043650,4,4,train
hysets_02228000,2921,88.84,hysets,31.22064144,-81.8656651,"SATILLA RIVER AT ATKINSON, GA",United States of America,7392.277547483985,7060043650,4,4,train
hysets_02231342,2921,88.84,hysets,27.5686473,-80.7961709,"FT DRUM CREEK AT SUNSHINE ST PKY NEAR FT DRUM, FL",United States of America,137.5405692768611,7060043860,3,3,train
hysets_02236000,2921,88.84,hysets,29.00831827,-81.3825651,"ST. JOHNS RIVER NEAR DE LAND, FL",United States of America,8153.89575035231,7060043860,3,3,train
hysets_02236125,2921,88.84,hysets,29.16692445,-81.5220157,"ST. JOHNS RIVER AT ASTOR, FL",United States of America,8868.360043570015,7060043860,3,3,train
hysets_02244040,2906,88.38,hysets,29.5963582,-81.683138,"ST. JOHNS R AT BUFFALO BLUFF NEAR SATSUMA, FL",United States of America,17537.496403083223,7060043860,3,3,train
hysets_02246500,2779,84.52,hysets,30.3224616,-81.6653735,"ST. JOHNS RIVER AT JACKSONVILLE, FL",United States of America,23581.24570943296,7060043860,3,3,train
hysets_02266496,2921,88.84,hysets,28.27584517,-81.54368439,"REEDY CREEK BELOW S-40, NEAR LOUGHMAN, FL",United States of America,484.85654184691816,7060044770,3,3,train
hysets_02301000,2921,88.84,hysets,27.8839148,-82.10008689,NORTH PRONG ALAFIA RIVER AT KEYSVILLE FL,United States of America,347.31133830642494,7060044870,3,3,train
hysets_02301500,2921,88.84,hysets,27.872248,-82.2112008,ALAFIA RIVER AT LITHIA FL,United States of America,872.9194594871017,7060044870,3,3,train
hysets_02303330,2921,88.84,hysets,28.0986111,-82.31138889,HILLSBOROUGH R AT MORRIS BR NEAR THONOTOSASSA FL,United States of America,986.147661160854,7060044870,3,3,train
hysets_02303400,2921,88.84,hysets,28.32388889,-82.3836111,CYPRESS CREEK NEAR SAN ANTONIO FL,United States of America,127.42986637068051,7060044870,3,3,train
hysets_02314500,2921,88.84,hysets,30.68055556,-82.5605556,"SUWANNEE RIVER AT US 441, AT FARGO, GA",United States of America,3043.634697079828,7060045480,3,3,train
hysets_02315500,2921,88.84,hysets,30.3257812,-82.7381826,"SUWANNEE RIVER AT WHITE SPRINGS, FLA.",United States of America,6142.998054980028,7060045480,3,3,train
hysets_02315550,2921,88.84,hysets,30.3929988,-82.9331875,SUWANNEE RIVER AT SUWANNEE SPRINGS FLA,United States of America,6628.489796138981,7060045480,3,3,train
hysets_02315920,2921,88.84,hysets,31.63129589,-83.4179382,"ALAPAHA RIVER AT GA 125/32 NEAR IRWINVILLE, GA",United States of America,1114.0093828919466,7060045480,3,3,train
hysets_02316000,2921,88.84,hysets,31.3843626,-83.1923758,"ALAPAHA RIVER NEAR ALAPAHA, GA",United States of America,1700.5720875592556,7060045480,3,3,train
hysets_02317500,2921,88.84,hysets,30.7041006,-83.0331955,"ALAPAHA RIVER AT STATENVILLE, GA",United States of America,3465.186903952587,7060045480,3,3,train
hysets_02317620,2921,88.84,hysets,30.59826888,-83.073195,ALAPAHA RIVER NEAR JENNINGS FLA,United States of America,4303.170152510835,7060045480,3,3,train
hysets_023177483,2918,88.75,hysets,30.9526998,-83.2684865,"WITHLACOOCHEE RIVER AT MCMILLAN RD,NEAR BEMISS, GA",United States of America,1290.873413709238,7060045480,3,3,train
hysets_02318000,2921,88.84,hysets,31.15555556,-83.5436111,"LITTLE RIVER NEAR ADEL, GA",United States of America,1495.670423544295,7060045480,3,3,train
hysets_02318380,2920,88.81,hysets,31.0010254,-83.45821639,"LITTLE RIVER AT GA 122, NEAR HAHIRA, GA",United States of America,1993.803868961969,7060045480,3,3,train
hysets_02318500,2921,88.84,hysets,30.79305556,-83.4536111,"WITHLACOOCHEE RIVER AT US 84, NEAR QUITMAN, GA",United States of America,3872.8236345132977,7060045480,3,3,train
hysets_02319000,2921,88.84,hysets,30.59548716,-83.2595906,"WITHLACOOCHEE RIVER NEAR PINETTA, FLA.",United States of America,5509.857325858379,7060045480,3,3,train
hysets_02319394,2921,88.84,hysets,30.41049435,-83.18013979,"WITHLACOOCHEE RIVER NR LEE, FLA",United States of America,6170.534144735522,7060045480,3,3,train
hysets_02319500,2921,88.84,hysets,30.38466196,-83.1718058,"SUWANNEE RIVER AT ELLAVILLE, FLA",United States of America,17907.973368322124,7060045480,3,3,train
hysets_02319800,2920,88.81,hysets,30.2449425,-83.24958439,"SUWANNEE RIVER AT DOWLING PARK, FLORIDA",United States of America,18498.23323108282,7060045480,3,3,train
hysets_02320000,2921,88.84,hysets,30.09994513,-83.1715247,"SUWANNEE RIVER AT LURAVILLE, FLA.",United States of America,18832.424749402475,7060045480,3,3,train
hysets_02320500,2921,88.84,hysets,29.955785,-82.9276278,"SUWANNEE RIVER AT BRANFORD, FLA.",United States of America,20130.28017755585,7060045480,3,3,train
hysets_02321500,2921,88.84,hysets,29.9219073,-82.4262246,"SANTA FE RIVER AT WORTHINGTON SPRINGS, FLA.",United States of America,1476.2885523271218,7060045480,3,3,train
hysets_02322500,2921,88.84,hysets,29.84884769,-82.7151204,"SANTA FE RIVER NEAR FORT WHITE, FLA.",United States of America,3011.38557444472,7060045480,3,3,train
hysets_02322800,2921,88.84,hysets,29.91162076,-82.8604033,SANTA FE RIVER NR HILDRETH FLA,United States of America,3924.9210398215055,7060045480,3,3,train
hysets_02323000,2921,88.84,hysets,29.79134359,-82.924293,"SUWANNEE RIVER NEAR BELL, FLORIDA",United States of America,24521.15023196054,7060045480,3,3,train
hysets_02323500,2921,88.84,hysets,29.58968017,-82.9365131,"SUWANNEE RIVER NEAR WILCOX, FLA.",United States of America,25103.72542350924,7060045480,3,3,train
hysets_02326500,2921,88.84,hysets,30.36992847,-83.80682559,"AUCILLA RIVER AT LAMONT, FLA.",United States of America,1946.520649450195,7060045490,3,3,train
hysets_02326900,2921,88.84,hysets,30.2714311,-84.1482508,"ST. MARKS RIVER NEAR NEWPORT, FLA.",United States of America,1384.6196315400646,7060045490,3,3,train
hysets_02327355,2921,88.84,hysets,31.0022222,-83.9391667,"OCHLOCKONEE RIVER AT GA 188, NEAR COOLIDGE, GA",United States of America,664.4856321999172,7060045490,3,3,train
hysets_02327500,2921,88.84,hysets,30.87574687,-84.0454502,"OCHLOCKONEE RIVER NEAR THOMASVILLE, GA",United States of America,1449.660695617214,7060045490,3,3,train
hysets_02328522,2921,88.84,hysets,30.6690846,-84.3051807,"OCHLOCKONEE RIVER NR CONCORD, FLA.",United States of America,2540.5200910792164,7060045490,3,3,train
hysets_02329500,2921,88.84,hysets,30.58741806,-84.4965763,"LITTLE RIVER NR QUINCY, FLA.",United States of America,613.885771988584,7060045490,3,3,train
hysets_02329600,2921,88.84,hysets,30.5124192,-84.5235206,"LITTLE RIVER NR MIDWAY, FLA.",United States of America,790.6934932519413,7060045490,3,3,train
hysets_02330150,2921,88.84,hysets,30.17658934,-84.6679637,"OCHLOCKONEE RIVER NR SMITH CREEK, FLA.",United States of America,5420.494111304935,7060045490,3,3,train
hysets_02331000,2921,88.84,hysets,34.57704154,-83.6357316,"CHATTAHOOCHEE RIVER NEAR LEAF, GA",United States of America,392.2058306322207,7060045890,2,2,train
hysets_023312495,2921,88.84,hysets,34.6186111,-83.52888889,"SOQUE RIVER AT GA 197, NEAR CLARKESVILLE, GA",United States of America,243.4310476105655,7060045890,2,2,train
hysets_02331600,2921,88.84,hysets,34.5407222,-83.622775,"CHATTAHOOCHEE RIVER NEAR CORNELIA, GA",United States of America,821.702208782969,7060045890,2,2,train
hysets_02335815,2921,88.84,hysets,33.96805556,-84.3827778,"CHATTAHOOCHEE RIVER BELOW MORGAN FALLS DAM, GA",United States of America,3528.932844021692,7060045890,2,2,train
hysets_02336968,2921,88.84,hysets,33.85927138,-84.6527123,"NOSES CREEK AT POWDER SPRINGS RD,POWDER SPRINGS,GA",United States of America,114.68197816600347,7060045890,2,2,train
hysets_02337000,2921,88.84,hysets,33.77660678,-84.6155445,"SWEETWATER CREEK NEAR AUSTELL, GA",United States of America,624.6252748725889,7060045890,2,2,train
hysets_02337040,2918,88.75,hysets,33.7209415,-84.614933,"SWEETWATER CREEK BELOW AUSTELL, GA",United States of America,683.2570190349873,7060045890,2,2,train
hysets_02337410,2921,88.84,hysets,33.65380556,-84.8210278,"DOG RIVER AT GA 5, NEAR FAIRPLAY, GA",United States of America,172.23147237984952,7060045890,2,2,train
hysets_02338660,2921,88.84,hysets,33.2353974,-84.9877161,"NEW RIVER AT GA 100, NEAR CORINTH, GA",United States of America,323.1978673613654,7060045890,2,2,train
hysets_02338840,2921,88.84,hysets,33.1395665,-84.975215,"YELLOWJACKET CREEK-HAMMETT RD, BLW HOGANSVILLE, GA",United States of America,233.8924158937245,7060045890,2,2,train
hysets_02339495,2921,88.84,hysets,32.9015159,-85.1963308,OSELIGEE CREEK NEAR LANETT AL,United States of America,224.59426259904265,7060045890,2,2,train
hysets_02341800,2921,88.84,hysets,32.41347774,-84.8199281,"UPATOI CREEK NEAR COLUMBUS, GA",United States of America,884.0642104647281,7060045890,2,2,train
hysets_02342500,2921,88.84,hysets,32.31681467,-85.014931,"UCHEE CREEK NEAR FORT MITCHELL, AL.",United States of America,835.7000946086694,7060045890,2,2,train
hysets_02342850,2921,88.84,hysets,32.15293116,-84.90576,"HANNAHATCHEE CREEK AT UNION ROAD, AT UNION, GA",United States of America,311.39582050334246,7060045890,2,2,train
hysets_02343225,2921,88.84,hysets,31.81849528,-84.9738155,"PATAULA CREEK NEAR GEORGETOWN, GA",United States of America,762.7662969625172,7060045890,2,2,train
hysets_02343801,2921,88.84,hysets,31.2593438,-85.1102076,"CHATTAHOOCHEE RIVER NEAR COLUMBIA, AL",United States of America,21242.072950413924,7060045890,2,2,train
hysets_02344396,2921,88.84,hysets,33.3597222,-84.3944444,"FLINT RIVER AT WOOLSEY ROAD, NEAR WOOLSEY, GA",United States of America,412.1842332444264,7060045890,2,2,train
hysets_02344500,2921,88.84,hysets,33.24416667,-84.4291667,"FLINT RIVER NEAR GRIFFIN, GA",United States of America,697.3657815410515,7060045890,2,2,train
hysets_02347500,2921,88.84,hysets,32.72138889,-84.2325,"FLINT RIVER AT US 19, NEAR CARSONVILLE, GA",United States of America,4794.103995342569,7060045890,2,2,train
hysets_02349605,2921,88.84,hysets,32.29305556,-84.0436111,"FLINT RIVER AT GA 26, NEAR MONTEZUMA, GA",United States of America,7579.348042096071,7060045890,2,2,train
hysets_02350512,2921,88.84,hysets,31.725,-84.0186111,"FLINT RIVER AT GA 32, NEAR OAKFIELD, GA",United States of America,10200.365119172257,7060045890,2,2,train
hysets_02350600,2921,88.84,hysets,32.0525,-84.5483333,"KINCHAFOONEE CREEK AT PRESTON, GA",United States of America,512.293406689319,7060045890,2,2,train
hysets_02350900,2921,88.84,hysets,31.76444444,-84.2533333,"KINCHAFOONEE CREEK AT PINEWOOD ROAD, NR DAWSON, GA",United States of America,1366.1432243612276,7060045890,2,2,train
hysets_02351500,2921,88.84,hysets,32.08305556,-84.2580556,"MUCKALEE CREEK NEAR AMERICUS, GA",United States of America,364.1655392599828,7060045890,2,2,train
hysets_02352500,2921,88.84,hysets,31.59416667,-84.1441667,"FLINT RIVER AT ALBANY, GA",United States of America,13709.309801605395,7060045890,2,2,train
hysets_02353000,2921,88.84,hysets,31.30694444,-84.33888889,"FLINT RIVER AT NEWTON, GA",United States of America,14924.256183445896,7060045890,2,2,train
hysets_02353265,2921,88.84,hysets,31.52694444,-84.5827778,"ICHAWAYNOCHAWAY CREEK AT GA 37, NEAR MORGAN, GA",United States of America,773.088459840406,7060045890,2,2,train
hysets_02353500,2921,88.84,hysets,31.38277778,-84.54638889,"ICHAWAYNOCHAWAY CREEK AT MILFORD, GA",United States of America,1625.0475735389266,7060045890,2,2,train
hysets_02354500,2921,88.84,hysets,31.35055556,-84.4825,"CHICKASAWHATCHEE CREEK AT ELMODEL, GA",United States of America,825.4248593696948,7060045890,2,2,train
hysets_02354800,2921,88.84,hysets,31.29388889,-84.4919444,"ICHAWAYNOCHAWAY CREEK NEAR ELMODEL, GA",United States of America,2584.2890623377803,7060045890,2,2,train
hysets_02355350,2748,83.58,hysets,31.2175,-84.4708333,"ICHAWAYNOCHAWAY CREEK BELOW NEWTON, GA",United States of America,2678.20223137436,7060045890,2,2,train
hysets_02355662,2921,88.84,hysets,31.14055556,-84.4802778,"FLINT RIVER AT RIVERVIEW PLANTATION, NR HOPEFUL,GA",United States of America,18035.09537052494,7060045890,2,2,train
hysets_02358000,2921,88.84,hysets,30.7010251,-84.8590871,APALACHICOLA RIVER AT CHATTAHOOCHEE FLA,United States of America,44482.2270846285,7060045890,2,2,train
hysets_02358789,2921,88.84,hysets,30.77297064,-85.2163178,CHIPOLA RIVER AT MARIANNA FL,United States of America,1350.1747833484649,7060045890,2,2,train
hysets_02359000,2921,88.84,hysets,30.53408319,-85.1651996,"CHIPOLA RIVER NR ALTHA, FLA.",United States of America,2195.4722782150416,7060045890,2,2,train
hysets_02359500,2921,88.84,hysets,30.3846406,-85.5565932,"ECONFINA CREEK NEAR BENNETT, FLA.",United States of America,295.09730258127485,7060045900,2,2,train
hysets_02361000,2921,88.84,hysets,31.3429492,-85.6104912,"CHOCTAWHATCHEE RIVER NEAR NEWTON, AL.",United States of America,1779.8871831319912,7060046130,4,4,train
hysets_02361500,2921,88.84,hysets,31.15934229,-85.7843789,CHOCTAWHATCHEE RIVER NEAR BELLWOOD AL,United States of America,3315.629342905032,7060046130,4,4,train
hysets_02363000,2921,88.84,hysets,31.59488716,-85.7829975,PEA RIVER NEAR ARITON AL,United States of America,1293.6813290486452,7060046130,4,4,train
hysets_02364500,2637,80.2,hysets,31.11267588,-86.0993868,PEA RIVER NEAR SAMSON AL,United States of America,3067.483238749861,7060046130,4,4,train
hysets_02365200,2921,88.84,hysets,30.94990438,-85.84299,"CHOCTAWHATCHEE RIVER NR PITTMAN, FLA.",United States of America,8252.188856393934,7060046130,4,4,train
hysets_02365500,2921,88.84,hysets,30.77574389,-85.827711,"CHOCTAWHATCHEE RIVER AT CARYVILLE, FLA.",United States of America,9081.211360758758,7060046130,4,4,train
hysets_02365769,2921,88.84,hysets,30.6246363,-85.9424358,"BRUCE CREEK AT SH 81 NR REDBAY, FL",United States of America,212.3977098673276,7060046130,4,4,train
hysets_02366000,2921,88.84,hysets,30.62685899,-85.7121531,"HOLMES CREEK AT VERNON, FLA.",United States of America,1017.1029414789932,7060046130,4,4,train
hysets_02366500,2921,88.84,hysets,30.4510296,-85.89826819,"CHOCTAWHATCHEE RIVER NR BRUCE, FLA.",United States of America,11375.494751111091,7060046130,4,4,train
hysets_02367900,2921,88.84,hysets,30.92518288,-86.5593967,"YELLOW RIVER NR OAK GROVE, FLA.",United States of America,1359.5096381415008,7060046320,4,4,train
hysets_02369000,2921,88.84,hysets,30.69741268,-86.570786,"SHOAL RIVER NR CRESTVIEW, FLA.",United States of America,1209.4124596815698,7060046320,4,4,train
hysets_02369600,2722,82.79,hysets,30.569639,-86.9235732,"YELLOW RIVER NR MILTON, FLA.",United States of America,3489.4604982194105,7060046320,4,4,train
hysets_02370000,2921,88.84,hysets,30.8335197,-86.7346786,"BLACKWATER RIVER NR BAKER, FLA.",United States of America,534.8736364133376,7060046330,2,2,train
hysets_02370500,2921,88.84,hysets,30.70852375,-86.972186,"BIG COLDWATER CREEK NR MILTON, FLA.",United States of America,619.2567044598513,7060046330,2,2,train
hysets_02371500,2921,88.84,hysets,31.57349458,-86.2516226,CONECUH RIVER AT BRANTLEY AL,United States of America,1258.9858406671942,7060046390,3,3,train
hysets_02372250,2921,88.84,hysets,31.59627177,-86.40551809,PATSALIGA CREEK NEAR BRANTLEY AL,United States of America,1145.921240421847,7060046390,3,3,train
hysets_02373000,2913,88.59,hysets,31.4537758,-86.7869139,SEPULGA RIVER NEAR MCKENZIE AL,United States of America,1214.6092870767138,7060046390,3,3,train
hysets_02374250,2921,88.84,hysets,31.06712374,-87.0616352,"CONECUH RIVER AT STATE HWY 41 NEAR BREWTON, AL.",United States of America,6863.164858850381,7060046390,3,3,train
hysets_02374500,2921,88.84,hysets,31.41850006,-86.9866403,MURDER CREEK NEAR EVERGREEN AL,United States of America,456.4103643800252,7060046390,3,3,train
hysets_02374700,2921,88.84,hysets,31.10101137,-87.06885829,"MURDER CREEK AT STATE HWY 41 AT BREWTON, AL.",United States of America,1127.0595542469764,7060046390,3,3,train
hysets_02374745,2921,88.84,hysets,31.1298991,-87.0871928,"BURNT CORN CREEK AT STATE HWY 41 NEAR BREWTON, AL.",United States of America,472.5993814408752,7060046390,3,3,train
hysets_02374950,2921,88.84,hysets,31.12962115,-87.3705353,BIG ESCAMBIA CR AT SARDINE BR NR STANLEY CROSSROAD,United States of America,504.01484561482977,7060046390,3,3,train
hysets_02375000,2919,88.78,hysets,31.01073709,-87.2627518,BIG ESCAMBIA CREEK AT FLOMATON AL,United States of America,860.0008299597288,7060046390,3,3,train
hysets_02375500,2921,88.84,hysets,30.96518304,-87.2341395,"ESCAMBIA RIVER NEAR CENTURY, FL",United States of America,9943.207219200674,7060046390,3,3,train
hysets_02376033,2773,84.34,hysets,30.6701917,-87.2669179,"ESCAMBIA RIVER NR MOLINO, FLA.",United States of America,10772.38730674838,7060046390,3,3,train
hysets_02376500,2921,88.84,hysets,30.69046866,-87.440258,"PERDIDO RIVER AT BARRINEAU PARK, FL",United States of America,1015.5351310078166,7060046460,1,1,val
hysets_02377570,2921,88.84,hysets,30.6057484,-87.5472057,"STYX RIVER NEAR ELSANOR, AL.",United States of America,495.90563047673646,7060046460,1,1,val
hysets_02378500,2921,88.84,hysets,30.54547146,-87.79860149,FISH RIVER NEAR SILVER HILL AL,United States of America,144.9518783231969,7060046470,1,1,val
hysets_02379500,2921,88.84,hysets,34.68425248,-84.4585376,"CARTECAY RIVER NEAR ELLIJAY, GA",United States of America,347.89414429388785,7060046590,3,3,train
hysets_02380500,2921,88.84,hysets,34.67508566,-84.5085398,"COOSAWATTEE RIVER NEAR ELLIJAY, GA",United States of America,611.9058871253555,7060046590,3,3,train
hysets_02381090,2921,88.84,hysets,34.70314028,-84.5393744,"MOUNTAINTOWN CREEK AT GA 282, NEAR ELLIJAY, GA",United States of America,159.736085667293,7060046590,3,3,train
hysets_02384500,2921,88.84,hysets,34.82785726,-84.8507749,"CONASAUGA RIVER AT GA 286, NEAR ETON, GA",United States of America,653.4648267077289,7060046590,3,3,train
hysets_02385170,2921,88.84,hysets,34.74341435,-84.8804975,"COAHULLA CREEK AT KEITHS MILL ROAD, NEAR DALTON,GA",United States of America,456.8683354906969,7060046590,3,3,train
hysets_02385800,2921,88.84,hysets,34.71666667,-84.77,"HOLLY CREEK NEAR CHATSWORTH, GA",United States of America,165.50793069077096,7060046590,3,3,train
hysets_02387000,2921,88.84,hysets,34.6667494,-84.9282765,"CONASAUGA RIVER AT TILTON, GA",United States of America,1782.2587788721742,7060046590,3,3,train
hysets_02387600,2921,88.84,hysets,34.49564266,-84.9652214,"OOTHKALOOGA CREEK AT GA 53 SPUR, AT CALHOUN, GA",United States of America,166.7353819389625,7060046590,3,3,train
hysets_02388350,2637,80.2,hysets,34.36092389,-85.1402274,"ARMUCHEE CREEK AT OLD DALTON ROAD, NEAR ROME, GA",United States of America,580.5260429754202,7060046590,3,3,train
hysets_02389150,2921,88.84,hysets,34.35805556,-84.1133333,"ETOWAH RIVER AT GA 9, NEAR DAWSONVILLE, GA",United States of America,340.15972659881373,7060046590,3,3,train
hysets_02390000,2920,88.81,hysets,34.42564847,-84.2118618,"AMICALOLA CREEK NEAR DAWSONVILLE, GA.",United States of America,230.8093278457495,7060046590,3,3,train
hysets_02390140,2921,88.84,hysets,34.2931497,-84.2635319,"SETTINGDOWN CREEK NEAR BALL GROUND, GA",United States of America,130.71436469483686,7060046590,3,3,train
hysets_02391540,2921,88.84,hysets,34.3106494,-84.4032587,"SHARP MTN CREEK AT OLD GA 5, BELOW BALL GROUND, GA",United States of America,177.77347444757052,7060046590,3,3,train
hysets_02391860,2921,88.84,hysets,34.25,-84.4666667,"ETOWAH RIVER DOWNSTREAM OF I-575, AT CANTON, GA",United States of America,1581.534995989491,7060046590,3,3,train
hysets_02392780,2921,88.84,hysets,34.1223201,-84.50437489,"LITTLE RIVER AT GA 5, NEAR WOODSTOCK, GA",United States of America,361.6493474928988,7060046590,3,3,train
hysets_02397500,2921,88.84,hysets,34.06145999,-85.313023,"CEDAR CREEK NEAR CEDARTOWN, GA",United States of America,296.8177251936634,7060046590,3,3,train
hysets_02398300,2921,88.84,hysets,34.29036965,-85.5091268,CHATTOOGA RIVER ABOVE GAYLESVILLE AL,United States of America,949.3467672162632,7060046590,3,3,train
hysets_02399200,2921,88.84,hysets,34.2889813,-85.6805204,LITTLE RIVER NEAR BLUE POND AL,United States of America,515.4275690345422,7060046590,3,3,train
hysets_02400100,2921,88.84,hysets,34.06509836,-85.6141287,TERRAPIN CREEK AT ELLISVILLE AL,United States of America,655.5726419033348,7060046590,3,3,train
hysets_02401000,2921,88.84,hysets,34.0981515,-86.0380286,BIG WILLS CREEK NEAR REECE CITY,United States of America,473.4257463410742,7060046590,3,3,train
hysets_02404400,2917,88.72,hysets,33.5484383,-86.0969163,CHOCCOLOCCO CREEK AT JACKSON SHOAL NR LINCOLN AL,United States of America,1241.1614618702488,7060046590,3,3,train
hysets_02405500,2921,88.84,hysets,33.44760728,-86.386924,KELLY CREEK NEAR VINCENT AL,United States of America,502.2182151619657,7060046590,3,3,train
hysets_02406500,2921,88.84,hysets,33.35955497,-86.2341414,TALLADEGA CREEK AT ALPINE AL,United States of America,385.5993343879052,7060046590,3,3,train
hysets_02407000,2633,80.08,hysets,33.29177917,-86.36386659,COOSA RIVER AT CHILDERSBURG AL,United States of America,21754.93257027453,7060046590,3,3,train
hysets_02408540,2921,88.84,hysets,32.9167896,-86.2702507,HATCHET CREEK BELOW ROCKFORD AL,United States of America,681.6993429240142,7060046590,3,3,train
hysets_02411930,2917,88.72,hysets,33.74093858,-85.336342,"TALLAPOOSA RIVER BELOW TALLAPOOSA, GEORGIA",United States of America,705.5400274178346,7060046590,3,3,train
hysets_02412000,2921,88.84,hysets,33.622885,-85.5132894,"TALLAPOOSA RIVER NEAR HEFLIN, ALA.",United States of America,1160.214317339464,7060046590,3,3,train
hysets_02413000,2921,88.84,hysets,33.59733215,-85.0802227,"LITTLE TALLAPOOSA RIVER AT US 27, AT CARROLLTON,GA",United States of America,246.71561150499736,7060046590,3,3,train
hysets_02413300,2912,88.56,hysets,33.43733498,-85.399118,LITTLE TALLAPOOSA RIVER NEAR NEWELL AL,United States of America,1051.290612257389,7060046590,3,3,train
hysets_02414500,2883,87.68,hysets,33.11678684,-85.5607875,TALLAPOOSA RIVER AT WADLEY AL,United States of America,4338.711353051695,7060046590,3,3,train
hysets_02414715,2911,88.53,hysets,32.97734526,-85.7396808,"TALLAPOOSA RIVER NR NEW SITE, AL.(HORSESHOE BEND)",United States of America,5332.290662312246,7060046590,3,3,train
hysets_02418230,2921,88.84,hysets,32.62680015,-85.5880076,"SOUGAHATCHEE CREEK AT CO RD 188 NR LOACHAPOKA, AL.",United States of America,183.69200384003747,7060046590,3,3,train
hysets_02418760,2921,88.84,hysets,32.5481918,-85.4805044,CHEWACLA CREEK AT CHEWACLA STATE PARK NR AUBURN,United States of America,119.96043059992044,7060046590,3,3,train
hysets_02419000,2921,88.84,hysets,32.4768045,-85.69495359,UPHAPEE CREEK NEAR TUSKEGEE AL,United States of America,862.133318535788,7060046590,3,3,train
hysets_02420000,2921,88.84,hysets,32.41152597,-86.40830579,"ALABAMA RIVER NEAR MONTGOMERY, AL.",United States of America,39141.27069077143,7060046590,3,3,train
hysets_02421000,2893,87.99,hysets,32.30736239,-86.2994126,CATOMA CREEK NEAR MONTGOMERY AL,United States of America,759.7143765373404,7060046590,3,3,train
hysets_02422500,2918,88.75,hysets,32.5829103,-86.9035991,MULBERRY CREEK AT JONES AL,United States of America,527.4581812509308,7060046590,3,3,train
hysets_02423380,2921,88.84,hysets,33.4817724,-86.7127653,CAHABA RIVER NEAR MOUNTAIN BROOK AL,United States of America,363.2794019927078,7060046590,3,3,train
hysets_02423414,2921,88.84,hysets,33.43982948,-86.6988758,LITTLE CAHABA RIVER AT CAH BEA RD NR CAHABA HTS AL,United States of America,122.38652349562702,7060046590,3,3,train
hysets_02423496,2921,88.84,hysets,33.3692767,-86.7841551,"CAHABA RIVER NEAR HOOVER, AL",United States of America,585.6881230388607,7060046590,3,3,train
hysets_02423500,2921,88.84,hysets,33.36344373,-86.8130446,CAHABA RIVER NEAR ACTON AL,United States of America,594.0166208644371,7060046590,3,3,train
hysets_02423630,2921,88.84,hysets,33.3262234,-86.9497141,SHADES CREEK NEAR GREENWOOD AL,United States of America,186.23384865120647,7060046590,3,3,train
hysets_02424000,2921,88.84,hysets,32.9451238,-87.1391623,CAHABA RIVER AT CENTREVILLE AL,United States of America,2659.253233193641,7060046590,3,3,train
hysets_02425000,2921,88.84,hysets,32.44402456,-87.1802715,CAHABA RIVER NEAR MARION JUNCTION AL,United States of America,4574.065924634292,7060046590,3,3,train
hysets_02427250,2921,88.84,hysets,31.99625809,-87.0683187,"PINE BARREN CREEK NEAR SNOW HILL, AL.",United States of America,675.3360595381168,7060046590,3,3,train
hysets_02428400,2920,88.81,hysets,31.61515849,-87.550548,ALABAMA RIVER AT CLAIBORNE L&D NEAR MONROEVILLE,United States of America,55684.34641360541,7060046590,3,3,train
hysets_02430680,2921,88.84,hysets,34.45277778,-88.5772222,"TWENTYMILE CREEK NR GUNTOWN, MS",United States of America,378.5570759120895,7060046590,3,3,train
hysets_02436500,2908,88.44,hysets,34.05916667,-88.6280556,"TOWN CREEK NR NETTLETON, MS",United States of America,1607.1075263406117,7060046590,3,3,train
hysets_02439400,2921,88.84,hysets,33.79,-88.3152778,"BUTTAHATCHEE RIVER NR ABERDEEN, MS",United States of America,2058.970202883767,7060046590,3,3,train
hysets_02443500,2921,88.84,hysets,33.51416667,-88.3952778,"LUXAPALLILA CREEK NR COLUMBUS, MS",United States of America,1852.779527995584,7060046590,3,3,train
hysets_02444160,2920,88.81,hysets,33.21067874,-88.2886454,"TOMBIGBEE RIVER AT BEVILL L&D NR PICKENSVILLE, AL",United States of America,14906.880613468378,7060046590,3,3,train
hysets_02446500,2921,88.84,hysets,33.25706249,-87.7764022,"SIPSEY RIVER NR ELROD, AL",United States of America,1368.5674487823978,7060046590,3,3,train
hysets_02448000,2921,88.84,hysets,33.0723611,-88.5587778,"NOXUBEE RIVER AT MACON, MS",United States of America,2000.1518085586447,7060046590,3,3,train
hysets_02448900,2921,88.84,hysets,32.80707585,-88.3119761,"BODKA CREEK NEAR GEIGER, AL.",United States of America,411.6345201135635,7060046590,3,3,train
hysets_02450180,2921,88.84,hysets,33.87204689,-86.9222211,"MULBERRY FORK NEAR ARKADELPHIA, AL.",United States of America,1264.212936266456,7060046590,3,3,train
hysets_02450825,2921,88.84,hysets,34.08121506,-87.422793,"CLEAR C AT NEW HOPE CHURCH NR POPLAR SPRINGS, AL.",United States of America,263.75775703510044,7060046590,3,3,train
hysets_02453000,2921,88.84,hysets,33.90843985,-87.2569514,BLACKWATER CREEK NEAR MANCHESTER AL,United States of America,470.6548001285283,7060046590,3,3,train
hysets_02453500,2921,88.84,hysets,33.75760677,-87.1702791,MULBERRY FORK AT CORDOVA AL,United States of America,4967.616760435094,7060046590,3,3,train
hysets_02455000,2921,88.84,hysets,34.02454235,-86.5741573,"LOCUST FORK NEAR CLEVELAND, AL.",United States of America,785.3856660451804,7060046590,3,3,train
hysets_02456500,2921,88.84,hysets,33.7098268,-86.9833305,"LOCUST FORK AT SAYRE, AL.",United States of America,2301.111502527999,7060046590,3,3,train
hysets_02457595,2921,88.84,hysets,33.5970492,-86.8680483,"FIVEMILE CREEK NEAR REPUBLIC, AL",United States of America,133.29442562891415,7060046590,3,3,train
hysets_02461500,2921,88.84,hysets,33.4192762,-86.9827711,"VALLEY CREEK NEAR BESSEMER, AL",United States of America,138.49710462465032,7060046590,3,3,train
hysets_02464000,2921,88.84,hysets,33.47928058,-87.5972297,NORTH RIVER NEAR SAMANTHA AL,United States of America,578.7002686334424,7060046590,3,3,train
hysets_02465000,2913,88.59,hysets,33.20928528,-87.5900074,BLACK WARRIOR RIVER AT NORTHPORT AL,United States of America,12504.05331761643,7060046590,3,3,train
hysets_02467500,2921,88.84,hysets,32.57374714,-88.1933589,SUCARNOOCHEE RIVER AT LIVINGSTON AL,United States of America,1576.1751906177285,7060046590,3,3,train
hysets_02469761,2918,88.75,hysets,31.75849066,-88.1291763,"TOMBIGBEE R AT COFFEEVILLE L&D NR COFFEEVILLE, AL.",United States of America,47743.44653146163,7060046590,3,3,train
hysets_02469800,2921,88.84,hysets,31.7443247,-88.0225066,SATILPA CREEK NEAR COFFEEVILLE AL,United States of America,423.26273624779066,7060046590,3,3,train
hysets_02471001,2921,88.84,hysets,30.80296466,-88.1433355,CHICKASAW CREEK NEAR KUSHLA AL,United States of America,324.86962182934127,7060046590,3,3,train
hysets_02472000,2921,88.84,hysets,31.70694444,-89.4069444,"LEAF RIVER NR COLLINS, MS",United States of America,1928.255878679348,7060046600,4,4,train
hysets_02472500,2911,88.53,hysets,31.42583333,-89.4147222,"BOUIE CREEK NR HATTIESBURG, MS",United States of America,789.7097059015606,7060046600,4,4,train
hysets_02472850,2919,88.78,hysets,31.48916667,-89.4333333,"OKATOMA CREEK AT SANFORD, MS",United States of America,663.4728269960996,7060046600,4,4,train
hysets_02473000,2921,88.84,hysets,31.34305556,-89.2802778,"LEAF RIVER AT HATTIESBURG, MS",United States of America,4544.239132068049,7060046600,4,4,train
hysets_02473500,2831,86.1,hysets,31.68083333,-89.1155556,"TALLAHALA CREEK AT LAUREL, MS",United States of America,619.7046222068426,7060046600,4,4,train
hysets_02474500,2831,86.1,hysets,31.33277778,-89.1125,"TALLAHALA CREEK NR RUNNELSTOWN, MS",United States of America,1590.4963903895105,7060046600,4,4,train
hysets_02474560,2918,88.75,hysets,31.22166667,-89.0530556,"LEAF RIVER NR NEW AUGUSTA, MS",United States of America,6612.678291525092,7060046600,4,4,train
hysets_02475000,2913,88.59,hysets,31.10277778,-88.8083333,"LEAF RIVER NR MCLAIN, MS",United States of America,9076.096684630227,7060046600,4,4,train
hysets_02475500,2864,87.1,hysets,32.3261111,-88.9091667,"CHUNKY RIVER NR CHUNKY, MS",United States of America,966.827781286234,7060046600,4,4,train
hysets_02477000,2918,88.75,hysets,32.17583333,-88.8197222,"CHICKASAWHAY RIVER AT ENTERPRISE, MS",United States of America,2379.8718908517026,7060046600,4,4,train
hysets_02477500,2921,88.84,hysets,31.6796052,-88.6833712,"CHICKASAWHAY RIVER NR WAYNESBORO, MS",United States of America,4278.677626213043,7060046600,4,4,train
hysets_02478500,2917,88.72,hysets,31.1486111,-88.5480556,"CHICKASAWHAY RIVER AT LEAKESVILLE, MS",United States of America,6989.859222609327,7060046600,4,4,train
hysets_02479000,2921,88.84,hysets,30.97805556,-88.7269444,"PASCAGOULA RIVER AT MERRILL, MS",United States of America,17077.327232423148,7060046600,4,4,train
hysets_02479130,2921,88.84,hysets,31.05194444,-89.2041667,"BLACK CREEK NR BROOKLYN, MS",United States of America,921.2129039332864,7060046600,4,4,train
hysets_02479155,2921,88.84,hysets,31.02527778,-89.0166667,"CYPRESS CREEK NR JANICE, MS",United States of America,136.47964473818695,7060046600,4,4,train
hysets_02479300,2921,88.84,hysets,30.7361111,-88.7811111,"RED CREEK AT VESTRY, MS",United States of America,1149.9667610242,7060046600,4,4,train
hysets_02481000,2919,88.78,hysets,30.5586111,-89.1219444,"BILOXI RIVER AT WORTHAM, MS",United States of America,248.9952548194676,7060046780,3,3,train
hysets_02481510,2921,88.84,hysets,30.4836111,-89.2744444,"WOLF RIVER NR LANDON, MS",United States of America,801.5434109977367,7060046790,4,4,train
hysets_02482000,2920,88.81,hysets,32.79888889,-89.335,"PEARL RIVER AT EDINBURG, MS",United States of America,2336.292257488202,7060046870,2,2,train
hysets_02482550,2919,88.78,hysets,32.7072222,-89.5263889,"PEARL RIVER NR CARTHAGE, MS",United States of America,3479.9574597200462,7060046870,2,2,train
hysets_02483000,2908,88.44,hysets,32.58833333,-89.465,"TUSCOLAMETA CREEK AT WALNUT GROVE, MS",United States of America,920.5712729575172,7060046870,2,2,train
hysets_02483500,2916,88.69,hysets,32.6672222,-89.6461111,"PEARL RIVER NR LENA, MS",United States of America,5128.807669336361,7060046870,2,2,train
hysets_02484000,2919,88.78,hysets,33.0322222,-89.5777778,"YOCKANOOKANY RIVER NR KOSCIUSKO, MS",United States of America,784.2072357861263,7060046870,2,2,train
hysets_02487500,2921,88.84,hysets,31.97777778,-89.8975,"STRONG RIVER AT D`LO, MS",United States of America,1099.854188322223,7060046870,2,2,train
hysets_02489000,2921,88.84,hysets,31.23777778,-89.8469444,"PEARL RIVER NR COLUMBIA, MS",United States of America,14829.666718735773,7060046870,2,2,train
hysets_02490500,2921,88.84,hysets,31.17694444,-90.2794444,"BOGUE CHITTO NR TYLERTOWN, MS",United States of America,1275.04763652388,7060046870,2,2,train
hysets_02492000,2921,88.84,hysets,30.62935636,-89.8972956,"Bogue Chitto River near Bush, LA",United States of America,3115.562370277891,7060046870,2,2,train
hysets_02492360,2921,88.84,hysets,30.6622222,-89.6861111,"WEST HOBOLOCHITTO CREEK NR MCNEILL, MS",United States of America,452.6729609006246,7060046850,4,4,train
hysets_02AB021,2921,88.84,hysets,48.56244,-89.24067,CURRENT RIVER AT STEPSTONE,Canada,405.5810751487128,7060034520,2,2,train
hysets_02AB023,2921,88.84,hysets,48.32576,-89.40421,SLATE RIVER NEAR THUNDER BAY,Canada,180.3427511321301,7060034520,2,2,train
hysets_02AC002,2921,88.84,hysets,48.90422,-88.37686,BLACK STURGEON RIVER AT HIGHWAY NO. 17,Canada,2615.1678636061924,7060034520,2,2,train
hysets_02AD010,2921,88.84,hysets,49.59761,-87.96544,BLACKWATER RIVER AT BEARDMORE,Canada,649.7667813644657,7060034520,2,2,train
hysets_02BA003,2921,88.84,hysets,48.84911,-86.60722,LITTLE PIC RIVER NEAR COLDWELL,Canada,1319.957364580508,7060034520,2,2,train
hysets_02BA006,2921,88.84,hysets,48.81371,-86.85934,STEEL RIVER BELOW SANTOY LAKE,Canada,1183.2070345049178,7060034520,2,2,train
hysets_02BB003,2921,88.84,hysets,48.77408,-86.29661,PIC RIVER NEAR MARATHON,Canada,4208.105185574278,7060034520,2,2,train
hysets_02BF001,2921,88.84,hysets,47.00353,-84.51556,BATCHAWANA RIVER NEAR BATCHAWANA,Canada,1224.273295664819,7060034520,2,2,train
hysets_02BF002,2921,88.84,hysets,46.86094,-83.97181,GOULAIS RIVER NEAR SEARCHMONT,Canada,1135.6010714239287,7060034520,2,2,train
hysets_02CB003,2921,88.84,hysets,46.96842,-83.41686,AUBINADONG RIVER ABOVE SESABIC CREEK,Canada,1447.6854932604122,7060034520,2,2,train
hysets_02CF011,2921,88.84,hysets,46.68544,-81.00925,VERMILION RIVER NEAR VAL CARON,Canada,678.6097139245244,7060034520,2,2,train
hysets_02DC012,2905,88.35,hysets,46.97025,-80.45878,STURGEON RIVER AT UPPER GOOSE FALLS,Canada,953.3798532811302,7060034520,2,2,train
hysets_02DD012,2921,88.84,hysets,46.40819,-80.12281,VEUVE RIVER NEAR VERNER,Canada,931.6467595548156,7060034520,2,2,train
hysets_02EA005,2921,88.84,hysets,45.66947,-79.37919,NORTH MAGNETAWAN RIVER NEAR BURK'S FALLS,Canada,328.0565662759818,7060034520,2,2,train
hysets_02EC002,2921,88.84,hysets,44.71367,-79.28161,BLACK RIVER NEAR WASHAGO,Canada,1506.9539521219522,7060034520,2,2,train
hysets_02EC009,2921,88.84,hysets,44.09492,-79.48956,HOLLAND RIVER EAST BRANCH AT HOLLAND LANDING,Canada,175.68331672552145,7060034520,2,2,train
hysets_02EC011,2921,88.84,hysets,44.39708,-79.07083,BEAVER RIVER NEAR BEAVERTON,Canada,290.66979326881943,7060034520,2,2,train
hysets_02ED003,2921,88.84,hysets,44.24981,-79.82142,NOTTAWASAGA RIVER NEAR BAXTER,Canada,1228.1009672530126,7060034520,2,2,train
hysets_02ED007,2921,88.84,hysets,44.70719,-79.64375,COLDWATER RIVER AT COLDWATER,Canada,168.10521915042304,7060034520,2,2,train
hysets_02ED032,2728,82.97,hysets,44.4425,-79.7995,WILLOW CREEK NEAR MINESING,Canada,230.72357915197267,7060034520,2,2,train
hysets_02ED101,2921,88.84,hysets,44.11058,-79.89028,NOTTAWASAGA RIVER NEAR ALLISTON,Canada,326.95060355617505,7060034520,2,2,train
hysets_02FB010,2921,88.84,hysets,44.57017,-80.6485,BIGHEAD RIVER NEAR MEAFORD,Canada,297.3980849433704,7060034520,2,2,train
hysets_02FC016,2921,88.84,hysets,44.18542,-80.78747,SAUGEEN RIVER ABOVE DURHAM,Canada,344.52421889901177,7060034520,2,2,train
hysets_02FE008,2921,88.84,hysets,43.81289,-81.30689,MIDDLE MAITLAND RIVER NEAR BELGRAVE,Canada,643.5857933935009,7060034520,2,2,train
hysets_02FE009,2921,88.84,hysets,43.68436,-81.54117,SOUTH MAITLAND RIVER AT SUMMERHILL,Canada,369.8599662692964,7060034520,2,2,train
hysets_02FF013,2921,88.84,hysets,43.18056,-81.44767,LITTLE AUSABLE RIVER NEAR LUCAN CROSSING,Canada,146.62069874312516,7060034520,2,2,train
hysets_02GA010,2921,88.84,hysets,43.18972,-80.45503,NITH RIVER NEAR CANNING,Canada,1032.3657921071535,7060034520,2,2,train
hysets_02GA018,2921,88.84,hysets,43.37722,-80.71081,NITH RIVER AT NEW HAMBURG,Canada,543.2216903305415,7060034520,2,2,train
hysets_02GA047,2921,88.84,hysets,43.42186,-80.33275,SPEED RIVER AT CAMBRIDGE,Canada,760.1413138721055,7060034520,2,2,train
hysets_02GC010,2921,88.84,hysets,42.85731,-80.72358,BIG OTTER CREEK AT TILLSONBURG,Canada,353.4869196396419,7060034520,2,2,train
hysets_02GD010,2921,88.84,hysets,43.22047,-81.23681,FISH CREEK NEAR PROSPECT HILL,Canada,144.0885762228096,7060034520,2,2,train
hysets_02GD021,2921,88.84,hysets,43.21531,-80.69186,THAMES RIVER AT INNERKIP,Canada,148.5839317432677,7060034520,2,2,train
hysets_02GD027,2921,88.84,hysets,42.98156,-80.95461,REYNOLDS CREEK NEAR PUTNAM,Canada,144.88245707760603,7060034520,2,2,train
hysets_02GG002,2921,88.84,hysets,42.83081,-81.85172,SYDENHAM RIVER NEAR ALVINSTON,Canada,699.9611137540161,7060034520,2,2,train
hysets_02GG003,2921,88.84,hysets,42.65061,-82.00839,SYDENHAM RIVER AT FLORENCE,Canada,1147.3443493456407,7060034520,2,2,train
hysets_02GG006,2921,88.84,hysets,42.90583,-82.11911,BEAR CREEK NEAR PETROLIA,Canada,248.2872948087185,7060034520,2,2,train
hysets_02GG009,2921,88.84,hysets,42.81203,-82.29842,BEAR CREEK BELOW BRIGDEN,Canada,534.6776223978331,7060034520,2,2,train
hysets_02HA006,2921,88.84,hysets,43.13347,-79.38325,TWENTY MILE CREEK AT BALLS FALLS,Canada,291.20310831249026,7060034520,2,2,train
hysets_02HA020,2778,84.49,hysets,43.11564,-79.56619,TWENTY MILE CREEK ABOVE SMITHVILLE,Canada,165.84045140260585,7060034520,2,2,train
hysets_02HB004,2921,88.84,hysets,43.49917,-79.77678,EAST SIXTEEN MILE CREEK NEAR OMAGH,Canada,192.63042850428857,7060034520,2,2,train
hysets_02HB029,2921,88.84,hysets,43.58228,-79.70875,CREDIT RIVER AT STREETSVILLE,Canada,772.7423174116153,7060034520,2,2,train
hysets_02HC009,2921,88.84,hysets,43.79008,-79.58442,EAST HUMBER RIVER NEAR PINE GROVE,Canada,190.5364674909296,7060034520,2,2,train
hysets_02HD012,2765,84.09,hysets,43.99094,-78.32819,GANARASKA RIVER ABOVE DALE,Canada,241.39138622218923,7060034520,2,2,train
hysets_02HJ001,2917,88.72,hysets,44.30278,-78.32139,JACKSON CREEK AT PETERBOROUGH,Canada,115.91576831420078,7060034520,2,2,train
hysets_02HJ006,2921,88.84,hysets,44.30983,-78.37072,JACKSON CREEK NEAR JACKSON HEIGHTS,Canada,106.71397468025896,7060034520,2,2,train
hysets_02HL003,2921,88.84,hysets,44.5396,-77.36965,BLACK RIVER NEAR ACTINOLITE,Canada,427.7303504270397,7060034520,2,2,train
hysets_02HL004,2921,88.84,hysets,44.54957,-77.32813,SKOOTAMATTA RIVER NEAR ACTINOLITE,Canada,676.1825817679165,7060034520,2,2,train
hysets_02JC008,2921,88.84,hysets,47.88914,-79.87931,BLANCHE RIVER ABOVE ENGLEHART,Canada,1777.001838212398,7060034520,2,2,train
hysets_02KA015,2921,88.84,hysets,46.27614,-78.47875,AUMOND CREEK NEAR MATTAWA,Canada,167.01381162896806,7060034520,2,2,train
hysets_02KC018,2921,88.84,hysets,45.81828,-77.12511,INDIAN RIVER AT PEMBROKE,Canada,496.3827537928616,7060034520,2,2,train
hysets_02KD002,2725,82.88,hysets,45.05214,-77.84603,YORK RIVER NEAR BANCROFT,Canada,842.5711324338586,7060034520,2,2,train
hysets_02LB007,2921,88.84,hysets,44.84225,-75.54442,SOUTH NATION RIVER AT SPENCERVILLE,Canada,216.9245244550969,7060034520,2,2,train
hysets_02LD005,2831,86.1,hysets,45.79167,-75.09139,"PETITE NATION (RIVIERE DE LA) AU PONT A 1,6 KM EN AMONT DE RIPON",Canada,1255.2108181229723,7060034520,2,2,train
hysets_02LH032,2812,85.52,hysets,46.07794,-76.06941,PICANOC (RIVIERE) SUR LE CHEMIN DU CAYAMAN A GRACEFIELD,Canada,1224.3637464048936,7060034520,2,2,train
hysets_02NF003,2822,85.83,hysets,46.68583,-73.91417,MATAWIN (RIVIERE) A SAINT-MICHEL-DES-SAINTS,Canada,1414.0704397630398,7060034520,2,2,train
hysets_02OA057,2831,86.1,hysets,45.175,-73.845,"ANGLAIS (RIVIERE DES) A 1,1 KM EN AVAL DU PONT-ROUTE A TRES-SAINT-SACREMENT",Canada,600.9864134125218,7060034520,2,2,train
hysets_02OB037,2825,85.92,hysets,45.84639,-73.49306,ACHIGAN (RIVIERE DE L') A L'EPIPHANIE,Canada,627.5481915466395,7060034520,2,2,train
hysets_02OE027,2831,86.1,hysets,45.46722,-71.65528,EATON (RIVIERE) PRES DE LA RIVIERE SAINT-FRANCOIS-3,Canada,646.0335297915587,7060034520,2,2,train
hysets_02OG026,2701,82.15,hysets,45.95361,-72.85944,DAVID (RIVIERE) AU PONT-ROUTE A SAINT-DAVID,Canada,309.7078350618792,7060034520,2,2,train
hysets_02OJ024,2831,86.1,hysets,45.49028,-73.18694,HURONS (RIVIERE DES) EN AVAL DU RUISSEAU SAINT-LOUIS-2,Canada,323.3733643517496,7060034520,2,2,train
hysets_02PC017,2820,85.77,hysets,46.72775,-71.84105,"PORTNEUF (RIVIERE) A 7,5 KM DE SON EMBOUCHURE",Canada,315.9730922640462,7060034520,2,2,train
hysets_02PD002,2831,86.1,hysets,46.89417,-71.15139,"MONTMORENCY (RIVIERE) A 0,6 KM EN AVAL DU BARRAGE DES MARCHES NATURELLES",Canada,1155.3704419653516,7060034340,2,2,train
hysets_02PG022,2826,85.95,hysets,47.38111,-69.95806,OUELLE (RIVIERE) PRES DE SAINT-GABRIEL-DE-KAMOURASKA,Canada,799.4207283179304,7060034580,4,4,train
hysets_02PJ007,2829,86.04,hysets,46.65917,-71.28861,BEAURIVAGE (RIVIERE) A SAINTE-ETIENNE,Canada,685.0693549293712,7060034520,2,2,train
hysets_02PJ030,2831,86.1,hysets,46.16417,-70.63972,FAMINE (RIVIERE) A SAINT-GEORGES,Canada,688.953040095041,7060034520,2,2,train
hysets_02PK009,2830,86.07,hysets,46.54056,-72.09344,DU CHENE (PETITE RIVIERE) A 250 M DU PONT-ROUTE 265 A DESCHAILLONS,Canada,368.6124537633031,7060034520,2,2,train
hysets_02PL005,2831,86.1,hysets,46.30611,-71.45139,"BECANCOUR (RIVIERE) A 2,1 KM EN AMONT DE LA RIVIERE PALMER",Canada,910.0243847107484,7060034520,2,2,train
hysets_02QC009,2831,86.1,hysets,49.05889,-66.48667,"SAINTE-ANNE (RIVIERE) A 9,7 KM EN AMONT DU PONT-ROUTE 132",Canada,787.0872618350418,7060034870,4,4,train
hysets_02RC011,2831,86.1,hysets,48.81417,-72.04778,PERIBONCA (PETITE RIVIERE),Canada,978.0610963563096,7060034330,3,3,train
hysets_02RH027,2831,86.1,hysets,47.94111,-71.38194,PIKAUBA (RIVIERE) EN AMONT DE LA RIVIERE APICA,Canada,390.33004008199725,7060034330,3,3,train
hysets_02RH035,2831,86.1,hysets,48.18222,-71.64528,ECORCES (RIVIERE AUX) EN AMONT DU PONT-ROUTE 169,Canada,1109.942879618672,7060034330,3,3,train
hysets_02RH045,2831,86.1,hysets,48.48889,-70.97417,"VALIN (RIVIERE) A 3,5 KM DE L'EMBOUCHURE",Canada,772.3474521420271,7060034330,3,3,train
hysets_02RH066,2831,86.1,hysets,48.23528,-71.28972,CYRIAC (RIVIERE) A 9KM EN AMONT DE SON EMBOUCHURE,Canada,302.17128339200053,7060034330,3,3,train
hysets_02RH067,2814,85.58,hysets,48.09306,-70.02917,PETIT SAGUENAY (RIVIERE) A 1 KM DU RUISSEAU DECHARGE DU LAC DAVID,Canada,449.55673374529647,7060034330,3,3,train
hysets_02RH073,2831,86.1,hysets,48.2692,-69.9086,"SAINTE-MARGUERITE NORD-EST (RIVIERE) A 1,7 KM DE LA RIVIERE SAINTE-MARGUERITE",Canada,1110.60412636384,7060034330,3,3,train
hysets_02XA003,2921,88.84,hysets,52.22981,-61.31694,LITTLE MECATINA RIVER ABOVE LAC FOURMONT,Canada,4500.597563717691,7060032940,3,3,train
hysets_02YC001,2921,88.84,hysets,50.60747,-57.15161,TORRENT RIVER AT BRISTOL'S POOL,Canada,618.0196418950179,7060060320,3,3,train
hysets_02YE001,2921,88.84,hysets,50.16231,-57.57753,GREAVETT BROOK ABOVE PORTLAND CREEK POND,Canada,99.95826203080873,7060060320,3,3,train
hysets_02YG001,2921,88.84,hysets,49.81067,-57.15942,MAIN RIVER AT PARADISE POOL,Canada,630.7151494487445,7060060320,3,3,train
hysets_02YJ001,2921,88.84,hysets,48.57583,-58.36264,HARRYS RIVER BELOW HIGHWAY BRIDGE,Canada,616.376168976428,7060059990,2,2,train
hysets_02YK002,2921,88.84,hysets,48.62203,-57.93311,LEWASEECHJEECH BROOK AT LITTLE GRAND LAKE,Canada,475.3614442549038,7060060310,3,3,train
hysets_02YK005,2921,88.84,hysets,49.33828,-56.66789,SHEFFIELD BROOK NEAR TRANS CANADA HIGHWAY,Canada,394.875502077285,7060060310,3,3,train
hysets_02YL001,2921,88.84,hysets,49.24292,-57.36025,UPPER HUMBER RIVER NEAR REIDVILLE,Canada,2095.830764823813,7060060310,3,3,train
hysets_02YL008,2921,88.84,hysets,49.61825,-57.2945,UPPER HUMBER RIVER ABOVE BLACK BROOK,Canada,471.4767608252003,7060060310,3,3,train
hysets_02YN002,2921,88.84,hysets,48.23981,-57.82814,LLOYDS RIVER BELOW KING GEORGE IV LAKE,Canada,479.3795942422715,7060061510,2,2,train
hysets_02YO008,2921,88.84,hysets,48.82667,-55.52869,GREAT RATTLING BROOK ABOVE TOTE RIVER CONFLUENCE,Canada,801.4424507226917,7060061510,2,2,train
hysets_02YQ001,2921,88.84,hysets,49.01628,-54.85067,GANDER RIVER AT BIG CHUTE,Canada,4435.221034213978,7060061620,1,1,val
hysets_02YR001,2921,88.84,hysets,48.80739,-54.22256,MIDDLE BROOK NEAR GAMBO,Canada,265.1464633781537,7060061630,3,3,train
hysets_02YR003,2921,88.84,hysets,49.04217,-53.88567,INDIAN BAY BROOK NEAR NORTHWEST ARM,Canada,579.2085294665023,7060061630,3,3,train
hysets_02YS005,2921,88.84,hysets,48.66275,-54.01525,TERRA NOVA RIVER AT GLOVERTOWN,Canada,2027.794001960242,7060061870,1,1,val
hysets_02YS006,2921,88.84,hysets,48.397,-54.20042,NORTHWEST RIVER AT TERRA NOVA NATIONAL PARK,Canada,667.15896329614,7060061880,4,4,train
hysets_02ZB001,2921,88.84,hysets,47.61333,-59.00978,ISLE AUX MORTS RIVER BELOW HIGHWAY BRIDGE,Canada,203.81305510439512,7060063060,4,4,train
hysets_02ZF001,2921,88.84,hysets,47.74683,-55.44022,BAY DU NORD RIVER AT BIG FALLS,Canada,1168.9068113856792,7060062930,4,4,train
hysets_02ZG001,2921,88.84,hysets,47.21642,-55.33,GARNISH RIVER NEAR GARNISH,Canada,210.163126682672,7060061880,4,4,train
hysets_02ZG003,2921,88.84,hysets,46.87781,-55.77619,SALMONIER RIVER NEAR LAMALINE,Canada,116.17768192152452,7060061880,4,4,train
hysets_02ZH001,2921,88.84,hysets,47.94667,-54.28433,PIPERS HOLE RIVER AT MOTHERS BROOK,Canada,762.4195074609967,7060061880,4,4,train
hysets_02ZK001,2921,88.84,hysets,47.22711,-53.56861,ROCKY RIVER NEAR COLINET,Canada,294.59718032437894,7060061880,4,4,train
hysets_03007800,2921,88.84,hysets,41.81867578,-78.29279129,"Allegheny River at Port Allegany, PA",United States of America,649.9939816806169,7060047060,0,0,test
hysets_03010500,2921,88.84,hysets,41.963398,-78.3861287,"Allegheny River at Eldred, PA",United States of America,1420.0590945030858,7060047060,0,0,test
hysets_03010655,2921,88.84,hysets,41.96173237,-78.1980662,"Oswayo Creek at Shinglehouse, PA",United States of America,253.587900527003,7060047060,0,0,test
hysets_03011020,2921,88.84,hysets,42.15638889,-78.7152778,ALLEGHENY RIVER AT SALAMANCA NY,United States of America,4154.711093880192,7060047060,0,0,test
hysets_03015310,2921,88.84,hysets,41.8439485,-79.1497668,"Allegheny River bl Conewango Creek at Warren, PA",United States of America,8089.484622497496,7060047060,0,0,test
hysets_03015500,2921,88.84,hysets,41.8525587,-79.3172708,"Brokenstraw Creek at Youngsville, PA",United States of America,786.9097287446382,7060047060,0,0,test
hysets_03017500,2921,88.84,hysets,41.60200599,-79.0500392,"Tionesta Creek at Lynch, PA",United States of America,599.9012901877134,7060047060,0,0,test
hysets_03020500,2920,88.81,hysets,41.4817261,-79.6953304,"Oil Creek at Rouseville, PA",United States of America,776.4764254729031,7060047060,0,0,test
hysets_03029500,2921,88.84,hysets,41.3306189,-79.2089298,"Clarion River at Cooksburg, PA",United States of America,2083.8900343346463,7060047060,0,0,test
hysets_03032500,2921,88.84,hysets,40.9945093,-79.3942088,"Redbank Creek at St. Charles, PA",United States of America,1377.209155161442,7060047060,0,0,test
hysets_03034000,2921,88.84,hysets,40.93923105,-79.00836738,"Mahoning Creek at Punxsutawney, PA",United States of America,407.7430569311035,7060047060,0,0,test
hysets_03042000,2921,88.84,hysets,40.4770127,-79.1867009,"Blacklick Creek at Josephine, PA",United States of America,498.5767483549428,7060047060,0,0,test
hysets_03050000,2921,88.84,hysets,38.809275,-79.8817342,"TYGART VALLEY RIVER NEAR DAILEY, WV",United States of America,486.4562380664984,7060047060,0,0,test
hysets_03051000,2921,88.84,hysets,39.0292694,-79.93590799,"TYGART VALLEY RIVER AT BELINGTON, WV",United States of America,1075.0392164198247,7060047060,0,0,test
hysets_03052000,2920,88.81,hysets,39.03954454,-80.0681352,"MIDDLE FORK RIVER AT AUDRA, WV",United States of America,386.66339459941423,7060047060,0,0,test
hysets_03053500,2921,88.84,hysets,39.05121,-80.1145254,"BUCKHANNON RIVER AT HALL, WV",United States of America,696.6332600790328,7060047060,0,0,test
hysets_03054500,2921,88.84,hysets,39.15037545,-80.038691,"TYGART VALLEY RIVER AT PHILIPPI, WV",United States of America,2358.417339025,7060047060,0,0,test
hysets_03056250,2921,88.84,hysets,39.33648107,-79.9934094,"THREE FORK CREEK NR GRAFTON, WV",United States of America,250.17866161339776,7060047060,0,0,test
hysets_03065000,2921,88.84,hysets,39.07232928,-79.6228373,"DRY FORK AT HENDRICKS, WV",United States of America,897.7150318200253,7060047060,0,0,test
hysets_03066000,2920,88.81,hysets,39.1270524,-79.4683852,"BLACKWATER RIVER AT DAVIS, WV",United States of America,222.0161572696322,7060047060,0,0,test
hysets_03067510,2921,88.84,hysets,38.6170576,-79.8697849,"SHAVERS FORK NR CHEAT BRIDGE, WV",United States of America,154.30286986625154,7060047060,0,0,test
hysets_03068800,2921,88.84,hysets,38.91316335,-79.770342,"SHAVERS FORK BELOW BOWDEN, WV",United States of America,387.5808174528853,7060047060,0,0,test
hysets_03069500,2921,88.84,hysets,39.1228835,-79.68117409,"CHEAT RIVER NEAR PARSONS, WV",United States of America,1857.4083470335,7060047060,0,0,test
hysets_03070260,2921,88.84,hysets,39.4948104,-79.6444969,"CHEAT RIVER AT ALBRIGHT, WV",United States of America,2701.21923208912,7060047060,0,0,test
hysets_03070500,2921,88.84,hysets,39.62175,-79.7045556,"BIG SANDY CREEK AT ROCKVILLE, WV",United States of America,516.7842105215416,7060047060,0,0,test
hysets_03072000,2920,88.81,hysets,39.7592449,-79.9706152,"Dunkard Creek at Shannopin, PA",United States of America,587.0295053066387,7060047060,0,0,test
hysets_03073000,2921,88.84,hysets,39.92313056,-80.072558,"South Fork Tenmile Creek at Jefferson, PA",United States of America,466.6437368974159,7060047060,0,0,test
hysets_03076600,2921,88.84,hysets,39.65613889,-79.3941111,"BEAR CREEK AT FRIENDSVILLE, MD",United States of America,126.6188174935369,7060047060,0,0,test
hysets_03078000,2921,88.84,hysets,39.70219444,-79.13638889,"CASSELMAN RIVER AT GRANTSVILLE, MD",United States of America,164.5488978735014,7060047060,0,0,test
hysets_03079000,2921,88.84,hysets,39.85991667,-79.2288333,"Casselman River at Markleton, PA",United States of America,986.218717439331,7060047060,0,0,test
hysets_03080000,2921,88.84,hysets,39.820355,-79.3214227,"Laurel Hill Creek at Ursina, PA",United States of America,312.9240235278712,7060047060,0,0,test
hysets_03085500,2921,88.84,hysets,40.4006247,-80.0964444,"Chartiers Creek at Carnegie, PA",United States of America,665.5930621562118,7060047060,0,0,test
hysets_03102500,2918,88.75,hysets,41.42199889,-80.376178,"Little Shenango River at Greenville, PA",United States of America,287.634004095729,7060047060,0,0,test
hysets_03106000,2920,88.81,hysets,40.8170092,-80.2422837,"Connoquenessing Creek near Zelienople, PA",United States of America,920.4986860412567,7060047060,0,0,test
hysets_03106500,2920,88.81,hysets,40.8839524,-80.2336726,"Slippery Rock Creek at Wurtemburg, PA",United States of America,1041.8753957844783,7060047060,0,0,test
hysets_03108000,2921,88.84,hysets,40.62784405,-80.337563,"Raccoon Creek at Moffatts Mill, PA",United States of America,463.4130837621725,7060047060,0,0,test
hysets_03109500,2921,88.84,hysets,40.6758974,-80.5406244,Little Beaver Creek near East Liverpool OH,United States of America,1307.4864638742715,7060047060,0,0,test
hysets_03110000,2921,88.84,hysets,40.53784235,-80.7250777,Yellow Creek near Hammondsville OH,United States of America,380.5477795181491,7060047060,0,0,test
hysets_03110830,2921,88.84,hysets,40.4356229,-80.5925723,"KINGS CREEK AT WEIRTON, WV",United States of America,126.29691851001044,7060047060,0,0,test
hysets_03111500,2921,88.84,hysets,40.19340427,-80.7342482,Short Creek near Dillonvale OH,United States of America,318.3968753137135,7060047060,0,0,test
hysets_03111548,2921,88.84,hysets,40.0670164,-80.8084198,Wheeling Creek below Blaine OH,United States of America,253.26735808063765,7060047060,0,0,test
hysets_03113990,2921,88.84,hysets,39.9067395,-80.9359288,Captina Creek at S.R. 148 at Armstrongs Mills OH,United States of America,328.6578464510943,7060047060,0,0,test
hysets_03114500,2921,88.84,hysets,39.4750762,-80.9970537,"MIDDLE ISLAND CREEK AT LITTLE, WV",United States of America,1185.6144377886048,7060047060,0,0,test
hysets_03117500,2921,88.84,hysets,40.6725609,-81.2598308,Sandy Creek at Waynesburg OH,United States of America,655.3712645760453,7060047060,0,0,test
hysets_03118500,2921,88.84,hysets,40.7497222,-81.3694444,Nimishillen Creek at North Industry OH,United States of America,452.9161196556244,7060047060,0,0,test
hysets_03139000,2921,88.84,hysets,40.48145387,-81.985979,Killbuck Creek at Killbuck OH,United States of America,1200.3144575360554,7060047060,0,0,test
hysets_03144816,2921,88.84,hysets,39.9636111,-82.5986111,South Fork Licking River at Kirkersville OH,United States of America,120.60548493891152,7060047060,0,0,test
hysets_03146500,2921,88.84,hysets,40.05923245,-82.3395948,Licking River near Newark OH,United States of America,1393.0714325303964,7060047060,0,0,test
hysets_03149500,2921,88.84,hysets,39.9086814,-81.8604105,Salt Creek near Chandlersville OH,United States of America,195.6736102826196,7060047060,0,0,test
hysets_03154000,2921,88.84,hysets,38.84425369,-81.2226168,"WEST FORK LITTLE KANAWHA RIVER AT ROCKSDALE, WV",United States of America,530.0002746094592,7060047060,0,0,test
hysets_03155220,2921,88.84,hysets,39.07896905,-81.2123373,"SOUTH FORK HUGHES RIVER BELOW MACFARLAN, WV",United States of America,593.1943935496286,7060047060,0,0,test
hysets_03157000,2921,88.84,hysets,39.5883982,-82.5784946,Clear Creek near Rockbridge OH,United States of America,228.0878441528975,7060047060,0,0,test
hysets_03157500,2921,88.84,hysets,39.5650661,-82.4746008,Hocking River at Enterprise OH,United States of America,1193.3039313598438,7060047060,0,0,test
hysets_03159500,2921,88.84,hysets,39.32896188,-82.0876439,Hocking River at Athens OH,United States of America,2443.8233747788445,7060047060,0,0,test
hysets_03159540,2921,88.84,hysets,39.06368935,-81.8818024,Shade River near Chester OH,United States of America,400.4096853597327,7060047060,0,0,test
hysets_03161000,2921,88.84,hysets,36.3933333,-81.4069444,"SOUTH FORK NEW RIVER NEAR JEFFERSON, NC",United States of America,530.4965740386481,7060047060,0,0,test
hysets_03164000,2921,88.84,hysets,36.6473497,-80.978969,"NEW RIVER NEAR GALAX, VA",United States of America,2954.1013817378134,7060047060,0,0,test
hysets_03167000,2921,88.84,hysets,36.93900995,-80.8872997,"REED CREEK AT GRAHAMS FORGE, VA",United States of America,667.7406479629681,7060047060,0,0,test
hysets_03168000,2921,88.84,hysets,36.93762235,-80.7456257,"NEW RIVER AT ALLISONIA, VA",United States of America,5726.570784400559,7060047060,0,0,test
hysets_03170000,2921,88.84,hysets,37.03762635,-80.5567239,"LITTLE RIVER AT GRAYSONTOWN, VA",United States of America,798.59875327719,7060047060,0,0,test
hysets_03173000,2921,88.84,hysets,37.26817845,-80.7095125,"WALKER CREEK AT BANE, VA",United States of America,773.9648488972463,7060047060,0,0,test
hysets_03175500,2921,88.84,hysets,37.30567654,-80.8497993,"WOLF CREEK NEAR NARROWS, VA",United States of America,577.7787507442571,7060047060,0,0,test
hysets_03179000,2921,88.84,hysets,37.54400779,-81.0103678,"BLUESTONE RIVER NEAR PIPESTEM, WV",United States of America,1022.3791018829596,7060047060,0,0,test
hysets_03182500,2921,88.84,hysets,38.18595326,-80.1306225,"GREENBRIER RIVER AT BUCKEYE, WV",United States of America,1401.953203785351,7060047060,0,0,test
hysets_03183500,2921,88.84,hysets,37.7242874,-80.641468,"GREENBRIER RIVER AT ALDERSON, WV",United States of America,3585.133581069334,7060047060,0,0,test
hysets_03184000,2921,88.84,hysets,37.64012018,-80.805083,"GREENBRIER RIVER AT HILLDALE, WV",United States of America,4223.747927062283,7060047060,0,0,test
hysets_03186500,2921,88.84,hysets,38.37899915,-80.4839737,"WILLIAMS RIVER AT DYER, WV",United States of America,330.5384567469982,7060047060,0,0,test
hysets_03189100,2754,83.76,hysets,38.29094494,-80.6409242,"GAULEY RIVER NEAR CRAIGSVILLE, WV",United States of America,1367.9573204229218,7060047060,0,0,test
hysets_03190000,2921,88.84,hysets,38.1126125,-80.8762069,"MEADOW RIVER AT NALLEN, WV",United States of America,740.9608021377991,7060047060,0,0,test
hysets_03194700,2921,88.84,hysets,38.59732627,-80.4903644,"ELK RIVER BELOW WEBSTER SPRINGS, WV",United States of America,688.4748966410292,7060047060,0,0,test
hysets_03198350,2921,88.84,hysets,37.9662186,-81.524278,"CLEAR FORK AT WHITESVILLE, WV",United States of America,163.60564649050173,7060047060,0,0,test
hysets_03198500,2921,88.84,hysets,38.1798222,-81.7115106,"BIG COAL RIVER AT ASHFORD, WV",United States of America,1011.0371417294988,7060047060,0,0,test
hysets_03200500,2921,88.84,hysets,38.33898309,-81.841518,"COAL RIVER AT TORNADO, WV",United States of America,2221.165796764143,7060047060,0,0,test
hysets_03202000,2921,88.84,hysets,38.8736111,-82.3558333,Raccoon Creek at Adamsville OH,United States of America,1543.559492555666,7060047060,0,0,test
hysets_03202400,2921,88.84,hysets,37.60400034,-81.6451096,"GUYANDOTTE RIVER NEAR BAILEYSVILLE, WV",United States of America,792.5663826889403,7060047060,0,0,test
hysets_03202750,2921,88.84,hysets,37.62316608,-81.7073342,"CLEAR FORK AT CLEAR FORK, WV",United States of America,326.55542413781257,7060047060,0,0,test
hysets_03205470,2921,88.84,hysets,38.59619126,-82.495157,Symmes Creek at Aid OH,United States of America,778.6178626437796,7060047060,0,0,test
hysets_03207800,2921,88.84,hysets,37.35371995,-82.1956935,"LEVISA FORK AT BIG ROCK, VA",United States of America,767.7754163837405,7060047060,0,0,test
hysets_03208500,2921,88.84,hysets,37.20705367,-82.2956993,"RUSSELL FORK AT HAYSI, VA",United States of America,740.1954187809288,7060047060,0,0,test
hysets_03210000,2921,88.84,hysets,37.5670444,-82.45792659,"JOHNS CREEK NEAR META, KY",United States of America,146.22815879885627,7060047060,0,0,test
hysets_03212980,2921,88.84,hysets,37.39538968,-81.8026142,"DRY FORK AT BEARTOWN, WV",United States of America,541.7548756617135,7060047060,0,0,test
hysets_03213700,2921,88.84,hysets,37.67315699,-82.2801408,"TUG FORK AT WILLIAMSON, WV",United States of America,2424.7605003318927,7060047060,0,0,test
hysets_03214500,2921,88.84,hysets,37.83731869,-82.4087578,"TUG FORK AT KERMIT, WV",United States of America,3307.925943528164,7060047060,0,0,test
hysets_03217000,2921,88.84,hysets,38.5642453,-82.9521158,"TYGARTS CREEK NEAR GREENUP, KY",United States of America,626.6787773532016,7060047060,0,0,test
hysets_03219500,2921,88.84,hysets,40.4195042,-83.1971372,Scioto River near Prospect OH,United States of America,1467.516022446752,7060047060,0,0,test
hysets_03230500,2921,88.84,hysets,39.7006176,-83.110187,Big Darby Creek at Darbyville OH,United States of America,1378.5352652339825,7060047060,0,0,test
hysets_03230800,2921,88.84,hysets,39.7150611,-83.2571369,Deer Creek at Mount Sterling OH,United States of America,593.046047458673,7060047060,0,0,test
hysets_03232000,2921,88.84,hysets,39.3792304,-83.3754706,Paint Creek near Greenfield OH,United States of America,645.328190586,7060047060,0,0,test
hysets_03237500,2921,88.84,hysets,38.8036838,-83.4210226,Ohio Brush Creek near West Union OH,United States of America,1000.3756151395676,7060047060,0,0,test
hysets_03240000,2921,88.84,hysets,39.74839296,-83.9313196,Little Miami River near Oldtown OH,United States of America,331.8760343137413,7060047060,0,0,test
hysets_03241500,2921,88.84,hysets,39.72238889,-83.8823056,Massies Creek at Wilberforce OH,United States of America,170.55184424422214,7060047060,0,0,test
hysets_03244936,2921,88.84,hysets,39.2647812,-84.2327142,O'Bannon Creek near Loveland OH,United States of America,139.37640502232546,7060047060,0,0,test
hysets_03246500,2921,88.84,hysets,39.05256455,-84.0504885,East Fork Little Miami River at Williamsburg OH,United States of America,613.4288049989794,7060047060,0,0,test
hysets_03251200,2921,88.84,hysets,38.5947955,-84.0202056,"NORTH FORK LICKING RIVER NEAR MT OLIVET, KY",United States of America,581.6604579062952,7060047060,0,0,test
hysets_03252300,2921,88.84,hysets,38.2474368,-84.05514979,"HINKSTON CREEK NEAR CARLISLE, KY",United States of America,399.0207915187725,7060047060,0,0,test
hysets_03253000,2921,88.84,hysets,38.6586817,-84.3518814,"SOUTH FORK LICKING RIVER AT HAYES, KY",United States of America,2383.2626889783355,7060047060,0,0,test
hysets_03261500,2921,88.84,hysets,40.2869942,-84.149943,Great Miami River at Sidney OH,United States of America,1401.6742484728074,7060047060,0,0,test
hysets_03267900,2921,88.84,hysets,39.9642265,-83.8315962,Mad River at St Paris Pike at Eagle City OH,United States of America,800.4278802789629,7060047060,0,0,test
hysets_03271000,2921,88.84,hysets,39.76672525,-84.2366086,Wolf Creek at Dayton OH,United States of America,179.9885605755784,7060047060,0,0,test
hysets_03275000,2921,88.84,hysets,39.5794928,-85.158019,"WHITEWATER RIVER NEAR ALPINE, IN",United States of America,1349.8611410252404,7060047060,0,0,test
hysets_03275600,2921,88.84,hysets,39.7325477,-84.9596837,"EAST FORK WHITEWATER RIVER AT ABINGTON, IN",United States of America,519.5181303695925,7060047060,0,0,test
hysets_03277300,2789,84.82,hysets,37.11759849,-82.82460429,"NORTH FORK KENTUCKY RIVER AT WHITESBURG, KY",United States of America,172.0431805839298,7060047060,0,0,test
hysets_03281100,2921,88.84,hysets,37.15203405,-83.7601974,"GOOSE CREEK AT MANCHESTER, KY",United States of America,421.9046941785703,7060047060,0,0,test
hysets_03281500,2918,88.75,hysets,37.47981018,-83.6751923,"SOUTH FORK KENTUCKY RIVER AT BOONEVILLE, KY",United States of America,1835.341907518095,7060047060,0,0,test
hysets_03282500,2921,88.84,hysets,37.8123083,-83.4637953,"RED RIVER NEAR HAZEL GREEN, KY",United States of America,170.59092765027006,7060047060,0,0,test
hysets_03288100,2921,88.84,hysets,38.2195187,-84.562998,"NORTH ELKHORN CREEK AT GEORGETOWN, KY",United States of America,380.2487189876191,7060047060,0,0,test
hysets_03289500,2921,88.84,hysets,38.26868254,-84.8146714,"ELKHORN CREEK NEAR FRANKFORT, KY",United States of America,1220.3920001999363,7060047060,0,0,test
hysets_03291500,2921,88.84,hysets,38.70506497,-84.8238366,"EAGLE CREEK AT GLENCOE, KY",United States of America,1132.3168575754385,7060047060,0,0,test
hysets_03292470,2920,88.81,hysets,38.36173418,-85.5749608,"HARRODS CREEK AT HIGHWAY 329 NR GOSHEN, KY.",United States of America,181.5422757455672,7060047060,0,0,test
hysets_03294000,2921,88.84,hysets,38.3706226,-85.7263521,"SILVER CREEK NEAR SELLERSBURG, IN",United States of America,489.0911006007843,7060047060,0,0,test
hysets_03295400,2921,88.84,hysets,38.00201594,-85.0605085,"SALT RIVER AT GLENSBORO, KY",United States of America,445.0368060676913,7060047060,0,0,test
hysets_03295890,2921,88.84,hysets,38.0370083,-85.3407867,"BRASHEARS CREEK AT TAYLORSVILLE, KY",United States of America,670.1641006178709,7060047060,0,0,test
hysets_03297900,2921,88.84,hysets,38.28534776,-85.4674592,"FLOYDS FORK NEAR PEWEE VALLEY, KY",United States of America,206.9637445624925,7060047060,0,0,test
hysets_03298000,2917,88.72,hysets,38.18840166,-85.460235,"FLOYDS FORK AT FISHERVILLE, KY",United States of America,357.8314396925165,7060047060,0,0,test
hysets_03298200,2921,88.84,hysets,38.08534216,-85.5549556,"FLOYDS FORK NEAR MT WASHINGTON, KY",United States of America,564.2878694392748,7060047060,0,0,test
hysets_03300400,2921,88.84,hysets,37.83283985,-85.2960686,"BEECH FORK AT MAUD, KY",United States of America,1128.0471180052955,7060047060,0,0,test
hysets_03301000,2921,88.84,hysets,37.79700569,-85.4807919,"BEECH FORK AT BARDSTOWN, KY",United States of America,1730.4931554186385,7060047060,0,0,test
hysets_03301500,2921,88.84,hysets,37.7672853,-85.7038488,"ROLLING FORK NEAR BOSTON, KY",United States of America,3365.732662962452,7060047060,0,0,test
hysets_03302220,2921,88.84,hysets,38.12034748,-86.0880244,"BUCK CREEK NEAR NEW MIDDLETOWN, IN",United States of America,169.722439252895,7060047060,0,0,test
hysets_03302800,2920,88.81,hysets,38.43394965,-86.1916446,"BLUE RIVER AT FREDERICKSBURG, IN",United States of America,730.4785711227204,7060047060,0,0,test
hysets_03303000,2921,88.84,hysets,38.23756614,-86.2283078,"BLUE RIVER NEAR WHITE CLOUD, IN",United States of America,1230.353115481362,7060047060,0,0,test
hysets_03310300,2921,88.84,hysets,37.56200389,-86.0366333,"NOLIN RIVER AT WHITE MILLS, KY",United States of America,934.5942755270364,7060047060,0,0,test
hysets_03310400,2921,88.84,hysets,37.35194444,-85.9661111,"BACON CREEK NEAR PRICEVILLE, KY",United States of America,213.74284259468664,7060047060,0,0,test
hysets_03313700,2921,88.84,hysets,36.7233738,-86.5522175,"WEST FORK DRAKES CREEK NEAR FRANKLIN, KY",United States of America,285.3497902856089,7060047060,0,0,test
hysets_03314000,2921,88.84,hysets,36.89531974,-86.380546,"DRAKES CREEK NEAR ALVATON, KY",United States of America,1218.9342931634203,7060047060,0,0,test
hysets_03320500,2921,88.84,hysets,37.1222655,-87.3194431,"POND RIVER NEAR APEX, KY",United States of America,502.3479609108341,7060047060,0,0,test
hysets_03321350,2921,88.84,hysets,37.6189392,-86.88749179,"SOUTH FORK PANTHER CREEK NEAR WHITESVILLE, KY",United States of America,151.0198609557595,7060047060,0,0,test
hysets_03328000,2921,88.84,hysets,40.99455556,-85.7825833,"EEL RIVER AT NORTH MANCHESTER, IN",United States of America,1083.818100365692,7060047060,0,0,test
hysets_03328500,2921,88.84,hysets,40.78198455,-86.2638857,"EEL RIVER NEAR LOGANSPORT, IN",United States of America,2041.3210128297712,7060047060,0,0,test
hysets_03329700,2921,88.84,hysets,40.59031489,-86.6213928,"DEER CREEK NEAR DELPHI, IN",United States of America,712.9389560990332,7060047060,0,0,test
hysets_03331500,2921,88.84,hysets,41.15726364,-86.5636209,"TIPPECANOE RIVER NEAR ORA, IN",United States of America,2214.1050110551755,7060047060,0,0,test
hysets_03331753,2921,88.84,hysets,41.0497632,-86.5991758,"TIPPECANOE RIVER AT WINAMAC, IN",United States of America,2436.4717711410576,7060047060,0,0,test
hysets_03335000,2921,88.84,hysets,40.44059108,-86.8291752,"WILDCAT CREEK NEAR LAFAYETTE, IN",United States of America,2055.225890573088,7060047060,0,0,test
hysets_03336645,2921,88.84,hysets,40.1369806,-87.74585779,"MIDDLE FORK VERMILION RIVER ABOVE OAKWOOD, IL",United States of America,1118.5893452722232,7060047060,0,0,test
hysets_03336900,2921,88.84,hysets,40.14944444,-88.0341667,"SALT FORK NEAR ST. JOSEPH, IL",United States of America,338.96351914275425,7060047060,0,0,test
hysets_03339500,2921,88.84,hysets,40.04893127,-86.8994518,"SUGAR CREEK AT CRAWFORDSVILLE, IN",United States of America,1320.3142831845955,7060047060,0,0,test
hysets_03343400,2921,88.84,hysets,39.79142137,-88.18559909,"EMBARRAS RIVER NEAR CAMARGO, IL",United States of America,481.8468935971047,7060047060,0,0,test
hysets_03345500,2921,88.84,hysets,38.93643266,-88.0225351,"EMBARRAS RIVER AT STE. MARIE, IL",United States of America,3915.5035411336175,7060047060,0,0,test
hysets_03346000,2921,88.84,hysets,39.01004218,-87.9455882,"NORTH FORK EMBARRAS RIVER NEAR OBLONG, IL",United States of America,819.8040283614358,7060047060,0,0,test
hysets_03346500,2921,88.84,hysets,38.7236111,-87.6644444,"EMBARRAS RIVER AT LAWRENCEVILLE, IL",United States of America,6021.375460684418,7060047060,0,0,test
hysets_03348000,2921,88.84,hysets,40.10527778,-85.67138889,"WHITE RIVER AT ANDERSON, IN",United States of America,1050.24479153683,7060047060,0,0,test
hysets_03353200,2919,88.78,hysets,39.94642897,-86.2602702,"EAGLE CREEK AT ZIONSVILLE, IN",United States of America,273.65641259831386,7060047060,0,0,test
hysets_03353800,2921,88.84,hysets,39.60876944,-86.3820278,"WHITE LICK CREEK AT MOORESVILLE, IN",United States of America,548.322207400445,7060047060,0,0,test
hysets_03358000,2921,88.84,hysets,39.43355556,-86.76338889,"MILL CREEK NEAR CATARACT, IN",United States of America,633.0050684228921,7060047060,0,0,test
hysets_03361500,2921,88.84,hysets,39.52865937,-85.7822017,"BIG BLUE RIVER AT SHELBYVILLE, IN",United States of America,1087.8522037406724,7060047060,0,0,test
hysets_03362000,2921,88.84,hysets,39.4189396,-86.0049889,"YOUNGS CREEK NEAR EDINBURGH, IN",United States of America,277.4615711151652,7060047060,0,0,test
hysets_03362500,2921,88.84,hysets,39.36091667,-85.9980833,"SUGAR CREEK NEAR EDINBURGH, IN",United States of America,1220.6306984329713,7060047060,0,0,test
hysets_03363000,2921,88.84,hysets,39.33921768,-85.9863816,"DRIFTWOOD RIVER NEAR EDINBURGH, IN",United States of America,2743.238889578438,7060047060,0,0,test
hysets_03363500,2921,88.84,hysets,39.4175493,-85.63414249,"FLATROCK RIVER AT ST. PAUL, IN",United States of America,777.7936073099492,7060047060,0,0,test
hysets_03363900,2921,88.84,hysets,39.2350514,-85.9266597,"FLATROCK RIVER AT COLUMBUS, IN",United States of America,1383.1803012214586,7060047060,0,0,test
hysets_03364000,2921,88.84,hysets,39.2000516,-85.9255464,"EAST FORK WHITE RIVER AT COLUMBUS, IN",United States of America,4414.428619166559,7060047060,0,0,test
hysets_03364500,2921,88.84,hysets,39.2747732,-85.7016469,"CLIFTY CREEK AT HARTSVILLE, IN",United States of America,236.6442697989897,7060047060,0,0,test
hysets_03364650,2921,88.84,hysets,39.1853295,-85.8749872,"CLIFTY CREEK NEAR COLUMBUS, IN",United States of America,522.4256676765345,7060047060,0,0,test
hysets_03365500,2921,88.84,hysets,38.982553,-85.8991444,"EAST FORK WHITE RIVER AT SEYMOUR, IN",United States of America,6053.5184898589805,7060047060,0,0,test
hysets_03371500,2921,88.84,hysets,38.77033029,-86.4097115,"EAST FORK WHITE RIVER NEAR BEDFORD, IN",United States of America,9988.2739711517,7060047060,0,0,test
hysets_03373508,2921,88.84,hysets,38.67310707,-86.7449971,"BEAVER CREEK NEAR SHOALS, IN",United States of America,141.73260941360007,7060047060,0,0,test
hysets_03373560,2921,88.84,hysets,38.581165,-86.5988804,"LOST RIVER NEAR PROSPECT, IN",United States of America,450.2281271867769,7060047060,0,0,test
hysets_03378000,2921,88.84,hysets,38.3864372,-87.9755884,"BONPAS CREEK AT BROWNS, IL",United States of America,590.0051942656858,7060047060,0,0,test
hysets_03378500,2914,88.63,hysets,38.13199014,-87.9403079,"WABASH RIVER AT NEW HARMONY, IN",United States of America,75818.88389519321,7060047060,0,0,test
hysets_03379500,2921,88.84,hysets,38.63477048,-88.2972663,"LITTLE WABASH RIVER BELOW CLAY CITY, IL",United States of America,2926.0778253390567,7060047060,0,0,test
hysets_03380500,2920,88.81,hysets,38.3633333,-88.5877778,"SKILLET FORK AT WAYNE CITY, IL",United States of America,1203.5403575276518,7060047060,0,0,test
hysets_03382100,2921,88.84,hysets,37.63782725,-88.6778342,"SOUTH FORK SALINE RIVER NR CARRIER MILLS, IL",United States of America,367.2474191745987,7060047060,0,0,test
hysets_03383000,2921,88.84,hysets,37.22393577,-87.7813992,"TRADEWATER RIVER AT OLNEY, KY",United States of America,660.2219732050785,7060047060,0,0,test
hysets_03384100,2921,88.84,hysets,37.39671307,-87.8450154,"TRADEWATER RIVER NEAR PROVIDENCE, KY",United States of America,1565.4910404335278,7060047060,0,0,test
hysets_03400500,2908,88.44,hysets,36.97398059,-82.99294,"POOR FORK AT CUMBERLAND, KY",United States of America,212.84274828701115,7060047060,0,0,test
hysets_03403910,2921,88.84,hysets,36.63397105,-84.1115969,"CLEAR FORK AT SAXTON, KY",United States of America,828.8743616623153,7060047060,0,0,test
hysets_03404900,2921,88.84,hysets,36.9514765,-84.0935427,"LYNN CAMP CREEK AT CORBIN, KY",United States of America,137.0282572346313,7060047060,0,0,test
hysets_03406500,2921,88.84,hysets,37.1711952,-84.296047,"ROCKCASTLE RIVER AT BILLOWS, KY",United States of America,1563.3539385188174,7060047060,0,0,test
hysets_03408500,2921,88.84,hysets,36.3855167,-84.5547174,"NEW RIVER AT NEW RIVER, TN",United States of America,990.2138320777516,7060047060,0,0,test
hysets_03409500,2921,88.84,hysets,36.38828757,-84.6301881,"CLEAR FORK NEAR ROBBINS, TN",United States of America,703.5434531859903,7060047060,0,0,test
hysets_03410210,2871,87.32,hysets,36.47738108,-84.6693676,"SOUTH FK CUMBERLAND RIVER AT LEATHERWOOD FORD, TN",United States of America,2087.8161190100413,7060047060,0,0,test
hysets_03413200,2921,88.84,hysets,36.79757036,-84.89605849,"BEAVER CREEK NEAR MONTICELLO, KY",United States of America,117.41808944046464,7060047060,0,0,test
hysets_03415000,2921,88.84,hysets,36.3973873,-85.1744486,"WEST FORK OBEY RIVER NEAR ALPINE, TN",United States of America,298.9489292378945,7060047060,0,0,test
hysets_03416000,2921,88.84,hysets,36.5603447,-85.0730073,"WOLF RIVER NEAR BYRDSTOWN, TN",United States of America,274.09648991449404,7060047060,0,0,test
hysets_03421000,2921,88.84,hysets,35.7082839,-85.7318338,"COLLINS RIVER NEAR MCMINNVILLE, TN",United States of America,1664.1407497826804,7060047060,0,0,test
hysets_03424730,2921,88.84,hysets,36.08731209,-85.9074506,"SMITH FORK AT TEMPERANCE HALL, TN",United States of America,554.8668077269858,7060047060,0,0,test
hysets_03427500,2921,88.84,hysets,35.91839756,-86.3338806,"EAST FORK STONES RIVER NEAR LASCASSAS, TN",United States of America,676.7418834859187,7060047060,0,0,test
hysets_03428200,2921,88.84,hysets,35.90284234,-86.4299923,"WEST FORK STONES RIVER AT MURFREESBORO, TN",United States of America,457.50798759529096,7060047060,0,0,test
hysets_03431060,2921,88.84,hysets,36.11757476,-86.7190478,"MILL CREEK AT THOMPSON LANE, NEAR WOODBINE, TN",United States of America,241.81876234275555,7060047060,0,0,test
hysets_03432350,2921,88.84,hysets,35.9208165,-86.8654982,"HARPETH RIVER AT FRANKLIN, TN",United States of America,492.952201060923,7060047060,0,0,test
hysets_03432400,2921,88.84,hysets,35.948166,-86.881743,"HARPETH RIVER BELOW FRANKLIN, TN",United States of America,543.9898959907855,7060047060,0,0,test
hysets_03433500,2921,88.84,hysets,36.0545633,-86.9285102,"HARPETH RIVER AT BELLEVUE, TN",United States of America,1056.169122131931,7060047060,0,0,test
hysets_03434500,2921,88.84,hysets,36.1220032,-87.09889379,"HARPETH RIVER NEAR KINGSTON SPRINGS, TN",United States of America,1764.219735790997,7060047060,0,0,test
hysets_03436100,2921,88.84,hysets,36.5547222,-87.1419444,"RED RIVER AT PORT ROYAL, TN",United States of America,2401.822305317025,7060047060,0,0,test
hysets_03436690,2921,88.84,hysets,36.31064906,-87.55394199,"YELLOW CREEK AT ELLIS MILLS, TN",United States of America,265.7761343369476,7060047060,0,0,test
hysets_03439000,2921,88.84,hysets,35.1433333,-82.8247222,"FRENCH BROAD RIVER AT ROSMAN, NC",United States of America,176.2563022177398,7060047060,0,0,test
hysets_03443000,2921,88.84,hysets,35.29916667,-82.62388889,"FRENCH BROAD RIVER AT BLANTYRE, NC",United States of America,765.16419360106,7060047060,0,0,test
hysets_03447687,2921,88.84,hysets,35.4275,-82.5480556,"FRENCH BROAD RIVER NEAR FLETCHER, NC",United States of America,1655.2158980877334,7060047060,0,0,test
hysets_03451000,2921,88.84,hysets,35.5683333,-82.5447222,"SWANNANOA RIVER AT BILTMORE, NC",United States of America,337.6274199951868,7060047060,0,0,test
hysets_03451500,2921,88.84,hysets,35.60888889,-82.5780556,"FRENCH BROAD RIVER AT ASHEVILLE, NC",United States of America,2446.385735472581,7060047060,0,0,test
hysets_03453000,2921,88.84,hysets,35.7697222,-82.6208333,"IVY RIVER NEAR MARSHALL, NC",United States of America,408.4697066664745,7060047060,0,0,test
hysets_03453500,2921,88.84,hysets,35.78638889,-82.6608333,"FRENCH BROAD RIVER AT MARSHALL, NC",United States of America,3449.3800752397715,7060047060,0,0,test
hysets_03455000,2921,88.84,hysets,35.9816112,-83.1610877,"FRENCH BROAD RIVER NEAR NEWPORT, TN",United States of America,4797.835319046428,7060047060,0,0,test
hysets_03456500,2921,88.84,hysets,35.46166667,-82.8697222,"EAST FORK PIGEON RIVER NEAR CANTON, NC",United States of America,133.15745199680768,7060047060,0,0,test
hysets_03465500,2921,88.84,hysets,36.1764961,-82.457364,"NOLICHUCKY RIVER AT EMBREEVILLE, TN",United States of America,2083.7757034105284,7060047060,0,0,test
hysets_03466208,2921,88.84,hysets,36.2059377,-82.6504274,"BIG LIMESTONE CREEK NEAR LIMESTONE, TN",United States of America,202.7737476046013,7060047060,0,0,test
hysets_03466500,2921,88.84,hysets,36.06562706,-82.86644949,"NOLICHUCKY RIVER BELOW NOLICHUCKY DAM, TN",United States of America,3065.917913183094,7060047060,0,0,test
hysets_03467609,2921,88.84,hysets,36.12633749,-83.1753042,NOLICHUCKY RIVER NEAR LOWLAND,United States of America,4377.328755286375,7060047060,0,0,test
hysets_03470000,2921,88.84,hysets,35.87842286,-83.57766919,"LITTLE PIGEON RIVER AT SEVIERVILLE, TN",United States of America,911.8415581862964,7060047060,0,0,test
hysets_03471500,2921,88.84,hysets,36.7603931,-81.63122929,"S F HOLSTON RIVER AT RIVERSIDE, NEAR CHILHOWIE, VA",United States of America,197.73604867575227,7060047060,0,0,test
hysets_03473000,2921,88.84,hysets,36.65178127,-81.8440102,"S F HOLSTON RIVER NEAR DAMASCUS, VA",United States of America,784.3661690559566,7060047060,0,0,test
hysets_03474000,2921,88.84,hysets,36.80733756,-81.6220617,"M F HOLSTON RIVER AT SEVEN MILE FORD, VA",United States of America,340.5552901098278,7060047060,0,0,test
hysets_03479000,2921,88.84,hysets,36.23916667,-81.8222222,"WATAUGA RIVER NEAR SUGAR GROVE, NC",United States of America,235.6673518025673,7060047060,0,0,test
hysets_03488000,2921,88.84,hysets,36.89678115,-81.7462293,"N F HOLSTON RIVER NEAR SALTVILLE, VA",United States of America,572.9316217102618,7060047060,0,0,test
hysets_03490000,2921,88.84,hysets,36.60871119,-82.567931,"N F HOLSTON RIVER NEAR GATE CITY, VA",United States of America,1739.129453246617,7060047060,0,0,test
hysets_03491000,2921,88.84,hysets,36.42620656,-82.9518304,"BIG CREEK NEAR ROGERSVILLE, TN",United States of America,125.10819642710658,7060047060,0,0,test
hysets_03497300,2921,88.84,hysets,35.66453328,-83.7112821,"LITTLE RIVER ABOVE TOWNSEND, TN",United States of America,274.52925786262085,7060047060,0,0,test
hysets_03498500,2921,88.84,hysets,35.7856206,-83.88460359,"LITTLE RIVER NEAR MARYVILLE, TN",United States of America,697.748593026231,7060047060,0,0,test
hysets_03498850,2921,88.84,hysets,35.8088391,-83.926578,"LITTLE RIVER NEAR ALCOA, TN",United States of America,775.213631675959,7060047060,0,0,test
hysets_03500000,2921,88.84,hysets,35.15,-83.3797222,"LITTLE TENNESSEE RIVER NEAR PRENTISS, NC",United States of America,361.606317458374,7060047060,0,0,test
hysets_03512000,2921,88.84,hysets,35.46138889,-83.3536111,"OCONALUFTEE RIVER AT BIRDTOWN, NC",United States of America,475.9957832979596,7060047060,0,0,test
hysets_03518500,2921,88.84,hysets,35.3620163,-84.2790141,"TELLICO RIVER AT TELLICO PLAINS, TN",United States of America,304.3197381419269,7060047060,0,0,test
hysets_03524000,2921,88.84,hysets,36.9448295,-82.1548569,"CLINCH RIVER AT CLEVELAND, VA",United States of America,1380.7092357174652,7060047060,0,0,test
hysets_03527000,2921,88.84,hysets,36.64870849,-82.7504384,"CLINCH RIVER AT SPEERS FERRY, VA",United States of America,2915.0929011268163,7060047060,0,0,test
hysets_03527220,2921,88.84,hysets,36.57280708,-82.938754,"CLINCH RIVER NEAR LOONEYS GAP, TN",United States of America,2988.8058067784737,7060047060,0,0,test
hysets_03528000,2921,88.84,hysets,36.425087,-83.3982345,"CLINCH RIVER ABOVE TAZEWELL, TN",United States of America,3817.123864651251,7060047060,0,0,test
hysets_03529500,2921,88.84,hysets,36.86898536,-82.7754387,"POWELL RIVER AT BIG STONE GAP, VA",United States of America,290.7828644266113,7060047060,0,0,test
hysets_03531500,2921,88.84,hysets,36.66203367,-83.0948928,"POWELL RIVER NEAR JONESVILLE, VA",United States of America,827.5390494694865,7060047060,0,0,test
hysets_03532000,2921,88.84,hysets,36.54214606,-83.6303312,"POWELL RIVER NEAR ARTHUR, TN",United States of America,1783.2592665024554,7060047060,0,0,test
hysets_03535400,2920,88.81,hysets,35.96501528,-84.178662,"BEAVER CREEK AT SOLWAY, TN",United States of America,224.61491558103148,7060047060,0,0,test
hysets_03539600,2921,88.84,hysets,35.99766528,-84.8224946,"DADDYS CREEK NEAR HEBBERTSBURG, TN",United States of America,360.07796487612853,7060047060,0,0,test
hysets_03539778,2921,88.84,hysets,36.1031293,-84.7182771,"CLEAR CREEK AT LILLY BRIDGE NEAR LANCING, TN",United States of America,443.2843584261152,7060047060,0,0,test
hysets_03539800,2918,88.75,hysets,36.0814937,-84.6703113,"OBED RIVER NEAR LANCING, TN",United States of America,1343.0009857471994,7060047060,0,0,test
hysets_03540500,2921,88.84,hysets,35.9831307,-84.557992,"EMORY RIVER AT OAKDALE, TN",United States of America,1979.6749918741943,7060047060,0,0,test
hysets_03543500,2911,88.53,hysets,35.5813165,-84.7480508,"SEWEE CREEK NEAR DECATUR, TN",United States of America,304.4271842948899,7060047060,0,0,test
hysets_03550000,2921,88.84,hysets,35.13888889,-83.9805556,"VALLEY RIVER AT TOMOTLA, NC",United States of America,267.82752698526383,7060047060,0,0,test
hysets_03567340,2921,88.84,hysets,34.95729786,-85.2055095,"WEST CHICKAMAUGA CR AT GA 146, NEAR LAKEVIEW, GA",United States of America,386.52551359771456,7060047060,0,0,test
hysets_03567500,2921,88.84,hysets,35.0141218,-85.2065961,"SOUTH CHICKAMAUGA CREEK NEAR CHICKAMAUGA, TN",United States of America,1107.709776632203,7060047060,0,0,test
hysets_03568933,2921,88.84,hysets,34.8975,-85.4630556,"LOOKOUT CREEK NEAR NEW ENGLAND, GA",United States of America,378.816452512919,7060047060,0,0,test
hysets_03571000,2921,88.84,hysets,35.20657915,-85.4970983,"SEQUATCHIE RIVER NEAR WHITWELL, TN",United States of America,1002.0639938840526,7060047060,0,0,test
hysets_03574500,2921,88.84,hysets,34.6242547,-86.3063737,PAINT ROCK RIVER NEAR WOODVILLE AL,United States of America,828.9080892772789,7060047060,0,0,test
hysets_03575100,2921,88.84,hysets,34.7492568,-86.4466551,"FLINT RIVER AT BROWNSBORO, AL.",United States of America,964.7242540195068,7060047060,0,0,test
hysets_03576250,2921,88.84,hysets,34.751757,-86.8233348,LIMESTONE CREEK NEAR ATHENS AL,United States of America,314.103955764757,7060047060,0,0,test
hysets_03578000,2921,88.84,hysets,35.29679918,-85.8697528,"ELK RIVER NEAR PELHAM, TN",United States of America,168.51306361344865,7060047060,0,0,test
hysets_03588500,2921,88.84,hysets,35.02412144,-87.5790326,"SHOAL CREEK AT IRON CITY, TN",United States of America,900.9577109316532,7060047060,0,0,test
hysets_03590000,2921,88.84,hysets,34.8078655,-87.7005847,CYPRESS CREEK NEAR FLORENCE AL,United States of America,543.8488398694717,7060047060,0,0,test
hysets_03593800,2899,88.17,hysets,35.18065694,-88.2096087,"HORSE CREEK NEAR SAVANNAH, TENN (TVA)",United States of America,275.09428556562926,7060047060,0,0,test
hysets_03597590,2921,88.84,hysets,35.52729537,-86.340271,"WARTRACE CREEK BELOW COUNTY ROAD AT WARTRACE, TN",United States of America,92.6179841172986,7060047060,0,0,test
hysets_03599450,2831,86.1,hysets,35.51823977,-86.94207,"FOUNTAIN CREEK NEAR FOUNTAIN HEIGHTS, TN",United States of America,191.23054825623743,7060047060,0,0,test
hysets_03602500,2921,88.84,hysets,35.87126266,-87.5014044,"PINEY RIVER AT VERNON, TN",United States of America,501.3908290580735,7060047060,0,0,test
hysets_03604000,2921,88.84,hysets,35.49590598,-87.8328037,"BUFFALO RIVER NEAR FLAT WOODS, TN",United States of America,1161.629435672644,7060047060,0,0,test
hysets_03604400,2921,88.84,hysets,35.81180967,-87.7787545,"BUFFALO RIVER BELOW LOBELVILLE, TN",United States of America,1822.661883082333,7060047060,0,0,test
hysets_03606500,2921,88.84,hysets,36.0369824,-88.2291202,"BIG SANDY RIVER AT BRUCETON, TN",United States of America,532.274374126723,7060047060,0,0,test
hysets_03610000,2921,88.84,hysets,36.5928333,-88.3000386,"CLARKS RIVER AT MURRAY, KY",United States of America,232.0861463920992,7060047060,0,0,test
hysets_03NE011,2921,88.84,hysets,56.30506,-62.09256,REID BROOK BELOW TRIBUTARY,Canada,157.47182586593837,7060030520,2,2,train
hysets_03NF001,2921,88.84,hysets,55.23414,-61.30169,UGJOKTOK RIVER BELOW HARP LAKE,Canada,7528.582999012081,7060030870,1,1,val
hysets_03OA005,2921,88.84,hysets,53.15167,-66.78544,WABUSH LAKE AT LAKE OUTLET,Canada,1590.925900175834,7060031710,3,3,train
hysets_03OA015,2921,88.84,hysets,52.96336,-66.83672,FLORA CREEK BELOW TRANS LABRADOR HIGHWAY,Canada,137.84073547794048,7060031710,3,3,train
hysets_03OE011,2921,88.84,hysets,53.14739,-61.55856,PINUS RIVER,Canada,779.8611857232546,7060031710,3,3,train
hysets_03QC001,2921,88.84,hysets,53.53428,-57.49386,EAGLE RIVER ABOVE FALLS,Canada,10921.16072954979,7060032050,4,4,train
hysets_03QC002,2921,88.84,hysets,52.64861,-56.87122,ALEXIS RIVER NEAR PORT HOPE SIMPSON,Canada,2296.4305503105,7060032080,1,1,val
hysets_04024430,2921,88.84,hysets,46.6333333,-92.0938889,"NEMADJI RIVER NEAR SOUTH SUPERIOR, WI",United States of America,1088.412764266531,7060034520,2,2,train
hysets_04027000,2921,88.84,hysets,46.4866144,-90.696297,"BAD RIVER NEAR ODANAH, WI",United States of America,1541.1974822839031,7060034520,2,2,train
hysets_04031000,2921,88.84,hysets,46.5113361,-90.0746179,"BLACK RIVER NEAR BESSEMER, MI",United States of America,514.8143893115473,7060034520,2,2,train
hysets_04032000,2728,82.97,hysets,46.5472222,-89.7772222,"PRESQUE ISLE RIVER NEAR TULA, MI",United States of America,681.6620354378066,7060034520,2,2,train
hysets_04045500,2921,88.84,hysets,46.57501478,-85.2695548,"TAHQUAMENON RIVER NEAR PARADISE, MI",United States of America,1972.8315466654328,7060034520,2,2,train
hysets_04056500,2921,88.84,hysets,46.03052857,-86.161249,"MANISTIQUE RIVER NEAR MANISTIQUE, MI",United States of America,2937.662664697518,7060034520,2,2,train
hysets_04060500,2921,88.84,hysets,46.05856639,-88.627354,"IRON RIVER AT CASPIAN, MI",United States of America,235.67635931218447,7060034520,2,2,train
hysets_04060993,2921,88.84,hysets,45.96078737,-88.3159663,"BRULE RIVER AT US HIGHWAY 2 NEAR FLORENCE, WI",United States of America,973.2427449126772,7060034520,2,2,train
hysets_04067958,2921,88.84,hysets,45.38774406,-88.3051099,"PESHTIGO RIVER NEAR WABENO, WI",United States of America,1195.581950815678,7060034520,2,2,train
hysets_04069416,2921,88.84,hysets,45.1433333,-87.8005556,"PESHTIGO RIVER AT PORTERFIELD, WI",United States of America,2691.5851157816896,7060034520,2,2,train
hysets_04071000,2921,88.84,hysets,44.865,-88.3,"OCONTO RIVER NEAR GILLETT, WI",United States of America,1803.821539426103,7060034520,2,2,train
hysets_04073365,2921,88.84,hysets,43.8511111,-89.1333333,"FOX RIVER AT PRINCETON, WI",United States of America,2514.8207543335984,7060034520,2,2,train
hysets_04074950,2921,88.84,hysets,45.18997026,-88.7334398,"WOLF RIVER AT LANGLADE, WI",United States of America,1202.8647631433737,7060034520,2,2,train
hysets_04079000,2921,88.84,hysets,44.3922026,-88.7403812,"WOLF RIVER AT NEW LONDON, WI",United States of America,5798.521074089214,7060034520,2,2,train
hysets_04082400,2921,88.84,hysets,44.013595,-88.5409472,"FOX RIVER AT OSHKOSH, WI",United States of America,13737.509754052757,7060034520,2,2,train
hysets_040851385,2921,88.84,hysets,44.5286111,-88.01,"FOX RIVER AT OIL TANK DEPOT AT GREEN BAY, WI",United States of America,16414.39773445816,7060034520,2,2,train
hysets_04085427,2921,88.84,hysets,44.1072222,-87.7152778,"MANITOWOC RIVER AT MANITOWOC, WI",United States of America,1341.9700445505168,7060034520,2,2,train
hysets_04086000,2920,88.81,hysets,43.74138889,-87.7521111,"SHEBOYGAN RIVER AT SHEBOYGAN, WI",United States of America,1098.1532380199687,7060034520,2,2,train
hysets_04086500,2921,88.84,hysets,43.32305556,-87.9786111,"CEDAR CREEK NEAR CEDARBURG, WI",United States of America,306.0064156973352,7060034520,2,2,train
hysets_04086600,2921,88.84,hysets,43.28027778,-87.9425,"MILWAUKEE RIVER NEAR CEDARBURG, WI",United States of America,1556.2129050124277,7060034520,2,2,train
hysets_04087170,2921,88.84,hysets,43.02444444,-87.8983333,"MILWAUKEE RIVER AT MOUTH AT MILWAUKEE, WI",United States of America,2246.1346313335016,7060034520,2,2,train
hysets_04093000,2921,88.84,hysets,41.53614807,-87.25697989,"DEEP RIVER AT LAKE GEORGE OUTLET AT HOBART, IN",United States of America,320.3222903739964,7060034520,2,2,train
hysets_04096515,2921,88.84,hysets,41.94865859,-84.8277403,"SOUTH BRANCH HOG CREEK NEAR ALLEN, MI",United States of America,126.24039357411698,7060034520,2,2,train
hysets_04097500,2921,88.84,hysets,41.94032575,-85.6327707,"ST. JOSEPH RIVER AT THREE RIVERS, MI",United States of America,3447.987158780052,7060034520,2,2,train
hysets_04099750,2921,88.84,hysets,41.7489396,-85.5763747,"PIGEON RIVER NEAR SCOTT, IN",United States of America,930.7174071197936,7060034520,2,2,train
hysets_04100500,2921,88.84,hysets,41.5933827,-85.8486057,"ELKHART RIVER AT GOSHEN, IN",United States of America,1524.2872350226558,7060034520,2,2,train
hysets_04101500,2921,88.84,hysets,41.8292138,-86.2597325,"ST. JOSEPH RIVER AT NILES, MI",United States of America,9608.897455594675,7060034520,2,2,train
hysets_04102500,2921,88.84,hysets,42.18642675,-86.3689124,"PAW PAW RIVER AT RIVERSIDE, MI",United States of America,989.0628278197964,7060034520,2,2,train
hysets_04108660,2921,88.84,hysets,42.65085976,-86.106703,"KALAMAZOO RIVER AT NEW RICHMOND, MI",United States of America,5087.667888923251,7060034520,2,2,train
hysets_04111379,2921,88.84,hysets,42.6830899,-84.2191329,"RED CEDAR RIVER NEAR WILLIAMSTON, MI",United States of America,425.7419484835294,7060034520,2,2,train
hysets_04112500,2921,88.84,hysets,42.7272571,-84.4780317,"RED CEDAR RIVER AT EAST LANSING, MI",United States of America,887.2142206623008,7060034520,2,2,train
hysets_04114000,2921,88.84,hysets,42.85642289,-84.9122182,"GRAND RIVER AT PORTLAND, MI",United States of America,3642.075370390646,7060034520,2,2,train
hysets_04116000,2921,88.84,hysets,42.971977,-85.0691725,"GRAND RIVER AT IONIA, MI",United States of America,7434.446477545439,7060034520,2,2,train
hysets_04119000,2921,88.84,hysets,42.96447088,-85.6764199,"GRAND RIVER AT GRAND RAPIDS, MI",United States of America,12718.3811311362,7060034520,2,2,train
hysets_04121300,2921,88.84,hysets,44.2005692,-85.0528147,"CLAM RIVER AT VOGEL CENTER, MI",United States of America,558.7351044855667,7060034520,2,2,train
hysets_04121500,2921,88.84,hysets,43.8991863,-85.2553192,"MUSKEGON RIVER AT EVART, MI",United States of America,3706.523011793591,7060034520,2,2,train
hysets_04122500,2921,88.84,hysets,43.9450063,-86.2786896,"PERE MARQUETTE RIVER AT SCOTTVILLE, MI",United States of America,1765.6529506271074,7060034520,2,2,train
hysets_04124000,2645,80.44,hysets,44.43639239,-85.6986792,"MANISTEE RIVER NEAR SHERMAN, MI",United States of America,2259.9998141618985,7060034520,2,2,train
hysets_04124500,2921,88.84,hysets,44.102511,-85.5172766,"EAST BRANCH PINE RIVER NEAR TUSTIN, MI",United States of America,147.499481567425,7060034520,2,2,train
hysets_04125460,2921,88.84,hysets,44.19334009,-85.7697863,"PINE RIVER AT HIGH SCHOOL BRIDGE NR HOXEYVILLE, MI",United States of America,635.2940234794205,7060034520,2,2,train
hysets_04126740,2921,88.84,hysets,44.6680551,-86.0348123,"PLATTE RIVER AT HONOR, MI",United States of America,324.5499384816067,7060034520,2,2,train
hysets_04127800,2921,88.84,hysets,45.10250676,-85.0981122,"JORDAN RIVER NEAR EAST JORDAN, MI",United States of America,172.3196727849493,7060034520,2,2,train
hysets_04127997,2921,88.84,hysets,45.27445746,-84.6000315,"STURGEON RIVER AT WOLVERINE, MI",United States of America,485.54538538993694,7060034520,2,2,train
hysets_04135700,2921,88.84,hysets,44.61473849,-84.455575,"SOUTH BRANCH AU SABLE RIVER NEAR LUZERNE, MI",United States of America,1009.2555507558708,7060034520,2,2,train
hysets_04136000,2921,88.84,hysets,44.6769593,-84.2925146,"AU SABLE RIVER NEAR RED OAK, MI",United States of America,2875.2703205171347,7060034520,2,2,train
hysets_04142000,2921,88.84,hysets,44.0725203,-84.0199939,"RIFLE RIVER NEAR STERLING, MI",United States of America,863.015366383376,7060034520,2,2,train
hysets_04146063,2921,88.84,hysets,43.1594706,-83.3507814,"SOUTH BRANCH FLINT RIVER NEAR COLUMBIAVILLE,MI",United States of America,559.4658216275142,7060034520,2,2,train
hysets_04148140,2921,88.84,hysets,43.0336381,-83.5813417,"KEARSLEY CREEK NEAR DAVISON, MI",United States of America,246.55863634358755,7060034520,2,2,train
hysets_04148500,2921,88.84,hysets,43.03891625,-83.771626,"FLINT RIVER NEAR FLINT, MI",United States of America,2520.384102126332,7060034520,2,2,train
hysets_04151500,2921,88.84,hysets,43.3278021,-83.7480196,"CASS RIVER AT FRANKENMUTH, MI",United States of America,2160.407703572323,7060034520,2,2,train
hysets_04152238,2921,88.84,hysets,43.8669691,-84.545289,"SOUTH BRANCH TOBACCO RIVER NEAR BEAVERTON, MI",United States of America,394.2228666241729,7060034520,2,2,train
hysets_04154000,2921,88.84,hysets,43.62614048,-84.70778969,"CHIPPEWA RIVER NEAR MOUNT PLEASANT, MI",United States of America,1035.849820714566,7060034520,2,2,train
hysets_04156000,2921,88.84,hysets,43.59530477,-84.2355439,"TITTABAWASSEE RIVER AT MIDLAND, MI",United States of America,6117.539118863253,7060034520,2,2,train
hysets_04159492,2921,88.84,hysets,43.15252665,-82.6240918,"BLACK RIVER NEAR JEDDO, MI",United States of America,1190.897121235487,7060034520,2,2,train
hysets_04159900,2921,88.84,hysets,43.0544713,-82.734649,"MILL CREEK NEAR AVOCA, MI",United States of America,438.16024242117936,7060034520,2,2,train
hysets_04164500,2921,88.84,hysets,42.62920008,-82.8888104,"NORTH BRANCH CLINTON RIVER NEAR MT. CLEMENS, MI",United States of America,511.0233984014872,7060034520,2,2,train
hysets_04176500,2921,88.84,hysets,41.9606008,-83.53104619,"RIVER RAISIN NEAR MONROE, MI",United States of America,2682.559967511376,7060034520,2,2,train
hysets_04178000,2921,88.84,hysets,41.3853283,-84.8016259,"ST. JOSEPH RIVER NEAR NEWVILLE, IN",United States of America,1485.5397513442156,7060034520,2,2,train
hysets_04183500,2921,88.84,hysets,41.19893889,-84.7444033,Maumee River at Antwerp OH,United States of America,5365.062188175793,7060034520,2,2,train
hysets_04185000,2921,88.84,hysets,41.50449567,-84.4296719,Tiffin River at Stryker OH,United States of America,1062.4758168862927,7060034520,2,2,train
hysets_04188100,2921,88.84,hysets,40.9903287,-84.2266132,Ottawa River near Kalida OH,United States of America,910.4002464420812,7060034520,2,2,train
hysets_04188337,2921,88.84,hysets,40.9244986,-83.5571508,Blanchard River below Mt. Blanchard OH,United States of America,368.5659095719248,7060034520,2,2,train
hysets_04190000,2921,88.84,hysets,41.0414393,-84.2268905,Blanchard River near Dupont OH,United States of America,1999.5389002277248,7060034520,2,2,train
hysets_04192500,2921,88.84,hysets,41.2919928,-84.2810573,Maumee River near Defiance OH,United States of America,14228.149340303844,7060034520,2,2,train
hysets_04193500,2921,88.84,hysets,41.5000526,-83.7127145,Maumee River at Waterville OH,United States of America,16252.877275229164,7060034520,2,2,train
hysets_04195500,2921,88.84,hysets,41.449496,-83.3613156,Portage River at Woodville OH,United States of America,1078.3612437526845,7060034520,2,2,train
hysets_04196500,2921,88.84,hysets,40.85061194,-83.2563084,Sandusky River near Upper Sandusky OH,United States of America,765.3958740479341,7060034520,2,2,train
hysets_04196800,2921,88.84,hysets,40.9228332,-83.3488116,Tymochtee Creek at Crawford OH,United States of America,607.1986582513874,7060034520,2,2,train
hysets_04198000,2921,88.84,hysets,41.3078307,-83.1588088,Sandusky River near Fremont OH,United States of America,3238.7147116678366,7060034520,2,2,train
hysets_04199500,2921,88.84,hysets,41.38199,-82.3168273,Vermilion River near Vermilion OH,United States of America,686.0734525508162,7060034520,2,2,train
hysets_04201500,2921,88.84,hysets,41.4067149,-81.8870822,Rocky River near Berea OH,United States of America,689.6273749256137,7060034520,2,2,train
hysets_04208504,2848,86.62,hysets,41.46255164,-81.680963,Cuyahoga River near Newburgh Heights OH,United States of America,2045.3580991455456,7060034520,2,2,train
hysets_04212100,2921,88.84,hysets,41.7189339,-81.2278789,Grand River near Painesville OH,United States of America,1782.0383020471486,7060034520,2,2,train
hysets_04213500,2921,88.84,hysets,42.4633333,-78.9341667,CATTARAUGUS CREEK AT GOWANDA NY,United States of America,1132.4970996191812,7060034520,2,2,train
hysets_04214500,2921,88.84,hysets,42.8547222,-78.755,BUFFALO CREEK AT GARDENVILLE NY,United States of America,367.2007305263512,7060034520,2,2,train
hysets_04215000,2921,88.84,hysets,42.89,-78.645,CAYUGA CREEK NEAR LANCASTER NY,United States of America,247.00073479594235,7060034520,2,2,train
hysets_04215500,2921,88.84,hysets,42.8297222,-78.775,CAZENOVIA CREEK AT EBENEZER NY,United States of America,350.3073494913618,7060034520,2,2,train
hysets_04217000,2921,88.84,hysets,42.9975,-78.1886111,TONAWANDA CREEK AT BATAVIA NY,United States of America,442.6206907292847,7060034520,2,2,train
hysets_04223000,2921,88.84,hysets,42.57027778,-78.0422222,GENESEE RIVER AT PORTAGEVILLE NY,United States of America,2542.92120689018,7060034520,2,2,train
hysets_04226000,2829,86.04,hysets,42.68194444,-77.82888889,KESHEQUA CR AT CRAIG COLONY AT SONYEA NY,United States of America,176.30874600985598,7060034520,2,2,train
hysets_04227000,2921,88.84,hysets,42.73694444,-77.8405556,CANASERAGA CREEK AT SHAKERS CROSSING NY,United States of America,874.7135760701783,7060034520,2,2,train
hysets_04230500,2921,88.84,hysets,43.01,-77.79138889,OATKA CREEK AT GARBUTT NY,United States of America,526.5504311245621,7060034520,2,2,train
hysets_04233255,2921,88.84,hysets,42.4272222,-76.5216667,CAYUGA INLET AT ITHACA NY,United States of America,222.47808518356936,7060034520,2,2,train
hysets_04234000,2921,88.84,hysets,42.4533333,-76.47277778,FALL CREEK NEAR ITHACA NY,United States of America,326.52890243065417,7060034520,2,2,train
hysets_04235250,2921,88.84,hysets,42.95777778,-77.0680556,FLINT CREEK AT PHELPS NY,United States of America,266.3168734647292,7060034520,2,2,train
hysets_04235299,2921,88.84,hysets,42.7115833,-76.434,OWASCO INLET BELOW AURORA STREET AT MORAVIA NY,United States of America,271.34212654177287,7060034520,2,2,train
hysets_04242500,2921,88.84,hysets,43.3011111,-75.6214722,EAST BRANCH FISH CREEK AT TABERG NY,United States of America,480.895865281912,7060034520,2,2,train
hysets_04250750,2921,88.84,hysets,43.8133333,-76.0747222,SANDY CREEK NEAR ADAMS NY,United States of America,324.8417856592885,7060034520,2,2,train
hysets_04262500,2921,88.84,hysets,44.18555556,-75.3308333,WEST BRANCH OSWEGATCHIE RIVER NEAR HARRISVILLE NY,United States of America,668.0898053292245,7060034520,2,2,train
hysets_04265432,2921,88.84,hysets,44.84666667,-75.0780556,GRASS RIVER AT CHASE MILLS NY,United States of America,1555.21761704794,7060034520,2,2,train
hysets_04268800,2921,88.84,hysets,44.5986111,-74.7372222,WEST BRANCH ST. REGIS RIVER NEAR PARISHVILLE NY,United States of America,443.1835592567727,7060034520,2,2,train
hysets_04269000,2921,88.84,hysets,44.8636111,-74.77888889,ST. REGIS RIVER AT BRASHER CENTER NY,United States of America,1591.4611319510495,7060034520,2,2,train
hysets_04270200,2921,88.84,hysets,44.94,-74.5569444,LITTLE SALMON RIVER AT BOMBAY NY,United States of America,235.34657806266063,7060034520,2,2,train
hysets_04275500,2921,88.84,hysets,44.45138889,-73.6425,AUSABLE RIVER NEAR AU SABLE FORKS NY,United States of America,1149.2003616600514,7060034520,2,2,train
hysets_04276500,2921,88.84,hysets,44.3583333,-73.3944444,BOUQUET RIVER AT WILLSBORO NY,United States of America,693.1386756231218,7060034520,2,2,train
hysets_04282525,2921,88.84,hysets,44.0617249,-73.17067429,"NEW HAVEN RIVER @ BROOKSVILLE, NR MIDDLEBURY, VT",United States of America,300.337408229182,7060034520,2,2,train
hysets_04288000,2921,88.84,hysets,44.2772802,-72.7426163,"MAD RIVER NEAR MORETOWN, VT",United States of America,362.92214012127,7060034520,2,2,train
hysets_04292000,2921,88.84,hysets,44.6228287,-72.6762308,"LAMOILLE RIVER AT JOHNSON, VT",United States of America,813.8512162842993,7060034520,2,2,train
hysets_04292500,2921,88.84,hysets,44.67921477,-73.0726365,"LAMOILLE RIVER AT EAST GEORGIA, VT",United States of America,1784.5713307700578,7060034520,2,2,train
hysets_04293500,2921,88.84,hysets,44.96004599,-72.696521,"MISSISQUOI RIVER NEAR EAST BERKSHIRE, VT",United States of America,1234.321411026296,7060034520,2,2,train
hysets_04296000,2921,88.84,hysets,44.8689363,-72.2701041,"BLACK RIVER AT COVENTRY, VT",United States of America,301.7343312904548,7060034520,2,2,train
hysets_04AA004,2766,84.12,hysets,54.85639,-95.12,HAYES RIVER BELOW TROUT FALLS,Canada,9150.408114465914,7060022270,2,2,train
hysets_04AB001,2634,80.11,hysets,56.41667,-92.80917,HAYES RIVER BELOW GODS RIVER,Canada,102281.3439907108,7060022270,2,2,train
hysets_04AD002,2814,85.58,hysets,55.85036,-92.09486,GODS RIVER NEAR SHAMATTAWA,Canada,65778.9153091038,7060022270,2,2,train
hysets_04FA002,2921,88.84,hysets,51.64831,-89.88692,KAWINOGANS RIVER NEAR PICKLE CROW,Canada,1388.6898810140592,7060024030,1,1,val
hysets_04GB005,2921,88.84,hysets,49.61131,-90.58081,BRIGHTSAND RIVER AT MOBERLEY,Canada,1134.1899544471012,7060024290,3,3,train
hysets_04JC002,2921,88.84,hysets,49.77289,-84.53694,NAGAGAMI RIVER AT HIGHWAY NO. 11,Canada,2171.2940467793264,7060024290,3,3,train
hysets_04JD005,2921,88.84,hysets,49.76419,-85.22619,PAGWACHUAN RIVER AT HIGHWAY NO. 11,Canada,2111.4404638284827,7060024290,3,3,train
hysets_04JF001,2921,88.84,hysets,50.66119,-86.53625,LITTLE CURRENT RIVER AT PERCY LAKE,Canada,5285.893942899316,7060024290,3,3,train
hysets_04LB002,2921,88.84,hysets,48.62664,-81.63033,KAMISKOTIA RIVER ABOVE ENID CREEK,Canada,923.5949683620012,7060024580,3,3,train
hysets_04LE002,2921,88.84,hysets,47.93817,-83.06069,NEMEGOSENDA RIVER NEAR CHAPLEAU,Canada,407.637077845546,7060024580,3,3,train
hysets_04LJ001,2921,88.84,hysets,49.61392,-83.26667,MISSINAIBI RIVER AT MATTICE,Canada,8547.688505990902,7060024580,3,3,train
hysets_04LK001,2921,88.84,hysets,49.68281,-83.6568,MATTAWISHKWIA RIVER AT HEARST,Canada,1166.0863178877978,7060024580,3,3,train
hysets_05017500,2921,88.84,hysets,48.83303718,-113.4206533,St. Mary River near Babb MT,United States of America,708.4773668386123,7060022240,4,4,train
hysets_05050000,2921,88.84,hysets,45.86246018,-96.573958,"BOIS DE SIOUX RIVER NEAR WHITE ROCK, SD",United States of America,3119.562979069346,7060022240,4,4,train
hysets_05051300,2921,88.84,hysets,46.1521813,-96.5792389,"BOIS DE SIOUX RIVER NEAR DORAN, MN",United States of America,4826.373380343052,7060022240,4,4,train
hysets_05054500,2921,88.84,hysets,47.7027775,-99.9490145,"SHEYENNE RIVER ABOVE HARVEY, ND",United States of America,1167.198971222717,7060022240,4,4,train
hysets_05055300,2921,88.84,hysets,47.90777778,-99.4155556,"SHEYENNE R AB DEVILS LK STATE OUTLET NR FLORA, ND",United States of America,3942.6038350663393,7060022240,4,4,train
hysets_05056000,2921,88.84,hysets,47.8055534,-98.7162172,"SHEYENNE RIVER NR WARWICK, ND",United States of America,5067.008299115747,7060022240,4,4,train
hysets_05057200,2921,88.84,hysets,47.2291562,-98.1248189,"BALDHILL CREEK NR DAZEY, ND",United States of America,1892.001172447706,7060022240,4,4,train
hysets_05059700,2921,88.84,hysets,46.6216388,-97.5739851,"MAPLE RIVER NR ENDERLIN, ND",United States of America,2175.4848673289293,7060022240,4,4,train
hysets_05060500,2921,88.84,hysets,47.0166413,-97.214254,"RUSH RIVER AT AMENIA, ND",United States of America,261.5216997119734,7060022240,4,4,train
hysets_05061000,2921,88.84,hysets,46.84995979,-96.3295093,"BUFFALO RIVER NEAR HAWLEY, MN",United States of America,922.2297184479906,7060022240,4,4,train
hysets_05062000,2921,88.84,hysets,46.9610736,-96.661465,"BUFFALO RIVER NEAR DILWORTH, MN",United States of America,2632.7861945004606,7060022240,4,4,train
hysets_05062500,2921,88.84,hysets,47.26555556,-96.2475,"WILD RICE RIVER AT TWIN VALLEY, MN",United States of America,2398.9951880315903,7060022240,4,4,train
hysets_05066500,2921,88.84,hysets,47.40942385,-97.0611974,"GOOSE RIVER AT HILLSBORO, ND",United States of America,3183.4190997974106,7060022240,4,4,train
hysets_05076000,2921,88.84,hysets,48.1855249,-96.1700335,"THIEF RIVER NEAR THIEF RIVER FALLS, MN",United States of America,2482.880217201996,7060022240,4,4,train
hysets_05078000,2921,88.84,hysets,47.9232974,-96.0464226,"CLEARWATER RIVER AT PLUMMER, MN",United States of America,1486.7777950042553,7060022240,4,4,train
hysets_05078500,2921,88.84,hysets,47.8874678,-96.2739364,"CLEARWATER RIVER AT RED LAKE FALLS, MN",United States of America,3545.858574072966,7060022240,4,4,train
hysets_05079000,2921,88.84,hysets,47.77552716,-96.6095101,"RED LAKE RIVER AT CROOKSTON, MN",United States of America,13508.490041142632,7060022240,4,4,train
hysets_05080000,2921,88.84,hysets,47.8002519,-96.8089627,"RED LAKE RIVER AT FISHER, MN",United States of America,14275.320306442576,7060022240,4,4,train
hysets_05129115,2921,88.84,hysets,48.2646282,-92.5659935,"VERMILION RIVER NR CRANE LAKE, MN",United States of America,2350.2868195683222,7060022240,4,4,train
hysets_05131500,2921,88.84,hysets,48.39577636,-93.5493266,"LITTLE FORK RIVER AT LITTLEFORK, MN",United States of America,4383.310229508234,7060022240,4,4,train
hysets_05132000,2921,88.84,hysets,48.1957849,-93.8071245,"BIG FORK RIVER AT BIG FALLS, MN",United States of America,3884.145804208919,7060022240,4,4,train
hysets_05212700,2921,88.84,hysets,47.3888277,-93.380757,"PRAIRIE RIVER NEAR TACONITE, MN",United States of America,959.5274148891564,7060047060,0,0,test
hysets_05244000,2921,88.84,hysets,46.64023789,-94.8791839,"CROW WING RIVER AT NIMROD, MN",United States of America,2750.0189739097173,7060047060,0,0,test
hysets_05270500,2921,88.84,hysets,45.55968715,-94.2336033,"SAUK RIVER NEAR ST. CLOUD, MN",United States of America,2343.0634236593555,7060047060,0,0,test
hysets_05280000,2921,88.84,hysets,45.0866297,-93.734132,"CROW RIVER AT ROCKFORD, MN",United States of America,6782.674886553918,7060047060,0,0,test
hysets_05288580,2921,88.84,hysets,45.0933333,-93.195,"RICE CREEK BLW OLD HWY. 8 IN MOUNDS VIEW, MN",United States of America,392.055269006862,7060047060,0,0,test
hysets_05289800,2913,88.59,hysets,44.91552097,-93.2127224,"MINNEHAHA CREEK AT HIAWATHA AVE. IN MINNEAPOLIS,MN",United States of America,435.9225209418806,7060047060,0,0,test
hysets_05291000,2921,88.84,hysets,45.2916316,-96.487557,"WHETSTONE RIVER NEAR BIG STONE CITY, SD",United States of America,1043.494973084972,7060047060,0,0,test
hysets_05293000,2921,88.84,hysets,45.2269094,-96.353665,"YELLOW BANK RIVER NEAR ODESSA, MN",United States of America,1189.28648680942,7060047060,0,0,test
hysets_05294000,2921,88.84,hysets,45.2027393,-96.0225455,"POMME DE TERRE RIVER AT APPLETON, MN",United States of America,2231.521248669094,7060047060,0,0,test
hysets_05300000,2921,88.84,hysets,44.99523647,-95.9197542,"LAC QUI PARLE RIVER NEAR LAC QUI PARLE, MN",United States of America,2443.5707424831708,7060047060,0,0,test
hysets_05304500,2921,88.84,hysets,45.108292,-95.7989224,"CHIPPEWA RIVER NEAR MILAN, MN",United States of America,4905.035350024056,7060047060,0,0,test
hysets_05313500,2921,88.84,hysets,44.71516667,-95.5441111,"YELLOW MEDICINE RIVER NEAR GRANITE FALLS, MN",United States of America,1714.3409911148085,7060047060,0,0,test
hysets_05316500,2921,88.84,hysets,44.5235701,-95.1724992,"REDWOOD RIVER NEAR REDWOOD FALLS, MN",United States of America,1612.943260379678,7060047060,0,0,test
hysets_05317000,2921,88.84,hysets,44.29135177,-94.4402495,"COTTONWOOD RIVER NEAR NEW ULM, MN",United States of America,3374.9775895209486,7060047060,0,0,test
hysets_05319500,2921,88.84,hysets,44.04635215,-94.1955144,"WATONWAN RIVER NEAR GARDEN CITY, MN",United States of America,2191.929156254548,7060047060,0,0,test
hysets_05320500,2921,88.84,hysets,44.10968777,-94.0419002,"LE SUEUR RIVER NEAR RAPIDAN, MN",United States of America,2854.545729321745,7060047060,0,0,test
hysets_05325000,2921,88.84,hysets,44.1688553,-94.0032886,"MINNESOTA RIVER AT MANKATO, MN",United States of America,38609.61886449907,7060047060,0,0,test
hysets_05330000,2921,88.84,hysets,44.69301845,-93.641902,"MINNESOTA RIVER NEAR JORDAN, MN",United States of America,42024.55309832732,7060047060,0,0,test
hysets_05331833,2921,88.84,hysets,46.1713409,-91.32935,"NAMEKAGON RIVER AT LEONARDS, WI",United States of America,320.01983646223584,7060047060,0,0,test
hysets_05333500,2921,88.84,hysets,46.0761111,-92.2466667,"ST. CROIX RIVER NEAR DANBURY, WI",United States of America,3965.005811456911,7060047060,0,0,test
hysets_05336700,2921,88.84,hysets,46.1055048,-92.8640899,"KETTLE RIVER BELOW SANDSTONE, MN",United States of America,2228.6005765488494,7060047060,0,0,test
hysets_05338500,2921,88.84,hysets,45.84162199,-92.9335412,"SNAKE RIVER NEAR PINE CITY, MN",United States of America,2364.844692283716,7060047060,0,0,test
hysets_05341752,2921,88.84,hysets,45.01166667,-92.7083333,"WILLOW RIVER @ WILLOW R STATE PARK NR BURKHARDT,WI",United States of America,752.4390066301174,7060047060,0,0,test
hysets_05342000,2921,88.84,hysets,44.8308333,-92.7330556,"KINNICKINNIC RIVER NEAR RIVER FALLS, WI",United States of America,420.4219288915797,7060047060,0,0,test
hysets_05344500,2921,88.84,hysets,44.74580095,-92.8002026,"MISSISSIPPI RIVER AT PRESCOTT, WI",United States of America,115770.82062106776,7060047060,0,0,test
hysets_05353800,2921,88.84,hysets,44.2580192,-93.2310473,"STRAIGHT RIVER NEAR FARIBAULT, MN",United States of America,1142.5607046661205,7060047060,0,0,test
hysets_05355200,2921,88.84,hysets,44.5638559,-92.7321429,"CANNON RIVER AT WELCH, MN",United States of America,3482.78230556989,7060047060,0,0,test
hysets_05362000,2921,88.84,hysets,45.30802638,-90.956525,"JUMP RIVER AT SHELDON, WI",United States of America,1488.3474729716856,7060047060,0,0,test
hysets_05367500,2921,88.84,hysets,45.05305556,-91.7119444,"RED CEDAR RIVER NEAR COLFAX, WI",United States of America,2833.0026123828534,7060047060,0,0,test
hysets_05372995,2921,88.84,hysets,44.061631,-92.4662889,"SOUTH FORK ZUMBRO RIVER AT ROCHESTER, MN",United States of America,777.5212338675456,7060047060,0,0,test
hysets_05378500,2921,88.84,hysets,44.0555186,-91.6376487,"MISSISSIPPI RIVER AT WINONA, MN",United States of America,154101.06685709595,7060047060,0,0,test
hysets_05379500,2921,88.84,hysets,44.13175,-91.5530278,"TREMPEALEAU RIVER AT DODGE, WI",United States of America,1663.244627668093,7060047060,0,0,test
hysets_05381000,2921,88.84,hysets,44.5597222,-90.615,"BLACK RIVER AT NEILLSVILLE, WI",United States of America,1947.2276856881847,7060047060,0,0,test
hysets_05382267,2921,88.84,hysets,44.00027778,-90.7244444,"LA CROSSE RIVER @ CNTY TRUNK HIGHWY BB NR TOMAH,WI",United States of America,167.81971335429571,7060047060,0,0,test
hysets_05382325,2921,88.84,hysets,43.9375,-90.8105556,"LA CROSSE RIVER AT SPARTA, WI",United States of America,434.0377707369089,7060047060,0,0,test
hysets_05383075,2921,88.84,hysets,43.86079886,-91.2104156,"LA CROSSE RIVER NEAR LA CROSSE, WI",United States of America,1212.667044911258,7060047060,0,0,test
hysets_05383950,2921,88.84,hysets,43.7846858,-92.0301573,"ROOT RIVER NEAR PILOT MOUND, MN",United States of America,1462.5734448028034,7060047060,0,0,test
hysets_05385000,2921,88.84,hysets,43.76857719,-91.5698654,"ROOT RIVER NEAR HOUSTON, MN",United States of America,3229.5538317595992,7060047060,0,0,test
hysets_05385500,2921,88.84,hysets,43.73857768,-91.5640317,"SOUTH FORK ROOT RIVER NEAR HOUSTON, MN",United States of America,710.2347538201212,7060047060,0,0,test
hysets_05387440,2921,88.84,hysets,43.40691316,-91.8990464,"Upper Iowa River at Bluffton, IA",United States of America,948.5953318145328,7060047060,0,0,test
hysets_05387500,2921,88.84,hysets,43.3048888,-91.7955429,"Upper Iowa River at Decorah, IA",United States of America,1320.8950112727443,7060047060,0,0,test
hysets_05389000,2921,88.84,hysets,43.11192665,-91.2651317,"Yellow River near Ion, IA",United States of America,564.9742483530013,7060047060,0,0,test
hysets_05397500,2921,88.84,hysets,44.91888889,-89.5519444,"EAU CLAIRE RIVER AT KELLY, WI",United States of America,965.1865458304758,7060047060,0,0,test
hysets_05399500,2921,88.84,hysets,44.8219098,-90.0795754,"BIG EAU PLEINE RIVER AT STRATFORD, WI",United States of America,575.5756896451911,7060047060,0,0,test
hysets_05405000,2921,88.84,hysets,43.48166667,-89.6363889,"BARABOO RIVER NEAR BARABOO, WI",United States of America,1574.228703211326,7060047060,0,0,test
hysets_05408000,2921,88.84,hysets,43.57414037,-90.6431861,"KICKAPOO RIVER AT LA FARGE, WI",United States of America,688.1169521373292,7060047060,0,0,test
hysets_05410490,2920,88.81,hysets,43.18277778,-90.8583333,"KICKAPOO RIVER AT STEUBEN, WI",United States of America,1776.7105139911455,7060047060,0,0,test
hysets_05411600,2921,88.84,hysets,43.20727778,-91.9503333,"Turkey River at Spillville, IA",United States of America,457.1336773183319,7060047060,0,0,test
hysets_05411850,2921,88.84,hysets,43.0541879,-91.8090983,"Turkey River near Eldorado, IA",United States of America,1660.7302595496374,7060047060,0,0,test
hysets_05412020,2920,88.81,hysets,42.84348517,-91.4012767,"Turkey River above French Hollow Cr at Elkader, IA",United States of America,2351.144976457525,7060047060,0,0,test
hysets_05412400,2921,88.84,hysets,42.7538753,-91.3690252,"Volga River at Littleport, IA",United States of America,940.777209538664,7060047060,0,0,test
hysets_05412500,2921,88.84,hysets,42.7399884,-91.261799,"Turkey River at Garber, IA",United States of America,4019.019123444493,7060047060,0,0,test
hysets_05413500,2921,88.84,hysets,42.72027778,-90.8191667,"GRANT RIVER AT BURTON, WI",United States of America,696.3131207344962,7060047060,0,0,test
hysets_05414000,2921,88.84,hysets,42.7311111,-90.6402778,"PLATTE RIVER NEAR ROCKVILLE, WI",United States of America,367.8457493706093,7060047060,0,0,test
hysets_05416900,2921,88.84,hysets,42.4699878,-91.4487147,"Maquoketa River at Manchester, IA",United States of America,721.7649808984322,7060047060,0,0,test
hysets_05418400,2921,88.84,hysets,42.1643333,-90.7293333,"North Fork Maquoketa River near Fulton, IA",United States of America,1299.0767029776844,7060047060,0,0,test
hysets_05418500,2921,88.84,hysets,42.08335324,-90.6329124,"Maquoketa River near Maquoketa, IA",United States of America,4012.1839510099417,7060047060,0,0,test
hysets_05419000,2921,88.84,hysets,42.2527941,-90.2859623,"APPLE RIVER NEAR HANOVER, IL",United States of America,637.3701777812894,7060047060,0,0,test
hysets_05420680,2919,88.78,hysets,42.83609117,-92.2574003,"Wapsipinicon River near Tripoli, IA",United States of America,895.4615605539686,7060047060,0,0,test
hysets_05421000,2921,88.84,hysets,42.46359796,-91.8951722,"Wapsipinicon River at Independence, IA",United States of America,2720.257367421847,7060047060,0,0,test
hysets_05421740,2921,88.84,hysets,42.08333856,-91.2673818,"Wapsipinicon River near Anamosa, IA",United States of America,4088.366190865927,7060047060,0,0,test
hysets_05422000,2921,88.84,hysets,41.76697439,-90.5348588,"Wapsipinicon River near De Witt, IA",United States of America,6040.061233773534,7060047060,0,0,test
hysets_05422600,2921,88.84,hysets,41.54614409,-90.5240237,"Duck Creek at DC Golf Course at Davenport, IA",United States of America,147.5150327523795,7060047060,0,0,test
hysets_05427085,2921,88.84,hysets,42.9275,-88.8427778,"ROCK RIVER AT ROBERT STREET AT FORT ATKINSON, WI",United States of America,5056.203846446372,7060047060,0,0,test
hysets_05427530,2921,88.84,hysets,42.83,-89.0213889,"ROCK RIVER AT NEWVILLE, WI",United States of America,5970.253600828244,7060047060,0,0,test
hysets_05427718,2921,88.84,hysets,43.20888889,-89.3525,"YAHARA RIVER AT WINDSOR, WI",United States of America,191.0110041639832,7060047060,0,0,test
hysets_05429700,2921,88.84,hysets,42.9197239,-89.2203937,"YAHARA RIVER @ FORTON STREET BRIDGE @ STOUGHTON,WI",United States of America,960.0891364594396,7060047060,0,0,test
hysets_05435500,2921,88.84,hysets,42.3027969,-89.6195605,"PECATONICA RIVER AT FREEPORT, IL",United States of America,3429.4474345868066,7060047060,0,0,test
hysets_05435950,2921,88.84,hysets,42.94916667,-89.5441667,"SUGAR RIVER NEAR VERONA, WI",United States of America,214.0774894184081,7060047060,0,0,test
hysets_05437050,2921,88.84,hysets,42.43805556,-89.175,"PECATONICA RIVER NR SHIRLAND, ILL",United States of America,6613.9927666054855,7060047060,0,0,test
hysets_05437500,2921,88.84,hysets,42.45027778,-89.0725,"ROCK RIVER AT ROCKTON, IL",United States of America,15718.522310636425,7060047060,0,0,test
hysets_05438500,2921,88.84,hysets,42.25613208,-88.8631565,"KISHWAUKEE RIVER AT BELVIDERE, IL",United States of America,1475.5667754323472,7060047060,0,0,test
hysets_05439500,2919,88.78,hysets,42.11058064,-88.9006527,SOUTH BRANCH KISHWAUKEE RIVER NR FAIRDALE IL,United States of America,1001.7004250531272,7060047060,0,0,test
hysets_05440000,2919,88.78,hysets,42.19444444,-88.9988889,"KISHWAUKEE RIVER NEAR PERRYVILLE, IL",United States of America,2843.5141232844703,7060047060,0,0,test
hysets_05440700,2921,88.84,hysets,42.1230805,-89.2559395,"ROCK RIVER AT BYRON, IL",United States of America,19926.791734109327,7060047060,0,0,test
hysets_05443500,2921,88.84,hysets,41.7722222,-89.7455556,"ROCK RIVER AT COMO, IL",United States of America,21902.09452847622,7060047060,0,0,test
hysets_05444000,2921,88.84,hysets,41.90280739,-89.696223,"ELKHORN CREEK NEAR PENROSE, IL",United States of America,375.5732164245708,7060047060,0,0,test
hysets_05447500,2921,88.84,hysets,41.48892309,-90.1576186,"GREEN RIVER NEAR GENESEO, IL",United States of America,2643.560832130237,7060047060,0,0,test
hysets_05448000,2921,88.84,hysets,41.44225587,-90.5559686,"MILL CREEK AT MILAN, IL",United States of America,161.35432386945163,7060047060,0,0,test
hysets_05449500,2921,88.84,hysets,42.75994409,-93.6218489,"Iowa River near Rowan, IA",United States of America,1112.7280704391255,7060047060,0,0,test
hysets_05451210,2921,88.84,hysets,42.3150833,-93.1520556,"South Fork Iowa River NE of New Providence, IA",United States of America,579.623435360706,7060047060,0,0,test
hysets_05451500,2921,88.84,hysets,42.06582096,-92.9076997,"Iowa River at Marshalltown, IA",United States of America,3981.439599909214,7060047060,0,0,test
hysets_05451700,2921,88.84,hysets,42.0088776,-92.852421,"Timber Creek near Marshalltown, IA",United States of America,307.65063589659854,7060047060,0,0,test
hysets_05451900,2921,88.84,hysets,41.89943868,-92.474355,"Richland Creek near Haven, IA",United States of America,146.11849705315385,7060047060,0,0,test
hysets_05452500,2921,88.84,hysets,41.85905556,-92.2779167,"Iowa River near Belle Plaine, IA",United States of America,5787.9941355917945,7060047060,0,0,test
hysets_05453000,2921,88.84,hysets,41.74944709,-92.1821267,"Big Bear Creek at Ladora, IA",United States of America,482.7422936623749,7060047060,0,0,test
hysets_05453100,2921,88.84,hysets,41.81272566,-92.064792,"Iowa River at Marengo, IA",United States of America,7241.228707524964,7060047060,0,0,test
hysets_05454220,2921,88.84,hysets,41.7183455,-91.7401737,"Clear Creek near Oxford, IA",United States of America,156.5068264005006,7060047060,0,0,test
hysets_05454300,2921,88.84,hysets,41.67668186,-91.5987812,"Clear Creek near Coralville, IA",United States of America,253.9505775142467,7060047060,0,0,test
hysets_05455100,2921,88.84,hysets,41.60640518,-91.61572419,"Old Mans Creek near Iowa City, IA",United States of America,521.4568267252246,7060047060,0,0,test
hysets_05455500,2921,88.84,hysets,41.4697387,-91.7146129,"English River at Kalona, IA",United States of America,1484.202177699913,7060047060,0,0,test
hysets_05457700,2873,87.38,hysets,43.06219456,-92.6738835,"Cedar River at Charles City, IA",United States of America,2775.2758670428625,7060047060,0,0,test
hysets_05458000,2921,88.84,hysets,43.03328014,-92.5035435,"Little Cedar River near Ionia, IA",United States of America,767.3651584463801,7060047060,0,0,test
hysets_05458300,2921,88.84,hysets,42.73721967,-92.47009,"Cedar River at Waverly, IA",United States of America,4035.94988525065,7060047060,0,0,test
hysets_05458500,2921,88.84,hysets,42.64831555,-92.4651859,"Cedar River at Janesville, IA",United States of America,4326.149450609839,7060047060,0,0,test
hysets_05458900,2920,88.81,hysets,42.6294261,-92.54352199,"West Fork Cedar River at Finchford, IA",United States of America,2200.8980646807763,7060047060,0,0,test
hysets_05459500,2921,88.84,hysets,43.16496176,-93.1927034,"Winnebago River at Mason City, IA",United States of America,1321.1205283868635,7060047060,0,0,test
hysets_05462000,2921,88.84,hysets,42.7119245,-92.5829664,"Shell Rock River at Shell Rock, IA",United States of America,4479.016792627177,7060047060,0,0,test
hysets_05463000,2921,88.84,hysets,42.572,-92.6182778,"Beaver Creek at New Hartford, IA",United States of America,900.9189099047528,7060047060,0,0,test
hysets_05463050,2921,88.84,hysets,42.53756756,-92.4434929,"Cedar River at Cedar Falls, IA",United States of America,12201.035757213756,7060047060,0,0,test
hysets_05463500,2921,88.84,hysets,42.4077639,-92.4632451,"Black Hawk Creek at Hudson, IA",United States of America,775.373909574649,7060047060,0,0,test
hysets_05464000,2921,88.84,hysets,42.4955419,-92.3343516,"Cedar River at Waterloo, IA",United States of America,13323.680480012,7060047060,0,0,test
hysets_05464220,2921,88.84,hysets,42.25152778,-92.2988889,"Wolf Creek near Dysart, IA",United States of America,771.3458349254952,7060047060,0,0,test
hysets_05464315,2921,88.84,hysets,42.1708283,-92.0237917,"Cedar River at Vinton, IA",United States of America,15618.94739780864,7060047060,0,0,test
hysets_05464500,2921,88.84,hysets,41.97194549,-91.6671239,"Cedar River at Cedar Rapids, IA",United States of America,16830.92725848546,7060047060,0,0,test
hysets_05466500,2920,88.81,hysets,41.18697738,-90.9673663,"EDWARDS RIVER NEAR NEW BOSTON, IL",United States of America,1149.776031127977,7060047060,0,0,test
hysets_05467000,2921,88.84,hysets,41.12892328,-90.9193094,"POPE CREEK NEAR KEITHSBURG, IL",United States of America,447.797485824809,7060047060,0,0,test
hysets_05469000,2921,88.84,hysets,41.0014258,-90.8543072,"HENDERSON CREEK NEAR OQUAWKA, IL",United States of America,1124.9792969327566,7060047060,0,0,test
hysets_05470000,2921,88.84,hysets,42.0665132,-93.6201343,"South Skunk River near Ames, IA",United States of America,818.1191579447791,7060047060,0,0,test
hysets_05470500,2921,88.84,hysets,42.02304157,-93.6304962,"Squaw Creek at Ames, IA",United States of America,547.7981702078888,7060047060,0,0,test
hysets_05471000,2921,88.84,hysets,42.00665328,-93.595495,"South Skunk River below Squaw Creek near Ames, IA",United States of America,1452.1711415357972,7060047060,0,0,test
hysets_05471200,2921,88.84,hysets,41.80526578,-93.3093735,"Indian Creek near Mingo, IA",United States of America,723.7114832630314,7060047060,0,0,test
hysets_05471500,2921,88.84,hysets,41.3556987,-92.65735889,"South Skunk River near Oskaloosa, IA",United States of America,4252.629721685037,7060047060,0,0,test
hysets_05472500,2921,88.84,hysets,41.3008452,-92.2046255,"North Skunk River near Sigourney, IA",United States of America,1897.62502878324,7060047060,0,0,test
hysets_05473400,2921,88.84,hysets,40.92530537,-91.6742195,"Cedar Creek near Oakland Mills, IA",United States of America,1381.2424707498508,7060047060,0,0,test
hysets_05473450,2920,88.81,hysets,41.0069727,-91.5515497,"Big Creek North of Mount Pleasant, IA",United States of America,161.38484536727455,7060047060,0,0,test
hysets_05474000,2921,88.84,hysets,40.75365038,-91.2770942,"Skunk River at Augusta, IA",United States of America,11162.841493104948,7060047060,0,0,test
hysets_05476000,2921,88.84,hysets,43.6182916,-94.984991,"DES MOINES RIVER AT JACKSON, MN",United States of America,3213.5284240331403,7060047060,0,0,test
hysets_05476750,2921,88.84,hysets,42.7194158,-94.2205182,"Des Moines River at Humboldt, IA",United States of America,5868.681761548932,7060047060,0,0,test
hysets_05478265,2921,88.84,hysets,43.08227778,-94.2308611,"East Fork Des Moines River near Algona, IA",United States of America,2230.6137486740145,7060047060,0,0,test
hysets_05479000,2921,88.84,hysets,42.7235824,-94.193489,"East Fork Des Moines River at Dakota City, IA",United States of America,3322.379731228465,7060047060,0,0,test
hysets_05480500,2921,88.84,hysets,42.50830276,-94.2035732,"Des Moines River at Fort Dodge, IA",United States of America,10808.221497309163,7060047060,0,0,test
hysets_05481000,2921,88.84,hysets,42.43247506,-93.8057762,"Boone River near Webster City, IA",United States of America,2180.049646370824,7060047060,0,0,test
hysets_05481300,2921,88.84,hysets,42.2519203,-93.9968975,"Des Moines River near Stratford, IA",United States of America,14055.635993067835,7060047060,0,0,test
hysets_05481950,2921,88.84,hysets,41.68832155,-93.7355002,"Beaver Creek near Grimes, IA",United States of America,972.738423213696,7060047060,0,0,test
hysets_05482300,2921,88.84,hysets,42.35475,-94.9903333,"North Raccoon River near Sac City, IA",United States of America,1837.080678542188,7060047060,0,0,test
hysets_05482500,2921,88.84,hysets,41.98803907,-94.3769127,"North Raccoon River near Jefferson, IA",United States of America,4181.090849902319,7060047060,0,0,test
hysets_05483450,2921,88.84,hysets,41.7790833,-94.4928611,"Middle Raccoon River near Bayard, IA",United States of America,987.9099196997726,7060047060,0,0,test
hysets_05484000,2921,88.84,hysets,41.5894324,-94.1513463,"South Raccoon River at Redfield, IA",United States of America,2544.0871076745566,7060047060,0,0,test
hysets_05484500,2921,88.84,hysets,41.5338779,-93.9499503,"Raccoon River at Van Meter, IA",United States of America,8856.572565817583,7060047060,0,0,test
hysets_05484650,2921,88.84,hysets,41.5616561,-93.7035539,"Raccoon River at 63rd Street at Des Moines, IA",United States of America,9072.187847350231,7060047060,0,0,test
hysets_05484800,2921,88.84,hysets,41.5872114,-93.7032762,"Walnut Creek at Des Moines, IA",United States of America,201.04326633672784,7060047060,0,0,test
hysets_05486490,2921,88.84,hysets,41.4241581,-93.5874386,"Middle River near Indianola, IA",United States of America,1267.4652959440116,7060047060,0,0,test
hysets_05487470,2919,88.78,hysets,41.33721569,-93.4863246,"South River near Ackworth, IA",United States of America,1184.2223816295225,7060047060,0,0,test
hysets_05487980,2921,88.84,hysets,41.24663889,-93.2901667,"White Breast Creek near Dallas, IA",United States of America,881.5567209951474,7060047060,0,0,test
hysets_05489000,2921,88.84,hysets,41.2190021,-92.9085332,"Cedar Creek near Bussey, IA",United States of America,963.9574948590168,7060047060,0,0,test
hysets_05490600,2921,88.84,hysets,40.4624083,-91.5669639,"Des Moines River at St. Francisville, MO",United States of America,36983.21489101234,7060047060,0,0,test
hysets_05495000,2906,88.38,hysets,40.39241667,-91.5978889,"Fox River at Wayland, MO",United States of America,1024.972774152185,7060047060,0,0,test
hysets_05495500,2920,88.81,hysets,40.1428237,-91.33737,"BEAR CREEK NEAR MARCELLINE, IL",United States of America,903.405074260964,7060047060,0,0,test
hysets_05496000,2921,88.84,hysets,40.1421111,-91.5656944,"Wyaconda River above Canton, MO",United States of America,1027.137273875939,7060047060,0,0,test
hysets_05497150,2921,88.84,hysets,40.0189337,-91.6221036,"North Fabius River near Ewing, MO",United States of America,1216.5245357066349,7060047060,0,0,test
hysets_05498150,2921,88.84,hysets,40.028933,-91.7057179,"Middle Fabius River near Ewing, MO",United States of America,1034.0637764750131,7060047060,0,0,test
hysets_05498700,2921,88.84,hysets,40.0061111,-92.0269444,"South Fabius River above Newark, MO",United States of America,546.4520967896844,7060047060,0,0,test
hysets_05500000,2921,88.84,hysets,39.89663889,-91.5801667,"South Fabius River near Taylor, MO",United States of America,1565.1098794683105,7060047060,0,0,test
hysets_05501000,2921,88.84,hysets,39.817,-91.5460278,"North River at Palmyra, MO",United States of America,920.6484058227584,7060047060,0,0,test
hysets_05502300,2921,88.84,hysets,39.82988889,-92.2304444,"North Fork Salt River at Hagers Grove, MO",United States of America,933.5322224624266,7060047060,0,0,test
hysets_05502500,2921,88.84,hysets,39.74127778,-92.0410278,"North Fork Salt River near Shelbina, MO",United States of America,1193.5435476935008,7060047060,0,0,test
hysets_05504800,2921,88.84,hysets,39.3261511,-91.8340547,"South Fork Salt River above Santa Fe, MO",United States of America,589.6481088663824,7060047060,0,0,test
hysets_05506100,2921,88.84,hysets,39.3558733,-91.8343322,"Long Branch near Santa Fe, MO",United States of America,472.09987418778826,7060047060,0,0,test
hysets_05506350,2910,88.5,hysets,39.5241111,-92.12775,"Middle Fork Salt River near Holliday, MO",United States of America,809.4796229928869,7060047060,0,0,test
hysets_05508805,2921,88.84,hysets,39.5204722,-91.34275,"Spencer Creek below Plum Creek near Frankford, MO",United States of America,535.8147208603417,7060047060,0,0,test
hysets_05514500,2921,88.84,hysets,39.00880556,-90.9775278,"Cuivre River near Troy, MO",United States of America,2406.0039736833746,7060047060,0,0,test
hysets_05514860,2921,88.84,hysets,38.80338499,-90.6351234,"Dardenne Creek at Old Town St. Peters, MO",United States of America,264.76743349730054,7060047060,0,0,test
hysets_05515500,2921,88.84,hysets,41.38963889,-86.7061667,"KANKAKEE RIVER AT DAVIS, IN",United States of America,1369.8658931702098,7060047060,0,0,test
hysets_05517000,2921,88.84,hysets,41.3028196,-86.6205695,"YELLOW RIVER AT KNOX, IN",United States of America,1125.574217368532,7060047060,0,0,test
hysets_05517500,2921,88.84,hysets,41.2200392,-86.968356,"KANKAKEE RIVER AT DUNNS BRIDGE, IN",United States of America,3461.363495731204,7060047060,0,0,test
hysets_05517530,2921,88.84,hysets,41.2539276,-87.033914,"KANKAKEE RIVER NR KOUTS, IN",United States of America,3529.9287154305416,7060047060,0,0,test
hysets_05518000,2921,88.84,hysets,41.1828134,-87.3403096,"KANKAKEE RIVER AT SHELBY, IN",United States of America,4580.319878883712,7060047060,0,0,test
hysets_05520500,2921,88.84,hysets,41.16003338,-87.6686483,"KANKAKEE RIVER AT MOMENCE, IL",United States of America,5859.014966267053,7060047060,0,0,test
hysets_05525000,2921,88.84,hysets,40.8228134,-87.5814187,"IROQUOIS RIVER AT IROQUOIS, IL",United States of America,1778.4132479413263,7060047060,0,0,test
hysets_05525500,2921,88.84,hysets,40.6300362,-87.72391809,"SUGAR CREEK AT MILFORD, IL",United States of America,1155.4843025539683,7060047060,0,0,test
hysets_05526000,2921,88.84,hysets,41.0089215,-87.8233719,"IROQUOIS RIVER NEAR CHEBANSE, IL",United States of America,5431.622918895854,7060047060,0,0,test
hysets_05527500,2920,88.81,hysets,41.34669805,-88.1864487,"KANKAKEE RIVER NEAR WILMINGTON, IL",United States of America,13269.864490669284,7060047060,0,0,test
hysets_05529000,2921,88.84,hysets,42.08166667,-87.8905556,"DES PLAINES RIVER NEAR DES PLAINES, IL",United States of America,940.9838737393858,7060047060,0,0,test
hysets_05531300,2921,88.84,hysets,41.8861411,-87.9592309,"SALT CREEK AT ELMHURST, IL",United States of America,229.9759488890032,7060047060,0,0,test
hysets_05532500,2921,88.84,hysets,41.82166667,-87.8219444,"DES PLAINES RIVER AT RIVERSIDE, IL",United States of America,1633.61584107319,7060047060,0,0,test
hysets_05540250,2921,88.84,hysets,41.71805556,-88.0705556,"EAST BRANCH DU PAGE RIVER AT BOLINGBROOK, IL",United States of America,194.03204980883635,7060047060,0,0,test
hysets_05540500,2921,88.84,hysets,41.5222527,-88.1925623,"DU PAGE RIVER AT SHOREWOOD, IL",United States of America,837.674081416066,7060047060,0,0,test
hysets_05541710,2921,88.84,hysets,41.4172533,-88.347566,"AUX SABLE CREEK NEAR MORRIS, IL",United States of America,388.65701913829656,7060047060,0,0,test
hysets_05542000,2921,88.84,hysets,41.2861433,-88.3597871,"MAZON RIVER NEAR COAL CITY, IL",United States of America,1163.8860013370563,7060047060,0,0,test
hysets_05543830,2921,88.84,hysets,43.0047222,-88.2436111,"FOX RIVER AT WAUKESHA, WI",United States of America,328.1292840048148,7060047060,0,0,test
hysets_05545750,2921,88.84,hysets,42.61085116,-88.225923,"FOX RIVER NEAR NEW MUNSTER, WI",United States of America,2051.589419670386,7060047060,0,0,test
hysets_05550001,2921,88.84,hysets,42.16194444,-88.29388889,"FOX RIVER (TAILWATER) AT ALGONQUIN, IL",United States of America,3587.716543010083,7060047060,0,0,test
hysets_05551000,2921,88.84,hysets,41.9961111,-88.295,"FOX RIVER AT SOUTH ELGIN, IL",United States of America,3985.0996900448895,7060047060,0,0,test
hysets_05551540,2921,88.84,hysets,41.7336111,-88.3333333,"FOX RIVER AT MONTGOMERY, IL",United States of America,4438.156504160224,7060047060,0,0,test
hysets_05554500,2921,88.84,hysets,40.87781116,-88.636173,"VERMILION RIVER AT PONTIAC, IL",United States of America,1498.110502438184,7060047060,0,0,test
hysets_05555300,2921,88.84,hysets,41.20836786,-88.93091189,"VERMILION RIVER NEAR LEONORE, IL",United States of America,3244.164947350672,7060047060,0,0,test
hysets_05556500,2921,88.84,hysets,41.3672222,-89.4977778,"BIG BUREAU CREEK AT PRINCETON, IL",United States of America,504.2846086219638,7060047060,0,0,test
hysets_05567500,2921,88.84,hysets,40.62364814,-89.2417516,"MACKINAW RIVER NEAR CONGERVILLE, IL",United States of America,1974.918626774698,7060047060,0,0,test
hysets_05568000,2921,88.84,hysets,40.45420679,-89.6062144,"MACKINAW RIVER NEAR GREEN VALLEY, IL",United States of America,2766.71830384409,7060047060,0,0,test
hysets_05568800,2921,88.84,hysets,41.01888889,-89.8355556,"INDIAN CREEK NEAR WYOMING, IL",United States of America,163.4689046685893,7060047060,0,0,test
hysets_05569500,2921,88.84,hysets,40.70777778,-90.28,"SPOON RIVER AT LONDON MILLS, IL",United States of America,2768.647669982408,7060047060,0,0,test
hysets_05570000,2921,88.84,hysets,40.49004077,-90.3404025,"SPOON RIVER AT SEVILLE, IL",United States of America,4236.656284133928,7060047060,0,0,test
hysets_05572000,2921,88.84,hysets,40.03086735,-88.58895419,"SANGAMON RIVER AT MONTICELLO, IL",United States of America,1431.6274459354588,7060047060,0,0,test
hysets_05576500,2921,88.84,hysets,39.8431053,-89.5473197,"SANGAMON RIVER AT RIVERTON, IL",United States of America,6778.067572811325,7060047060,0,0,test
hysets_05578000,2921,88.84,hysets,40.0133333,-89.8383333,"SANGAMON RIVER AT PETERSBURG, IL",United States of America,7920.692789699154,7060047060,0,0,test
hysets_05579500,2921,88.84,hysets,39.95166667,-89.3855556,"LAKE FORK NEAR CORNLAND, IL",United States of America,552.0151549550258,7060047060,0,0,test
hysets_05582000,2921,88.84,hysets,40.1319901,-89.7356639,"SALT CREEK NEAR GREENVIEW, IL",United States of America,4667.8103383384405,7060047060,0,0,test
hysets_05583000,2921,88.84,hysets,40.12416667,-89.985,"SANGAMON RIVER NEAR OAKFORD, IL",United States of America,13176.585128803408,7060047060,0,0,test
hysets_05584500,2921,88.84,hysets,40.33032166,-90.8962451,"LA MOINE RIVER AT COLMAR, IL",United States of America,1693.2039174101562,7060047060,0,0,test
hysets_05585000,2921,88.84,hysets,40.0247704,-90.6317947,"LA MOINE RIVER AT RIPLEY, IL",United States of America,3350.33910694582,7060047060,0,0,test
hysets_05587000,2921,88.84,hysets,39.23421366,-90.3945618,"MACOUPIN CREEK NEAR KANE, IL",United States of America,2241.2997636887308,7060047060,0,0,test
hysets_05587900,2921,88.84,hysets,38.8244919,-89.9748246,"CAHOKIA CREEK AT EDWARDSVILLE, IL",United States of America,545.6242361185173,7060047060,0,0,test
hysets_05591200,2921,88.84,hysets,39.5833666,-88.4133842,"KASKASKIA RIVER AT COOKS MILLS, IL",United States of America,1225.8846636851451,7060047060,0,0,test
hysets_05591700,2921,88.84,hysets,39.73114568,-88.6625657,"WEST OKAW RIVER NEAR LOVINGTON, IL",United States of America,296.64974822416315,7060047060,0,0,test
hysets_05592050,2921,88.84,hysets,39.40587344,-88.8964628,"ROBINSON CREEK NEAR SHELBYVILLE, IL",United States of America,253.67622291781268,7060047060,0,0,test
hysets_05592800,2921,88.84,hysets,38.9225459,-89.2367389,"HURRICANE CREEK NEAR MULBERRY GROVE, IL",United States of America,393.6687772220224,7060047060,0,0,test
hysets_05593575,2921,88.84,hysets,38.4417164,-89.416751,"LITTLE CROOKED CREEK NEAR NEW MINDEN, IL",United States of America,217.62703304610247,7060047060,0,0,test
hysets_05593945,2921,88.84,hysets,38.77588058,-89.4989718,"SHOAL CREEK NEAR PIERRON, IL",United States of America,1756.4890715914978,7060047060,0,0,test
hysets_05594000,2921,88.84,hysets,38.61,-89.4947222,"SHOAL CREEK NEAR BREESE, IL",United States of America,1907.934193869064,7060047060,0,0,test
hysets_05594450,2921,88.84,hysets,38.7167145,-89.8292631,"SILVER CREEK NEAR TROY, IL",United States of America,399.4650335969789,7060047060,0,0,test
hysets_05594800,2921,88.84,hysets,38.4061607,-89.8739906,"SILVER CREEK NEAR FREEBURG, IL",United States of America,1214.211088932592,7060047060,0,0,test
hysets_05595200,2921,88.84,hysets,38.32388889,-89.9705556,"RICHLAND CREEK NEAR HECKER, IL",United States of America,332.2468039120046,7060047060,0,0,test
hysets_05595730,2921,88.84,hysets,38.25388889,-89.0405556,"RAYSE CREEK NEAR WALTONVILLE, IL",United States of America,236.47383029048635,7060047060,0,0,test
hysets_05595820,2921,88.84,hysets,38.28638889,-88.87138889,"CASEY FORK AT MOUNT VERNON, IL",United States of America,197.63329415709288,7060047060,0,0,test
hysets_05AA008,2921,88.84,hysets,49.59732,-114.4106,CROWSNEST RIVER AT FRANK,Canada,401.3229277795219,7060022240,4,4,train
hysets_05AA022,2921,88.84,hysets,49.48866,-114.1444,CASTLE RIVER NEAR BEAVER MINES,Canada,817.9900463985563,7060022240,4,4,train
hysets_05AA035,2921,88.84,hysets,49.72769,-114.0865,OLDMAN RIVER AT RANGE ROAD NO. 13A,Canada,1827.1931126869329,7060022240,4,4,train
hysets_05AD003,2920,88.81,hysets,49.11366,-113.8394,WATERTON RIVER NEAR WATERTON PARK,Canada,610.740075024387,7060022240,4,4,train
hysets_05BB001,2921,88.84,hysets,51.17223,-115.5718,BOW RIVER AT BANFF,Canada,2201.421127026608,7060022240,4,4,train
hysets_05BG006,2921,88.84,hysets,51.28281,-114.8384,WAIPAROUS CREEK NEAR THE MOUTH,Canada,331.288844041572,7060022240,4,4,train
hysets_05BJ004,2921,88.84,hysets,50.94893,-114.571,ELBOW RIVER AT BRAGG CREEK,Canada,788.0016268213618,7060022240,4,4,train
hysets_05BJ010,2921,88.84,hysets,50.9935,-114.1699,ELBOW RIVER AT SARCEE BRIDGE,Canada,1185.0681067735572,7060022240,4,4,train
hysets_05BL012,2921,88.84,hysets,50.72389,-113.9735,SHEEP RIVER AT OKOTOKS,Canada,1488.563146655335,7060022240,4,4,train
hysets_05BL014,2921,88.84,hysets,50.68855,-114.2449,SHEEP RIVER AT BLACK DIAMOND,Canada,590.0962444278352,7060022240,4,4,train
hysets_05CA009,2921,88.84,hysets,51.64625,-115.0192,RED DEER RIVER BELOW BURNT TIMBER CREEK,Canada,2237.26834455374,7060022240,4,4,train
hysets_05CB001,2921,88.84,hysets,52.02824,-114.1403,LITTLE RED DEER RIVER NEAR THE MOUTH,Canada,2568.6516706828097,7060022240,4,4,train
hysets_05CC001,2921,88.84,hysets,52.35402,-113.7947,BLINDMAN RIVER NEAR BLACKFALDS,Canada,1788.7650040472606,7060022240,4,4,train
hysets_05CC007,2920,88.81,hysets,52.31956,-114.3442,MEDICINE RIVER NEAR ECKVILLE,Canada,1908.324331737659,7060022240,4,4,train
hysets_05DA009,2921,88.84,hysets,52.00119,-116.4709,NORTH SASKATCHEWAN RIVER AT WHIRLPOOL POINT,Canada,1915.838455292944,7060022240,4,4,train
hysets_05DB002,2921,88.84,hysets,52.27386,-114.9292,PRAIRIE CREEK NEAR ROCKY MOUNTAIN HOUSE,Canada,840.775143036502,7060022240,4,4,train
hysets_05DB006,2921,88.84,hysets,52.2521,-114.8558,CLEARWATER RIVER NEAR DOVERCOURT,Canada,2244.125208635597,7060022240,4,4,train
hysets_05DD009,2921,88.84,hysets,52.81997,-115.5203,NORDEGG RIVER AT SUNCHILD ROAD,Canada,872.1964894194546,7060022240,4,4,train
hysets_05EA005,2921,88.84,hysets,53.65535,-113.7625,STURGEON RIVER NEAR VILLENEUVE,Canada,1881.497668770584,7060022240,4,4,train
hysets_05FA001,2921,88.84,hysets,52.66325,-113.5814,BATTLE RIVER NEAR PONOKA,Canada,1814.1365957365665,7060022240,4,4,train
hysets_05FA011,2921,88.84,hysets,52.94859,-112.9647,BATTLE RIVER AT DUHAMEL,Canada,4978.944592932866,7060022240,4,4,train
hysets_05HD036,2921,88.84,hysets,49.84444,-108.4794,SWIFT CURRENT CREEK BELOW ROCK CREEK,Canada,1428.6680969753204,7060022240,4,4,train
hysets_05KE010,2921,88.84,hysets,53.86497,-104.6196,WHITE GULL CREEK AT HIGHWAY NO. 106,Canada,623.6278631494209,7060022240,4,4,train
hysets_05KG007,2757,83.85,hysets,54.82778,-102.6356,STURGEON-WEIR RIVER AT LEAF RAPIDS,Canada,12501.681959089765,7060022240,4,4,train
hysets_05LC001,2921,88.84,hysets,52.85947,-102.1951,RED DEER RIVER NEAR ERWOOD,Canada,10931.09694186704,7060022240,4,4,train
hysets_05LH005,2861,87.01,hysets,51.8485,-99.54617,WATERHEN RIVER NEAR WATERHEN,Canada,54844.55821217132,7060022240,4,4,train
hysets_05MD005,2823,85.86,hysets,50.96334,-101.3188,SHELL RIVER NEAR INGLIS,Canada,1960.4083519930832,7060022240,4,4,train
hysets_05MF001,2921,88.84,hysets,50.35881,-99.90753,LITTLE SASKATCHEWAN RIVER NEAR MINNEDOSA,Canada,2600.036123912957,7060022240,4,4,train
hysets_05PA006,2921,88.84,hysets,48.38256,-92.17631,NAMAKAN RIVER AT OUTLET OF LAC LA CROIX,Canada,13247.602423070057,7060022240,4,4,train
hysets_05PB014,2921,88.84,hysets,48.85022,-92.72383,TURTLE RIVER NEAR MINE CENTRE,Canada,4752.609255068878,7060022240,4,4,train
hysets_05PE028,2864,87.1,hysets,49.77708,-94.52411,WINNIPEG RIVER WESTERN CHANNEL NEAR TUNNEL ISLAND,Canada,67999.78529860734,7060022240,4,4,train
hysets_05PH003,2921,88.84,hysets,49.93878,-95.95683,WHITEMOUTH RIVER NEAR WHITEMOUTH,Canada,3735.4937759679606,7060022240,4,4,train
hysets_05QA004,2921,88.84,hysets,50.16728,-91.54075,STURGEON RIVER AT MCDOUGALL MILLS,Canada,4424.1320946484775,7060022240,4,4,train
hysets_05QE008,2777,84.46,hysets,50.50756,-93.25858,CEDAR RIVER BELOW WABASKANG LAKE,Canada,1630.8834572431435,7060022240,4,4,train
hysets_05QE009,2921,88.84,hysets,50.35225,-94.46641,STURGEON RIVER AT OUTLET OF SALVESEN LAKE,Canada,1747.1317192007557,7060022240,4,4,train
hysets_05QE012,2921,88.84,hysets,50.677,-93.97019,LONG-LEGGED RIVER BELOW LONG-LEGGED LAKE,Canada,546.874185026819,7060022240,4,4,train
hysets_05RA001,2921,88.84,hysets,51.10128,-96.28303,MANIGOTAGAN RIVER NEAR MANIGOTAGAN,Canada,1824.74672879706,7060022240,4,4,train
hysets_05RB003,2921,88.84,hysets,51.70342,-96.60453,BLOODVEIN RIVER ABOVE BLOODVEIN BAY,Canada,9057.263056973325,7060022240,4,4,train
hysets_05TD001,2921,88.84,hysets,55.74062,-97.00517,GRASS RIVER ABOVE STANDING STONE FALLS,Canada,15342.297450090342,7060022240,4,4,train
hysets_05TE002,2921,88.84,hysets,55.49662,-99.22089,BURNTWOOD RIVER ABOVE LEAF RAPIDS,Canada,5784.924811725558,7060022240,4,4,train
hysets_05TF002,2896,88.08,hysets,55.93111,-98.88639,FOOTPRINT RIVER ABOVE FOOTPRINT LAKE,Canada,639.9209680930558,7060022240,4,4,train
hysets_05TG002,2921,88.84,hysets,55.48985,-98.19208,TAYLOR RIVER NEAR THOMPSON,Canada,881.5778133253384,7060022240,4,4,train
hysets_05TG003,2921,88.84,hysets,55.99526,-97.35762,ODEI RIVER NEAR THOMPSON,Canada,6078.445869571109,7060022240,4,4,train
hysets_05UF004,2921,88.84,hysets,56.34156,-94.69665,KETTLE RIVER NEAR GILLAM,Canada,1083.275761715782,7060022240,4,4,train
hysets_05UG001,2921,88.84,hysets,56.51258,-94.21617,LIMESTONE RIVER NEAR BIRD,Canada,3257.2065041851424,7060022240,4,4,train
hysets_05UH001,2921,88.84,hysets,56.67694,-93.64111,ANGLING RIVER NEAR BIRD,Canada,1555.779050588954,7060022240,4,4,train
hysets_05UH002,2921,88.84,hysets,57.02306,-93.45306,WEIR RIVER ABOVE THE MOUTH,Canada,2180.115962046168,7060022240,4,4,train
hysets_06019500,2921,88.84,hysets,45.1923194,-112.1428167,"Ruby River above reservoir near Alder, MT",United States of America,1380.8578745784937,7060047060,0,0,test
hysets_06025500,2921,88.84,hysets,45.52658056,-112.701725,Big Hole River near Melrose MT,United States of America,6390.675737058096,7060047060,0,0,test
hysets_06026500,2921,88.84,hysets,45.6132833,-112.3293972,Jefferson River near Twin Bridges MT,United States of America,19676.495969474265,7060047060,0,0,test
hysets_06033000,2921,88.84,hysets,46.21103056,-112.09165,Boulder River near Boulder MT,United States of America,988.4920307737176,7060047060,0,0,test
hysets_06036650,2921,88.84,hysets,45.8971361,-111.5956722,Jefferson River near Three Forks MT,United States of America,24697.25606692837,7060047060,0,0,test
hysets_06036905,2921,88.84,hysets,44.6201833,-110.8635028,Firehole River near West Yellowstone MT,United States of America,675.1720151626838,7060047060,0,0,test
hysets_06037100,2921,88.84,hysets,44.6408,-110.8610639,"Gibbon River at Madison Jct, YNP",United States of America,322.00477737881096,7060047060,0,0,test
hysets_06037500,2921,88.84,hysets,44.6570722,-111.0679639,Madison River near West Yellowstone MT,United States of America,1124.0598627753243,7060047060,0,0,test
hysets_06040000,2646,80.47,hysets,45.2331333,-111.7516333,Madison River near Cameron MT,United States of America,4373.648830305284,7060047060,0,0,test
hysets_06043500,2921,88.84,hysets,45.4973,-111.2707083,Gallatin River near Gallatin Gateway MT,United States of America,2114.33695775611,7060047060,0,0,test
hysets_06052500,2920,88.81,hysets,45.88535556,-111.438286,Gallatin River at Logan MT,United States of America,4623.534159865192,7060047060,0,0,test
hysets_06054500,2921,88.84,hysets,46.1465722,-111.4202778,Missouri River at Toston MT,United States of America,37987.75766686772,7060047060,0,0,test
hysets_06063000,2921,88.84,hysets,46.604925,-112.089361,Tenmile Creek near Helena MT,United States of America,254.54921711699828,7060047060,0,0,test
hysets_06073500,2921,88.84,hysets,47.199025,-112.0959056,Dearborn River near Craig MT,United States of America,832.5422419391736,7060047060,0,0,test
hysets_06076690,2919,88.78,hysets,46.7958,-111.1785556,Smith River near Ft Logan MT,United States of America,2183.35223114914,7060047060,0,0,test
hysets_06077200,2921,88.84,hysets,46.82798056,-111.1922389,Smith River bl Eagle Cr nr Fort Logan MT,United States of America,2808.818219233931,7060047060,0,0,test
hysets_06078500,2921,88.84,hysets,47.6398611,-112.8593333,North Fork Sun River near Augusta MT,United States of America,667.7705137297808,7060047060,0,0,test
hysets_06079000,2921,88.84,hysets,47.6286083,-112.865761,South Fork Sun River near Augusta MT,United States of America,648.9409335011201,7060047060,0,0,test
hysets_06085800,2921,88.84,hysets,47.50162778,-111.9319139,Sun River at Simms MT,United States of America,3142.6403201544194,7060047060,0,0,test
hysets_06089000,2921,88.84,hysets,47.52577778,-111.511036,Sun River near Vaughn MT,United States of America,4875.959017274226,7060047060,0,0,test
hysets_06090500,2921,88.84,hysets,47.2085944,-110.9317472,Belt Creek near Monarch MT,United States of America,916.3359536344606,7060047060,0,0,test
hysets_06091700,2921,88.84,hysets,48.42695278,-112.9899833,Two Medicine River bl South Fork nr Browning MT,United States of America,641.0154513910661,7060047060,0,0,test
hysets_06093200,2918,88.75,hysets,48.36945,-112.8017806,Badger Cr bl Four Horns Canal nr Browning MT,United States of America,395.507395223994,7060047060,0,0,test
hysets_06099000,2916,88.69,hysets,48.63340278,-112.3464806,Cut Bank Creek at Cut Bank MT,United States of America,2679.509901091561,7060047060,0,0,test
hysets_06108000,2921,88.84,hysets,47.930325,-111.5529417,Teton River near Dutton MT,United States of America,3219.6139560722613,7060047060,0,0,test
hysets_06108800,2921,88.84,hysets,47.9327194,-110.5144333,Teton River at Loma MT,United States of America,4917.05527688702,7060047060,0,0,test
hysets_06120500,2921,88.84,hysets,46.4288,-109.8411944,Musselshell River at Harlowton MT,United States of America,2865.98892147587,7060047060,0,0,test
hysets_06130500,2921,88.84,hysets,46.99469167,-107.8891639,Musselshell River at Mosby MT,United States of America,20200.02506216332,7060047060,0,0,test
hysets_06131200,2921,88.84,hysets,47.5365944,-106.1534528,Nelson Creek near Van Norman MT,United States of America,289.8439597709862,7060047060,0,0,test
hysets_06154400,2921,88.84,hysets,48.2237333,-108.7140528,Peoples Creek near Hays MT,United States of America,578.5758324127338,7060047060,0,0,test
hysets_06177500,2921,88.84,hysets,47.4139722,-105.5756444,Redwater River at Circle MT,United States of America,1421.6865400269955,7060047060,0,0,test
hysets_06186500,2921,88.84,hysets,44.56709167,-110.3804056,Yellowstone River at Yellowstone Lk Outlet YNP,United States of America,2596.791571265921,7060047060,0,0,test
hysets_06188000,2921,88.84,hysets,44.92817778,-110.3942694,Lamar River nr Tower Ranger Station YNP,United States of America,1726.1213932888118,7060047060,0,0,test
hysets_06191000,2921,88.84,hysets,44.9923444,-110.690975,Gardner River near Mammoth YNP,United States of America,512.0356485589447,7060047060,0,0,test
hysets_06191500,2921,88.84,hysets,45.1121194,-110.7936667,Yellowstone River at Corwin Springs MT,United States of America,6786.043662275343,7060047060,0,0,test
hysets_06192500,2921,88.84,hysets,45.5972111,-110.5664972,Yellowstone River near Livingston MT,United States of America,9202.638940533778,7060047060,0,0,test
hysets_06195600,2921,88.84,hysets,45.7383611,-110.4794694,Shields River nr Livingston MT,United States of America,2182.242083105353,7060047060,0,0,test
hysets_06200000,2921,88.84,hysets,45.8337944,-109.9387056,Boulder River at Big Timber MT,United States of America,1360.5431622517694,7060047060,0,0,test
hysets_06207500,2919,88.78,hysets,45.0099111,-109.0653667,Clarks Fork Yellowstone River nr Belfry MT,United States of America,3301.164826553595,7060047060,0,0,test
hysets_06208500,2921,88.84,hysets,45.46571389,-108.8441056,Clarks Fork Yellowstone River at Edgar MT,United States of America,5256.49923427066,7060047060,0,0,test
hysets_06209500,2921,88.84,hysets,45.0861472,-109.3291889,Rock Creek near Red Lodge MT,United States of America,277.2388444875162,7060047060,0,0,test
hysets_06214500,2921,88.84,hysets,45.8001194,-108.4680306,Yellowstone River at Billings MT,United States of America,30528.453254771102,7060047060,0,0,test
hysets_06221400,2921,88.84,hysets,43.34616667,-109.4087778,"DINWOODY CREEK ABOVE LAKES, NEAR BURRIS, WY",United States of America,226.31056991040245,7060047060,0,0,test
hysets_06224000,2921,88.84,hysets,43.1766111,-109.2025556,"BULL LAKE CREEK ABOVE BULL LAKE, WY",United States of America,483.37045457934937,7060047060,0,0,test
hysets_06289000,2921,88.84,hysets,45.0071111,-107.6154083,Little Bighorn River at State Line nr Wyola MT,United States of America,470.96921026807576,7060047060,0,0,test
hysets_06294000,2921,88.84,hysets,45.7356861,-107.5574694,Little Bighorn River near Hardin MT,United States of America,3338.731353406816,7060047060,0,0,test
hysets_06295000,2921,88.84,hysets,46.2666361,-106.6913028,Yellowstone River at Forsyth MT,United States of America,103788.3711772564,7060047060,0,0,test
hysets_06306300,2917,88.72,hysets,45.0091361,-106.8359444,Tongue River at State Line nr Decker MT,United States of America,3750.295750682527,7060047060,0,0,test
hysets_06324500,2921,88.84,hysets,45.0571972,-105.8783778,Powder River at Moorhead MT,United States of America,20751.237100795694,7060047060,0,0,test
hysets_06326500,2921,88.84,hysets,46.4294361,-105.3103306,Powder River near Locate MT,United States of America,33758.57978549002,7060047060,0,0,test
hysets_06327500,2921,88.84,hysets,47.10076389,-104.7203167,Yellowstone River at Glendive MT,United States of America,172462.95024135197,7060047060,0,0,test
hysets_06329500,2921,88.84,hysets,47.67741389,-104.1554111,Yellowstone River near Sidney MT,United States of America,178592.03918949552,7060047060,0,0,test
hysets_06332515,2921,88.84,hysets,47.7872369,-102.7685256,"BEAR DEN CREEK NR MANDAREE, ND",United States of America,190.69832976276413,7060047060,0,0,test
hysets_06332770,2698,82.06,hysets,47.73778499,-102.1076687,"DEEPWATER CREEK AT MOUTH NR RAUB, ND",United States of America,589.4419872458435,7060047060,0,0,test
hysets_06334500,2921,88.84,hysets,45.5481343,-103.9712386,"LITTLE MISSOURI R AT CAMP CROOK,SD",United States of America,5066.482266952606,7060047060,0,0,test
hysets_06335500,2921,88.84,hysets,46.29777778,-103.9175,"LITTLE MISSOURI RIVER AT MARMARTH, ND",United States of America,12041.65579931126,7060047060,0,0,test
hysets_06335750,2921,88.84,hysets,46.57638889,-103.5580556,"DEEP CREEK NR AMIDON, ND",United States of America,721.1191104950074,7060047060,0,0,test
hysets_06336000,2921,88.84,hysets,46.91945839,-103.5282426,"LITTLE MISSOURI RIVER AT MEDORA, ND",United States of America,16016.810296111678,7060047060,0,0,test
hysets_06337000,2921,88.84,hysets,47.5902932,-103.2518572,"LITTLE MISSOURI RIVER NR WATFORD CITY, ND",United States of America,21527.13600280726,7060047060,0,0,test
hysets_06339100,2921,88.84,hysets,47.2361259,-102.7699074,"KNIFE RIVER AT MANNING, ND",United States of America,527.2364920752672,7060047060,0,0,test
hysets_06339500,2921,88.84,hysets,47.154453,-102.059892,"KNIFE RIVER NR GOLDEN VALLEY, ND",United States of America,3162.174196901531,7060047060,0,0,test
hysets_06340500,2921,88.84,hysets,47.2852816,-101.6221093,"KNIFE RIVER AT HAZEN, ND",United States of America,5834.119017978788,7060047060,0,0,test
hysets_06350000,2921,88.84,hysets,46.42667116,-102.5518303,"CANNONBALL RIVER AT REGENT, ND",United States of America,1499.0685592563393,7060047060,0,0,test
hysets_06351200,2921,88.84,hysets,46.1269476,-101.333187,"CANNONBALL RIVER NR RALEIGH, ND",United States of America,4214.050541089263,7060047060,0,0,test
hysets_06352000,2921,88.84,hysets,46.15528136,-102.4757133,"CEDAR CREEK NR HAYNES, ND",United States of America,1438.488979666948,7060047060,0,0,test
hysets_06353000,2921,88.84,hysets,46.09166988,-101.333742,"CEDAR CREEK NR RALEIGH, ND",United States of America,4591.377844380571,7060047060,0,0,test
hysets_06354000,2921,88.84,hysets,46.3761111,-100.9344444,"CANNONBALL RIVER AT BREIEN, ND",United States of America,10571.717423355403,7060047060,0,0,test
hysets_06354580,2921,88.84,hysets,46.2686015,-100.2526142,"BEAVER CREEK BL LINTON, ND",United States of America,2104.1199643122145,7060047060,0,0,test
hysets_06356500,2921,88.84,hysets,45.6486883,-102.6433259,"SOUTH FORK GRAND R NEAR CASH,SD",United States of America,3367.084266278845,7060047060,0,0,test
hysets_06359500,2921,88.84,hysets,45.19775826,-102.1565472,"MOREAU R NEAR FAITH,SD",United States of America,6700.786402102389,7060047060,0,0,test
hysets_06360500,2921,88.84,hysets,45.2558171,-100.8429214,"MOREAU R NEAR WHITEHORSE,SD",United States of America,12624.761546959586,7060047060,0,0,test
hysets_06400875,2921,88.84,hysets,43.18803166,-103.2265866,"HORSEHEAD CR AT OELRICHS,SD",United States of America,485.18082348589337,7060047060,0,0,test
hysets_06404000,2921,88.84,hysets,43.87164727,-103.3363029,"BATTLE CR NEAR KEYSTONE,SD",United States of America,151.01235384576785,7060047060,0,0,test
hysets_06409000,2921,88.84,hysets,44.01359238,-103.8304784,"CASTLE CR ABOVE DEERFIELD RES NEAR HILL CITY,SD",United States of America,207.8275120743436,7060047060,0,0,test
hysets_06422500,2921,88.84,hysets,44.1443339,-103.4545385,"BOXELDER CR NEAR NEMO,SD",United States of America,243.0267976684905,7060047060,0,0,test
hysets_06436180,2921,88.84,hysets,44.4422065,-103.6293606,"WHITEWOOD CR ABOVE WHITEWOOD,SD",United States of America,145.7295472408924,7060047060,0,0,test
hysets_06436198,2921,88.84,hysets,44.617485,-103.4807452,"WHITEWOOD CR ABOVE VALE,SD",United States of America,262.6546672508383,7060047060,0,0,test
hysets_06440200,2921,88.84,hysets,43.9690175,-101.767229,"SOUTH FORK BAD R NEAR COTTONWOOD,SD",United States of America,647.4878879542504,7060047060,0,0,test
hysets_06441500,2921,88.84,hysets,44.32664897,-100.3843003,"BAD R NEAR FORT PIERRE,SD",United States of America,8135.004958244279,7060047060,0,0,test
hysets_06442900,2647,80.5,hysets,44.0774863,-99.151061,ELM CR NEAR GANN VALLEY SD,United States of America,979.9247130033228,7060047060,0,0,test
hysets_06445685,2921,88.84,hysets,43.013036,-102.8357327,WHITE R NR NE-SD STATE LINE,United States of America,3537.1262755269577,7060047060,0,0,test
hysets_06446000,2921,88.84,hysets,43.25484357,-102.8273511,WHITE R NEAR OGLALA SD,United States of America,5575.4076498048025,7060047060,0,0,test
hysets_06446500,2921,88.84,hysets,43.69388346,-101.9326516,"WHITE R NEAR INTERIOR,SD",United States of America,10603.128092695708,7060047060,0,0,test
hysets_06447000,2921,88.84,hysets,43.7524949,-101.5248665,"WHITE R NEAR KADOKA,SD",United States of America,12825.62999747248,7060047060,0,0,test
hysets_06447230,2921,88.84,hysets,43.75527266,-101.2279205,"BLACK PIPE CREEK NR BELVIDERE, SD",United States of America,708.5340152283807,7060047060,0,0,test
hysets_06447450,2921,88.84,hysets,43.71304839,-100.6850534,"WHITE RIVER NEAR WHITE RIVER, SD",United States of America,16055.685593963375,7060047060,0,0,test
hysets_06447500,2921,88.84,hysets,43.1669155,-101.6327322,"LITTLE WHITE R NEAR MARTIN,SD",United States of America,825.0367664348361,7060047060,0,0,test
hysets_06452000,2921,88.84,hysets,43.74832745,-99.5564948,"WHITE R NEAR OACOMA,SD",United States of America,25743.14534349948,7060047060,0,0,test
hysets_06453600,2921,88.84,hysets,42.8111111,-98.1758333,"Ponca Creek at Verdel, Nebr.",United States of America,2098.14280270884,7060047060,0,0,test
hysets_06463500,2921,88.84,hysets,42.68944444,-99.6788889,"Long Pine Creek near Riverview, Nebr.",United States of America,1232.2475098907307,7060047060,0,0,test
hysets_06464100,2921,88.84,hysets,43.12917164,-100.1070671,"KEYA PAHA R NEAR KEYAPAHA,SD",United States of America,1370.7259734670588,7060047060,0,0,test
hysets_06464500,2921,88.84,hysets,43.0270872,-99.780921,"KEYA PAHA R AT WEWELA,SD",United States of America,2915.147340220561,7060047060,0,0,test
hysets_06466500,2921,88.84,hysets,42.7322222,-97.9225,"Bazile Creek near Niobrara, Nebr.",United States of America,1181.1206503345338,7060047060,0,0,test
hysets_06469400,2921,88.84,hysets,47.1674948,-98.9689998,"PIPESTEM CREEK NR PINGREE, ND",United States of America,1662.2981700579112,7060047060,0,0,test
hysets_06472000,2921,88.84,hysets,45.24163936,-98.3914819,"JAMES R NEAR STRATFORD,SD",United States of America,23959.37863095351,7060047060,0,0,test
hysets_06473000,2921,88.84,hysets,44.99830768,-98.480927,"JAMES R AT ASHTON,SD",United States of America,26386.07053023229,7060047060,0,0,test
hysets_06475000,2921,88.84,hysets,44.91053097,-98.4720386,"JAMES R NEAR REDFIELD,SD",United States of America,36970.319522327976,7060047060,0,0,test
hysets_06476000,2921,88.84,hysets,44.36359475,-98.199257,"JAMES R AT HURON,SD",United States of America,42465.01381042117,7060047060,0,0,test
hysets_06477000,2921,88.84,hysets,43.9738721,-98.070916,"JAMES R NEAR FORESTBURG,SD",United States of America,47044.42825143583,7060047060,0,0,test
hysets_06477500,2921,88.84,hysets,43.77640219,-98.2456658,"FIRESTEEL CR NEAR MOUNT VERNON,SD",United States of America,1509.7736499262958,7060047060,0,0,test
hysets_06478500,2921,88.84,hysets,43.1858255,-97.635622,"JAMES R NEAR SCOTLAND,SD",United States of America,54989.20529312851,7060047060,0,0,test
hysets_06478513,2921,88.84,hysets,42.9958297,-97.3697806,JAMES RIVER NR YANKTON SD,United States of America,55741.86369328931,7060047060,0,0,test
hysets_06478690,2921,88.84,hysets,43.41562216,-97.2051972,"WEST FORK VERMILLION R NEAR PARKER,SD",United States of America,947.2402825001913,7060047060,0,0,test
hysets_06479215,2921,88.84,hysets,45.18079549,-97.1861904,"BIG SIOUX RIVER NR FLORENCE,SD",United States of America,167.2014032526281,7060047060,0,0,test
hysets_06480650,2921,88.84,hysets,44.06269306,-96.485626,FLANDREAU CR ABOVE FLANDREAU SD,United States of America,257.3604124150946,7060047060,0,0,test
hysets_06481500,2921,88.84,hysets,43.53358676,-96.7908849,"SKUNK CR AT SIOUX FALLS,SD",United States of America,1602.8228663492678,7060047060,0,0,test
hysets_06482610,2921,88.84,hysets,43.61636276,-96.5653227,"SPLIT ROCK CR AT CORSON,SD",United States of America,1247.163033449179,7060047060,0,0,test
hysets_06483290,2921,88.84,hysets,43.4229723,-96.1648872,"Rock River below Tom Creek at Rock Rapids, IA",United States of America,2187.5376372246624,7060047060,0,0,test
hysets_06483500,2921,88.84,hysets,43.2144259,-96.2944709,"Rock River near Rock Valley, IA",United States of America,4097.237679965986,7060047060,0,0,test
hysets_06485500,2921,88.84,hysets,42.83752049,-96.5619219,"BIG SIOUX R AT AKRON,IA",United States of America,19865.158513688613,7060047060,0,0,test
hysets_06600100,2921,88.84,hysets,42.98193136,-96.0011289,"Floyd River at Alton, IA",United States of America,701.6056519477697,7060047060,0,0,test
hysets_06600500,2921,88.84,hysets,42.5766596,-96.3114156,"Floyd River at James, IA",United States of America,2293.8641024157605,7060047060,0,0,test
hysets_06600900,2921,88.84,hysets,42.14805556,-96.4833333,"South Omaha Creek at Walthill, Nebr.",United States of America,132.44917380084055,7060047060,0,0,test
hysets_06601000,2921,88.84,hysets,42.32166667,-96.4877778,"Omaha Creek at Homer, Nebr.",United States of America,449.8886536829785,7060047060,0,0,test
hysets_06602020,2921,88.84,hysets,42.22693509,-96.0780716,"West Fork Ditch at Hornick, IA",United States of America,1042.1489686962498,7060047060,0,0,test
hysets_06605000,2919,88.78,hysets,43.1280262,-95.2108304,"Ocheyedan River near Spencer, IA",United States of America,1091.6547231033317,7060047060,0,0,test
hysets_06605850,2920,88.81,hysets,42.89581088,-95.2433303,"Little Sioux River at Linn Grove, IA",United States of America,3990.929322054357,7060047060,0,0,test
hysets_06606600,2921,88.84,hysets,42.4822222,-95.7926111,"Little Sioux River at Correctionville, IA",United States of America,6442.11582229309,7060047060,0,0,test
hysets_06607200,2920,88.81,hysets,42.1569338,-95.810007,"Maple River at Mapleton, IA",United States of America,1730.6898547037035,7060047060,0,0,test
hysets_06608500,2921,88.84,hysets,41.83054358,-95.9313989,"Soldier River at Pisgah, IA",United States of America,1056.069883103219,7060047060,0,0,test
hysets_06609500,2921,88.84,hysets,41.6416111,-95.7822222,"Boyer River at Logan, IA",United States of America,2248.489825528079,7060047060,0,0,test
hysets_06610770,2802,85.22,hysets,41.20541556,-96.0166826,"Big Papillion Creek at Q Street at Omaha, Nebr.",United States of America,559.9499369707107,7060047060,0,0,test
hysets_06623800,2921,88.84,hysets,41.0235791,-106.824766,"ENCAMPMENT RIVER AB HOG PARK CR, NR ENCAMPMENT, WY",United States of America,187.95204788341167,7060047060,0,0,test
hysets_06708800,2921,88.84,hysets,39.423,-104.9046111,"EAST PLUM CR ABV HASKINS GULCH NR CASTLE ROCK, CO",United States of America,303.55666972226777,7060047060,0,0,test
hysets_06709000,2921,88.84,hysets,39.43832246,-104.9830387,"PLUM CREEK NEAR SEDALIA, CO.",United States of America,708.5882209858016,7060047060,0,0,test
hysets_06709530,2921,88.84,hysets,39.50736944,-105.0244667,"PLUM CREEK AT TITAN ROAD NEAR LOUVIERS, CO",United States of America,817.7778529628944,7060047060,0,0,test
hysets_06712000,2921,88.84,hysets,39.3558234,-104.7633092,"CHERRY CREEK NEAR FRANKTOWN, CO.",United States of America,435.77965568109175,7060047060,0,0,test
hysets_06718550,2921,88.84,hysets,39.74887674,-105.3997159,"NORTH CLEAR CREEK ABOVE MOUTH NR BLACK HAWK, CO",United States of America,155.23795395357516,7060047060,0,0,test
hysets_06719505,2880,87.59,hysets,39.75304299,-105.2352667,"CLEAR CREEK AT GOLDEN, CO",United States of America,1021.34646239216,7060047060,0,0,test
hysets_06784000,2921,88.84,hysets,41.0325,-98.7405556,"South Loup River at Saint Michael, Nebr.",United States of America,5729.196352948874,7060047060,0,0,test
hysets_06785500,2921,88.84,hysets,41.94166667,-99.8602778,"North Loup River at Brewster, Nebr.",United States of America,4765.933364586995,7060047060,0,0,test
hysets_06794000,2921,88.84,hysets,41.4414021,-97.7347745,"Beaver Creek at Genoa, Nebr.",United States of America,1754.121485070506,7060047060,0,0,test
hysets_06795500,2921,88.84,hysets,41.5261111,-97.2816667,"Shell Creek near Columbus, Nebr.",United States of America,766.4567370910386,7060047060,0,0,test
hysets_06797500,2921,88.84,hysets,42.26844444,-98.3393611,"Elkhorn River at Ewing, Nebr.",United States of America,3660.5797228191577,7060047060,0,0,test
hysets_06799000,2921,88.84,hysets,42.00377778,-97.4260278,"Elkhorn River at Norfolk, Nebr.",United States of America,7369.044079870905,7060047060,0,0,test
hysets_06799100,2921,88.84,hysets,42.1485,-97.4785278,"North Fork Elkhorn River near Pierce, Nebr.",United States of America,1833.3474989877027,7060047060,0,0,test
hysets_06799350,2921,88.84,hysets,41.8394441,-96.7275324,"Elkhorn River at West Point, Nebr.",United States of America,12071.981162019303,7060047060,0,0,test
hysets_06799500,2921,88.84,hysets,41.71277778,-96.5219444,"Logan Creek near Uehling, Nebr.",United States of America,2622.053367232401,7060047060,0,0,test
hysets_06800000,2921,88.84,hysets,41.56116667,-96.5408333,"Maple Creek near Nickerson, Nebr.",United States of America,975.02520306686,7060047060,0,0,test
hysets_06800500,2921,88.84,hysets,41.2933333,-96.2838889,"Elkhorn River at Waterloo, Nebr.",United States of America,17964.2177496803,7060047060,0,0,test
hysets_06803510,2921,88.84,hysets,40.89305556,-96.6816667,"Little Salt Creek near Lincoln, Nebr.",United States of America,112.92491588509148,7060047060,0,0,test
hysets_06803520,2921,88.84,hysets,40.85694448,-96.5952902,"Stevens Creek near Lincoln, Nebr.",United States of America,122.83560011984692,7060047060,0,0,test
hysets_06803530,2921,88.84,hysets,41.0158333,-96.5441667,"Rock Creek near Ceresco, Nebr.",United States of America,309.1794034005393,7060047060,0,0,test
hysets_06804000,2921,88.84,hysets,41.1475,-96.5377778,"Wahoo Creek at Ithaca, Nebr.",United States of America,697.983942661319,7060047060,0,0,test
hysets_06804700,2921,88.84,hysets,41.0536111,-96.3677778,"Wahoo Creek at Ashland, Nebr.",United States of America,1083.656545892134,7060047060,0,0,test
hysets_06806500,2921,88.84,hysets,40.79416667,-95.9113889,"Weeping Water Creek at Union, Nebr.",United States of America,623.1638639440782,7060047060,0,0,test
hysets_06807410,2921,88.84,hysets,41.38999164,-95.3716666,"West Nishnabotna River at Hancock, IA",United States of America,1586.5956784879254,7060047060,0,0,test
hysets_06808500,2921,88.84,hysets,40.8730547,-95.5802746,"West Nishnabotna River at Randolph, IA",United States of America,3442.762141431231,7060047060,0,0,test
hysets_06809210,2921,88.84,hysets,41.3461012,-95.0769355,"East Nishnabotna River near Atlantic, IA",United States of America,1136.0692398605192,7060047060,0,0,test
hysets_06809500,2921,88.84,hysets,41.0086043,-95.2416582,"East Nishnabotna River at Red Oak, IA",United States of America,2314.6912131133863,7060047060,0,0,test
hysets_06810000,2921,88.84,hysets,40.60166667,-95.645,"Nishnabotna River above Hamburg, IA",United States of America,7271.968381905317,7060047060,0,0,test
hysets_06811500,2921,88.84,hysets,40.39277778,-95.8127778,"Little Nemaha River at Auburn, Nebr.",United States of America,2048.8781648295712,7060047060,0,0,test
hysets_06813000,2921,88.84,hysets,40.3391833,-95.4059056,"Tarkio River at Fairfax, MO",United States of America,1238.1533355099057,7060047060,0,0,test
hysets_06814000,2921,88.84,hysets,39.9477773,-96.1086149,"TURKEY C NR SENECA, KS",United States of America,713.0751134042146,7060047060,0,0,test
hysets_06814500,2921,88.84,hysets,40.15694485,-95.9447206,"North Fork Big Nemaha River at Humboldt, Nebr.",United States of America,1419.9207006396032,7060047060,0,0,test
hysets_06815000,2921,88.84,hysets,40.0355577,-95.5960957,"Big Nemaha River at Falls City, Nebr.",United States of America,3468.9381152451383,7060047060,0,0,test
hysets_06817000,2921,88.84,hysets,40.74327778,-95.0141944,"Nodaway River at Clarinda, IA",United States of America,1968.4930002327849,7060047060,0,0,test
hysets_06817500,2921,88.84,hysets,40.44488056,-95.0888972,"Nodaway River near Burlington Junction, MO",United States of America,3346.2233133194336,7060047060,0,0,test
hysets_06817700,2921,88.84,hysets,40.2024722,-95.0695556,"Nodaway River near Graham, MO",United States of America,3922.552402517293,7060047060,0,0,test
hysets_06820410,2921,88.84,hysets,40.1136111,-94.8383333,"One Hundred Two River near Bolckow, MO",United States of America,1667.3404058257129,7060047060,0,0,test
hysets_06820500,2921,88.84,hysets,39.68802778,-94.7026111,"Platte River near Agency, MO",United States of America,4535.197724913786,7060047060,0,0,test
hysets_06821190,2921,88.84,hysets,39.4009722,-94.7268333,"Platte River at Sharps Station, MO",United States of America,6172.259923503788,7060047060,0,0,test
hysets_06827000,2921,88.84,hysets,39.67193827,-102.0135164,"SF REPUBLICAN R NR CO-KS ST LINE, KS",United States of America,5308.536226786894,7060047060,0,0,test
hysets_06836500,2921,88.84,hysets,40.14583655,-100.6732083,"Driftwood Creek near McCook, Nebr.",United States of America,934.1661665081148,7060047060,0,0,test
hysets_06845110,2921,88.84,hysets,40.0016726,-99.9929055,"SAPPA C NR LYLE, KS",United States of America,3776.938267574258,7060047060,0,0,test
hysets_06846500,2921,88.84,hysets,39.98500557,-100.560148,"BEAVER C AT CEDAR BLUFFS, KS",United States of America,4343.414556242262,7060047060,0,0,test
hysets_06847000,2921,88.84,hysets,40.1200068,-99.8934566,"Beaver Creek near Beaver City, Nebr.",United States of America,5218.386552849087,7060047060,0,0,test
hysets_06847500,2921,88.84,hysets,40.1183333,-99.5169444,"Sappa Creek near Stamford, Nebr.",United States of America,9845.751029097515,7060047060,0,0,test
hysets_06847900,2921,88.84,hysets,39.769727,-100.1006875,"PRAIRIE DOG C AB KEITH SEBELIUS LAKE, KS",United States of America,1534.2444416030826,7060047060,0,0,test
hysets_06853800,2921,88.84,hysets,39.89918,-98.2503276,"WHITE ROCK C NR BURR OAK, KS",United States of America,591.1550426384769,7060047060,0,0,test
hysets_06860000,2921,88.84,hysets,38.7947354,-100.8584796,"SMOKY HILL R AT ELKADER, KS",United States of America,9026.088117126006,7060047060,0,0,test
hysets_06861000,2921,88.84,hysets,38.8077898,-100.0226243,"SMOKY HILL R NR ARNOLD, KS",United States of America,12887.205566077097,7060047060,0,0,test
hysets_06863500,2921,88.84,hysets,38.852234,-99.3181589,"BIG C NR HAYS, KS",United States of America,1416.9407690738265,7060047060,0,0,test
hysets_06867000,2921,88.84,hysets,38.96584479,-98.8545276,"SALINE R NR RUSSELL, KS",United States of America,3853.7302006613336,7060047060,0,0,test
hysets_06869950,2921,88.84,hysets,38.8444476,-97.6683699,"MULBERRY C NR SALINA, KS",United States of America,670.2855160793235,7060047060,0,0,test
hysets_06871000,2921,88.84,hysets,39.6730652,-99.3095409,"NF SOLOMON R AT GLADE, KS",United States of America,2422.731062907192,7060047060,0,0,test
hysets_06871500,2921,88.84,hysets,39.5594542,-99.2859298,"BOW C NR STOCKTON, KS",United States of America,901.7817698393992,7060047060,0,0,test
hysets_06873000,2921,88.84,hysets,39.37667456,-99.5801096,"SF SOLOMON R AB WEBSTER RE, KS",United States of America,2695.3613707456343,7060047060,0,0,test
hysets_06876440,2921,88.84,hysets,39.12002778,-97.7112889,"SOLOMON R NR MINNEAPOLIS, KS",United States of America,15597.591154340562,7060047060,0,0,test
hysets_06876700,2921,88.84,hysets,39.13916876,-97.8369849,"SALT C NR ADA, KS",United States of America,1050.771514327609,7060047060,0,0,test
hysets_06878000,2921,88.84,hysets,39.031109,-97.0402922,"CHAPMAN C NR CHAPMAN, KS",United States of America,775.2355148129112,7060047060,0,0,test
hysets_06880800,2921,88.84,hysets,40.7311177,-97.1775413,"West Fork Big Blue River near Dorchester, Nebr.",United States of America,3114.616474328241,7060047060,0,0,test
hysets_06881000,2921,88.84,hysets,40.59666667,-96.9605556,"Big Blue River near Crete, Nebr.",United States of America,7016.112707052876,7060047060,0,0,test
hysets_06882000,2921,88.84,hysets,40.0447222,-96.5872222,"Big Blue River at Barneston, Nebr.",United States of America,11499.572262491029,7060047060,0,0,test
hysets_06882510,2921,88.84,hysets,39.8419463,-96.6622425,"BIG BLUE R AT MARYSVILLE, KS",United States of America,12356.046953972762,7060047060,0,0,test
hysets_06883000,2921,88.84,hysets,40.3325,-98.0669444,"Little Blue River near Deweese, Nebr.",United States of America,2569.997999301755,7060047060,0,0,test
hysets_06884000,2921,88.84,hysets,40.1464722,-97.2007222,"Little Blue River near Fairbury, Nebr.",United States of America,6125.30389782758,7060047060,0,0,test
hysets_06884025,2921,88.84,hysets,39.98027778,-97.0047222,"Little Blue River at Hollenberg, KS",United States of America,7162.8708089983165,7060047060,0,0,test
hysets_06884200,2921,88.84,hysets,39.81361476,-97.0375267,"MILL C AT WASHINGTON, KS",United States of America,904.2018870363404,7060047060,0,0,test
hysets_06884400,2921,88.84,hysets,39.72583518,-96.8047432,"L BLUE R NR BARNES, KS",United States of America,8646.831961349213,7060047060,0,0,test
hysets_06885500,2921,88.84,hysets,39.68194349,-96.4427888,"BLACK VERMILLION R NR FRANKFORT, KS",United States of America,1062.220491158105,7060047060,0,0,test
hysets_06888000,2921,88.84,hysets,39.34777386,-96.2174979,"VERMILLION C NR WAMEGO, KS",United States of America,609.1089935467625,7060047060,0,0,test
hysets_06888500,2921,88.84,hysets,39.06472106,-96.1691605,"MILL C NR PAXICO, KS",United States of America,841.331823393844,7060047060,0,0,test
hysets_06889200,2921,88.84,hysets,39.23833024,-95.8885992,"SOLDIER C NR DELIA, KS",United States of America,406.0951589044883,7060047060,0,0,test
hysets_06889500,2921,88.84,hysets,39.0994439,-95.7249828,"SOLDIER C NR TOPEKA, KS",United States of America,763.0602889262757,7060047060,0,0,test
hysets_06890100,2921,88.84,hysets,39.5213873,-95.532756,"DELAWARE R NR MUSCOTAH, KS",United States of America,1129.906035622157,7060047060,0,0,test
hysets_06891260,2921,88.84,hysets,38.89194444,-95.5944444,"WAKARUSA R NR RICHLAND, KS",United States of America,426.0416351563437,7060047060,0,0,test
hysets_06892000,2921,88.84,hysets,39.1163912,-95.0108006,"STRANGER C NR TONGANOXIE, KS",United States of America,1091.1901011287275,7060047060,0,0,test
hysets_06892360,2921,88.84,hysets,38.95666667,-94.9736111,"KILL C AT 95TH ST NR DESOTO, KS",United States of America,124.1139243914835,7060047060,0,0,test
hysets_06892513,2921,88.84,hysets,39.02916667,-94.8172222,"MILL C AT JOHNSON DRIVE, SHAWNEE, KS",United States of America,150.49796311660208,7060047060,0,0,test
hysets_06893100,2921,88.84,hysets,38.8422222,-94.6122222,"BLUE R AT KENNETH RD, OVERLAND PARK, KS",United States of America,170.2408035945027,7060047060,0,0,test
hysets_06893150,2921,88.84,hysets,38.88941667,-94.5806667,"Blue River at Blue Ridge Blvd Ext in KC, MO",United States of America,240.967703756609,7060047060,0,0,test
hysets_06893390,2921,88.84,hysets,38.9383333,-94.6077778,"INDIAN C AT STATE LINE RD, LEAWOOD, KS",United States of America,167.17185917565033,7060047060,0,0,test
hysets_06893578,2921,88.84,hysets,39.0583384,-94.5118983,"Blue River at Stadium Drive in Kansas City, MO",United States of America,658.7152701982847,7060047060,0,0,test
hysets_06893820,2921,88.84,hysets,39.0173611,-94.3872778,Little Blue R. at Lees Summit Rd in Independence,United States of America,254.46212445244032,7060047060,0,0,test
hysets_06893890,2921,88.84,hysets,39.02556175,-94.3438385,"East Fork Little Blue River near Blue Springs, MO",United States of America,88.77611235428378,7060047060,0,0,test
hysets_06894000,2921,88.84,hysets,39.1005609,-94.3005038,"Little Blue River near Lake City, MO",United States of America,480.532560158988,7060047060,0,0,test
hysets_06895000,2921,88.84,hysets,39.33266389,-93.98,"Crooked River near Richmond, MO",United States of America,412.2919804543543,7060047060,0,0,test
hysets_06896000,2919,88.78,hysets,39.34325,-93.4855361,"Wakenda Creek at Carrollton, MO",United States of America,643.2006845934217,7060047060,0,0,test
hysets_06897000,2916,88.69,hysets,40.2972222,-94.0262222,"East Fork Big Creek near Bethany, MO",United States of America,235.45541426420792,7060047060,0,0,test
hysets_06897500,2921,88.84,hysets,39.9269517,-93.9427225,"Grand River near Gallatin, MO",United States of America,5812.390594996492,7060047060,0,0,test
hysets_06898000,2921,88.84,hysets,40.64027956,-93.8082796,"Thompson River at Davis City, IA",United States of America,1799.061979780761,7060047060,0,0,test
hysets_06899500,2921,88.84,hysets,40.06930556,-93.6380278,"Thompson River at Trenton, MO",United States of America,4473.805632908446,7060047060,0,0,test
hysets_06900050,2921,88.84,hysets,40.0266111,-93.4362222,"Medicine Creek near Laredo, MO",United States of America,953.203776614829,7060047060,0,0,test
hysets_06901500,2921,88.84,hysets,39.89594444,-93.2365278,"Locust Creek near Linneus, MO",United States of America,1435.100903310637,7060047060,0,0,test
hysets_06902000,2918,88.75,hysets,39.64002778,-93.2736944,"Grand River near Sumner, MO",United States of America,17923.334014435863,7060047060,0,0,test
hysets_06906000,2891,87.93,hysets,39.52352778,-92.9496389,"Mussel Fork near Musselfork, MO",United States of America,704.0483989169791,7060047060,0,0,test
hysets_06906800,2921,88.84,hysets,38.70225,-92.9788333,"Lamine River near Otterville, MO",United States of America,1413.7166891410711,7060047060,0,0,test
hysets_06908000,2809,85.43,hysets,38.99224236,-93.1968713,"Blackwater River at Blue Lick, MO",United States of America,2893.411398919311,7060047060,0,0,test
hysets_06909500,2921,88.84,hysets,39.1208333,-92.5672222,"Moniteau Creek near Fayette, MO",United States of America,194.52194147234167,7060047060,0,0,test
hysets_06910750,2921,88.84,hysets,38.52902778,-92.1920278,"Moreau River near Jefferson City, MO",United States of America,1457.067535448348,7060047060,0,0,test
hysets_06911900,2921,88.84,hysets,38.7091737,-95.8383205,"DRAGOON C NR BURLINGAME, KS",United States of America,292.38859673573944,7060047060,0,0,test
hysets_06914500,2921,88.84,hysets,38.4439057,-95.084136,"POTTAWATOMIE C AT LANE, KS",United States of America,1290.3817653818046,7060047060,0,0,test
hysets_06917000,2921,88.84,hysets,38.00892428,-94.7041264,"L OSAGE R AT FULTON, KS",United States of America,766.9933721680009,7060047060,0,0,test
hysets_06917060,2921,88.84,hysets,37.99480556,-94.3693056,"Little Osage River at Horton, MO",United States of America,1287.9769355517776,7060047060,0,0,test
hysets_06917240,2921,88.84,hysets,37.83559565,-94.981361,"MARMATON R NR UNIONTOWN, KS",United States of America,213.2208276675572,7060047060,0,0,test
hysets_06917500,2921,88.84,hysets,37.848929,-94.7027392,"MARMATON R NR FORT SCOTT, KS",United States of America,1057.503112697474,7060047060,0,0,test
hysets_06917560,2921,88.84,hysets,37.8647222,-94.5822222,"Marmaton River near Richards, MO",United States of America,1178.208075127665,7060047060,0,0,test
hysets_06918060,2921,88.84,hysets,37.86202778,-94.39925,"Marmaton River near Nevada, MO",United States of America,2771.404822612767,7060047060,0,0,test
hysets_06918440,2921,88.84,hysets,37.44313889,-93.6848889,"Sac River near Dadeville, MO",United States of America,670.5998671778852,7060047060,0,0,test
hysets_06918460,2921,88.84,hysets,37.4023611,-93.8020278,"Turnback Creek above Greenfield, MO",United States of America,649.5596104440505,7060047060,0,0,test
hysets_06918740,2921,88.84,hysets,37.4828611,-93.4856389,"Little Sac River near Morrisville, MO",United States of America,609.1915605153013,7060047060,0,0,test
hysets_06919500,2921,88.84,hysets,37.83420277,-93.8754918,"Cedar Creek near Pleasant View, MO",United States of America,1068.74427877951,7060047060,0,0,test
hysets_06921070,2921,88.84,hysets,37.68266667,-93.3703333,"Pomme de Terre River near Polk, MO",United States of America,711.7950830284616,7060047060,0,0,test
hysets_06921200,2921,88.84,hysets,37.7504722,-93.2661944,"Lindley Creek near Polk, MO",United States of America,323.4371480916003,7060047060,0,0,test
hysets_06921590,2921,88.84,hysets,38.49158056,-94.3442444,"South Grand River at Archie, MO",United States of America,915.9169365735004,7060047060,0,0,test
hysets_06921720,2921,88.84,hysets,38.55497778,-93.9653528,"Big Creek near Blairstown, MO",United States of America,1077.7848062256996,7060047060,0,0,test
hysets_06923250,2921,88.84,hysets,37.6842067,-92.9243495,"Niangua River at Windyville, MO",United States of America,872.0981388542003,7060047060,0,0,test
hysets_06923950,2921,88.84,hysets,37.93694444,-92.8513611,"Niangua River at Tunnel Dam near Macks Creek, MO",United States of America,1545.1884760700082,7060047060,0,0,test
hysets_06927000,2921,88.84,hysets,38.43180556,-91.9886111,"Maries River at Westphalia, MO",United States of America,666.4704131697493,7060047060,0,0,test
hysets_06927240,2921,88.84,hysets,38.76,-91.8402778,"Auxvasse Creek near Reform, MO",United States of America,754.831176916039,7060047060,0,0,test
hysets_06928000,2921,88.84,hysets,37.75920725,-92.4518383,"Gasconade River near Hazelgreen, MO",United States of America,3273.1408168497887,7060047060,0,0,test
hysets_06928300,2921,88.84,hysets,37.6010833,-92.2338056,"Roubidoux Creek above Fort Leonard Wood, MO",United States of America,427.7964009147208,7060047060,0,0,test
hysets_06928420,2921,88.84,hysets,37.79194444,-92.1833333,Roubidoux Creek at Polla Rd bl Ft. Leonard Wood,United States of America,694.5148802371641,7060047060,0,0,test
hysets_06930000,2921,88.84,hysets,37.66563889,-92.0499167,"Big Piney River near Big Piney, MO",United States of America,1427.6737950426725,7060047060,0,0,test
hysets_06930060,2921,88.84,hysets,37.76025,-92.0579722,"Big Piney below Fort Leonard Wood, MO",United States of America,1535.653517033968,7060047060,0,0,test
hysets_06932000,2921,88.84,hysets,37.90952778,-91.9033333,"Little Piney Creek at Newburg, MO",United States of America,513.7202603640436,7060047060,0,0,test
hysets_06933500,2921,88.84,hysets,37.92991667,-91.9773333,"Gasconade River at Jerome, MO",United States of America,7337.42175818496,7060047060,0,0,test
hysets_06934000,2921,88.84,hysets,38.38880556,-91.8198889,"Gasconade River near Rich Fountain, MO",United States of America,8259.31624826595,7060047060,0,0,test
hysets_06936475,2921,88.84,hysets,38.818,-90.25125,"Coldwater Creek near Black Jack, MO",United States of America,105.6647579280208,7060047060,0,0,test
hysets_06AD006,2921,88.84,hysets,54.35516,-110.2173,BEAVER RIVER AT COLD LAKE RESERVE,Canada,14440.39071957204,7060021740,2,2,train
hysets_06AF001,2921,88.84,hysets,54.56602,-109.8424,COLD RIVER AT OUTLET OF COLD LAKE,Canada,6485.901222854787,7060021740,2,2,train
hysets_06AG002,2921,88.84,hysets,54.93069,-107.7441,DORE RIVER NEAR THE MOUTH,Canada,2964.004521447531,7060021740,2,2,train
hysets_06BA002,2921,88.84,hysets,55.71444,-109.3968,DILLON RIVER BELOW DILLON LAKE,Canada,2317.1070785496327,7060021740,2,2,train
hysets_06BB003,2921,88.84,hysets,55.92317,-107.7257,CHURCHILL RIVER NEAR PATUANAK,Canada,78352.67350107043,7060021740,2,2,train
hysets_06BB005,2921,88.84,hysets,55.39683,-108.0188,CANOE RIVER NEAR BEAUVAL,Canada,4720.115722498876,7060021740,2,2,train
hysets_06BD001,2921,88.84,hysets,56.24522,-106.5634,HAULTAIN RIVER ABOVE NORBERT RIVER,Canada,3651.7303772861815,7060021740,2,2,train
hysets_06CD002,2921,88.84,hysets,55.64769,-104.736,CHURCHILL RIVER ABOVE OTTER RAPIDS,Canada,117985.2745520831,7060021740,2,2,train
hysets_06DA002,2789,84.82,hysets,58.00431,-101.3955,COCHRANE RIVER NEAR BROCHET,Canada,28280.8877304364,7060021740,2,2,train
hysets_06DA004,2921,88.84,hysets,57.58417,-104.1854,GEIKIE RIVER BELOW WHEELER RIVER,Canada,7690.697583574453,7060021740,2,2,train
hysets_06DA005,2920,88.81,hysets,57.47856,-104.9877,WHEELER RIVER BELOW RUSSELL LAKE,Canada,3007.821050445084,7060021740,2,2,train
hysets_06DC001,2921,88.84,hysets,57.08933,-103.7095,WATHAMAN RIVER BELOW WATHAMAN LAKE,Canada,10193.804948513394,7060021740,2,2,train
hysets_06FB002,2921,88.84,hysets,57.65328,-95.66386,LITTLE BEAVER RIVER NEAR THE MOUTH,Canada,4252.796195615413,7060021740,2,2,train
hysets_06FC001,2916,88.69,hysets,56.95292,-95.73925,LITTLE CHURCHILL RIVER ABOVE RECLUSE LAKE,Canada,6147.538195839536,7060021740,2,2,train
hysets_06FD002,2840,86.37,hysets,58.01353,-94.19806,DEER RIVER NORTH OF BELCHER,Canada,1882.6929988262616,7060021740,2,2,train
hysets_06GD001,2869,87.26,hysets,58.89129,-96.27669,SEAL RIVER BELOW GREAT ISLAND,Canada,47902.02661192066,7060021620,3,3,train
hysets_07010350,2921,88.84,hysets,37.8291472,-91.4374833,"Meramec River at Cook Station, MO",United States of America,515.1727774851314,7060047060,0,0,test
hysets_07013000,2921,88.84,hysets,37.9984722,-91.3609444,"Meramec River near Steelville, MO",United States of America,2020.035794557604,7060047060,0,0,test
hysets_07014000,2921,88.84,hysets,37.97476757,-91.2045842,"Huzzah Creek near Steelville, MO",United States of America,663.4038600991938,7060047060,0,0,test
hysets_07014500,2921,88.84,hysets,38.15852778,-91.1084722,"Meramec River near Sullivan, MO",United States of America,3842.995891698791,7060047060,0,0,test
hysets_07016500,2921,88.84,hysets,38.44413889,-90.9954722,"Bourbeuse River at Union, MO",United States of America,2079.137957540259,7060047060,0,0,test
hysets_07018100,2921,88.84,hysets,38.1596111,-90.7060556,"Big River near Richwoods, MO",United States of America,1914.453585641991,7060047060,0,0,test
hysets_07018500,2921,88.84,hysets,38.3917222,-90.6378056,"Big River at Byrnesville, MO",United States of America,2377.5794680298845,7060047060,0,0,test
hysets_07019000,2921,88.84,hysets,38.5056094,-90.591792,"Meramec River near Eureka, MO",United States of America,9801.097841065504,7060047060,0,0,test
hysets_07020550,2921,88.84,hysets,37.73694444,-89.9283333,"South Fork Saline Creek near Perryville, MO",United States of America,143.05775340800642,7060047060,0,0,test
hysets_07024500,2921,88.84,hysets,36.1181209,-88.8108946,"SOUTH FORK OBION RIVER NEAR GREENFIELD, TN",United States of America,990.575069209718,7060047060,0,0,test
hysets_07025400,2921,88.84,hysets,36.4053095,-88.854768,"NORTH FORK OBION RIVER NEAR MARTIN, TENN (CE)",United States of America,955.6162265651808,7060047060,0,0,test
hysets_07026040,2921,88.84,hysets,36.2408294,-89.217644,"OBION RIVER AT HWY 51 NEAR OBION, TN",United States of America,4760.653962471253,7060047060,0,0,test
hysets_07027720,2921,88.84,hysets,35.71876687,-89.2122764,"SOUTH FORK FORKED DEER RIVER NEAR OWL CITY, TN",United States of America,1992.6151578552328,7060047060,0,0,test
hysets_07028960,2919,88.78,hysets,35.74423586,-88.8464482,MIDDLE FORK FORKED DEER RIVER NEAR FAIRVIEW,United States of America,546.5644421089889,7060047060,0,0,test
hysets_07029500,2921,88.84,hysets,35.27532938,-88.9766303,"HATCHIE RIVER AT BOLIVAR, TN",United States of America,3793.743701733952,7060047060,0,0,test
hysets_07030050,2921,88.84,hysets,35.63733496,-89.609455,"HATCHIE RIVER AT RIALTO, TN",United States of America,5979.603429240145,7060047060,0,0,test
hysets_07030392,2921,88.84,hysets,35.03258978,-89.246736,"WOLF RIVER AT LAGRANGE, TN",United States of America,543.6375997766178,7060047060,0,0,test
hysets_07030500,2921,88.84,hysets,35.05425748,-89.5411896,"WOLF RIVER AT ROSSVILLE, TN",United States of America,1303.6036014517954,7060047060,0,0,test
hysets_07031650,2921,88.84,hysets,35.11647925,-89.8014742,"WOLF RIVER AT GERMANTOWN, TN",United States of America,1804.931130605856,7060047060,0,0,test
hysets_07035800,2921,88.84,hysets,37.50241667,-90.4578889,"St. Francis River near Mill Creek, MO",United States of America,1308.6185315102489,7060047060,0,0,test
hysets_07036100,2921,88.84,hysets,37.3845,-90.4738611,"St. Francis River near Saco, MO",United States of America,1711.2254268736674,7060047060,0,0,test
hysets_07037300,2921,88.84,hysets,37.26116219,-90.5065054,"Big Creek at Sam A Baker State Park, MO",United States of America,490.7074960895679,7060047060,0,0,test
hysets_07037500,2921,88.84,hysets,37.19452778,-90.5033056,"St. Francis River near Patterson, MO",United States of America,2456.379058770851,7060047060,0,0,test
hysets_07047942,2921,88.84,hysets,35.1447222,-90.8780556,"LAnguille River near Colt, AR",United States of America,1390.699776345995,7060047060,0,0,test
hysets_07047950,2921,88.84,hysets,34.97277778,-90.8855556,"LAnguille River at Palestine, AR",United States of America,2073.258087235048,7060047060,0,0,test
hysets_07048550,2921,88.84,hysets,36.05388889,-94.0830556,"West Fork White River east of Fayetteville, AR",United States of America,310.6443565488372,7060047060,0,0,test
hysets_07049000,2919,88.78,hysets,36.2,-93.855,"War Eagle Creek near Hindsville, AR",United States of America,685.3001218730423,7060047060,0,0,test
hysets_07050500,2921,88.84,hysets,36.4272222,-93.6208333,"Kings River near Berryville, AR",United States of America,1368.4406674148204,7060047060,0,0,test
hysets_07052345,2921,88.84,hysets,36.97488889,-93.3278889,"Finley Creek below Riverdale, MO",United States of America,669.4697526832688,7060047060,0,0,test
hysets_07052500,2921,88.84,hysets,36.80538889,-93.4615833,"James River at Galena, MO",United States of America,2567.877516807002,7060047060,0,0,test
hysets_07052820,2921,88.84,hysets,36.7506175,-93.6185264,"Flat Creek below Jenkins, MO",United States of America,711.1447436611624,7060047060,0,0,test
hysets_07053810,2921,88.84,hysets,36.71775,-93.2068056,"Bull Creek near Walnut Shade, MO",United States of America,507.2126972695228,7060047060,0,0,test
hysets_07055607,2921,88.84,hysets,36.23027778,-92.7094444,"Crooked Creek at Kelly Crossing at Yellville, AR",United States of America,1042.1138801008676,7060047060,0,0,test
hysets_07055646,2921,88.84,hysets,35.93888889,-93.405,"Buffalo River near Boxley, AR",United States of America,153.09997039583638,7060047060,0,0,test
hysets_07055660,2904,88.32,hysets,36.0225,-93.3547222,"Buffalo River at Ponca, AR",United States of America,297.22566040226724,7060047060,0,0,test
hysets_07055875,2920,88.81,hysets,35.7972222,-92.9288889,"Richland Creek near Witts Spring, AR",United States of America,173.83597893105917,7060047060,0,0,test
hysets_07056000,2909,88.47,hysets,35.98305556,-92.7472222,"Buffalo River near St. Joe, AR",United States of America,2145.557271467082,7060047060,0,0,test
hysets_07056515,2921,88.84,hysets,35.94,-92.7133333,"Bear Creek near Silver Hill, AR",United States of America,220.96608583909887,7060047060,0,0,test
hysets_07056700,2916,88.69,hysets,36.06777778,-92.5775,"Buffalo River near Harriet, AR",United States of America,2776.56619013935,7060047060,0,0,test
hysets_07057500,2921,88.84,hysets,36.62302778,-92.2481389,"North Fork River near Tecumseh, MO",United States of America,1456.0396651529509,7060047060,0,0,test
hysets_07058000,2921,88.84,hysets,36.6272222,-92.3060556,"Bryant Creek near Tecumseh, MO",United States of America,1474.2313890343837,7060047060,0,0,test
hysets_07061900,2921,88.84,hysets,37.2474722,-90.9654722,"Logan Creek at Ellington, MO",United States of America,360.1738070108066,7060047060,0,0,test
hysets_07064533,2921,88.84,hysets,37.37569444,-91.5528056,"Current River above Akers, MO",United States of America,763.0936864323415,7060047060,0,0,test
hysets_07065200,2921,88.84,hysets,37.05616377,-91.6681988,"Jacks Fork near Mountain View, MO",United States of America,486.2545877200177,7060047060,0,0,test
hysets_07065495,2921,88.84,hysets,37.14816667,-91.4430833,"Jacks Fork at Alley Spring, MO",United States of America,794.1247138474142,7060047060,0,0,test
hysets_07066000,2921,88.84,hysets,37.1540833,-91.3581667,"Jacks Fork at Eminence, MO",United States of America,1053.0647686967004,7060047060,0,0,test
hysets_07067000,2921,88.84,hysets,36.99138889,-91.0135,"Current River at Van Buren, MO",United States of America,4333.515610634649,7060047060,0,0,test
hysets_07068000,2921,88.84,hysets,36.62200294,-90.8476225,"Current River at Doniphan, MO",United States of America,5315.16189226089,7060047060,0,0,test
hysets_07069305,2915,88.66,hysets,36.3136111,-91.4827778,"Spring River at Town Branch Bridge at Hardy, AR",United States of America,2186.81486986404,7060047060,0,0,test
hysets_07069500,2637,80.2,hysets,36.20555556,-91.1716667,"Spring River at Imboden, AR",United States of America,3005.893502967335,7060047060,0,0,test
hysets_07071500,2921,88.84,hysets,36.64869444,-91.2008333,"Eleven Point River near Bardley, MO",United States of America,2023.11415177516,7060047060,0,0,test
hysets_07072000,2921,88.84,hysets,36.34638889,-91.1141667,"Eleven Point River near Ravenden Springs, AR",United States of America,2887.1354372693345,7060047060,0,0,test
hysets_07072500,2921,88.84,hysets,36.1025,-91.0977778,"Black River at Black Rock, AR",United States of America,18988.337233550927,7060047060,0,0,test
hysets_07074420,2920,88.81,hysets,35.76555556,-91.3002778,"Black River at Elgin Ferry, AR",United States of America,21526.641768910933,7060047060,0,0,test
hysets_07074850,2921,88.84,hysets,35.29444444,-91.3941667,"White River near Augusta, AR",United States of America,52572.82279529704,7060047060,0,0,test
hysets_07075000,2921,88.84,hysets,35.65666667,-92.2927778,"Middle Fork of Little Red River at Shirley, AR",United States of America,693.7129609565674,7060047060,0,0,test
hysets_07076517,2917,88.72,hysets,35.43805556,-91.7458333,"Little Red River near Dewey, AR",United States of America,3463.7204024088087,7060047060,0,0,test
hysets_07077380,2921,88.84,hysets,35.8575,-90.9330556,"Cache River at Egypt, AR",United States of America,1857.092903155676,7060047060,0,0,test
hysets_07096250,2921,88.84,hysets,38.66388094,-105.228041,"FOURMILE CREEK BELOW CRIPPLE CREEK NEAR VICTOR, CO",United States of America,701.7029025846676,7060047060,0,0,test
hysets_07105600,2921,88.84,hysets,38.78832768,-104.773862,"SAND CREEK ABOVE MOUTH AT COLORADO SPRINGS, CO",United States of America,134.15001704662475,7060047060,0,0,test
hysets_07105900,2921,88.84,hysets,38.6844413,-104.688583,"JIMMY CAMP CREEK AT FOUNTAIN, CO.",United States of America,170.05728627651283,7060047060,0,0,test
hysets_07106000,2921,88.84,hysets,38.6016647,-104.6702503,"FOUNTAIN CREEK NEAR FOUNTAIN, CO.",United States of America,1767.0089479378764,7060047060,0,0,test
hysets_07116500,2921,88.84,hysets,38.2250024,-104.2607996,"HUERFANO RIVER NEAR BOONE, CO.",United States of America,4798.422280213937,7060047060,0,0,test
hysets_07119500,2921,88.84,hysets,38.1085,-103.9676111,"APISHAPA RIVER NEAR FOWLER, CO",United States of America,2773.593349995617,7060047060,0,0,test
hysets_07121500,2921,88.84,hysets,38.0030644,-103.6560588,"TIMPAS CREEK AT MOUTH NEAR SWINK, CO.",United States of America,1301.9552927614686,7060047060,0,0,test
hysets_07124200,2921,88.84,hysets,37.12946459,-104.6399888,"PURGATOIRE RIVER AT MADRID, CO.",United States of America,1305.718838367792,7060047060,0,0,test
hysets_07126300,2921,88.84,hysets,37.3564059,-103.9002383,"PURGATOIRE RIVER NEAR THATCHER, CO.",United States of America,4987.365404654543,7060047060,0,0,test
hysets_07128500,2921,88.84,hysets,38.0342222,-103.2014167,"PURGATOIRE RIVER NEAR LAS ANIMAS, CO",United States of America,8934.415733886595,7060047060,0,0,test
hysets_07140900,2921,88.84,hysets,38.07527778,-99.9169444,"BUCKNER C NR JETMORE, KS",United States of America,834.9706971767293,7060047060,0,0,test
hysets_07141200,2921,88.84,hysets,38.2075145,-99.4062247,"PAWNEE R AT ROZEL, KS",United States of America,6243.92435679515,7060047060,0,0,test
hysets_07141780,2921,88.84,hysets,38.47723614,-99.4381656,"WALNUT C AT NEKOMA, KS",United States of America,3316.392466089098,7060047060,0,0,test
hysets_07141900,2921,88.84,hysets,38.46167948,-99.014817,"WALNUT C AT ALBERT, KS",United States of America,4166.017234379624,7060047060,0,0,test
hysets_07142300,2921,88.84,hysets,37.8716826,-98.8762067,"RATTLESNAKE C NR MACKSVILLE, KS",United States of America,1818.935273410905,7060047060,0,0,test
hysets_07142575,2921,88.84,hysets,38.0936248,-98.5461894,"RATTLESNAKE C NR ZENITH, KS",United States of America,2684.0242387129097,7060047060,0,0,test
hysets_07143300,2921,88.84,hysets,38.3083438,-98.1920045,"COW C NR LYONS, KS",United States of America,1872.4498072827828,7060047060,0,0,test
hysets_07143672,2921,88.84,hysets,38.0286223,-97.540597,"L ARKANSAS R AT HWY 50 NR HALSTEAD, KS",United States of America,2001.292530667072,7060047060,0,0,test
hysets_07144100,2921,88.84,hysets,37.88306739,-97.4244864,"L ARKANSAS R NR SEDGWICK, KS",United States of America,3197.575115602156,7060047060,0,0,test
hysets_07144200,2921,88.84,hysets,37.83223425,-97.3889317,"L ARKANSAS R AT VALLEY CENTER, KS",United States of America,3374.7491075375056,7060047060,0,0,test
hysets_07144300,2921,88.84,hysets,37.64334849,-97.3353227,"ARKANSAS R AT WICHITA, KS",United States of America,108478.64079620824,7060047060,0,0,test
hysets_07144550,2921,88.84,hysets,37.54418457,-97.2755999,"ARKANSAS R AT DERBY, KS",United States of America,109246.93177174185,7060047060,0,0,test
hysets_07144780,2921,88.84,hysets,37.8625129,-98.0139449,"NF NINNESCAH R AB CHENEY RE, KS",United States of America,2077.70300105764,7060047060,0,0,test
hysets_07145200,2887,87.8,hysets,37.561683,-97.8531094,"SF NINNESCAH R NR MURDOCK, KS",United States of America,1554.2163250817468,7060047060,0,0,test
hysets_07145700,2921,88.84,hysets,37.24946707,-97.4036569,"SLATE C AT WELLINGTON, KS",United States of America,399.8110991109852,7060047060,0,0,test
hysets_07148400,2921,88.84,hysets,36.81503056,-98.6481395,"Salt Fork Arkansas River nr Alva, OK",United States of America,2543.8075164916577,7060047060,0,0,test
hysets_07149000,2921,88.84,hysets,37.03891547,-98.4709092,"MEDICINE LODGE R NR KIOWA, KS",United States of America,2289.610814669926,7060047060,0,0,test
hysets_07151500,2921,88.84,hysets,37.12891225,-97.6019945,"CHIKASKIA R NR CORBIN, KS",United States of America,2107.6582394066418,7060047060,0,0,test
hysets_07157940,2921,88.84,hysets,37.03197269,-99.4795615,"BLUFF C NR BUTTERMILK, KS",United States of America,1778.219247153288,7060047060,0,0,test
hysets_07165750,2921,88.84,hysets,37.98252814,-96.0238817,"VERDIGRIS R NR VIRGIL, KS",United States of America,802.542596247587,7060047060,0,0,test
hysets_07167500,2921,88.84,hysets,37.70808736,-96.2236107,"OTTER C AT CLIMAX, KS",United States of America,319.34701114869057,7060047060,0,0,test
hysets_07169800,2921,88.84,hysets,37.37559729,-96.185548,"ELK R AT ELK FALLS, KS",United States of America,564.6695583024651,7060047060,0,0,test
hysets_07172000,2921,88.84,hysets,37.00393886,-96.3166638,"CANEY R NR ELGIN, KS",United States of America,1110.623476927082,7060047060,0,0,test
hysets_07184000,2921,88.84,hysets,37.2811711,-95.0327428,"LIGHTNING C NR MCCUNE, KS",United States of America,512.9445303230283,7060047060,0,0,test
hysets_07184500,2921,88.84,hysets,37.19379589,-95.1924979,"LABETTE C NR OSWEGO, KS",United States of America,551.3254094442689,7060047060,0,0,test
hysets_07185700,2921,88.84,hysets,37.15027778,-94.0613889,"Spring River at La Russell, MO",United States of America,791.6066833809093,7060047060,0,0,test
hysets_07185765,2921,88.84,hysets,37.18863889,-94.3259167,"Spring River at Carthage, MO",United States of America,1158.084162256049,7060047060,0,0,test
hysets_07186000,2921,88.84,hysets,37.2456111,-94.5664167,"Spring River near Waco, MO",United States of America,2997.533619088136,7060047060,0,0,test
hysets_07187000,2921,88.84,hysets,37.02316667,-94.5165556,"Shoal Creek above Joplin, MO",United States of America,1107.7161487628846,7060047060,0,0,test
hysets_07187600,2921,88.84,hysets,37.0236757,-94.7210595,"SPRING R NR BAXTER SPRINGS, KS",United States of America,6334.226053362072,7060047060,0,0,test
hysets_07188653,2921,88.84,hysets,36.6158611,-94.1822222,"Big Sugar Creek near Powell, MO",United States of America,366.5851074101597,7060047060,0,0,test
hysets_07188838,2921,88.84,hysets,36.583962,-94.3732693,"Little Sugar Creek near Pineville, MO",United States of America,505.5806737752383,7060047060,0,0,test
hysets_07188885,2921,88.84,hysets,36.59927778,-94.4496389,"Indian Creek near Lanagan, MO",United States of America,616.4739076135173,7060047060,0,0,test
hysets_07191160,2921,88.84,hysets,36.36452259,-94.5513299,"Spavinaw Creek near Maysville, AR",United States of America,229.8497041388308,7060047060,0,0,test
hysets_07191179,2921,88.84,hysets,36.3420235,-94.58772,"Spavinaw Creek near Cherokee City, AR",United States of America,266.9605454325935,7060047060,0,0,test
hysets_071912213,2921,88.84,hysets,36.3225808,-94.6852238,"Spavinaw Creek near Colcord, OK",United States of America,420.8641984516415,7060047060,0,0,test
hysets_07191222,2921,88.84,hysets,36.35535924,-94.7763388,"Beaty Creek near Jay, OK",United States of America,153.7827391497778,7060047060,0,0,test
hysets_07194800,2921,88.84,hysets,36.10305556,-94.3444444,"Illinois River at Savoy, AR",United States of America,434.5568984403809,7060047060,0,0,test
hysets_07195400,2921,88.84,hysets,36.1447222,-94.4947222,Illinois River at Hwy. 16 near Siloam Springs AR,United States of America,1316.896766587936,7060047060,0,0,test
hysets_07195430,2921,88.84,hysets,36.1086111,-94.5333333,"Illinois River South of Siloam Springs, AR",United States of America,1468.4064314096254,7060047060,0,0,test
hysets_07197360,2921,88.84,hysets,35.7850906,-94.8563398,"Caney Creek near Barber, OK",United States of America,232.64954175133315,7060047060,0,0,test
hysets_07203000,2921,88.84,hysets,36.68102778,-104.7863944,"VERMEJO RIVER NEAR DAWSON, NM",United States of America,892.486517114625,7060047060,0,0,test
hysets_07211500,2921,88.84,hysets,36.29756944,-104.4954722,"CANADIAN RIVER NEAR TAYLOR SPRINGS, NM",United States of America,7218.187040762064,7060047060,0,0,test
hysets_07216500,2921,88.84,hysets,35.8908722,-105.1636194,"MORA RIVER NEAR GOLONDRINAS, NM",United States of America,690.2370730926039,7060047060,0,0,test
hysets_07226500,2921,88.84,hysets,35.43852778,-103.5257944,"UTE CREEK NEAR LOGAN, NM",United States of America,5241.944556299031,7060047060,0,0,test
hysets_07227100,2920,88.81,hysets,35.3443861,-103.3896056,"REVUELTO CREEK NEAR LOGAN, NM",United States of America,2083.197263455701,7060047060,0,0,test
hysets_07233500,2921,88.84,hysets,36.20225497,-101.305993,"Palo Duro Ck nr Spearman, TX",United States of America,2908.5706129031805,7060047060,0,0,test
hysets_07249400,2921,88.84,hysets,35.1625,-94.4069444,"James Fork near Hackett, AR",United States of America,380.0697546532514,7060047060,0,0,test
hysets_07249920,2917,88.72,hysets,35.57305556,-94.5569444,"Little Lee Creek near Nicut, OK",United States of America,264.2592489123074,7060047060,0,0,test
hysets_07257006,2920,88.81,hysets,35.5058333,-93.1813889,"Big Piney Creek at Highway 164 near Dover, AR",United States of America,793.2096007911402,7060047060,0,0,test
hysets_07257500,2920,88.81,hysets,35.46638889,-93.0411111,"Illinois Bayou near Scottsville, AR",United States of America,625.8682495421607,7060047060,0,0,test
hysets_07258500,2918,88.75,hysets,35.10694444,-93.9236111,"Petit Jean River near Booneville, AR",United States of America,623.5085189754233,7060047060,0,0,test
hysets_07260673,2921,88.84,hysets,35.3247222,-92.8730556,"West Fork Point Remove Creek near Hattieville, AR",United States of America,573.630480954617,7060047060,0,0,test
hysets_07261000,2918,88.75,hysets,35.2986111,-92.4038889,"Cadron Creek near Guy, AR",United States of America,446.5696717238416,7060047060,0,0,test
hysets_07261500,2921,88.84,hysets,34.8725,-93.6572222,"Fourche LaFave River Near Gravelly, AR",United States of America,1062.3337491309526,7060047060,0,0,test
hysets_07263300,2918,88.75,hysets,34.86305556,-92.4852778,"Maumelle River at Maumelle Dam at Natural Steps,AR",United States of America,354.5487736160893,7060047060,0,0,test
hysets_07268000,2921,88.84,hysets,34.4825,-89.2244444,"LITTLE TALLAHATCHIE RIVER AT ETTA, MS",United States of America,1353.655196588022,7060047060,0,0,test
hysets_07274000,2920,88.81,hysets,34.2733333,-89.5213889,"YOCONA RIVER NR OXFORD, MS",United States of America,625.3609300264628,7060047060,0,0,test
hysets_07275900,2921,88.84,hysets,34.9075,-89.7533333,"COLDWATER RIVER NR OLIVE BRANCH, MS",United States of America,495.6055401115648,7060047060,0,0,test
hysets_07283000,2921,88.84,hysets,33.9736111,-89.3477778,"SKUNA RIVER AT BRUCE, MS",United States of America,590.4732419599547,7060047060,0,0,test
hysets_07288955,2867,87.2,hysets,32.44416667,-90.9141667,"YAZOO RIVER BL STEELE BAYOU NR LONG LAKE, MS",United States of America,34866.54338063066,7060047060,0,0,test
hysets_07289730,2907,88.41,hysets,32.60305556,-90.3638889,"BIG BLACK RIVER NR BENTONIA, MS",United States of America,5997.591659318408,7060047060,0,0,test
hysets_07290000,2921,88.84,hysets,32.34777778,-90.6969444,"BIG BLACK RIVER NR BOVINA, MS",United States of America,7126.17685803801,7060047060,0,0,test
hysets_07291000,2911,88.53,hysets,31.50305556,-90.7775,"HOMOCHITTO RIVER AT EDDICETON, MS",United States of America,482.14144533232735,7060047060,0,0,test
hysets_07292500,2921,88.84,hysets,31.3247222,-91.1094444,"HOMOCHITTO RIVER AT ROSETTA, MS",United States of America,2074.537662478158,7060047060,0,0,test
hysets_07295000,2920,88.81,hysets,31.22694444,-91.2955556,"BUFFALO RIVER NR WOODVILLE, MS",United States of America,466.6168079601421,7060047060,0,0,test
hysets_07298500,2917,88.72,hysets,34.62783574,-100.9406994,"Pr Dog Twn Fk Red Rv nr Brice, TX",United States of America,14683.73276423787,7060047060,0,0,test
hysets_07299670,2921,88.84,hysets,34.35451979,-99.7403719,"Groesbeck Ck at SH 6 nr Quanah, TX",United States of America,828.3636375104356,7060047060,0,0,test
hysets_07301410,2921,88.84,hysets,35.47310419,-100.1209501,"Sweetwater Ck nr Kelton, TX",United States of America,766.4031636028102,7060047060,0,0,test
hysets_07308200,2921,88.84,hysets,34.1795833,-99.3233333,"Pease Rv nr Vernon, TX",United States of America,9142.102983929972,7060047060,0,0,test
hysets_07311700,2921,88.84,hysets,33.82064216,-99.7864822,"N Wichita Rv nr Truscott, TX",United States of America,2456.0546314516337,7060047060,0,0,test
hysets_07311800,2921,88.84,hysets,33.644257,-99.8009252,"S Wichita Rv nr Benjamin, TX",United States of America,1438.1820749448875,7060047060,0,0,test
hysets_07311900,2921,88.84,hysets,33.70036966,-99.3886905,"Wichita Rv nr Seymour, TX",United States of America,4773.347115664305,7060047060,0,0,test
hysets_07315200,2921,88.84,hysets,33.81287833,-98.0850406,"E Fk Little Wichita Rv nr Henrietta, TX",United States of America,501.7730858403654,7060047060,0,0,test
hysets_07315700,2921,88.84,hysets,34.00426516,-97.566968,"Mud Creek near Courtney, OK",United States of America,1488.6367428983112,7060047060,0,0,test
hysets_07332390,2921,88.84,hysets,34.383426,-96.6005579,"Blue River near Connerville, OK",United States of America,420.501688776008,7060047060,0,0,test
hysets_07337900,2921,88.84,hysets,34.09760677,-94.9021667,"Glover River near Glover, OK",United States of America,830.8292069336003,7060047060,0,0,test
hysets_07338750,2921,88.84,hysets,34.4623262,-94.6352202,"Mountain Fork at Smithville, OK",United States of America,835.0409195783587,7060047060,0,0,test
hysets_07340300,2921,88.84,hysets,34.38,-94.2363889,"Cossatot River near Vandervoort, AR",United States of America,230.6529468825697,7060047060,0,0,test
hysets_07343000,2921,88.84,hysets,33.47483009,-95.5877347,"N Sulphur Rv nr Cooper, TX",United States of America,789.0302903050856,7060047060,0,0,test
hysets_07346045,2921,88.84,hysets,32.7779173,-94.3574153,"Black Cypress Bayou at Jefferson, TX",United States of America,960.0379966747628,7060047060,0,0,test
hysets_07346050,2921,88.84,hysets,32.6726406,-94.7510435,"Little Cypress Ck nr Ore City, TX",United States of America,1018.9066516602117,7060047060,0,0,test
hysets_07346070,2921,88.84,hysets,32.71291998,-94.3460265,"Little Cypress Bayou nr Jefferson, TX",United States of America,1790.9680586577383,7060047060,0,0,test
hysets_07348700,2921,88.84,hysets,32.9945813,-93.39656,"Bayou Dorcheat near Springhill, LA",United States of America,1499.6548483765328,7060047060,0,0,test
hysets_07352000,2921,88.84,hysets,32.2501572,-92.9765484,"Saline Bayou near Lucky, LA",United States of America,363.94419149243146,7060047060,0,0,test
hysets_07356000,2920,88.81,hysets,34.61,-93.6975,"Ouachita River near Mount Ida, AR",United States of America,1071.7196781462758,7060047060,0,0,test
hysets_07359002,2921,88.84,hysets,34.4261111,-92.8908333,"Ouachita River at Remmel Dam above Jones Mill, AR",United States of America,4001.441308577264,7060047060,0,0,test
hysets_07359610,2921,88.84,hysets,34.38277778,-93.6061111,"Caddo River near Caddo Gap, AR",United States of America,342.0667524501259,7060047060,0,0,test
hysets_07361500,2917,88.72,hysets,34.03888889,-93.4180556,"Antoine River at Antoine, AR",United States of America,463.0569187600878,7060047060,0,0,test
hysets_07362100,2921,88.84,hysets,33.37527778,-92.7766667,"Smackover Creek near Smackover, AR",United States of America,996.5045527847134,7060047060,0,0,test
hysets_07363000,2921,88.84,hysets,34.56777778,-92.6102778,"Saline River at Benton, AR",United States of America,1431.0989685523225,7060047060,0,0,test
hysets_07363200,2915,88.66,hysets,34.1161111,-92.4055556,"Saline River near Sheridan, AR",United States of America,2921.0143363893167,7060047060,0,0,test
hysets_07363400,2921,88.84,hysets,34.2286111,-92.3725,"Hurricane Creek below Sheridan, AR",United States of America,676.2591169111753,7060047060,0,0,test
hysets_07363500,2921,88.84,hysets,33.7008333,-92.0258333,"Saline River near Rye, AR",United States of America,5431.01302598899,7060047060,0,0,test
hysets_07364133,2903,88.29,hysets,33.86638889,-91.6561111,"Bayou Bartholomew at Garrett Bridge, AR",United States of America,1049.0437087543996,7060047060,0,0,test
hysets_07364150,2921,88.84,hysets,33.62777778,-91.4458333,"Bayou Bartholomew near McGehee, AR",United States of America,1573.830255139223,7060047060,0,0,test
hysets_07364300,2823,85.86,hysets,32.9820721,-91.8056818,"Chemin-A-Haut Bayou near Beekman, LA",United States of America,698.6338849700755,7060047060,0,0,test
hysets_07367005,2921,88.84,hysets,32.50027778,-92.1197222,"Ouachita River at West Monroe, LA",United States of America,38985.76405366166,7060047060,0,0,test
hysets_07372050,2921,88.84,hysets,31.93694444,-92.6033333,"Dugdemona River near Joyce, LA",United States of America,1906.014228194252,7060047060,0,0,test
hysets_07372200,2921,88.84,hysets,31.7543363,-92.3445833,"Little River near Rochelle, LA",United States of America,4916.624622841582,7060047060,0,0,test
hysets_07375280,2921,88.84,hysets,31.0122222,-90.4611111,"TANGIPAHOA RIVER AT OSYKA, MS",United States of America,407.9917659403405,7060046900,4,4,train
hysets_07375500,2921,88.84,hysets,30.50658047,-90.3617524,"Tangipahoa River at Robert, LA",United States of America,1675.2789618103218,7060046900,4,4,train
hysets_07376000,2921,88.84,hysets,30.5038016,-90.6773163,"Tickfaw River at Holden, LA",United States of America,649.5049273218954,7060046900,4,4,train
hysets_07377000,2921,88.84,hysets,30.8890694,-90.8445454,"Amite River near Darlington, LA",United States of America,1526.025289191595,7060046900,4,4,train
hysets_07378500,2921,88.84,hysets,30.464079,-90.99038,"Amite River near Denham Springs, LA",United States of America,3452.79643627255,7060046900,4,4,train
hysets_07382000,2921,88.84,hysets,31.00027778,-92.3802778,"Bayou Cocodrie near Clearwater, LA",United States of America,627.873753887452,7060047480,3,3,train
hysets_08013000,2921,88.84,hysets,30.99666667,-92.6736111,"Calcasieu River nr Glenmora, LA",United States of America,1294.969820274728,7060047800,1,1,val
hysets_08013500,2921,88.84,hysets,30.6404757,-92.8140368,"Calcasieu River near Oberlin, LA",United States of America,1968.6005002149093,7060047800,1,1,val
hysets_08014500,2921,88.84,hysets,30.69875,-92.8931944,"Ouiska Chitto Creek Near Oberlin, LA",United States of America,1306.464175958812,7060047800,1,1,val
hysets_08014800,2921,88.84,hysets,30.81880557,-93.2301619,"Bundick Creek near DeRidder, LA",United States of America,310.5576362158035,7060047800,1,1,val
hysets_08023080,2921,88.84,hysets,31.9627225,-93.9411609,"Bayou Grand Cane near Stanley, LA",United States of America,187.4924192611417,7060047850,2,2,train
hysets_08025500,2920,88.81,hysets,31.30712737,-93.5157295,"Bayou Toro near Toro, LA",United States of America,383.35463071120734,7060047850,2,2,train
hysets_08028000,2921,88.84,hysets,30.95297038,-93.3529438,"Bayou Anacoco near Rosepine, LA",United States of America,945.9908472586452,7060047850,2,2,train
hysets_08033900,2921,88.84,hysets,31.86017169,-94.8232697,"E Fk Angelina Rv nr Cushing, TX",United States of America,407.9731716267296,7060047850,2,2,train
hysets_08040600,2921,88.84,hysets,30.79103579,-94.1510237,"Neches Rv nr Town Bluff, TX",United States of America,19628.61749174892,7060047850,2,2,train
hysets_08041500,2921,88.84,hysets,30.3979862,-94.2635215,"Village Ck nr Kountze, TX",United States of America,2231.5153790384475,7060047850,2,2,train
hysets_08041749,2901,88.23,hysets,30.17882253,-94.1887943,"Pine Island Bayou abv BI Pump Plant, Beaumont, TX",United States of America,1809.1458773319912,7060047850,2,2,train
hysets_08041780,2910,88.5,hysets,30.156878,-94.1143469,"Neches Rv Saltwater Barrier at Beaumont, TX",United States of America,25476.93771765108,7060047850,2,2,train
hysets_08048800,2921,88.84,hysets,32.80735146,-97.2486256,"Big Fossil Ck at Haltom City, TX",United States of America,136.88644110247375,7060047970,1,1,val
hysets_08048970,2921,88.84,hysets,32.60346909,-97.2650142,"Village Ck at Everman, TX",United States of America,233.5887868023748,7060047970,1,1,val
hysets_08061540,2921,88.84,hysets,32.95984447,-96.6144378,"Rowlett Ck nr Sachse, TX",United States of America,310.4378849578874,7060047970,1,1,val
hysets_08064700,2921,88.84,hysets,31.84849638,-96.2899755,"Tehuacana Ck nr Streetman, TX",United States of America,368.7418272981299,7060047970,1,1,val
hysets_08065200,2919,88.78,hysets,31.56989618,-95.8882938,"Upper Keechi Ck nr Oakwood, TX",United States of America,392.60898271907104,7060047970,1,1,val
hysets_08065800,2921,88.84,hysets,30.8847222,-95.7777778,"Bedias Ck nr Madisonville, TX",United States of America,856.7894735693723,7060047970,1,1,val
hysets_08066200,2921,88.84,hysets,30.716306,-94.9588237,"Long King Ck at Livingston, TX",United States of America,365.9464731199403,7060047970,1,1,val
hysets_08066300,2921,88.84,hysets,30.48138889,-94.7797222,"Menard Ck nr Rye, TX",United States of America,388.60951196465385,7060047970,1,1,val
hysets_08068000,2921,88.84,hysets,30.24465738,-95.4571616,"W Fk San Jacinto Rv nr Conroe, TX",United States of America,2149.758540233547,7060047980,2,2,train
hysets_08068275,2921,88.84,hysets,30.11993899,-95.6460559,"Spring Ck nr Tomball, TX",United States of America,483.4863423129283,7060047980,2,2,train
hysets_08068500,2921,88.84,hysets,30.11049517,-95.4363275,"Spring Ck nr Spring, TX",United States of America,1047.2912530399858,7060047980,2,2,train
hysets_08068720,2860,86.98,hysets,29.9502237,-95.8082835,"Cypress Ck at Katy-Hockley Rd nr Hockley, TX",United States of America,280.6419798806868,7060047980,2,2,train
hysets_08070200,2921,88.84,hysets,30.1454932,-95.1243756,"E Fk San Jacinto Rv nr New Caney, TX",United States of America,989.8320769984078,7060047980,2,2,train
hysets_08071000,2921,88.84,hysets,30.2327137,-95.1682662,"Peach Ck at Splendora, TX",United States of America,305.5168385970998,7060047980,2,2,train
hysets_08080700,2921,88.84,hysets,34.17896048,-101.7026748,"Running Water Draw at Plainview, TX",United States of America,3299.6853139870072,7060048300,1,1,val
hysets_08082700,2921,88.84,hysets,33.32926607,-99.4650825,"Millers Ck nr Munday, TX",United States of America,275.74586000696064,7060048300,1,1,val
hysets_08084800,2921,88.84,hysets,32.93094435,-99.642588,"California Ck nr Stamford, TX",United States of America,1244.2546095881028,7060048300,1,1,val
hysets_08086050,2921,88.84,hysets,32.55929085,-99.170074,"Deep Ck at Moran, TX",United States of America,586.4952989971655,7060048300,1,1,val
hysets_08086212,2921,88.84,hysets,32.73289717,-99.1406299,"Hubbard Ck bl Albany, TX",United States of America,1585.5927781650664,7060048300,1,1,val
hysets_08095300,2921,88.84,hysets,31.50933179,-97.365845,"Middle Bosque Rv nr McGregor, TX",United States of America,476.80257615495657,7060048300,1,1,val
hysets_08101000,2921,88.84,hysets,31.2848902,-97.8850244,"Cowhouse Ck at Pidcoke, TX",United States of America,1180.1092698478355,7060048300,1,1,val
hysets_0810464660,2921,88.84,hysets,30.69775,-97.8492222,"N Fk San Gabriel Rv at Reagan Blvd nr Leander, TX",United States of America,541.9728601553923,7060048300,1,1,val
hysets_08104900,2921,88.84,hysets,30.6257499,-97.6911204,"S Fk San Gabriel Rv at Georgetown, TX",United States of America,342.9410026596479,7060048300,1,1,val
hysets_08105095,2921,88.84,hysets,30.70324685,-97.6663985,"Berry Ck at Airport Rd nr Georgetown, TX",United States of America,207.61886587971227,7060048300,1,1,val
hysets_08109700,2921,88.84,hysets,30.33937764,-96.9047037,"Middle Yegua Ck nr Dime Box, TX",United States of America,611.4130751978287,7060048300,1,1,val
hysets_08110100,2921,88.84,hysets,30.41965196,-96.5402466,"Davidson Ck nr Lyons, TX",United States of America,505.0358231467139,7060048300,1,1,val
hysets_08110430,2921,88.84,hysets,31.5068396,-96.3246953,"Big Ck nr Freestone, TX",United States of America,252.4105140903361,7060048300,1,1,val
hysets_08111700,2921,88.84,hysets,29.88106145,-96.2052402,"Mill Ck nr Bellville, TX",United States of America,976.7526496428496,7060048300,1,1,val
hysets_08120500,2921,88.84,hysets,32.57372368,-100.9078941,"Deep Ck nr Dunn, TX",United States of America,529.2584444852259,7060048410,1,1,val
hysets_08123800,2921,88.84,hysets,32.1992913,-101.0140029,"Beals Ck nr Westbrook, TX",United States of America,25905.29438877984,7060048410,1,1,val
hysets_08130700,2693,81.9,hysets,31.3309973,-100.600931,"Spring Ck abv Twin Buttes Res nr San Angelo, TX",United States of America,1785.2626512590814,7060048410,1,1,val
hysets_08131400,2921,88.84,hysets,31.30905356,-100.4459254,"Pecan Ck nr San Angelo, TX",United States of America,209.79000982067703,7060048410,1,1,val
hysets_08134000,2921,88.84,hysets,31.5926549,-100.6370449,"N Concho Rv nr Carlsbad, TX",United States of America,3250.100936572374,7060048410,1,1,val
hysets_08148500,2921,88.84,hysets,30.5174101,-99.806179,"N Llano Rv nr Junction, TX",United States of America,2339.880331545988,7060048410,1,1,val
hysets_08150000,2921,88.84,hysets,30.50435487,-99.7345097,"Llano Rv nr Junction, TX",United States of America,4820.783675343756,7060048410,1,1,val
hysets_08150700,2921,88.84,hysets,30.66073685,-99.1092185,"Llano Rv nr Mason, TX",United States of America,8433.293189759761,7060048410,1,1,val
hysets_08150800,2921,88.84,hysets,30.64351548,-99.0958848,"Beaver Ck nr Mason, TX",United States of America,558.4727818550298,7060048410,1,1,val
hysets_08152000,2921,88.84,hysets,30.557689,-98.4722511,"Sandy Ck nr Kingsland, TX",United States of America,896.8754900009193,7060048410,1,1,val
hysets_08152900,2921,88.84,hysets,30.22048147,-98.8697609,"Pedernales Rv nr Fredericksburg, TX",United States of America,957.6968392197584,7060048410,1,1,val
hysets_08155300,2921,88.84,hysets,30.24465306,-97.8022283,"Barton Ck at Loop 360, Austin, TX",United States of America,302.88975216322814,7060048410,1,1,val
hysets_08155400,2921,88.84,hysets,30.26354168,-97.772228,"Barton Ck abv Barton Spgs at Austin, TX",United States of America,310.4386674253623,7060048410,1,1,val
hysets_08158600,2921,88.84,hysets,30.2832642,-97.655003,"Walnut Ck at Webberville Rd, Austin, TX",United States of America,134.57689030407522,7060048410,1,1,val
hysets_08158700,2921,88.84,hysets,30.08298924,-98.0077859,"Onion Ck nr Driftwood, TX",United States of America,320.5319843713155,7060048410,1,1,val
hysets_08158827,2921,88.84,hysets,30.12632345,-97.8211161,"Onion Ck at Twin Creeks Rd nr Manchaca, TX",United States of America,468.5117728841349,7060048410,1,1,val
hysets_08159000,2921,88.84,hysets,30.17798987,-97.6886138,"Onion Ck at US Hwy 183, Austin, TX",United States of America,839.598056210894,7060048410,1,1,val
hysets_08164000,2921,88.84,hysets,28.95998449,-96.6863668,"Lavaca Rv nr Edna, TX",United States of America,2126.2809501370693,7060048480,2,2,train
hysets_08164300,2921,88.84,hysets,29.466908,-96.812756,"Navidad Rv nr Hallettsville, TX",United States of America,862.6615969616387,7060048480,2,2,train
hysets_08164390,2921,88.84,hysets,29.06553568,-96.6741434,"Navidad Rv at Strane Pk nr Edna, TX",United States of America,1468.9173145141797,7060048480,2,2,train
hysets_08164450,2921,88.84,hysets,29.1602539,-96.5463608,"Sandy Ck nr Ganado, TX",United States of America,765.5626222898156,7060048480,2,2,train
hysets_08165300,2921,88.84,hysets,30.06409747,-99.3869916,"N Fk Guadalupe Rv nr Hunt, TX",United States of America,436.37833982391794,7060048620,4,4,train
hysets_08165500,2919,88.78,hysets,30.06993074,-99.3217122,"Guadalupe Rv at Hunt, TX",United States of America,744.5848130443469,7060048620,4,4,train
hysets_08166000,2921,88.84,hysets,30.10020707,-99.2831006,"Johnson Ck nr Ingram, TX",United States of America,294.4520945785084,7060048620,4,4,train
hysets_08166140,2882,87.65,hysets,30.06965378,-99.1953203,"Guadalupe Rv abv Bear Ck at Kerrville, TX",United States of America,1219.0304595314758,7060048620,4,4,train
hysets_08166250,2885,87.74,hysets,29.98777778,-99.11,"Guadalupe Rv nr Center Point, TX",United States of America,1444.6285078959663,7060048620,4,4,train
hysets_08167500,2921,88.84,hysets,29.8604957,-98.3836275,"Guadalupe Rv nr Spring Branch, TX",United States of America,3407.8461334774315,7060048620,4,4,train
hysets_08168797,2921,88.84,hysets,29.688,-98.1548333,"Dry Comal Ck at Loop 337 nr New Braunfels, TX",United States of America,278.04159925665857,7060048620,4,4,train
hysets_08170500,2921,88.84,hysets,29.88910804,-97.9341718,"San Marcos Rv at San Marcos, TX",United States of America,127.36806691839809,7060048620,4,4,train
hysets_08171000,2921,88.84,hysets,29.9943808,-98.088898,"Blanco Rv at Wimberley, TX",United States of America,922.1759173038224,7060048620,4,4,train
hysets_08171300,2921,88.84,hysets,29.97938297,-97.9100051,"Blanco Rv nr Kyle, TX",United States of America,1068.034837160311,7060048620,4,4,train
hysets_08174600,2921,88.84,hysets,29.47412787,-97.3166565,"Peach Ck bl Dilworth, TX",United States of America,1191.9126992504594,7060048620,4,4,train
hysets_08175000,2921,88.84,hysets,29.2152475,-97.4494353,"Sandies Ck nr Westhoff, TX",United States of America,1424.6601947900149,7060048620,4,4,train
hysets_08176900,2921,88.84,hysets,28.86165308,-97.2263791,"Coleto Ck at Arnold Rd Crsg nr Schroeder, TX",United States of America,926.293872617629,7060048620,4,4,train
hysets_08178880,2921,88.84,hysets,29.72383537,-99.070035,"Medina Rv at Bandera, TX",United States of America,851.4565741455044,7060048620,4,4,train
hysets_08185065,2921,88.84,hysets,29.50144444,-98.18625,"Cibolo Ck nr Saint Hedwig, TX",United States of America,800.2674985756179,7060048620,4,4,train
hysets_08185100,2921,88.84,hysets,29.44388889,-98.1688889,"Martinez Ck nr Saint Hedwig, TX",United States of America,212.45704775695523,7060048620,4,4,train
hysets_08189300,2921,88.84,hysets,28.48305164,-97.656663,"Medio Ck nr Beeville, TX",United States of America,527.2156605938602,7060048630,1,1,val
hysets_08189500,2921,88.84,hysets,28.29195088,-97.2791593,"Mission Rv at Refugio, TX",United States of America,1811.3566385306565,7060048630,1,1,val
hysets_08190500,2921,88.84,hysets,29.48108333,-100.2391667,"W Nueces Rv nr Brackettville, TX",United States of America,1798.8866884878282,7060048860,1,1,val
hysets_08194200,2643,80.38,hysets,27.96501329,-98.9669678,"San Casimiro Ck nr Freer, TX",United States of America,1222.9756350572554,7060048860,1,1,val
hysets_08195000,2921,88.84,hysets,29.48856496,-99.7047756,"Frio Rv at Concan, TX",United States of America,1010.2444331680628,7060048860,1,1,val
hysets_08196000,2921,88.84,hysets,29.50467576,-99.7814452,"Dry Frio Rv nr Reagan Wells, TX",United States of America,326.93301661104067,7060048860,1,1,val
hysets_08198000,2921,88.84,hysets,29.4910644,-99.4928241,"Sabinal Rv nr Sabinal, TX",United States of America,533.97779159088,7060048860,1,1,val
hysets_08198500,2921,88.84,hysets,29.31430556,-99.4804722,"Sabinal Rv at Sabinal, TX",United States of America,624.0164220118353,7060048860,1,1,val
hysets_08200000,2921,88.84,hysets,29.57003056,-99.2476889,"Hondo Ck nr Tarpley, TX",United States of America,249.08095740251773,7060048860,1,1,val
hysets_08202700,2921,88.84,hysets,29.37078917,-99.2878185,"Seco Ck at Rowe Rh nr D'Hanis, TX",United States of America,425.8664477734162,7060048860,1,1,val
hysets_08205500,2921,88.84,hysets,28.73664429,-99.1447556,"Frio Rv nr Derby, TX",United States of America,8898.863159446111,7060048860,1,1,val
hysets_08206600,2921,88.84,hysets,28.46749279,-98.5475174,"Frio Rv at Tilden, TX",United States of America,11574.492182224982,7060048860,1,1,val
hysets_08207500,2921,88.84,hysets,28.86497693,-98.3383454,"Atascosa Rv nr McCoy, TX",United States of America,1328.9373491110778,7060048860,1,1,val
hysets_08210400,2921,88.84,hysets,28.05973533,-98.0969482,"Lagarto Ck nr George West, TX",United States of America,401.8935485543535,7060048860,1,1,val
hysets_08212400,2795,85.01,hysets,27.26448618,-98.1358378,"Los Olmos Ck nr Falfurrias, TX",United States of America,1238.2552382957024,7060048870,1,1,val
hysets_08247500,2921,88.84,hysets,36.99306944,-106.0386325,"SAN ANTONIO RIVER AT ORTIZ, CO",United States of America,300.3133808201542,7060049270,4,4,train
hysets_08279000,2921,88.84,hysets,36.21085556,-105.9136306,"EMBUDO CREEK AT DIXON, NM",United States of America,827.8729708981332,7060049270,4,4,train
hysets_08284100,2921,88.84,hysets,36.6626583,-106.6333667,"RIO CHAMA NEAR LA PUENTE, NM",United States of America,1223.313627838869,7060049270,4,4,train
hysets_08289000,2921,88.84,hysets,36.34974167,-106.0441861,"RIO OJO CALIENTE AT LA MADERA, NM",United States of America,1066.3233919877198,7060049270,4,4,train
hysets_08291000,2913,88.59,hysets,35.9647222,-105.9047222,"SANTA CRUZ RIVER NEAR CUNDIYO, NM",United States of America,238.32701345120893,7060049270,4,4,train
hysets_08378500,2921,88.84,hysets,35.70835,-105.6827028,"PECOS RIVER NEAR PECOS, NM",United States of America,444.55805602133074,7060049270,4,4,train
hysets_08379500,2921,88.84,hysets,35.17866944,-105.1088028,"PECOS RIVER NEAR ANTON CHICO, NM",United States of America,2702.291027834062,7060049270,4,4,train
hysets_08390500,2921,88.84,hysets,33.34916667,-104.8516667,"RIO HONDO AT DIAMOND A RANCH NR ROSWELL, NM",United States of America,2451.705168515992,7060049270,4,4,train
hysets_08397620,2654,80.72,hysets,32.8367722,-105.0694222,"RIO PENASCO NEAR HOPE, NM",United States of America,1656.1847784304375,7060049270,4,4,train
hysets_08398500,2921,88.84,hysets,32.7434472,-104.4141306,"RIO PENASCO AT DAYTON, NM",United States of America,2737.5465431984394,7060049270,4,4,train
hysets_08401200,2921,88.84,hysets,32.5886111,-104.4213889,"SOUTH SEVEN RIVERS NR LAKEWOOD, NM",United States of America,534.1945936848463,7060049270,4,4,train
hysets_08401900,2921,88.84,hysets,32.50608056,-104.3749889,"ROCKY ARROYO AT HWY BRD NR CARLSBAD, NM",United States of America,754.9611189153657,7060049270,4,4,train
hysets_08405150,2921,88.84,hysets,32.40333333,-104.2294444,"DARK CANYON AT CARLSBAD, NM",United States of America,1161.2055666794204,7060049270,4,4,train
hysets_08405500,2921,88.84,hysets,32.22908889,-104.1518528,"BLACK RIVER ABOVE MALAGA, NM",United States of America,962.0968081333748,7060049270,4,4,train
hysets_08408500,2921,88.84,hysets,32.02314167,-104.0544556,"DELAWARE RIVER NR RED BLUFF, NM",United States of America,2047.248469819551,7060049270,4,4,train
hysets_08433000,2921,88.84,hysets,30.95792694,-103.459619,"Barrilla Draw nr Saragosa, TX",United States of America,1481.9546279979163,7060049270,4,4,train
hysets_08447020,2921,88.84,hysets,30.4521221,-101.7331788,"Independence Ck nr Sheffield, TX",United States of America,1997.134048237496,7060049270,4,4,train
hysets_08447300,2894,88.02,hysets,30.314,-101.7415556,"Pecos Rv at Brotherton Rh nr Pandale, TX",United States of America,109280.1670770614,7060049270,4,4,train
hysets_08481500,2921,88.84,hysets,33.14488889,-105.8979028,"TULAROSA CREEK NEAR BENT, NM",United States of America,335.9889427778839,7060049270,4,4,train
hysets_08CD001,2921,88.84,hysets,58.07225,-130.8264,TUYA RIVER NEAR TELEGRAPH CREEK,Canada,3536.029097049852,7060020090,3,3,train
hysets_08CE001,2921,88.84,hysets,57.90027,-131.1597,STIKINE RIVER AT TELEGRAPH CREEK,Canada,28837.60662680996,7060020090,3,3,train
hysets_08CG001,2921,88.84,hysets,56.73444,-131.669,ISKUT RIVER BELOW JOHNSON RIVER,Canada,9453.319457410926,7060020090,3,3,train
hysets_08DB001,2921,88.84,hysets,55.26225,-129.085,NASS RIVER ABOVE SHUMAL CREEK,Canada,18315.1022354516,7060019190,1,1,val
hysets_08EB004,2921,88.84,hysets,55.43385,-127.7162,KISPIOX RIVER NEAR HAZELTON,Canada,1866.8945512377256,7060019010,4,4,train
hysets_08EC013,2921,88.84,hysets,55.42654,-126.6976,BABINE RIVER AT OUTLET OF NILKITKWA LAKE,Canada,6730.543654708635,7060019010,4,4,train
hysets_08ED001,2921,88.84,hysets,53.93033,-127.4517,NANIKA RIVER AT OUTLET OF KIDPRICE LAKE,Canada,728.8003973131376,7060019010,4,4,train
hysets_08ED002,2921,88.84,hysets,54.11683,-127.4266,MORICE RIVER NEAR HOUSTON,Canada,1888.5141642057524,7060019010,4,4,train
hysets_08EE003,2921,88.84,hysets,54.39938,-126.7194,BULKLEY RIVER NEAR HOUSTON,Canada,2357.363202988419,7060019010,4,4,train
hysets_08EE020,2921,88.84,hysets,54.60694,-127.4969,TELKWA RIVER BELOW TSAI CREEK,Canada,365.4309582636523,7060019010,4,4,train
hysets_08EF001,2921,88.84,hysets,54.63194,-128.4306,SKEENA RIVER AT USK,Canada,42111.80393765263,7060019010,4,4,train
hysets_08EG012,2905,88.35,hysets,54.36219,-129.3128,EXCHAMSIKS RIVER NEAR TERRACE,Canada,368.2670907624024,7060019010,4,4,train
hysets_08FB004,2921,88.84,hysets,52.42456,-126.5211,SALLOOMT RIVER NEAR HAGENSBORG,Canada,157.88598345787685,7060017930,2,2,train
hysets_08FB006,2921,88.84,hysets,52.36008,-126.0059,ATNARKO RIVER NEAR THE MOUTH,Canada,2541.034452901838,7060017930,2,2,train
hysets_08FC003,2921,88.84,hysets,52.88947,-125.7712,DEAN RIVER BELOW TANSWANKET CREEK,Canada,3709.337448631528,7060018020,3,3,train
hysets_08FE003,2921,88.84,hysets,53.56355,-127.9524,KEMANO RIVER ABOVE POWERHOUSE TAILRACE,Canada,553.4550804607355,7060018610,2,2,train
hysets_08FF001,2921,88.84,hysets,54.04872,-128.6905,KITIMAT RIVER BELOW HIRSCH CREEK,Canada,1985.2512616566653,7060018780,4,4,train
hysets_08FF002,2921,88.84,hysets,54.06405,-128.6026,HIRSCH CREEK NEAR THE MOUTH,Canada,351.6280445574459,7060018780,4,4,train
hysets_08FF003,2921,88.84,hysets,54.13639,-128.69,LITTLE WEDEENE RIVER BELOW BOWBYES CREEK,Canada,178.82311973664648,7060018780,4,4,train
hysets_08GA071,2921,88.84,hysets,50.11403,-123.4284,ELAHO RIVER NEAR THE MOUTH,Canada,1225.4716819295631,7060016270,3,3,train
hysets_08GA072,2921,88.84,hysets,50.07991,-123.0356,CHEAKAMUS RIVER ABOVE MILLAR CREEK,Canada,296.07104057314893,7060016270,3,3,train
hysets_08GA075,2921,88.84,hysets,49.72595,-123.1021,MAMQUAM RIVER ABOVE RING CREEK,Canada,282.707687239335,7060016270,3,3,train
hysets_08GB013,2921,88.84,hysets,49.78719,-123.4204,CLOWHOM RIVER NEAR CLOWHOM LAKE,Canada,146.66214318544738,7060016270,3,3,train
hysets_08GD004,2921,88.84,hysets,50.98636,-124.9186,HOMATHKO RIVER AT THE MOUTH,Canada,5655.262266162832,7060016850,3,3,train
hysets_08GD008,2920,88.81,hysets,51.67322,-124.4072,HOMATHKO RIVER AT INLET TO TATLAYOKO LAKE,Canada,484.45112268758976,7060016850,3,3,train
hysets_08GE002,2921,88.84,hysets,51.14478,-125.5944,KLINAKLINI RIVER EAST CHANNEL (MAIN) NEAR THE MOUTH,Canada,5757.706310237721,7060017140,1,1,val
hysets_08GF007,2921,88.84,hysets,51.10278,-126.475,WAKEMAN RIVER BELOW ATWAYKELLESSE RIVER,Canada,695.5828964636527,7060017150,4,4,train
hysets_08HA001,2921,88.84,hysets,48.87836,-123.7046,CHEMAINUS RIVER NEAR WESTHOLME,Canada,353.5818392043282,7060056770,1,1,val
hysets_08HA010,2921,88.84,hysets,48.57623,-124.3114,SAN JUAN RIVER NEAR PORT RENFREW,Canada,576.6017859267644,7060056770,1,1,val
hysets_08HB074,2921,88.84,hysets,49.57878,-125.214,CRUICKSHANK RIVER NEAR THE MOUTH,Canada,215.90513457729347,7060056770,1,1,val
hysets_08HF005,2921,88.84,hysets,50.21483,-126.6108,NIMPKISH RIVER ABOVE WOSS RIVER,Canada,780.4418204947413,7060056620,4,4,train
hysets_08JB002,2921,88.84,hysets,54.0078,-125.0089,STELLAKO RIVER AT GLENANNAN,Canada,4002.390601151222,7060016260,3,3,train
hysets_08JB003,2921,88.84,hysets,54.08507,-124.6009,NAUTLEY RIVER NEAR FORT FRASER,Canada,6523.912902601932,7060016260,3,3,train
hysets_08JE001,2921,88.84,hysets,54.41686,-124.2706,STUART RIVER NEAR FORT ST. JAMES,Canada,14148.220691534872,7060016260,3,3,train
hysets_08KA001,2921,88.84,hysets,53.30925,-120.249,DORE RIVER NEAR MCBRIDE,Canada,407.1196805759018,7060016260,3,3,train
hysets_08KA004,2921,88.84,hysets,54.07867,-121.8504,FRASER RIVER AT HANSARD,Canada,17881.251696608222,7060016260,3,3,train
hysets_08KA005,2921,88.84,hysets,53.30172,-120.1409,FRASER RIVER AT MCBRIDE,Canada,6858.36734469746,7060016260,3,3,train
hysets_08KA007,2921,88.84,hysets,52.98628,-119.0067,FRASER RIVER AT RED PASS,Canada,1702.7855935774885,7060016260,3,3,train
hysets_08KA009,2889,87.86,hysets,53.44406,-120.2201,MCKALE RIVER NEAR 940 M CONTOUR,Canada,252.33256800735185,7060016260,3,3,train
hysets_08KA013,2921,88.84,hysets,53.68167,-120.5914,MORKILL RIVER BELOW HELLROARING CREEK,Canada,1254.866547210526,7060016260,3,3,train
hysets_08KB001,2921,88.84,hysets,54.00367,-122.6247,FRASER RIVER AT SHELLEY,Canada,32299.425198444074,7060016260,3,3,train
hysets_08KB003,2921,88.84,hysets,54.23117,-121.6687,MCGREGOR RIVER AT LOWER CANYON,Canada,4757.433354878442,7060016260,3,3,train
hysets_08KC001,2921,88.84,hysets,54.09642,-122.6799,SALMON RIVER NEAR PRINCE GEORGE,Canada,4214.056064836092,7060016260,3,3,train
hysets_08KD007,2795,85.01,hysets,54.01694,-122.1029,BOWRON RIVER BELOW BOX CANYON,Canada,3318.67879798735,7060016260,3,3,train
hysets_08KE016,2921,88.84,hysets,52.97389,-122.5094,BAKER CREEK AT QUESNEL,Canada,1548.3052033964957,7060016260,3,3,train
hysets_08KE024,2875,87.44,hysets,52.9149,-121.7675,LITTLE SWIFT RIVER AT THE MOUTH,Canada,126.57436175046874,7060016260,3,3,train
hysets_08KG001,2788,84.79,hysets,53.30642,-122.8918,WEST ROAD RIVER NEAR CINEMA,Canada,12379.364026726424,7060016260,3,3,train
hysets_08KH001,2921,88.84,hysets,52.61583,-121.5723,QUESNEL RIVER AT LIKELY,Canada,5941.481211186001,7060016260,3,3,train
hysets_08KH006,2921,88.84,hysets,52.84306,-122.2253,QUESNEL RIVER NEAR QUESNEL,Canada,11500.796317564838,7060016260,3,3,train
hysets_08KH010,2889,87.86,hysets,52.29139,-121.0669,HORSEFLY RIVER ABOVE MCKINLEY CREEK,Canada,786.7479386853784,7060016260,3,3,train
hysets_08KH019,2769,84.22,hysets,52.31556,-121.4081,MOFFAT CREEK NEAR HORSEFLY,Canada,545.5495847671299,7060016260,3,3,train
hysets_08KH030,2921,88.84,hysets,52.79194,-120.7497,PENFOLD CREEK NEAR THE MOUTH,Canada,182.98230379279232,7060016260,3,3,train
hysets_08KH031,2894,88.02,hysets,52.44431,-121.4181,HORSEFLY RIVER ABOVE QUESNEL LAKE,Canada,2747.65646122505,7060016260,3,3,train
hysets_08LA001,2921,88.84,hysets,51.65572,-120.066,CLEARWATER RIVER NEAR CLEARWATER STATION,Canada,10285.924508080148,7060016260,3,3,train
hysets_08LA027,2921,88.84,hysets,51.58761,-120.9208,BRIDGE CREEK BELOW DEKA CREEK,Canada,363.6323813614072,7060016260,3,3,train
hysets_08LB020,2921,88.84,hysets,51.18802,-120.1265,BARRIERE RIVER AT THE MOUTH,Canada,1140.1474231656236,7060016260,3,3,train
hysets_08LB038,2921,88.84,hysets,52.11669,-119.3019,BLUE RIVER NEAR BLUE RIVER,Canada,271.1680160639381,7060016260,3,3,train
hysets_08LB047,2921,88.84,hysets,51.60186,-119.9144,NORTH THOMPSON RIVER AT BIRCH ISLAND,Canada,4469.819233505712,7060016260,3,3,train
hysets_08LB064,2921,88.84,hysets,51.04093,-120.2405,NORTH THOMPSON RIVER AT MCLURE,Canada,19536.88991246921,7060016260,3,3,train
hysets_08LB069,2921,88.84,hysets,51.24533,-119.9377,BARRIERE RIVER BELOW SPRAGUE CREEK,Canada,621.8077617388875,7060016260,3,3,train
hysets_08LB076,2921,88.84,hysets,51.35438,-119.8816,HARPER CREEK NEAR THE MOUTH,Canada,164.5035394116693,7060016260,3,3,train
hysets_08LD001,2921,88.84,hysets,50.93759,-119.6563,ADAMS RIVER NEAR SQUILAX,Canada,3193.297193691162,7060016260,3,3,train
hysets_08LE024,2921,88.84,hysets,50.93634,-118.8017,EAGLE RIVER NEAR MALAKWA,Canada,928.9398424084848,7060016260,3,3,train
hysets_08LE027,2921,88.84,hysets,51.26222,-118.9464,SEYMOUR RIVER NEAR SEYMOUR ARM,Canada,802.0579072725579,7060016260,3,3,train
hysets_08LE031,2921,88.84,hysets,50.76311,-119.7431,SOUTH THOMPSON RIVER AT CHASE,Canada,15762.980598914191,7060016260,3,3,train
hysets_08LF051,2921,88.84,hysets,50.35463,-121.3936,THOMPSON RIVER NEAR SPENCES BRIDGE,Canada,55214.73696685951,7060016260,3,3,train
hysets_08LG008,2921,88.84,hysets,50.13618,-121.03,SPIUS CREEK NEAR CANFORD,Canada,748.1266077392628,7060016260,3,3,train
hysets_08MA001,2921,88.84,hysets,52.06975,-123.5395,CHILKO RIVER NEAR REDSTONE,Canada,6850.773801605367,7060016260,3,3,train
hysets_08MA002,2919,88.78,hysets,51.62486,-124.1434,CHILKO RIVER AT OUTLET OF CHILKO LAKE,Canada,2126.074999067564,7060016260,3,3,train
hysets_08MA003,2921,88.84,hysets,51.379,-123.6312,TASEKO RIVER AT OUTLET OF TASEKO LAKES,Canada,1517.727354291584,7060016260,3,3,train
hysets_08MB006,2921,88.84,hysets,51.52369,-123.1159,BIG CREEK ABOVE GROUNDHOG CREEK,Canada,1007.1494843573448,7060016260,3,3,train
hysets_08ME025,2921,88.84,hysets,50.91261,-122.2393,YALAKOM RIVER ABOVE ORE CREEK,Canada,578.6239408296351,7060016260,3,3,train
hysets_08ME027,2921,88.84,hysets,50.73089,-122.942,HURLEY RIVER BELOW LONE GOAT CREEK,Canada,310.63295787536777,7060016260,3,3,train
hysets_08MF065,2921,88.84,hysets,49.95386,-121.8629,NAHATLATCH RIVER BELOW TACHEWANA CREEK,Canada,709.741260004444,7060016260,3,3,train
hysets_08MF068,2921,88.84,hysets,49.36846,-121.3845,COQUIHALLA RIVER ABOVE ALEXANDER CREEK,Canada,717.9269403475167,7060016260,3,3,train
hysets_08MG001,2921,88.84,hysets,49.30003,-121.9378,CHEHALIS RIVER NEAR HARRISON MILLS,Canada,381.8299929338864,7060016260,3,3,train
hysets_08MG005,2921,88.84,hysets,50.33602,-122.8002,LILLOOET RIVER NEAR PEMBERTON,Canada,2090.737678622399,7060016260,3,3,train
hysets_08MG013,2921,88.84,hysets,49.30042,-121.8296,HARRISON RIVER NEAR HARRISON HOT SPRINGS,Canada,7858.879266964706,7060016260,3,3,train
hysets_08MH001,2921,88.84,hysets,49.09738,-121.9675,CHILLIWACK RIVER AT VEDDER CROSSING,Canada,1228.07472771296,7060016260,3,3,train
hysets_08MH016,2921,88.84,hysets,49.08365,-121.4584,CHILLIWACK RIVER AT OUTLET OF CHILLIWACK LAKE,Canada,334.04795591628044,7060016260,3,3,train
hysets_08MH056,2921,88.84,hysets,49.07172,-121.6998,SLESSE CREEK NEAR VEDDER CROSSING,Canada,159.87142185797467,7060016260,3,3,train
hysets_08MH103,2921,88.84,hysets,49.10172,-121.663,CHILLIWACK RIVER ABOVE SLESSE CREEK,Canada,648.0876944859699,7060016260,3,3,train
hysets_08NA002,2921,88.84,hysets,51.24356,-116.9129,COLUMBIA RIVER AT NICHOLSON,Canada,6640.049759770775,7060014930,1,1,val
hysets_08NA006,2921,88.84,hysets,51.30118,-116.9721,KICKING HORSE RIVER AT GOLDEN,Canada,1839.166291657344,7060014930,1,1,val
hysets_08NB005,2921,88.84,hysets,51.4833,-117.1804,COLUMBIA RIVER AT DONALD,Canada,9660.908927238876,7060014930,1,1,val
hysets_08NB012,2921,88.84,hysets,51.4825,-116.9694,BLAEBERRY RIVER ABOVE WILLOWBANK CREEK,Canada,585.2685265892849,7060014930,1,1,val
hysets_08NB014,2921,88.84,hysets,51.67799,-117.7185,GOLD RIVER ABOVE PALMER CREEK,Canada,427.2634379524292,7060014930,1,1,val
hysets_08NC004,2921,88.84,hysets,52.73153,-119.3849,CANOE RIVER BELOW KIMMEL CREEK,Canada,303.6592949233081,7060014930,1,1,val
hysets_08ND012,2921,88.84,hysets,51.66878,-118.5962,GOLDSTREAM RIVER BELOW OLD CAMP CREEK,Canada,930.5468914476248,7060014930,1,1,val
hysets_08ND013,2921,88.84,hysets,51.01263,-118.0851,ILLECILLEWAET RIVER AT GREELEY,Canada,1145.28684065195,7060014930,1,1,val
hysets_08NE006,2921,88.84,hysets,50.28291,-117.7345,KUSKANAX CREEK NEAR NAKUSP,Canada,328.8287440152275,7060014930,1,1,val
hysets_08NE039,2921,88.84,hysets,49.01465,-117.9453,BIG SHEEP CREEK NEAR ROSSLAND,Canada,346.14777006249847,7060014930,1,1,val
hysets_08NE074,2921,88.84,hysets,49.04714,-117.2943,SALMO RIVER NEAR SALMO,Canada,1238.147310457034,7060014930,1,1,val
hysets_08NE110,2921,88.84,hysets,49.89695,-118.1898,INONOAKLIN CREEK ABOVE VALLEY CREEK,Canada,279.7569629916237,7060014930,1,1,val
hysets_08NG065,2921,88.84,hysets,49.61203,-115.6353,KOOTENAY RIVER AT FORT STEELE,Canada,11430.27647940745,7060014930,1,1,val
hysets_08NG077,2863,87.07,hysets,49.73727,-116.435,ST. MARY RIVER BELOW MORRIS CREEK,Canada,210.01934112261904,7060014930,1,1,val
hysets_08NH005,2921,88.84,hysets,49.90762,-116.9535,KASLO RIVER BELOW KEMP CREEK,Canada,440.0797220651859,7060014930,1,1,val
hysets_08NH007,2921,88.84,hysets,50.26287,-116.9683,LARDEAU RIVER AT MARBLEHEAD,Canada,1636.767518878927,7060014930,1,1,val
hysets_08NH119,2921,88.84,hysets,50.6375,-117.048,DUNCAN RIVER BELOW B.B. CREEK,Canada,1309.6103854925236,7060014930,1,1,val
hysets_08NJ013,2921,88.84,hysets,49.46008,-117.5648,SLOCAN RIVER NEAR CRESCENT VALLEY,Canada,3319.284130725628,7060014930,1,1,val
hysets_08NJ160,2921,88.84,hysets,49.69712,-117.446,LEMON CREEK ABOVE SOUTH LEMON CREEK,Canada,180.26365333825268,7060014930,1,1,val
hysets_08NK002,2921,88.84,hysets,49.50347,-115.0701,ELK RIVER AT FERNIE,Canada,3082.864426551652,7060014930,1,1,val
hysets_08NK016,2921,88.84,hysets,49.86562,-114.8687,ELK RIVER NEAR NATAL,Canada,1838.153613176864,7060014930,1,1,val
hysets_08NK018,2921,88.84,hysets,49.89396,-114.8667,FORDING RIVER AT THE MOUTH,Canada,618.5683367661394,7060014930,1,1,val
hysets_08NK022,2921,88.84,hysets,49.89149,-114.8334,LINE CREEK AT THE MOUTH,Canada,137.45629410113645,7060014930,1,1,val
hysets_08NL004,2921,88.84,hysets,49.20763,-119.9935,ASHNOLA RIVER NEAR KEREMEOS,Canada,1048.7606243662356,7060014930,1,1,val
hysets_08NL007,2921,88.84,hysets,49.4597,-120.5035,SIMILKAMEEN RIVER AT PRINCETON,Canada,1805.0336686384512,7060014930,1,1,val
hysets_08NL024,2921,88.84,hysets,49.45771,-120.5186,TULAMEEN RIVER AT PRINCETON,Canada,1772.0470474954918,7060014930,1,1,val
hysets_08NL038,2921,88.84,hysets,49.37697,-120.1523,SIMILKAMEEN RIVER NEAR HEDLEY,Canada,5560.217894503943,7060014930,1,1,val
hysets_08NL050,2921,88.84,hysets,49.36419,-120.0687,HEDLEY CREEK NEAR THE MOUTH,Canada,386.910552513529,7060014930,1,1,val
hysets_08NL069,2921,88.84,hysets,49.09893,-120.5794,PASAYTEN RIVER ABOVE CALCITE CREEK,Canada,564.0304760972264,7060014930,1,1,val
hysets_08NL076,2921,88.84,hysets,49.1325,-120.0378,EWART CREEK NEAR CATHEDRAL PARK,Canada,249.9704458398632,7060014930,1,1,val
hysets_08NN002,2921,88.84,hysets,49.04327,-118.4404,GRANBY RIVER AT GRAND FORKS,Canada,2049.8019220401,7060014930,1,1,val
hysets_08NN019,2901,88.23,hysets,49.56537,-119.052,TRAPPING CREEK NEAR THE MOUTH,Canada,144.46093508859542,7060014930,1,1,val
hysets_08NN023,2921,88.84,hysets,49.58914,-118.3118,BURRELL CREEK ABOVE GLOUCESTER CREEK,Canada,220.64448925621105,7060014930,1,1,val
hysets_09070000,2921,88.84,hysets,39.64942954,-106.9536554,"EAGLE RIVER BELOW GYPSUM, CO.",United States of America,2459.44718099746,7060008710,4,4,train
hysets_09081600,2921,88.84,hysets,39.23263889,-107.2275,"CRYSTAL RIVER ABV AVALANCHE CRK, NEAR REDSTONE, CO",United States of America,432.9794378053575,7060008710,4,4,train
hysets_09107000,2921,88.84,hysets,38.86027127,-106.5666966,"TAYLOR RIVER AT TAYLOR PARK, CO.",United States of America,330.9170469809632,7060008710,4,4,train
hysets_09112200,2921,88.84,hysets,38.7841599,-106.8708736,"EAST RIVER BELOW CEMENT CREEK NR CRESTED BUTTE, CO",United States of America,615.8329518824653,7060008710,4,4,train
hysets_09112500,2921,88.84,hysets,38.66443715,-106.848095,"EAST RIVER AT ALMONT, CO",United States of America,748.0084439087173,7060008710,4,4,train
hysets_09119000,2921,88.84,hysets,38.5211111,-106.9409583,"TOMICHI CREEK AT GUNNISON, CO",United States of America,2741.696389486526,7060008710,4,4,train
hysets_09124500,2921,88.84,hysets,38.2988834,-107.2300557,"LAKE FORK AT GATEVIEW, CO.",United States of America,878.1138752590832,7060008710,4,4,train
hysets_09146020,2921,88.84,hysets,38.04332665,-107.6831154,"UNCOMPAHGRE RIVER NEAR OURAY, CO",United States of America,198.64086672052667,7060008710,4,4,train
hysets_09146200,2921,88.84,hysets,38.1838791,-107.7458924,"UNCOMPAHGRE RIVER NEAR RIDGWAY, CO.",United States of America,385.7368871748303,7060008710,4,4,train
hysets_09165000,2921,88.84,hysets,37.63888428,-108.0603517,"DOLORES RIVER BELOW RICO, CO.",United States of America,273.04072203860267,7060008710,4,4,train
hysets_09166500,2921,88.84,hysets,37.47249296,-108.4975908,"DOLORES RIVER AT DOLORES, CO.",United States of America,1306.2097744124685,7060008710,4,4,train
hysets_09196500,2921,88.84,hysets,43.02705556,-109.7735278,"PINE CREEK ABOVE FREMONT LAKE, WY",United States of America,195.9441559744284,7060008710,4,4,train
hysets_09239500,2921,88.84,hysets,40.4829861,-106.8324306,"YAMPA RIVER AT STEAMBOAT SPRINGS, CO",United States of America,1458.2643653132473,7060008710,4,4,train
hysets_09242500,2921,88.84,hysets,40.5146975,-106.9539407,"ELK RIVER NEAR MILNER, CO.",United States of America,1160.708317064673,7060008710,4,4,train
hysets_09246200,2921,88.84,hysets,40.59163879,-107.3208933,"ELKHEAD CREEK ABOVE LONG GULCH, NEAR HAYDEN, CO",United States of America,443.5700226053519,7060008710,4,4,train
hysets_09253000,2921,88.84,hysets,40.99941048,-107.143388,"LITTLE SNAKE RIVER NEAR SLATER, CO",United States of America,648.2048492635661,7060008710,4,4,train
hysets_09255000,2921,88.84,hysets,40.9824657,-107.3828391,"SLATER FORK NEAR SLATER, CO",United States of America,391.2500090219023,7060008710,4,4,train
hysets_09260000,2921,88.84,hysets,40.54901667,-108.4243222,"LITTLE SNAKE RIVER NEAR LILY, CO",United States of America,10452.97686201731,7060008710,4,4,train
hysets_09266500,2921,88.84,hysets,40.57745816,-109.6220859,"ASHLEY CREEK NEAR VERNAL, UT",United States of America,262.48139320316017,7060008710,4,4,train
hysets_09292000,2921,88.84,hysets,40.5463369,-110.333771,"YELLOWSTONE R @ BRIDGE CMPGRND NR ALTONAH, UT",United States of America,274.3338219546175,7060008710,4,4,train
hysets_09292500,2921,88.84,hysets,40.51189299,-110.3415491,"YELLOWSTONE RIVER NEAR ALTONAH, UT",United States of America,324.85316260203234,7060008710,4,4,train
hysets_09299500,2921,88.84,hysets,40.5935653,-109.9323739,"WHITEROCKS RIVER NEAR WHITEROCKS, UT",United States of America,297.5630054817289,7060008710,4,4,train
hysets_09304200,2921,88.84,hysets,40.00497428,-107.8253486,"WHITE RIVER ABOVE COAL CREEK NEAR MEEKER, CO",United States of America,1665.603431310603,7060008710,4,4,train
hysets_09304500,2921,88.84,hysets,40.0335849,-107.8622946,"WHITE RIVER NEAR MEEKER, CO.",United States of America,1937.1050123010152,7060008710,4,4,train
hysets_09304800,2921,88.84,hysets,40.0225833,-108.1199444,"WHITE RIVER BELOW MEEKER, CO",United States of America,2652.5319928910244,7060008710,4,4,train
hysets_09306222,2921,88.84,hysets,40.0780264,-108.2364753,"PICEANCE CREEK AT WHITE RIVER, CO",United States of America,1686.5286091156847,7060008710,4,4,train
hysets_09306255,2921,88.84,hysets,40.1685813,-108.4012046,"YELLOW CREEK NEAR WHITE RIVER, CO.",United States of America,677.9061086522719,7060008710,4,4,train
hysets_09326500,2921,88.84,hysets,39.10413724,-111.2165589,"FERRON CREEK (UPPER STATION) NEAR FERRON, UT",United States of America,358.30315988316227,7060008710,4,4,train
hysets_09330500,2921,88.84,hysets,38.9832222,-111.25,"MUDDY CREEK NEAR EMERY, UT",United States of America,270.6613873361012,7060008710,4,4,train
hysets_09342500,2921,88.84,hysets,37.26552778,-107.011,"SAN JUAN RIVER AT PAGOSA SPRINGS, CO",United States of America,726.2774146207375,7060008710,4,4,train
hysets_09349800,2921,88.84,hysets,37.08833797,-107.397826,"PIEDRA RIVER NEAR ARBOLES, CO.",United States of America,1691.0988502933988,7060008710,4,4,train
hysets_09361500,2921,88.84,hysets,37.2791688,-107.8803445,"ANIMAS RIVER AT DURANGO, CO",United States of America,1815.8045008054296,7060008710,4,4,train
hysets_09371000,2921,88.84,hysets,37.02749425,-108.7414838,"MANCOS RIVER NEAR TOWAOC, CO.",United States of America,1360.8319103815893,7060008710,4,4,train
hysets_09371520,2921,88.84,hysets,37.3266601,-108.7006527,"MCELMO CREEK ABOVE TRAIL CANYON NEAR CORTEZ, CO",United States of America,606.7374937051104,7060008710,4,4,train
hysets_09372000,2919,88.78,hysets,37.32415968,-109.015666,MCELMO CREEK NEAR COLORADO-UTAH STATE LINE,United States of America,897.4018118845294,7060008710,4,4,train
hysets_09379200,2919,88.78,hysets,36.943891,-109.7106684,"CHINLE CREEK NEAR MEXICAN WATER, AZ",United States of America,9642.564044439989,7060008710,4,4,train
hysets_09381800,2921,88.84,hysets,37.10748428,-111.9060102,"PARIA RIVER NEAR KANAB, UTAH",United States of America,1681.0993413696551,7060008710,4,4,train
hysets_09382000,2921,88.84,hysets,36.87220977,-111.5946052,"PARIA RIVER AT LEES FERRY, AZ",United States of America,3675.587485542602,7060008710,4,4,train
hysets_09385700,2921,88.84,hysets,34.4505935,-109.3623199,"LITTLE COLORADO RIVER BELOW SALADO SPRINGS, AZ",United States of America,2265.315463524443,7060008710,4,4,train
hysets_09386900,2921,88.84,hysets,35.28255278,-108.552975,"RIO NUTRIA NEAR RAMAH, NM",United States of America,184.9377002439508,7060008710,4,4,train
hysets_09399400,2920,88.81,hysets,34.92141094,-110.7976357,"JACKS CANYON CREEK NEAR WINSLOW, AZ",United States of America,703.2444146681399,7060008710,4,4,train
hysets_09400350,2859,86.95,hysets,35.011688,-110.6512444,"LITTLE COLORADO RIVER NEAR WINSLOW, AZ",United States of America,41979.65000498359,7060008710,4,4,train
hysets_09401260,2919,88.78,hysets,36.10499334,-111.2018069,"MOENKOPI WASH AT MOENKOPI, AZ",United States of America,4149.46308725869,7060008710,4,4,train
hysets_09403600,2921,88.84,hysets,37.10054059,-112.5479827,"KANAB CREEK NEAR KANAB, UT",United States of America,502.1295264888853,7060008710,4,4,train
hysets_09404208,2921,88.84,hysets,35.76498839,-113.3682663,"DIAMOND CREEK NEAR PEACH SPRINGS, AZ",United States of America,778.9146523392833,7060008710,4,4,train
hysets_09404222,2919,88.78,hysets,35.7999,-113.65535,"SPENCER CREEK NEAR PEACH SPRINGS, AZ",United States of America,650.6428241396313,7060008710,4,4,train
hysets_09404343,2921,88.84,hysets,35.38416188,-113.6577185,"TRUXTON WASH NEAR VALENTINE, AZ",United States of America,908.6834174453968,7060008710,4,4,train
hysets_09404450,2921,88.84,hysets,37.3394272,-112.6043769,"EAST FORK VIRGIN RIVER NEAR GLENDALE, UT",United States of America,192.72067214088744,7060008710,4,4,train
hysets_09405500,2921,88.84,hysets,37.2097046,-112.9785512,"NORTH FORK VIRGIN RIVER NEAR SPRINGDALE, UT",United States of America,896.1151806037873,7060008710,4,4,train
hysets_09406000,2921,88.84,hysets,37.2041494,-113.1807789,"VIRGIN RIVER AT VIRGIN, UT",United States of America,2453.7013298094025,7060008710,4,4,train
hysets_09406100,2921,88.84,hysets,37.1969272,-113.285226,"VIRGIN RIVER AB LA VERKIN CREEK NR LA VERKIN, UT",United States of America,2539.894663423556,7060008710,4,4,train
hysets_09408135,2921,88.84,hysets,37.19248238,-113.3532832,"VIRGIN RIVER AB QUAIL CREEK NEAR HURRICANE, UT",United States of America,3637.784016068104,7060008710,4,4,train
hysets_09424447,2921,88.84,hysets,34.5416838,-113.4452053,"BURRO CREEK AT OLD US 93 BRIDGE, NEAR BAGDAD, AZ",United States of America,1580.276540481308,7060008710,4,4,train
hysets_09424900,2915,88.66,hysets,34.305854,-113.3471441,"SANTA MARIA RIVER NEAR BAGDAD, AZ",United States of America,2927.0730471743614,7060008710,4,4,train
hysets_09430600,2921,88.84,hysets,33.16666667,-108.6497222,"MOGOLLON CREEK NEAR CLIFF, NM",United States of America,190.62977409732773,7060008710,4,4,train
hysets_09432000,2921,88.84,hysets,32.648132,-108.8458906,"GILA RIVER BELOW BLUE CREEK, NEAR VIRDEN, NM",United States of America,8286.400800753145,7060008710,4,4,train
hysets_09442000,2921,88.84,hysets,32.96527778,-109.3086111,"GILA RIVER NEAR CLIFTON, AZ",United States of America,10375.93663331976,7060008710,4,4,train
hysets_09444000,2921,88.84,hysets,33.24716667,-108.88,"SAN FRANCISCO RIVER NEAR GLENWOOD, NM",United States of America,4283.500294687145,7060008710,4,4,train
hysets_09444200,2921,88.84,hysets,33.29089456,-109.1961832,"BLUE RIVER NEAR CLIFTON, AZ.",United States of America,1308.525255521446,7060008710,4,4,train
hysets_09444500,2921,88.84,hysets,33.04950776,-109.2959047,"SAN FRANCISCO RIVER AT CLIFTON, AZ.",United States of America,7164.949669519358,7060008710,4,4,train
hysets_09447000,2921,88.84,hysets,33.0645062,-109.4422978,"EAGLE CREEK ABOVE PUMPING PLANT, NEAR MORENCI, AZ.",United States of America,1609.848569097736,7060008710,4,4,train
hysets_09447800,2921,88.84,hysets,32.95561778,-109.5311876,"BONITA CREEK NEAR MORENCI, AZ.",United States of America,782.3464835286318,7060008710,4,4,train
hysets_09466500,2921,88.84,hysets,33.18561278,-110.2200903,"GILA RIVER AT CALVA, AZ.",United States of America,29907.048373845973,7060008710,4,4,train
hysets_09468500,2921,88.84,hysets,33.29644678,-110.4514876,"SAN CARLOS RIVER NEAR PERIDOT, AZ.",United States of America,2719.8534667700087,7060008710,4,4,train
hysets_09470500,2920,88.81,hysets,31.38010095,-110.1111882,"SAN PEDRO RIVER AT PALOMINAS, AZ.",United States of America,1801.2283547879074,7060008710,4,4,train
hysets_09471000,2921,88.84,hysets,31.62592644,-110.1745226,"SAN PEDRO RIVER AT CHARLESTON, AZ.",United States of America,3035.801492169036,7060008710,4,4,train
hysets_09471400,2921,88.84,hysets,31.70027778,-110.2263889,"BABOCOMARI RIVER NEAR TOMBSTONE, AZ.",United States of America,686.3392792689593,7060008710,4,4,train
hysets_09471550,2921,88.84,hysets,31.7509224,-110.2011882,"SAN PEDRO RIVER NEAR TOMBSTONE, AZ",United States of America,4361.588205819609,7060008710,4,4,train
hysets_09472050,2921,88.84,hysets,32.44618273,-110.4884183,"SAN PEDRO R AT REDINGTON BRIDGE NR REDINGTON, AZ",United States of America,7904.394848969599,7060008710,4,4,train
hysets_09473000,2921,88.84,hysets,32.84423324,-110.6301,"ARAVAIPA CREEK NEAR MAMMOTH, AZ.",United States of America,1453.4889629880563,7060008710,4,4,train
hysets_09481740,2921,88.84,hysets,31.61286778,-111.0414792,"SANTA CRUZ RIVER AT TUBAC, AZ.",United States of America,2739.428656736607,7060008710,4,4,train
hysets_09482000,2921,88.84,hysets,31.8714728,-110.9800905,"SANTA CRUZ RIVER AT CONTINENTAL, AZ",United States of America,3929.490949556,7060008710,4,4,train
hysets_09484500,2920,88.81,hysets,32.26535338,-110.841199,"TANQUE VERDE CREEK AT TUCSON, AZ.",United States of America,569.0921238430253,7060008710,4,4,train
hysets_09484600,2921,88.84,hysets,32.0359141,-110.6775818,"PANTANO WASH NEAR VAIL, AZ.",United States of America,1180.9216680616878,7060008710,4,4,train
hysets_09485450,2921,88.84,hysets,32.2206319,-110.829531,"PANTANO WASH AT BROADWAY BLVD. AT TUCSON, AZ.",United States of America,1535.1371051709273,7060008710,4,4,train
hysets_09485700,2921,88.84,hysets,32.2714643,-110.9145354,"RILLITO CREEK AT DODGE BOULEVARD, AT TUCSON, AZ.",United States of America,2240.1352408588896,7060008710,4,4,train
hysets_09486055,2921,88.84,hysets,32.30340807,-111.0120406,"RILLITO CREEK AT LA CHOLLA BLVD NEAR TUCSON, AZ.",United States of America,2356.98577124177,7060008710,4,4,train
hysets_09486350,2921,88.84,hysets,32.33618529,-111.0420429,"CANADA DEL ORO BLW INA ROAD, NEAR TUCSON, AZ.",United States of America,675.5783647036146,7060008710,4,4,train
hysets_09486500,2921,88.84,hysets,32.3511849,-111.0945447,"SANTA CRUZ RIVER AT CORTARO, AZ",United States of America,8603.466115662068,7060008710,4,4,train
hysets_09486520,2921,88.84,hysets,32.47145874,-111.3076074,"SANTA CRUZ RIVER AT TRICO ROAD, NR MARANA, AZ.",United States of America,8792.642013012166,7060008710,4,4,train
hysets_09486800,2921,88.84,hysets,31.83897238,-111.4042694,"ALTAR WASH NEAR THREE POINTS, AZ.",United States of America,1204.1820836220109,7060008710,4,4,train
hysets_09487000,2921,88.84,hysets,32.07563364,-111.3387156,"BRAWLEY WASH NEAR THREE POINTS, AZ.",United States of America,2029.485148838432,7060008710,4,4,train
hysets_09489500,2920,88.81,hysets,33.47672039,-109.7639775,"BLACK RVR BLW PUMPING PLANT, NR POINT OF PINES, AZ",United States of America,1440.3466270411827,7060008710,4,4,train
hysets_09490500,2921,88.84,hysets,33.71282949,-110.2117674,"BLACK RIVER NEAR FORT APACHE, AZ.",United States of America,3167.887187959596,7060008710,4,4,train
hysets_09494000,2921,88.84,hysets,33.73644059,-110.166767,"WHITE RIVER NEAR FORT APACHE, AZ.",United States of America,1629.391169611329,7060008710,4,4,train
hysets_09496500,2921,88.84,hysets,33.9858809,-110.2809417,"CARRIZO CREEK NEAR SHOW LOW, AZ.",United States of America,1143.2829649266089,7060008710,4,4,train
hysets_09497500,2921,88.84,hysets,33.79810588,-110.4998292,"SALT RIVER NEAR CHRYSOTILE, AZ",United States of America,7333.803153572653,7060008710,4,4,train
hysets_09497800,2920,88.81,hysets,33.8431053,-110.5576092,"CIBECUE CREEK NEAR CHRYSOTILE, AZ",United States of America,750.56263592137,7060008710,4,4,train
hysets_09497980,2921,88.84,hysets,33.8278262,-110.8562266,"CHERRY CREEK NEAR GLOBE, AZ",United States of America,516.8648979704286,7060008710,4,4,train
hysets_09498400,2921,88.84,hysets,33.5731068,-110.9012251,"PINAL CREEK AT INSPIRATION DAM, NR GLOBE, AZ.",United States of America,442.198119448266,7060008710,4,4,train
hysets_09499000,2921,88.84,hysets,33.9800413,-111.3034659,"TONTO CREEK ABOVE GUN CREEK, NEAR ROOSEVELT, AZ",United States of America,1742.44177777231,7060008710,4,4,train
hysets_09502800,2919,88.78,hysets,34.8666865,-112.6132308,"WILLIAMSON VALLEY WASH NEAR PAULDEN, AZ",United States of America,660.4791519966634,7060008710,4,4,train
hysets_09503700,2921,88.84,hysets,34.89502016,-112.3429468,"VERDE RIVER NEAR PAULDEN, AZ",United States of America,5607.635613463258,7060008710,4,4,train
hysets_09504000,2921,88.84,hysets,34.8522416,-112.065994,"VERDE RIVER NEAR CLARKDALE, AZ",United States of America,8197.398864044242,7060008710,4,4,train
hysets_09504500,2921,88.84,hysets,34.76446436,-111.8909885,"OAK CREEK NEAR CORNVILLE, AZ",United States of America,918.9330250095684,7060008710,4,4,train
hysets_09505350,2921,88.84,hysets,34.72863146,-111.775708,"DRY BEAVER CREEK NEAR RIMROCK, AZ",United States of America,365.829876214965,7060008710,4,4,train
hysets_09505800,2921,88.84,hysets,34.53863606,-111.6940356,"WEST CLEAR CREEK NEAR CAMP VERDE, AZ",United States of America,624.1297303266809,7060008710,4,4,train
hysets_09506000,2921,88.84,hysets,34.4483605,-111.7898705,"VERDE RIVER NEAR CAMP VERDE, AZ",United States of America,12097.57293551595,7060008710,4,4,train
hysets_09507980,2920,88.81,hysets,34.27642068,-111.6387561,"EAST VERDE RIVER NEAR CHILDS, AZ",United States of America,844.3131617513546,7060008710,4,4,train
hysets_09508500,2921,88.84,hysets,34.0730922,-111.7162569,"VERDE RVR BLW TANGLE CREEK, ABV HORSESHOE DAM, AZ",United States of America,14294.750161808972,7060008710,4,4,train
hysets_09510200,2921,88.84,hysets,33.69421054,-111.541802,"SYCAMORE CREEK NEAR FORT MCDOWELL, AZ",United States of America,425.3588400843092,7060008710,4,4,train
hysets_09512450,2920,88.81,hysets,34.48527778,-112.2375,"AGUA FRIA RIVER NEAR HUMBOLDT, AZ",United States of America,428.4331002772833,7060008710,4,4,train
hysets_09512500,2920,88.81,hysets,34.3153073,-112.0640455,"AGUA FRIA RIVER NEAR MAYER, AZ",United States of America,1491.0340938745933,7060008710,4,4,train
hysets_09512800,2921,88.84,hysets,34.01558948,-112.1679378,"AGUA FRIA RIVER NEAR ROCK SPRINGS, AZ",United States of America,2852.0525051606724,7060008710,4,4,train
hysets_09513780,2921,88.84,hysets,33.97420168,-112.0990458,"NEW RIVER NEAR ROCK SPRINGS, AZ.",United States of America,177.3818140692213,7060008710,4,4,train
hysets_09513860,2921,88.84,hysets,33.72920456,-112.1198755,"SKUNK CREEK NEAR PHOENIX, AZ",United States of America,169.91622176146228,7060008710,4,4,train
hysets_09516500,2921,88.84,hysets,33.88503188,-112.6621198,"HASSAYAMPA RIVER NEAR MORRISTOWN, AZ.",United States of America,2231.711780274444,7060008710,4,4,train
hysets_09517000,2921,88.84,hysets,33.34726408,-112.7257259,"HASSAYAMPA RIVER NEAR ARLINGTON, AZ",United States of America,3801.618323121209,7060008710,4,4,train
hysets_09520280,2921,88.84,hysets,32.8822686,-113.541306,"GILA RIVER NEAR DATELAND, AZ",United States of America,134869.0816604552,7060008710,4,4,train
hysets_09537500,2921,88.84,hysets,31.35232457,-109.5850677,"WHITEWATER DRAW NEAR DOUGLAS, AZ.",United States of America,2913.983619673004,7060007830,4,4,train
hysets_10011500,2921,88.84,hysets,40.9652254,-110.8535079,BEAR RIVER NEAR UTAH-WYOMING STATE LINE,United States of America,453.96123181506215,7060073620,3,3,train
hysets_10023000,2921,88.84,hysets,41.60994177,-111.2540876,"BIG CREEK NEAR RANDOLPH, UT",United States of America,130.64376055871034,7060073620,3,3,train
hysets_10105900,2921,88.84,hysets,41.5754898,-111.8552203,"LITTLE BEAR RIVER AT PARADISE, UT",United States of America,528.7464795808453,7060073620,3,3,train
hysets_10109000,2921,88.84,hysets,41.74326439,-111.78272,"LOGAN RIVER ABOVE STATE DAM, NEAR LOGAN, UT",United States of America,554.0688078774782,7060073620,3,3,train
hysets_10109001,2921,88.84,hysets,41.74437546,-111.7843867,COM F LOGAN R AB ST D AND CACHE HL CAN NR LOGAN UT,United States of America,554.7647902171128,7060073620,3,3,train
hysets_10113500,2921,88.84,hysets,41.6235452,-111.7388286,"BLACKSMITH FORK AB UP and L CO.'S DAM NR HYRUM, UT",United States of America,680.8285477100458,7060073620,3,3,train
hysets_10128500,2921,88.84,hysets,40.7371721,-111.2479652,"WEBER RIVER NEAR OAKLEY, UT",United States of America,419.7585335633253,7060073620,3,3,train
hysets_10131000,2921,88.84,hysets,40.92050285,-111.4015858,"CHALK CREEK AT COALVILLE, UT",United States of America,659.9681600191639,7060073620,3,3,train
hysets_10137000,2803,85.25,hysets,41.2277223,-111.988275,"WEBER RIVER AT OGDEN, UTAH",United States of America,4351.035571205166,7060073620,3,3,train
hysets_10174500,2921,88.84,hysets,37.65109086,-112.4302069,"SEVIER RIVER AT HATCH, UT",United States of America,872.5024113181448,7060073650,2,2,train
hysets_10194200,2921,88.84,hysets,38.5794169,-112.2885399,"CLEAR CREEK ABOVE DIVERSIONS, NEAR SEVIER, UT",United States of America,425.399371755817,7060073650,2,2,train
hysets_10205030,2921,88.84,hysets,38.9119141,-111.5304654,"SALINA CREEK NEAR EMERY, UT",United States of America,134.15245369084283,7060073650,2,2,train
hysets_10242000,2921,88.84,hysets,37.67219924,-113.0346702,"COAL CREEK NEAR CEDAR CITY, UT",United States of America,208.61316376215325,7060073650,2,2,train
hysets_10258500,2921,88.84,hysets,33.74502178,-116.5355709,PALM CYN C NR PALM SPRINGS CA,United States of America,241.4646497501116,7060008710,4,4,train
hysets_10259100,2921,88.84,hysets,33.749466,-116.4227903,WHITEWATER R A RANCHO MIRAGE CA,United States of America,1465.598151534685,7060008710,4,4,train
hysets_10260500,2921,88.84,hysets,34.34305858,-117.2264316,DEEP C NR HESPERIA CA,United States of America,348.88825180844225,7060073800,4,4,train
hysets_10270885,2769,84.22,hysets,37.2740981,-118.5723357,BISHOP C BL INTAKE NO 3 DIV DAM NR BISHOP CA,United States of America,167.18178035762355,7060073840,1,1,val
hysets_10270940,2768,84.18,hysets,37.3022222,-118.531111,BISHOP C BL INTAKE NO 4 DIV DAM NR BISHOP CA,United States of America,189.09646065175232,7060073840,1,1,val
hysets_10296500,2921,88.84,hysets,38.51324495,-119.4498872,"W WALKER RV NR COLEVILLE, CA",United States of America,631.0948324814896,7060073830,2,2,train
hysets_10321590,2921,88.84,hysets,40.72602928,-116.0778547,"SUSIE CK AT CARLIN, NV",United States of America,476.5348866021787,7060073630,4,4,train
hysets_10321940,2921,88.84,hysets,40.8249142,-116.2234155,"MAGGIE CK ABV MAGGIE CK CYN NR CARLIN, NV",United States of America,875.9130240946674,7060073630,4,4,train
hysets_10321950,2921,88.84,hysets,40.80324824,-116.2000813,"MAGGIE CK AT MAGGIE CR CYN NR CARLIN, NV",United States of America,880.7988782321227,7060073630,4,4,train
hysets_10322150,2921,88.84,hysets,40.710473,-116.1259112,"MARYS CK AT CARLIN, NV",United States of America,116.3706264312277,7060073630,4,4,train
hysets_10329500,2921,88.84,hysets,41.5346175,-117.4179047,"MARTIN CK NR PARADISE VALLEY, NV",United States of America,453.52849425981714,7060073630,4,4,train
hysets_10396000,2921,88.84,hysets,42.7908333,-118.8675,DONNER UND BLITZEN RIVER NR FRENCHGLEN OR,United States of America,531.4251213274895,7060073780,3,3,train
hysets_11028500,2921,88.84,hysets,33.0522655,-116.9455844,SANTA MARIA C NR RAMONA CA,United States of America,146.49764200630182,7060012280,2,2,train
hysets_11042400,2921,88.84,hysets,33.45919759,-116.9236357,TEMECULA C NR AGUANGA CA,United States of America,341.68205547655714,7060012280,2,2,train
hysets_11044300,2921,88.84,hysets,33.41364059,-117.2411462,SANTA MARGARITA R A FPUD SUMP NR FALLBROOK CA,United States of America,1603.891830457882,7060012280,2,2,train
hysets_11046000,2921,88.84,hysets,33.3111436,-117.3472604,SANTA MARGARITA R A YSIDORA CA,United States of America,1912.672263582812,7060012280,2,2,train
hysets_11046300,2921,88.84,hysets,33.47085987,-117.4730986,SAN MATEO C NR SAN CLEMENTE CA,United States of America,209.8614337036748,7060012280,2,2,train
hysets_11046530,2921,88.84,hysets,33.5025264,-117.6481058,SAN JUAN C AT LA NOVIA ST BR AT SAN JUAN CAPIS CA,United States of America,283.5847998029872,7060012280,2,2,train
hysets_11047300,2921,88.84,hysets,33.49835999,-117.6658843,ARROYO TRABUCO A SAN JUAN CAPISTRANO CA,United States of America,139.61160642253776,7060012280,2,2,train
hysets_11057500,2921,88.84,hysets,34.0614024,-117.2675419,SAN TIMOTEO C NR LOMA LINDA CA,United States of America,329.0681944949111,7060012590,2,2,train
hysets_11070270,2661,80.93,hysets,33.80113024,-117.2061469,PERRIS VALLEY STORM DR A NUEVO RD NR PERRIS CA,United States of America,213.30058535940063,7060012590,2,2,train
hysets_11097000,2921,88.84,hysets,34.25361395,-118.38897,BIG TUJUNGA C BL HANSEN DAM CA,United States of America,395.6347903398696,7060012600,1,1,val
hysets_11113000,2920,88.81,hysets,34.4416618,-118.9273212,SESPE C NR FILLMORE,United States of America,649.6609863029581,7060012600,1,1,val
hysets_11123500,2921,88.84,hysets,34.54360358,-119.8648627,SANTA YNEZ R BL LOS LAURLS CYN NR SNTA YNEZ CA,United States of America,718.143903325044,7060012600,1,1,val
hysets_11124500,2921,88.84,hysets,34.5966563,-119.9087519,SANTA CRUZ C NR SANTA YNEZ CA,United States of America,191.5009624555877,7060012600,1,1,val
hysets_11132500,2921,88.84,hysets,34.5885957,-120.4084938,SALSIPUEDES C NR LOMPOC CA,United States of America,121.70268238681705,7060012600,1,1,val
hysets_11133000,2921,88.84,hysets,34.63609474,-120.424606,SANTA YNEZ R A NARROWS NR LOMPOC CA,United States of America,2043.8934514097969,7060012600,1,1,val
hysets_11136100,2806,85.34,hysets,34.78220307,-120.530167,SAN ANTONIO C NR CASMALIA CA,United States of America,351.9144894279101,7060012600,1,1,val
hysets_11136800,2921,88.84,hysets,35.0219213,-120.2284868,CUYAMA R BL BUCKHORN CYN NR SANTA MARIA CA,United States of America,2278.04941203401,7060012950,1,1,val
hysets_11137900,2921,88.84,hysets,35.07775398,-120.3718267,HUASNA R NR ARROYO GRANDE CA,United States of America,268.0902224594596,7060012950,1,1,val
hysets_11140000,2921,88.84,hysets,34.89386807,-120.3065463,SISQUOC R NR GAREY,United States of America,1220.653512843106,7060012950,1,1,val
hysets_11140585,2921,88.84,hysets,34.96831117,-120.404051,SANTA MARIA R A SUEY CROSSING NR SANTA MARIA CA,United States of America,4264.227203389346,7060012950,1,1,val
hysets_11143250,2921,88.84,hysets,36.5391278,-121.8805084,CARMEL R NR CARMEL CA,United States of America,637.128712389534,7060012960,2,2,train
hysets_11147500,2921,88.84,hysets,35.6285813,-120.6843373,SALINAS R A PASO ROBLES CA,United States of America,1007.4731401080712,7060013170,4,4,train
hysets_11149900,2921,88.84,hysets,35.89663404,-121.0882491,SAN ANTONIO R NR LOCKWOOD CA,United States of America,556.7520942609758,7060013170,4,4,train
hysets_11151300,2921,88.84,hysets,36.26802087,-121.066303,SAN LORENZO C BL BITTERWATER C NR KING CITY CA,United States of America,603.2717466545155,7060013170,4,4,train
hysets_11151700,2921,88.84,hysets,36.411076,-121.3193738,SALINAS R A SOLEDAD CA,United States of America,10323.393324502567,7060013170,4,4,train
hysets_11152000,2921,88.84,hysets,36.28052076,-121.3227063,ARROYO SECO NR SOLEDAD CA,United States of America,625.2659541419143,7060013170,4,4,train
hysets_11152050,2921,88.84,hysets,36.39968708,-121.3240962,ARROYO SECO BL RELIZ C NR SOLEDAD CA,United States of America,771.3458308844533,7060013170,4,4,train
hysets_11153000,2921,88.84,hysets,36.98,-121.3802778,PACHECO C NR DUNNEVILLE CA,United States of America,374.2007161739025,7060013180,4,4,train
hysets_11156500,2921,88.84,hysets,36.60940609,-121.2029797,SAN BENITO R NR WILLOW CREEK SCHOOL CA,United States of America,643.5484515061394,7060013180,4,4,train
hysets_11157500,2921,88.84,hysets,36.76579177,-121.2996532,TRES PINOS C NR TRES PINOS CA,United States of America,540.2931089272058,7060013180,4,4,train
hysets_11158600,2921,88.84,hysets,36.85189909,-121.4299368,SAN BENITO R A HWY 156 NR HOLLISTER CA,United States of America,1568.022671306579,7060013180,4,4,train
hysets_11159000,2921,88.84,hysets,36.9002307,-121.5977215,PAJARO R A CHITTENDEN CA,United States of America,3071.345911372556,7060013180,4,4,train
hysets_11160000,2921,88.84,hysets,36.9913389,-121.9557933,SOQUEL C A SOQUEL CA,United States of America,104.06857833734752,7060013180,4,4,train
hysets_11161000,2921,88.84,hysets,36.9907832,-122.0319076,SAN LORENZO R A SANTA CRUZ CA,United States of America,298.1211827869303,7060013180,4,4,train
hysets_11162570,2921,88.84,hysets,37.3257762,-122.3866404,SAN GREGORIO C A SAN GREGORIO CA,United States of America,132.09267716326767,7060013180,4,4,train
hysets_11176400,2921,88.84,hysets,37.56132196,-121.6838389,ARROYO VALLE BL LANG CYN NR LIVERMORE CA,United States of America,338.65697713064856,7060013180,4,4,train
hysets_11186001,2921,88.84,hysets,35.94522615,-118.4775862,COMBINED FLOW OF KERN R AND KERN R NO 3 CA,United States of America,2190.338642969252,7060013550,3,3,train
hysets_11189500,2921,88.84,hysets,35.7374516,-118.173689,SF KERN R NR ONYX CA,United States of America,1371.2443134367848,7060013550,3,3,train
hysets_11214600,2921,88.84,hysets,37.07633329,-118.9687234,HELMS C BL COURTRIGHT DAM CA,United States of America,102.22125919119648,7060013550,3,3,train
hysets_11216200,2921,88.84,hysets,36.90272435,-119.0509463,NF KINGS R BL BALCH DIV DAM CA,United States of America,617.9543224299654,7060013550,3,3,train
hysets_11216500,2921,88.84,hysets,36.90328046,-119.1215046,NF KINGS R AB DINKEY C A BALCH CAMP CA,United States of America,648.6734617529669,7060013550,3,3,train
hysets_11218400,2921,88.84,hysets,36.87966948,-119.1287268,NF KINGS R BL DINKEY C NR BALCH CAMP CA,United States of America,1000.2279462575382,7060013550,3,3,train
hysets_11230500,2921,88.84,hysets,37.3393863,-118.9734513,BEAR C NR LAKE THOMAS A EDISON CA,United States of America,135.75678590137824,7060013550,3,3,train
hysets_11231600,2921,88.84,hysets,37.35994237,-118.9984518,MONO C BL DIV DAM NR MONO HOT SPRINGS CA,United States of America,236.5826760589988,7060013550,3,3,train
hysets_11234750,2845,86.53,hysets,37.32216656,-119.3248501,MAMMOTH POOL FISHWATER TURBINE NR BIG CREEK CA,United States of America,2598.084696374342,7060013550,3,3,train
hysets_11246700,2921,88.84,hysets,37.1321706,-119.5315256,SAN JOAQUIN R NR AUBERRY CA,United States of America,3783.82346701094,7060013550,3,3,train
hysets_11253310,2921,88.84,hysets,36.40217399,-120.4334917,CANTUA C NR CANTUA CREEK CA,United States of America,120.11295582663044,7060013550,3,3,train
hysets_11264500,2921,88.84,hysets,37.73131496,-119.5590514,MERCED R A HAPPY ISLES BRIDGE NR YOSEMITE CA,United States of America,469.4618115316424,7060013550,3,3,train
hysets_11266500,2921,88.84,hysets,37.71687138,-119.6662788,MERCED R A POHONO BRIDGE NR YOSEMITE CA,United States of America,834.0339189573775,7060013550,3,3,train
hysets_11270900,2921,88.84,hysets,37.5216029,-120.3324114,MERCED R BL MERCED FALLS DAM NR SNELL CA,United States of America,2746.857603792837,7060013550,3,3,train
hysets_11274500,2921,88.84,hysets,37.31549247,-121.1252081,ORESTIMBA C NR NEWMAN CA,United States of America,350.1419238305072,7060013550,3,3,train
hysets_11274790,2786,84.73,hysets,37.9165884,-119.6598938,TUOLUMNE R A GRAND CYN OF TUOLUMNE AB HETCH HETCHY,United States of America,774.7831771588227,7060013550,3,3,train
hysets_11276600,2921,88.84,hysets,37.87936848,-119.947126,TUOLUMNE R AB EARLY INTAKE NR MATHER CA,United States of America,1248.0160189248918,7060013550,3,3,train
hysets_11276900,2921,88.84,hysets,37.8815908,-119.9701824,TUOLUMNE R BL EARLY INTAKE NR MATHER CA,United States of America,1254.0038731200714,7060013550,3,3,train
hysets_11277300,2921,88.84,hysets,37.96769944,-119.9174029,CHERRY C BL VALLEY DAM NR HETCH HETCHY CA,United States of America,305.01730316850626,7060013550,3,3,train
hysets_11278400,2921,88.84,hysets,37.8902017,-119.9699046,"CHERRY C BL DION R HOLM PH, NR MATHER CA",United States of America,610.1271309669746,7060013550,3,3,train
hysets_11289650,2921,88.84,hysets,37.666321,-120.4421394,TUOLUMNE R BL LAGRANGE DAM NR LAGRANGE CA,United States of America,3981.4897852553527,7060013550,3,3,train
hysets_11289651,2921,88.84,hysets,37.666321,-120.4421394,COMBINED FLOW TUOLUMNE R + MODESTO CN + TURLOCK CA,United States of America,3981.4897852553527,7060013550,3,3,train
hysets_11292900,2921,88.84,hysets,38.19325109,-120.0990762,MF STANISLAUS R BL BEARDSLEY DAM CA,United States of America,812.7660283581823,7060013550,3,3,train
hysets_11295270,2921,88.84,hysets,38.2326959,-120.293528,NF STANISLAUS R BL MCKAYS POINT DAM NR AVERY CA,United States of America,429.6265783676183,7060013550,3,3,train
hysets_11295300,2921,88.84,hysets,38.2071409,-120.3171396,NF STANISLAUS R BL BEAVER C NR HATHAWAY PINES CA,United States of America,519.4696167321864,7060013550,3,3,train
hysets_11302000,2921,88.84,hysets,37.85159385,-120.6379816,STANISLAUS R BL GOODWIN DAM NR KNIGHTS FERRY CA,United States of America,2537.63895217628,7060013550,3,3,train
hysets_11314500,2921,88.84,hysets,38.4935232,-120.2210266,NF MOKELUMNE R BL SALT SPRINGS DAM CA,United States of America,440.7855067113497,7060013550,3,3,train
hysets_11316700,2673,81.3,hysets,38.4207444,-120.5499267,NF MOKELUMNE R BL ELECTR DIV DAM NR WEST PT CA,United States of America,944.535587082211,7060013550,3,3,train
hysets_11317000,2921,88.84,hysets,38.3896344,-120.5265927,MF MOKELUMNE R A WEST POINT CA,United States of America,177.58127738453814,7060013550,3,3,train
hysets_11318500,2921,88.84,hysets,38.36824625,-120.5454823,SF MOKELUMNE R NR WEST POINT CA,United States of America,194.0081451438145,7060013550,3,3,train
hysets_11335000,2921,88.84,hysets,38.50018619,-121.0452212,COSUMNES R A MICHIGAN BAR CA,United States of America,1384.7230817483871,7060013550,3,3,train
hysets_11342000,2921,88.84,hysets,40.93959397,-122.4172351,SACRAMENTO R A DELTA CA,United States of America,1097.7384044314024,7060013550,3,3,train
hysets_11367500,2921,88.84,hysets,41.18821296,-122.065557,MCCLOUD R NR MCCLOUD CA,United States of America,941.5790252453904,7060013550,3,3,train
hysets_11367760,2707,82.33,hysets,41.12515666,-122.0686126,MCCLOUD R BL MCCLOUD DAM NR MCCLOUD CA,United States of America,1049.4878100386936,7060013550,3,3,train
hysets_11367800,2882,87.65,hysets,41.1107115,-122.0961134,MCCLOUD R A AH-DI-NA NR MCCLOUD CA,United States of America,1110.4921397171065,7060013550,3,3,train
hysets_11374000,2921,88.84,hysets,40.50487467,-122.2330577,COW C NR MILLVILLE CA,United States of America,1094.062312589005,7060013550,3,3,train
hysets_11376000,2921,88.84,hysets,40.38709797,-122.2386119,COTTONWOOD C NR COTTONWOOD CA,United States of America,2385.39715375179,7060013550,3,3,train
hysets_11376460,2635,80.14,hysets,40.4026562,-121.968326,SF BATTLE C BL DIV TO COLEMAN CN NR MANTON CA,United States of America,308.4059978091741,7060013550,3,3,train
hysets_11376550,2921,88.84,hysets,40.39820996,-122.1463869,BATTLE C BL COLEMAN FISH HATCHERY NR COTTONWOOD CA,United States of America,934.015037953154,7060013550,3,3,train
hysets_11377100,2921,88.84,hysets,40.28848836,-122.1866645,SACRAMENTO R AB BEND BRIDGE NR RED BLUFF CA,United States of America,25356.0898766767,7060013550,3,3,train
hysets_11379500,2921,88.84,hysets,40.02376507,-122.5119462,ELDER C NR PASKENTA CA,United States of America,239.5155445900945,7060013550,3,3,train
hysets_11381500,2921,88.84,hysets,40.0546022,-122.0241541,MILL C NR LOS MOLINOS CA,United States of America,339.5705564829825,7060013550,3,3,train
hysets_11383500,2921,88.84,hysets,40.01404745,-121.9483181,DEER C NR VINA CA,United States of America,539.8815673632658,7060013550,3,3,train
hysets_11389500,2921,88.84,hysets,39.2140566,-122.0002508,SACRAMENTO R A COLUSA CA,United States of America,33971.06297432568,7060013550,3,3,train
hysets_11390500,2921,88.84,hysets,39.00989476,-121.82469,SACRAMENTO R BL WILKINS SLOUGH NR GRIMES CA,United States of America,36143.37405977158,7060013550,3,3,train
hysets_11396200,2921,88.84,hysets,39.5512773,-121.2094046,SF FEATHER R BL FORBESTOWN DAM CA,United States of America,225.62975361947525,7060013550,3,3,train
hysets_11402000,2921,88.84,hysets,40.002947,-120.9543994,SPANISH C AB BLACKHAWK C AT KEDDIE CA,United States of America,472.7142242154388,7060013550,3,3,train
hysets_11413000,2921,88.84,hysets,39.5248937,-120.9380068,N YUBA R BL GOODYEARS BAR CA,United States of America,646.957419821188,7060013550,3,3,train
hysets_11413517,2842,86.44,hysets,39.39044696,-121.1444008,N YUBA R LOW FLOW REL BL NEW BULLARDS BAR DAM CA,United States of America,1265.412131526496,7060013550,3,3,train
hysets_11418000,2921,88.84,hysets,39.23517079,-121.2741256,YUBA R BL ENGLEBRIGHT DAM NR SMARTSVILLE CA,United States of America,2871.1048683335816,7060013550,3,3,train
hysets_11421000,2921,88.84,hysets,39.1757251,-121.5249647,YUBA R NR MARYSVILLE CA,United States of America,3456.9342551772297,7060013550,3,3,train
hysets_11428800,2921,88.84,hysets,39.05657207,-120.4079758,RUBICON R BL HELL HOLE DAM CA,United States of America,293.4429906742262,7060013550,3,3,train
hysets_11433300,2921,88.84,hysets,39.0060108,-120.7607633,MF AMERICAN R NR FORESTHILL CA,United States of America,1349.4626434856411,7060013550,3,3,train
hysets_11441900,2921,88.84,hysets,38.8237926,-120.5393692,SILVER C BL CAMINO DIV DAM CA,United States of America,441.2100303568223,7060013550,3,3,train
hysets_11451100,2768,84.18,hysets,39.1654458,-122.6199862,NF CACHE C A HOUGH SPRING NR CLEARLAKE OAKS CA,United States of America,154.7008369131044,7060013550,3,3,train
hysets_11451715,2768,84.18,hysets,38.95767446,-122.3427535,BEAR C AB HOLSTEN CHIMNEY CYN NR RUMSEY CA,United States of America,247.52978388877628,7060013550,3,3,train
hysets_11453500,2921,88.84,hysets,38.77879078,-122.5174807,PUTAH C NR GUENOC CA,United States of America,293.49115179380635,7060013550,3,3,train
hysets_11458500,2921,88.84,hysets,38.32324705,-122.4944258,SONOMA C A AGUA CALIENTE CA,United States of America,150.3503967465792,7060013560,2,2,train
hysets_11461500,2921,88.84,hysets,39.24655605,-123.1302806,EF RUSSIAN R NR CALPELLA CA,United States of America,238.36386196586284,7060013560,2,2,train
hysets_11463500,2921,88.84,hysets,38.71268685,-122.8958295,RUSSIAN R A GEYSERVILLE CA,United States of America,1698.0573713886754,7060013560,2,2,train
hysets_11465750,2921,88.84,hysets,38.42546874,-122.8291584,LAGUNA DE SANTA ROSA C NR SEBASTOPOL CA,United States of America,208.8489531731452,7060013560,2,2,train
hysets_11466320,2921,88.84,hysets,38.44519026,-122.8072129,SANTA ROSA C A WILLOWSIDE RD NR SANTA ROSA CA,United States of America,199.13736293276423,7060013560,2,2,train
hysets_11466800,2921,88.84,hysets,38.49407838,-122.8533258,MARK WEST C NR MIRABEL HEIGHTS CA,United States of America,651.3833946166387,7060013560,2,2,train
hysets_11467200,2921,88.84,hysets,38.5065797,-123.0697239,AUSTIN C NR CAZADERO CA,United States of America,162.3717941243678,7060013560,2,2,train
hysets_11467510,2921,88.84,hysets,38.70907868,-123.4266753,SF GUALALA R NR THE SEA RANCH CA,United States of America,417.5723540881635,7060013560,2,2,train
hysets_11467553,2696,82.0,hysets,38.7899103,-123.5094535,NF GUALALA R AB SF GUALALA R NR GUALALA CA,United States of America,122.3733943186629,7060013560,2,2,train
hysets_11468000,2921,88.84,hysets,39.17045608,-123.668069,NAVARRO R NR NAVARRO CA,United States of America,785.5228439466223,7060013560,2,2,train
hysets_11469000,2921,88.84,hysets,40.31319125,-124.283381,MATTOLE R NR PETROLIA CA,United States of America,634.5210530780115,7060013560,2,2,train
hysets_11471500,2921,88.84,hysets,39.38849566,-123.1161157,EEL R A VAN ARSDALE DAM NR POTTER VALLEY CA,United States of America,903.667809158064,7060014040,4,4,train
hysets_11473900,2921,88.84,hysets,39.70626687,-123.3252913,MF EEL R NR DOS RIOS CA,United States of America,1927.3787564727768,7060014040,4,4,train
hysets_11475800,2921,88.84,hysets,39.8745957,-123.7205775,SF EEL R A LEGGETT CA,United States of America,641.2762664623415,7060014040,4,4,train
hysets_11476500,2921,88.84,hysets,40.18181004,-123.7761426,SF EEL R NR MIRANDA CA,United States of America,1388.942955668925,7060014040,4,4,train
hysets_11477000,2921,88.84,hysets,40.49152384,-124.0997699,EEL R A SCOTIA CA,United States of America,8053.9209766575,7060014040,4,4,train
hysets_11478500,2921,88.84,hysets,40.48041636,-123.890876,VAN DUZEN R NR BRIDGEVILLE CA,United States of America,572.4179931134544,7060014040,4,4,train
hysets_11480410,2921,88.84,hysets,40.37097808,-123.4361411,MAD R BL RUTH RES NR FOREST GLEN CA,United States of America,312.41068169915025,7060014050,1,1,val
hysets_11481200,2921,88.84,hysets,41.0098479,-124.0814555,LITTLE R NR TRINIDAD CA,United States of America,105.62824371055116,7060014050,1,1,val
hysets_11481500,2921,88.84,hysets,40.90596479,-123.815335,REDWOOD C NR BLUE LAKE CA,United States of America,174.97126623443177,7060014050,1,1,val
hysets_11482500,2921,88.84,hysets,41.2992896,-124.0511825,REDWOOD C A ORICK CA,United States of America,716.6782562240389,7060014050,1,1,val
hysets_11493500,2921,88.84,hysets,42.74013528,-121.8344618,"WILLIAMSON RIVER NEAR KLAMATH AGENCY, OR",United States of America,3468.731376901584,7060014200,1,1,val
hysets_11501000,2921,88.84,hysets,42.5845809,-121.8497366,"SPRAGUE RIVER NEAR CHILOQUIN, OR",United States of America,4114.863433977169,7060014200,1,1,val
hysets_11502500,2921,88.84,hysets,42.56485858,-121.8794593,"WILLIAMSON RIVER BLW SPRAGUE RIVER NR CHILOQUIN,OR",United States of America,7807.370879627058,7060014200,1,1,val
hysets_11519500,2921,88.84,hysets,41.64069017,-123.015037,SCOTT R NR FORT JONES CA,United States of America,1711.1452971707963,7060014200,1,1,val
hysets_11521500,2921,88.84,hysets,41.83512325,-123.3831113,INDIAN C NR HAPPY CAMP CA,United States of America,309.1509343807645,7060014200,1,1,val
hysets_11522500,2921,88.84,hysets,41.3765154,-123.4770026,SALMON R A SOMES BAR CA,United States of America,1942.018089893268,7060014200,1,1,val
hysets_11523200,2921,88.84,hysets,41.1112571,-122.7055788,TRINITY R AB COFFEE C NR TRINITY CENTER CA,United States of America,383.16262205099497,7060014200,1,1,val
hysets_11528700,2921,88.84,hysets,40.6498627,-123.4942046,SF TRINITY R BL HYAMPOM CA,United States of America,1977.819281596088,7060014200,1,1,val
hysets_11532500,2921,88.84,hysets,41.7915026,-124.0761887,SMITH R NR CRESCENT CITY CA,United States of America,1586.53971725635,7060014210,1,1,val
hysets_11AE009,2905,88.35,hysets,48.96944,-106.8389,ROCK CREEK BELOW HORSE CREEK NEAR INTERNATIONAL BOUNDARY,Canada,837.4268419778365,7060047060,0,0,test
hysets_12013500,2921,88.84,hysets,46.65093418,-123.6526584,"WILLAPA RIVER NEAR WILLAPA, WA",United States of America,336.743163375188,7060014940,3,3,train
hysets_12020000,2921,88.84,hysets,46.6173236,-123.277644,"CHEHALIS RIVER NEAR DOTY, WA",United States of America,293.3763243084066,7060015090,1,1,val
hysets_12025000,2921,88.84,hysets,46.6201042,-122.945126,"NEWAUKUM RIVER NEAR CHEHALIS, WA",United States of America,403.8699689912811,7060015090,1,1,val
hysets_12026150,2921,88.84,hysets,46.79010157,-122.7354019,"SKOOKUMCHUCK RIVER BL BLDY RUN CR NR CENTRALIA, WA",United States of America,169.25599464367644,7060015090,1,1,val
hysets_12026400,2921,88.84,hysets,46.7720459,-122.924298,"SKOOKUMCHUCK RIVER NEAR BUCODA, WA",United States of America,297.82241287818425,7060015090,1,1,val
hysets_12027500,2921,88.84,hysets,46.7759343,-123.0356919,"CHEHALIS RIVER NEAR GRAND MOUND, WA",United States of America,2320.55373198298,7060015090,1,1,val
hysets_12031000,2921,88.84,hysets,46.93926375,-123.3143194,"CHEHALIS RIVER AT PORTER, WA",United States of America,3351.935739572155,7060015090,1,1,val
hysets_12035000,2921,88.84,hysets,47.0006512,-123.4948838,"SATSOP RIVER NEAR SATSOP, WA",United States of America,766.999376884351,7060015090,1,1,val
hysets_12037400,2921,88.84,hysets,47.0114831,-123.6554417,"WYNOOCHEE RIVER ABOVE BLACK CREEK NR MONTESANO, WA",United States of America,398.29109986565607,7060015090,1,1,val
hysets_12039500,2921,88.84,hysets,47.4575863,-123.8893446,"QUINAULT RIVER AT QUINAULT LAKE, WA",United States of America,685.3547669097578,7060015100,2,2,train
hysets_12040500,2921,88.84,hysets,47.5378588,-124.3157457,"QUEETS RIVER NEAR CLEARWATER, WA",United States of America,1149.9337520317315,7060015100,2,2,train
hysets_12041200,2921,88.84,hysets,47.80674726,-124.2510329,"HOH RIVER AT US HIGHWAY 101 NEAR FORKS, WA",United States of America,653.7520407730586,7060015100,2,2,train
hysets_12043000,2921,88.84,hysets,47.96007697,-124.3929872,"CALAWAH RIVER NEAR FORKS, WA",United States of America,336.11391230357543,7060015100,2,2,train
hysets_12054000,2921,88.84,hysets,47.68398059,-123.011551,"DUCKABUSH RIVER NEAR BRINNON, WA",United States of America,170.66210036547753,7060015100,2,2,train
hysets_12056500,2921,88.84,hysets,47.51425666,-123.3298868,"NF SKOKOMISH R BL STAIRCASE RPDS NR HOODSPORT, WA",United States of America,146.47105574144183,7060015100,2,2,train
hysets_12082500,2921,88.84,hysets,46.75260766,-122.0837194,"NISQUALLY RIVER NEAR NATIONAL, WA",United States of America,348.9595654983757,7060015100,2,2,train
hysets_12087000,2921,88.84,hysets,46.85677048,-122.3026139,"MASHEL RIVER NEAR LA GRANDE, WA",United States of America,213.02089734089668,7060015100,2,2,train
hysets_12096500,2921,88.84,hysets,47.18510115,-122.2295625,"PUYALLUP RIVER AT ALDERTON, WA",United States of America,1139.8122473710728,7060015900,1,1,val
hysets_12097500,2921,88.84,hysets,47.1534409,-121.6356543,"GREENWATER RIVER AT GREENWATER, WA",United States of America,189.31290155591512,7060015900,1,1,val
hysets_12097850,2921,88.84,hysets,47.1467703,-121.8601066,"WHITE RIVER BELOW CLEARWATER RIVER NR BUCKLEY, WA",United States of America,967.3664537490432,7060015900,1,1,val
hysets_12099200,2921,88.84,hysets,47.17388889,-122.0080556,"WHITE RIVER ABOVE BOISE CREEK AT BUCKLEY, WA",United States of America,1059.4333166865856,7060015900,1,1,val
hysets_12100490,2921,88.84,hysets,47.27482295,-122.2078967,"WHITE RIVER AT R STREET NEAR AUBURN, WA",United States of America,1223.384071091809,7060015900,1,1,val
hysets_12101500,2921,88.84,hysets,47.20843358,-122.3270652,"PUYALLUP RIVER AT PUYALLUP, WA",United States of America,2441.5948247137544,7060015900,1,1,val
hysets_12134500,2921,88.84,hysets,47.83732546,-121.6667809,"SKYKOMISH RIVER NEAR GOLD BAR, WA",United States of America,1380.3016492613674,7060016000,1,1,val
hysets_12137800,2921,88.84,hysets,47.95926837,-121.7973447,"SULTAN RIVER BELOW DIVERSION DAM NEAR SULTAN, WA",United States of America,197.30127805680485,7060016000,1,1,val
hysets_12141300,2921,88.84,hysets,47.48593975,-121.6478809,"MIDDLE FORK SNOQUALMIE RIVER NEAR TANNER, WA",United States of America,400.4598713013861,7060016000,1,1,val
hysets_12144000,2921,88.84,hysets,47.49288017,-121.7901109,"SF SNOQUALMIE RIVER AT NORTH BEND, WA",United States of America,209.12371425006305,7060016000,1,1,val
hysets_12144500,2921,88.84,hysets,47.5451019,-121.842336,"SNOQUALMIE RIVER NEAR SNOQUALMIE, WA",United States of America,974.0128766851518,7060016000,1,1,val
hysets_12149000,2921,88.84,hysets,47.66593399,-121.9253969,"SNOQUALMIE RIVER NEAR CARNATION, WA",United States of America,1556.4099585157478,7060016000,1,1,val
hysets_12150800,2921,88.84,hysets,47.830932,-122.048459,"SNOHOMISH RIVER NEAR MONROE, WA",United States of America,3966.094561519342,7060016000,1,1,val
hysets_12167000,2921,88.84,hysets,48.26149178,-122.0476407,"NF STILLAGUAMISH RIVER NEAR ARLINGTON, WA",United States of America,681.651426412431,7060016010,4,4,train
hysets_12175500,2921,88.84,hysets,48.6726287,-121.0728964,"THUNDER CREEK NEAR NEWHALEM, WA",United States of America,272.52035294480623,7060016090,4,4,train
hysets_12179900,2921,88.84,hysets,48.6045662,-121.3995727,"BACON CREEK BELOW OAKES CREEK NEAR MARBLEMOUNT, WA",United States of America,127.91264992820489,7060016090,4,4,train
hysets_12182500,2921,88.84,hysets,48.5262307,-121.4154046,"CASCADE RIVER AT MARBLEMOUNT, WA",United States of America,442.6170886295047,7060016090,4,4,train
hysets_12186000,2921,88.84,hysets,48.16872009,-121.4706723,"SAUK RIVER AB WHITE CHUCK RIVER NR  DARRINGTON, WA",United States of America,397.4032655179735,7060016090,4,4,train
hysets_12189500,2921,88.84,hysets,48.42455859,-121.5684634,"SAUK RIVER NEAR SAUK, WA",United States of America,1849.721505242328,7060016090,4,4,train
hysets_12193400,2921,88.84,hysets,48.54039255,-121.7434734,"BAKER RIVER AT HENRY THOMPSON BR AT CONCRETE, WA",United States of America,769.1363585870174,7060016090,4,4,train
hysets_12200500,2921,88.84,hysets,48.4448278,-122.3354369,"SKAGIT RIVER NEAR MOUNT VERNON, WA",United States of America,6929.818932415159,7060016090,4,4,train
hysets_12201500,2921,88.84,hysets,48.54594127,-122.3382169,"SAMISH RIVER NEAR BURLINGTON, WA",United States of America,223.15356712537545,7060016100,4,4,train
hysets_12205000,2921,88.84,hysets,48.90595739,-121.8443104,"NF NOOKSACK RIVER BL CASCADE CREEK NR GLACIER, WA",United States of America,271.6647219504485,7060016100,4,4,train
hysets_12208000,2921,88.84,hysets,48.7792828,-122.1065434,"MF NOOKSACK RIVER NEAR DEMING, WA",United States of America,192.17022522119265,7060016100,4,4,train
hysets_12210000,2921,88.84,hysets,48.67761256,-122.1665454,"SF NOOKSACK RIVER AT SAXON BRIDGE, WA",United States of America,331.2198061937653,7060016100,4,4,train
hysets_12210700,2921,88.84,hysets,48.84178209,-122.2943258,"NOOKSACK RIVER AT NORTH CEDARVILLE, WA",United States of America,1522.7515554902218,7060016100,4,4,train
hysets_12213100,2921,88.84,hysets,48.84483249,-122.5893389,"NOOKSACK RIVER AT FERNDALE, WA",United States of America,1899.3993487596424,7060016100,4,4,train
hysets_12302055,2921,88.84,hysets,48.35560278,-115.31465,Fisher River near Libby MT,United States of America,2173.375112517844,7060014930,1,1,val
hysets_12323600,2921,88.84,hysets,46.1077583,-112.8052833,Silver Bow Creek at Opportunity MT,United States of America,885.371713462935,7060014930,1,1,val
hysets_12323760,2921,88.84,hysets,46.13366667,-112.9031528,Warm Springs Creek near Anaconda MT,United States of America,400.7457446126497,7060014930,1,1,val
hysets_12323770,2919,88.78,hysets,46.180375,-112.7850778,Warm Springs Creek at Warm Springs MT,United States of America,412.4602744578894,7060014930,1,1,val
hysets_12324200,2921,88.84,hysets,46.39765,-112.7425389,Clark Fork at Deer Lodge MT,United States of America,2585.149489210192,7060014930,1,1,val
hysets_12324400,2921,88.84,hysets,46.5109111,-112.789686,Clark Fork ab Little Blackfoot R nr Garrison MT,United States of America,2950.1390382455784,7060014930,1,1,val
hysets_12324590,2920,88.81,hysets,46.5194833,-112.7931722,Little Blackfoot River near Garrison MT,United States of America,1068.5647131344613,7060014930,1,1,val
hysets_12324680,2921,88.84,hysets,46.58998889,-112.9287139,Clark Fork at Goldcreek MT,United States of America,4577.807567491799,7060014930,1,1,val
hysets_12330000,2921,88.84,hysets,46.47165278,-113.2357694,Boulder Creek at Maxville MT,United States of America,182.00803173846936,7060014930,1,1,val
hysets_12331500,2921,88.84,hysets,46.62872778,-113.1506917,Flint Creek near Drummond MT,United States of America,1270.3428862308815,7060014930,1,1,val
hysets_12331800,2921,88.84,hysets,46.71191389,-113.3307806,Clark Fork near Drummond MT,United States of America,6495.159821553692,7060014930,1,1,val
hysets_12332000,2919,88.78,hysets,46.1845694,-113.5015694,Middle Fork Rock Cr nr Philipsburg MT,United States of America,312.9398107888391,7060014930,1,1,val
hysets_12334510,2921,88.84,hysets,46.7223361,-113.683061,Rock Creek near Clinton MT,United States of America,2299.351476070218,7060014930,1,1,val
hysets_12334550,2921,88.84,hysets,46.8259111,-113.8140306,Clark Fork at Turah Bridge nr Bonner MT,United States of America,9462.525723387853,7060014930,1,1,val
hysets_12335100,2654,80.72,hysets,46.9187944,-113.014986,Blackfoot R ab Nevada Cr nr Helmville MT,United States of America,1281.345765544862,7060014930,1,1,val
hysets_12335500,2921,88.84,hysets,46.77777778,-112.767786,"Nevada Cr ab reservoir, nr Helmville, MT",United States of America,312.9939282741737,7060014930,1,1,val
hysets_12338300,2659,80.87,hysets,46.9794944,-113.092186,NF Blackfoot R ab Dry Gulch nr Ovando MT,United States of America,808.798964618052,7060014930,1,1,val
hysets_12340000,2921,88.84,hysets,46.8994111,-113.7563194,Blackfoot River near Bonner MT,United States of America,5908.684924804761,7060014930,1,1,val
hysets_12340500,2919,88.78,hysets,46.87723889,-113.9319417,Clark Fork above Missoula MT,United States of America,15550.139482441637,7060014930,1,1,val
hysets_12344000,2921,88.84,hysets,45.97205,-114.1412333,Bitterroot River near Darby MT,United States of America,2711.633070900292,7060014930,1,1,val
hysets_12352500,2921,88.84,hysets,46.83173889,-114.054861,Bitterroot River near Missoula MT,United States of America,7300.272541747128,7060014930,1,1,val
hysets_12353000,2921,88.84,hysets,46.8686333,-114.1277472,Clark Fork below Missoula MT,United States of America,23292.54339894068,7060014930,1,1,val
hysets_12354000,2920,88.81,hysets,47.2967111,-115.122625,"St. Regis River near St. Regis, MT",United States of America,785.4967845641139,7060014930,1,1,val
hysets_12354500,2921,88.84,hysets,47.30163889,-115.0868694,Clark Fork at St. Regis MT,United States of America,27709.91016517086,7060014930,1,1,val
hysets_12358500,2921,88.84,hysets,48.49551667,-114.0102083,M F Flathead River near West Glacier MT,United States of America,2906.059944187341,7060014930,1,1,val
hysets_12365700,2921,88.84,hysets,48.21725,-114.313736,"Stillwater River at Lawrence Park, at Kalispell",United States of America,1515.768174105002,7060014930,1,1,val
hysets_12370000,2921,88.84,hysets,48.02423056,-113.9788194,"Swan River near Bigfork, MT",United States of America,1735.3608562745897,7060014930,1,1,val
hysets_12389500,2921,88.84,hysets,47.5918583,-115.229536,Thompson River near Thompson Falls MT,United States of America,1646.6016746904584,7060014930,1,1,val
hysets_12392155,2921,88.84,hysets,48.15166667,-116.1816667,LIGHTNING CREEK AT CLARK FORK ID,United States of America,302.7320745972956,7060014930,1,1,val
hysets_12392300,2921,88.84,hysets,48.42,-116.5019444,PACK RIVER NR COLBURN ID,United States of America,312.6383208585399,7060014930,1,1,val
hysets_12396500,2921,88.84,hysets,48.78102736,-117.4163559,"PEND OREILLE RIVER BELOW BOX CANYON NEAR IONE, WA",United States of America,63042.91347300381,7060014930,1,1,val
hysets_12409000,2921,88.84,hysets,48.5943461,-118.0624887,"COLVILLE RIVER AT KETTLE FALLS, WA",United States of America,2593.996674777284,7060014930,1,1,val
hysets_12411000,2921,88.84,hysets,47.7061111,-115.9791667,NF COEUR D ALENE R AB SHOSHONE CK NR PRICHARD ID,United States of America,862.7264303301637,7060014930,1,1,val
hysets_12413000,2921,88.84,hysets,47.5722,-116.2528,NF COEUR D ALENE RIVER AT ENAVILLE ID,United States of America,2309.443730552315,7060014930,1,1,val
hysets_12413210,2921,88.84,hysets,47.53138889,-116.0925,SF COEUR D ALENE AT ELIZABETH PARK NR KELLOGG ID,United States of America,469.3908657139386,7060014930,1,1,val
hysets_12413470,2921,88.84,hysets,47.5519444,-116.2363889,SF COEUR D ALENE RIVER NR PINEHURST ID,United States of America,741.5274869071324,7060014930,1,1,val
hysets_12413500,2921,88.84,hysets,47.5547,-116.3231,COEUR D ALENE RIVER NR CATALDO ID,United States of America,3117.811445770645,7060014930,1,1,val
hysets_12413860,2921,88.84,hysets,47.4786111,-116.7330556,COEUR D ALENE RIVER NR HARRISON ID,United States of America,3758.4919872865744,7060014930,1,1,val
hysets_12413875,2921,88.84,hysets,47.05638889,-115.3533333,"ST JOE RIVER AT RED IVES RANGER STATION, ID",United States of America,309.08660507337106,7060014930,1,1,val
hysets_12414500,2921,88.84,hysets,47.2744444,-116.1888889,"ST JOE RIVER AT CALDER, ID",United States of America,2649.308884955394,7060014930,1,1,val
hysets_12414900,2921,88.84,hysets,47.1761111,-116.4933333,"ST MARIES RIVER NR SANTA, ID",United States of America,703.6905642460124,7060014930,1,1,val
hysets_12424000,2921,88.84,hysets,47.6526688,-117.449658,"HANGMAN CREEK AT SPOKANE, WA",United States of America,1759.315537653665,7060014930,1,1,val
hysets_12433200,2921,88.84,hysets,47.8632201,-117.858294,"CHAMOKANE CREEK BELOW FALLS NEAR LONG LAKE, WA",United States of America,466.6661032054824,7060014930,1,1,val
hysets_12434590,2921,88.84,hysets,48.08432459,-118.6914018,"SANPOIL RIVER ABOVE JACK CREEK AT KELLER, WA",United States of America,2160.9269580437926,7060014930,1,1,val
hysets_12445900,2921,88.84,hysets,48.36709697,-119.4450465,"OMAK CREEK NEAR OMAK, WA",United States of America,308.76380418958973,7060014930,1,1,val
hysets_12447383,2921,88.84,hysets,48.5737538,-120.3850944,"METHOW RIVER ABOVE GOAT CREEK NEAR MAZAMA, WA",United States of America,947.6727429869632,7060014930,1,1,val
hysets_12448000,2921,88.84,hysets,48.4770898,-120.1864734,"CHEWUCH RIVER AT WINTHROP, WA",United States of America,1353.6513469578956,7060014930,1,1,val
hysets_12448500,2921,88.84,hysets,48.4734787,-120.1773063,"METHOW RIVER AT WINTHROP, WA",United States of America,2675.337138644324,7060014930,1,1,val
hysets_12448998,2921,88.84,hysets,48.3698671,-120.148693,"TWISP RIVER NEAR TWISP, WA",United States of America,630.8157121017201,7060014930,1,1,val
hysets_12449500,2921,88.84,hysets,48.36514507,-120.1161917,"METHOW RIVER AT TWISP, WA",United States of America,3413.6720330925746,7060014930,1,1,val
hysets_12449950,2921,88.84,hysets,48.0773639,-119.9850723,"METHOW RIVER NEAR PATEROS, WA",United States of America,4630.132629809015,7060014930,1,1,val
hysets_12451000,2921,88.84,hysets,48.32958017,-120.6917668,"STEHEKIN RIVER AT STEHEKIN, WA",United States of America,826.8080799349541,7060014930,1,1,val
hysets_12452500,2921,88.84,hysets,47.8345808,-120.0131254,"CHELAN RIVER AT CHELAN, WA",United States of America,2407.393397627514,7060014930,1,1,val
hysets_12452800,2921,88.84,hysets,47.81846178,-120.4231438,"ENTIAT RIVER NEAR ARDENVOIR, WA",United States of America,524.6483788003015,7060014930,1,1,val
hysets_12452890,2921,88.84,hysets,47.7367943,-120.3686962,"MAD RIVER AT ARDENVOIR, WA",United States of America,235.4796148723373,7060014930,1,1,val
hysets_12452990,2921,88.84,hysets,47.663185,-120.250634,"ENTIAT RIVER NEAR ENTIAT, WA",United States of America,1071.2730162819462,7060014930,1,1,val
hysets_12456500,2921,88.84,hysets,47.8373461,-120.6623161,"CHIWAWA RIVER NEAR PLAIN, WA",United States of America,444.2104376966674,7060014930,1,1,val
hysets_12457000,2921,88.84,hysets,47.7628995,-120.6662039,"WENATCHEE RIVER AT PLAIN, WA",United States of America,1540.85654427608,7060014930,1,1,val
hysets_12458000,2921,88.84,hysets,47.5409539,-120.7200872,"ICICLE CREEK ABOVE SNOW CREEK NEAR LEAVENWORTH, WA",United States of America,498.3136772797895,7060014930,1,1,val
hysets_12459000,2921,88.84,hysets,47.5831777,-120.6195306,"WENATCHEE RIVER AT PESHASTIN, WA",United States of America,2579.7563590500545,7060014930,1,1,val
hysets_12462500,2921,88.84,hysets,47.49929148,-120.4245223,"WENATCHEE RIVER AT MONITOR, WA",United States of America,3362.893578182577,7060014930,1,1,val
hysets_12464800,2921,88.84,hysets,47.4068192,-118.3188652,"COAL CREEK AT MOHLER, WA",United States of America,158.02945136844,7060014930,1,1,val
hysets_12465000,2921,88.84,hysets,47.3604238,-118.8500022,"CRAB CREEK AT IRBY, WA",United States of America,2700.007005617505,7060014930,1,1,val
hysets_12465400,2921,88.84,hysets,47.6629263,-118.9305666,"WILSON CREEK BELOW CORBETT DRAW NEAR ALMIRA, WA",United States of America,867.3635804760578,7060014930,1,1,val
hysets_12467000,2921,88.84,hysets,47.1893085,-119.265855,"CRAB CREEK NEAR MOSES LAKE, WA",United States of America,5332.884219645139,7060014930,1,1,val
hysets_12488500,2921,88.84,hysets,46.97761606,-121.168696,"AMERICAN RIVER NEAR NILE, WA",United States of America,204.39672671984576,7060014930,1,1,val
hysets_12502500,2921,88.84,hysets,46.53596038,-120.4733968,"AHTANUM CREEK AT UNION GAP, WA",United States of America,448.5031967551398,7060014930,1,1,val
hysets_12506000,2921,88.84,hysets,46.3109589,-120.788125,"TOPPENISH CREEK NEAR FORT SIMCOE, WA",United States of America,313.60143301679165,7060014930,1,1,val
hysets_12508990,2921,88.84,hysets,46.23124238,-119.9994858,"YAKIMA RIVER AT MABTON, WA",United States of America,13821.216583686191,7060014930,1,1,val
hysets_13010065,2921,88.84,hysets,44.09888889,-110.6675,SNAKE RIVER AB JACKSON LAKE AT FLAGG RANCH WY,United States of America,1219.2533458664122,7060014930,1,1,val
hysets_13011000,2921,88.84,hysets,43.8583333,-110.5858333,SNAKE RIVER NR MORAN WY,United States of America,2079.18569362764,7060014930,1,1,val
hysets_13011500,2921,88.84,hysets,43.85027778,-110.5177778,PACIFIC CREEK AT MORAN WY,United States of America,403.0840003900176,7060014930,1,1,val
hysets_13011900,2921,88.84,hysets,43.83805556,-110.4408333,BUFFALO FORK AB LAVA CREEK NR MORAN WY,United States of America,842.8592172672892,7060014930,1,1,val
hysets_13018750,2921,88.84,hysets,43.3722222,-110.7386111,SNAKE RIVER BL FLAT CREEK NR JACKSON WY,United States of America,6869.567177977388,7060014930,1,1,val
hysets_13022500,2921,88.84,hysets,43.1961111,-110.8894444,SNAKE RIVER AB RESERVOIR NR ALPINE WY,United States of America,8848.830156543421,7060014930,1,1,val
hysets_13023000,2921,88.84,hysets,43.14305556,-110.9769444,GREYS RIVER AB RESERVOIR NR ALPINE WY,United States of America,1159.5599609517285,7060014930,1,1,val
hysets_13046995,2921,88.84,hysets,44.06194444,-111.1519444,FALLS RIVER AB YELLOWSTONE CANAL NR SQUIRREL ID,United States of America,833.0930148448232,7060014930,1,1,val
hysets_13135500,2921,88.84,hysets,43.78629677,-114.4250547,BIG WOOD RIVER NR KETCHUM ID,United States of America,353.71715580880954,7060014930,1,1,val
hysets_13137500,2921,88.84,hysets,43.67777778,-114.361111,TRAIL CREEK AT KETCHUM ID,United States of America,166.4910945745795,7060014930,1,1,val
hysets_13153500,2921,88.84,hysets,42.86323537,-114.902003,MALAD RIVER NR BLISS ID,United States of America,8305.343989586205,7060014930,1,1,val
hysets_13171620,2921,88.84,hysets,42.94711569,-115.981204,SNAKE RIVER BL CJ STRIKE DAM NR GRAND VIEW ID,United States of America,89863.14805400577,7060014930,1,1,val
hysets_13185000,2921,88.84,hysets,43.66805556,-115.7252778,BOISE RIVER NR TWIN SPRINGS ID,United States of America,2152.6675985060856,7060014930,1,1,val
hysets_13186000,2921,88.84,hysets,43.4958333,-115.3080556,SF BOISE RIVER NR FEATHERVILLE ID,United States of America,1656.1864193297238,7060014930,1,1,val
hysets_13235000,2921,88.84,hysets,44.08527778,-115.6222222,"SOUTH FORK PAYETTE RIVER AT LOWMAN, ID",United States of America,1155.79065957709,7060014930,1,1,val
hysets_13237920,2921,88.84,hysets,44.1086111,-115.9822222,MIDDLE FORK PAYETTE RIVER NR CROUCH ID,United States of America,872.4763447380561,7060014930,1,1,val
hysets_13295000,2921,88.84,hysets,44.2225,-114.931111,VALLEY CREEK AT STANLEY ID,United States of America,375.3382852527754,7060014930,1,1,val
hysets_13296500,2921,88.84,hysets,44.2683333,-114.7327778,SALMON RIVER BL YANKEE FORK NR CLAYTON ID,United States of America,2086.506263803497,7060014930,1,1,val
hysets_13297355,2921,88.84,hysets,44.2908333,-114.4716667,SQUAW CREEK BL BRUNO CREEK NR CLAYTON ID,United States of America,185.42118837744863,7060014930,1,1,val
hysets_13302500,2921,88.84,hysets,45.1836111,-113.8952778,SALMON RIVER AT SALMON ID,United States of America,9689.895882364335,7060014930,1,1,val
hysets_13307000,2921,88.84,hysets,45.3225,-114.44,SALMON RIVER NR SHOUP ID,United States of America,16137.153425516331,7060014930,1,1,val
hysets_13309220,2921,88.84,hysets,44.72166667,-115.0163889,MF SALMON RIVER AT MF LODGE NR YELLOW PINE ID,United States of America,2690.117908403721,7060014930,1,1,val
hysets_13310199,2918,88.75,hysets,45.2936111,-114.5963889,"MF SALMON RIVER AT MOUTH NR SHOUP, ID",United States of America,7434.781564855363,7060014930,1,1,val
hysets_13310700,2921,88.84,hysets,44.9869444,-115.725,SF SALMON RIVER NR KRASSEL RANGER STATION ID,United States of America,850.8837560273586,7060014930,1,1,val
hysets_13317000,2921,88.84,hysets,45.75027778,-116.3238889,SALMON RIVER AT WHITE BIRD ID,United States of America,34704.71832886149,7060014930,1,1,val
hysets_13331500,2921,88.84,hysets,45.6198669,-117.7265892,"MINAM RIVER AT MINAM, OR",United States of America,617.1644836011222,7060014930,1,1,val
hysets_13333000,2921,88.84,hysets,45.9457019,-117.4510089,"GRANDE RONDE RIVER AT TROY, OR",United States of America,8535.791297194255,7060014930,1,1,val
hysets_13335050,2921,88.84,hysets,46.34071536,-117.0559898,"ASOTIN CREEK AT ASOTIN, WA",United States of America,838.1475452449598,7060014930,1,1,val
hysets_13336500,2921,88.84,hysets,46.08666667,-115.5138889,SELWAY RIVER NR LOWELL ID,United States of America,4949.966078709038,7060014930,1,1,val
hysets_13337000,2921,88.84,hysets,46.1508333,-115.5872222,LOCHSA RIVER NR LOWELL ID,United States of America,3044.766210446492,7060014930,1,1,val
hysets_13338500,2921,88.84,hysets,46.08638889,-115.9766667,SF CLEARWATER RIVER AT STITES ID,United States of America,3018.269774497931,7060014930,1,1,val
hysets_13339500,2921,88.84,hysets,46.37166667,-116.1625,LOLO CREEK NR GREER ID,United States of America,623.3935851412027,7060014930,1,1,val
hysets_13340000,2921,88.84,hysets,46.4783333,-116.2575,CLEARWATER RIVER AT OROFINO ID,United States of America,14233.723576174729,7060014930,1,1,val
hysets_13340600,2921,88.84,hysets,46.84055556,-115.621111,NF CLEARWATER RIVER NR CANYON RANGER STATION ID,United States of America,3345.8883171913726,7060014930,1,1,val
hysets_13344500,2921,88.84,hysets,46.5054217,-118.0663393,"TUCANNON RIVER NEAR STARBUCK, WA",United States of America,1115.0147584265694,7060014930,1,1,val
hysets_13345000,2921,88.84,hysets,46.91527778,-116.951111,"PALOUSE RIVER NR POTLATCH, ID",United States of America,815.797466307382,7060014930,1,1,val
hysets_13351000,2921,88.84,hysets,46.7584831,-118.1488494,"PALOUSE RIVER AT HOOPER, WA",United States of America,6463.561022801862,7060014930,1,1,val
hysets_14013000,2921,88.84,hysets,46.00791557,-118.1185595,"MILL CREEK NEAR WALLA WALLA, WA",United States of America,151.6515706572799,7060014930,1,1,val
hysets_14018500,2921,88.84,hysets,46.0276341,-118.7297112,"WALLA WALLA RIVER NEAR TOUCHET, WA",United States of America,4282.680799211658,7060014930,1,1,val
hysets_14020000,2921,88.84,hysets,45.71957668,-118.3232913,"UMATILLA RIVER ABOVE MEACHAM CREEK, NR GIBBON, OR",United States of America,341.4964222739736,7060014930,1,1,val
hysets_14020300,2921,88.84,hysets,45.6887429,-118.3566262,"MEACHAM CREEK AT GIBBON, OR",United States of America,454.9321012048525,7060014930,1,1,val
hysets_14020850,2921,88.84,hysets,45.67151937,-118.736649,"UMATILLA R AT W RESERVATION BNDY NR PENDLETON, OR",United States of America,1140.6273848712544,7060014930,1,1,val
hysets_14038530,2921,88.84,hysets,44.41848897,-118.9063419,"JOHN DAY RIVER NEAR JOHN DAY, OR",United States of America,1007.633895516208,7060014930,1,1,val
hysets_14044000,2921,88.84,hysets,44.88876388,-119.1413686,"MIDDLE FORK JOHN DAY RIVER AT RITTER, OR",United States of America,1352.2187242643904,7060014930,1,1,val
hysets_14046000,2921,88.84,hysets,44.8137582,-119.4316565,"NORTH FORK JOHN DAY RIVER AT MONUMENT, OR",United States of America,6539.294959453785,7060014930,1,1,val
hysets_14046500,2921,88.84,hysets,44.7937468,-120.006677,"JOHN DAY RIVER AT SERVICE CREEK, OR",United States of America,13284.518497777515,7060014930,1,1,val
hysets_14046778,2920,88.81,hysets,44.7267988,-120.301965,"BRIDGE CR ABV COYOTE CANYON NR MITCHELL, OR",United States of America,689.8956178916887,7060014930,1,1,val
hysets_14048000,2921,88.84,hysets,45.5876278,-120.4094919,"JOHN DAY RIVER AT MCDONALD FERRY, OR",United States of America,19742.907385929466,7060014930,1,1,val
hysets_14091500,2921,88.84,hysets,44.6262275,-121.4839433,"METOLIUS RIVER NEAR GRANDVIEW, OR",United States of America,816.1619487399166,7060014930,1,1,val
hysets_14093000,2921,88.84,hysets,44.7642856,-121.2364393,"SHITIKE CREEK NEAR WARM SPRINGS, OR",United States of America,269.64018996080404,7060014930,1,1,val
hysets_14096850,2921,88.84,hysets,44.9587272,-121.3942286,"BEAVER CREEK BELOW QUARTZ CREEK, NR SIMNASHO, OR",United States of America,373.37454326775446,7060014930,1,1,val
hysets_14097100,2921,88.84,hysets,44.8565087,-121.1497735,"WARM SPRINGS RIVER NEAR KAHNEETA HOT SPRINGS, OR",United States of America,1358.5570403842387,7060014930,1,1,val
hysets_14107000,2921,88.84,hysets,46.2648437,-121.245075,"KLICKITAT RIVER ABOVE WEST FORK NEAR GLENWOOD, WA",United States of America,392.543855866301,7060014930,1,1,val
hysets_14111400,2921,88.84,hysets,45.962345,-121.102295,"KLICKITAT RIVER BL SUMMIT CREEK NEAR GLENWOOD, WA",United States of America,1961.975790987262,7060014930,1,1,val
hysets_14113000,2921,88.84,hysets,45.75651098,-121.2100714,"KLICKITAT RIVER NEAR PITT, WA",United States of America,3357.2374172818418,7060014930,1,1,val
hysets_14137000,2921,88.84,hysets,45.3995642,-122.1373068,"SANDY RIVER NEAR MARMOT, OR",United States of America,674.8398426826542,7060014930,1,1,val
hysets_14158500,2921,88.84,hysets,44.3609545,-121.9956172,"MCKENZIE RIVER AT OUTLET OF CLEAR LAKE, OR",United States of America,236.1882171441795,7060014930,1,1,val
hysets_14159200,2921,88.84,hysets,44.047067,-122.2178245,SO FK MCKENZIE RIVER ABV COUGAR LAKE NR RAINBOW OR,United States of America,413.2258027715951,7060014930,1,1,val
hysets_14165000,2921,88.84,hysets,44.09290317,-122.9573052,"MOHAWK RIVER NEAR SPRINGFIELD, OR",United States of America,459.0754926890897,7060014930,1,1,val
hysets_14171000,2921,88.84,hysets,44.525,-123.334,"MARYS RIVER NEAR PHILOMATH, OR",United States of America,391.2994879582505,7060014930,1,1,val
hysets_14178000,2921,88.84,hysets,44.7067885,-122.1011859,"NO SANTIAM R BLW BOULDER CRK, NR DETROIT, OR",United States of America,556.7273242762124,7060014930,1,1,val
hysets_14182500,2921,88.84,hysets,44.7915108,-122.5789738,"LITTLE NORTH SANTIAM RIVER NEAR MEHAMA, OR",United States of America,286.14316379019886,7060014930,1,1,val
hysets_14185000,2921,88.84,hysets,44.39179225,-122.4975817,"SOUTH SANTIAM RIVER BELOW CASCADIA, OR",United States of America,448.3166354539426,7060014930,1,1,val
hysets_14185900,2921,88.84,hysets,44.54012357,-122.4359155,"QUARTZVILLE CREEK NEAR CASCADIA, OR",United States of America,256.993165156413,7060014930,1,1,val
hysets_14190500,2921,88.84,hysets,44.78317527,-123.2345435,"LUCKIAMUTE RIVER NEAR SUVER, OR",United States of America,621.0488852441416,7060014930,1,1,val
hysets_14197900,2921,88.84,hysets,45.2845625,-122.9614893,"WILLAMETTE RIVER AT NEWBERG, OR",United States of America,21517.45531587624,7060014930,1,1,val
hysets_14200000,2921,88.84,hysets,45.24428767,-122.687314,"MOLALLA RIVER NEAR CANBY, OR",United States of America,840.3782261461893,7060014930,1,1,val
hysets_14201340,2921,88.84,hysets,45.15123137,-122.80426,"PUDDING RIVER NEAR WOODBURN, OR",United States of America,817.639092428331,7060014930,1,1,val
hysets_14202000,2921,88.84,hysets,45.23317586,-122.7500933,"PUDDING RIVER AT AURORA, OR",United States of America,1249.9336832329434,7060014930,1,1,val
hysets_14211010,2921,88.84,hysets,45.3792874,-122.5773134,"CLACKAMAS RIVER NEAR OREGON CITY, OR",United States of America,2431.468265327216,7060014930,1,1,val
hysets_14216000,2921,88.84,hysets,46.06039127,-121.984531,"LEWIS RIVER ABOVE MUDDY RIVER NEAR COUGAR, WA",United States of America,593.612636244121,7060014930,1,1,val
hysets_14216500,2921,88.84,hysets,46.0756688,-121.9986982,"MUDDY RIVER BELOW CLEAR CREEK NEAR COUGAR, WA",United States of America,348.69422815620493,7060014930,1,1,val
hysets_14219000,2921,88.84,hysets,45.9398339,-122.3170398,"CANYON CREEK NEAR AMBOY, WA",United States of America,167.12364523956177,7060014930,1,1,val
hysets_14222500,2921,88.84,hysets,45.8367809,-122.4662083,"EAST FORK LEWIS RIVER NEAR HEISSON, WA",United States of America,325.9699493052235,7060014930,1,1,val
hysets_14231000,2921,88.84,hysets,46.5319444,-121.9569444,"COWLITZ RIVER AT RANDLE, WA",United States of America,1374.5032659387427,7060014930,1,1,val
hysets_14231900,2921,88.84,hysets,46.44400155,-121.8400888,"CISPUS RIVER AB YELLOWJACKET CREEK NEAR RANDLE, WA",United States of America,641.9882803184223,7060014930,1,1,val
hysets_14236200,2921,88.84,hysets,46.5953843,-122.4595564,"TILTON RIVER AB BEAR CANYON CREEK NEAR CINEBAR, WA",United States of America,359.5991512903793,7060014930,1,1,val
hysets_14242580,2921,88.84,hysets,46.335,-122.8408333,"TOUTLE RIVER AT TOWER ROAD NEAR SILVER LAKE, WA",United States of America,1288.58458274684,7060014930,1,1,val
hysets_14243000,2921,88.84,hysets,46.2748332,-122.9145587,"COWLITZ RIVER AT CASTLE ROCK, WA",United States of America,5758.3953007264845,7060014930,1,1,val
hysets_14301500,2921,88.84,hysets,45.47593996,-123.7251209,"WILSON RIVER NEAR TILLAMOOK, OR",United States of America,416.4272960135797,7060014530,3,3,train
hysets_14306500,2921,88.84,hysets,44.3859538,-123.831778,"ALSEA RIVER NEAR TIDEWATER, OR",United States of America,855.5160885352954,7060014530,3,3,train
hysets_14307620,2921,88.84,hysets,44.06234317,-123.8831659,"SIUSLAW RIVER NEAR MAPLETON, OR",United States of America,1526.1556828384712,7060014530,3,3,train
hysets_14308000,2921,88.84,hysets,42.9303985,-122.9483872,"SOUTH UMPQUA RIVER AT TILLER, OR",United States of America,1164.7739265564935,7060014520,2,2,train
hysets_14309500,2921,88.84,hysets,42.80400356,-123.6109071,"WEST FORK COW CREEK NEAR GLENDALE, OR",United States of America,224.1070326526488,7060014520,2,2,train
hysets_14312000,2921,88.84,hysets,43.13317169,-123.3984053,"SOUTH UMPQUA RIVER NEAR BROCKWAY, OR",United States of America,4226.511473759805,7060014520,2,2,train
hysets_14316700,2921,88.84,hysets,43.349842,-122.7289415,"STEAMBOAT CREEK NEAR GLIDE, OR",United States of America,586.9243038616748,7060014520,2,2,train
hysets_14318000,2921,88.84,hysets,43.2526179,-123.0261716,"LITTLE RIVER AT PEEL, OR",United States of America,457.98707776477255,7060014520,2,2,train
hysets_14319500,2921,88.84,hysets,43.27205997,-123.4122993,"NORTH UMPQUA RIVER AT WINCHESTER, OR",United States of America,3508.366059851442,7060014520,2,2,train
hysets_14321000,2921,88.84,hysets,43.5859502,-123.5553727,"UMPQUA RIVER NEAR ELKTON, OR",United States of America,9417.550553132356,7060014520,2,2,train
hysets_14325000,2921,88.84,hysets,42.89149904,-124.070652,"SOUTH FORK COQUILLE RIVER AT POWERS, OR",United States of America,442.1716713037405,7060014440,1,1,val
hysets_14328000,2914,88.63,hysets,42.77484917,-122.4997585,"ROGUE RIVER ABOVE PROSPECT, OR",United States of America,811.2614571922611,7060014340,1,1,val
hysets_14338000,2921,88.84,hysets,42.6787364,-122.7419867,"ELK CREEK NEAR TRAIL, OR",United States of America,335.5030733846306,7060014340,1,1,val
hysets_14375100,2921,88.84,hysets,42.15956105,-123.4789509,"SUCKER CREEK BLW LITTLE GRAYBACK CK, NR HOLLAND,OR",United States of America,216.8079728431561,7060014340,1,1,val
hysets_14377100,2920,88.81,hysets,42.23177936,-123.66368,"ILLINOIS RIVER NEAR KERBY, OR",United States of America,983.9514809998984,7060014340,1,1,val
hysets_394839104570300,2921,88.84,hysets,39.8109722,-104.9515833,"SAND CREEK AT MOUTH NR COMMERCE CITY,CO",United States of America,480.05235042190856,7060047060,0,0,test
il_14120,3196,97.2,il,32.44021809,34.9555167,HADERA - GAN SHEMU'EL,Israel,578.9793818,2060000360,2,2,train
il_15120,3196,97.2,il,32.37528291,34.91332854,ALEXANDER - ELYASHIV,Israel,488.754242,2060000360,2,2,train
il_17110,3196,97.2,il,32.14754491,34.96218765,QANA - YARHIV,Israel,238.7840315,2060000360,2,2,train
il_17117,3196,97.2,il,32.0718534,34.94641642,SHILLO - LOD-ROSH HA'AYIN ROAD,Israel,366.9439979,2060000360,2,2,train
il_17135,3196,97.2,il,32.10619345,34.83063492,YARQON - HERZLIA ROAD,Israel,954.5024849,2060000360,2,2,train
il_17144,2837,86.28,il,31.95851271,34.90455999,AYYALON - LOD WEIR,Israel,297.9661719,2060000360,2,2,train
il_17155,3196,97.2,il,31.98416293,34.9057251,NATUF - EL-AL JUNCTION,Israel,245.2422274,2060000360,2,2,train
il_17162,3196,97.2,il,32.00873513,34.91654654,BET ARIF - ROAD 46,Israel,90.64772326,2060000360,2,2,train
il_17164,3196,97.2,il,32.00134564,34.86406859,AYYALON-AIRPORT,Israel,561.7737992,2060000360,2,2,train
il_17168,2638,80.23,il,32.04037499,34.79383687,AYYALON - SHEKHUNAT 'EZRA,Israel,789.5842685,2060000360,2,2,train
il_18115,3167,96.32,il,31.75722536,34.99487492,SOREQ - HARTUV,Israel,239.7419468,2060000360,2,2,train
il_18125,3196,97.2,il,31.80110263,34.95170208,HAR'EL - KEFAR URIYYA,Israel,12.96490116,2060000360,2,2,train
il_18131,3196,97.2,il,31.80832195,34.84811369,SOREQ - YESODOT,Israel,407.0654404,2060000360,2,2,train
il_18150,3196,97.2,il,31.8699823,34.75243996,SOREQ - YAVNE,Israel,615.841125,2060000360,2,2,train
il_18178,3196,97.2,il,31.83725745,34.78193559,EQRON - BET EL'AZARI WEIR,Israel,64.48977007,2060000360,2,2,train
il_18180,3196,97.2,il,31.90004464,34.76409042,GAMLI'EL -  HIGHWAY 42,Israel,615.841125,2060000360,2,2,train
il_19130,3196,97.2,il,31.70572122,34.72475638,GUVRIN - SHAFIR,Israel,200.3922515,2060000360,2,2,train
il_19160,3196,97.2,il,31.70493054,34.84324571,HAELA - TEL ZAFIT,Israel,296.4482088,2060000360,2,2,train
il_19178,3196,97.2,il,31.78176383,34.68344309,HAELA - GAN YAVNE,Israel,432.5301425,2060000360,2,2,train
il_2105,3196,97.2,il,33.05148391,35.10663703,KEZIV - HAZIV BRIDGE,Israel,130.0720092,2060000360,2,2,train
il_21105,3044,92.58,il,31.46906047,34.77685349,SHIQMA - TEL MILHA,Israel,43.09225826,2060000360,2,2,train
il_21120,2957,89.93,il,31.52828282,34.78121661,ADORAYIM - RAILWAY BRIDGE,Israel,208.3019365,2060000360,2,2,train
il_21130,3015,91.7,il,31.54958033,34.62782645,SHIQMA - BEROR HAYIL,Israel,376.326393,2060000360,2,2,train
il_23103,3057,92.97,il,30.90813229,34.85139921,HARO'A - HAR HANEGEV 6,Israel,17.03585104,2060000350,4,4,train
il_23105,3049,92.73,il,30.9548917,34.69522757,BESOR - NEW NIZZANA ROAD,Israel,170.728674,2060000350,4,4,train
il_23134,3075,93.52,il,31.22728047,34.79889505,BEQA' - BE'ER-SHEVA,Israel,95.26115559,2060000350,4,4,train
il_23137,2736,83.21,il,31.22983565,34.74602753,BE'ER-SHEVA - HAZERIM,Israel,1234.188292,2060000350,4,4,train
il_23150,3048,92.7,il,31.3855742,34.45021776,BESOR - REIM,Israel,2588.532411,2060000350,4,4,train
il_23160,2650,80.6,il,31.40013074,34.44571689,GERAR - RE'IM,Israel,699.0798257,2060000350,4,4,train
il_25191,2897,88.11,il,30.91404774,34.52551567,LAVAN - NIZANA ROAD,Israel,207.6149543,2060000240,4,4,train
il_30120,2830,86.07,il,33.23862652,35.62444332,SENIR - MA'YAN BARUKH,Israel,608.6851061,2060085720,1,1,val
il_30124,3104,94.4,il,33.24044753,35.76217553,SA'AR - MASAADA,Israel,23.70664705,2060085720,1,1,val
il_30128,2830,86.07,il,33.21629629,35.64188528,HERMON - KEFAR SZOLD ROAD,Israel,150.2130991,2060085720,1,1,val
il_30131,3120,94.89,il,33.24529033,35.64759854,DAN - THE NATURE RESERVE,Israel,22.68337927,2060085720,1,1,val
il_30145,2830,86.07,il,33.28321039,35.58270527,IYON - METULLA,Israel,30.58321424,2060085720,1,1,val
il_30155,2830,86.07,il,33.14848191,35.64009079,OREVIM - LAHAVOT HABASHAN,Israel,44.12699948,2060085720,1,1,val
il_30165,3196,97.2,il,33.0419491,35.57110473,DISHON - ROSH PINNA-METULLA ROAD,Israel,90.31610628,2060085720,1,1,val
il_30170,3196,97.2,il,33.02234731,35.58311801,HAZOR - AYYELET HASHAHAR,Israel,34.28634907,2060085720,1,1,val
il_30175,3196,97.2,il,33.04061063,35.62923932,JORDAN - OBSTACLE BRIDGE,Israel,1404.822535,2060085720,1,1,val
il_31110,3196,97.2,il,32.85710841,35.52468275,AMMUD - TIBERIAS-ROSH PINNA ROAD,Israel,125.993095,2060085720,1,1,val
il_31115,3196,97.2,il,32.84584512,35.51444116,ZALMON - TIBERIAS-ROSH PINNA ROAD,Israel,99.56098389,2060085720,1,1,val
il_31155,3196,97.2,il,32.90800843,35.64597508,MESHUSHIM - DARDARA,Israel,160.0822035,2060085720,1,1,val
il_31160,3196,97.2,il,32.89964264,35.65057226,YEHUDIYA - BET ZAYDA ROAD,Israel,80.68688029,2060085720,1,1,val
il_31163,3196,97.2,il,32.8896289,35.65952054,DALIYOT - BET ZAYDA ROAD,Israel,108.6988553,2060085720,1,1,val
il_31165,3196,97.2,il,32.82911481,35.65273977,SAMAK - -200 M ELEVATION,Israel,101.121556,2060085720,1,1,val
il_38175,3196,97.2,il,32.50647675,35.51853909,HAROD - BET SHE'AN NEAR 90 ROUD,Israel,181.6005838,2060085720,1,1,val
il_4110,3196,97.2,il,32.99988018,35.13064157,GA'TON - BEN 'AMMI,Israel,37.43761877,2060000360,2,2,train
il_48125,3196,97.2,il,31.60021983,35.36559947,DARGA,Israel,75.08904194,2060085720,1,1,val
il_48130,3071,93.4,il,31.58683404,35.3523963,TEQOA,Israel,138.9556468,2060085720,1,1,val
il_48185,3020,91.85,il,31.29582957,35.37494201,RAHAF,Israel,75.429919,2060085720,1,1,val
il_48192,2972,90.39,il,31.13461549,35.34937286,HEMAR - DOWNSTREAM THE CLIFF,Israel,359.0726324,2060085720,1,1,val
il_5110,3194,97.14,il,32.98390471,35.08644874,BET HA'EMEQ - SHAVE ZIYYON,Israel,70.18663035,2060000360,2,2,train
il_55106,2957,89.93,il,30.77892603,34.77665729,ZIN UPPER - 'AVEDAT,Israel,125.0107089,2060085720,1,1,val
il_55140,2930,89.11,il,30.80323295,34.9807157,ZIN - MASOS,Israel,674.2232028,2060085720,1,1,val
il_55165,3043,92.55,il,30.95947708,35.04535768,MAMSHIT,Israel,60.66026374,2060085720,1,1,val
il_56140,2939,89.39,il,30.61377387,34.85887525,RAMON,Israel,110.9949949,2060085720,1,1,val
il_56150,2943,89.51,il,30.57613742,35.04807223,NEQAROT - UPPER,Israel,710.5131269,2060085720,1,1,val
il_56164,2944,89.54,il,30.65322645,35.21239421,NEQAROT - ARAVA ROAD,Israel,956.224774,2060085720,1,1,val
il_57125,3048,92.7,il,30.09547674,34.72724286,PEHAMI,Israel,51.42041918,2060085720,1,1,val
il_57130,3048,92.7,il,30.12251531,34.7208869,PARAN - WESTERN BORDER,Israel,2466.141992,2060085720,1,1,val
il_57160,3074,93.49,il,30.37609976,34.90950529,AROD,Israel,159.859952,2060085720,1,1,val
il_57165,3074,93.49,il,30.32515586,34.97393898,PARAN - THE BOTTLENECK,Israel,3376.023958,2060085720,1,1,val
il_57180,3074,93.49,il,30.31134182,35.0105467,ZIHOR,Israel,166.5308574,2060085720,1,1,val
il_57190,2733,83.12,il,30.39311109,35.15501913,PARAN - ARAVA ROAD,Israel,3630.054524,2060085720,1,1,val
il_58150,2939,89.39,il,30.19171758,35.00863207,HIYON- 40 ROAD,Israel,754.6531122,2060085720,1,1,val
il_58175,2939,89.39,il,30.15351429,35.0205201,QEZEV- 40 ROAD,Israel,65.53825764,2060085720,1,1,val
il_59185,3104,94.4,il,30.77733104,35.31360938,UBA,Israel,115.9198648,2060085720,1,1,val
il_59195,2972,90.39,il,30.9423622,35.36747838,EMZIYAHY-TAMAR SPRING UPSTREAM,Israel,133.7313278,2060085720,1,1,val
il_60105,2970,90.33,il,30.0890329,35.11448705,YA'ALON - KIBBUZ YAHAL,Israel,22.09269441,2060084740,1,1,val
il_60110,3079,93.64,il,30.07472146,35.13718323,SOUTH ARAVA-YAEL,Israel,23.3255257,2060084740,1,1,val
il_60140,2970,90.33,il,29.78980259,34.97622072,TIMNA - PARK,Israel,21.09717269,2060084740,1,1,val
il_60150,2915,88.66,il,29.67451892,34.92390983,RAHAM,Israel,47.75911229,2060084740,1,1,val
il_60170,2915,88.66,il,29.59307166,34.91438107,NETAFIM,Israel,39.39223192,2060084740,1,1,val
il_60190,3076,93.55,il,29.52625745,34.91377764,SHELOMO-EILAT,Israel,14.81610393,2060084750,1,1,val
il_7105,3196,97.2,il,32.89572071,35.1835797,HILLAZON - YAS-UR,Israel,162.957534,2060000360,2,2,train
il_8146,3196,97.2,il,32.72140599,35.09736691,QISHON - THE QUARRY,Israel,694.9007977,2060000360,2,2,train
il_8155,3196,97.2,il,32.77008889,35.15486721,ZIPPORI - TEL ALIL,Israel,246.4924941,2060000360,2,2,train
lamahice_104,3007,91.45,lamahice,64.67812910680335,-18.446520021206453,"Thjorsa, Thjorsarlon Reservoir Outflow",Iceland,776.3481728713524,2060059250,3,3,train
lamahice_12,2830,86.07,lamahice,65.73609345296197,-23.205546207023502,"Dynjandisa, Sjoarfoss",Iceland,42.35110718780874,2060057310,3,3,train
lamahice_15,3188,96.96,lamahice,64.92226385658269,-15.059135029169472,"Fellsa, Sturluflot II",Iceland,124.72510557260232,2060058580,2,2,train
lamahice_20,3194,97.14,lamahice,64.11359993658574,-19.849850540743223,"Fossa, Hjalp",Iceland,213.14355233083583,2060059260,1,1,val
lamahice_26,2830,86.07,lamahice,64.50444351875645,-21.09519442429847,"Grimsa, Reydarvatnsos",Iceland,107.5640446819248,2060057300,4,4,train
lamahice_3,2830,86.07,lamahice,65.30983474435061,-18.88604841008394,"Austari-Jokulsa, ofan Skatastada",Iceland,1127.6632587174065,2060057990,2,2,train
lamahice_33,3189,96.99,lamahice,65.09365311020473,-15.527019113564464,"Hrafnkela, Vadbrekkufoss",Iceland,179.9442537301545,2060058560,2,2,train
lamahice_38,2830,86.07,lamahice,63.71170883152269,-18.718201993319013,"Holmsa, Holmsarfoss",Iceland,235.45809095181315,2060059110,3,3,train
lamahice_39,2830,86.07,lamahice,64.08875131478595,-21.686872331702297,"Holmsa, Gunnarsholmi",Iceland,214.11913952723904,2060057170,3,3,train
lamahice_43,3190,97.02,lamahice,64.94522676405302,-15.790645290355236,"Jokulsa a Dal, Halslon Reservoir Calculated Inflow reiknad innrennsli",Iceland,1652.2364547063896,2060058560,2,2,train
lamahice_48,3191,97.05,lamahice,64.80857610330075,-15.419379346855424,"Jokulsa i Fljotsdal, Eyjabakkafoss",Iceland,300.4414003060153,2060058580,2,2,train
lamahice_51,3192,97.08,lamahice,64.53697982360674,-18.1909390792833,"Kaldakvisl, Hagongulon Reservoir Calculated Inflow reiknad innrennsli",Iceland,663.0571095661509,2060059250,3,3,train
lamahice_56,3194,97.14,lamahice,64.74344608654269,-15.364864756612253,"Keldua, Ofan Folavatns",Iceland,44.287117347409534,2060058580,2,2,train
lamahice_59,2830,86.07,lamahice,65.04811978082846,-16.142483955915406,"Kreppa, Lonshnjukur",Iceland,935.8764570561474,2060058320,4,4,train
lamahice_6,3185,96.87,lamahice,65.40203106339021,-19.827112170790127,"Blanda, Blondulon Reservoir Calculated Inflow reiknad innrennsli",Iceland,1483.31445188537,2060057870,4,4,train
lamahice_61,3148,95.74,lamahice,64.03551204463125,-20.31863303490192,"Kalfa, Kalfa",Iceland,87.27280348725697,2060059260,1,1,val
lamahice_64,3194,97.14,lamahice,65.58700177199688,-17.142798645327893,"Laxa, Helluvad",Iceland,1499.8478954945742,2060058260,1,1,val
lamahice_73,3185,96.87,lamahice,64.95782979658873,-19.507520810753668,"Seydisa, Kjolur",Iceland,299.7386590204721,2060057870,4,4,train
lamahice_79,3185,96.87,lamahice,64.06864940027117,-20.97826375876455,"Sog, Asgardur",Iceland,990.8320010773094,2060059310,2,2,train
lamahice_82,2830,86.07,lamahice,64.08590465217124,-21.701819566473343,"Sudura, Hofledursholl",Iceland,3.81968412854602,2060057170,3,3,train
lamahice_86,3194,97.14,lamahice,64.09962985850969,-19.05375184627928,"Tungnaa, Mariufoss",Iceland,1133.7329668645634,2060059250,3,3,train
lamahice_96,3194,97.14,lamahice,64.30593548017863,-18.974770352936225,"Alftafitjakvisl, Alftafitjakvisl",Iceland,19.191832329618062,2060059250,3,3,train
