gauge_id,main_basin_id,L0_basin_id,fold,split_role
GRDC_1160900,1060012820,1060012820,3,train
GRDC_1160911,1060012820,1060012820,3,train
GRDC_1160913,1060012820,1060012820,3,train
GRDC_1160915,1060012820,1060012820,3,train
GRDC_1160920,1060012820,1060012820,3,train
GRDC_1160970,1060012820,1060012820,3,train
GRDC_1160975,1060012820,1060012820,3,train
GRDC_1160979,1060012820,1060012820,3,train
GRDC_1160750,1060013070,1060013070,2,train
GRDC_1160752,1060013070,1060013070,2,train
GRDC_1160755,1060013070,1060013070,2,train
GRDC_1160756,1060013070,1060013070,2,train
GRDC_1160810,1060013070,1060013070,2,train
GRDC_1160815,1060013070,1060013070,2,train
GRDC_1160820,1060013070,1060013070,2,train
GRDC_1160825,1060013070,1060013070,2,train
GRDC_1160842,1060013070,1060013070,2,train
GRDC_1160850,1060013070,1060013070,2,train
GRDC_1160851,1060013070,1060013070,2,train
GRDC_1160881,1060013070,1060013070,2,train
GRDC_1160882,1060013070,1060013070,2,train
GRDC_1160883,1060013070,1060013070,2,train
GRDC_1160885,1060013070,1060013070,2,train
GRDC_1160892,1060013070,1060013070,2,train
GRDC_1160894,1060013070,1060013070,2,train
GRDC_1160790,1060013080,1060013080,2,train
GRDC_1160795,1060013080,1060013080,2,train
GRDC_1160710,1060013200,1060013200,1,val
GRDC_1160715,1060013200,1060013200,1,val
GRDC_1160717,1060013200,1060013200,1,val
GRDC_1160720,1060013200,1060013200,1,val
GRDC_1160723,1060013200,1060013200,1,val
GRDC_1160725,1060013200,1060013200,1,val
GRDC_1160788,1060013200,1060013200,1,val
GRDC_1160700,1060013210,1060013210,3,train
GRDC_1160703,1060013210,1060013210,3,train
GRDC_1160704,1060013210,1060013210,3,train
GRDC_1160705,1060013210,1060013210,3,train
GRDC_1160708,1060013210,1060013210,3,train
GRDC_1160709,1060013210,1060013210,3,train
GRDC_1160981,1060013210,1060013210,3,train
GRDC_1160983,1060013210,1060013210,3,train
GRDC_1160985,1060013210,1060013210,3,train
GRDC_1160680,1060013420,1060013420,2,train
GRDC_1160687,1060013420,1060013420,2,train
GRDC_1160688,1060013420,1060013420,2,train
GRDC_1160650,1060013430,1060013430,1,val
GRDC_1160780,1060013430,1060013430,1,val
GRDC_1160763,1060013640,1060013640,2,train
GRDC_1160765,1060013640,1060013640,2,train
GRDC_1160770,1060013640,1060013640,2,train
GRDC_1160773,1060013640,1060013640,2,train
GRDC_1160774,1060013640,1060013640,2,train
GRDC_1160775,1060013640,1060013640,2,train
GRDC_1160777,1060013640,1060013640,2,train
GRDC_1160785,1060013640,1060013640,2,train
GRDC_1160743,1060013820,1060013820,0,test
GRDC_1160745,1060013820,1060013820,0,test
GRDC_1160671,1060013950,1060013950,0,test
GRDC_1160675,1060013950,1060013950,0,test
GRDC_1160684,1060013950,1060013950,0,test
GRDC_1160690,1060013950,1060013950,0,test
GRDC_1160693,1060013950,1060013950,0,test
GRDC_1160695,1060013950,1060013950,0,test
GRDC_1160730,1060013950,1060013950,0,test
GRDC_1160600,1060013960,1060013960,2,train
GRDC_1160610,1060013960,1060013960,2,train
GRDC_1160611,1060013960,1060013960,2,train
GRDC_1160615,1060013960,1060013960,2,train
GRDC_1160617,1060013960,1060013960,2,train
GRDC_1160621,1060013960,1060013960,2,train
GRDC_1160640,1060013960,1060013960,2,train
GRDC_1160641,1060013960,1060013960,2,train
GRDC_1160660,1060013960,1060013960,2,train
GRDC_1160537,1060014220,1060014220,3,train
GRDC_1160580,1060014220,1060014220,3,train
GRDC_1160625,1060014220,1060014220,3,train
GRDC_1160635,1060014220,1060014220,3,train
GRDC_1160500,1060014230,1060014230,1,val
GRDC_1160505,1060014230,1060014230,1,val
GRDC_1160545,1060014230,1060014230,1,val
GRDC_1160493,1060014370,1060014370,4,train
GRDC_1160485,1060014380,1060014380,4,train
GRDC_1160487,1060014380,1060014380,4,train
GRDC_1160351,1060014500,1060014500,3,train
GRDC_1160400,1060014500,1060014500,3,train
GRDC_1160403,1060014500,1060014500,3,train
GRDC_1160405,1060014500,1060014500,3,train
GRDC_1160417,1060014500,1060014500,3,train
GRDC_1160419,1060014500,1060014500,3,train
GRDC_1160420,1060014500,1060014500,3,train
GRDC_1160425,1060014500,1060014500,3,train
GRDC_1160427,1060014500,1060014500,3,train
GRDC_1160430,1060014500,1060014500,3,train
GRDC_1160441,1060014500,1060014500,3,train
GRDC_1160443,1060014500,1060014500,3,train
GRDC_1160455,1060014500,1060014500,3,train
GRDC_1160456,1060014500,1060014500,3,train
GRDC_1160458,1060014500,1060014500,3,train
GRDC_1160459,1060014500,1060014500,3,train
GRDC_1160370,1060014920,1060014920,3,train
GRDC_1160373,1060014920,1060014920,3,train
GRDC_1160102,1060014930,1060014930,1,val
GRDC_1160300,1060014930,1060014930,1,val
GRDC_1160301,1060014930,1060014930,1,val
GRDC_1160303,1060014930,1060014930,1,val
GRDC_1160304,1060014930,1060014930,1,val
GRDC_1160305,1060014930,1060014930,1,val
GRDC_1160310,1060014930,1060014930,1,val
GRDC_1160315,1060014930,1060014930,1,val
GRDC_1160317,1060014930,1060014930,1,val
GRDC_1160328,1060014930,1060014930,1,val
GRDC_1160341,1060014930,1060014930,1,val
GRDC_1160345,1060014930,1060014930,1,val
GRDC_1160940,1060014930,1060014930,1,val
GRDC_1160955,1060014930,1060014930,1,val
GRDC_1160957,1060014930,1060014930,1,val
GRDC_1160960,1060014930,1060014930,1,val
GRDC_1160113,1060015030,1060015030,2,train
GRDC_1160115,1060015030,1060015030,2,train
GRDC_1160120,1060015030,1060015030,2,train
GRDC_1160250,1060015030,1060015030,2,train
GRDC_1160256,1060015030,1060015030,2,train
GRDC_1160240,1060015390,1060015390,1,val
GRDC_1160245,1060015390,1060015390,1,val
GRDC_1160263,1060015390,1060015390,1,val
GRDC_1160265,1060015390,1060015390,1,val
GRDC_1160266,1060015390,1060015390,1,val
GRDC_1160271,1060015390,1060015390,1,val
GRDC_1160275,1060015390,1060015390,1,val
GRDC_1160276,1060015390,1060015390,1,val
GRDC_1160290,1060015390,1060015390,1,val
GRDC_1160295,1060015390,1060015390,1,val
GRDC_1160200,1060015630,1060015630,3,train
GRDC_1159105,1060015850,1060015850,2,train
GRDC_1258500,1060016760,1060016760,2,train
GRDC_1258502,1060016760,1060016760,2,train
GRDC_1258508,1060016760,1060016760,2,train
GRDC_1258509,1060016760,1060016760,2,train
GRDC_1258150,1060017390,1060017390,1,val
GRDC_1255100,1060018120,1060018120,0,test
GRDC_1324580,1060024680,1060024680,4,train
GRDC_1323550,1060024770,1060024770,2,train
GRDC_1323580,1060024770,1060024770,2,train
GRDC_1322840,1060024870,1060024870,1,val
GRDC_1322880,1060024870,1060024870,1,val
GRDC_1320100,1060024880,1060024880,0,test
GRDC_1320150,1060024880,1060024880,0,test
GRDC_1321880,1060024880,1060024880,0,test
GRDC_1291100,1061469870,1060011660,3,train
GRDC_1257100,1061477980,1060040200,2,train
GRDC_1257101,1061482000,1060040200,1,val
GRDC_1291200,1061487890,1060011660,0,test
GRDC_1196551,1061549800,1060012590,4,train
GRDC_1196540,1061549880,1060012590,3,train
GRDC_1196560,1061552590,1060012590,4,train
GRDC_1196561,1061552590,1060012590,4,train
GRDC_1196562,1061552590,1060012590,4,train
GRDC_1196563,1061552590,1060012590,4,train
GRDC_1196564,1061552590,1060012590,4,train
GRDC_1196565,1061552590,1060012590,4,train
GRDC_1196569,1061552590,1060012590,4,train
GRDC_1196340,1061555620,1060012590,0,test
GRDC_1196390,1061555620,1060012590,0,test
GRDC_1196405,1061556200,1060012590,2,train
GRDC_1196570,1061561400,1060012590,1,val
GRDC_1259451,1061561850,1060015850,0,test
GRDC_1196360,1061563540,1060012590,4,train
GRDC_1196370,1061563540,1060012590,4,train
GRDC_1196380,1061563540,1060012590,4,train
GRDC_1196300,1061569210,1060012590,4,train
GRDC_1196205,1061573320,1060012590,4,train
GRDC_1196210,1061573320,1060012590,4,train
GRDC_1196200,1061574230,1060012590,1,val
GRDC_1196213,1061574230,1060012590,1,val
GRDC_1196215,1061574230,1060012590,1,val
GRDC_1196220,1061574230,1060012590,1,val
GRDC_1196142,1061574470,1060012590,1,val
GRDC_1196150,1061574470,1060012590,1,val
GRDC_1196160,1061574470,1060012590,1,val
GRDC_1196190,1061574470,1060012590,1,val
GRDC_1196700,1061574470,1060012590,1,val
GRDC_1196710,1061574470,1060012590,1,val
GRDC_1196720,1061574470,1060012590,1,val
GRDC_1196800,1061574470,1060012590,1,val
GRDC_1196850,1061574470,1060012590,1,val
GRDC_1196130,1061577000,1060012590,2,train
GRDC_1196350,1061577000,1060012590,2,train
GRDC_1196410,1061577000,1060012590,2,train
GRDC_1196413,1061577000,1060012590,2,train
GRDC_1196415,1061577000,1060012590,2,train
GRDC_1196420,1061577000,1060012590,2,train
GRDC_1196425,1061577000,1060012590,2,train
GRDC_1196440,1061577000,1060012590,2,train
GRDC_1196441,1061577000,1060012590,2,train
GRDC_1196443,1061577000,1060012590,2,train
GRDC_1196445,1061577000,1060012590,2,train
GRDC_1196447,1061577000,1060012590,2,train
GRDC_1196450,1061577000,1060012590,2,train
GRDC_1196455,1061577000,1060012590,2,train
GRDC_1196170,1061580860,1060012590,3,train
GRDC_1196175,1061580860,1060012590,3,train
GRDC_1196180,1061580860,1060012590,3,train
GRDC_1196106,1061586850,1060012590,3,train
GRDC_1196104,1061586860,1060012590,2,train
GRDC_1196105,1061586860,1060012590,2,train
GRDC_1196110,1061586860,1060012590,2,train
GRDC_1197701,1061592210,1060012680,3,train
GRDC_1197705,1061592210,1060012680,3,train
GRDC_1197710,1061592210,1060012680,3,train
GRDC_1197730,1061592210,1060012680,3,train
GRDC_1197740,1061592210,1060012680,3,train
GRDC_1197745,1061592210,1060012680,3,train
GRDC_1197750,1061592210,1060012680,3,train
GRDC_1197090,1061592240,1060012680,2,train
GRDC_1197500,1061593730,1060012680,1,val
GRDC_1197501,1061593730,1060012680,1,val
GRDC_1197502,1061593730,1060012680,1,val
GRDC_1197505,1061593730,1060012680,1,val
GRDC_1197507,1061593730,1060012680,1,val
GRDC_1197530,1061593730,1060012680,1,val
GRDC_1197540,1061593730,1060012680,1,val
GRDC_1197550,1061593730,1060012680,1,val
GRDC_1197555,1061593730,1060012680,1,val
GRDC_1197560,1061593730,1060012680,1,val
GRDC_1197580,1061593730,1060012680,1,val
GRDC_1197590,1061593730,1060012680,1,val
GRDC_1197593,1061593730,1060012680,1,val
GRDC_1197595,1061593730,1060012680,1,val
GRDC_1197001,1061593770,1060012680,1,val
GRDC_1197010,1061593770,1060012680,1,val
GRDC_1197100,1061593770,1060012680,1,val
GRDC_1197300,1061593770,1060012680,1,val
GRDC_1197310,1061593770,1060012680,1,val
GRDC_1259350,1061594040,1060015850,1,val
GRDC_1259070,1061594910,1060015850,1,val
GRDC_1259103,1061594910,1060015850,1,val
GRDC_1259104,1061594910,1060015850,1,val
GRDC_1199100,1061606140,1060012810,1,val
GRDC_1199115,1061606140,1060012810,1,val
GRDC_1199410,1061606140,1060012810,1,val
GRDC_1199415,1061606140,1060012810,1,val
GRDC_1199453,1061606140,1060012810,1,val
GRDC_1199455,1061606140,1060012810,1,val
GRDC_1199460,1061606180,1060012810,3,train
GRDC_1199465,1061606180,1060012810,3,train
GRDC_1199200,1061608280,1060012810,2,train
GRDC_1199310,1061608280,1060012810,2,train
GRDC_1159547,1061608460,1060015850,0,test
GRDC_1159548,1061608460,1060015850,0,test
GRDC_1159549,1061608460,1060015850,0,test
GRDC_1159550,1061608480,1060015850,4,train
GRDC_1159555,1061608480,1060015850,4,train
GRDC_1159560,1061608480,1060015850,4,train
GRDC_1159805,1061608860,1060015850,2,train
GRDC_1159811,1061608860,1060015850,2,train
GRDC_1159813,1061608860,1060015850,2,train
GRDC_1159815,1061608860,1060015850,2,train
GRDC_1159820,1061608860,1060015850,2,train
GRDC_1159825,1061608860,1060015850,2,train
GRDC_1159830,1061608860,1060015850,2,train
GRDC_1159880,1061608870,1060015850,0,test
GRDC_1159890,1061608870,1060015850,0,test
GRDC_1159900,1061608870,1060015850,0,test
GRDC_1159910,1061608870,1060015850,0,test
GRDC_1159520,1061609680,1060015850,1,val
GRDC_1159525,1061609680,1060015850,1,val
GRDC_1159545,1061610030,1060015850,0,test
GRDC_1159510,1061613580,1060015850,0,test
GRDC_1159513,1061613580,1060015850,0,test
GRDC_1159400,1061615380,1060015850,4,train
GRDC_1159535,1061616230,1060015850,3,train
GRDC_1159413,1061616280,1060015850,3,train
GRDC_1159415,1061616280,1060015850,3,train
GRDC_1159417,1061616280,1060015850,3,train
GRDC_1159403,1061619510,1060015850,2,train
GRDC_1159100,1061622030,1060015850,1,val
GRDC_1159405,1061623250,1060015850,0,test
GRDC_1159490,1061623270,1060015850,4,train
GRDC_1159290,1061626210,1060015850,4,train
GRDC_1159300,1061626210,1060015850,4,train
GRDC_1159103,1061627170,1060015850,3,train
GRDC_1159310,1061627310,1060015850,2,train
GRDC_1159333,1061627310,1060015850,2,train
GRDC_1159337,1061627310,1060015850,2,train
GRDC_1159301,1061628600,1060015850,2,train
GRDC_1159450,1061628750,1060015850,1,val
GRDC_1159330,1061628760,1060015850,0,test
GRDC_1159335,1061629090,1060015850,4,train
GRDC_1159320,1061629140,1060015850,3,train
GRDC_1159302,1061629430,1060015850,2,train
GRDC_1159304,1061630260,1060015850,1,val
GRDC_1159130,1061633610,1060015850,0,test
GRDC_1159305,1061638580,1060015850,4,train
GRDC_1159670,1061640050,1060015850,1,val
GRDC_1159673,1061640050,1060015850,1,val
GRDC_1159675,1061640050,1060015850,1,val
GRDC_1159601,1061640090,1060015850,3,train
GRDC_1159650,1061640090,1060015850,3,train
GRDC_1159651,1061641340,1060015850,0,test
GRDC_1159653,1061641340,1060015850,0,test
GRDC_1159655,1061641340,1060015850,0,test
GRDC_1159660,1061641370,1060015850,3,train
GRDC_1159110,1061642610,1060015850,4,train
GRDC_1159120,1061642610,1060015850,4,train
GRDC_1159125,1061642610,1060015850,4,train
GRDC_1160091,1061647450,1060015560,4,train
GRDC_1160095,1061647450,1060015560,4,train
GRDC_1160230,1061647450,1060015560,4,train
GRDC_1160235,1061647450,1060015560,4,train
GRDC_1160523,1061648810,1060014220,2,train
GRDC_1160520,1061648820,1060014220,1,val
GRDC_1160512,1061651670,1060014220,3,train
GRDC_1160525,1061651670,1060014220,3,train
GRDC_1160528,1061651670,1060014220,3,train
GRDC_1160320,1061651680,1060015560,0,test
GRDC_1160529,1061651690,1060014220,4,train
GRDC_1160220,1061652910,1060015560,3,train
GRDC_1160630,1061655790,1060014220,2,train
GRDC_1160510,1061655840,1060014220,1,val
GRDC_1160530,1061656010,1060014220,2,train
GRDC_1160533,1061656010,1060014220,2,train
GRDC_1160527,1061656050,1060014220,0,test
GRDC_1160385,1061658560,1060014920,4,train
GRDC_1160365,1061658860,1060014920,2,train
GRDC_1160367,1061658860,1060014920,2,train
GRDC_1160368,1061658860,1060014920,2,train
GRDC_1160393,1061658890,1060014920,3,train
GRDC_1160395,1061658890,1060014920,3,train
GRDC_1160396,1061658890,1060014920,3,train
GRDC_1160398,1061658890,1060014920,3,train
GRDC_1160460,1061659170,1060014490,1,val
GRDC_1160470,1061659170,1060014490,1,val
GRDC_1160450,1061659210,1060014490,1,val
GRDC_1160453,1061659210,1060014490,1,val
GRDC_1160457,1061659210,1060014490,1,val
GRDC_1160352,1061659690,1060014920,0,test
GRDC_1160353,1061659690,1060014920,0,test
GRDC_1160360,1061659690,1060014920,0,test
il_25191,2060000240,2060000240,3,train
il_23103,2060000350,2060000350,0,test
il_23105,2060000350,2060000350,0,test
il_23134,2060000350,2060000350,0,test
il_23137,2060000350,2060000350,0,test
il_23150,2060000350,2060000350,0,test
il_23160,2060000350,2060000350,0,test
il_12130,2060000360,2060000360,1,val
il_12140,2060000360,2060000360,1,val
il_13105,2060000360,2060000360,1,val
il_13125,2060000360,2060000360,1,val
il_13135,2060000360,2060000360,1,val
il_14120,2060000360,2060000360,1,val
il_15120,2060000360,2060000360,1,val
il_17110,2060000360,2060000360,1,val
il_17117,2060000360,2060000360,1,val
il_17135,2060000360,2060000360,1,val
il_17144,2060000360,2060000360,1,val
il_17155,2060000360,2060000360,1,val
il_17162,2060000360,2060000360,1,val
il_17164,2060000360,2060000360,1,val
il_17168,2060000360,2060000360,1,val
il_18115,2060000360,2060000360,1,val
il_18125,2060000360,2060000360,1,val
il_18131,2060000360,2060000360,1,val
il_18150,2060000360,2060000360,1,val
il_18178,2060000360,2060000360,1,val
il_18180,2060000360,2060000360,1,val
il_19130,2060000360,2060000360,1,val
il_19160,2060000360,2060000360,1,val
il_19178,2060000360,2060000360,1,val
il_2105,2060000360,2060000360,1,val
il_21105,2060000360,2060000360,1,val
il_21120,2060000360,2060000360,1,val
il_21130,2060000360,2060000360,1,val
il_4110,2060000360,2060000360,1,val
il_5110,2060000360,2060000360,1,val
il_7105,2060000360,2060000360,1,val
il_8146,2060000360,2060000360,1,val
il_8155,2060000360,2060000360,1,val
camelsch_2617,2060012980,2060012980,2,train
GRDC_6228700,2060016760,2060016760,1,val
GRDC_6228920,2060016940,2060016940,0,test
GRDC_6228600,2060016950,2060016950,4,train
GRDC_6228810,2060017000,2060017000,0,test
GRDC_6228820,2060017000,2060017000,0,test
GRDC_6226800,2060017150,2060017150,4,train
camelses_9177,2060017150,2060017150,4,train
GRDC_6227130,2060017160,2060017160,0,test
GRDC_6227150,2060017160,2060017160,0,test
GRDC_6227160,2060017160,2060017160,0,test
GRDC_6227610,2060017160,2060017160,0,test
GRDC_6227620,2060017160,2060017160,0,test
camelses_3001,2060017160,2060017160,0,test
camelses_3268,2060017160,2060017160,0,test
camelses_8028,2060017160,2060017160,0,test
camelses_8103,2060017160,2060017160,0,test
camelses_8104,2060017160,2060017160,0,test
camelses_8120,2060017160,2060017160,0,test
camelses_8134,2060017160,2060017160,0,test
camelses_8149,2060017160,2060017160,0,test
camelses_9088,2060017160,2060017160,0,test
GRDC_6227500,2060017480,2060017480,0,test
GRDC_6227510,2060017480,2060017480,0,test
GRDC_6227530,2060017480,2060017480,0,test
camelses_3040,2060017480,2060017480,0,test
camelses_8018,2060017480,2060017480,0,test
camelses_8060,2060017480,2060017480,0,test
camelses_8090,2060017480,2060017480,0,test
camelses_8091,2060017480,2060017480,0,test
camelses_8126,2060017480,2060017480,0,test
camelses_8029,2060017490,2060017490,3,train
GRDC_6227420,2060017690,2060017690,3,train
GRDC_6227440,2060017690,2060017690,3,train
camelses_5145,2060018360,2060018360,2,train
GRDC_6212320,2060019150,2060019150,2,train
GRDC_6212330,2060019150,2060019150,2,train
GRDC_6212430,2060019150,2060019150,2,train
camelses_2818,2060019150,2060019150,2,train
camelses_1829,2060019160,2060019160,1,val
GRDC_6211050,2060019310,2060019310,3,train
GRDC_6211170,2060019310,2060019310,3,train
GRDC_6211180,2060019310,2060019310,3,train
GRDC_6211185,2060019310,2060019310,3,train
camelses_1438,2060019310,2060019310,3,train
camelses_1443,2060019310,2060019310,3,train
camelses_1542,2060019310,2060019310,3,train
camelses_1544,2060019310,2060019310,3,train
camelses_1546,2060019310,2060019310,3,train
camelses_1552,2060019310,2060019310,3,train
camelses_1578,2060019310,2060019310,3,train
camelses_1585,2060019310,2060019310,3,train
camelses_1605,2060019310,2060019310,3,train
camelses_1619,2060019310,2060019310,3,train
camelses_1620,2060019310,2060019310,3,train
camelses_1622,2060019310,2060019310,3,train
camelses_1624,2060019310,2060019310,3,train
camelses_1638,2060019310,2060019310,3,train
camelses_1647,2060019310,2060019310,3,train
camelses_1659,2060019310,2060019310,3,train
camelses_1723,2060019310,2060019310,3,train
camelses_1726,2060019310,2060019310,3,train
camelses_1728,2060019310,2060019310,3,train
camelses_1729,2060019310,2060019310,3,train
camelses_1753,2060019310,2060019310,3,train
camelses_1765,2060019310,2060019310,3,train
camelses_1823,2060019310,2060019310,3,train
camelses_1824,2060019310,2060019310,3,train
camelses_1512,2060019320,2060019320,2,train
camelses_1540,2060019320,2060019320,2,train
camelses_1520,2060019410,2060019410,1,val
camelses_1522,2060019410,2060019410,1,val
GRDC_6210310,2060019420,2060019420,1,val
camelses_1427,2060019420,2060019420,1,val
camelses_1431,2060019420,2060019420,1,val
camelses_1433,2060019420,2060019420,1,val
camelses_1441,2060019420,2060019420,1,val
camelses_1464,2060019420,2060019420,1,val
camelses_1485,2060019420,2060019420,1,val
camelses_1424,2060019780,2060019780,0,test
GRDC_6210410,2060019820,2060019820,1,val
camelses_1343,2060019820,2060019820,1,val
camelses_1353,2060019820,2060019820,1,val
camelses_1363,2060019820,2060019820,1,val
camelses_1378,2060019820,2060019820,1,val
camelses_1395,2060019820,2060019820,1,val
camelses_1404,2060019820,2060019820,1,val
camelses_1414,2060019820,2060019820,1,val
camelses_1105,2060019830,2060019830,0,test
camelses_1106,2060019830,2060019830,0,test
camelses_1163,2060019830,2060019830,0,test
camelses_1265,2060019830,2060019830,0,test
camelses_1268,2060019830,2060019830,0,test
camelses_1295,2060019830,2060019830,0,test
camelses_1302,2060019830,2060019830,0,test
GRDC_6238100,2060022610,2060022610,4,train
GRDC_6238150,2060022620,2060022620,3,train
GRDC_6220100,2060022770,2060022770,0,test
GRDC_6220110,2060022770,2060022770,0,test
GRDC_6220111,2060022770,2060022770,0,test
GRDC_6220112,2060022770,2060022770,0,test
GRDC_6220120,2060022770,2060022770,0,test
GRDC_6220162,2060022770,2060022770,0,test
GRDC_6220170,2060022770,2060022770,0,test
GRDC_6220175,2060022770,2060022770,0,test
GRDC_6220204,2060022770,2060022770,0,test
GRDC_6220210,2060022770,2060022770,0,test
GRDC_6220300,2060022770,2060022770,0,test
GRDC_6220301,2060022770,2060022770,0,test
GRDC_6220320,2060022770,2060022770,0,test
GRDC_6220330,2060022770,2060022770,0,test
GRDC_6220360,2060022770,2060022770,0,test
GRDC_6220361,2060022770,2060022770,0,test
GRDC_6220370,2060022770,2060022770,0,test
GRDC_6220500,2060022770,2060022770,0,test
GRDC_6220501,2060022770,2060022770,0,test
GRDC_6220510,2060022770,2060022770,0,test
GRDC_6220350,2060022780,2060022780,2,train
GRDC_6321100,2060022970,2060022970,0,test
GRDC_6321200,2060022970,2060022970,0,test
GRDC_6335020,2060023010,2060023010,2,train
GRDC_6335030,2060023010,2060023010,2,train
GRDC_6335031,2060023010,2060023010,2,train
GRDC_6335032,2060023010,2060023010,2,train
GRDC_6335035,2060023010,2060023010,2,train
GRDC_6335040,2060023010,2060023010,2,train
GRDC_6335045,2060023010,2060023010,2,train
GRDC_6335046,2060023010,2060023010,2,train
GRDC_6335048,2060023010,2060023010,2,train
GRDC_6335050,2060023010,2060023010,2,train
GRDC_6335060,2060023010,2060023010,2,train
GRDC_6335070,2060023010,2060023010,2,train
GRDC_6335075,2060023010,2060023010,2,train
GRDC_6335076,2060023010,2060023010,2,train
GRDC_6335080,2060023010,2060023010,2,train
GRDC_6335081,2060023010,2060023010,2,train
GRDC_6335082,2060023010,2060023010,2,train
GRDC_6335083,2060023010,2060023010,2,train
GRDC_6338200,2060023320,2060023320,4,train
GRDC_6338210,2060023320,2060023320,4,train
GRDC_6338110,2060023600,2060023600,4,train
GRDC_6338130,2060023600,2060023600,4,train
GRDC_6338150,2060023600,2060023600,4,train
GRDC_6337050,2060023940,2060023940,1,val
GRDC_6337060,2060023940,2060023940,1,val
GRDC_6337100,2060023940,2060023940,1,val
GRDC_6337200,2060023940,2060023940,1,val
GRDC_6337250,2060023940,2060023940,1,val
GRDC_6337340,2060023940,2060023940,1,val
GRDC_6337400,2060023940,2060023940,1,val
GRDC_6337501,2060023940,2060023940,1,val
GRDC_6337502,2060023940,2060023940,1,val
GRDC_6337503,2060023940,2060023940,1,val
GRDC_6337504,2060023940,2060023940,1,val
GRDC_6337505,2060023940,2060023940,1,val
GRDC_6337506,2060023940,2060023940,1,val
GRDC_6337507,2060023940,2060023940,1,val
GRDC_6337508,2060023940,2060023940,1,val
GRDC_6337509,2060023940,2060023940,1,val
GRDC_6337510,2060023940,2060023940,1,val
GRDC_6337511,2060023940,2060023940,1,val
GRDC_6337512,2060023940,2060023940,1,val
GRDC_6337513,2060023940,2060023940,1,val
GRDC_6337514,2060023940,2060023940,1,val
GRDC_6337515,2060023940,2060023940,1,val
GRDC_6337516,2060023940,2060023940,1,val
GRDC_6337517,2060023940,2060023940,1,val
GRDC_6337518,2060023940,2060023940,1,val
GRDC_6337519,2060023940,2060023940,1,val
GRDC_6337520,2060023940,2060023940,1,val
GRDC_6337521,2060023940,2060023940,1,val
GRDC_6337530,2060023940,2060023940,1,val
GRDC_6337542,2060023940,2060023940,1,val
GRDC_6337570,2060023940,2060023940,1,val
GRDC_6338250,2060024080,2060024080,1,val
GRDC_6340050,2060024170,2060024170,0,test
GRDC_6340070,2060024170,2060024170,0,test
GRDC_6340110,2060024170,2060024170,0,test
GRDC_6340150,2060024170,2060024170,0,test
GRDC_6340218,2060024170,2060024170,0,test
GRDC_6334270,2060024230,2060024230,2,train
GRDC_6334800,2060024230,2060024230,2,train
camelsdk_310027,2060024230,2060024230,2,train
camelsdk_310032,2060024230,2060024230,2,train
camelsdk_350006,2060024230,2060024230,2,train
camelsdk_350010,2060024230,2060024230,2,train
camelsdk_360008,2060024230,2060024230,2,train
camelsdk_360009,2060024230,2060024230,2,train
camelsdk_380020,2060024230,2060024230,2,train
camelsdk_380023,2060024230,2060024230,2,train
camelsdk_380024,2060024230,2060024230,2,train
camelsdk_380097,2060024230,2060024230,2,train
camelsdk_390001,2060024230,2060024230,2,train
camelsdk_390002,2060024230,2060024230,2,train
camelsdk_400024,2060024230,2060024230,2,train
camelsdk_420014,2060024230,2060024230,2,train
camelsdk_420016,2060024230,2060024230,2,train
camelsdk_420020,2060024230,2060024230,2,train
camelsdk_420021,2060024230,2060024230,2,train
camelsdk_420022,2060024230,2060024230,2,train
camelsdk_420074,2060024230,2060024230,2,train
camelsdk_210090,2060024660,2060024660,0,test
camelsdk_250020,2060024660,2060024660,0,test
camelsdk_250021,2060024660,2060024660,0,test
camelsdk_250075,2060024660,2060024660,0,test
camelsdk_250078,2060024660,2060024660,0,test
camelsdk_250082,2060024660,2060024660,0,test
camelsdk_250086,2060024660,2060024660,0,test
camelsdk_250097,2060024660,2060024660,0,test
camelsdk_250733,2060024660,2060024660,0,test
camelsdk_250734,2060024660,2060024660,0,test
camelsdk_100009,2060024670,2060024670,3,train
camelsdk_100010,2060024670,2060024670,3,train
camelsdk_100011,2060024670,2060024670,3,train
camelsdk_100014,2060024670,2060024670,3,train
camelsdk_100016,2060024670,2060024670,3,train
camelsdk_110011,2060024670,2060024670,3,train
camelsdk_110016,2060024670,2060024670,3,train
camelsdk_120001,2060024670,2060024670,3,train
camelsdk_130005,2060024670,2060024670,3,train
camelsdk_130011,2060024670,2060024670,3,train
camelsdk_130019,2060024670,2060024670,3,train
camelsdk_140016,2060024670,2060024670,3,train
camelsdk_140022,2060024670,2060024670,3,train
camelsdk_150002,2060024670,2060024670,3,train
camelsdk_150032,2060024670,2060024670,3,train
camelsdk_150042,2060024670,2060024670,3,train
camelsdk_150044,2060024670,2060024670,3,train
camelsdk_150046,2060024670,2060024670,3,train
camelsdk_150073,2060024670,2060024670,3,train
camelsdk_160023,2060024670,2060024670,3,train
camelsdk_160024,2060024670,2060024670,3,train
camelsdk_160030,2060024670,2060024670,3,train
camelsdk_160070,2060024670,2060024670,3,train
camelsdk_170004,2060024670,2060024670,3,train
camelsdk_170007,2060024670,2060024670,3,train
camelsdk_180077,2060024670,2060024670,3,train
camelsdk_190012,2060024670,2060024670,3,train
camelsdk_190015,2060024670,2060024670,3,train
camelsdk_200024,2060024670,2060024670,3,train
camelsdk_200026,2060024670,2060024670,3,train
camelsdk_20005,2060024670,2060024670,3,train
camelsdk_210413,2060024670,2060024670,3,train
camelsdk_220043,2060024670,2060024670,3,train
camelsdk_220048,2060024670,2060024670,3,train
camelsdk_220050,2060024670,2060024670,3,train
camelsdk_220053,2060024670,2060024670,3,train
camelsdk_220062,2060024670,2060024670,3,train
camelsdk_30002,2060024670,2060024670,3,train
camelsdk_30003,2060024670,2060024670,3,train
camelsdk_50003,2060024670,2060024670,3,train
camelsdk_60001,2060024670,2060024670,3,train
camelsdk_70003,2060024670,2060024670,3,train
camelsdk_80001,2060024670,2060024670,3,train
camelsdk_90001,2060024670,2060024670,3,train
camelsdk_90015,2060024670,2060024670,3,train
camelsdk_210030,2060025250,2060025250,3,train
camelsdk_210040,2060025250,2060025250,3,train
camelsdk_210062,2060025250,2060025250,3,train
camelsdk_210084,2060025250,2060025250,3,train
camelsdk_210085,2060025250,2060025250,3,train
camelsdk_210089,2060025250,2060025250,3,train
camelsdk_210461,2060025250,2060025250,3,train
camelsdk_210467,2060025250,2060025250,3,train
camelsdk_210487,2060025250,2060025250,3,train
camelsdk_210528,2060025250,2060025250,3,train
camelsdk_210548,2060025250,2060025250,3,train
camelsdk_210665,2060025250,2060025250,3,train
camelsdk_210666,2060025250,2060025250,3,train
camelsdk_210712,2060025250,2060025250,3,train
camelsdk_210745,2060025250,2060025250,3,train
camelsdk_210759,2060025250,2060025250,3,train
camelsdk_210794,2060025250,2060025250,3,train
camelsdk_210803,2060025250,2060025250,3,train
camelsdk_210872,2060025250,2060025250,3,train
camelsdk_240001,2060025270,2060025270,3,train
camelsdk_260080,2060025270,2060025270,3,train
camelsdk_260082,2060025270,2060025270,3,train
camelsdk_260096,2060025270,2060025270,3,train
camelsdk_270002,2060025270,2060025270,3,train
camelsdk_270004,2060025270,2060025270,3,train
camelsdk_270035,2060025270,2060025270,3,train
camelsdk_270045,2060025270,2060025270,3,train
camelsdk_280001,2060025270,2060025270,3,train
camelsdk_290009,2060025270,2060025270,3,train
camelsdk_320001,2060025270,2060025270,3,train
camelsdk_320004,2060025270,2060025270,3,train
camelsdk_320013,2060025270,2060025270,3,train
camelsdk_320022,2060025270,2060025270,3,train
camelsdk_330004,2060025270,2060025270,3,train
camelsdk_340002,2060025270,2060025270,3,train
camelsdk_340003,2060025270,2060025270,3,train
camelsdk_340019,2060025270,2060025270,3,train
camelsdk_340023,2060025270,2060025270,3,train
camelsdk_370011,2060025270,2060025270,3,train
camelsdk_370038,2060025270,2060025270,3,train
camelsdk_410012,2060025270,2060025270,3,train
camelsdk_410014,2060025270,2060025270,3,train
camelsdk_410016,2060025270,2060025270,3,train
camelsdk_410020,2060025270,2060025270,3,train
GRDC_6341301,2060025770,2060025770,0,test
GRDC_6341500,2060025950,2060025950,4,train
GRDC_6357010,2060026060,2060026060,3,train
GRDC_6172020,2060027530,2060027530,0,test
GRDC_6172039,2060027530,2060027530,0,test
GRDC_6172041,2060027530,2060027530,0,test
GRDC_6172042,2060027530,2060027530,0,test
GRDC_6172050,2060027530,2060027530,0,test
GRDC_6172052,2060027530,2060027530,0,test
GRDC_6172053,2060027530,2060027530,0,test
GRDC_6172056,2060027530,2060027530,0,test
GRDC_6172010,2060027540,2060027540,2,train
GRDC_6172011,2060027540,2060027540,2,train
GRDC_6172012,2060027540,2060027540,2,train
GRDC_6172013,2060027540,2060027540,2,train
GRDC_6172014,2060027540,2060027540,2,train
GRDC_6172015,2060027540,2060027540,2,train
GRDC_6172016,2060027540,2060027540,2,train
GRDC_6172021,2060027540,2060027540,2,train
GRDC_6172023,2060027540,2060027540,2,train
GRDC_6172024,2060027540,2060027540,2,train
GRDC_6172026,2060027540,2060027540,2,train
GRDC_6172028,2060027540,2060027540,2,train
GRDC_6172032,2060027540,2060027540,2,train
GRDC_6172036,2060027540,2060027540,2,train
GRDC_6172057,2060027540,2060027540,2,train
GRDC_6172350,2060028110,2060028110,2,train
GRDC_6854330,2060028320,2060028320,1,val
GRDC_6854203,2060028660,2060028660,1,val
GRDC_6854250,2060028660,2060028660,1,val
GRDC_6854260,2060028660,2060028660,1,val
GRDC_6854273,2060028660,2060028660,1,val
GRDC_6854115,2060028670,2060028670,4,train
GRDC_6854150,2060028670,2060028670,4,train
GRDC_6854520,2060028670,2060028670,4,train
GRDC_6854630,2060028670,2060028670,4,train
GRDC_6854650,2060028670,2060028670,4,train
GRDC_6854722,2060028670,2060028670,4,train
GRDC_6854101,2060029320,2060029320,4,train
GRDC_6854103,2060029320,2060029320,4,train
GRDC_6854104,2060029320,2060029320,4,train
GRDC_6854110,2060029320,2060029320,4,train
GRDC_6854116,2060029320,2060029320,4,train
GRDC_6854940,2060029330,2060029330,0,test
GRDC_6854901,2060029510,2060029510,4,train
GRDC_6854201,2060029570,2060029570,3,train
GRDC_6854221,2060029580,2060029580,2,train
GRDC_6854801,2060029750,2060029750,1,val
GRDC_6854420,2060029760,2060029760,0,test
GRDC_6854500,2060029940,2060029940,3,train
GRDC_6854510,2060029940,2060029940,3,train
GRDC_6854590,2060029940,2060029940,3,train
GRDC_6854591,2060029940,2060029940,3,train
GRDC_6854954,2060029940,2060029940,3,train
GRDC_6854400,2060029950,2060029950,3,train
GRDC_6854600,2060029950,2060029950,3,train
GRDC_6854700,2060030060,2060030060,2,train
GRDC_6854702,2060030060,2060030060,2,train
GRDC_6232910,2060030100,2060030100,1,val
GRDC_6832755,2060030100,2060030100,1,val
GRDC_6233870,2060030110,2060030110,4,train
GRDC_6233850,2060030160,2060030160,3,train
GRDC_6233780,2060030170,2060030170,3,train
GRDC_6233785,2060030170,2060030170,3,train
GRDC_6233800,2060030170,2060030170,3,train
GRDC_6233750,2060030260,2060030260,0,test
GRDC_6233752,2060030260,2060030260,0,test
GRDC_6233116,2060030270,2060030270,0,test
GRDC_6233124,2060030270,2060030270,0,test
GRDC_6233710,2060030270,2060030270,0,test
GRDC_6233755,2060030270,2060030270,0,test
GRDC_6233690,2060030480,2060030480,4,train
GRDC_6233692,2060030480,2060030480,4,train
GRDC_6233502,2060030650,2060030650,2,train
GRDC_6233510,2060030650,2060030650,2,train
GRDC_6233530,2060030650,2060030650,2,train
GRDC_6233680,2060030650,2060030650,2,train
GRDC_6233740,2060030650,2060030650,2,train
GRDC_6233126,2060030660,2060030660,2,train
GRDC_6233700,2060030660,2060030660,2,train
GRDC_6233730,2060030660,2060030660,2,train
GRDC_6233650,2060031060,2060031060,2,train
GRDC_6233400,2060031160,2060031160,1,val
GRDC_6233401,2060031160,2060031160,1,val
GRDC_6233460,2060031160,2060031160,1,val
GRDC_6233465,2060031160,2060031160,1,val
GRDC_6233470,2060031160,2060031160,1,val
GRDC_6233551,2060031210,2060031210,3,train
GRDC_6233555,2060031210,2060031210,3,train
GRDC_6233114,2060031220,2060031220,1,val
GRDC_6233110,2060031310,2060031310,0,test
GRDC_6233220,2060031410,2060031410,3,train
GRDC_6233221,2060031410,2060031410,3,train
GRDC_6233222,2060031410,2060031410,3,train
GRDC_6233223,2060031410,2060031410,3,train
GRDC_6233225,2060031410,2060031410,3,train
GRDC_6233227,2060031410,2060031410,3,train
GRDC_6233113,2060031420,2060031420,2,train
GRDC_6233122,2060031420,2060031420,2,train
GRDC_6233200,2060031490,2060031490,4,train
GRDC_6233201,2060031490,2060031490,4,train
GRDC_6233204,2060031490,2060031490,4,train
GRDC_6233205,2060031490,2060031490,4,train
GRDC_6233402,2060031740,2060031740,3,train
GRDC_6233403,2060031740,2060031740,3,train
GRDC_6233406,2060031740,2060031740,3,train
GRDC_6233411,2060031740,2060031740,3,train
GRDC_6233412,2060031740,2060031740,3,train
GRDC_6233413,2060031740,2060031740,3,train
GRDC_6233414,2060031740,2060031740,3,train
GRDC_6233415,2060031740,2060031740,3,train
GRDC_6233416,2060031740,2060031740,3,train
GRDC_6233417,2060031740,2060031740,3,train
GRDC_6233418,2060031740,2060031740,3,train
GRDC_6233419,2060031740,2060031740,3,train
GRDC_6233421,2060031740,2060031740,3,train
GRDC_6233422,2060031740,2060031740,3,train
GRDC_6233423,2060031740,2060031740,3,train
GRDC_6233424,2060031740,2060031740,3,train
GRDC_6233425,2060031740,2060031740,3,train
GRDC_6233600,2060031740,2060031740,3,train
GRDC_6233133,2060031750,2060031750,1,val
GRDC_6233440,2060031750,2060031750,1,val
GRDC_6233300,2060031960,2060031960,0,test
GRDC_6233301,2060031960,2060031960,0,test
GRDC_6233130,2060031970,2060031970,2,train
GRDC_6233240,2060031970,2060031970,2,train
GRDC_6233350,2060031970,2060031970,2,train
GRDC_6233360,2060031970,2060031970,2,train
GRDC_6233365,2060031970,2060031970,2,train
GRDC_6233366,2060031970,2060031970,2,train
GRDC_6233210,2060032670,2060032670,4,train
GRDC_6233250,2060032670,2060032670,4,train
GRDC_6233120,2060032680,2060032680,4,train
GRDC_6233163,2060032680,2060032680,4,train
GRDC_6233165,2060032680,2060032680,4,train
GRDC_6233180,2060032680,2060032680,4,train
GRDC_6233190,2060032680,2060032680,4,train
GRDC_6233367,2060032680,2060032680,4,train
GRDC_6233610,2060032680,2060032680,4,train
GRDC_6233170,2060033010,2060033010,4,train
GRDC_6233100,2060033020,2060033020,3,train
GRDC_6233150,2060033020,2060033020,3,train
GRDC_6233315,2060033320,2060033320,1,val
GRDC_6233320,2060033320,2060033320,1,val
GRDC_6233325,2060033320,2060033320,1,val
GRDC_6229100,2060033330,2060033330,3,train
GRDC_6229110,2060033330,2060033330,3,train
GRDC_6229120,2060033330,2060033330,3,train
GRDC_6229140,2060033330,2060033330,3,train
GRDC_6729131,2060033900,2060033900,1,val
GRDC_6729134,2060033900,2060033900,1,val
GRDC_6731123,2060033900,2060033900,1,val
GRDC_6731137,2060033900,2060033900,1,val
GRDC_6731569,2060033900,2060033900,1,val
GRDC_6731575,2060033900,2060033900,1,val
GRDC_6731693,2060036350,2060036350,3,train
GRDC_6731743,2060037240,2060037240,2,train
GRDC_6730501,2060039020,2060039020,1,val
GRDC_6830100,2060039390,2060039390,0,test
camelsgb_41009,2060048790,2060048790,4,train
camelsgb_41014,2060048790,2060048790,4,train
camelsgb_41019,2060048790,2060048790,4,train
camelsgb_42001,2060048790,2060048790,4,train
camelsgb_42004,2060048790,2060048790,4,train
camelsgb_42010,2060048790,2060048790,4,train
camelsgb_42024,2060048790,2060048790,4,train
camelsgb_42027,2060048790,2060048790,4,train
camelsgb_43006,2060048980,2060048980,0,test
camelsgb_43007,2060048980,2060048980,0,test
camelsgb_43008,2060048980,2060048980,0,test
camelsgb_43009,2060048980,2060048980,0,test
camelsgb_43018,2060048980,2060048980,0,test
camelsgb_43021,2060048980,2060048980,0,test
camelsgb_44001,2060048990,2060048990,1,val
camelsgb_44002,2060048990,2060048990,1,val
camelsgb_45001,2060048990,2060048990,1,val
camelsgb_45003,2060048990,2060048990,1,val
camelsgb_45004,2060048990,2060048990,1,val
camelsgb_45005,2060048990,2060048990,1,val
camelsgb_45009,2060048990,2060048990,1,val
camelsgb_45012,2060048990,2060048990,1,val
camelsgb_46014,2060048990,2060048990,1,val
camelsgb_47001,2060048990,2060048990,1,val
camelsgb_47005,2060048990,2060048990,1,val
camelsgb_47008,2060048990,2060048990,1,val
camelsgb_48011,2060048990,2060048990,1,val
camelsgb_50001,2060048990,2060048990,1,val
camelsgb_50002,2060048990,2060048990,1,val
camelsgb_50006,2060048990,2060048990,1,val
camelsgb_52005,2060048990,2060048990,1,val
camelsgb_52006,2060048990,2060048990,1,val
camelsgb_52010,2060048990,2060048990,1,val
camelsgb_53005,2060048990,2060048990,1,val
camelsgb_53007,2060048990,2060048990,1,val
camelsgb_53013,2060048990,2060048990,1,val
camelsgb_53018,2060048990,2060048990,1,val
camelsgb_53022,2060048990,2060048990,1,val
camelsgb_53028,2060048990,2060048990,1,val
camelsgb_54001,2060049660,2060049660,0,test
camelsgb_54002,2060049660,2060049660,0,test
camelsgb_54004,2060049660,2060049660,0,test
camelsgb_54005,2060049660,2060049660,0,test
camelsgb_54007,2060049660,2060049660,0,test
camelsgb_54008,2060049660,2060049660,0,test
camelsgb_54011,2060049660,2060049660,0,test
camelsgb_54012,2060049660,2060049660,0,test
camelsgb_54015,2060049660,2060049660,0,test
camelsgb_54016,2060049660,2060049660,0,test
camelsgb_54017,2060049660,2060049660,0,test
camelsgb_54019,2060049660,2060049660,0,test
camelsgb_54024,2060049660,2060049660,0,test
camelsgb_54027,2060049660,2060049660,0,test
camelsgb_54028,2060049660,2060049660,0,test
camelsgb_54029,2060049660,2060049660,0,test
camelsgb_54032,2060049660,2060049660,0,test
camelsgb_54038,2060049660,2060049660,0,test
camelsgb_54049,2060049660,2060049660,0,test
camelsgb_54057,2060049660,2060049660,0,test
camelsgb_54095,2060049660,2060049660,0,test
camelsgb_55002,2060049680,2060049680,4,train
camelsgb_55007,2060049680,2060049680,4,train
camelsgb_55014,2060049680,2060049680,4,train
camelsgb_55016,2060049680,2060049680,4,train
camelsgb_55021,2060049680,2060049680,4,train
camelsgb_55023,2060049680,2060049680,4,train
camelsgb_55025,2060049680,2060049680,4,train
camelsgb_55026,2060049680,2060049680,4,train
camelsgb_55032,2060049680,2060049680,4,train
camelsgb_56001,2060049690,2060049690,4,train
camelsgb_56002,2060049690,2060049690,4,train
camelsgb_57004,2060049690,2060049690,4,train
camelsgb_57005,2060049690,2060049690,4,train
camelsgb_57006,2060049690,2060049690,4,train
camelsgb_57007,2060049690,2060049690,4,train
camelsgb_57009,2060049690,2060049690,4,train
camelsgb_58001,2060049690,2060049690,4,train
camelsgb_60002,2060049690,2060049690,4,train
camelsgb_60003,2060049690,2060049690,4,train
camelsgb_60006,2060049690,2060049690,4,train
camelsgb_60010,2060049690,2060049690,4,train
camelsgb_62001,2060049690,2060049690,4,train
camelsgb_64001,2060049690,2060049690,4,train
camelsgb_66001,2060049690,2060049690,4,train
camelsgb_66006,2060049690,2060049690,4,train
camelsgb_66011,2060049690,2060049690,4,train
camelsgb_67006,2060049690,2060049690,4,train
camelsgb_67015,2060049690,2060049690,4,train
camelsgb_68001,2060049690,2060049690,4,train
camelsgb_68003,2060049690,2060049690,4,train
camelsgb_68005,2060049690,2060049690,4,train
camelsgb_69007,2060050410,2060050410,0,test
camelsgb_69015,2060050410,2060050410,0,test
camelsgb_69017,2060050410,2060050410,0,test
camelsgb_69023,2060050410,2060050410,0,test
camelsgb_69027,2060050410,2060050410,0,test
camelsgb_71001,2060050420,2060050420,2,train
camelsgb_71004,2060050420,2060050420,2,train
camelsgb_71006,2060050420,2060050420,2,train
camelsgb_71008,2060050420,2060050420,2,train
camelsgb_71014,2060050420,2060050420,2,train
camelsgb_72004,2060050420,2060050420,2,train
camelsgb_72005,2060050420,2060050420,2,train
camelsgb_73005,2060050420,2060050420,2,train
camelsgb_75003,2060050420,2060050420,2,train
camelsgb_75004,2060050420,2060050420,2,train
camelsgb_76005,2060050420,2060050420,2,train
camelsgb_76007,2060050420,2060050420,2,train
camelsgb_76008,2060050420,2060050420,2,train
camelsgb_77002,2060050790,2060050790,0,test
camelsgb_77003,2060050790,2060050790,0,test
camelsgb_78003,2060050790,2060050790,0,test
camelsgb_78006,2060050790,2060050790,0,test
camelsgb_79002,2060050790,2060050790,0,test
camelsgb_79004,2060050790,2060050790,0,test
camelsgb_79005,2060050790,2060050790,0,test
camelsgb_79006,2060050790,2060050790,0,test
camelsgb_80002,2060050790,2060050790,0,test
camelsgb_81003,2060050790,2060050790,0,test
camelsgb_81006,2060050790,2060050790,0,test
camelsgb_82001,2060050790,2060050790,0,test
camelsgb_82003,2060050790,2060050790,0,test
camelsgb_83003,2060050790,2060050790,0,test
camelsgb_83004,2060050790,2060050790,0,test
camelsgb_83006,2060050790,2060050790,0,test
camelsgb_83013,2060050790,2060050790,0,test
camelsgb_84001,2060051150,2060051150,3,train
camelsgb_84004,2060051150,2060051150,3,train
camelsgb_84005,2060051150,2060051150,3,train
camelsgb_84012,2060051150,2060051150,3,train
camelsgb_84013,2060051150,2060051150,3,train
camelsgb_84014,2060051150,2060051150,3,train
camelsgb_84018,2060051150,2060051150,3,train
camelsgb_84019,2060051150,2060051150,3,train
camelsgb_84022,2060051150,2060051150,3,train
camelsgb_1001,2060051160,2060051160,0,test
camelsgb_2001,2060051160,2060051160,0,test
camelsgb_2002,2060051160,2060051160,0,test
camelsgb_4001,2060051160,2060051160,0,test
camelsgb_4003,2060051160,2060051160,0,test
camelsgb_5003,2060051160,2060051160,0,test
camelsgb_6007,2060051160,2060051160,0,test
camelsgb_7001,2060051160,2060051160,0,test
camelsgb_7002,2060051160,2060051160,0,test
camelsgb_7003,2060051160,2060051160,0,test
camelsgb_7005,2060051160,2060051160,0,test
camelsgb_85001,2060051160,2060051160,0,test
camelsgb_92001,2060051160,2060051160,0,test
camelsgb_94001,2060051160,2060051160,0,test
camelsgb_96002,2060051160,2060051160,0,test
camelsgb_8004,2060052380,2060052380,4,train
camelsgb_8005,2060052380,2060052380,4,train
camelsgb_8006,2060052380,2060052380,4,train
camelsgb_8009,2060052380,2060052380,4,train
camelsgb_8013,2060052380,2060052380,4,train
camelsgb_10002,2060052390,2060052390,4,train
camelsgb_10003,2060052390,2060052390,4,train
camelsgb_11001,2060052390,2060052390,4,train
camelsgb_11003,2060052390,2060052390,4,train
camelsgb_11004,2060052390,2060052390,4,train
camelsgb_12001,2060052390,2060052390,4,train
camelsgb_12002,2060052390,2060052390,4,train
camelsgb_12005,2060052390,2060052390,4,train
camelsgb_12006,2060052390,2060052390,4,train
camelsgb_12007,2060052390,2060052390,4,train
camelsgb_12008,2060052390,2060052390,4,train
camelsgb_13001,2060052390,2060052390,4,train
camelsgb_13007,2060052390,2060052390,4,train
camelsgb_13008,2060052390,2060052390,4,train
camelsgb_14002,2060052390,2060052390,4,train
camelsgb_9002,2060052390,2060052390,4,train
camelsgb_9004,2060052390,2060052390,4,train
camelsgb_15006,2060052660,2060052660,2,train
camelsgb_15007,2060052660,2060052660,2,train
camelsgb_15010,2060052660,2060052660,2,train
camelsgb_15011,2060052660,2060052660,2,train
camelsgb_15012,2060052660,2060052660,2,train
camelsgb_15016,2060052660,2060052660,2,train
camelsgb_15023,2060052660,2060052660,2,train
camelsgb_15024,2060052660,2060052660,2,train
camelsgb_15025,2060052660,2060052660,2,train
camelsgb_14001,2060052670,2060052670,0,test
camelsgb_16001,2060052670,2060052670,0,test
camelsgb_16004,2060052670,2060052670,0,test
camelsgb_17005,2060052670,2060052670,0,test
camelsgb_18002,2060052670,2060052670,0,test
camelsgb_18003,2060052670,2060052670,0,test
camelsgb_18008,2060052670,2060052670,0,test
camelsgb_18010,2060052670,2060052670,0,test
camelsgb_18011,2060052670,2060052670,0,test
camelsgb_19001,2060052670,2060052670,0,test
camelsgb_20003,2060052670,2060052670,0,test
camelsgb_21016,2060052670,2060052670,0,test
camelsgb_21003,2060052940,2060052940,4,train
camelsgb_21006,2060052940,2060052940,4,train
camelsgb_21008,2060052940,2060052940,4,train
camelsgb_21009,2060052940,2060052940,4,train
camelsgb_21011,2060052940,2060052940,4,train
camelsgb_21012,2060052940,2060052940,4,train
camelsgb_21013,2060052940,2060052940,4,train
camelsgb_21015,2060052940,2060052940,4,train
camelsgb_21018,2060052940,2060052940,4,train
camelsgb_21022,2060052940,2060052940,4,train
camelsgb_21024,2060052940,2060052940,4,train
camelsgb_21027,2060052940,2060052940,4,train
camelsgb_22001,2060052960,2060052960,1,val
camelsgb_22009,2060052960,2060052960,1,val
camelsgb_23001,2060052960,2060052960,1,val
camelsgb_23004,2060052960,2060052960,1,val
camelsgb_23007,2060052960,2060052960,1,val
camelsgb_23008,2060052960,2060052960,1,val
camelsgb_24001,2060052960,2060052960,1,val
camelsgb_24003,2060052960,2060052960,1,val
camelsgb_24005,2060052960,2060052960,1,val
camelsgb_25001,2060052960,2060052960,1,val
camelsgb_25029,2060052960,2060052960,1,val
camelsgb_26005,2060052960,2060052960,1,val
camelsgb_26009,2060052960,2060052960,1,val
camelsgb_27001,2060053240,2060053240,2,train
camelsgb_27003,2060053240,2060053240,2,train
camelsgb_27007,2060053240,2060053240,2,train
camelsgb_27009,2060053240,2060053240,2,train
camelsgb_27029,2060053240,2060053240,2,train
camelsgb_27034,2060053240,2060053240,2,train
camelsgb_27035,2060053240,2060053240,2,train
camelsgb_27041,2060053240,2060053240,2,train
camelsgb_27043,2060053240,2060053240,2,train
camelsgb_27062,2060053240,2060053240,2,train
camelsgb_27071,2060053240,2060053240,2,train
camelsgb_27079,2060053240,2060053240,2,train
camelsgb_27080,2060053240,2060053240,2,train
camelsgb_27087,2060053240,2060053240,2,train
camelsgb_27089,2060053240,2060053240,2,train
camelsgb_27090,2060053240,2060053240,2,train
camelsgb_27006,2060053260,2060053260,4,train
camelsgb_27021,2060053260,2060053260,4,train
camelsgb_27025,2060053260,2060053260,4,train
camelsgb_27026,2060053260,2060053260,4,train
camelsgb_27030,2060053260,2060053260,4,train
camelsgb_28003,2060053260,2060053260,4,train
camelsgb_28008,2060053260,2060053260,4,train
camelsgb_28009,2060053260,2060053260,4,train
camelsgb_28012,2060053260,2060053260,4,train
camelsgb_28015,2060053260,2060053260,4,train
camelsgb_28018,2060053260,2060053260,4,train
camelsgb_28022,2060053260,2060053260,4,train
camelsgb_28023,2060053260,2060053260,4,train
camelsgb_28024,2060053260,2060053260,4,train
camelsgb_28026,2060053260,2060053260,4,train
camelsgb_28043,2060053260,2060053260,4,train
camelsgb_28048,2060053260,2060053260,4,train
camelsgb_28066,2060053260,2060053260,4,train
camelsgb_28067,2060053260,2060053260,4,train
camelsgb_28074,2060053260,2060053260,4,train
camelsgb_28081,2060053260,2060053260,4,train
camelsgb_28082,2060053260,2060053260,4,train
camelsgb_28085,2060053260,2060053260,4,train
camelsgb_28091,2060053260,2060053260,4,train
camelsgb_28093,2060053260,2060053260,4,train
camelsgb_28116,2060053260,2060053260,4,train
camelsgb_28117,2060053260,2060053260,4,train
camelsgb_30001,2060053270,2060053270,2,train
camelsgb_31006,2060053270,2060053270,2,train
camelsgb_31021,2060053270,2060053270,2,train
camelsgb_32004,2060053270,2060053270,2,train
camelsgb_33006,2060053500,2060053500,3,train
camelsgb_33012,2060053500,2060053500,3,train
camelsgb_33013,2060053500,2060053500,3,train
camelsgb_33014,2060053500,2060053500,3,train
camelsgb_33019,2060053500,2060053500,3,train
camelsgb_33020,2060053500,2060053500,3,train
camelsgb_33021,2060053500,2060053500,3,train
camelsgb_33022,2060053500,2060053500,3,train
camelsgb_33024,2060053500,2060053500,3,train
camelsgb_33026,2060053500,2060053500,3,train
camelsgb_33039,2060053500,2060053500,3,train
camelsgb_33053,2060053500,2060053500,3,train
camelsgb_34003,2060053510,2060053510,3,train
camelsgb_34004,2060053510,2060053510,3,train
camelsgb_35008,2060053510,2060053510,3,train
camelsgb_36006,2060053510,2060053510,3,train
camelsgb_37008,2060053510,2060053510,3,train
camelsgb_37001,2060053790,2060053790,3,train
camelsgb_38001,2060053790,2060053790,3,train
camelsgb_38003,2060053790,2060053790,3,train
camelsgb_38004,2060053790,2060053790,3,train
camelsgb_38030,2060053790,2060053790,3,train
camelsgb_39001,2060053790,2060053790,3,train
camelsgb_39006,2060053790,2060053790,3,train
camelsgb_39007,2060053790,2060053790,3,train
camelsgb_39014,2060053790,2060053790,3,train
camelsgb_39021,2060053790,2060053790,3,train
camelsgb_39022,2060053790,2060053790,3,train
camelsgb_39023,2060053790,2060053790,3,train
camelsgb_39025,2060053790,2060053790,3,train
camelsgb_39027,2060053790,2060053790,3,train
camelsgb_39034,2060053790,2060053790,3,train
camelsgb_39035,2060053790,2060053790,3,train
camelsgb_39072,2060053790,2060053790,3,train
camelsgb_39078,2060053790,2060053790,3,train
camelsgb_39105,2060053790,2060053790,3,train
camelsgb_39141,2060053790,2060053790,3,train
camelsgb_40016,2060053790,2060053790,3,train
camelsgb_40018,2060053790,2060053790,3,train
camelsgb_40003,2060053800,2060053800,1,val
camelsgb_40005,2060053800,2060053800,1,val
camelsgb_40007,2060053800,2060053800,1,val
camelsgb_40010,2060053800,2060053800,1,val
GRDC_6503300,2060054250,2060054250,0,test
GRDC_6503301,2060054250,2060054250,0,test
GRDC_6503350,2060054250,2060054250,0,test
GRDC_6503352,2060054250,2060054250,0,test
GRDC_6503120,2060054260,2060054260,3,train
GRDC_6503130,2060054260,2060054260,3,train
GRDC_6503250,2060054260,2060054260,3,train
GRDC_6503260,2060054260,2060054260,3,train
GRDC_6503281,2060054260,2060054260,3,train
GRDC_6503282,2060054260,2060054260,3,train
GRDC_6503500,2060054260,2060054260,3,train
GRDC_6503501,2060054260,2060054260,3,train
GRDC_6502141,2060054780,2060054780,4,train
GRDC_6502150,2060054780,2060054780,4,train
GRDC_6502151,2060054780,2060054780,4,train
GRDC_6502160,2060054780,2060054780,4,train
GRDC_6502170,2060054780,2060054780,4,train
GRDC_6502810,2060054780,2060054780,4,train
GRDC_6503100,2060054790,2060054790,2,train
GRDC_6503105,2060054790,2060054790,2,train
GRDC_6503151,2060054790,2060054790,2,train
GRDC_6503160,2060054790,2060054790,2,train
GRDC_6503180,2060054790,2060054790,2,train
GRDC_6503201,2060055310,2060055310,4,train
GRDC_6503410,2060055610,2060055610,3,train
GRDC_6503800,2060055610,2060055610,3,train
GRDC_6503851,2060055610,2060055610,3,train
GRDC_6503852,2060055610,2060055610,3,train
GRDC_6503853,2060055610,2060055610,3,train
GRDC_6503855,2060055610,2060055610,3,train
camelsdk_430001,2060056070,2060056070,2,train
camelsdk_430003,2060056070,2060056070,2,train
camelsdk_440021,2060056070,2060056070,2,train
camelsdk_450001,2060056070,2060056070,2,train
camelsdk_450002,2060056070,2060056070,2,train
camelsdk_450003,2060056070,2060056070,2,train
camelsdk_450004,2060056070,2060056070,2,train
camelsdk_450005,2060056070,2060056070,2,train
camelsdk_450043,2060056070,2060056070,2,train
camelsdk_450045,2060056070,2060056070,2,train
camelsdk_450058,2060056070,2060056070,2,train
camelsdk_460001,2060056070,2060056070,2,train
camelsdk_460017,2060056070,2060056070,2,train
camelsdk_470001,2060056070,2060056070,2,train
camelsdk_470036,2060056070,2060056070,2,train
camelsdk_470037,2060056070,2060056070,2,train
camelsdk_480004,2060056070,2060056070,2,train
camelsdk_480007,2060056070,2060056070,2,train
camelsdk_480010,2060056070,2060056070,2,train
camelsdk_490054,2060056070,2060056070,2,train
camelsdk_490057,2060056070,2060056070,2,train
camelsdk_490066,2060056070,2060056070,2,train
camelsdk_490094,2060056070,2060056070,2,train
camelsdk_500051,2060056070,2060056070,2,train
camelsdk_500056,2060056070,2060056070,2,train
camelsdk_500057,2060056070,2060056070,2,train
camelsdk_510002,2060056070,2060056070,2,train
camelsdk_510020,2060056070,2060056070,2,train
camelsdk_510024,2060056070,2060056070,2,train
camelsdk_510026,2060056070,2060056070,2,train
camelsdk_520020,2060056070,2060056070,2,train
camelsdk_520025,2060056070,2060056070,2,train
camelsdk_520029,2060056070,2060056070,2,train
camelsdk_520039,2060056070,2060056070,2,train
camelsdk_520063,2060056070,2060056070,2,train
camelsdk_520068,2060056070,2060056070,2,train
camelsdk_520198,2060056070,2060056070,2,train
camelsdk_520199,2060056070,2060056070,2,train
camelsdk_530010,2060056070,2060056070,2,train
camelsdk_530011,2060056070,2060056070,2,train
camelsdk_530028,2060056070,2060056070,2,train
camelsdk_550015,2060056070,2060056070,2,train
camelsdk_550017,2060056070,2060056070,2,train
camelsdk_550018,2060056070,2060056070,2,train
camelsdk_560002,2060056070,2060056070,2,train
camelsdk_560006,2060056070,2060056070,2,train
camelsdk_560007,2060056070,2060056070,2,train
camelsdk_570044,2060056070,2060056070,2,train
camelsdk_570050,2060056070,2060056070,2,train
camelsdk_570052,2060056070,2060056070,2,train
camelsdk_580047,2060056070,2060056070,2,train
camelsdk_590006,2060056070,2060056070,2,train
camelsdk_600029,2060056070,2060056070,2,train
camelsdk_600031,2060056070,2060056070,2,train
camelsdk_600035,2060056070,2060056070,2,train
camelsdk_600036,2060056070,2060056070,2,train
camelsdk_610012,2060056070,2060056070,2,train
camelsdk_620012,2060056070,2060056070,2,train
camelsdk_620015,2060056070,2060056070,2,train
camelsdk_620017,2060056070,2060056070,2,train
camelsdk_620022,2060056070,2060056070,2,train
camelsdk_630007,2060056070,2060056070,2,train
camelsdk_640025,2060056070,2060056070,2,train
camelsdk_660014,2060056710,2060056710,0,test
camelsdk_670017,2060056710,2060056710,0,test
camelsdk_670018,2060056710,2060056710,0,test
GRDC_6233128,2060056770,2060056770,3,train
GRDC_6172031,2060056990,2060056990,2,train
GRDC_6172040,2060056990,2060056990,2,train
lamahice_39,2060057170,2060057170,4,train
lamahice_58,2060057170,2060057170,4,train
lamahice_82,2060057170,2060057170,4,train
GRDC_6401070,2060057300,2060057300,1,val
GRDC_6401080,2060057300,2060057300,1,val
lamahice_26,2060057300,2060057300,1,val
lamahice_37,2060057300,2060057300,1,val
lamahice_67,2060057300,2060057300,1,val
GRDC_6401250,2060057310,2060057310,2,train
GRDC_6401300,2060057310,2060057310,2,train
GRDC_6401310,2060057310,2060057310,2,train
lamahice_105,2060057310,2060057310,2,train
lamahice_12,2060057310,2060057310,2,train
lamahice_17,2060057310,2060057310,2,train
lamahice_27,2060057310,2060057310,2,train
lamahice_30,2060057310,2060057310,2,train
lamahice_34,2060057310,2060057310,2,train
lamahice_91,2060057310,2060057310,2,train
lamahice_92,2060057310,2060057310,2,train
lamahice_94,2060057310,2060057310,2,train
lamahice_6,2060057870,2060057870,1,val
lamahice_73,2060057870,2060057870,1,val
GRDC_6401200,2060057990,2060057990,0,test
GRDC_6401601,2060057990,2060057990,0,test
lamahice_3,2060057990,2060057990,0,test
lamahice_84,2060057990,2060057990,0,test
lamahice_93,2060057990,2060057990,0,test
GRDC_6401400,2060058000,2060058000,4,train
lamahice_18,2060058000,2060058000,4,train
lamahice_31,2060058000,2060058000,4,train
lamahice_41,2060058000,2060058000,4,train
lamahice_9,2060058000,2060058000,4,train
GRDC_6401610,2060058240,2060058240,3,train
lamahice_77,2060058240,2060058240,3,train
lamahice_83,2060058240,2060058240,3,train
lamahice_64,2060058260,2060058260,2,train
GRDC_6401702,2060058320,2060058320,3,train
GRDC_6401703,2060058320,2060058320,3,train
lamahice_45,2060058320,2060058320,3,train
lamahice_46,2060058320,2060058320,3,train
lamahice_59,2060058320,2060058320,3,train
GRDC_6401460,2060058330,2060058330,2,train
lamahice_28,2060058330,2060058330,2,train
lamahice_72,2060058330,2060058330,2,train
lamahice_33,2060058560,2060058560,0,test
lamahice_43,2060058560,2060058560,0,test
GRDC_6401800,2060058580,2060058580,4,train
lamahice_15,2060058580,2060058580,4,train
lamahice_48,2060058580,2060058580,4,train
lamahice_56,2060058580,2060058580,4,train
GRDC_6401160,2060058590,2060058590,3,train
lamahice_21,2060058590,2060058590,3,train
lamahice_24,2060058590,2060058590,3,train
lamahice_63,2060058590,2060058590,3,train
GRDC_6401500,2060058970,2060058970,1,val
lamahice_11,2060058970,2060058970,1,val
lamahice_23,2060058970,2060058970,1,val
GRDC_6401440,2060059110,2060059110,0,test
lamahice_38,2060059110,2060059110,0,test
lamahice_66,2060059110,2060059110,0,test
GRDC_6401140,2060059250,2060059250,3,train
lamahice_104,2060059250,2060059250,3,train
lamahice_14,2060059250,2060059250,3,train
lamahice_50,2060059250,2060059250,3,train
lamahice_51,2060059250,2060059250,3,train
lamahice_86,2060059250,2060059250,3,train
lamahice_96,2060059250,2060059250,3,train
GRDC_6401120,2060059260,2060059260,2,train
lamahice_20,2060059260,2060059260,2,train
lamahice_61,2060059260,2060059260,2,train
lamahice_98,2060059260,2060059260,2,train
GRDC_6401090,2060059310,2060059310,2,train
GRDC_6401111,2060059310,2060059310,2,train
lamahice_36,2060059310,2060059310,2,train
lamahice_79,2060059310,2060059310,2,train
lamahice_8,2060059310,2060059310,2,train
lamahice_80,2060059310,2060059310,2,train
il_60105,2060084740,2060084740,2,train
il_60110,2060084740,2060084740,2,train
il_60140,2060084740,2060084740,2,train
il_60150,2060084740,2060084740,2,train
il_60170,2060084740,2060084740,2,train
il_60190,2060084750,2060084750,1,val
il_48125,2060085720,2060085720,4,train
il_48130,2060085720,2060085720,4,train
GRDC_6232916,2060123590,2060030100,0,test
GRDC_6232101,2060132710,2060030100,3,train
GRDC_6232970,2060132710,2060030100,3,train
GRDC_6232930,2060132720,2060030100,4,train
GRDC_6232911,2060134660,2060030100,3,train
GRDC_6232901,2060134670,2060030100,1,val
GRDC_6232905,2060134670,2060030100,1,val
GRDC_6232960,2060134670,2060030100,1,val
GRDC_6832754,2060134670,2060030100,1,val
GRDC_6832907,2060134670,2060030100,1,val
GRDC_6854704,2060135880,2060030060,2,train
GRDC_6854706,2060135880,2060030060,2,train
GRDC_6854701,2060142460,2060030060,4,train
GRDC_6854703,2060142460,2060030060,4,train
GRDC_6854708,2060142460,2060030060,4,train
GRDC_6870630,2060150040,2060041120,2,train
GRDC_6233450,2060185750,2060031060,1,val
GRDC_6855408,2060202540,2060028310,3,train
GRDC_6855450,2060202540,2060028310,3,train
GRDC_6855460,2060202540,2060028310,3,train
GRDC_6855401,2060202550,2060028310,2,train
GRDC_6855470,2060202550,2060028310,2,train
GRDC_6855480,2060202550,2060028310,2,train
GRDC_6855400,2060224850,2060028310,1,val
GRDC_6855403,2060224850,2060028310,1,val
GRDC_6855404,2060224850,2060028310,1,val
GRDC_6855662,2060229660,2060028310,0,test
GRDC_6172030,2060243910,2060028110,1,val
GRDC_6172037,2060243910,2060028110,1,val
GRDC_6172230,2060243910,2060028110,1,val
GRDC_6172351,2060243910,2060028110,1,val
GRDC_6233523,2060248100,2060033320,4,train
GRDC_6172033,2060250780,2060028110,1,val
GRDC_6172055,2060250780,2060028110,1,val
GRDC_6172058,2060250780,2060028110,1,val
GRDC_6172200,2060250780,2060028110,1,val
GRDC_6172220,2060250780,2060028110,1,val
GRDC_6172236,2060250780,2060028110,1,val
GRDC_6172240,2060250780,2060028110,1,val
GRDC_6172260,2060250780,2060028110,1,val
GRDC_6172270,2060250780,2060028110,1,val
GRDC_6172280,2060250790,2060028110,3,train
GRDC_6233525,2060250960,2060033320,2,train
GRDC_6233528,2060253060,2060033320,1,val
GRDC_6233540,2060253130,2060033320,0,test
GRDC_6340501,2060355620,2060024170,2,train
GRDC_6340510,2060355620,2060024170,2,train
GRDC_6340515,2060355620,2060024170,2,train
GRDC_6340610,2060355620,2060024170,2,train
GRDC_6340611,2060355620,2060024170,2,train
GRDC_6340613,2060355620,2060024170,2,train
GRDC_6340800,2060355620,2060024170,2,train
GRDC_6340810,2060355620,2060024170,2,train
GRDC_6340140,2060355700,2060024170,0,test
GRDC_6340160,2060355700,2060024170,0,test
GRDC_6340180,2060355700,2060024170,0,test
GRDC_6357500,2060362600,2060026060,4,train
GRDC_6357501,2060376600,2060026060,0,test
GRDC_6357502,2060376600,2060026060,0,test
GRDC_6357505,2060376600,2060026060,0,test
GRDC_6357510,2060376600,2060026060,0,test
GRDC_6357521,2060376600,2060026060,0,test
GRDC_6140280,2060379560,2060024170,3,train
GRDC_6140400,2060379560,2060024170,3,train
GRDC_6140401,2060379560,2060024170,3,train
GRDC_6340120,2060379560,2060024170,3,train
GRDC_6340130,2060379560,2060024170,3,train
GRDC_6340170,2060379560,2060024170,3,train
GRDC_6340190,2060379560,2060024170,3,train
GRDC_6340400,2060379560,2060024170,3,train
GRDC_6340410,2060379560,2060024170,3,train
GRDC_6340415,2060379560,2060024170,3,train
GRDC_6340420,2060379560,2060024170,3,train
GRDC_6340430,2060379560,2060024170,3,train
GRDC_6340440,2060379560,2060024170,3,train
GRDC_6340600,2060379560,2060024170,3,train
GRDC_6340620,2060379560,2060024170,3,train
GRDC_6340621,2060379560,2060024170,3,train
GRDC_6340625,2060379560,2060024170,3,train
GRDC_6340627,2060379560,2060024170,3,train
GRDC_6340630,2060379560,2060024170,3,train
GRDC_6340635,2060379560,2060024170,3,train
GRDC_6340700,2060379560,2060024170,3,train
GRDC_6340200,2060379690,2060024170,1,val
GRDC_6340220,2060379690,2060024170,1,val
GRDC_6340225,2060379690,2060024170,1,val
GRDC_6340300,2060379690,2060024170,1,val
GRDC_6340301,2060379690,2060024170,1,val
GRDC_6340302,2060379690,2060024170,1,val
GRDC_6340303,2060379690,2060024170,1,val
GRDC_6340310,2060379690,2060024170,1,val
GRDC_6340315,2060379690,2060024170,1,val
GRDC_6340320,2060379690,2060024170,1,val
GRDC_6340330,2060379690,2060024170,1,val
GRDC_6340335,2060379690,2060024170,1,val
GRDC_6340340,2060379690,2060024170,1,val
GRDC_6340350,2060379690,2060024170,1,val
GRDC_6340360,2060379690,2060024170,1,val
GRDC_6340365,2060379690,2060024170,1,val
GRDC_6340366,2060379690,2060024170,1,val
GRDC_6340671,2060379690,2060024170,1,val
GRDC_6157100,2060409680,2060026060,3,train
GRDC_6336050,2060420240,2060023010,1,val
GRDC_6336500,2060420240,2060023010,1,val
GRDC_6336510,2060420240,2060023010,1,val
GRDC_6336800,2060420240,2060023010,1,val
GRDC_6336900,2060420240,2060023010,1,val
GRDC_6336910,2060420240,2060023010,1,val
GRDC_6336920,2060420240,2060023010,1,val
GRDC_6336930,2060420240,2060023010,1,val
GRDC_6836200,2060420240,2060023010,1,val
GRDC_6836210,2060420240,2060023010,1,val
GRDC_6836220,2060420240,2060023010,1,val
GRDC_6836300,2060420240,2060023010,1,val
GRDC_6836310,2060420240,2060023010,1,val
GRDC_6836320,2060420240,2060023010,1,val
GRDC_6836400,2060420240,2060023010,1,val
GRDC_6836500,2060420240,2060023010,1,val
GRDC_6836600,2060420240,2060023010,1,val
GRDC_6836700,2060420240,2060023010,1,val
GRDC_6836800,2060420240,2060023010,1,val
GRDC_6335100,2060420340,2060023010,1,val
GRDC_6335113,2060420340,2060023010,1,val
GRDC_6335116,2060420340,2060023010,1,val
GRDC_6335117,2060420340,2060023010,1,val
GRDC_6335150,2060420340,2060023010,1,val
GRDC_6335350,2060420340,2060023010,1,val
GRDC_6335351,2060420340,2060023010,1,val
GRDC_6335360,2060420340,2060023010,1,val
GRDC_6140100,2060420770,2060024170,0,test
GRDC_6140101,2060420770,2060024170,0,test
GRDC_6140120,2060420770,2060024170,0,test
GRDC_6140130,2060420770,2060024170,0,test
GRDC_6140140,2060420770,2060024170,0,test
GRDC_6140481,2060420770,2060024170,0,test
GRDC_6140500,2060420770,2060024170,0,test
GRDC_6140600,2060420770,2060024170,0,test
GRDC_6140700,2060420770,2060024170,0,test
GRDC_6335156,2060429670,2060023010,4,train
GRDC_6335240,2060429670,2060023010,4,train
GRDC_6335301,2060429670,2060023010,4,train
GRDC_6335302,2060429670,2060023010,4,train
GRDC_6335303,2060429670,2060023010,4,train
GRDC_6335304,2060429670,2060023010,4,train
GRDC_6335310,2060429670,2060023010,4,train
GRDC_6335320,2060429670,2060023010,4,train
GRDC_6335510,2060429670,2060023010,4,train
GRDC_6335520,2060429670,2060023010,4,train
GRDC_6335521,2060429670,2060023010,4,train
GRDC_6335530,2060429670,2060023010,4,train
GRDC_6335540,2060429670,2060023010,4,train
GRDC_6335800,2060429670,2060023010,4,train
GRDC_6335155,2060429770,2060023010,0,test
GRDC_6335165,2060429770,2060023010,0,test
GRDC_6335167,2060429770,2060023010,0,test
GRDC_6335180,2060429770,2060023010,0,test
GRDC_6140250,2060429790,2060024170,2,train
GRDC_6140150,2060429890,2060024170,4,train
GRDC_6140300,2060429890,2060024170,4,train
GRDC_6140450,2060429890,2060024170,4,train
GRDC_6335055,2060441280,2060023010,3,train
GRDC_6335125,2060441280,2060023010,3,train
GRDC_6335170,2060441280,2060023010,3,train
GRDC_6335175,2060441280,2060023010,3,train
GRDC_6335190,2060441280,2060023010,3,train
GRDC_6335200,2060441280,2060023010,3,train
GRDC_6335400,2060441280,2060023010,3,train
GRDC_6335570,2060441280,2060023010,3,train
GRDC_6335580,2060441280,2060023010,3,train
GRDC_6335621,2060441280,2060023010,3,train
GRDC_6335640,2060441280,2060023010,3,train
GRDC_6335710,2060441280,2060023010,3,train
GRDC_6335720,2060441280,2060023010,3,train
GRDC_6335725,2060441280,2060023010,3,train
GRDC_6335730,2060441280,2060023010,3,train
GRDC_6335735,2060441280,2060023010,3,train
GRDC_6335830,2060441280,2060023010,3,train
GRDC_6935051,2060441280,2060023010,3,train
GRDC_6935053,2060441280,2060023010,3,train
GRDC_6935060,2060441280,2060023010,3,train
GRDC_6935070,2060441280,2060023010,3,train
camelsch_2091,2060441280,2060023010,3,train
camelsch_2106,2060441280,2060023010,3,train
camelsch_2122,2060441280,2060023010,3,train
camelsch_2199,2060441280,2060023010,3,train
camelsch_2202,2060441280,2060023010,3,train
camelsch_2289,2060441280,2060023010,3,train
camelsch_2478,2060441280,2060023010,3,train
camelsch_2610,2060441280,2060023010,3,train
camelsch_2613,2060441280,2060023010,3,train
GRDC_6335290,2060441290,2060023010,0,test
GRDC_6335291,2060441290,2060023010,0,test
GRDC_6335300,2060441290,2060023010,0,test
GRDC_6335485,2060441290,2060023010,0,test
GRDC_6335550,2060441290,2060023010,0,test
GRDC_6335551,2060441290,2060023010,0,test
GRDC_6335560,2060441290,2060023010,0,test
GRDC_6335565,2060441290,2060023010,0,test
GRDC_6335600,2060441290,2060023010,0,test
GRDC_6335601,2060441290,2060023010,0,test
GRDC_6335602,2060441290,2060023010,0,test
GRDC_6335603,2060441290,2060023010,0,test
GRDC_6335604,2060441290,2060023010,0,test
GRDC_6335606,2060441290,2060023010,0,test
GRDC_6335610,2060441290,2060023010,0,test
GRDC_6335620,2060441290,2060023010,0,test
GRDC_6335650,2060441290,2060023010,0,test
GRDC_6335660,2060441290,2060023010,0,test
GRDC_6335665,2060441290,2060023010,0,test
GRDC_6335671,2060441290,2060023010,0,test
GRDC_6335675,2060441290,2060023010,0,test
GRDC_6335676,2060441290,2060023010,0,test
GRDC_6335677,2060441290,2060023010,0,test
GRDC_6335680,2060441290,2060023010,0,test
GRDC_6335681,2060441290,2060023010,0,test
GRDC_6335690,2060441290,2060023010,0,test
GRDC_6335695,2060441290,2060023010,0,test
GRDC_6335696,2060441290,2060023010,0,test
GRDC_6335700,2060441290,2060023010,0,test
GRDC_6342610,2060454600,2060008490,1,val
GRDC_6342611,2060454600,2060008490,1,val
GRDC_6342910,2060454730,2060008490,1,val
GRDC_6342520,2060457140,2060008490,3,train
GRDC_6342521,2060457140,2060008490,3,train
GRDC_6342522,2060457140,2060008490,3,train
GRDC_6342500,2060457260,2060008490,0,test
GRDC_6342600,2060460080,2060008490,4,train
GRDC_6342625,2060460080,2060008490,4,train
GRDC_6342630,2060460080,2060008490,4,train
GRDC_6342640,2060460080,2060008490,4,train
GRDC_6342920,2060460080,2060008490,4,train
GRDC_6242933,2060460170,2060008490,0,test
GRDC_6242950,2060460170,2060008490,0,test
GRDC_6242951,2060460170,2060008490,0,test
GRDC_6242952,2060460170,2060008490,0,test
GRDC_6342570,2060460170,2060008490,0,test
GRDC_6342650,2060460170,2060008490,0,test
GRDC_6342655,2060460170,2060008490,0,test
GRDC_6342660,2060460170,2060008490,0,test
GRDC_6342926,2060460170,2060008490,0,test
GRDC_6342927,2060460170,2060008490,0,test
GRDC_6342928,2060460170,2060008490,0,test
GRDC_6342930,2060460170,2060008490,0,test
GRDC_6342931,2060460170,2060008490,0,test
GRDC_6342935,2060460170,2060008490,0,test
GRDC_6342940,2060460170,2060008490,0,test
GRDC_6342945,2060460170,2060008490,0,test
GRDC_6342947,2060460170,2060008490,0,test
GRDC_6342951,2060460170,2060008490,0,test
GRDC_6342070,2060461540,2060008490,3,train
GRDC_6342081,2060461540,2060008490,3,train
GRDC_6342100,2060461540,2060008490,3,train
GRDC_6342105,2060461540,2060008490,3,train
GRDC_6342120,2060461540,2060008490,3,train
GRDC_6342130,2060461540,2060008490,3,train
GRDC_6342200,2060461540,2060008490,3,train
GRDC_6342201,2060461540,2060008490,3,train
GRDC_6342230,2060461540,2060008490,3,train
GRDC_6342501,2060461540,2060008490,3,train
GRDC_6342502,2060461540,2060008490,3,train
GRDC_6342810,2060461540,2060008490,3,train
GRDC_6342970,2060461540,2060008490,3,train
GRDC_6342980,2060461540,2060008490,3,train
GRDC_6242020,2060461650,2060008490,1,val
GRDC_6242510,2060461650,2060008490,1,val
GRDC_6342510,2060461650,2060008490,1,val
GRDC_6342512,2060461650,2060008490,1,val
GRDC_6342513,2060461650,2060008490,1,val
GRDC_6342531,2060461650,2060008490,1,val
GRDC_6342670,2060465610,2060008490,0,test
GRDC_6342800,2060465610,2060008490,0,test
GRDC_6342820,2060465610,2060008490,0,test
GRDC_6342830,2060465610,2060008490,0,test
GRDC_6342840,2060465610,2060008490,0,test
GRDC_6342960,2060465610,2060008490,0,test
GRDC_6243030,2060465720,2060008490,3,train
GRDC_6243050,2060465720,2060008490,3,train
GRDC_6243120,2060465720,2060008490,3,train
GRDC_6243200,2060465720,2060008490,3,train
GRDC_6243201,2060465720,2060008490,3,train
GRDC_6243210,2060465720,2060008490,3,train
GRDC_6243220,2060465720,2060008490,3,train
GRDC_6243230,2060465720,2060008490,3,train
GRDC_6243235,2060465720,2060008490,3,train
GRDC_6243240,2060465720,2060008490,3,train
GRDC_6243245,2060465720,2060008490,3,train
GRDC_6243250,2060465720,2060008490,3,train
GRDC_6243260,2060465720,2060008490,3,train
GRDC_6243270,2060465720,2060008490,3,train
GRDC_6243300,2060465720,2060008490,3,train
GRDC_6243350,2060465720,2060008490,3,train
GRDC_6243355,2060465720,2060008490,3,train
GRDC_6243360,2060465720,2060008490,3,train
GRDC_6243400,2060465720,2060008490,3,train
GRDC_6243410,2060465720,2060008490,3,train
GRDC_6243450,2060465720,2060008490,3,train
GRDC_6243800,2060465720,2060008490,3,train
GRDC_6243810,2060465720,2060008490,3,train
GRDC_6243830,2060465720,2060008490,3,train
GRDC_6243850,2060465720,2060008490,3,train
GRDC_6343100,2060465720,2060008490,3,train
GRDC_6343110,2060465720,2060008490,3,train
GRDC_6343111,2060465720,2060008490,3,train
GRDC_6343120,2060465720,2060008490,3,train
GRDC_6343500,2060465720,2060008490,3,train
GRDC_6343510,2060465720,2060008490,3,train
GRDC_6343520,2060465720,2060008490,3,train
GRDC_6343530,2060465720,2060008490,3,train
GRDC_6343531,2060465720,2060008490,3,train
GRDC_6343535,2060465720,2060008490,3,train
GRDC_6343550,2060465720,2060008490,3,train
GRDC_6343555,2060465720,2060008490,3,train
GRDC_6343560,2060465720,2060008490,3,train
GRDC_6343570,2060465720,2060008490,3,train
GRDC_6943100,2060465720,2060008490,3,train
GRDC_6943110,2060465720,2060008490,3,train
GRDC_6943115,2060465720,2060008490,3,train
GRDC_6943150,2060465720,2060008490,3,train
GRDC_6943160,2060465720,2060008490,3,train
GRDC_6943170,2060465720,2060008490,3,train
camelsch_2067,2060465720,2060008490,3,train
camelsch_2105,2060465720,2060008490,3,train
camelsch_2239,2060465720,2060008490,3,train
camelsch_2256,2060465720,2060008490,3,train
camelsch_2262,2060465720,2060008490,3,train
camelsch_2263,2060465720,2060008490,3,train
camelsch_2265,2060465720,2060008490,3,train
camelsch_2304,2060465720,2060008490,3,train
camelsch_2319,2060465720,2060008490,3,train
camelsch_2403,2060465720,2060008490,3,train
camelsch_2462,2060465720,2060008490,3,train
GRDC_6142100,2060476910,2060008490,2,train
GRDC_6142101,2060476910,2060008490,2,train
GRDC_6142110,2060476910,2060008490,2,train
GRDC_6142120,2060476910,2060008490,2,train
GRDC_6142160,2060476910,2060008490,2,train
GRDC_6142170,2060476910,2060008490,2,train
GRDC_6142190,2060476910,2060008490,2,train
GRDC_6142250,2060476910,2060008490,2,train
GRDC_6142260,2060476910,2060008490,2,train
GRDC_6142270,2060476910,2060008490,2,train
GRDC_6142300,2060476910,2060008490,2,train
GRDC_6242820,2060476910,2060008490,2,train
GRDC_6242830,2060476910,2060008490,2,train
GRDC_6242850,2060476910,2060008490,2,train
GRDC_6242030,2060477000,2060008490,4,train
GRDC_6242050,2060477000,2060008490,4,train
GRDC_6242070,2060477000,2060008490,4,train
GRDC_6242110,2060477000,2060008490,4,train
GRDC_6242120,2060477000,2060008490,4,train
GRDC_6242130,2060477000,2060008490,4,train
GRDC_6242140,2060477000,2060008490,4,train
GRDC_6242150,2060477000,2060008490,4,train
GRDC_6242160,2060477000,2060008490,4,train
GRDC_6242170,2060477000,2060008490,4,train
GRDC_6242180,2060477000,2060008490,4,train
GRDC_6242240,2060477000,2060008490,4,train
GRDC_6242250,2060477000,2060008490,4,train
GRDC_6242251,2060477000,2060008490,4,train
GRDC_6242260,2060477000,2060008490,4,train
GRDC_6242270,2060477000,2060008490,4,train
GRDC_6242280,2060477000,2060008490,4,train
GRDC_6242281,2060477000,2060008490,4,train
GRDC_6242290,2060477000,2060008490,4,train
GRDC_6242300,2060477000,2060008490,4,train
GRDC_6242310,2060477000,2060008490,4,train
GRDC_6242401,2060477000,2060008490,4,train
GRDC_6242410,2060477000,2060008490,4,train
GRDC_6242420,2060477000,2060008490,4,train
GRDC_6242501,2060477000,2060008490,4,train
GRDC_6242515,2060477000,2060008490,4,train
GRDC_6242520,2060477000,2060008490,4,train
GRDC_6242530,2060477000,2060008490,4,train
GRDC_6242540,2060477000,2060008490,4,train
GRDC_6242550,2060477000,2060008490,4,train
GRDC_6242555,2060477000,2060008490,4,train
GRDC_6242560,2060477000,2060008490,4,train
GRDC_6242600,2060477000,2060008490,4,train
GRDC_6242610,2060477000,2060008490,4,train
GRDC_6242613,2060477000,2060008490,4,train
GRDC_6242615,2060477000,2060008490,4,train
GRDC_6242620,2060477000,2060008490,4,train
GRDC_6242621,2060477000,2060008490,4,train
GRDC_6242630,2060477000,2060008490,4,train
GRDC_6242631,2060477000,2060008490,4,train
GRDC_6242700,2060477000,2060008490,4,train
GRDC_6242710,2060477000,2060008490,4,train
GRDC_6242715,2060477000,2060008490,4,train
GRDC_6242810,2060477000,2060008490,4,train
GRDC_6246632,2060477000,2060008490,4,train
GRDC_6342900,2060477000,2060008490,4,train
GRDC_6242800,2060488190,2060008490,4,train
GRDC_6242200,2060488360,2060008490,3,train
GRDC_6242910,2060488360,2060008490,3,train
GRDC_6242920,2060488360,2060008490,3,train
GRDC_6242930,2060488360,2060008490,3,train
GRDC_6242940,2060488360,2060008490,3,train
GRDC_6935065,2060491750,2060023010,0,test
GRDC_6935080,2060491750,2060023010,0,test
GRDC_6935100,2060491750,2060023010,0,test
GRDC_6935120,2060491750,2060023010,0,test
GRDC_6935300,2060491750,2060023010,0,test
GRDC_6935301,2060491750,2060023010,0,test
GRDC_6935302,2060491750,2060023010,0,test
GRDC_6935310,2060491750,2060023010,0,test
GRDC_6935314,2060491750,2060023010,0,test
GRDC_6935320,2060491750,2060023010,0,test
GRDC_6935330,2060491750,2060023010,0,test
GRDC_6935331,2060491750,2060023010,0,test
GRDC_6935335,2060491750,2060023010,0,test
GRDC_6935350,2060491750,2060023010,0,test
GRDC_6935361,2060491750,2060023010,0,test
GRDC_6935387,2060491750,2060023010,0,test
GRDC_6935390,2060491750,2060023010,0,test
GRDC_6935530,2060491750,2060023010,0,test
GRDC_6935535,2060491750,2060023010,0,test
GRDC_6935580,2060491750,2060023010,0,test
GRDC_6935590,2060491750,2060023010,0,test
camelsch_2016,2060491750,2060023010,0,test
camelsch_2018,2060491750,2060023010,0,test
camelsch_2019,2060491750,2060023010,0,test
camelsch_2029,2060491750,2060023010,0,test
camelsch_2030,2060491750,2060023010,0,test
camelsch_2034,2060491750,2060023010,0,test
camelsch_2056,2060491750,2060023010,0,test
camelsch_2063,2060491750,2060023010,0,test
camelsch_2070,2060491750,2060023010,0,test
camelsch_2084,2060491750,2060023010,0,test
camelsch_2085,2060491750,2060023010,0,test
camelsch_2087,2060491750,2060023010,0,test
camelsch_2099,2060491750,2060023010,0,test
camelsch_2102,2060491750,2060023010,0,test
camelsch_2104,2060491750,2060023010,0,test
camelsch_2109,2060491750,2060023010,0,test
camelsch_2110,2060491750,2060023010,0,test
camelsch_2119,2060491750,2060023010,0,test
camelsch_2125,2060491750,2060023010,0,test
camelsch_2135,2060491750,2060023010,0,test
camelsch_2151,2060491750,2060023010,0,test
camelsch_2152,2060491750,2060023010,0,test
camelsch_2155,2060491750,2060023010,0,test
camelsch_2157,2060491750,2060023010,0,test
camelsch_2159,2060491750,2060023010,0,test
camelsch_2160,2060491750,2060023010,0,test
camelsch_2176,2060491750,2060023010,0,test
camelsch_2179,2060491750,2060023010,0,test
camelsch_2200,2060491750,2060023010,0,test
camelsch_2205,2060491750,2060023010,0,test
camelsch_2215,2060491750,2060023010,0,test
camelsch_2219,2060491750,2060023010,0,test
camelsch_2232,2060491750,2060023010,0,test
camelsch_2243,2060491750,2060023010,0,test
camelsch_2276,2060491750,2060023010,0,test
camelsch_2282,2060491750,2060023010,0,test
camelsch_2283,2060491750,2060023010,0,test
camelsch_2290,2060491750,2060023010,0,test
camelsch_2299,2060491750,2060023010,0,test
camelsch_2300,2060491750,2060023010,0,test
camelsch_2307,2060491750,2060023010,0,test
camelsch_2343,2060491750,2060023010,0,test
camelsch_2352,2060491750,2060023010,0,test
camelsch_2369,2060491750,2060023010,0,test
camelsch_2371,2060491750,2060023010,0,test
camelsch_2372,2060491750,2060023010,0,test
camelsch_2378,2060491750,2060023010,0,test
camelsch_2409,2060491750,2060023010,0,test
camelsch_2412,2060491750,2060023010,0,test
camelsch_2416,2060491750,2060023010,0,test
camelsch_2417,2060491750,2060023010,0,test
camelsch_2426,2060491750,2060023010,0,test
camelsch_2434,2060491750,2060023010,0,test
camelsch_2436,2060491750,2060023010,0,test
camelsch_2437,2060491750,2060023010,0,test
camelsch_2450,2060491750,2060023010,0,test
camelsch_2457,2060491750,2060023010,0,test
camelsch_2458,2060491750,2060023010,0,test
camelsch_2469,2060491750,2060023010,0,test
camelsch_2471,2060491750,2060023010,0,test
camelsch_2477,2060491750,2060023010,0,test
camelsch_2480,2060491750,2060023010,0,test
camelsch_2481,2060491750,2060023010,0,test
camelsch_2487,2060491750,2060023010,0,test
camelsch_2488,2060491750,2060023010,0,test
camelsch_2491,2060491750,2060023010,0,test
camelsch_2497,2060491750,2060023010,0,test
camelsch_2500,2060491750,2060023010,0,test
camelsch_2603,2060491750,2060023010,0,test
camelsch_2604,2060491750,2060023010,0,test
camelsch_2608,2060491750,2060023010,0,test
camelsch_2609,2060491750,2060023010,0,test
camelsch_2634,2060491750,2060023010,0,test
camelsch_2635,2060491750,2060023010,0,test
GRDC_6235100,2060491760,2060023010,1,val
GRDC_6235101,2060491760,2060023010,1,val
GRDC_6235102,2060491760,2060023010,1,val
GRDC_6235110,2060491760,2060023010,1,val
GRDC_6235200,2060491760,2060023010,1,val
GRDC_6235210,2060491760,2060023010,1,val
GRDC_6235300,2060491760,2060023010,1,val
GRDC_6235400,2060491760,2060023010,1,val
GRDC_6235500,2060491760,2060023010,1,val
GRDC_6235530,2060491760,2060023010,1,val
GRDC_6235535,2060491760,2060023010,1,val
GRDC_6335410,2060491760,2060023010,1,val
GRDC_6335450,2060491760,2060023010,1,val
GRDC_6335460,2060491760,2060023010,1,val
GRDC_6335465,2060491760,2060023010,1,val
GRDC_6335470,2060491760,2060023010,1,val
GRDC_6342050,2060491760,2060023010,1,val
GRDC_6935054,2060491760,2060023010,1,val
GRDC_6935055,2060491760,2060023010,1,val
GRDC_6935145,2060491760,2060023010,1,val
GRDC_6935200,2060491760,2060023010,1,val
GRDC_6935220,2060491760,2060023010,1,val
GRDC_6935400,2060491760,2060023010,1,val
GRDC_6935401,2060491760,2060023010,1,val
GRDC_6935402,2060491760,2060023010,1,val
GRDC_6935410,2060491760,2060023010,1,val
GRDC_6935412,2060491760,2060023010,1,val
GRDC_6935430,2060491760,2060023010,1,val
GRDC_6935440,2060491760,2060023010,1,val
GRDC_6935450,2060491760,2060023010,1,val
GRDC_6935460,2060491760,2060023010,1,val
GRDC_6935500,2060491760,2060023010,1,val
GRDC_6935540,2060491760,2060023010,1,val
GRDC_6935550,2060491760,2060023010,1,val
GRDC_6935560,2060491760,2060023010,1,val
GRDC_6935600,2060491760,2060023010,1,val
camelsch_2033,2060491760,2060023010,1,val
camelsch_2044,2060491760,2060023010,1,val
camelsch_2112,2060491760,2060023010,1,val
camelsch_2126,2060491760,2060023010,1,val
camelsch_2132,2060491760,2060023010,1,val
camelsch_2139,2060491760,2060023010,1,val
camelsch_2141,2060491760,2060023010,1,val
camelsch_2143,2060491760,2060023010,1,val
camelsch_2150,2060491760,2060023010,1,val
camelsch_2181,2060491760,2060023010,1,val
camelsch_2185,2060491760,2060023010,1,val
camelsch_2187,2060491760,2060023010,1,val
camelsch_2288,2060491760,2060023010,1,val
camelsch_2303,2060491760,2060023010,1,val
camelsch_2305,2060491760,2060023010,1,val
camelsch_2308,2060491760,2060023010,1,val
camelsch_2309,2060491760,2060023010,1,val
camelsch_2312,2060491760,2060023010,1,val
camelsch_2327,2060491760,2060023010,1,val
camelsch_2355,2060491760,2060023010,1,val
camelsch_2374,2060491760,2060023010,1,val
camelsch_2386,2060491760,2060023010,1,val
camelsch_2387,2060491760,2060023010,1,val
camelsch_2410,2060491760,2060023010,1,val
camelsch_2414,2060491760,2060023010,1,val
camelsch_2415,2060491760,2060023010,1,val
camelsch_2418,2060491760,2060023010,1,val
camelsch_2430,2060491760,2060023010,1,val
camelsch_2468,2060491760,2060023010,1,val
camelsch_2473,2060491760,2060023010,1,val
camelsch_2498,2060491760,2060023010,1,val
camelsch_2602,2060491760,2060023010,1,val
camelsch_2631,2060491760,2060023010,1,val
camelsch_4019,2060491760,2060023010,1,val
camelsch_2210,2060510690,2060016510,4,train
camelsch_2247,2060510690,2060016510,4,train
camelsch_2370,2060510690,2060016510,4,train
camelsch_2485,2060510690,2060016510,4,train
GRDC_6246140,2060517330,2060008490,4,train
GRDC_6246145,2060517330,2060008490,4,train
GRDC_6246155,2060517330,2060008490,4,train
GRDC_6246160,2060517330,2060008490,4,train
GRDC_6246161,2060517330,2060008490,4,train
GRDC_6246165,2060517330,2060008490,4,train
GRDC_6246170,2060517330,2060008490,4,train
GRDC_6246180,2060517330,2060008490,4,train
GRDC_6246185,2060517330,2060008490,4,train
GRDC_6246190,2060517330,2060008490,4,train
GRDC_6246195,2060517330,2060008490,4,train
GRDC_6246120,2060517480,2060008490,0,test
GRDC_6246121,2060517480,2060008490,0,test
GRDC_6246130,2060517550,2060008490,3,train
GRDC_6246100,2060523590,2060008490,0,test
GRDC_6246590,2060523590,2060008490,0,test
GRDC_6246605,2060523590,2060008490,0,test
GRDC_6246611,2060523590,2060008490,0,test
GRDC_6246612,2060523590,2060008490,0,test
GRDC_6246620,2060523590,2060008490,0,test
GRDC_6246630,2060523590,2060008490,0,test
GRDC_6246631,2060523590,2060008490,0,test
GRDC_6246633,2060523590,2060008490,0,test
GRDC_6246635,2060523590,2060008490,0,test
GRDC_6246700,2060523590,2060008490,0,test
GRDC_6246701,2060523590,2060008490,0,test
GRDC_6246710,2060523590,2060008490,0,test
GRDC_6246400,2060523720,2060008490,2,train
GRDC_6939050,2060536370,2060016510,2,train
GRDC_6939205,2060536370,2060016510,2,train
GRDC_6939500,2060536370,2060016510,2,train
GRDC_6939501,2060536370,2060016510,2,train
GRDC_6939510,2060536370,2060016510,2,train
GRDC_6939520,2060536370,2060016510,2,train
GRDC_6939550,2060536370,2060016510,2,train
camelsch_2009,2060536370,2060016510,2,train
camelsch_2011,2060536370,2060016510,2,train
camelsch_2024,2060536370,2060016510,2,train
camelsch_2053,2060536370,2060016510,2,train
camelsch_2117,2060536370,2060016510,2,train
camelsch_2161,2060536370,2060016510,2,train
camelsch_2170,2060536370,2060016510,2,train
camelsch_2174,2060536370,2060016510,2,train
camelsch_2203,2060536370,2060016510,2,train
camelsch_2268,2060536370,2060016510,2,train
camelsch_2269,2060536370,2060016510,2,train
camelsch_2342,2060536370,2060016510,2,train
camelsch_2346,2060536370,2060016510,2,train
camelsch_2351,2060536370,2060016510,2,train
camelsch_2419,2060536370,2060016510,2,train
camelsch_2432,2060536370,2060016510,2,train
camelsch_2433,2060536370,2060016510,2,train
camelsch_2486,2060536370,2060016510,2,train
camelsch_2490,2060536370,2060016510,2,train
camelsch_2493,2060536370,2060016510,2,train
camelsch_2606,2060536370,2060016510,2,train
camelsch_2607,2060536370,2060016510,2,train
camelsch_2630,2060536370,2060016510,2,train
GRDC_6948100,2060548280,2060013010,3,train
GRDC_6948120,2060548280,2060013010,3,train
GRDC_6948150,2060548280,2060013010,3,train
GRDC_6948360,2060548280,2060013010,3,train
GRDC_6948520,2060548280,2060013010,3,train
GRDC_6948530,2060548280,2060013010,3,train
camelsch_2020,2060548280,2060013010,3,train
camelsch_2068,2060548280,2060013010,3,train
camelsch_2086,2060548280,2060013010,3,train
camelsch_2167,2060548280,2060013010,3,train
camelsch_2206,2060548280,2060013010,3,train
camelsch_2244,2060548280,2060013010,3,train
camelsch_2321,2060548280,2060013010,3,train
camelsch_2347,2060548280,2060013010,3,train
camelsch_2356,2060548280,2060013010,3,train
camelsch_2364,2060548280,2060013010,3,train
camelsch_2368,2060548280,2060013010,3,train
camelsch_2420,2060548280,2060013010,3,train
camelsch_2461,2060548280,2060013010,3,train
camelsch_2463,2060548280,2060013010,3,train
camelsch_2474,2060548280,2060013010,3,train
camelsch_2475,2060548280,2060013010,3,train
camelsch_2494,2060548280,2060013010,3,train
camelsch_2605,2060548280,2060013010,3,train
camelsch_2612,2060548280,2060013010,3,train
camelsch_2629,2060548280,2060013010,3,train
GRDC_6948110,2060548650,2060013010,2,train
GRDC_6948111,2060548650,2060013010,2,train
camelsch_2078,2060548650,2060013010,2,train
camelsch_2079,2060548650,2060013010,2,train
camelsch_2349,2060548650,2060013010,2,train
camelsch_2366,2060548650,2060013010,2,train
camelsch_2620,2060548650,2060013010,2,train
GRDC_6226100,2060598470,2060017150,0,test
GRDC_6226200,2060598470,2060017150,0,test
GRDC_6226210,2060598470,2060017150,0,test
GRDC_6226220,2060598470,2060017150,0,test
GRDC_6226230,2060598470,2060017150,0,test
GRDC_6226250,2060598470,2060017150,0,test
camelses_9038,2060598470,2060017150,0,test
camelses_9070,2060598470,2060017150,0,test
camelses_9071,2060598470,2060017150,0,test
camelses_9074,2060598470,2060017150,0,test
camelses_9075,2060598470,2060017150,0,test
camelses_9092,2060598470,2060017150,0,test
camelses_9093,2060598470,2060017150,0,test
camelses_9120,2060598470,2060017150,0,test
camelses_9165,2060598470,2060017150,0,test
camelses_9166,2060598470,2060017150,0,test
camelses_9188,2060598470,2060017150,0,test
camelses_9189,2060598470,2060017150,0,test
camelses_9197,2060598470,2060017150,0,test
camelses_9254,2060598470,2060017150,0,test
camelses_9279,2060598470,2060017150,0,test
camelses_9281,2060598470,2060017150,0,test
camelses_9283,2060598470,2060017150,0,test
camelses_9317,2060598470,2060017150,0,test
camelses_9328,2060598470,2060017150,0,test
GRDC_6226310,2060598480,2060017150,1,val
GRDC_6226350,2060598480,2060017150,1,val
camelses_9067,2060598480,2060017150,1,val
camelses_9068,2060598480,2060017150,1,val
camelses_9069,2060598480,2060017150,1,val
camelses_9079,2060598480,2060017150,1,val
camelses_9270,2060598480,2060017150,1,val
camelses_9321,2060598480,2060017150,1,val
camelses_9322,2060598480,2060017150,1,val
camelses_9323,2060598480,2060017150,1,val
camelses_9324,2060598480,2060017150,1,val
camelses_9327,2060598480,2060017150,1,val
GRDC_6226300,2060606810,2060017150,0,test
GRDC_6226450,2060606810,2060017150,0,test
GRDC_6226470,2060606810,2060017150,0,test
camelses_9002,2060606810,2060017150,0,test
camelses_9003,2060606810,2060017150,0,test
camelses_9004,2060606810,2060017150,0,test
camelses_9044,2060606810,2060017150,0,test
camelses_9063,2060606810,2060017150,0,test
camelses_9064,2060606810,2060017150,0,test
camelses_9073,2060606810,2060017150,0,test
camelses_9139,2060606810,2060017150,0,test
camelses_9284,2060606810,2060017150,0,test
GRDC_6226440,2060606920,2060017150,1,val
GRDC_6226480,2060606920,2060017150,1,val
camelses_2163,2060606920,2060017150,1,val
camelses_9041,2060606920,2060017150,1,val
camelses_9184,2060606920,2060017150,1,val
camelses_9261,2060606920,2060017150,1,val
camelses_9287,2060606920,2060017150,1,val
GRDC_6226430,2060609250,2060017150,0,test
camelses_9061,2060609250,2060017150,0,test
camelses_9062,2060609250,2060017150,0,test
camelses_9187,2060609250,2060017150,0,test
camelses_9271,2060609250,2060017150,0,test
camelses_9282,2060609250,2060017150,0,test
camelses_9291,2060609250,2060017150,0,test
GRDC_6226400,2060609300,2060017150,4,train
GRDC_6226420,2060609300,2060017150,4,train
GRDC_6212700,2060611100,2060019150,3,train
GRDC_6212740,2060611100,2060019150,3,train
GRDC_6212750,2060611100,2060019150,3,train
GRDC_6212760,2060611100,2060019150,3,train
camelses_2026,2060611100,2060019150,3,train
camelses_2028,2060611100,2060019150,3,train
camelses_2029,2060611100,2060019150,3,train
camelses_2030,2060611100,2060019150,3,train
camelses_2031,2060611100,2060019150,3,train
camelses_2036,2060611100,2060019150,3,train
camelses_2041,2060611100,2060019150,3,train
camelses_2116,2060611100,2060019150,3,train
camelses_2131,2060611100,2060019150,3,train
camelses_2139,2060611100,2060019150,3,train
camelses_2141,2060611100,2060019150,3,train
camelses_9158,2060611100,2060019150,3,train
camelses_9203,2060611100,2060019150,3,train
GRDC_6212460,2060611160,2060019150,0,test
GRDC_6212480,2060611160,2060019150,0,test
GRDC_6212860,2060611160,2060019150,0,test
camelses_2000,2060611160,2060019150,0,test
camelses_2005,2060611160,2060019150,0,test
camelses_2013,2060611160,2060019150,0,test
camelses_2015,2060611160,2060019150,0,test
camelses_2017,2060611160,2060019150,0,test
camelses_2025,2060611160,2060019150,0,test
camelses_2043,2060611160,2060019150,0,test
camelses_2049,2060611160,2060019150,0,test
camelses_2053,2060611160,2060019150,0,test
camelses_2056,2060611160,2060019150,0,test
camelses_2057,2060611160,2060019150,0,test
camelses_2101,2060611160,2060019150,0,test
camelses_2132,2060611160,2060019150,0,test
GRDC_6212850,2060611700,2060019150,2,train
camelses_2054,2060611700,2060019150,2,train
camelses_2114,2060611700,2060019150,2,train
GRDC_6212505,2060613120,2060019150,1,val
GRDC_6212515,2060613120,2060019150,1,val
GRDC_6212550,2060613120,2060019150,1,val
camelses_1715,2060613120,2060019150,1,val
camelses_1721,2060613120,2060019150,1,val
camelses_1725,2060613120,2060019150,1,val
camelses_1734,2060613120,2060019150,1,val
camelses_2060,2060613120,2060019150,1,val
camelses_2061,2060613120,2060019150,1,val
camelses_2082,2060613120,2060019150,1,val
camelses_2089,2060613120,2060019150,1,val
camelses_2098,2060613120,2060019150,1,val
camelses_2113,2060613120,2060019150,1,val
camelses_2115,2060613120,2060019150,1,val
camelses_2138,2060613120,2060019150,1,val
camelses_2145,2060613120,2060019150,1,val
camelses_2147,2060613120,2060019150,1,val
camelses_2150,2060613120,2060019150,1,val
camelses_2156,2060613120,2060019150,1,val
camelses_2711,2060613120,2060019150,1,val
camelses_2713,2060613120,2060019150,1,val
camelses_2716,2060613120,2060019150,1,val
GRDC_6212410,2060613260,2060019150,3,train
GRDC_6212450,2060613260,2060019150,3,train
GRDC_6212620,2060613260,2060019150,3,train
GRDC_6212630,2060613260,2060019150,3,train
camelses_2062,2060613260,2060019150,3,train
camelses_2074,2060613260,2060019150,3,train
camelses_2104,2060613260,2060019150,3,train
camelses_2105,2060613260,2060019150,3,train
camelses_2121,2060613260,2060019150,3,train
camelses_2126,2060613260,2060019150,3,train
camelses_2717,2060613260,2060019150,3,train
GRDC_6226650,2060615620,2060017150,2,train
camelses_9020,2060615620,2060017150,2,train
camelses_9021,2060615620,2060017150,2,train
camelses_9023,2060615620,2060017150,2,train
camelses_9040,2060615620,2060017150,2,train
camelses_9051,2060615620,2060017150,2,train
camelses_9095,2060615620,2060017150,2,train
camelses_9159,2060615620,2060017150,2,train
camelses_9252,2060615620,2060017150,2,train
camelses_9256,2060615620,2060017150,2,train
camelses_9265,2060615620,2060017150,2,train
camelses_9011,2060615720,2060017150,2,train
camelses_9033,2060615720,2060017150,2,train
camelses_9089,2060615720,2060017150,2,train
camelses_9215,2060615720,2060017150,2,train
camelses_9263,2060615720,2060017150,2,train
GRDC_6212840,2060617190,2060019150,1,val
camelses_2081,2060617190,2060019150,1,val
camelses_2712,2060617190,2060019150,1,val
camelses_3182,2060617190,2060019150,1,val
camelses_3217,2060617190,2060019150,1,val
GRDC_6213760,2060642980,2060018840,4,train
GRDC_6213770,2060642980,2060018840,4,train
GRDC_6213780,2060642980,2060018840,4,train
GRDC_6213790,2060642980,2060018840,4,train
camelses_2012,2060642980,2060018840,4,train
camelses_2016,2060642980,2060018840,4,train
camelses_3049,2060642980,2060018840,4,train
camelses_3051,2060642980,2060018840,4,train
camelses_3052,2060642980,2060018840,4,train
camelses_3062,2060642980,2060018840,4,train
camelses_3103,2060642980,2060018840,4,train
camelses_3165,2060642980,2060018840,4,train
camelses_3193,2060642980,2060018840,4,train
GRDC_6213794,2060643220,2060018840,4,train
GRDC_6213800,2060643220,2060018840,4,train
GRDC_6213850,2060643220,2060018840,4,train
camelses_3005,2060643220,2060018840,4,train
camelses_3030,2060643220,2060018840,4,train
camelses_3045,2060643220,2060018840,4,train
camelses_3174,2060643220,2060018840,4,train
camelses_3186,2060643220,2060018840,4,train
camelses_3269,2060643220,2060018840,4,train
GRDC_6213530,2060646750,2060018840,0,test
camelses_3146,2060646750,2060018840,0,test
camelses_3161,2060646750,2060018840,0,test
camelses_3234,2060646750,2060018840,0,test
camelses_3261,2060646750,2060018840,0,test
GRDC_6213650,2060646840,2060018840,4,train
camelses_2046,2060646840,2060018840,4,train
camelses_2047,2060646840,2060018840,4,train
camelses_2050,2060646840,2060018840,4,train
camelses_2055,2060646840,2060018840,4,train
camelses_3100,2060646840,2060018840,4,train
camelses_3180,2060646840,2060018840,4,train
camelses_3198,2060646840,2060018840,4,train
camelses_3212,2060646840,2060018840,4,train
camelses_3231,2060646840,2060018840,4,train
GRDC_6213510,2060648560,2060018840,4,train
GRDC_6213520,2060648560,2060018840,4,train
camelses_3144,2060648560,2060018840,4,train
camelses_3200,2060648560,2060018840,4,train
camelses_3218,2060648560,2060018840,4,train
camelses_3235,2060648560,2060018840,4,train
camelses_3242,2060648560,2060018840,4,train
camelses_3168,2060648690,2060018840,3,train
camelses_3184,2060648690,2060018840,3,train
camelses_3220,2060648690,2060018840,3,train
camelses_3276,2060648690,2060018840,3,train
camelses_3163,2060654920,2060018840,3,train
camelses_3246,2060654920,2060018840,3,train
GRDC_6216800,2060658460,2060018460,2,train
GRDC_6216810,2060658460,2060018460,2,train
GRDC_6216820,2060658460,2060018460,2,train
camelses_3014,2060658460,2060018460,2,train
camelses_8087,2060658470,2060018460,1,val
GRDC_6216520,2060665080,2060018460,3,train
GRDC_6216530,2060665080,2060018460,3,train
camelses_3012,2060665080,2060018460,3,train
camelses_3211,2060665080,2060018460,3,train
camelses_3213,2060665080,2060018460,3,train
camelses_3221,2060665080,2060018460,3,train
camelses_3222,2060665080,2060018460,3,train
camelses_3244,2060665080,2060018460,3,train
camelses_3256,2060665080,2060018460,3,train
GRDC_6216630,2060665260,2060018460,0,test
camelses_3250,2060668910,2060018460,2,train
camelses_3279,2060668910,2060018460,2,train
GRDC_6216510,2060682630,2060018460,1,val
camelses_3169,2060682630,2060018460,1,val
camelses_3278,2060682630,2060018460,1,val
camelses_5138,2060684890,2060018360,4,train
GRDC_6217140,2060685040,2060018360,3,train
GRDC_6217200,2060686460,2060018360,1,val
GRDC_6217500,2060686460,2060018360,1,val
camelses_5142,2060689660,2060018360,2,train
GRDC_6217700,2060692720,2060018360,0,test
camelses_5045,2060692720,2060018360,0,test
il_30120,2060784870,2060085720,1,val
il_30122,2060784870,2060085720,1,val
il_30124,2060784870,2060085720,1,val
il_30125,2060784870,2060085720,1,val
il_30128,2060784870,2060085720,1,val
il_30131,2060784870,2060085720,1,val
il_30145,2060784870,2060085720,1,val
il_30155,2060784870,2060085720,1,val
il_30165,2060784870,2060085720,1,val
il_30170,2060784870,2060085720,1,val
il_30175,2060784870,2060085720,1,val
il_31110,2060784870,2060085720,1,val
il_31115,2060784870,2060085720,1,val
il_31155,2060784870,2060085720,1,val
il_31160,2060784870,2060085720,1,val
il_31163,2060784870,2060085720,1,val
il_31165,2060784870,2060085720,1,val
il_34160,2060784930,2060085720,1,val
il_38175,2060794800,2060085720,0,test
il_48185,2060806340,2060085720,4,train
il_48192,2060806340,2060085720,4,train
il_55106,2060806340,2060085720,4,train
il_55140,2060806340,2060085720,4,train
il_55165,2060806340,2060085720,4,train
il_56140,2060806340,2060085720,4,train
il_56150,2060806340,2060085720,4,train
il_56164,2060806340,2060085720,4,train
il_57125,2060806340,2060085720,4,train
il_57130,2060806340,2060085720,4,train
il_57160,2060806340,2060085720,4,train
il_57165,2060806340,2060085720,4,train
il_57180,2060806340,2060085720,4,train
il_57190,2060806340,2060085720,4,train
il_58150,2060806340,2060085720,4,train
il_58175,2060806340,2060085720,4,train
il_59185,2060806340,2060085720,4,train
il_59195,2060806340,2060085720,4,train
GRDC_5101020,5060049720,5060049720,3,train
GRDC_5101040,5060049720,5060049720,3,train
GRDC_5109230,5060049720,5060049720,3,train
GRDC_5109251,5060049720,5060049720,3,train
camelsaus_102101A,5060049720,5060049720,3,train
camelsaus_925001A,5060049720,5060049720,3,train
camelsaus_926002A,5060049720,5060049720,3,train
GRDC_5606040,5060055960,5060055960,4,train
GRDC_5606041,5060055960,5060055960,4,train
GRDC_5606043,5060055960,5060055960,4,train
GRDC_5606046,5060055960,5060055960,4,train
GRDC_5606047,5060055960,5060055960,4,train
camelsaus_604053,5060055960,5060055960,4,train
GRDC_5606042,5060056090,5060056090,4,train
GRDC_5606050,5060056100,5060056100,1,val
GRDC_5606071,5060056100,5060056100,1,val
GRDC_5606072,5060056100,5060056100,1,val
GRDC_5606073,5060056100,5060056100,1,val
GRDC_5606074,5060056100,5060056100,1,val
GRDC_5606095,5060056100,5060056100,1,val
GRDC_5606180,5060056100,5060056100,1,val
GRDC_5606274,5060056100,5060056100,1,val
camelsaus_606001,5060056100,5060056100,1,val
camelsaus_606002,5060056100,5060056100,1,val
camelsaus_608002,5060056100,5060056100,1,val
GRDC_5606090,5060056250,5060056250,1,val
GRDC_5606097,5060056250,5060056250,1,val
GRDC_5606099,5060056250,5060056250,1,val
GRDC_5606100,5060056250,5060056250,1,val
GRDC_5606105,5060056260,5060056260,3,train
GRDC_5606106,5060056390,5060056390,2,train
GRDC_5606110,5060056390,5060056390,2,train
GRDC_5606120,5060056390,5060056390,2,train
GRDC_5606121,5060056390,5060056390,2,train
GRDC_5606122,5060056390,5060056390,2,train
GRDC_5606123,5060056390,5060056390,2,train
GRDC_5606124,5060056390,5060056390,2,train
GRDC_5606125,5060056430,5060056430,1,val
GRDC_5606130,5060056430,5060056430,1,val
GRDC_5606136,5060056430,5060056430,1,val
GRDC_5606140,5060056430,5060056430,1,val
camelsaus_613002,5060056430,5060056430,1,val
camelsaus_613146,5060056430,5060056430,1,val
camelsaus_614044,5060056430,5060056430,1,val
GRDC_5606160,5060056460,5060056460,2,train
GRDC_5606161,5060056460,5060056460,2,train
GRDC_5606162,5060056460,5060056460,2,train
GRDC_5606165,5060056460,5060056460,2,train
GRDC_5606173,5060056460,5060056460,2,train
GRDC_5606174,5060056460,5060056460,2,train
GRDC_5606175,5060056460,5060056460,2,train
camelsaus_616002,5060056460,5060056460,2,train
camelsaus_616065,5060056460,5060056460,2,train
GRDC_5606166,5060056510,5060056510,2,train
GRDC_5606055,5060056540,5060056540,1,val
GRDC_5606065,5060056580,5060056580,0,test
GRDC_5606066,5060056610,5060056610,4,train
GRDC_5606067,5060056620,5060056620,3,train
GRDC_5606080,5060056740,5060056740,2,train
GRDC_5607200,5060057320,5060057320,4,train
GRDC_5607201,5060057320,5060057320,4,train
GRDC_5607400,5060057710,5060057710,1,val
GRDC_5607405,5060057720,5060057720,0,test
GRDC_5607410,5060057900,5060057900,4,train
GRDC_5607510,5060058420,5060058420,3,train
GRDC_5607500,5060058580,5060058580,2,train
GRDC_5607025,5060059440,5060059440,1,val
camelsaus_804001,5060059950,5060059950,0,test
GRDC_5608096,5060061240,5060061240,4,train
GRDC_5708100,5060061250,5060061250,3,train
GRDC_5708170,5060062200,5060062200,2,train
camelsaus_G8150018,5060062210,5060062210,1,val
GRDC_5708160,5060062380,5060062380,0,test
GRDC_5708172,5060062380,5060062380,0,test
camelsaus_G8170002,5060062380,5060062380,0,test
GRDC_5709110,5060064530,5060064530,0,test
GRDC_5709111,5060064530,5060064530,0,test
GRDC_5709112,5060064530,5060064530,0,test
camelsaus_G9070142,5060064530,5060064530,0,test
GRDC_5109151,5060065600,5060065600,0,test
GRDC_5109220,5060065850,5060065850,4,train
GRDC_5109240,5060066270,5060066270,3,train
GRDC_5109270,5060066270,5060066270,3,train
GRDC_5101050,5060067410,5060067410,3,train
GRDC_5101070,5060067450,5060067450,3,train
GRDC_5101071,5060067450,5060067450,3,train
GRDC_5101075,5060067450,5060067450,3,train
camelsaus_105101A,5060067450,5060067450,3,train
camelsaus_105102A,5060067450,5060067450,3,train
camelsaus_105105A,5060067450,5060067450,3,train
GRDC_5101080,5060067460,5060067460,4,train
GRDC_5101090,5060067460,5060067460,4,train
camelsaus_108002A,5060067460,5060067460,4,train
GRDC_5101100,5060067860,5060067860,1,val
GRDC_5101109,5060067860,5060067860,1,val
GRDC_5101116,5060067860,5060067860,1,val
GRDC_5101118,5060067860,5060067860,1,val
GRDC_5101119,5060067860,5060067860,1,val
GRDC_5101120,5060067860,5060067860,1,val
GRDC_5101123,5060067860,5060067860,1,val
GRDC_5101124,5060067860,5060067860,1,val
GRDC_5101125,5060067860,5060067860,1,val
GRDC_5101130,5060067860,5060067860,1,val
GRDC_5101162,5060067860,5060067860,1,val
GRDC_5101164,5060067860,5060067860,1,val
GRDC_5101165,5060067860,5060067860,1,val
GRDC_5101170,5060067860,5060067860,1,val
GRDC_5101190,5060067860,5060067860,1,val
GRDC_5101191,5060067860,5060067860,1,val
camelsaus_112002A,5060067860,5060067860,1,val
camelsaus_112102A,5060067860,5060067860,1,val
camelsaus_113004A,5060067860,5060067860,1,val
camelsaus_116006B,5060067860,5060067860,1,val
camelsaus_116010A,5060067860,5060067860,1,val
camelsaus_116011A,5060067860,5060067860,1,val
camelsaus_116012A,5060067860,5060067860,1,val
camelsaus_116013A,5060067860,5060067860,1,val
camelsaus_116014A,5060067860,5060067860,1,val
camelsaus_116015A,5060067860,5060067860,1,val
GRDC_5101200,5060068450,5060068450,2,train
GRDC_5101204,5060068460,5060068460,0,test
GRDC_5101206,5060068460,5060068460,0,test
GRDC_5101253,5060068460,5060068460,0,test
GRDC_5101260,5060068460,5060068460,0,test
camelsaus_121001A,5060068460,5060068460,0,test
camelsaus_122004A,5060068460,5060068460,0,test
camelsaus_126003A,5060068460,5060068460,0,test
GRDC_5101301,5060069590,5060069590,1,val
GRDC_5101291,5060069600,5060069600,4,train
GRDC_5101320,5060069600,5060069600,4,train
GRDC_5101410,5060069600,5060069600,4,train
GRDC_5101411,5060069600,5060069600,4,train
GRDC_5101471,5060069970,5060069970,3,train
GRDC_5101472,5060069970,5060069970,3,train
camelsaus_137101A,5060069970,5060069970,3,train
camelsaus_137201A,5060069970,5060069970,3,train
GRDC_5101380,5060070100,5060070100,1,val
GRDC_5101381,5060070100,5060070100,1,val
GRDC_5101385,5060070100,5060070100,1,val
GRDC_5101390,5060070100,5060070100,1,val
GRDC_5101486,5060070100,5060070100,1,val
GRDC_5101487,5060070100,5060070100,1,val
camelsaus_138004B,5060070100,5060070100,1,val
camelsaus_138009A,5060070100,5060070100,1,val
camelsaus_138010A,5060070100,5060070100,1,val
GRDC_5101420,5060070110,5060070110,0,test
GRDC_5101396,5060070390,5060070390,0,test
GRDC_5101397,5060070390,5060070390,0,test
GRDC_5101430,5060070390,5060070390,0,test
GRDC_5101500,5060070390,5060070390,0,test
GRDC_5101505,5060070390,5060070390,0,test
GRDC_5101506,5060070390,5060070390,0,test
camelsaus_143009A,5060070390,5060070390,0,test
camelsaus_143110A,5060070390,5060070390,0,test
camelsaus_143303A,5060070390,5060070390,0,test
GRDC_5101450,5060070440,5060070440,4,train
GRDC_5101451,5060070440,5060070440,4,train
camelsaus_145010A,5060070440,5060070440,4,train
camelsaus_145011A,5060070440,5060070440,4,train
camelsaus_145018A,5060070440,5060070440,4,train
camelsaus_145101D,5060070440,5060070440,4,train
camelsaus_145107A,5060070440,5060070440,4,train
GRDC_5101480,5060070450,5060070450,2,train
GRDC_5201010,5060070450,5060070450,2,train
GRDC_5201020,5060070450,5060070450,2,train
camelsaus_146010A,5060070450,5060070450,2,train
camelsaus_146012A,5060070450,5060070450,2,train
camelsaus_146095A,5060070450,5060070450,2,train
GRDC_5202015,5060070670,5060070670,4,train
GRDC_5202030,5060070670,5060070670,4,train
GRDC_5202033,5060070670,5060070670,4,train
GRDC_5202036,5060070670,5060070670,4,train
GRDC_5202039,5060070670,5060070670,4,train
GRDC_5202012,5060070700,5060070700,0,test
GRDC_5202037,5060070700,5060070700,0,test
GRDC_5202038,5060070700,5060070700,0,test
GRDC_5202040,5060070700,5060070700,0,test
GRDC_5202041,5060070700,5060070700,0,test
GRDC_5202043,5060070700,5060070700,0,test
GRDC_5202044,5060070700,5060070700,0,test
GRDC_5202049,5060070700,5060070700,0,test
GRDC_5202056,5060070700,5060070700,0,test
GRDC_5202057,5060070700,5060070700,0,test
camelsaus_204034,5060070700,5060070700,0,test
GRDC_5202067,5060070710,5060070710,4,train
GRDC_5202062,5060070900,5060070900,3,train
GRDC_5202063,5060070900,5060070900,3,train
GRDC_5202064,5060070900,5060070900,3,train
GRDC_5202065,5060070900,5060070900,3,train
GRDC_5202070,5060070900,5060070900,3,train
camelsaus_206014,5060070900,5060070900,3,train
camelsaus_206018,5060070900,5060070900,3,train
GRDC_5202072,5060070930,5060070930,2,train
GRDC_5202073,5060070930,5060070930,2,train
GRDC_5202074,5060070930,5060070930,2,train
GRDC_5202075,5060070930,5060070930,2,train
GRDC_5202080,5060070980,5060070980,0,test
GRDC_5202081,5060070980,5060070980,0,test
GRDC_5202082,5060070980,5060070980,0,test
GRDC_5202083,5060070980,5060070980,0,test
GRDC_5202085,5060070980,5060070980,0,test
GRDC_5202087,5060070980,5060070980,0,test
camelsaus_208007,5060070980,5060070980,0,test
camelsaus_208009,5060070980,5060070980,0,test
GRDC_5202090,5060071100,5060071100,2,train
GRDC_5202095,5060071100,5060071100,2,train
GRDC_5202100,5060071130,5060071130,3,train
GRDC_5202102,5060071130,5060071130,3,train
GRDC_5202103,5060071130,5060071130,3,train
GRDC_5202105,5060071130,5060071130,3,train
GRDC_5202106,5060071130,5060071130,3,train
GRDC_5202107,5060071130,5060071130,3,train
GRDC_5202108,5060071130,5060071130,3,train
GRDC_5202109,5060071130,5060071130,3,train
GRDC_5202111,5060071130,5060071130,3,train
GRDC_5202112,5060071130,5060071130,3,train
GRDC_5202113,5060071130,5060071130,3,train
camelsaus_210006,5060071130,5060071130,3,train
camelsaus_210011,5060071130,5060071130,3,train
GRDC_5202110,5060071140,5060071140,3,train
GRDC_5202114,5060071140,5060071140,3,train
GRDC_5202115,5060071140,5060071140,3,train
GRDC_5202120,5060071270,5060071270,2,train
GRDC_5202130,5060071270,5060071270,2,train
GRDC_5202135,5060071270,5060071270,2,train
GRDC_5202145,5060071270,5060071270,2,train
GRDC_5202410,5060071270,5060071270,2,train
camelsaus_212209,5060071270,5060071270,2,train
camelsaus_212260,5060071270,5060071270,2,train
GRDC_5202141,5060071280,5060071280,0,test
GRDC_5202150,5060071280,5060071280,0,test
GRDC_5202151,5060071280,5060071280,0,test
GRDC_5202153,5060071280,5060071280,0,test
GRDC_5202155,5060071280,5060071280,0,test
GRDC_5202157,5060071280,5060071280,0,test
GRDC_5202160,5060071280,5060071280,0,test
GRDC_5202180,5060071280,5060071280,0,test
GRDC_5202181,5060071280,5060071280,0,test
GRDC_5202183,5060071280,5060071280,0,test
GRDC_5202200,5060071280,5060071280,0,test
GRDC_5202210,5060071280,5060071280,0,test
GRDC_5202212,5060071280,5060071280,0,test
GRDC_5202213,5060071280,5060071280,0,test
GRDC_5202215,5060071280,5060071280,0,test
GRDC_5302100,5060071280,5060071280,0,test
GRDC_5302101,5060071280,5060071280,0,test
GRDC_5302102,5060071280,5060071280,0,test
GRDC_5302103,5060071280,5060071280,0,test
GRDC_5302104,5060071280,5060071280,0,test
GRDC_5302105,5060071280,5060071280,0,test
GRDC_5302106,5060071280,5060071280,0,test
camelsaus_215002,5060071280,5060071280,0,test
camelsaus_215004,5060071280,5060071280,0,test
camelsaus_215207,5060071280,5060071280,0,test
camelsaus_216002,5060071280,5060071280,0,test
camelsaus_218001,5060071280,5060071280,0,test
camelsaus_219001,5060071280,5060071280,0,test
camelsaus_221207,5060071280,5060071280,0,test
camelsaus_221210,5060071280,5060071280,0,test
GRDC_5202216,5060071980,5060071980,4,train
GRDC_5202217,5060071980,5060071980,4,train
GRDC_5202225,5060071980,5060071980,4,train
GRDC_5202227,5060071980,5060071980,4,train
GRDC_5202228,5060071980,5060071980,4,train
GRDC_5302107,5060071980,5060071980,4,train
GRDC_5302108,5060071980,5060071980,4,train
GRDC_5302109,5060071980,5060071980,4,train
GRDC_5302220,5060071980,5060071980,4,train
GRDC_5302229,5060071980,5060071980,4,train
camelsaus_222206,5060071980,5060071980,4,train
camelsaus_222213,5060071980,5060071980,4,train
GRDC_5302110,5060071990,5060071990,4,train
GRDC_5302111,5060071990,5060071990,4,train
GRDC_5302242,5060071990,5060071990,4,train
GRDC_5302243,5060071990,5060071990,4,train
GRDC_5302244,5060071990,5060071990,4,train
GRDC_5302245,5060071990,5060071990,4,train
GRDC_5302246,5060071990,5060071990,4,train
camelsaus_223202,5060071990,5060071990,4,train
camelsaus_224206,5060071990,5060071990,4,train
GRDC_5302250,5060072180,5060072180,4,train
GRDC_5302251,5060072180,5060072180,4,train
GRDC_5302252,5060072180,5060072180,4,train
GRDC_5302253,5060072180,5060072180,4,train
GRDC_5302254,5060072180,5060072180,4,train
GRDC_5302255,5060072180,5060072180,4,train
GRDC_5302256,5060072180,5060072180,4,train
GRDC_5302260,5060072180,5060072180,4,train
GRDC_5302261,5060072180,5060072180,4,train
GRDC_5302262,5060072180,5060072180,4,train
GRDC_5302264,5060072180,5060072180,4,train
GRDC_5302265,5060072180,5060072180,4,train
camelsaus_225110A,5060072180,5060072180,4,train
camelsaus_225219,5060072180,5060072180,4,train
camelsaus_226220,5060072180,5060072180,4,train
camelsaus_226407,5060072180,5060072180,4,train
GRDC_5302270,5060072190,5060072190,1,val
GRDC_5302273,5060072190,5060072190,1,val
camelsaus_227226,5060072190,5060072190,1,val
camelsaus_227227,5060072190,5060072190,1,val
GRDC_5302300,5060072670,5060072670,0,test
GRDC_5302301,5060072670,5060072670,0,test
camelsaus_229661A,5060072670,5060072670,0,test
camelsaus_230210,5060072670,5060072670,0,test
GRDC_5302310,5060072680,5060072680,1,val
camelsaus_231213,5060072680,5060072680,1,val
GRDC_5302312,5060072810,5060072810,1,val
GRDC_5302313,5060072810,5060072810,1,val
GRDC_5302314,5060072810,5060072810,1,val
GRDC_5302320,5060072810,5060072810,1,val
GRDC_5302325,5060072810,5060072810,1,val
GRDC_5302326,5060072810,5060072810,1,val
GRDC_5302330,5060072820,5060072820,3,train
GRDC_5302331,5060072820,5060072820,3,train
GRDC_5302340,5060072820,5060072820,3,train
GRDC_5302345,5060072820,5060072820,3,train
camelsaus_235205,5060072820,5060072820,3,train
GRDC_5302365,5060072960,5060072960,2,train
GRDC_5302366,5060072960,5060072960,2,train
camelsaus_236213,5060072960,5060072960,2,train
GRDC_5302360,5060072970,5060072970,2,train
GRDC_5302403,5060072970,5060072970,2,train
GRDC_5302404,5060072970,5060072970,2,train
GRDC_5302405,5060072970,5060072970,2,train
GRDC_5302406,5060072970,5060072970,2,train
GRDC_5302391,5060073130,5060073130,4,train
GRDC_5302400,5060073130,5060073130,4,train
GRDC_5302402,5060073130,5060073130,4,train
camelsaus_238208,5060073130,5060073130,4,train
GRDC_5402100,5060073140,5060073140,0,test
GRDC_5402102,5060073140,5060073140,0,test
GRDC_5402103,5060073140,5060073140,0,test
GRDC_5402110,5060073140,5060073140,0,test
GRDC_5402390,5060073140,5060073140,0,test
camelsaus_A2390519,5060073140,5060073140,0,test
GRDC_5404271,5060073410,5060073410,3,train
GRDC_5405030,5060073420,5060073420,4,train
GRDC_5405031,5060073420,5060073420,4,train
GRDC_5405040,5060073420,5060073420,4,train
GRDC_5405041,5060073420,5060073420,4,train
GRDC_5405046,5060073420,5060073420,4,train
GRDC_5405105,5060073420,5060073420,4,train
GRDC_5405130,5060073420,5060073420,4,train
camelsaus_A5030502,5060073420,5060073420,4,train
camelsaus_A5040523,5060073420,5060073420,4,train
camelsaus_A5050517,5060073420,5060073420,4,train
camelsaus_A5130501,5060073420,5060073420,4,train
GRDC_5405070,5060074320,5060074320,0,test
GRDC_5405080,5060074320,5060074320,0,test
GRDC_5606020,5060076880,5060076880,2,train
GRDC_5606030,5060076890,5060076890,1,val
GRDC_5803030,5060077790,5060077790,4,train
GRDC_5803120,5060077790,5060077790,4,train
GRDC_5803130,5060077790,5060077790,4,train
GRDC_5803140,5060077790,5060077790,4,train
GRDC_5803150,5060077790,5060077790,4,train
GRDC_5803160,5060077790,5060077790,4,train
GRDC_5803170,5060077790,5060077790,4,train
GRDC_5803180,5060077790,5060077790,4,train
GRDC_5803185,5060077790,5060077790,4,train
GRDC_5803200,5060077790,5060077790,4,train
GRDC_5803300,5060077790,5060077790,4,train
GRDC_5803601,5060077790,5060077790,4,train
GRDC_5803700,5060077790,5060077790,4,train
GRDC_5803750,5060077790,5060077790,4,train
camelsaus_304497,5060077790,5060077790,4,train
camelsaus_304499,5060077790,5060077790,4,train
camelsaus_305202,5060077790,5060077790,4,train
camelsaus_307473,5060077790,5060077790,4,train
camelsaus_308145,5060077790,5060077790,4,train
camelsaus_308799,5060077790,5060077790,4,train
camelsaus_312061,5060077790,5060077790,4,train
camelsaus_314207,5060077790,5060077790,4,train
camelsaus_314213,5060077790,5060077790,4,train
camelsaus_315450,5060077790,5060077790,4,train
camelsaus_318076,5060077790,5060077790,4,train
GRDC_5866300,5060082270,5060082270,0,test
GRDC_5869401,5060082510,5060082510,4,train
GRDC_5869501,5060082510,5060082510,4,train
GRDC_5867510,5060082520,5060082520,3,train
GRDC_5867550,5060082520,5060082520,3,train
GRDC_5867700,5060082520,5060082520,3,train
GRDC_5867710,5060082520,5060082520,3,train
GRDC_5870500,5060083490,5060083490,1,val
GRDC_5870600,5060083490,5060083490,1,val
GRDC_5870655,5060083490,5060083490,1,val
GRDC_5867200,5060083500,5060083500,2,train
GRDC_5867250,5060083500,5060083500,2,train
GRDC_5867300,5060083500,5060083500,2,train
GRDC_5867350,5060083500,5060083500,2,train
GRDC_5866111,5060083870,5060083870,1,val
GRDC_5866115,5060083870,5060083870,1,val
GRDC_5866210,5060083870,5060083870,1,val
GRDC_5866301,5060083870,5060083870,1,val
GRDC_5866120,5060083880,5060083880,4,train
GRDC_5866600,5060083980,5060083980,3,train
GRDC_5866610,5060083980,5060083980,3,train
GRDC_5866500,5060084080,5060084080,3,train
GRDC_5866100,5060084180,5060084180,2,train
GRDC_5866150,5060084180,5060084180,2,train
GRDC_5866200,5060084670,5060084670,1,val
GRDC_5866230,5060084670,5060084670,1,val
GRDC_5868050,5060084900,5060084900,0,test
GRDC_5868100,5060084900,5060084900,0,test
GRDC_5864700,5060085040,5060085040,0,test
GRDC_5864701,5060085040,5060085040,0,test
GRDC_5865900,5060085040,5060085040,0,test
GRDC_5865121,5060085220,5060085220,2,train
GRDC_5865650,5060085230,5060085230,4,train
GRDC_5865670,5060085230,5060085230,4,train
GRDC_5865550,5060085290,5060085290,3,train
GRDC_5865601,5060085290,5060085290,3,train
GRDC_5865400,5060085300,5060085300,4,train
GRDC_5865800,5060085300,5060085300,4,train
GRDC_5865810,5060085300,5060085300,4,train
GRDC_5865300,5060085810,5060085810,2,train
GRDC_5865301,5060085810,5060085810,2,train
GRDC_5863030,5060085980,5060085980,0,test
GRDC_5863200,5060085980,5060085980,0,test
GRDC_5863210,5060085980,5060085980,0,test
GRDC_5865101,5060085980,5060085980,0,test
GRDC_5863120,5060086740,5060086740,1,val
GRDC_5863110,5060086750,5060086750,4,train
GRDC_5863150,5060086750,5060086750,4,train
GRDC_5864200,5060086750,5060086750,4,train
GRDC_5864210,5060086750,5060086750,4,train
GRDC_5864300,5060087240,5060087240,3,train
GRDC_5864330,5060087240,5060087240,3,train
GRDC_5864350,5060087240,5060087240,3,train
GRDC_5864501,5060087250,5060087250,0,test
GRDC_5104245,5060087630,5060073410,2,train
camelsaus_424002,5060087630,5060073410,2,train
camelsaus_424201A,5060087630,5060073410,2,train
GRDC_5710050,5060087650,5060087590,1,val
camelsaus_G0050115,5060087650,5060087590,1,val
GRDC_5710060,5060087770,5060087590,4,train
GRDC_5607210,5060087790,5060087790,3,train
GRDC_5402104,5060088130,5060088130,0,test
camelsaus_A2390531,5060088130,5060088130,0,test
GRDC_5304160,5060088270,5060073410,1,val
GRDC_5304161,5060088270,5060073410,1,val
GRDC_5304165,5060088270,5060073410,1,val
camelsaus_415207,5060088270,5060073410,1,val
camelsaus_415237,5060088270,5060073410,1,val
GRDC_5304155,5060089650,5060073410,4,train
camelsaus_415226,5060089650,5060073410,4,train
GRDC_5708135,5060228240,5060062110,1,val
GRDC_5708140,5060228240,5060062110,1,val
GRDC_5708141,5060228240,5060062110,1,val
GRDC_5708145,5060228240,5060062110,1,val
GRDC_5708148,5060228240,5060062110,1,val
camelsaus_G8140040,5060228240,5060062110,1,val
camelsaus_G8140161,5060228240,5060062110,1,val
GRDC_5708143,5060232920,5060062110,2,train
GRDC_5708142,5060234860,5060062110,3,train
camelsaus_G8140001,5060234860,5060062110,3,train
GRDC_5709100,5060235220,5060064130,2,train
camelsaus_G9030250,5060235220,5060064130,2,train
GRDC_5709105,5060236230,5060064130,1,val
GRDC_5109201,5060240280,5060065980,0,test
GRDC_5708110,5060241060,5060061660,4,train
GRDC_5708125,5060241230,5060061660,1,val
GRDC_5708126,5060241230,5060061660,1,val
camelsaus_G8110004,5060241230,5060061660,1,val
GRDC_5608098,5060244490,5060061240,3,train
GRDC_5109205,5060247870,5060065980,1,val
camelsaus_919201A,5060247870,5060065980,1,val
GRDC_5109203,5060252320,5060065980,0,test
GRDC_5109206,5060252320,5060065980,0,test
camelsaus_919003A,5060252320,5060065980,0,test
GRDC_5109204,5060252420,5060065980,0,test
camelsaus_919309A,5060252420,5060065980,0,test
GRDC_5608093,5060253280,5060061240,2,train
camelsaus_G8110016,5060257150,5060061660,1,val
GRDC_5708094,5060258670,5060061240,0,test
GRDC_5608095,5060258710,5060061240,4,train
GRDC_5109170,5060264000,5060065780,3,train
GRDC_5109175,5060264900,5060065780,4,train
camelsaus_917107A,5060264900,5060065780,4,train
GRDC_5608091,5060266370,5060061240,3,train
camelsaus_809310,5060266370,5060061240,3,train
GRDC_5109161,5060266400,5060065630,2,train
GRDC_5109110,5060269490,5060065420,4,train
camelsaus_912101A,5060269490,5060065420,4,train
camelsaus_912105A,5060269490,5060065420,4,train
GRDC_5109210,5060270230,5060065470,1,val
GRDC_5607023,5060273990,5060059440,0,test
GRDC_5607020,5060274020,5060059440,4,train
GRDC_5109152,5060294430,5060065600,3,train
GRDC_5101183,5060300480,5060068450,2,train
GRDC_5607520,5060309740,5060058580,1,val
GRDC_5101205,5060310980,5060068450,0,test
GRDC_5101181,5060332260,5060068450,4,train
GRDC_5101182,5060332500,5060068450,3,train
GRDC_5607080,5060353070,5060057970,2,train
GRDC_5101286,5060365270,5060069590,3,train
GRDC_5101287,5060365270,5060069590,3,train
GRDC_5101288,5060365270,5060069590,3,train
GRDC_5607451,5060375500,5060057970,1,val
GRDC_5101308,5060381140,5060069590,0,test
GRDC_5110030,5060384200,5060087590,4,train
GRDC_5110020,5060391680,5060087590,3,train
GRDC_5101303,5060402980,5060069590,2,train
GRDC_5101285,5060427220,5060069590,1,val
GRDC_5101413,5060427340,5060069960,4,train
GRDC_5101414,5060427340,5060069960,4,train
GRDC_5101415,5060427340,5060069960,4,train
camelsaus_136202D,5060427340,5060069960,4,train
camelsaus_136203A,5060427340,5060069960,4,train
camelsaus_136208A,5060427340,5060069960,4,train
GRDC_5101416,5060428660,5060069960,0,test
GRDC_5101305,5060429550,5060069590,4,train
GRDC_5101365,5060430730,5060069960,3,train
GRDC_5104230,5060437200,5060073410,2,train
GRDC_5110400,5060456070,5060087590,2,train
camelsaus_A0020101,5060456070,5060087590,2,train
GRDC_5104220,5060461170,5060073410,1,val
camelsaus_422202B,5060461170,5060073410,1,val
GRDC_5104228,5060461480,5060073410,4,train
GRDC_5104310,5060461480,5060073410,4,train
GRDC_5104330,5060461480,5060073410,4,train
GRDC_5104350,5060461480,5060073410,4,train
camelsaus_422306A,5060461480,5060073410,4,train
camelsaus_422319B,5060461480,5060073410,4,train
camelsaus_422334A,5060461480,5060073410,4,train
camelsaus_422394A,5060461480,5060073410,4,train
GRDC_5104223,5060463410,5060073410,1,val
GRDC_5410100,5060470960,5060087590,0,test
camelsaus_A0030501,5060470960,5060087590,0,test
GRDC_5104160,5060495930,5060073410,0,test
GRDC_5204160,5060496270,5060073410,0,test
GRDC_5204161,5060496270,5060073410,0,test
GRDC_5204162,5060496270,5060073410,0,test
camelsaus_416003,5060496270,5060073410,0,test
camelsaus_416008,5060496270,5060073410,0,test
GRDC_5204168,5060496730,5060073410,4,train
GRDC_5204169,5060496730,5060073410,4,train
GRDC_5204460,5060504490,5060073410,4,train
GRDC_5204450,5060524970,5060073410,3,train
GRDC_5204180,5060525750,5060073410,3,train
GRDC_5204181,5060525750,5060073410,3,train
GRDC_5204182,5060525750,5060073410,3,train
GRDC_5204183,5060525750,5060073410,3,train
GRDC_5204184,5060525750,5060073410,3,train
GRDC_5204186,5060525750,5060073410,3,train
GRDC_5204187,5060525750,5060073410,3,train
GRDC_5204191,5060525750,5060073410,3,train
GRDC_5204192,5060525750,5060073410,3,train
GRDC_5204452,5060525750,5060073410,3,train
camelsaus_418005,5060525750,5060073410,3,train
camelsaus_418014,5060525750,5060073410,3,train
GRDC_5204451,5060528230,5060073410,2,train
GRDC_5204220,5060529700,5060073410,3,train
GRDC_5204225,5060529700,5060073410,3,train
GRDC_5204219,5060531180,5060073410,2,train
GRDC_5204400,5060531180,5060073410,2,train
GRDC_5204255,5060533450,5060073410,1,val
GRDC_5204250,5060537670,5060073410,0,test
GRDC_5204170,5060543670,5060073410,3,train
GRDC_5204175,5060543670,5060073410,3,train
GRDC_5204193,5060543670,5060073410,3,train
camelsaus_419005,5060543670,5060073410,3,train
GRDC_5204190,5060543720,5060073410,2,train
GRDC_5204194,5060543720,5060073410,2,train
GRDC_5204196,5060543720,5060073410,2,train
GRDC_5405095,5060555420,5060087760,4,train
GRDC_5204229,5060567600,5060073410,3,train
GRDC_5204210,5060567680,5060073410,2,train
GRDC_5204217,5060567680,5060073410,2,train
GRDC_5204218,5060567680,5060073410,2,train
GRDC_5204401,5060567680,5060073410,2,train
GRDC_5204252,5060571560,5060073410,2,train
GRDC_5204216,5060574980,5060073410,1,val
GRDC_5204120,5060579920,5060073410,3,train
GRDC_5204122,5060579920,5060073410,3,train
GRDC_5204123,5060579920,5060073410,3,train
GRDC_5204301,5060579920,5060073410,3,train
GRDC_5204302,5060579920,5060073410,3,train
GRDC_5204303,5060579920,5060073410,3,train
camelsaus_412050,5060579920,5060073410,3,train
camelsaus_412066,5060579920,5060073410,3,train
GRDC_5404270,5060590270,5060073410,0,test
GRDC_5204253,5060590920,5060073410,4,train
GRDC_5204251,5060591010,5060073410,3,train
GRDC_5204268,5060591290,5060073410,2,train
GRDC_5204300,5060591690,5060073410,1,val
GRDC_5204100,5060593410,5060073410,0,test
GRDC_5204101,5060593410,5060073410,0,test
GRDC_5204102,5060593410,5060073410,0,test
GRDC_5204103,5060593410,5060073410,0,test
GRDC_5204112,5060593410,5060073410,0,test
GRDC_5204159,5060593410,5060073410,0,test
camelsaus_410061,5060593410,5060073410,0,test
GRDC_5204106,5060595630,5060073410,0,test
GRDC_5304140,5060595640,5060073410,4,train
GRDC_5204011,5060596500,5060073410,3,train
GRDC_5204104,5060597410,5060073410,2,train
GRDC_5204105,5060597410,5060073410,2,train
GRDC_5204107,5060597410,5060073410,2,train
GRDC_5204108,5060597410,5060073410,2,train
GRDC_5204109,5060597410,5060073410,2,train
GRDC_5204110,5060597410,5060073410,2,train
GRDC_5204130,5060597410,5060073410,2,train
GRDC_5204131,5060597410,5060073410,2,train
GRDC_5204132,5060597410,5060073410,2,train
GRDC_5204133,5060597410,5060073410,2,train
GRDC_5204135,5060597410,5060073410,2,train
GRDC_5204136,5060597410,5060073410,2,train
GRDC_5204140,5060597410,5060073410,2,train
camelsaus_410705,5060597410,5060073410,2,train
camelsaus_410730,5060597410,5060073410,2,train
camelsaus_410731,5060597410,5060073410,2,train
camelsaus_410734,5060597410,5060073410,2,train
camelsaus_410761,5060597410,5060073410,2,train
GRDC_5204111,5060597480,5060073410,1,val
GRDC_5204150,5060597480,5060073410,1,val
camelsaus_410057,5060597480,5060073410,1,val
GRDC_5304069,5060599470,5060073410,2,train
GRDC_5304070,5060599470,5060073410,2,train
GRDC_5304072,5060599470,5060073410,2,train
GRDC_5304080,5060599470,5060073410,2,train
GRDC_5304082,5060599470,5060073410,2,train
GRDC_5304170,5060599470,5060073410,2,train
camelsaus_407214,5060599470,5060073410,2,train
camelsaus_407215,5060599470,5060073410,2,train
camelsaus_407220,5060599470,5060073410,2,train
camelsaus_407230,5060599470,5060073410,2,train
camelsaus_407253,5060599470,5060073410,2,train
camelsaus_408200,5060599470,5060073410,2,train
camelsaus_408202,5060599470,5060073410,2,train
GRDC_5304061,5060599480,5060073410,3,train
GRDC_5304064,5060599480,5060073410,3,train
GRDC_5304065,5060599480,5060073410,3,train
GRDC_5304067,5060599480,5060073410,3,train
GRDC_5304068,5060599480,5060073410,3,train
GRDC_5304166,5060599480,5060073410,3,train
camelsaus_406208,5060599480,5060073410,3,train
camelsaus_406213,5060599480,5060073410,3,train
camelsaus_406214,5060599480,5060073410,3,train
camelsaus_406224,5060599480,5060073410,3,train
GRDC_5204010,5060603240,5060073410,0,test
GRDC_5204013,5060603240,5060073410,0,test
GRDC_5204015,5060603240,5060073410,0,test
GRDC_5204016,5060603240,5060073410,0,test
GRDC_5204018,5060603240,5060073410,0,test
GRDC_5204019,5060603240,5060073410,0,test
GRDC_5204020,5060603240,5060073410,0,test
GRDC_5304010,5060603240,5060073410,0,test
GRDC_5304015,5060603240,5060073410,0,test
GRDC_5304018,5060603240,5060073410,0,test
GRDC_5304019,5060603240,5060073410,0,test
GRDC_5304020,5060603240,5060073410,0,test
GRDC_5304021,5060603240,5060073410,0,test
GRDC_5304025,5060603240,5060073410,0,test
GRDC_5304051,5060603240,5060073410,0,test
GRDC_5304053,5060603240,5060073410,0,test
camelsaus_401009,5060603240,5060073410,0,test
camelsaus_401012,5060603240,5060073410,0,test
camelsaus_401015,5060603240,5060073410,0,test
camelsaus_401203,5060603240,5060073410,0,test
camelsaus_401208,5060603240,5060073410,0,test
camelsaus_401210,5060603240,5060073410,0,test
camelsaus_401212,5060603240,5060073410,0,test
camelsaus_401216,5060603240,5060073410,0,test
camelsaus_401217,5060603240,5060073410,0,test
camelsaus_402204,5060603240,5060073410,0,test
camelsaus_402206,5060603240,5060073410,0,test
camelsaus_402213,5060603240,5060073410,0,test
GRDC_5304029,5060603260,5060073410,1,val
GRDC_5304030,5060603260,5060073410,1,val
GRDC_5304034,5060603260,5060073410,1,val
GRDC_5304035,5060603260,5060073410,1,val
GRDC_5304036,5060603260,5060073410,1,val
GRDC_5304054,5060603260,5060073410,1,val
GRDC_5304112,5060603260,5060073410,1,val
camelsaus_403214,5060603260,5060073410,1,val
camelsaus_403217,5060603260,5060073410,1,val
camelsaus_403221,5060603260,5060073410,1,val
camelsaus_403222,5060603260,5060073410,1,val
camelsaus_403226,5060603260,5060073410,1,val
camelsaus_403232,5060603260,5060073410,1,val
GRDC_5304040,5060603790,5060073410,2,train
GRDC_5304090,5060603790,5060073410,2,train
GRDC_5304100,5060603790,5060073410,2,train
GRDC_5304110,5060603790,5060073410,2,train
GRDC_5304119,5060603790,5060073410,2,train
GRDC_5304120,5060603790,5060073410,2,train
GRDC_5304121,5060603790,5060073410,2,train
GRDC_5304122,5060603790,5060073410,2,train
GRDC_5304123,5060603790,5060073410,2,train
GRDC_5304124,5060603790,5060073410,2,train
GRDC_5304125,5060603790,5060073410,2,train
GRDC_5304126,5060603790,5060073410,2,train
GRDC_5304127,5060603790,5060073410,2,train
GRDC_5304130,5060603790,5060073410,2,train
GRDC_5304132,5060603790,5060073410,2,train
GRDC_5304133,5060603790,5060073410,2,train
GRDC_5304134,5060603790,5060073410,2,train
GRDC_5304136,5060603790,5060073410,2,train
camelsaus_404207,5060603790,5060073410,2,train
camelsaus_405205,5060603790,5060073410,2,train
camelsaus_405209,5060603790,5060073410,2,train
camelsaus_405215,5060603790,5060073410,2,train
camelsaus_405217,5060603790,5060073410,2,train
camelsaus_405218,5060603790,5060073410,2,train
camelsaus_405219,5060603790,5060073410,2,train
camelsaus_405226,5060603790,5060073410,2,train
camelsaus_405227,5060603790,5060073410,2,train
camelsaus_405238,5060603790,5060073410,2,train
camelsaus_405245,5060603790,5060073410,2,train
camelsaus_405248,5060603790,5060073410,2,train
camelsaus_405251,5060603790,5060073410,2,train
camelsaus_405264,5060603790,5060073410,2,train
camelsaus_405274,5060603790,5060073410,2,train
GRDC_3650221,6060008320,6060008320,2,train
GRDC_3650202,6060008620,6060008620,1,val
GRDC_3650270,6060008830,6060008830,0,test
GRDC_3650511,6060009770,6060009770,4,train
GRDC_3650526,6060010100,6060010100,1,val
GRDC_3650530,6060010100,6060010100,1,val
GRDC_3650520,6060010170,6060010170,3,train
GRDC_3650690,6060010480,6060010480,2,train
GRDC_3650881,6060011240,6060011240,1,val
GRDC_3650930,6060011380,6060011380,0,test
GRDC_3652050,6060011890,6060011890,4,train
GRDC_3652080,6060012030,6060012030,0,test
GRDC_3652089,6060012030,6060012030,0,test
GRDC_3653910,6060013760,6060013760,0,test
GRDC_3653980,6060013760,6060013760,0,test
GRDC_3653985,6060013760,6060013760,0,test
GRDC_3653110,6060014460,6060014460,4,train
GRDC_3653120,6060014460,6060014460,4,train
camelsbr_81102000,6060014460,6060014460,4,train
camelsbr_81135000,6060014460,6060014460,4,train
camelsbr_81200000,6060014460,6060014460,4,train
camelsbr_82320000,6060014470,6060014470,3,train
GRDC_3653352,6060014900,6060014900,1,val
camelsbr_83050000,6060014900,6060014900,1,val
camelsbr_83300200,6060014900,6060014900,1,val
camelsbr_83892998,6060014900,6060014900,1,val
camelsbr_84071000,6060014910,6060014910,2,train
GRDC_3653450,6060015110,6060015110,4,train
camelsbr_84520000,6060015110,6060015110,4,train
camelsbr_84949000,6060015120,6060015120,1,val
GRDC_3275990,6060019090,6060019090,0,test
GRDC_3276800,6060021210,6060021210,4,train
camelscl_12622001,6060021500,6060021500,3,train
camelscl_12582001,6060021940,6060021940,2,train
camelscl_12452001,6060021950,6060021950,1,val
camelscl_12400004,6060022840,6060022840,0,test
camelscl_12280002,6060022910,6060022910,3,train
camelscl_12284006,6060022910,6060022910,3,train
camelscl_12284007,6060022910,6060022910,3,train
camelscl_12287001,6060022910,6060022910,3,train
camelscl_12289002,6060022910,6060022910,3,train
camelscl_11711000,6060023980,6060023980,4,train
camelscl_11505001,6060024060,6060024060,3,train
camelscl_11530000,6060024060,6060024060,3,train
camelscl_11308001,6060025130,6060025130,3,train
camelscl_11143001,6060025140,6060025140,2,train
GRDC_3289050,6060025410,6060025410,2,train
camelscl_11040001,6060025410,6060025410,2,train
camelscl_10702002,6060025560,6060025560,1,val
camelscl_10432002,6060025970,6060025970,1,val
camelscl_10432003,6060025970,6060025970,1,val
camelscl_10313001,6060026290,6060026290,0,test
camelscl_10322003,6060026290,6060026290,0,test
camelscl_10344003,6060026290,6060026290,0,test
camelscl_10356001,6060026290,6060026290,0,test
camelscl_10133000,6060026380,6060026380,0,test
camelscl_10134001,6060026380,6060026380,0,test
camelscl_9412001,6060026450,6060026450,0,test
camelscl_9102001,6060026510,6060026510,4,train
camelscl_9123001,6060026510,6060026510,4,train
camelscl_8700002,6060026520,6060026520,4,train
camelscl_8313000,6060026750,6060026750,3,train
camelscl_8323001,6060026750,6060026750,3,train
camelscl_8106002,6060026760,6060026760,4,train
camelscl_8117006,6060026760,6060026760,4,train
camelscl_8130002,6060026760,6060026760,4,train
camelscl_7300001,6060026990,6060026990,2,train
camelscl_7303000,6060026990,6060026990,2,train
camelscl_7306001,6060026990,6060026990,2,train
camelscl_7308001,6060026990,6060026990,2,train
camelscl_7320003,6060026990,6060026990,2,train
camelscl_7330001,6060026990,6060026990,2,train
camelscl_7332001,6060026990,6060026990,2,train
camelscl_7350001,6060026990,6060026990,2,train
camelscl_7354002,6060026990,6060026990,2,train
camelscl_7355002,6060026990,6060026990,2,train
camelscl_7104002,6060027000,6060027000,2,train
camelscl_7115001,6060027000,6060027000,2,train
camelscl_6000003,6060027220,6060027220,3,train
camelscl_6002001,6060027220,6060027220,3,train
camelscl_6003001,6060027220,6060027220,3,train
camelscl_6006001,6060027220,6060027220,3,train
camelscl_6011001,6060027220,6060027220,3,train
camelscl_6013001,6060027220,6060027220,3,train
camelscl_6027001,6060027220,6060027220,3,train
camelscl_6028001,6060027220,6060027220,3,train
camelscl_6034022,6060027220,6060027220,3,train
camelscl_5702001,6060027290,6060027290,2,train
camelscl_5705001,6060027290,6060027290,2,train
camelscl_5706001,6060027290,6060027290,2,train
camelscl_5707002,6060027290,6060027290,2,train
camelscl_5720001,6060027290,6060027290,2,train
camelscl_5721016,6060027290,6060027290,2,train
camelscl_5722001,6060027290,6060027290,2,train
camelscl_5722002,6060027290,6060027290,2,train
camelscl_5746001,6060027290,6060027290,2,train
camelscl_4703002,6060027300,6060027300,1,val
camelscl_4704001,6060027300,6060027300,1,val
camelscl_4810001,6060027300,6060027300,1,val
camelscl_5100001,6060027300,6060027300,1,val
camelscl_5200001,6060027300,6060027300,1,val
camelscl_5401003,6060027300,6060027300,1,val
camelscl_5402015,6060027300,6060027300,1,val
camelscl_5403002,6060027300,6060027300,1,val
camelscl_5414001,6060027300,6060027300,1,val
camelscl_4511002,6060027770,6060027770,3,train
camelscl_3802001,6060028110,6060028110,2,train
camelscl_1610004,6060029140,6060029140,1,val
camelscl_1300009,6060029220,6060029220,0,test
camelscl_12876001,6060036450,6060036450,4,train
GRDC_3618720,6060152600,6060007000,1,val
camelsbr_14515000,6060152600,6060007000,1,val
GRDC_3618711,6060152610,6060007000,3,train
GRDC_3618730,6060163510,6060007000,0,test
GRDC_3618731,6060163510,6060007000,0,test
GRDC_3618500,6060189860,6060007000,2,train
GRDC_3618090,6060190800,6060007000,1,val
GRDC_3613060,6060196060,6060006470,0,test
GRDC_3618740,6060199150,6060007000,4,train
GRDC_3618150,6060199290,6060007000,4,train
camelsbr_14440000,6060199290,6060007000,4,train
GRDC_3618950,6060206300,6060007000,3,train
GRDC_3618951,6060206300,6060007000,3,train
camelsbr_14280001,6060206300,6060007000,3,train
GRDC_3618120,6060206500,6060007000,3,train
GRDC_3618121,6060206500,6060007000,3,train
GRDC_3618053,6060207670,6060007000,2,train
camelsbr_14250000,6060207670,6060007000,2,train
GRDC_3618052,6060212280,6060007000,3,train
GRDC_3618051,6060215600,6060007000,2,train
GRDC_3636201,6060230730,6060007000,1,val
GRDC_3621400,6060238540,6060007000,0,test
GRDC_3630300,6060250440,6060007000,1,val
camelsbr_18200000,6060250440,6060007000,1,val
GRDC_3629001,6060262110,6060007000,4,train
GRDC_3633120,6060267240,6060007000,0,test
GRDC_3633121,6060267240,6060007000,0,test
GRDC_3620000,6060279130,6060007000,4,train
GRDC_3623100,6060279130,6060007000,4,train
GRDC_3626000,6060280410,6060007000,3,train
GRDC_3631500,6060288960,6060007650,2,train
GRDC_3624500,6060305980,6060007000,1,val
GRDC_3650335,6060306470,6060009250,0,test
GRDC_3650280,6060309620,6060009220,4,train
GRDC_3632400,6060314660,6060007000,3,train
GRDC_3632401,6060314660,6060007000,3,train
GRDC_3650630,6060337870,6060010510,2,train
GRDC_3650634,6060337870,6060010510,2,train
GRDC_3650649,6060338070,6060010510,3,train
GRDC_3649901,6060344540,6060007950,2,train
GRDC_3638210,6060345150,6060007000,1,val
GRDC_3638150,6060345160,6060007000,0,test
GRDC_3649419,6060345180,6060007950,4,train
GRDC_3635030,6060348130,6060007000,3,train
GRDC_3650341,6060349570,6060009250,2,train
GRDC_3634340,6060360960,6060007000,2,train
GRDC_3634500,6060360960,6060007000,2,train
camelsbr_13870000,6060360960,6060007000,2,train
GRDC_3635035,6060372250,6060007000,1,val
GRDC_3650620,6060373400,6060010510,1,val
GRDC_3650745,6060373400,6060010510,1,val
GRDC_3650640,6060380720,6060010510,0,test
GRDC_3650610,6060381820,6060010510,4,train
GRDC_3649850,6060382740,6060007950,3,train
GRDC_3633300,6060385520,6060007000,0,test
GRDC_3633310,6060385520,6060007000,0,test
GRDC_3633123,6060389300,6060007000,4,train
GRDC_3633160,6060389300,6060007000,4,train
camelsbr_12500000,6060389300,6060007000,4,train
camelsbr_12520000,6060389300,6060007000,4,train
GRDC_3633320,6060389590,6060007000,2,train
GRDC_3634350,6060404060,6060007000,1,val
GRDC_3634360,6060404060,6060007000,1,val
camelsbr_13710001,6060404060,6060007000,1,val
GRDC_3649310,6060408040,6060007950,1,val
GRDC_3649311,6060408150,6060007950,4,train
GRDC_3649905,6060408150,6060007950,4,train
GRDC_3637390,6060408590,6060007000,0,test
GRDC_3649416,6060411450,6060007950,0,test
GRDC_3649860,6060411450,6060007950,0,test
camelsbr_27550000,6060411450,6060007950,0,test
GRDC_3635651,6060411830,6060007000,3,train
camelsbr_15800000,6060411830,6060007000,3,train
GRDC_3633100,6060413940,6060007000,4,train
GRDC_3633190,6060413950,6060007000,3,train
GRDC_3635402,6060426310,6060007000,2,train
GRDC_3635040,6060436800,6060007000,1,val
GRDC_3635301,6060436810,6060007000,2,train
GRDC_3635310,6060436810,6060007000,2,train
GRDC_3634150,6060445040,6060007000,1,val
camelsbr_13470000,6060445040,6060007000,1,val
GRDC_3634400,6060453440,6060007000,0,test
GRDC_3634450,6060453440,6060007000,0,test
GRDC_3634380,6060453450,6060007000,0,test
GRDC_3637771,6060457840,6060007000,4,train
GRDC_3637810,6060483020,6060007000,4,train
camelsbr_17350000,6060483020,6060007000,4,train
GRDC_3635408,6060483490,6060007000,3,train
GRDC_3637380,6060492990,6060007000,2,train
GRDC_3617110,6060494510,6060007000,1,val
GRDC_3649465,6060496350,6060007950,0,test
GRDC_3637910,6060501000,6060007000,4,train
GRDC_3652030,6060506360,6060012020,3,train
GRDC_3651807,6060510890,6060011780,2,train
GRDC_3649240,6060516540,6060007950,3,train
GRDC_3649242,6060516540,6060007950,3,train
GRDC_3651678,6060517520,6060011780,1,val
GRDC_3649409,6060517980,6060007950,0,test
GRDC_3635440,6060525230,6060007000,4,train
GRDC_3635451,6060525240,6060007000,3,train
GRDC_3649619,6060527670,6060007950,2,train
GRDC_3649211,6060528770,6060007950,1,val
GRDC_3649251,6060528780,6060007950,0,test
GRDC_3617811,6060532210,6060007000,4,train
GRDC_3637774,6060540290,6060007000,3,train
GRDC_3638700,6060543710,6060007000,2,train
GRDC_3649618,6060543870,6060007950,1,val
GRDC_3617805,6060545290,6060007000,3,train
GRDC_3617812,6060545290,6060007000,3,train
GRDC_3617813,6060545290,6060007000,3,train
camelsbr_15130000,6060545290,6060007000,3,train
GRDC_3649120,6060549710,6060007950,0,test
GRDC_3651806,6060562020,6060011780,4,train
GRDC_3649424,6060565970,6060007950,3,train
GRDC_3638900,6060572090,6060007000,2,train
GRDC_3649130,6060572820,6060007950,1,val
GRDC_3649150,6060572890,6060007950,0,test
GRDC_3649421,6060583870,6060007950,4,train
GRDC_3649160,6060586940,6060007950,3,train
GRDC_3649151,6060587040,6060007950,2,train
GRDC_3651520,6060589150,6060011780,1,val
GRDC_3649010,6060594780,6060007950,0,test
GRDC_3649617,6060596300,6060007950,4,train
GRDC_3649510,6060603770,6060007950,3,train
GRDC_3649412,6060619500,6060007950,2,train
GRDC_3649422,6060622980,6060007950,1,val
GRDC_3649455,6060622990,6060007950,0,test
GRDC_3666050,6060634290,6060016970,4,train
camelsbr_60435200,6060644880,6060016970,3,train
GRDC_3651400,6060648560,6060011780,2,train
GRDC_3651300,6060652910,6060011780,1,val
GRDC_3666401,6060654800,6060016970,0,test
GRDC_3666700,6060691740,6060016970,4,train
GRDC_3652610,6060696980,6060013420,3,train
GRDC_3660900,6060719760,6060016970,4,train
camelsbr_61012000,6060719760,6060016970,4,train
camelsbr_61014000,6060719760,6060016970,4,train
camelsbr_61060000,6060719760,6060016970,4,train
camelsbr_61085000,6060719760,6060016970,4,train
camelsbr_61115000,6060719760,6060016970,4,train
camelsbr_61122000,6060719760,6060016970,4,train
GRDC_3660730,6060719850,6060016970,2,train
camelsbr_61520000,6060719850,6060016970,2,train
GRDC_3662300,6060736420,6060016970,2,train
GRDC_3652870,6060736450,6060013750,1,val
GRDC_3652880,6060737700,6060013750,0,test
GRDC_3652850,6060744370,6060013750,4,train
GRDC_3652810,6060744470,6060013750,1,val
camelsbr_58405000,6060744470,6060013750,1,val
camelscl_2103014,6060748600,6060029040,3,train
camelsbr_64501000,6060755240,6060016970,0,test
camelsbr_64508500,6060755240,6060016970,0,test
GRDC_3663800,6060757580,6060016970,4,train
camelsbr_64360000,6060757580,6060016970,4,train
camelsbr_64380000,6060757580,6060016970,4,train
camelsbr_62477100,6060758360,6060016970,2,train
GRDC_3667060,6060759190,6060016970,4,train
GRDC_3667400,6060759190,6060016970,4,train
GRDC_3268100,6060762840,6060016970,1,val
GRDC_3662650,6060762870,6060016970,3,train
GRDC_3662655,6060762870,6060016970,3,train
camelsbr_64682000,6060762870,6060016970,3,train
GRDC_3268270,6060763120,6060016970,0,test
GRDC_3662600,6060772020,6060016970,4,train
GRDC_3662400,6060774200,6060016970,2,train
camelsbr_64764000,6060774200,6060016970,2,train
camelsbr_64785000,6060774200,6060016970,2,train
camelsbr_64820000,6060774200,6060016970,2,train
camelsbr_64830000,6060774200,6060016970,2,train
camelsbr_64625000,6060774750,6060016970,3,train
camelsbr_64645000,6060774750,6060016970,3,train
GRDC_3268500,6060789560,6060016970,3,train
GRDC_3664160,6060793620,6060016970,2,train
camelsbr_65979000,6060793620,6060016970,2,train
camelsbr_65027000,6060798490,6060016970,2,train
GRDC_3265005,6060798510,6060016970,1,val
camelsbr_65136550,6060798650,6060016970,0,test
GRDC_3265070,6060808340,6060016970,1,val
GRDC_3265100,6060808340,6060016970,1,val
GRDC_3268900,6060808660,6060016970,4,train
GRDC_3669350,6060811230,6060016760,3,train
GRDC_3274130,6060817460,6060040480,2,train
GRDC_3274100,6060817650,6060040480,1,val
GRDC_3265300,6060825300,6060016970,0,test
GRDC_3274030,6060831010,6060040460,4,train
GRDC_3669630,6060841320,6060016760,3,train
GRDC_3669600,6060842130,6060016760,2,train
GRDC_3653620,6060848790,6060015560,1,val
GRDC_3265910,6060849790,6060016970,0,test
GRDC_3269300,6060852180,6060016760,4,train
GRDC_3275010,6060862810,6060018850,3,train
GRDC_3275140,6060865230,6060018850,2,train
GRDC_3265600,6060870380,6060016970,1,val
GRDC_3275150,6060872440,6060018850,0,test
GRDC_3275200,6060874710,6060018850,0,test
GRDC_3275210,6060874710,6060018850,0,test
GRDC_3265601,6060887140,6060016970,4,train
GRDC_3275270,6060890970,6060018850,3,train
GRDC_3275250,6060891020,6060018850,2,train
GRDC_3275280,6060901000,6060018850,1,val
GRDC_3275450,6060918550,6060018850,0,test
GRDC_3275500,6060918580,6060018850,4,train
GRDC_3275700,6060927470,6060018850,3,train
GRDC_3275800,6060931920,6060019090,2,train
GRDC_3275910,6060942470,6060019090,1,val
GRDC_3276100,6060949410,6060020000,0,test
GRDC_3276150,6060950420,6060020000,4,train
GRDC_3276200,6060955480,6060020000,3,train
GRDC_3276300,6060958450,6060020000,2,train
GRDC_4152050,7060008710,7060008710,1,val
GRDC_4146900,7060012280,7060012280,1,val
GRDC_4146920,7060012280,7060012280,1,val
GRDC_4146950,7060012280,7060012280,1,val
hysets_11028500,7060012280,7060012280,1,val
hysets_11042400,7060012280,7060012280,1,val
hysets_11044300,7060012280,7060012280,1,val
hysets_11046000,7060012280,7060012280,1,val
hysets_11046300,7060012280,7060012280,1,val
hysets_11046530,7060012280,7060012280,1,val
hysets_11047300,7060012280,7060012280,1,val
hysets_11057500,7060012590,7060012590,4,train
hysets_11070270,7060012590,7060012590,4,train
GRDC_4146630,7060012600,7060012600,2,train
camels_11098000,7060012600,7060012600,2,train
camels_11124500,7060012600,7060012600,2,train
hysets_11097000,7060012600,7060012600,2,train
hysets_11109395,7060012600,7060012600,2,train
hysets_11109800,7060012600,7060012600,2,train
hysets_11113000,7060012600,7060012600,2,train
hysets_11123500,7060012600,7060012600,2,train
hysets_11124500,7060012600,7060012600,2,train
hysets_11132500,7060012600,7060012600,2,train
hysets_11133000,7060012600,7060012600,2,train
hysets_11136100,7060012600,7060012600,2,train
GRDC_4146410,7060012950,7060012950,3,train
GRDC_4146610,7060012950,7060012950,3,train
hysets_11136800,7060012950,7060012950,3,train
hysets_11137900,7060012950,7060012950,3,train
hysets_11138500,7060012950,7060012950,3,train
hysets_11140000,7060012950,7060012950,3,train
hysets_11140585,7060012950,7060012950,3,train
camels_11141280,7060012960,7060012960,2,train
camels_11143000,7060012960,7060012960,2,train
hysets_11143250,7060012960,7060012960,2,train
GRDC_4146320,7060013170,7060013170,0,test
GRDC_4146400,7060013170,7060013170,0,test
camels_11148900,7060013170,7060013170,0,test
camels_11151300,7060013170,7060013170,0,test
hysets_11147500,7060013170,7060013170,0,test
hysets_11149900,7060013170,7060013170,0,test
hysets_11151300,7060013170,7060013170,0,test
hysets_11151700,7060013170,7060013170,0,test
hysets_11152000,7060013170,7060013170,0,test
hysets_11152050,7060013170,7060013170,0,test
GRDC_4146310,7060013180,7060013180,3,train
GRDC_4146330,7060013180,7060013180,3,train
GRDC_4146340,7060013180,7060013180,3,train
GRDC_4146350,7060013180,7060013180,3,train
camels_11162500,7060013180,7060013180,3,train
camels_11176400,7060013180,7060013180,3,train
camels_11180500,7060013180,7060013180,3,train
camels_11180960,7060013180,7060013180,3,train
hysets_11153000,7060013180,7060013180,3,train
hysets_11156500,7060013180,7060013180,3,train
hysets_11157500,7060013180,7060013180,3,train
hysets_11158600,7060013180,7060013180,3,train
hysets_11159000,7060013180,7060013180,3,train
hysets_11159500,7060013180,7060013180,3,train
hysets_11160000,7060013180,7060013180,3,train
hysets_11161000,7060013180,7060013180,3,train
hysets_11162570,7060013180,7060013180,3,train
hysets_11176400,7060013180,7060013180,3,train
GRDC_4146210,7060013560,7060013560,0,test
GRDC_4146230,7060013560,7060013560,0,test
camels_11468500,7060013560,7060013560,0,test
hysets_11458500,7060013560,7060013560,0,test
hysets_11461000,7060013560,7060013560,0,test
hysets_11461500,7060013560,7060013560,0,test
hysets_11463200,7060013560,7060013560,0,test
hysets_11463500,7060013560,7060013560,0,test
hysets_11463980,7060013560,7060013560,0,test
hysets_11465750,7060013560,7060013560,0,test
hysets_11466320,7060013560,7060013560,0,test
hysets_11466800,7060013560,7060013560,0,test
hysets_11467200,7060013560,7060013560,0,test
hysets_11467510,7060013560,7060013560,0,test
hysets_11467553,7060013560,7060013560,0,test
hysets_11468000,7060013560,7060013560,0,test
hysets_11469000,7060013560,7060013560,0,test
GRDC_4146180,7060014040,7060014040,1,val
GRDC_4146200,7060014040,7060014040,1,val
camels_11473900,7060014040,7060014040,1,val
camels_11475560,7060014040,7060014040,1,val
camels_11476600,7060014040,7060014040,1,val
camels_11478500,7060014040,7060014040,1,val
hysets_11471500,7060014040,7060014040,1,val
hysets_11473900,7060014040,7060014040,1,val
hysets_11475800,7060014040,7060014040,1,val
hysets_11476500,7060014040,7060014040,1,val
hysets_11477000,7060014040,7060014040,1,val
hysets_11478500,7060014040,7060014040,1,val
GRDC_4146120,7060014050,7060014050,2,train
camels_11480390,7060014050,7060014050,2,train
camels_11481200,7060014050,7060014050,2,train
camels_11482500,7060014050,7060014050,2,train
hysets_11480410,7060014050,7060014050,2,train
hysets_11481200,7060014050,7060014050,2,train
hysets_11481500,7060014050,7060014050,2,train
hysets_11482500,7060014050,7060014050,2,train
GRDC_4146110,7060014200,7060014200,0,test
GRDC_4146100,7060014210,7060014210,1,val
camels_11532500,7060014210,7060014210,1,val
hysets_11532500,7060014210,7060014210,1,val
camels_14400000,7060014250,7060014250,4,train
GRDC_4146670,7060014340,7060014340,2,train
GRDC_4146901,7060014340,7060014340,2,train
camels_14362250,7060014340,7060014340,2,train
hysets_14328000,7060014340,7060014340,2,train
hysets_14338000,7060014340,7060014340,2,train
hysets_14375100,7060014340,7060014340,2,train
hysets_14377100,7060014340,7060014340,2,train
camels_14325000,7060014440,7060014440,3,train
hysets_14325000,7060014440,7060014440,3,train
GRDC_4146650,7060014520,7060014520,3,train
camels_14308990,7060014520,7060014520,3,train
camels_14309500,7060014520,7060014520,3,train
camels_14316700,7060014520,7060014520,3,train
hysets_14308000,7060014520,7060014520,3,train
hysets_14309500,7060014520,7060014520,3,train
hysets_14312000,7060014520,7060014520,3,train
hysets_14316700,7060014520,7060014520,3,train
hysets_14318000,7060014520,7060014520,3,train
hysets_14319500,7060014520,7060014520,3,train
hysets_14321000,7060014520,7060014520,3,train
camels_14303200,7060014530,7060014530,0,test
camels_14305500,7060014530,7060014530,0,test
camels_14306340,7060014530,7060014530,0,test
camels_14306500,7060014530,7060014530,0,test
hysets_14301500,7060014530,7060014530,0,test
hysets_14302480,7060014530,7060014530,0,test
hysets_14303600,7060014530,7060014530,0,test
hysets_14306500,7060014530,7060014530,0,test
hysets_14307620,7060014530,7060014530,0,test
camels_14301000,7060014800,7060014800,2,train
hysets_14301000,7060014800,7060014800,2,train
GRDC_4115080,7060014930,7060014930,3,train
GRDC_4115081,7060014930,7060014930,3,train
GRDC_4115082,7060014930,7060014930,3,train
GRDC_4115201,7060014930,7060014930,3,train
camels_14216500,7060014930,7060014930,3,train
camels_14222500,7060014930,7060014930,3,train
camels_14236200,7060014930,7060014930,3,train
hysets_14216000,7060014930,7060014930,3,train
hysets_14216500,7060014930,7060014930,3,train
hysets_14219000,7060014930,7060014930,3,train
hysets_14222500,7060014930,7060014930,3,train
hysets_14231000,7060014930,7060014930,3,train
hysets_14231900,7060014930,7060014930,3,train
hysets_14236200,7060014930,7060014930,3,train
hysets_14242580,7060014930,7060014930,3,train
hysets_14243000,7060014930,7060014930,3,train
camels_12013500,7060014940,7060014940,1,val
hysets_12013500,7060014940,7060014940,1,val
GRDC_4146150,7060015090,7060015090,1,val
GRDC_4146160,7060015090,7060015090,1,val
GRDC_4146161,7060015090,7060015090,1,val
camels_12020000,7060015090,7060015090,1,val
camels_12025000,7060015090,7060015090,1,val
camels_12025700,7060015090,7060015090,1,val
camels_12035000,7060015090,7060015090,1,val
hysets_12020000,7060015090,7060015090,1,val
hysets_12020525,7060015090,7060015090,1,val
hysets_12025000,7060015090,7060015090,1,val
hysets_12026150,7060015090,7060015090,1,val
hysets_12026400,7060015090,7060015090,1,val
hysets_12027500,7060015090,7060015090,1,val
hysets_12031000,7060015090,7060015090,1,val
hysets_12035000,7060015090,7060015090,1,val
hysets_12037400,7060015090,7060015090,1,val
GRDC_4146155,7060015100,7060015100,3,train
GRDC_4146170,7060015100,7060015100,3,train
GRDC_4146175,7060015100,7060015100,3,train
GRDC_4146185,7060015100,7060015100,3,train
GRDC_4146401,7060015100,7060015100,3,train
camels_12040500,7060015100,7060015100,3,train
camels_12041200,7060015100,7060015100,3,train
camels_12043000,7060015100,7060015100,3,train
camels_12048000,7060015100,7060015100,3,train
camels_12054000,7060015100,7060015100,3,train
camels_12056500,7060015100,7060015100,3,train
camels_12073500,7060015100,7060015100,3,train
camels_12082500,7060015100,7060015100,3,train
hysets_12039500,7060015100,7060015100,3,train
hysets_12040500,7060015100,7060015100,3,train
hysets_12041200,7060015100,7060015100,3,train
hysets_12042800,7060015100,7060015100,3,train
hysets_12043000,7060015100,7060015100,3,train
hysets_12054000,7060015100,7060015100,3,train
hysets_12056500,7060015100,7060015100,3,train
hysets_12082500,7060015100,7060015100,3,train
hysets_12083000,7060015100,7060015100,3,train
hysets_12087000,7060015100,7060015100,3,train
GRDC_4146195,7060015900,7060015900,4,train
camels_12092000,7060015900,7060015900,4,train
camels_12095000,7060015900,7060015900,4,train
hysets_12096500,7060015900,7060015900,4,train
hysets_12097500,7060015900,7060015900,4,train
hysets_12097850,7060015900,7060015900,4,train
hysets_12099200,7060015900,7060015900,4,train
hysets_12100490,7060015900,7060015900,4,train
hysets_12101500,7060015900,7060015900,4,train
camels_12114500,7060015910,7060015910,2,train
camels_12115000,7060015910,7060015910,2,train
camels_12115500,7060015910,7060015910,2,train
camels_12117000,7060015910,7060015910,2,train
GRDC_4146190,7060016000,7060016000,1,val
GRDC_4146220,7060016000,7060016000,1,val
camels_12141300,7060016000,7060016000,1,val
camels_12143600,7060016000,7060016000,1,val
camels_12144000,7060016000,7060016000,1,val
camels_12145500,7060016000,7060016000,1,val
camels_12147600,7060016000,7060016000,1,val
hysets_12134500,7060016000,7060016000,1,val
hysets_12137800,7060016000,7060016000,1,val
hysets_12141300,7060016000,7060016000,1,val
hysets_12144000,7060016000,7060016000,1,val
hysets_12144500,7060016000,7060016000,1,val
hysets_12149000,7060016000,7060016000,1,val
hysets_12150800,7060016000,7060016000,1,val
camels_12167000,7060016010,7060016010,0,test
hysets_12167000,7060016010,7060016010,0,test
GRDC_4146080,7060016090,7060016090,2,train
GRDC_4146081,7060016090,7060016090,2,train
GRDC_4146082,7060016090,7060016090,2,train
GRDC_4146083,7060016090,7060016090,2,train
GRDC_4146085,7060016090,7060016090,2,train
GRDC_4146370,7060016090,7060016090,2,train
camels_12175500,7060016090,7060016090,2,train
camels_12178100,7060016090,7060016090,2,train
camels_12186000,7060016090,7060016090,2,train
camels_12189500,7060016090,7060016090,2,train
hysets_12172000,7060016090,7060016090,2,train
hysets_12173500,7060016090,7060016090,2,train
hysets_12175500,7060016090,7060016090,2,train
hysets_12179900,7060016090,7060016090,2,train
hysets_12182500,7060016090,7060016090,2,train
hysets_12186000,7060016090,7060016090,2,train
hysets_12189500,7060016090,7060016090,2,train
hysets_12193400,7060016090,7060016090,2,train
hysets_12200500,7060016090,7060016090,2,train
GRDC_4146050,7060016100,7060016100,1,val
hysets_12201500,7060016100,7060016100,1,val
hysets_12205000,7060016100,7060016100,1,val
hysets_12208000,7060016100,7060016100,1,val
hysets_12210000,7060016100,7060016100,1,val
hysets_12210700,7060016100,7060016100,1,val
hysets_12213100,7060016100,7060016100,1,val
GRDC_4207750,7060016260,7060016260,0,test
GRDC_4207770,7060016260,7060016260,0,test
GRDC_4207900,7060016260,7060016260,0,test
GRDC_4207910,7060016260,7060016260,0,test
hysets_08MF065,7060016260,7060016260,0,test
hysets_08MF068,7060016260,7060016260,0,test
hysets_08MG001,7060016260,7060016260,0,test
hysets_08MG005,7060016260,7060016260,0,test
hysets_08MG013,7060016260,7060016260,0,test
hysets_08MH001,7060016260,7060016260,0,test
hysets_08MH016,7060016260,7060016260,0,test
hysets_08MH056,7060016260,7060016260,0,test
hysets_08MH103,7060016260,7060016260,0,test
GRDC_4245950,7060016270,7060016270,1,val
hysets_08GA071,7060016270,7060016270,1,val
hysets_08GA072,7060016270,7060016270,1,val
hysets_08GA075,7060016270,7060016270,1,val
hysets_08GB013,7060016270,7060016270,1,val
GRDC_4245650,7060016850,7060016850,0,test
hysets_08GD004,7060016850,7060016850,0,test
hysets_08GD008,7060016850,7060016850,0,test
hysets_08GE002,7060017140,7060017140,3,train
GRDC_4245550,7060017150,7060017150,4,train
hysets_08GF007,7060017150,7060017150,4,train
hysets_08FB004,7060017930,7060017930,3,train
hysets_08FB006,7060017930,7060017930,3,train
hysets_08FC003,7060018020,7060018020,2,train
hysets_08FE003,7060018610,7060018610,1,val
hysets_08FF001,7060018780,7060018780,4,train
hysets_08FF002,7060018780,7060018780,4,train
hysets_08FF003,7060018780,7060018780,4,train
GRDC_4245210,7060019010,7060019010,2,train
hysets_08EG012,7060019010,7060019010,2,train
GRDC_4245100,7060019190,7060019190,1,val
hysets_08DB001,7060019190,7060019190,1,val
GRDC_4204900,7060020090,7060020090,0,test
GRDC_4106600,7060020500,7060020500,4,train
GRDC_4106500,7060020510,7060020510,3,train
GRDC_4214105,7060021620,7060021620,0,test
hysets_06GD001,7060021620,7060021620,0,test
GRDC_4214270,7060021740,7060021740,0,test
GRDC_4214280,7060021740,7060021740,0,test
GRDC_4214320,7060021740,7060021740,0,test
hysets_06FB002,7060021740,7060021740,0,test
hysets_06FD002,7060021740,7060021740,0,test
GRDC_4213025,7060022240,7060022240,1,val
GRDC_4213715,7060022240,7060022240,1,val
GRDC_4213840,7060022240,7060022240,1,val
GRDC_4213845,7060022240,7060022240,1,val
hysets_05UF004,7060022240,7060022240,1,val
hysets_05UG001,7060022240,7060022240,1,val
hysets_05UH001,7060022240,7060022240,1,val
hysets_05UH002,7060022240,7060022240,1,val
GRDC_4214025,7060022270,7060022270,4,train
hysets_04AB001,7060022270,7060022270,4,train
GRDC_4214460,7060023960,7060023960,2,train
GRDC_4214560,7060024580,7060024580,3,train
GRDC_4214565,7060024580,7060024580,3,train
GRDC_4214610,7060024680,7060024680,1,val
GRDC_4214670,7060024840,7060024840,0,test
hysets_03NE011,7060030520,7060030520,4,train
hysets_03NF001,7060030870,7060030870,3,train
hysets_03OE011,7060031710,7060031710,2,train
hysets_03QC001,7060032050,7060032050,1,val
GRDC_4244550,7060032080,7060032080,2,train
hysets_03QC002,7060032080,7060032080,2,train
GRDC_4244610,7060032940,7060032940,1,val
hysets_02XA003,7060032940,7060032940,1,val
GRDC_4244635,7060033110,7060033110,0,test
GRDC_4244940,7060033460,7060033460,4,train
GRDC_4244890,7060033690,7060033690,3,train
hysets_02RH045,7060034330,7060034330,3,train
hysets_02RH067,7060034330,7060034330,3,train
hysets_02RH073,7060034330,7060034330,3,train
GRDC_4244350,7060034340,7060034340,0,test
hysets_02PD002,7060034340,7060034340,0,test
GRDC_4243320,7060034520,7060034520,3,train
GRDC_4243330,7060034520,7060034520,3,train
GRDC_4243340,7060034520,7060034520,3,train
GRDC_4243360,7060034520,7060034520,3,train
hysets_02PC017,7060034520,7060034520,3,train
hysets_02PJ007,7060034520,7060034520,3,train
hysets_02PJ030,7060034520,7060034520,3,train
hysets_02PK009,7060034520,7060034520,3,train
hysets_02PL005,7060034520,7060034520,3,train
GRDC_4244370,7060034570,7060034570,2,train
hysets_02PG022,7060034580,7060034580,1,val
GRDC_4244810,7060034870,7060034870,4,train
hysets_02QC009,7060034870,7060034870,4,train
hysets_01BG009,7060035320,7060035320,0,test
hysets_01BG008,7060035330,7060035330,4,train
hysets_01BG005,7060035360,7060035360,3,train
hysets_01BF004,7060035370,7060035370,2,train
GRDC_4244840,7060035470,7060035470,3,train
GRDC_4244850,7060035470,7060035470,3,train
hysets_01BC001,7060035470,7060035470,3,train
hysets_01BD008,7060035470,7060035470,3,train
hysets_01BE001,7060035470,7060035470,3,train
hysets_01BJ007,7060035470,7060035470,3,train
hysets_01BJ003,7060035480,7060035480,2,train
hysets_01BJ010,7060035480,7060035480,2,train
hysets_01BL003,7060035480,7060035480,2,train
GRDC_4244870,7060035860,7060035860,4,train
GRDC_4244880,7060035860,7060035860,4,train
hysets_01BO001,7060035860,7060035860,4,train
hysets_01BP001,7060035860,7060035860,4,train
hysets_01BQ001,7060035860,7060035860,4,train
GRDC_4244960,7060035870,7060035870,1,val
GRDC_4244985,7060035870,7060035870,1,val
hysets_01EF001,7060035870,7060035870,1,val
hysets_01EO001,7060035870,7060035870,1,val
hysets_01ED005,7060037340,7060037340,1,val
GRDC_4244995,7060037350,7060037350,3,train
hysets_01EC001,7060037350,7060037350,3,train
GRDC_4244970,7060037890,7060037890,0,test
hysets_01BU002,7060038180,7060038180,4,train
hysets_01BV006,7060038190,7060038190,3,train
GRDC_4231800,7060038320,7060038320,0,test
hysets_01AP002,7060038320,7060038320,0,test
hysets_01AP004,7060038320,7060038320,0,test
hysets_01AP006,7060038320,7060038320,0,test
GRDC_4147060,7060038340,7060038340,2,train
GRDC_4147061,7060038340,7060038340,2,train
GRDC_4147360,7060038340,7060038340,2,train
GRDC_4247100,7060038340,7060038340,2,train
GRDC_4247101,7060038340,7060038340,2,train
GRDC_4247110,7060038340,7060038340,2,train
GRDC_4247500,7060038340,7060038340,2,train
GRDC_4247700,7060038340,7060038340,2,train
camels_01022500,7060038340,7060038340,2,train
hysets_01022500,7060038340,7060038340,2,train
hysets_01AQ001,7060038340,7060038340,2,train
GRDC_4147010,7060038810,7060038810,0,test
camels_01030500,7060038810,7060038810,0,test
camels_01031500,7060038810,7060038810,0,test
hysets_01027200,7060038810,7060038810,0,test
hysets_01030500,7060038810,7060038810,0,test
hysets_01031450,7060038810,7060038810,0,test
hysets_01031500,7060038810,7060038810,0,test
GRDC_4147050,7060038980,7060038980,2,train
GRDC_4147051,7060038980,7060038980,2,train
GRDC_4147110,7060038980,7060038980,2,train
GRDC_4147111,7060038980,7060038980,2,train
camels_01047000,7060038980,7060038980,2,train
camels_01052500,7060038980,7060038980,2,train
camels_01054200,7060038980,7060038980,2,train
camels_01055000,7060038980,7060038980,2,train
camels_01057000,7060038980,7060038980,2,train
hysets_01044550,7060038980,7060038980,2,train
hysets_01046000,7060038980,7060038980,2,train
hysets_01047000,7060038980,7060038980,2,train
hysets_01048000,7060038980,7060038980,2,train
hysets_01052500,7060038980,7060038980,2,train
hysets_01054200,7060038980,7060038980,2,train
hysets_01055500,7060038980,7060038980,2,train
hysets_01060000,7060038990,7060038990,2,train
GRDC_4147210,7060039060,7060039060,1,val
hysets_01064500,7060039060,7060039060,1,val
hysets_01064801,7060039060,7060039060,1,val
GRDC_4147310,7060039070,7060039070,2,train
camels_01073000,7060039070,7060039070,2,train
GRDC_4147380,7060039160,7060039160,4,train
GRDC_4147381,7060039160,7060039160,4,train
GRDC_4147382,7060039160,7060039160,4,train
camels_01078000,7060039160,7060039160,4,train
hysets_01074520,7060039160,7060039160,4,train
hysets_01075000,7060039160,7060039160,4,train
hysets_01076500,7060039160,7060039160,4,train
hysets_01078000,7060039160,7060039160,4,train
hysets_01086000,7060039160,7060039160,4,train
hysets_01089100,7060039160,7060039160,4,train
hysets_01089500,7060039160,7060039160,4,train
hysets_01091000,7060039160,7060039160,4,train
hysets_01094000,7060039160,7060039160,4,train
GRDC_4147410,7060039170,7060039170,1,val
GRDC_4147440,7060039170,7060039170,1,val
GRDC_4147450,7060039170,7060039170,1,val
camels_01118300,7060039170,7060039170,1,val
camels_01121000,7060039170,7060039170,1,val
camels_01123000,7060039170,7060039170,1,val
hysets_01111500,7060039170,7060039170,1,val
hysets_01117430,7060039170,7060039170,1,val
hysets_01118500,7060039170,7060039170,1,val
hysets_011230695,7060039170,7060039170,1,val
hysets_01125490,7060039170,7060039170,1,val
GRDC_4147460,7060039620,7060039620,4,train
GRDC_4147461,7060039620,7060039620,4,train
GRDC_4147462,7060039620,7060039620,4,train
GRDC_4147463,7060039620,7060039620,4,train
GRDC_4147465,7060039620,7060039620,4,train
GRDC_4147470,7060039620,7060039620,4,train
GRDC_4147475,7060039620,7060039620,4,train
camels_01134500,7060039620,7060039620,4,train
camels_01137500,7060039620,7060039620,4,train
camels_01139000,7060039620,7060039620,4,train
camels_01139800,7060039620,7060039620,4,train
camels_01142500,7060039620,7060039620,4,train
camels_01144000,7060039620,7060039620,4,train
camels_01162500,7060039620,7060039620,4,train
camels_01169000,7060039620,7060039620,4,train
camels_01170100,7060039620,7060039620,4,train
camels_01181000,7060039620,7060039620,4,train
camels_01187300,7060039620,7060039620,4,train
hysets_01134500,7060039620,7060039620,4,train
hysets_01135300,7060039620,7060039620,4,train
hysets_01137500,7060039620,7060039620,4,train
hysets_01144000,7060039620,7060039620,4,train
hysets_01153550,7060039620,7060039620,4,train
hysets_01154000,7060039620,7060039620,4,train
hysets_01169000,7060039620,7060039620,4,train
hysets_01174500,7060039620,7060039620,4,train
hysets_01176000,7060039620,7060039620,4,train
hysets_01181000,7060039620,7060039620,4,train
hysets_01193500,7060039620,7060039620,4,train
GRDC_4147490,7060039630,7060039630,0,test
GRDC_4147491,7060039630,7060039630,0,test
camels_01195100,7060039630,7060039630,0,test
hysets_01196500,7060039630,7060039630,0,test
hysets_01198000,7060039630,7060039630,0,test
hysets_01198125,7060039630,7060039630,0,test
hysets_01200000,7060039630,7060039630,0,test
hysets_01204000,7060039630,7060039630,0,test
hysets_01372500,7060039870,7060039870,1,val
hysets_01374531,7060039870,7060039870,1,val
GRDC_4147540,7060039920,7060039920,4,train
hysets_01381800,7060039920,7060039920,4,train
hysets_01381900,7060039920,7060039920,4,train
hysets_01387500,7060039920,7060039920,4,train
hysets_01400000,7060039990,7060039990,3,train
hysets_01400500,7060039990,7060039990,3,train
hysets_01402000,7060039990,7060039990,3,train
hysets_01403060,7060039990,7060039990,3,train
camels_01411300,7060040000,7060040000,1,val
GRDC_4147600,7060040360,7060040360,4,train
GRDC_4147601,7060040360,7060040360,4,train
GRDC_4147605,7060040360,7060040360,4,train
GRDC_4147606,7060040360,7060040360,4,train
GRDC_4147650,7060040360,7060040360,4,train
GRDC_4147651,7060040360,7060040360,4,train
camels_01413500,7060040360,7060040360,4,train
camels_01414500,7060040360,7060040360,4,train
camels_01415000,7060040360,7060040360,4,train
camels_01423000,7060040360,7060040360,4,train
camels_01434025,7060040360,7060040360,4,train
camels_01435000,7060040360,7060040360,4,train
camels_01439500,7060040360,7060040360,4,train
camels_01440000,7060040360,7060040360,4,train
camels_01440400,7060040360,7060040360,4,train
camels_01451800,7060040360,7060040360,4,train
camels_01466500,7060040360,7060040360,4,train
hysets_01413408,7060040360,7060040360,4,train
hysets_01419500,7060040360,7060040360,4,train
hysets_01421900,7060040360,7060040360,4,train
hysets_01422500,7060040360,7060040360,4,train
hysets_01423000,7060040360,7060040360,4,train
hysets_01427500,7060040360,7060040360,4,train
hysets_01428000,7060040360,7060040360,4,train
hysets_01432900,7060040360,7060040360,4,train
hysets_01435000,7060040360,7060040360,4,train
hysets_01439500,7060040360,7060040360,4,train
hysets_01440000,7060040360,7060040360,4,train
hysets_01440400,7060040360,7060040360,4,train
hysets_01443500,7060040360,7060040360,4,train
hysets_01445500,7060040360,7060040360,4,train
hysets_01447500,7060040360,7060040360,4,train
hysets_01451650,7060040360,7060040360,4,train
hysets_01452000,7060040360,7060040360,4,train
hysets_01452500,7060040360,7060040360,4,train
hysets_01463500,7060040360,7060040360,4,train
hysets_01464000,7060040360,7060040360,4,train
hysets_01464750,7060040360,7060040360,4,train
hysets_01472810,7060040360,7060040360,4,train
hysets_01473500,7060040360,7060040360,4,train
hysets_01474000,7060040360,7060040360,4,train
hysets_01477000,7060040360,7060040360,4,train
hysets_01478245,7060040360,7060040360,4,train
hysets_01478650,7060040360,7060040360,4,train
hysets_01479000,7060040360,7060040360,4,train
hysets_01480015,7060040360,7060040360,4,train
hysets_01481500,7060040360,7060040360,4,train
camels_01484100,7060040370,7060040370,0,test
camels_01485500,7060040370,7060040370,0,test
camels_01486000,7060040370,7060040370,0,test
camels_01487000,7060040790,7060040790,0,test
GRDC_4147810,7060040800,7060040800,0,test
camels_01491000,7060040800,7060040800,0,test
GRDC_4147700,7060041050,7060041050,4,train
GRDC_4147703,7060041050,7060041050,4,train
camels_01567500,7060041050,7060041050,4,train
camels_01568000,7060041050,7060041050,4,train
camels_01580000,7060041050,7060041050,4,train
hysets_01568000,7060041050,7060041050,4,train
hysets_01570000,7060041050,7060041050,4,train
hysets_01570500,7060041050,7060041050,4,train
hysets_01571500,7060041050,7060041050,4,train
hysets_01572190,7060041050,7060041050,4,train
hysets_01573000,7060041050,7060041050,4,train
hysets_01573560,7060041050,7060041050,4,train
hysets_01574000,7060041050,7060041050,4,train
hysets_01575585,7060041050,7060041050,4,train
hysets_01576000,7060041050,7060041050,4,train
hysets_01576500,7060041050,7060041050,4,train
hysets_01576754,7060041050,7060041050,4,train
hysets_01576787,7060041050,7060041050,4,train
hysets_01577500,7060041050,7060041050,4,train
hysets_01580520,7060041050,7060041050,4,train
camels_01583500,7060041060,7060041060,2,train
camels_01586610,7060041060,7060041060,2,train
camels_01591400,7060041060,7060041060,2,train
hysets_01582000,7060041060,7060041060,2,train
hysets_01586000,7060041060,7060041060,2,train
hysets_01589352,7060041060,7060041060,2,train
hysets_01594000,7060041060,7060041060,2,train
hysets_01649500,7060041060,7060041060,2,train
hysets_01651000,7060041060,7060041060,2,train
GRDC_4147900,7060041400,7060041400,0,test
GRDC_4147904,7060041400,7060041400,0,test
camels_01644000,7060041400,7060041400,0,test
hysets_01643700,7060041400,7060041400,0,test
hysets_01643805,7060041400,7060041400,0,test
hysets_01643880,7060041400,7060041400,0,test
hysets_01644000,7060041400,7060041400,0,test
hysets_01644280,7060041400,7060041400,0,test
hysets_01646000,7060041400,7060041400,0,test
hysets_01646500,7060041400,7060041400,0,test
hysets_01646502,7060041400,7060041400,0,test
camels_01658500,7060041410,7060041410,4,train
hysets_01656000,7060041410,7060041410,4,train
GRDC_4147950,7060041650,7060041650,1,val
camels_01664000,7060041650,7060041650,1,val
camels_01666500,7060041650,7060041650,1,val
camels_01667500,7060041650,7060041650,1,val
hysets_01663500,7060041650,7060041650,1,val
hysets_01665500,7060041650,7060041650,1,val
hysets_01666500,7060041650,7060041650,1,val
hysets_01667500,7060041650,7060041650,1,val
hysets_01668000,7060041650,7060041650,1,val
camels_01669000,7060041660,7060041660,3,train
camels_01669520,7060041660,7060041660,3,train
hysets_01669520,7060041660,7060041660,3,train
hysets_01674000,7060041660,7060041660,3,train
hysets_01674500,7060041660,7060041660,3,train
hysets_01671025,7060041820,7060041820,4,train
hysets_01671100,7060041820,7060041820,4,train
hysets_01672500,7060041820,7060041820,4,train
hysets_02042500,7060041830,7060041830,4,train
GRDC_4147320,7060041900,7060041900,0,test
GRDC_4147330,7060041900,7060041900,0,test
camels_02011400,7060041900,7060041900,0,test
camels_02011460,7060041900,7060041900,0,test
camels_02013000,7060041900,7060041900,0,test
camels_02014000,7060041900,7060041900,0,test
camels_02015700,7060041900,7060041900,0,test
camels_02016000,7060041900,7060041900,0,test
camels_02017500,7060041900,7060041900,0,test
camels_02018000,7060041900,7060041900,0,test
camels_02027000,7060041900,7060041900,0,test
camels_02027500,7060041900,7060041900,0,test
camels_02028500,7060041900,7060041900,0,test
hysets_02011400,7060041900,7060041900,0,test
hysets_02013000,7060041900,7060041900,0,test
hysets_02014000,7060041900,7060041900,0,test
hysets_02015700,7060041900,7060041900,0,test
hysets_02016000,7060041900,7060041900,0,test
hysets_02017500,7060041900,7060041900,0,test
hysets_02018000,7060041900,7060041900,0,test
hysets_02020500,7060041900,7060041900,0,test
hysets_02021500,7060041900,7060041900,0,test
hysets_02024000,7060041900,7060041900,0,test
hysets_02027000,7060041900,7060041900,0,test
hysets_02028500,7060041900,7060041900,0,test
hysets_02030000,7060041900,7060041900,0,test
hysets_02030500,7060041900,7060041900,0,test
hysets_02031000,7060041900,7060041900,0,test
hysets_02032640,7060041900,7060041900,0,test
hysets_02034000,7060041900,7060041900,0,test
hysets_02035000,7060041900,7060041900,0,test
hysets_02037500,7060041900,7060041900,0,test
GRDC_4147340,7060041920,7060041920,2,train
camels_02038850,7060041920,7060041920,2,train
hysets_02039000,7060041920,7060041920,2,train
hysets_02039500,7060041920,7060041920,2,train
hysets_02040000,7060041920,7060041920,2,train
GRDC_4148070,7060042240,7060042240,4,train
camels_02046000,7060042240,7060042240,4,train
camels_02051000,7060042240,7060042240,4,train
camels_02051500,7060042240,7060042240,4,train
camels_02053200,7060042240,7060042240,4,train
hysets_02044500,7060042240,7060042240,4,train
hysets_02045500,7060042240,7060042240,4,train
hysets_02046000,7060042240,7060042240,4,train
hysets_02047000,7060042240,7060042240,4,train
hysets_02047500,7060042240,7060042240,4,train
hysets_02049500,7060042240,7060042240,4,train
hysets_02051000,7060042240,7060042240,4,train
hysets_02051500,7060042240,7060042240,4,train
hysets_02052000,7060042240,7060042240,4,train
hysets_02053200,7060042240,7060042240,4,train
GRDC_4148090,7060042310,7060042310,2,train
GRDC_4148091,7060042310,7060042310,2,train
GRDC_4148092,7060042310,7060042310,2,train
camels_02053800,7060042310,7060042310,2,train
camels_02055100,7060042310,7060042310,2,train
camels_02056900,7060042310,7060042310,2,train
camels_02059500,7060042310,7060042310,2,train
camels_02064000,7060042310,7060042310,2,train
camels_02065500,7060042310,7060042310,2,train
camels_02069700,7060042310,7060042310,2,train
camels_02070000,7060042310,7060042310,2,train
camels_02074500,7060042310,7060042310,2,train
camels_02077200,7060042310,7060042310,2,train
hysets_02055000,7060042310,7060042310,2,train
hysets_02056000,7060042310,7060042310,2,train
hysets_02056650,7060042310,7060042310,2,train
hysets_02056900,7060042310,7060042310,2,train
hysets_02058400,7060042310,7060042310,2,train
hysets_02059500,7060042310,7060042310,2,train
hysets_02061500,7060042310,7060042310,2,train
hysets_02064000,7060042310,7060042310,2,train
hysets_02065500,7060042310,7060042310,2,train
hysets_02069000,7060042310,7060042310,2,train
hysets_02070000,7060042310,7060042310,2,train
hysets_02071000,7060042310,7060042310,2,train
hysets_02074500,7060042310,7060042310,2,train
hysets_02076000,7060042310,7060042310,2,train
hysets_02077000,7060042310,7060042310,2,train
GRDC_4148110,7060042320,7060042320,0,test
camels_02081500,7060042320,7060042320,0,test
camels_02082950,7060042320,7060042320,0,test
hysets_02081500,7060042320,7060042320,0,test
hysets_02081747,7060042320,7060042320,0,test
hysets_02082770,7060042320,7060042320,0,test
hysets_02082950,7060042320,7060042320,0,test
hysets_02083000,7060042320,7060042320,0,test
hysets_02084000,7060042320,7060042320,0,test
GRDC_4148120,7060042740,7060042740,4,train
GRDC_4148121,7060042740,7060042740,4,train
GRDC_4148122,7060042740,7060042740,4,train
GRDC_4148125,7060042740,7060042740,4,train
hysets_02085070,7060042740,7060042740,4,train
hysets_0208521324,7060042740,7060042740,4,train
hysets_0208726005,7060042740,7060042740,4,train
hysets_02087324,7060042740,7060042740,4,train
hysets_02088383,7060042740,7060042740,4,train
hysets_02088500,7060042740,7060042740,4,train
hysets_02091814,7060042740,7060042740,4,train
camels_02092500,7060042750,7060042750,3,train
GRDC_4148210,7060042940,7060042940,1,val
GRDC_4148230,7060042940,7060042940,1,val
GRDC_4148231,7060042940,7060042940,1,val
GRDC_4148232,7060042940,7060042940,1,val
camels_02096846,7060042940,7060042940,1,val
camels_02102908,7060042940,7060042940,1,val
camels_02108000,7060042940,7060042940,1,val
hysets_02095500,7060042940,7060042940,1,val
hysets_02096500,7060042940,7060042940,1,val
hysets_02096960,7060042940,7060042940,1,val
hysets_02100500,7060042940,7060042940,1,val
hysets_02101726,7060042940,7060042940,1,val
hysets_02102000,7060042940,7060042940,1,val
hysets_02103000,7060042940,7060042940,1,val
hysets_02104220,7060042940,7060042940,1,val
hysets_02105769,7060042940,7060042940,1,val
hysets_02106500,7060042940,7060042940,1,val
hysets_02108000,7060042940,7060042940,1,val
hysets_02136000,7060043100,7060043100,2,train
GRDC_4148570,7060043170,7060043170,4,train
hysets_02173000,7060043170,7060043170,4,train
hysets_02173030,7060043170,7060043170,4,train
hysets_02173051,7060043170,7060043170,4,train
hysets_02173212,7060043170,7060043170,4,train
hysets_02173500,7060043170,7060043170,4,train
hysets_02175000,7060043170,7060043170,4,train
hysets_02175500,7060043170,7060043170,4,train
GRDC_4148650,7060043500,7060043500,0,test
GRDC_4148655,7060043500,7060043500,0,test
camels_02177000,7060043500,7060043500,0,test
camels_02178400,7060043500,7060043500,0,test
camels_02193340,7060043500,7060043500,0,test
camels_02196000,7060043500,7060043500,0,test
camels_02198100,7060043500,7060043500,0,test
hysets_02177000,7060043500,7060043500,0,test
hysets_02178400,7060043500,7060043500,0,test
hysets_02186000,7060043500,7060043500,0,test
hysets_02191300,7060043500,7060043500,0,test
hysets_02192000,7060043500,7060043500,0,test
hysets_02192500,7060043500,7060043500,0,test
hysets_02193500,7060043500,7060043500,0,test
hysets_02196000,7060043500,7060043500,0,test
hysets_02196690,7060043500,7060043500,0,test
hysets_02197830,7060043500,7060043500,0,test
hysets_02198000,7060043500,7060043500,0,test
GRDC_4148610,7060043510,7060043510,4,train
camels_02202600,7060043510,7060043510,4,train
hysets_02200120,7060043510,7060043510,4,train
hysets_02202040,7060043510,7060043510,4,train
hysets_02202190,7060043510,7060043510,4,train
hysets_02202500,7060043510,7060043510,4,train
hysets_02202600,7060043510,7060043510,4,train
hysets_02202680,7060043510,7060043510,4,train
hysets_02203000,7060043510,7060043510,4,train
GRDC_4148720,7060043640,7060043640,3,train
hysets_02226000,7060043640,7060043640,3,train
GRDC_4148750,7060043650,7060043650,2,train
camels_02231000,7060043650,7060043650,2,train
hysets_02226362,7060043650,7060043650,2,train
hysets_02226500,7060043650,7060043650,2,train
hysets_02227500,7060043650,7060043650,2,train
hysets_02228000,7060043650,7060043650,2,train
GRDC_4148855,7060043860,7060043860,4,train
camels_02231342,7060043860,7060043860,4,train
camels_02235200,7060043860,7060043860,4,train
camels_02245500,7060043860,7060043860,4,train
camels_02246000,7060043860,7060043860,4,train
hysets_02231342,7060043860,7060043860,4,train
hysets_02236000,7060043860,7060043860,4,train
hysets_02236125,7060043860,7060043860,4,train
hysets_02244040,7060043860,7060043860,4,train
hysets_02246500,7060043860,7060043860,4,train
GRDC_4149960,7060044770,7060044770,2,train
hysets_02266496,7060044770,7060044770,2,train
GRDC_4149950,7060044860,7060044860,1,val
camels_02296500,7060044860,7060044860,1,val
camels_02297155,7060044860,7060044860,1,val
camels_02297310,7060044860,7060044860,1,val
camels_02298123,7060044860,7060044860,1,val
GRDC_4149910,7060044870,7060044870,3,train
camels_02298608,7060044870,7060044870,3,train
camels_02299950,7060044870,7060044870,3,train
camels_02300700,7060044870,7060044870,3,train
hysets_02301000,7060044870,7060044870,3,train
hysets_02301500,7060044870,7060044870,3,train
hysets_02303330,7060044870,7060044870,3,train
hysets_02303400,7060044870,7060044870,3,train
GRDC_4149850,7060045410,7060045410,2,train
GRDC_4149851,7060045410,7060045410,2,train
camels_02310947,7060045410,7060045410,2,train
camels_02312200,7060045410,7060045410,2,train
GRDC_4149780,7060045480,7060045480,1,val
GRDC_4149781,7060045480,7060045480,1,val
GRDC_4149810,7060045480,7060045480,1,val
camels_02314500,7060045480,7060045480,1,val
camels_02315500,7060045480,7060045480,1,val
hysets_02314500,7060045480,7060045480,1,val
hysets_02315500,7060045480,7060045480,1,val
hysets_02315550,7060045480,7060045480,1,val
hysets_02315920,7060045480,7060045480,1,val
hysets_02316000,7060045480,7060045480,1,val
hysets_02317500,7060045480,7060045480,1,val
hysets_02317620,7060045480,7060045480,1,val
hysets_023177483,7060045480,7060045480,1,val
hysets_02318000,7060045480,7060045480,1,val
hysets_02318380,7060045480,7060045480,1,val
hysets_02318500,7060045480,7060045480,1,val
hysets_02319000,7060045480,7060045480,1,val
hysets_02319394,7060045480,7060045480,1,val
hysets_02319500,7060045480,7060045480,1,val
hysets_02319800,7060045480,7060045480,1,val
hysets_02320000,7060045480,7060045480,1,val
hysets_02320500,7060045480,7060045480,1,val
hysets_02321500,7060045480,7060045480,1,val
hysets_02322500,7060045480,7060045480,1,val
hysets_02322800,7060045480,7060045480,1,val
hysets_02323000,7060045480,7060045480,1,val
hysets_02323500,7060045480,7060045480,1,val
GRDC_4149710,7060045490,7060045490,0,test
GRDC_4149711,7060045490,7060045490,0,test
camels_02324400,7060045490,7060045490,0,test
camels_02327100,7060045490,7060045490,0,test
hysets_02326500,7060045490,7060045490,0,test
hysets_02326900,7060045490,7060045490,0,test
hysets_02327355,7060045490,7060045490,0,test
hysets_02327500,7060045490,7060045490,0,test
hysets_02328522,7060045490,7060045490,0,test
hysets_02329500,7060045490,7060045490,0,test
hysets_02329600,7060045490,7060045490,0,test
hysets_02330150,7060045490,7060045490,0,test
GRDC_4149632,7060045890,7060045890,1,val
hysets_02359170,7060045890,7060045890,1,val
hysets_02359500,7060045900,7060045900,1,val
GRDC_4149690,7060046130,7060046130,3,train
GRDC_4149691,7060046130,7060046130,3,train
camels_02361000,7060046130,7060046130,3,train
camels_02363000,7060046130,7060046130,3,train
hysets_02361000,7060046130,7060046130,3,train
hysets_02361500,7060046130,7060046130,3,train
hysets_02363000,7060046130,7060046130,3,train
hysets_02364500,7060046130,7060046130,3,train
hysets_02365200,7060046130,7060046130,3,train
hysets_02365500,7060046130,7060046130,3,train
hysets_02365769,7060046130,7060046130,3,train
hysets_02366000,7060046130,7060046130,3,train
hysets_02366500,7060046130,7060046130,3,train
GRDC_4149510,7060046320,7060046320,1,val
hysets_02367900,7060046320,7060046320,1,val
hysets_02369000,7060046320,7060046320,1,val
hysets_02369600,7060046320,7060046320,1,val
camels_02369800,7060046330,7060046330,3,train
hysets_02370000,7060046330,7060046330,3,train
hysets_02370500,7060046330,7060046330,3,train
GRDC_4149420,7060046390,7060046390,4,train
GRDC_4149421,7060046390,7060046390,4,train
camels_02371500,7060046390,7060046390,4,train
camels_02372250,7060046390,7060046390,4,train
camels_02374500,7060046390,7060046390,4,train
hysets_02371500,7060046390,7060046390,4,train
hysets_02372250,7060046390,7060046390,4,train
hysets_02372422,7060046390,7060046390,4,train
hysets_02372430,7060046390,7060046390,4,train
hysets_02373000,7060046390,7060046390,4,train
hysets_02374250,7060046390,7060046390,4,train
hysets_02374500,7060046390,7060046390,4,train
hysets_02374700,7060046390,7060046390,4,train
hysets_02374745,7060046390,7060046390,4,train
hysets_02374950,7060046390,7060046390,4,train
hysets_02375000,7060046390,7060046390,4,train
hysets_02375500,7060046390,7060046390,4,train
hysets_02376033,7060046390,7060046390,4,train
hysets_02376500,7060046460,7060046460,0,test
hysets_02377570,7060046460,7060046460,0,test
hysets_02378500,7060046470,7060046470,0,test
GRDC_4149310,7060046590,7060046590,4,train
hysets_02471001,7060046590,7060046590,4,train
GRDC_4149300,7060046600,7060046600,0,test
GRDC_4149350,7060046600,7060046600,0,test
GRDC_4149355,7060046600,7060046600,0,test
GRDC_4149360,7060046600,7060046600,0,test
camels_02472000,7060046600,7060046600,0,test
camels_02472500,7060046600,7060046600,0,test
camels_02479155,7060046600,7060046600,0,test
camels_02479300,7060046600,7060046600,0,test
camels_02479560,7060046600,7060046600,0,test
hysets_02472000,7060046600,7060046600,0,test
hysets_02472500,7060046600,7060046600,0,test
hysets_02472850,7060046600,7060046600,0,test
hysets_02473000,7060046600,7060046600,0,test
hysets_02473500,7060046600,7060046600,0,test
hysets_02474500,7060046600,7060046600,0,test
hysets_02474560,7060046600,7060046600,0,test
hysets_02475000,7060046600,7060046600,0,test
hysets_02475500,7060046600,7060046600,0,test
hysets_02477000,7060046600,7060046600,0,test
hysets_02477500,7060046600,7060046600,0,test
hysets_02478500,7060046600,7060046600,0,test
hysets_02479000,7060046600,7060046600,0,test
hysets_02479130,7060046600,7060046600,0,test
hysets_02479155,7060046600,7060046600,0,test
hysets_02479300,7060046600,7060046600,0,test
hysets_02479560,7060046600,7060046600,0,test
camels_02481000,7060046780,7060046780,3,train
hysets_02481000,7060046780,7060046780,3,train
camels_02481510,7060046790,7060046790,2,train
hysets_02481510,7060046790,7060046790,2,train
hysets_02492360,7060046850,7060046850,4,train
GRDC_4149110,7060046870,7060046870,4,train
GRDC_4149120,7060046870,7060046870,4,train
GRDC_4149121,7060046870,7060046870,4,train
GRDC_4149122,7060046870,7060046870,4,train
GRDC_4149123,7060046870,7060046870,4,train
hysets_02481880,7060046870,7060046870,4,train
hysets_02482000,7060046870,7060046870,4,train
hysets_02482550,7060046870,7060046870,4,train
hysets_02483000,7060046870,7060046870,4,train
hysets_02483500,7060046870,7060046870,4,train
hysets_02484000,7060046870,7060046870,4,train
hysets_02487500,7060046870,7060046870,4,train
hysets_02488000,7060046870,7060046870,4,train
hysets_02488500,7060046870,7060046870,4,train
hysets_02489000,7060046870,7060046870,4,train
hysets_02490500,7060046870,7060046870,4,train
hysets_02492000,7060046870,7060046870,4,train
GRDC_4149940,7060046900,7060046900,3,train
GRDC_4149941,7060046900,7060046900,3,train
GRDC_4149965,7060046900,7060046900,3,train
camels_07375000,7060046900,7060046900,3,train
camels_07376000,7060046900,7060046900,3,train
hysets_07375280,7060046900,7060046900,3,train
hysets_07375500,7060046900,7060046900,3,train
hysets_07376000,7060046900,7060046900,3,train
hysets_07377000,7060046900,7060046900,3,train
hysets_07378500,7060046900,7060046900,3,train
hysets_07382000,7060047480,7060047480,3,train
GRDC_4150850,7060047770,7060047770,2,train
camels_08013000,7060047800,7060047800,1,val
camels_08014500,7060047800,7060047800,1,val
hysets_08013000,7060047800,7060047800,1,val
hysets_08013500,7060047800,7060047800,1,val
hysets_08014500,7060047800,7060047800,1,val
hysets_08014800,7060047800,7060047800,1,val
GRDC_4150600,7060047970,7060047970,3,train
GRDC_4150601,7060047970,7060047970,3,train
camels_08066200,7060047970,7060047970,3,train
camels_08066300,7060047970,7060047970,3,train
hysets_08065200,7060047970,7060047970,3,train
hysets_08065800,7060047970,7060047970,3,train
hysets_08066200,7060047970,7060047970,3,train
hysets_08066300,7060047970,7060047970,3,train
hysets_08067000,7060047970,7060047970,3,train
camels_08070000,7060047980,7060047980,2,train
camels_08070200,7060047980,7060047980,2,train
hysets_08068000,7060047980,7060047980,2,train
hysets_08068275,7060047980,7060047980,2,train
hysets_08068500,7060047980,7060047980,2,train
hysets_08068720,7060047980,7060047980,2,train
hysets_08069500,7060047980,7060047980,2,train
hysets_08070200,7060047980,7060047980,2,train
hysets_08071000,7060047980,7060047980,2,train
GRDC_4150400,7060048300,7060048300,2,train
GRDC_4150500,7060048300,7060048300,2,train
hysets_08111700,7060048300,7060048300,2,train
GRDC_4150450,7060048410,7060048410,2,train
GRDC_4150451,7060048410,7060048410,2,train
camels_08155200,7060048410,7060048410,2,train
camels_08158700,7060048410,7060048410,2,train
camels_08158810,7060048410,7060048410,2,train
hysets_08152000,7060048410,7060048410,2,train
hysets_08152900,7060048410,7060048410,2,train
hysets_08155300,7060048410,7060048410,2,train
hysets_08155400,7060048410,7060048410,2,train
hysets_08158600,7060048410,7060048410,2,train
hysets_08158700,7060048410,7060048410,2,train
hysets_08158827,7060048410,7060048410,2,train
hysets_08159000,7060048410,7060048410,2,train
GRDC_4150410,7060048480,7060048480,4,train
camels_08164000,7060048480,7060048480,4,train
camels_08164300,7060048480,7060048480,4,train
hysets_08164000,7060048480,7060048480,4,train
hysets_08164300,7060048480,7060048480,4,train
hysets_08164390,7060048480,7060048480,4,train
hysets_08164450,7060048480,7060048480,4,train
camels_08164600,7060048490,7060048490,1,val
GRDC_4150300,7060048620,7060048620,1,val
GRDC_4150310,7060048620,7060048620,1,val
GRDC_4150311,7060048620,7060048620,1,val
GRDC_4150315,7060048620,7060048620,1,val
GRDC_4150320,7060048620,7060048620,1,val
GRDC_4150330,7060048620,7060048620,1,val
GRDC_4150331,7060048620,7060048620,1,val
camels_08165300,7060048620,7060048620,1,val
camels_08171300,7060048620,7060048620,1,val
camels_08175000,7060048620,7060048620,1,val
camels_08176900,7060048620,7060048620,1,val
camels_08178880,7060048620,7060048620,1,val
hysets_08165300,7060048620,7060048620,1,val
hysets_08165500,7060048620,7060048620,1,val
hysets_08166000,7060048620,7060048620,1,val
hysets_08166140,7060048620,7060048620,1,val
hysets_08166250,7060048620,7060048620,1,val
hysets_08167500,7060048620,7060048620,1,val
hysets_08168797,7060048620,7060048620,1,val
hysets_08170500,7060048620,7060048620,1,val
hysets_08171000,7060048620,7060048620,1,val
hysets_08171300,7060048620,7060048620,1,val
hysets_08174600,7060048620,7060048620,1,val
hysets_08175000,7060048620,7060048620,1,val
hysets_08176900,7060048620,7060048620,1,val
hysets_08178880,7060048620,7060048620,1,val
hysets_08185065,7060048620,7060048620,1,val
hysets_08185100,7060048620,7060048620,1,val
hysets_08186500,7060048620,7060048620,1,val
camels_08189500,7060048630,7060048630,1,val
hysets_08189300,7060048630,7060048630,1,val
hysets_08189500,7060048630,7060048630,1,val
GRDC_4150280,7060048860,7060048860,0,test
GRDC_4150281,7060048860,7060048860,0,test
GRDC_4150283,7060048860,7060048860,0,test
hysets_08210400,7060048860,7060048860,0,test
hysets_08212400,7060048870,7060048870,0,test
hysets_08HF005,7060056620,7060056620,4,train
GRDC_4245820,7060056630,7060056630,3,train
GRDC_4245860,7060056770,7060056770,3,train
GRDC_4245880,7060056770,7060056770,3,train
GRDC_4245890,7060056770,7060056770,3,train
hysets_08HA001,7060056770,7060056770,3,train
hysets_08HA010,7060056770,7060056770,3,train
hysets_08HB032,7060056770,7060056770,3,train
hysets_08HB074,7060056770,7060056770,3,train
GRDC_4245300,7060057510,7060057510,1,val
hysets_08OA002,7060057510,7060057510,1,val
hysets_02YJ001,7060059990,7060059990,2,train
GRDC_4244730,7060060310,7060060310,0,test
GRDC_4244750,7060060310,7060060310,0,test
hysets_02YK002,7060060310,7060060310,0,test
hysets_02YK005,7060060310,7060060310,0,test
hysets_02YL001,7060060310,7060060310,0,test
hysets_02YL008,7060060310,7060060310,0,test
GRDC_4244720,7060060320,7060060320,4,train
hysets_02YC001,7060060320,7060060320,4,train
hysets_02YE001,7060060320,7060060320,4,train
hysets_02YG001,7060060320,7060060320,4,train
hysets_02YN002,7060061510,7060061510,0,test
hysets_02YO008,7060061510,7060061510,0,test
GRDC_4244770,7060061620,7060061620,4,train
hysets_02YQ001,7060061620,7060061620,4,train
hysets_02YR001,7060061630,7060061630,3,train
hysets_02YR003,7060061630,7060061630,3,train
hysets_02YS005,7060061870,7060061870,1,val
GRDC_4244785,7060061880,7060061880,1,val
GRDC_4244788,7060061880,7060061880,1,val
GRDC_4244792,7060061880,7060061880,1,val
GRDC_4244795,7060061880,7060061880,1,val
hysets_02YS006,7060061880,7060061880,1,val
hysets_02ZG001,7060061880,7060061880,1,val
hysets_02ZG003,7060061880,7060061880,1,val
hysets_02ZH001,7060061880,7060061880,1,val
hysets_02ZK001,7060061880,7060061880,1,val
GRDC_4244780,7060062930,7060062930,2,train
hysets_02ZF001,7060062930,7060062930,2,train
hysets_02ZB001,7060063060,7060063060,0,test
GRDC_4244900,7060063860,7060063860,3,train
GRDC_4244910,7060063860,7060063860,3,train
GRDC_4244915,7060063860,7060063860,3,train
hysets_01FA001,7060063860,7060063860,3,train
GRDC_4584100,7060065090,7060065090,0,test
GRDC_4584200,7060065090,7060065090,0,test
GRDC_4584210,7060065090,7060065090,0,test
GRDC_4584290,7060065090,7060065090,0,test
GRDC_4584400,7060065090,7060065090,0,test
GRDC_4584450,7060065090,7060065090,0,test
GRDC_4584700,7060065090,7060065090,0,test
GRDC_4584800,7060065090,7060065090,0,test
GRDC_4584900,7060065090,7060065090,0,test
GRDC_4185050,7060072800,7060072800,2,train
GRDC_4185051,7060072800,7060072800,2,train
GRDC_4185052,7060072800,7060072800,2,train
GRDC_4185100,7060072800,7060072800,2,train
GRDC_4185101,7060072800,7060072800,2,train
GRDC_4185152,7060072800,7060072800,2,train
GRDC_4185200,7060072800,7060072800,2,train
GRDC_4185251,7060072800,7060072800,2,train
GRDC_4185300,7060072800,7060072800,2,train
GRDC_4185301,7060072800,7060072800,2,train
GRDC_4185350,7060072800,7060072800,2,train
GRDC_4185400,7060072800,7060072800,2,train
GRDC_4185450,7060072800,7060072800,2,train
GRDC_4185500,7060072800,7060072800,2,train
GRDC_4185550,7060072800,7060072800,2,train
GRDC_4185600,7060072800,7060072800,2,train
GRDC_4185650,7060072800,7060072800,2,train
GRDC_4185700,7060072800,7060072800,2,train
GRDC_4118100,7060073630,7060073630,4,train
GRDC_4118105,7060073630,7060073630,4,train
GRDC_4118410,7060073630,7060073630,4,train
GRDC_4118440,7060073630,7060073630,4,train
camels_10310500,7060073630,7060073630,4,train
camels_10316500,7060073630,7060073630,4,train
camels_10329500,7060073630,7060073630,4,train
hysets_10321590,7060073630,7060073630,4,train
hysets_10321940,7060073630,7060073630,4,train
hysets_10321950,7060073630,7060073630,4,train
hysets_10322150,7060073630,7060073630,4,train
hysets_10329500,7060073630,7060073630,4,train
hysets_11186001,7060073680,7060013550,0,test
hysets_11189500,7060073680,7060013550,0,test
hysets_11192501,7060073680,7060013550,0,test
hysets_11202000,7060073680,7060013550,0,test
hysets_11202001,7060073680,7060013550,0,test
GRDC_4118320,7060073690,7060073690,4,train
GRDC_4118300,7060073710,7060008710,2,train
GRDC_4118310,7060073710,7060008710,2,train
camels_10258000,7060073710,7060008710,2,train
camels_10258500,7060073710,7060008710,2,train
camels_10259000,7060073710,7060008710,2,train
camels_10259200,7060073710,7060008710,2,train
hysets_10258500,7060073710,7060008710,2,train
hysets_10259100,7060073710,7060008710,2,train
GRDC_4213353,7060073760,7060047060,4,train
GRDC_4213360,7060073760,7060047060,4,train
GRDC_4213370,7060073760,7060047060,4,train
hysets_05JA003,7060073760,7060047060,4,train
hysets_05JA005,7060073760,7060047060,4,train
hysets_05JA006,7060073760,7060047060,4,train
GRDC_4118420,7060073780,7060073780,0,test
camels_10396000,7060073780,7060073780,0,test
hysets_10396000,7060073780,7060073780,0,test
hysets_10260500,7060073800,7060073800,3,train
GRDC_4118110,7060073830,7060073830,1,val
hysets_10296500,7060073830,7060073830,1,val
hysets_10270885,7060073840,7060073840,0,test
hysets_10270940,7060073840,7060073840,0,test
hysets_08481500,7060073850,7060049270,2,train
GRDC_4213335,7060073860,7060022240,4,train
GRDC_4213465,7060073860,7060022240,4,train
GRDC_4213635,7060073860,7060022240,4,train
camels_10244950,7060073870,7060073870,1,val
GRDC_4213220,7060073880,7060022240,2,train
GRDC_4213221,7060073880,7060022240,2,train
GRDC_4213645,7060073880,7060022240,2,train
hysets_05GA008,7060073880,7060022240,2,train
camels_10336645,7060073920,7060073920,1,val
camels_10336660,7060073920,7060073920,1,val
camels_10343500,7060073920,7060073920,1,val
camels_10348850,7060073920,7060073920,1,val
hysets_09404343,7060074270,7060008710,0,test
GRDC_4118220,7060074330,7060074330,4,train
camels_10263500,7060074330,7060074330,4,train
camels_10249300,7060074340,7060074340,4,train
GRDC_4213365,7060074540,7060022240,3,train
GRDC_4213630,7060074540,7060022240,3,train
hysets_05HA015,7060074540,7060022240,3,train
hysets_08CD001,7060108050,7060020090,3,train
hysets_06DA005,7060113180,7060021740,2,train
GRDC_4214261,7060114060,7060021740,3,train
hysets_06FA001,7060114060,7060021740,3,train
GRDC_4214275,7060114090,7060021740,2,train
hysets_06FC001,7060114090,7060021740,2,train
GRDC_4214287,7060114730,7060021740,1,val
hysets_06DC001,7060114730,7060021740,1,val
GRDC_4214281,7060114740,7060021740,0,test
GRDC_4214286,7060114740,7060021740,0,test
hysets_06DA002,7060114740,7060021740,0,test
hysets_06DA004,7060114740,7060021740,0,test
GRDC_4204100,7060123570,7060020090,0,test
hysets_08CE001,7060123570,7060020090,0,test
GRDC_4204010,7060123580,7060020090,4,train
hysets_08CG001,7060123580,7060020090,4,train
GRDC_4214262,7060123800,7060021740,1,val
GRDC_4214351,7060129300,7060022270,0,test
GRDC_4214260,7060130730,7060021740,3,train
GRDC_4214263,7060130730,7060021740,3,train
GRDC_4213410,7060132870,7060022240,2,train
GRDC_4213700,7060132870,7060022240,2,train
GRDC_4213810,7060132870,7060022240,2,train
hysets_05TE002,7060132870,7060022240,2,train
hysets_05TF002,7060132870,7060022240,2,train
hysets_05TG002,7060132870,7060022240,2,train
hysets_05TG003,7060132870,7060022240,2,train
GRDC_4214310,7060133910,7060022270,2,train
hysets_04AA004,7060133910,7060022270,2,train
GRDC_4213601,7060134090,7060022240,1,val
hysets_05TD001,7060134090,7060022240,1,val
GRDC_4213720,7060134100,7060022240,4,train
GRDC_4214265,7060134520,7060021740,0,test
hysets_06BB003,7060134520,7060021740,0,test
GRDC_4214285,7060135250,7060021740,3,train
hysets_04AD002,7060137410,7060022270,2,train
GRDC_4214290,7060137710,7060021740,4,train
hysets_06BD001,7060137710,7060021740,4,train
GRDC_4245920,7060140470,7060019010,1,val
hysets_08EC013,7060140620,7060019010,0,test
GRDC_4214295,7060144640,7060021740,4,train
GRDC_4214297,7060144640,7060021740,4,train
hysets_06BA002,7060144640,7060021740,4,train
hysets_06BB005,7060144640,7060021740,4,train
GRDC_4214298,7060144740,7060021740,3,train
GRDC_4214300,7060144740,7060021740,3,train
hysets_06AG001,7060144740,7060021740,3,train
hysets_06AG002,7060144740,7060021740,3,train
GRDC_4214264,7060145540,7060021740,3,train
hysets_06CD002,7060145540,7060021740,3,train
GRDC_4214271,7060145630,7060021740,4,train
hysets_08EB004,7060148370,7060019010,3,train
GRDC_4245280,7060148380,7060019010,1,val
hysets_08ED001,7060148380,7060019010,1,val
hysets_08ED002,7060148380,7060019010,1,val
hysets_08EE003,7060148380,7060019010,1,val
hysets_08EE004,7060148380,7060019010,1,val
hysets_08EE013,7060148380,7060019010,1,val
hysets_08EE020,7060148380,7060019010,1,val
GRDC_4214390,7060151690,7060022840,2,train
GRDC_4214450,7060152640,7060023220,1,val
GRDC_4214475,7060152650,7060023220,0,test
hysets_06AF001,7060161120,7060021740,2,train
hysets_06AF005,7060161120,7060021740,2,train
GRDC_4245250,7060162570,7060019010,1,val
hysets_08EF001,7060162570,7060019010,1,val
hysets_08EF005,7060162660,7060019010,4,train
GRDC_4214200,7060166730,7060021740,2,train
GRDC_4214305,7060166730,7060021740,2,train
hysets_06AB001,7060166730,7060021740,2,train
hysets_06AB002,7060166730,7060021740,2,train
hysets_06AA001,7060166920,7060021740,0,test
hysets_06AA002,7060166920,7060021740,0,test
GRDC_4214470,7060168780,7060023220,3,train
GRDC_4214301,7060168960,7060021740,4,train
hysets_06AD001,7060168960,7060021740,4,train
GRDC_4214220,7060169010,7060021740,3,train
hysets_06AD010,7060169010,7060021740,3,train
GRDC_4214210,7060170140,7060021740,2,train
hysets_06AD006,7060170140,7060021740,2,train
hysets_08KB003,7060171730,7060016260,2,train
hysets_08KA004,7060171990,7060016260,1,val
GRDC_4207100,7060174100,7060016260,2,train
hysets_08JB002,7060174100,7060016260,2,train
hysets_08JB003,7060174100,7060016260,2,train
GRDC_4207220,7060174580,7060016260,1,val
hysets_08KC001,7060174580,7060016260,1,val
GRDC_4207350,7060174770,7060016260,0,test
GRDC_4207380,7060174770,7060016260,0,test
hysets_08KA001,7060174770,7060016260,0,test
hysets_08KA005,7060174770,7060016260,0,test
hysets_08KA007,7060174770,7060016260,0,test
hysets_08KA009,7060174770,7060016260,0,test
hysets_08KA013,7060174770,7060016260,0,test
hysets_08KD007,7060174890,7060016260,0,test
GRDC_4214420,7060175330,7060023220,4,train
GRDC_4207130,7060176340,7060016260,1,val
GRDC_4207150,7060176340,7060016260,1,val
hysets_08JE001,7060176340,7060016260,1,val
GRDC_4207160,7060176450,7060016260,3,train
hysets_05KF001,7060177100,7060022240,0,test
hysets_05KG007,7060177100,7060022240,0,test
GRDC_4207190,7060177910,7060016260,4,train
hysets_08KB001,7060177910,7060016260,4,train
GRDC_4207180,7060178710,7060016260,2,train
hysets_05KE005,7060179080,7060022240,3,train
hysets_05KE010,7060179080,7060022240,3,train
GRDC_4213552,7060179090,7060022240,1,val
GRDC_4213209,7060179920,7060022240,1,val
GRDC_4213510,7060179920,7060022240,1,val
GRDC_4213511,7060179920,7060022240,1,val
GRDC_4213512,7060179920,7060022240,1,val
GRDC_4213031,7060184430,7060022240,3,train
GRDC_4213170,7060184430,7060022240,3,train
GRDC_4213310,7060184430,7060022240,3,train
GRDC_4213345,7060184430,7060022240,3,train
GRDC_4213825,7060184430,7060022240,3,train
GRDC_4213860,7060184430,7060022240,3,train
GRDC_4213875,7060184430,7060022240,3,train
GRDC_4213930,7060184430,7060022240,3,train
GRDC_4213960,7060184430,7060022240,3,train
hysets_05DE007,7060184430,7060022240,3,train
hysets_05DE010,7060184430,7060022240,3,train
hysets_05DE911,7060184430,7060022240,3,train
hysets_05DF003,7060184430,7060022240,3,train
hysets_05DF004,7060184430,7060022240,3,train
hysets_05DF006,7060184430,7060022240,3,train
hysets_05DF009,7060184430,7060022240,3,train
hysets_05EA001,7060184430,7060022240,3,train
hysets_05EA002,7060184430,7060022240,3,train
hysets_05EA005,7060184430,7060022240,3,train
hysets_05EC005,7060184430,7060022240,3,train
GRDC_4213230,7060184580,7060022240,0,test
GRDC_4213232,7060184580,7060022240,0,test
hysets_05EE009,7060184580,7060022240,0,test
hysets_03OC003,7060187940,7060031710,0,test
GRDC_4207050,7060190090,7060016260,4,train
GRDC_4214380,7060191640,7060022840,3,train
GRDC_4214360,7060191700,7060022840,2,train
GRDC_4213551,7060192420,7060022240,1,val
GRDC_4213550,7060192810,7060022240,0,test
GRDC_4207250,7060192890,7060016260,2,train
hysets_08KG001,7060192890,7060016260,2,train
GRDC_4213440,7060194860,7060022240,4,train
GRDC_4214480,7060197330,7060024030,3,train
hysets_03OA005,7060197970,7060031710,1,val
hysets_03OA015,7060197970,7060031710,1,val
GRDC_4213815,7060199390,7060022240,0,test
hysets_05LD001,7060199390,7060022240,0,test
GRDC_4214080,7060199890,7060024030,2,train
GRDC_4213560,7060201280,7060022240,4,train
GRDC_4213566,7060201280,7060022240,4,train
GRDC_4213567,7060201280,7060022240,4,train
hysets_05LC001,7060201280,7060022240,4,train
hysets_05LC004,7060201280,7060022240,4,train
GRDC_4213265,7060201290,7060022240,0,test
GRDC_4213531,7060201290,7060022240,0,test
hysets_05LE004,7060201290,7060022240,0,test
hysets_05LE006,7060201290,7060022240,0,test
GRDC_4213375,7060202930,7060022240,3,train
GRDC_4213765,7060202930,7060022240,3,train
hysets_05DD004,7060202930,7060022240,3,train
hysets_05DD007,7060202930,7060022240,3,train
hysets_05DD009,7060202930,7060022240,3,train
GRDC_4213030,7060203140,7060022240,0,test
GRDC_4213050,7060203140,7060022240,0,test
GRDC_4213051,7060203140,7060022240,0,test
GRDC_4213060,7060203140,7060022240,0,test
GRDC_4213315,7060203140,7060022240,0,test
GRDC_4213640,7060203140,7060022240,0,test
GRDC_4213835,7060203140,7060022240,0,test
GRDC_4213920,7060203140,7060022240,0,test
hysets_05DA009,7060203140,7060022240,0,test
hysets_05DB002,7060203140,7060022240,0,test
hysets_05DB005,7060203140,7060022240,0,test
hysets_05DB006,7060203140,7060022240,0,test
hysets_05DC006,7060203140,7060022240,0,test
hysets_05DC012,7060203140,7060022240,0,test
GRDC_4213245,7060206680,7060022240,1,val
GRDC_4213300,7060208410,7060022240,4,train
GRDC_4213660,7060208410,7060022240,4,train
hysets_05EF004,7060208410,7060022240,4,train
GRDC_4213180,7060208540,7060022240,2,train
GRDC_4213183,7060208540,7060022240,2,train
GRDC_4213184,7060208540,7060022240,2,train
GRDC_4213395,7060208540,7060022240,2,train
GRDC_4213455,7060208540,7060022240,2,train
GRDC_4213870,7060208540,7060022240,2,train
hysets_05FA001,7060208540,7060022240,2,train
hysets_05FA011,7060208540,7060022240,2,train
hysets_05FA012,7060208540,7060022240,2,train
hysets_05FB002,7060208540,7060022240,2,train
GRDC_4213400,7060212920,7060022240,0,test
GRDC_4213745,7060219980,7060022240,4,train
GRDC_4214590,7060220180,7060024290,3,train
GRDC_4214430,7060222910,7060024030,2,train
GRDC_4214490,7060223010,7060024030,1,val
GRDC_4215610,7060223370,7060014930,4,train
hysets_08NC004,7060223370,7060014930,4,train
GRDC_4215650,7060223480,7060014930,3,train
hysets_08NB014,7060223480,7060014930,3,train
GRDC_4213330,7060224620,7060022240,4,train
GRDC_4213561,7060224620,7060022240,4,train
GRDC_4213564,7060224620,7060022240,4,train
hysets_05CA002,7060224620,7060022240,4,train
hysets_05CA004,7060224620,7060022240,4,train
hysets_05CA009,7060224620,7060022240,4,train
hysets_05CA012,7060224620,7060022240,4,train
hysets_05CC007,7060224630,7060022240,2,train
hysets_05CC013,7060224630,7060022240,2,train
GRDC_4213150,7060224740,7060022240,1,val
hysets_05CB001,7060224740,7060022240,1,val
hysets_05HE001,7060226990,7060022240,0,test
GRDC_4213385,7060227100,7060022240,4,train
GRDC_4213355,7060230950,7060022240,0,test
hysets_05RB003,7060230950,7060022240,0,test
hysets_05RA001,7060231030,7060022240,3,train
hysets_04FA002,7060233450,7060024030,2,train
GRDC_4207300,7060234040,7060016260,2,train
hysets_08MA001,7060234040,7060016260,2,train
hysets_08MA002,7060234040,7060016260,2,train
hysets_08MA003,7060234040,7060016260,2,train
hysets_08MB006,7060234040,7060016260,2,train
GRDC_4207310,7060234050,7060016260,3,train
GRDC_4207320,7060234050,7060016260,3,train
GRDC_4207321,7060234050,7060016260,3,train
GRDC_4207330,7060234050,7060016260,3,train
hysets_08KE016,7060234050,7060016260,3,train
hysets_08KE024,7060234050,7060016260,3,train
hysets_08KH001,7060234050,7060016260,3,train
hysets_08KH006,7060234050,7060016260,3,train
hysets_08KH010,7060234050,7060016260,3,train
hysets_08KH019,7060234050,7060016260,3,train
hysets_08KH030,7060234050,7060016260,3,train
hysets_08KH031,7060234050,7060016260,3,train
GRDC_4215660,7060234330,7060014930,4,train
hysets_08NB005,7060234330,7060014930,4,train
hysets_08NB012,7060234330,7060014930,4,train
hysets_08NB019,7060234330,7060014930,4,train
hysets_05LG004,7060235410,7060022240,1,val
GRDC_4213231,7060235660,7060022240,3,train
GRDC_4213675,7060235660,7060022240,3,train
GRDC_4213950,7060235660,7060022240,3,train
GRDC_4214540,7060237270,7060024290,0,test
GRDC_4214410,7060237380,7060024290,2,train
GRDC_4214507,7060237380,7060024290,2,train
hysets_04GB005,7060237380,7060024290,2,train
GRDC_4214520,7060241270,7060024290,4,train
GRDC_4213160,7060242640,7060022240,1,val
GRDC_4213480,7060242640,7060022240,1,val
GRDC_4213562,7060242640,7060022240,1,val
GRDC_4213563,7060242640,7060022240,1,val
hysets_05CC001,7060242640,7060022240,1,val
hysets_05CC008,7060242640,7060022240,1,val
hysets_05CD006,7060242640,7060022240,1,val
hysets_05CE018,7060242640,7060022240,1,val
GRDC_4213900,7060242880,7060022240,3,train
GRDC_4213603,7060245390,7060022240,4,train
hysets_05LH005,7060245390,7060022240,4,train
GRDC_4213240,7060245400,7060022240,1,val
GRDC_4213241,7060245400,7060022240,1,val
GRDC_4213610,7060245400,7060022240,1,val
GRDC_4215670,7060245930,7060014930,3,train
hysets_08NA006,7060245930,7060014930,3,train
hysets_08NA002,7060246020,7060014930,2,train
GRDC_4213684,7060250980,7060022240,0,test
GRDC_4213770,7060250980,7060022240,0,test
hysets_05SA002,7060250980,7060022240,0,test
GRDC_4213780,7060250990,7060022240,1,val
GRDC_4213800,7060250990,7060022240,1,val
GRDC_4213801,7060250990,7060022240,1,val
GRDC_4213802,7060250990,7060022240,1,val
hysets_05PH003,7060250990,7060022240,1,val
GRDC_4214551,7060252580,7060024580,1,val
GRDC_4214555,7060252700,7060024580,2,train
hysets_04MD004,7060252700,7060024580,2,train
GRDC_4214400,7060254300,7060024290,0,test
GRDC_4214580,7060255600,7060024290,1,val
hysets_04JF001,7060255600,7060024290,1,val
GRDC_4213569,7060256540,7060022240,4,train
hysets_05CK001,7060256540,7060022240,4,train
hysets_05CK005,7060256540,7060022240,4,train
GRDC_4213250,7060256690,7060022240,3,train
GRDC_4213255,7060256690,7060022240,3,train
hysets_05AH041,7060256690,7060022240,3,train
GRDC_4214570,7060257230,7060024290,4,train
GRDC_4207850,7060257320,7060016260,0,test
hysets_08LD001,7060257320,7060016260,0,test
GRDC_4207880,7060257410,7060016260,2,train
hysets_08LE024,7060257410,7060016260,2,train
hysets_08LE027,7060257410,7060016260,2,train
hysets_05CG004,7060259190,7060022240,3,train
GRDC_4213020,7060259200,7060022240,4,train
GRDC_4213021,7060259200,7060022240,4,train
GRDC_4214530,7060262150,7060024580,3,train
GRDC_4214531,7060262150,7060024580,3,train
hysets_04LJ001,7060262150,7060024580,3,train
hysets_04LK001,7060262150,7060024580,3,train
GRDC_4213200,7060262850,7060022240,2,train
GRDC_4213203,7060263060,7060022240,1,val
GRDC_4207710,7060263190,7060016260,3,train
GRDC_4207820,7060263190,7060016260,3,train
GRDC_4207830,7060263190,7060016260,3,train
hysets_08LA001,7060263190,7060016260,3,train
hysets_08LA027,7060263190,7060016260,3,train
hysets_08LB020,7060263190,7060016260,3,train
hysets_08LB038,7060263190,7060016260,3,train
hysets_08LB047,7060263190,7060016260,3,train
hysets_08LB064,7060263190,7060016260,3,train
hysets_08LB069,7060263190,7060016260,3,train
hysets_08LB076,7060263190,7060016260,3,train
GRDC_4207860,7060263330,7060016260,3,train
hysets_08LE031,7060263330,7060016260,3,train
GRDC_4213270,7060263820,7060022240,0,test
GRDC_4213340,7060263970,7060022240,1,val
GRDC_4213341,7060263970,7060022240,1,val
hysets_05HD036,7060263970,7060022240,1,val
GRDC_4213140,7060264520,7060022240,2,train
GRDC_4213377,7060264520,7060022240,2,train
GRDC_4213205,7060264650,7060022240,4,train
GRDC_4213260,7060269280,7060022240,4,train
GRDC_4213540,7060269280,7060022240,4,train
GRDC_4213571,7060269280,7060022240,4,train
GRDC_4213572,7060269280,7060022240,4,train
GRDC_4213576,7060269280,7060022240,4,train
GRDC_4213975,7060269280,7060022240,4,train
hysets_05MC001,7060269280,7060022240,4,train
hysets_05MD005,7060269280,7060022240,4,train
hysets_05MD007,7060269280,7060022240,4,train
GRDC_4213201,7060269450,7060022240,0,test
GRDC_4213202,7060269450,7060022240,0,test
GRDC_4213207,7060269450,7060022240,0,test
GRDC_4213425,7060269450,7060022240,0,test
hysets_05JK008,7060269450,7060022240,0,test
GRDC_4207810,7060269970,7060016260,2,train
GRDC_4207950,7060269970,7060016260,2,train
hysets_08LG008,7060269970,7060016260,2,train
hysets_08LG068,7060269970,7060016260,2,train
GRDC_4214500,7060270960,7060024290,1,val
hysets_04JC002,7060270960,7060024290,1,val
GRDC_4214505,7060271090,7060024290,0,test
hysets_04JD005,7060271090,7060024290,0,test
hysets_08ME025,7060274850,7060016260,4,train
hysets_08ME027,7060274850,7060016260,4,train
GRDC_4207800,7060274860,7060016260,3,train
hysets_08LF051,7060274860,7060016260,3,train
GRDC_4213171,7060276840,7060022240,2,train
GRDC_4213172,7060276840,7060022240,2,train
GRDC_4213415,7060276840,7060022240,2,train
GRDC_4213850,7060276840,7060022240,2,train
GRDC_4213910,7060276840,7060022240,2,train
GRDC_4213955,7060276840,7060022240,2,train
GRDC_4213956,7060276840,7060022240,2,train
hysets_05QA004,7060276840,7060022240,2,train
hysets_05QE008,7060276840,7060022240,2,train
hysets_05QE009,7060276840,7060022240,2,train
hysets_05QE012,7060276840,7060022240,2,train
hysets_05PE028,7060277090,7060022240,3,train
GRDC_4213041,7060282720,7060022240,2,train
GRDC_4213042,7060282720,7060022240,2,train
GRDC_4213043,7060282720,7060022240,2,train
GRDC_4213044,7060282720,7060022240,2,train
GRDC_4213045,7060282720,7060022240,2,train
GRDC_4213046,7060282720,7060022240,2,train
GRDC_4213047,7060282720,7060022240,2,train
GRDC_4213070,7060282720,7060022240,2,train
GRDC_4213071,7060282720,7060022240,2,train
GRDC_4213130,7060282720,7060022240,2,train
GRDC_4213131,7060282720,7060022240,2,train
GRDC_4213134,7060282720,7060022240,2,train
GRDC_4213820,7060282720,7060022240,2,train
GRDC_4213925,7060282720,7060022240,2,train
hysets_05BA001,7060282720,7060022240,2,train
hysets_05BB001,7060282720,7060022240,2,train
hysets_05BG006,7060282720,7060022240,2,train
hysets_05BH016,7060282720,7060022240,2,train
hysets_05BJ004,7060282720,7060022240,2,train
hysets_05BJ010,7060282720,7060022240,2,train
hysets_05BL012,7060282720,7060022240,2,train
hysets_05BL014,7060282720,7060022240,2,train
hysets_05BL019,7060282720,7060022240,2,train
hysets_05BL023,7060282720,7060022240,2,train
hysets_05BL027,7060282720,7060022240,2,train
hysets_05BM014,7060282720,7060022240,2,train
GRDC_4213010,7060282770,7060022240,4,train
GRDC_4213011,7060282770,7060022240,4,train
GRDC_4213055,7060282770,7060022240,4,train
GRDC_4213056,7060282770,7060022240,4,train
GRDC_4213095,7060282770,7060022240,4,train
GRDC_4213101,7060282770,7060022240,4,train
GRDC_4213102,7060282770,7060022240,4,train
GRDC_4213103,7060282770,7060022240,4,train
GRDC_4213105,7060282770,7060022240,4,train
GRDC_4213110,7060282770,7060022240,4,train
GRDC_4213111,7060282770,7060022240,4,train
GRDC_4213120,7060282770,7060022240,4,train
GRDC_4213670,7060282770,7060022240,4,train
GRDC_4213830,7060282770,7060022240,4,train
GRDC_4213940,7060282770,7060022240,4,train
hysets_05017500,7060282770,7060022240,4,train
hysets_05AA008,7060282770,7060022240,4,train
hysets_05AA011,7060282770,7060022240,4,train
hysets_05AA022,7060282770,7060022240,4,train
hysets_05AA028,7060282770,7060022240,4,train
hysets_05AA035,7060282770,7060022240,4,train
hysets_05AB005,7060282770,7060022240,4,train
hysets_05AB013,7060282770,7060022240,4,train
hysets_05AB029,7060282770,7060022240,4,train
hysets_05AB046,7060282770,7060022240,4,train
hysets_05AC034,7060282770,7060022240,4,train
hysets_05AD003,7060282770,7060022240,4,train
hysets_05AD934,7060282770,7060022240,4,train
GRDC_4213555,7060284060,7060022240,3,train
GRDC_4213557,7060284060,7060022240,3,train
GRDC_4213580,7060284060,7060022240,3,train
hysets_05MF001,7060284060,7060022240,3,train
hysets_05MF008,7060284060,7060022240,3,train
hysets_05MF024,7060284060,7060022240,3,train
GRDC_4213430,7060284070,7060022240,4,train
GRDC_4213573,7060284070,7060022240,4,train
GRDC_4213575,7060284070,7060022240,4,train
GRDC_4213650,7060284070,7060022240,4,train
hysets_05MH008,7060284070,7060022240,4,train
GRDC_4213574,7060284140,7060022240,2,train
hysets_05ME003,7060284140,7060022240,2,train
GRDC_4213485,7060284240,7060022240,3,train
GRDC_4213682,7060284240,7060022240,3,train
GRDC_4213683,7060284240,7060022240,3,train
hysets_05OC016,7060284240,7060022240,3,train
hysets_05OF011,7060284240,7060022240,3,train
GRDC_4214621,7060284340,7060024830,2,train
GRDC_4214655,7060284350,7060024830,1,val
GRDC_4214519,7060284520,7060024580,1,val
hysets_04LE002,7060284520,7060024580,1,val
GRDC_4214517,7060287970,7060024580,0,test
GRDC_4214513,7060287980,7060024580,0,test
hysets_04LA003,7060287980,7060024580,0,test
hysets_04LB002,7060287980,7060024580,0,test
GRDC_4213590,7060289500,7060022240,0,test
GRDC_4213591,7060289500,7060022240,0,test
GRDC_4215270,7060289830,7060014930,2,train
GRDC_4215426,7060289830,7060014930,2,train
GRDC_4215430,7060289830,7060014930,2,train
hysets_08NH005,7060289830,7060014930,2,train
hysets_08NH007,7060289830,7060014930,2,train
hysets_08NH119,7060289830,7060014930,2,train
GRDC_4115322,7060289980,7060014930,4,train
hysets_12302055,7060289980,7060014930,4,train
GRDC_4215750,7060290130,7060014930,4,train
GRDC_4215450,7060290340,7060014930,3,train
hysets_08NG077,7060290340,7060014930,3,train
GRDC_4213596,7060290680,7060022240,2,train
hysets_05NE003,7060290680,7060022240,2,train
GRDC_4213275,7060290770,7060022240,1,val
GRDC_4213594,7060290770,7060022240,1,val
GRDC_4213595,7060290770,7060022240,1,val
hysets_05NF002,7060290770,7060022240,1,val
hysets_02AD010,7060293670,7060034520,3,train
GRDC_4215250,7060295790,7060014930,0,test
GRDC_4215260,7060295790,7060014930,0,test
hysets_08NJ013,7060295790,7060014930,0,test
hysets_08NJ160,7060295790,7060014930,0,test
GRDC_4215335,7060295800,7060014930,2,train
GRDC_4215150,7060298200,7060014930,0,test
GRDC_4215160,7060298200,7060014930,0,test
GRDC_4215165,7060298200,7060014930,0,test
hysets_08ND012,7060298200,7060014930,0,test
hysets_08ND013,7060298200,7060014930,0,test
hysets_08NE006,7060298200,7060014930,0,test
hysets_08NE077,7060298200,7060014930,0,test
hysets_08NE110,7060298200,7060014930,0,test
GRDC_4113410,7060300390,7060022240,4,train
GRDC_4213470,7060300390,7060022240,4,train
GRDC_4213495,7060300390,7060022240,4,train
GRDC_4215706,7060301180,7060014930,1,val
hysets_08NG065,7060301180,7060014930,1,val
GRDC_4215710,7060301390,7060014930,2,train
hysets_08NK002,7060301390,7060014930,2,train
hysets_08NK016,7060301390,7060014930,2,train
hysets_08NK018,7060301390,7060014930,2,train
hysets_08NK022,7060301390,7060014930,2,train
GRDC_4213690,7060302030,7060022240,0,test
hysets_05OD004,7060302030,7060022240,0,test
GRDC_4213680,7060302170,7060022240,1,val
GRDC_4215200,7060305280,7060014930,0,test
GRDC_4215230,7060305410,7060014930,3,train
hysets_08NE074,7060305410,7060014930,3,train
hysets_12396500,7060305410,7060014930,3,train
GRDC_4113350,7060306430,7060022240,1,val
GRDC_4113351,7060306430,7060022240,1,val
GRDC_4213191,7060306430,7060022240,1,val
GRDC_4213192,7060306430,7060022240,1,val
GRDC_4213193,7060306430,7060022240,1,val
hysets_05OB010,7060306430,7060022240,1,val
GRDC_4113300,7060306440,7060022240,2,train
GRDC_4113301,7060306440,7060022240,2,train
camels_05087500,7060306440,7060022240,2,train
hysets_05123510,7060314300,7060022240,4,train
GRDC_4244420,7060314420,7060034330,4,train
hysets_02RC011,7060314420,7060034330,4,train
GRDC_4213880,7060314820,7060022240,1,val
GRDC_4213905,7060314820,7060022240,1,val
hysets_05PB014,7060314820,7060022240,1,val
GRDC_4113900,7060314930,7060022240,1,val
GRDC_4213890,7060314930,7060022240,1,val
camels_05129115,7060314930,7060022240,1,val
hysets_05129115,7060314930,7060022240,1,val
hysets_05PA006,7060314930,7060022240,1,val
camels_05123400,7060316050,7060022240,3,train
GRDC_4113400,7060316210,7060022240,0,test
GRDC_4113401,7060316210,7060022240,0,test
GRDC_4113402,7060316210,7060022240,0,test
GRDC_4113420,7060316210,7060022240,0,test
GRDC_4213593,7060316210,7060022240,0,test
camels_05120500,7060316210,7060022240,0,test
GRDC_4213210,7060317700,7060022240,2,train
GRDC_4113600,7060317870,7060022240,0,test
camels_05131500,7060317870,7060022240,0,test
hysets_05131500,7060317870,7060022240,0,test
hysets_05132000,7060318150,7060022240,1,val
hysets_02RH027,7060321100,7060034330,4,train
hysets_02RH035,7060321100,7060034330,4,train
hysets_02RH066,7060321100,7060034330,4,train
GRDC_4115347,7060327640,7060014930,0,test
camels_12390700,7060327640,7060014930,0,test
hysets_12389500,7060327640,7060014930,0,test
hysets_12392155,7060327640,7060014930,0,test
hysets_12392300,7060327640,7060014930,0,test
GRDC_4120100,7060328380,7060047060,4,train
GRDC_4220300,7060328380,7060047060,4,train
GRDC_4220310,7060328380,7060047060,4,train
hysets_06177500,7060328380,7060047060,4,train
GRDC_4115300,7060329370,7060014930,1,val
GRDC_4115301,7060329370,7060014930,1,val
GRDC_4115305,7060329370,7060014930,1,val
GRDC_4215010,7060329370,7060014930,1,val
GRDC_4215011,7060329370,7060014930,1,val
GRDC_4215040,7060329370,7060014930,1,val
GRDC_4215050,7060329370,7060014930,1,val
GRDC_4215051,7060329370,7060014930,1,val
GRDC_4215070,7060329370,7060014930,1,val
GRDC_4215101,7060329370,7060014930,1,val
GRDC_4215102,7060329370,7060014930,1,val
GRDC_4215103,7060329370,7060014930,1,val
GRDC_4215120,7060329370,7060014930,1,val
hysets_08NL004,7060329370,7060014930,1,val
hysets_08NL007,7060329370,7060014930,1,val
hysets_08NL024,7060329370,7060014930,1,val
hysets_08NL038,7060329370,7060014930,1,val
hysets_08NL050,7060329370,7060014930,1,val
hysets_08NL069,7060329370,7060014930,1,val
hysets_08NL076,7060329370,7060014930,1,val
hysets_12445900,7060329370,7060014930,1,val
GRDC_4115206,7060329490,7060014930,3,train
hysets_12434590,7060329490,7060014930,3,train
GRDC_4120200,7060330450,7060047060,1,val
GRDC_4120201,7060330450,7060047060,1,val
GRDC_4120202,7060330450,7060047060,1,val
GRDC_4120210,7060330450,7060047060,1,val
GRDC_4120220,7060330450,7060047060,1,val
GRDC_4220100,7060330450,7060047060,1,val
GRDC_4220200,7060330450,7060047060,1,val
GRDC_4220210,7060330450,7060047060,1,val
GRDC_4220400,7060330450,7060047060,1,val
GRDC_4220401,7060330450,7060047060,1,val
GRDC_4220402,7060330450,7060047060,1,val
GRDC_4220410,7060330450,7060047060,1,val
GRDC_4220420,7060330450,7060047060,1,val
GRDC_4220421,7060330450,7060047060,1,val
GRDC_4220430,7060330450,7060047060,1,val
GRDC_4220431,7060330450,7060047060,1,val
GRDC_4220432,7060330450,7060047060,1,val
GRDC_4220500,7060330450,7060047060,1,val
GRDC_4220501,7060330450,7060047060,1,val
GRDC_4220502,7060330450,7060047060,1,val
hysets_06139500,7060330450,7060047060,1,val
hysets_06142400,7060330450,7060047060,1,val
hysets_06154400,7060330450,7060047060,1,val
hysets_06166000,7060330450,7060047060,1,val
hysets_06167500,7060330450,7060047060,1,val
hysets_11AA026,7060330450,7060047060,1,val
hysets_11AC025,7060330450,7060047060,1,val
hysets_11AE009,7060330450,7060047060,1,val
hysets_06131200,7060330560,7060047060,0,test
GRDC_4115235,7060330710,7060014930,3,train
GRDC_4115236,7060330710,7060014930,3,train
camels_12447390,7060330710,7060014930,3,train
hysets_12447383,7060330710,7060014930,3,train
hysets_12448000,7060330710,7060014930,3,train
hysets_12448500,7060330710,7060014930,3,train
hysets_12448998,7060330710,7060014930,3,train
hysets_12449500,7060330710,7060014930,3,train
hysets_12449950,7060330710,7060014930,3,train
GRDC_4232300,7060331850,7060034520,4,train
GRDC_4120900,7060332670,7060047060,3,train
GRDC_4120950,7060332680,7060047060,3,train
hysets_06327500,7060332680,7060047060,3,train
hysets_06329500,7060332680,7060047060,3,train
GRDC_4120300,7060333560,7060047060,1,val
GRDC_4120301,7060333560,7060047060,1,val
GRDC_4120310,7060333560,7060047060,1,val
GRDC_4120311,7060333560,7060047060,1,val
hysets_06091700,7060333560,7060047060,1,val
hysets_06093200,7060333560,7060047060,1,val
hysets_06099000,7060333560,7060047060,1,val
hysets_06102500,7060333560,7060047060,1,val
hysets_06108000,7060333560,7060047060,1,val
hysets_06108800,7060333560,7060047060,1,val
GRDC_4120330,7060333810,7060047060,4,train
GRDC_4120331,7060333810,7060047060,4,train
GRDC_4120903,7060333810,7060047060,4,train
camels_06037500,7060333810,7060047060,4,train
camels_06043500,7060333810,7060047060,4,train
hysets_06019500,7060333810,7060047060,4,train
hysets_06024450,7060333810,7060047060,4,train
hysets_06024540,7060333810,7060047060,4,train
hysets_06025250,7060333810,7060047060,4,train
hysets_06025500,7060333810,7060047060,4,train
hysets_06026500,7060333810,7060047060,4,train
hysets_06033000,7060333810,7060047060,4,train
hysets_06035000,7060333810,7060047060,4,train
hysets_06036650,7060333810,7060047060,4,train
hysets_06036905,7060333810,7060047060,4,train
hysets_06037100,7060333810,7060047060,4,train
hysets_06037500,7060333810,7060047060,4,train
hysets_06040000,7060333810,7060047060,4,train
hysets_06043500,7060333810,7060047060,4,train
hysets_06052500,7060333810,7060047060,4,train
hysets_06054500,7060333810,7060047060,4,train
hysets_06063000,7060333810,7060047060,4,train
hysets_06071300,7060333810,7060047060,4,train
hysets_06073500,7060333810,7060047060,4,train
hysets_06076690,7060333810,7060047060,4,train
hysets_06077200,7060333810,7060047060,4,train
hysets_06077500,7060333810,7060047060,4,train
hysets_06078500,7060333810,7060047060,4,train
hysets_06079000,7060333810,7060047060,4,train
hysets_06085800,7060333810,7060047060,4,train
hysets_06089000,7060333810,7060047060,4,train
hysets_06090500,7060333810,7060047060,4,train
GRDC_4113315,7060334030,7060022240,4,train
GRDC_4113320,7060334030,7060022240,4,train
GRDC_4113321,7060334030,7060022240,4,train
hysets_05076000,7060334030,7060022240,4,train
hysets_05078000,7060334030,7060022240,4,train
hysets_05078500,7060334030,7060022240,4,train
hysets_05079000,7060334030,7060022240,4,train
hysets_05080000,7060334030,7060022240,4,train
GRDC_4113302,7060334190,7060022240,3,train
camels_05062500,7060334190,7060022240,3,train
hysets_05061000,7060334190,7060022240,3,train
hysets_05062000,7060334190,7060022240,3,train
hysets_05062500,7060334190,7060022240,3,train
hysets_05065500,7060334190,7060022240,3,train
hysets_05066500,7060334190,7060022240,3,train
GRDC_4115310,7060334780,7060014930,1,val
GRDC_4115311,7060334780,7060014930,1,val
GRDC_4215125,7060334780,7060014930,1,val
GRDC_4215130,7060334780,7060014930,1,val
GRDC_4215181,7060334780,7060014930,1,val
GRDC_4215185,7060334780,7060014930,1,val
hysets_08NE039,7060334780,7060014930,1,val
hysets_08NN002,7060334780,7060014930,1,val
hysets_08NN019,7060334780,7060014930,1,val
hysets_08NN023,7060334780,7060014930,1,val
hysets_12409000,7060334780,7060014930,1,val
GRDC_4115350,7060334790,7060014930,1,val
GRDC_4115351,7060334790,7060014930,1,val
GRDC_4115400,7060334790,7060014930,1,val
GRDC_4115401,7060334790,7060014930,1,val
GRDC_4115403,7060334790,7060014930,1,val
GRDC_4115410,7060334790,7060014930,1,val
camels_12411000,7060334790,7060014930,1,val
camels_12414500,7060334790,7060014930,1,val
hysets_12411000,7060334790,7060014930,1,val
hysets_12413000,7060334790,7060014930,1,val
hysets_12413210,7060334790,7060014930,1,val
hysets_12413470,7060334790,7060014930,1,val
hysets_12413500,7060334790,7060014930,1,val
hysets_12413860,7060334790,7060014930,1,val
hysets_12413875,7060334790,7060014930,1,val
hysets_12414500,7060334790,7060014930,1,val
hysets_12414900,7060334790,7060014930,1,val
hysets_12422000,7060334790,7060014930,1,val
hysets_12424000,7060334790,7060014930,1,val
hysets_12433200,7060334790,7060014930,1,val
GRDC_4132010,7060335180,7060034520,4,train
GRDC_4232030,7060335180,7060034520,4,train
GRDC_4232600,7060335180,7060034520,4,train
hysets_02AB021,7060335180,7060034520,4,train
hysets_02AB023,7060335180,7060034520,4,train
hysets_02AC002,7060335180,7060034520,4,train
camels_06332515,7060341960,7060047060,2,train
hysets_06332515,7060341960,7060047060,2,train
hysets_06332770,7060341960,7060047060,2,train
GRDC_4121100,7060342130,7060047060,2,train
GRDC_4121101,7060342130,7060047060,2,train
GRDC_4121102,7060342130,7060047060,2,train
hysets_06334500,7060342130,7060047060,2,train
hysets_06335500,7060342130,7060047060,2,train
hysets_06335750,7060342130,7060047060,2,train
hysets_06336000,7060342130,7060047060,2,train
hysets_06336600,7060342130,7060047060,2,train
hysets_06337000,7060342130,7060047060,2,train
hysets_02BA003,7060343590,7060034520,2,train
hysets_02BA006,7060343590,7060034520,2,train
GRDC_4232700,7060343600,7060034520,1,val
hysets_02BB003,7060343600,7060034520,1,val
GRDC_4132800,7060343660,7060034520,2,train
camels_04040500,7060343680,7060034520,0,test
camels_04043050,7060343680,7060034520,0,test
hysets_02JC008,7060343930,7060034520,1,val
GRDC_4115204,7060345900,7060014930,1,val
GRDC_4115205,7060345900,7060014930,1,val
GRDC_4115290,7060345900,7060014930,1,val
camels_12451000,7060345900,7060014930,1,val
hysets_12451000,7060345900,7060014930,1,val
hysets_12452500,7060345900,7060014930,1,val
hysets_12452800,7060345900,7060014930,1,val
hysets_12452890,7060345900,7060014930,1,val
hysets_12452990,7060345900,7060014930,1,val
GRDC_4115230,7060345990,7060014930,2,train
GRDC_4115231,7060345990,7060014930,2,train
hysets_12456500,7060345990,7060014930,2,train
hysets_12457000,7060345990,7060014930,2,train
hysets_12458000,7060345990,7060014930,2,train
hysets_12459000,7060345990,7060014930,2,train
hysets_12462500,7060345990,7060014930,2,train
GRDC_4120902,7060346030,7060047060,4,train
hysets_06114700,7060346030,7060047060,4,train
GRDC_4120320,7060346150,7060047060,1,val
GRDC_4120321,7060346150,7060047060,1,val
GRDC_4120322,7060346150,7060047060,1,val
hysets_06120500,7060346150,7060047060,1,val
hysets_06123030,7060346150,7060047060,1,val
hysets_06130000,7060346150,7060047060,1,val
hysets_06130500,7060346150,7060047060,1,val
GRDC_4132100,7060346350,7060034520,4,train
GRDC_4132200,7060346350,7060034520,4,train
camels_04015330,7060346350,7060034520,4,train
camels_04024430,7060346350,7060034520,4,train
hysets_04024430,7060346350,7060034520,4,train
GRDC_4132300,7060346460,7060034520,3,train
camels_04027000,7060346460,7060034520,3,train
hysets_04027000,7060346460,7060034520,3,train
hysets_04031000,7060346460,7060034520,3,train
hysets_04032000,7060346460,7060034520,3,train
GRDC_4115345,7060347990,7060014930,2,train
GRDC_4115348,7060347990,7060014930,2,train
hysets_12353000,7060347990,7060014930,2,train
hysets_12354000,7060347990,7060014930,2,train
hysets_12354500,7060347990,7060014930,2,train
GRDC_4115330,7060348000,7060014930,4,train
GRDC_4115331,7060348000,7060014930,4,train
GRDC_4115332,7060348000,7060014930,4,train
GRDC_4115333,7060348000,7060014930,4,train
camels_12358500,7060348000,7060014930,4,train
camels_12374250,7060348000,7060014930,4,train
camels_12375900,7060348000,7060014930,4,train
camels_12377150,7060348000,7060014930,4,train
camels_12381400,7060348000,7060014930,4,train
hysets_12358500,7060348000,7060014930,4,train
hysets_12359800,7060348000,7060014930,4,train
hysets_12365700,7060348000,7060014930,4,train
hysets_12366000,7060348000,7060014930,4,train
hysets_12370000,7060348000,7060014930,4,train
hysets_05200510,7060349590,7060047060,0,test
GRDC_4131031,7060355150,7060038320,1,val
GRDC_4147031,7060355150,7060038320,1,val
hysets_01010000,7060355150,7060038320,1,val
hysets_01010070,7060355150,7060038320,1,val
hysets_01010500,7060355150,7060038320,1,val
GRDC_4113340,7060356500,7060022240,3,train
GRDC_4113360,7060356500,7060022240,3,train
GRDC_4113361,7060356500,7060022240,3,train
GRDC_4113363,7060356500,7060022240,3,train
GRDC_4113364,7060356500,7060022240,3,train
GRDC_4113365,7060356500,7060022240,3,train
camels_05056000,7060356500,7060022240,3,train
camels_05057000,7060356500,7060022240,3,train
camels_05057200,7060356500,7060022240,3,train
hysets_05054500,7060356500,7060022240,3,train
hysets_05055300,7060356500,7060022240,3,train
hysets_05056000,7060356500,7060022240,3,train
hysets_05057200,7060356500,7060022240,3,train
hysets_05059700,7060356500,7060022240,3,train
hysets_05060500,7060356500,7060022240,3,train
GRDC_4113303,7060356710,7060022240,3,train
GRDC_4113304,7060356710,7060022240,3,train
GRDC_4113305,7060356710,7060022240,3,train
GRDC_4113310,7060356710,7060022240,3,train
GRDC_4113330,7060356710,7060022240,3,train
hysets_05050000,7060356710,7060022240,3,train
hysets_05051300,7060356710,7060022240,3,train
hysets_05051600,7060356710,7060022240,3,train
GRDC_4232800,7060358930,7060034520,4,train
hysets_02BC006,7060359070,7060034520,3,train
GRDC_4243310,7060360130,7060034520,3,train
hysets_02NE011,7060360130,7060034520,3,train
hysets_02NF003,7060360220,7060034520,2,train
GRDC_4115340,7060360890,7060014930,0,test
hysets_12335100,7060360890,7060014930,0,test
hysets_12335500,7060360890,7060014930,0,test
hysets_12338300,7060360890,7060014930,0,test
hysets_12340000,7060360890,7060014930,0,test
GRDC_4115349,7060361000,7060014930,2,train
hysets_12340500,7060361000,7060014930,2,train
GRDC_4115344,7060361010,7060014930,3,train
hysets_12323600,7060361010,7060014930,3,train
hysets_12323760,7060361010,7060014930,3,train
hysets_12323770,7060361010,7060014930,3,train
hysets_12324200,7060361010,7060014930,3,train
hysets_12324400,7060361010,7060014930,3,train
hysets_12324590,7060361010,7060014930,3,train
hysets_12324680,7060361010,7060014930,3,train
hysets_12330000,7060361010,7060014930,3,train
hysets_12331500,7060361010,7060014930,3,train
hysets_12331800,7060361010,7060014930,3,train
hysets_12332000,7060361010,7060014930,3,train
hysets_12334510,7060361010,7060014930,3,train
hysets_12334550,7060361010,7060014930,3,train
GRDC_4115450,7060361120,7060014930,4,train
GRDC_4115451,7060361120,7060014930,4,train
hysets_12344000,7060361120,7060014930,4,train
hysets_12350250,7060361120,7060014930,4,train
hysets_12352500,7060361120,7060014930,4,train
GRDC_4115203,7060362510,7060014930,1,val
GRDC_4115270,7060362660,7060014930,3,train
hysets_12464800,7060362660,7060014930,3,train
hysets_12465000,7060362660,7060014930,3,train
hysets_12465400,7060362660,7060014930,3,train
hysets_12467000,7060362660,7060014930,3,train
hysets_01017290,7060363040,7060038320,0,test
GRDC_4131030,7060363050,7060038320,0,test
GRDC_4147030,7060363050,7060038320,0,test
GRDC_4231200,7060363050,7060038320,0,test
GRDC_4231250,7060363050,7060038320,0,test
GRDC_4231602,7060363050,7060038320,0,test
camels_01013500,7060363050,7060038320,0,test
hysets_01013500,7060363050,7060038320,0,test
hysets_01014000,7060363050,7060038320,0,test
hysets_01AD002,7060363050,7060038320,0,test
hysets_01AD003,7060363050,7060038320,0,test
hysets_01AE001,7060363050,7060038320,0,test
GRDC_4232890,7060363960,7060034520,4,train
GRDC_4231621,7060364000,7060038320,3,train
GRDC_4120960,7060364600,7060047060,3,train
camels_06311000,7060364600,7060047060,3,train
hysets_06324500,7060364600,7060047060,3,train
hysets_06326500,7060364600,7060047060,3,train
GRDC_4116200,7060367960,7060014930,2,train
GRDC_4116201,7060367960,7060014930,2,train
hysets_13345000,7060367960,7060014930,2,train
hysets_13351000,7060367960,7060014930,2,train
hysets_13344500,7060369340,7060014930,2,train
GRDC_4116300,7060372710,7060014930,1,val
GRDC_4116301,7060372710,7060014930,1,val
GRDC_4116311,7060372710,7060014930,1,val
GRDC_4116320,7060372710,7060014930,1,val
GRDC_4116325,7060372710,7060014930,1,val
camels_13337000,7060372710,7060014930,1,val
camels_13338500,7060372710,7060014930,1,val
camels_13340000,7060372710,7060014930,1,val
camels_13340600,7060372710,7060014930,1,val
hysets_13336500,7060372710,7060014930,1,val
hysets_13337000,7060372710,7060014930,1,val
hysets_13338500,7060372710,7060014930,1,val
hysets_13339500,7060372710,7060014930,1,val
hysets_13340000,7060372710,7060014930,1,val
hysets_13340600,7060372710,7060014930,1,val
GRDC_4121110,7060372750,7060047060,2,train
GRDC_4121111,7060372750,7060047060,2,train
GRDC_4121430,7060372750,7060047060,2,train
GRDC_4121431,7060372750,7060047060,2,train
GRDC_4121802,7060372750,7060047060,2,train
camels_06339100,7060372750,7060047060,2,train
camels_06339500,7060372750,7060047060,2,train
camels_06344600,7060372750,7060047060,2,train
hysets_06339100,7060372750,7060047060,2,train
hysets_06339500,7060372750,7060047060,2,train
hysets_06340500,7060372750,7060047060,2,train
hysets_06342450,7060372750,7060047060,2,train
hysets_06343000,7060372750,7060047060,2,train
hysets_06347000,7060372750,7060047060,2,train
hysets_06347500,7060372750,7060047060,2,train
GRDC_4116181,7060372820,7060014930,1,val
hysets_13335050,7060372820,7060014930,1,val
GRDC_4121120,7060372880,7060047060,1,val
GRDC_4121121,7060372880,7060047060,1,val
GRDC_4121125,7060372880,7060047060,1,val
GRDC_4121126,7060372880,7060047060,1,val
camels_06350000,7060372880,7060047060,1,val
camels_06352000,7060372880,7060047060,1,val
camels_06353000,7060372880,7060047060,1,val
camels_06354000,7060372880,7060047060,1,val
hysets_06350000,7060372880,7060047060,1,val
hysets_06351200,7060372880,7060047060,1,val
hysets_06352000,7060372880,7060047060,1,val
hysets_06353000,7060372880,7060047060,1,val
hysets_06354000,7060372880,7060047060,1,val
hysets_06295000,7060373250,7060047060,1,val
GRDC_4120110,7060373260,7060047060,1,val
GRDC_4120111,7060373260,7060047060,1,val
GRDC_4120112,7060373260,7060047060,1,val
hysets_06306300,7060373260,7060047060,1,val
GRDC_4119050,7060376630,7060047060,0,test
hysets_05244000,7060376630,7060047060,0,test
GRDC_4119101,7060376640,7060047060,4,train
hysets_05212700,7060376640,7060047060,4,train
hysets_02OD003,7060377320,7060034520,0,test
GRDC_4115202,7060377370,7060014930,4,train
GRDC_4115260,7060377730,7060014930,2,train
GRDC_4115261,7060377730,7060014930,2,train
GRDC_4115262,7060377730,7060014930,2,train
camels_12488500,7060377730,7060014930,2,train
hysets_12488500,7060377730,7060014930,2,train
hysets_12502500,7060377730,7060014930,2,train
hysets_12506000,7060377730,7060014930,2,train
hysets_12508990,7060377730,7060014930,2,train
hysets_02DC012,7060378910,7060034520,3,train
hysets_02DD012,7060378910,7060034520,3,train
GRDC_4234500,7060379040,7060034520,3,train
GRDC_4120951,7060380010,7060047060,3,train
GRDC_4120952,7060380010,7060047060,3,train
GRDC_4120953,7060380010,7060047060,3,train
camels_06188000,7060380010,7060047060,3,train
camels_06191500,7060380010,7060047060,3,train
hysets_06186500,7060380010,7060047060,3,train
hysets_06188000,7060380010,7060047060,3,train
hysets_06191000,7060380010,7060047060,3,train
hysets_06191500,7060380010,7060047060,3,train
hysets_06192500,7060380010,7060047060,3,train
hysets_06195600,7060380010,7060047060,3,train
hysets_06200000,7060380010,7060047060,3,train
hysets_06207500,7060380010,7060047060,3,train
hysets_06208500,7060380010,7060047060,3,train
hysets_06209500,7060380010,7060047060,3,train
hysets_06211000,7060380010,7060047060,3,train
hysets_06211500,7060380010,7060047060,3,train
hysets_06214500,7060380010,7060047060,3,train
GRDC_4120120,7060380120,7060047060,0,test
camels_06289000,7060380120,7060047060,0,test
hysets_06289000,7060380120,7060047060,0,test
hysets_06294000,7060380120,7060047060,0,test
GRDC_4243250,7060380530,7060034520,0,test
GRDC_4243280,7060380530,7060034520,0,test
GRDC_4243290,7060380530,7060034520,0,test
camels_04296000,7060380530,7060034520,0,test
hysets_02OE027,7060380530,7060034520,0,test
hysets_02OG026,7060380530,7060034520,0,test
hysets_04296000,7060380530,7060034520,0,test
GRDC_4116150,7060381890,7060014930,4,train
camels_13331500,7060381890,7060014930,4,train
hysets_13331500,7060381890,7060014930,4,train
hysets_13333000,7060381890,7060014930,4,train
GRDC_4115250,7060382460,7060014930,1,val
hysets_14013000,7060382460,7060014930,1,val
hysets_14018500,7060382460,7060014930,1,val
GRDC_4143710,7060382860,7060034520,0,test
GRDC_4143750,7060382860,7060034520,0,test
GRDC_4143770,7060382860,7060034520,0,test
GRDC_4143790,7060382860,7060034520,0,test
GRDC_4243240,7060382860,7060034520,0,test
hysets_02OJ024,7060382860,7060034520,0,test
hysets_04275500,7060382860,7060034520,0,test
hysets_04276500,7060382860,7060034520,0,test
hysets_04282525,7060382860,7060034520,0,test
hysets_04288000,7060382860,7060034520,0,test
hysets_04292000,7060382860,7060034520,0,test
hysets_04292500,7060382860,7060034520,0,test
hysets_04293500,7060382860,7060034520,0,test
GRDC_4234400,7060384130,7060034520,2,train
hysets_02KA015,7060386520,7060034520,1,val
GRDC_4115240,7060386560,7060014930,3,train
GRDC_4115241,7060386560,7060014930,3,train
camels_14020000,7060386560,7060014930,3,train
hysets_14020000,7060386560,7060014930,3,train
hysets_14020300,7060386560,7060014930,3,train
hysets_14020850,7060386560,7060014930,3,train
hysets_02KC018,7060387700,7060034520,0,test
GRDC_4116330,7060388580,7060014930,2,train
hysets_13317000,7060388580,7060014930,2,train
GRDC_4116183,7060388740,7060014930,2,train
GRDC_4116184,7060388740,7060014930,2,train
GRDC_4116400,7060388740,7060014930,2,train
GRDC_4116401,7060388740,7060014930,2,train
GRDC_4116402,7060388740,7060014930,2,train
GRDC_4116405,7060388740,7060014930,2,train
GRDC_4116406,7060388740,7060014930,2,train
GRDC_4116407,7060388740,7060014930,2,train
camels_13235000,7060388740,7060014930,2,train
camels_13240000,7060388740,7060014930,2,train
hysets_13235000,7060388740,7060014930,2,train
hysets_13237920,7060388740,7060014930,2,train
GRDC_4231590,7060390740,7060038320,4,train
GRDC_4231650,7060390740,7060038320,4,train
GRDC_4231680,7060390740,7060038320,4,train
hysets_01018035,7060390740,7060038320,4,train
hysets_01AJ003,7060390740,7060038320,4,train
hysets_01AJ004,7060390740,7060038320,4,train
hysets_01AJ010,7060390740,7060038320,4,train
hysets_01AK001,7060390740,7060038320,4,train
hysets_01AK007,7060390740,7060038320,4,train
hysets_01AL002,7060390740,7060038320,4,train
hysets_01AM001,7060390740,7060038320,4,train
hysets_01AN002,7060390750,7060038320,4,train
GRDC_4115220,7060392390,7060014930,1,val
GRDC_4115221,7060392390,7060014930,1,val
GRDC_4115222,7060392390,7060014930,1,val
GRDC_4115223,7060392390,7060014930,1,val
GRDC_4115224,7060392390,7060014930,1,val
hysets_14038530,7060392390,7060014930,1,val
hysets_14044000,7060392390,7060014930,1,val
hysets_14046000,7060392390,7060014930,1,val
hysets_14046500,7060392390,7060014930,1,val
hysets_14046778,7060392390,7060014930,1,val
hysets_14046890,7060392390,7060014930,1,val
hysets_14048000,7060392390,7060014930,1,val
GRDC_4132900,7060392520,7060034520,2,train
GRDC_4232900,7060392520,7060034520,2,train
camels_04045500,7060392520,7060034520,2,train
hysets_02BF001,7060392520,7060034520,2,train
hysets_02BF002,7060392520,7060034520,2,train
hysets_04045500,7060392520,7060034520,2,train
GRDC_4133450,7060392650,7060034520,1,val
camels_04056500,7060392650,7060034520,1,val
camels_04127997,7060392650,7060034520,1,val
hysets_04056500,7060392650,7060034520,1,val
hysets_04127800,7060392650,7060034520,1,val
hysets_04127997,7060392650,7060034520,1,val
GRDC_4243210,7060393220,7060034520,1,val
hysets_02OB037,7060393220,7060034520,1,val
GRDC_4243151,7060393390,7060034520,0,test
GRDC_4243220,7060393390,7060034520,0,test
hysets_02OA057,7060393390,7060034520,0,test
GRDC_4115100,7060394680,7060014930,3,train
GRDC_4115101,7060394680,7060014930,3,train
GRDC_4115102,7060394680,7060014930,3,train
GRDC_4115105,7060394680,7060014930,3,train
GRDC_4115106,7060394680,7060014930,3,train
camels_14154500,7060394680,7060014930,3,train
camels_14158500,7060394680,7060014930,3,train
camels_14158790,7060394680,7060014930,3,train
camels_14166500,7060394680,7060014930,3,train
camels_14182500,7060394680,7060014930,3,train
camels_14185000,7060394680,7060014930,3,train
camels_14185900,7060394680,7060014930,3,train
camels_14187000,7060394680,7060014930,3,train
hysets_14158500,7060394680,7060014930,3,train
hysets_14159200,7060394680,7060014930,3,train
hysets_14165000,7060394680,7060014930,3,train
hysets_14171000,7060394680,7060014930,3,train
hysets_14178000,7060394680,7060014930,3,train
hysets_14182500,7060394680,7060014930,3,train
hysets_14185000,7060394680,7060014930,3,train
hysets_14185900,7060394680,7060014930,3,train
hysets_14190500,7060394680,7060014930,3,train
hysets_14194150,7060394680,7060014930,3,train
hysets_14197900,7060394680,7060014930,3,train
hysets_14200000,7060394680,7060014930,3,train
hysets_14201340,7060394680,7060014930,3,train
hysets_14202000,7060394680,7060014930,3,train
hysets_14211010,7060394680,7060014930,3,train
GRDC_4115210,7060394690,7060014930,0,test
GRDC_4115211,7060394690,7060014930,0,test
camels_14137000,7060394690,7060014930,0,test
camels_14138800,7060394690,7060014930,0,test
camels_14138870,7060394690,7060014930,0,test
camels_14138900,7060394690,7060014930,0,test
camels_14139800,7060394690,7060014930,0,test
camels_14141500,7060394690,7060014930,0,test
hysets_14107000,7060394690,7060014930,0,test
hysets_14111400,7060394690,7060014930,0,test
hysets_14113000,7060394690,7060014930,0,test
hysets_14137000,7060394690,7060014930,0,test
GRDC_4115226,7060395340,7060014930,3,train
GRDC_4115280,7060395340,7060014930,3,train
GRDC_4115281,7060395340,7060014930,3,train
GRDC_4115282,7060395340,7060014930,3,train
camels_14092750,7060395340,7060014930,3,train
camels_14096850,7060395340,7060014930,3,train
hysets_14091500,7060395340,7060014930,3,train
hysets_14093000,7060395340,7060014930,3,train
hysets_14096850,7060395340,7060014930,3,train
hysets_14097100,7060395340,7060014930,3,train
hysets_14101500,7060395340,7060014930,3,train
GRDC_4121420,7060397370,7060047060,0,test
hysets_06356500,7060397370,7060047060,0,test
hysets_06354580,7060397380,7060047060,3,train
hysets_04126740,7060398190,7060034520,2,train
GRDC_4234100,7060399240,7060034520,4,train
hysets_02CB003,7060399240,7060034520,4,train
hysets_02CF011,7060399240,7060034520,4,train
GRDC_4133100,7060399530,7060034520,3,train
camels_04057510,7060399530,7060034520,3,train
camels_04057800,7060399530,7060034520,3,train
camels_04059500,7060399530,7060034520,3,train
GRDC_4243070,7060400520,7060034520,1,val
GRDC_4243080,7060400540,7060034520,4,train
hysets_02LH032,7060400540,7060034520,4,train
hysets_02KD002,7060400660,7060034520,0,test
GRDC_4234300,7060400750,7060034520,2,train
GRDC_4234550,7060400750,7060034520,2,train
GRDC_4234600,7060400750,7060034520,2,train
GRDC_4234650,7060400750,7060034520,2,train
GRDC_4234670,7060400750,7060034520,2,train
hysets_02EA005,7060400750,7060034520,2,train
hysets_02EC002,7060400750,7060034520,2,train
hysets_02EC009,7060400750,7060034520,2,train
hysets_02EC011,7060400750,7060034520,2,train
hysets_02ED003,7060400750,7060034520,2,train
hysets_02ED007,7060400750,7060034520,2,train
hysets_02ED032,7060400750,7060034520,2,train
hysets_02ED101,7060400750,7060034520,2,train
hysets_02FB010,7060400750,7060034520,2,train
GRDC_4243141,7060402320,7060034520,2,train
GRDC_4243200,7060402320,7060034520,2,train
GRDC_4243215,7060402320,7060034520,2,train
hysets_02LB007,7060402320,7060034520,2,train
hysets_02LD005,7060402320,7060034520,2,train
GRDC_4143310,7060402430,7060034520,0,test
GRDC_4143500,7060402430,7060034520,0,test
GRDC_4143550,7060402430,7060034520,0,test
GRDC_4243160,7060402430,7060034520,0,test
hysets_04262500,7060402430,7060034520,0,test
hysets_04265432,7060402430,7060034520,0,test
hysets_04268800,7060402430,7060034520,0,test
hysets_04269000,7060402430,7060034520,0,test
hysets_04270200,7060402430,7060034520,0,test
camels_13310700,7060402940,7060014930,3,train
camels_13313000,7060402940,7060014930,3,train
hysets_13310700,7060402940,7060014930,3,train
GRDC_4121130,7060404520,7060047060,1,val
GRDC_4121131,7060404520,7060047060,1,val
camels_06360500,7060404520,7060047060,1,val
hysets_06359500,7060404520,7060047060,1,val
hysets_06360500,7060404520,7060047060,1,val
GRDC_4116331,7060405050,7060014930,2,train
GRDC_4116335,7060405050,7060014930,2,train
hysets_13302500,7060405050,7060014930,2,train
hysets_13307000,7060405050,7060014930,2,train
hysets_13309220,7060405220,7060014930,3,train
hysets_13310199,7060405220,7060014930,3,train
hysets_05270500,7060406580,7060047060,4,train
GRDC_4119070,7060406640,7060047060,2,train
hysets_05280000,7060406640,7060047060,2,train
GRDC_4116332,7060408080,7060014930,3,train
GRDC_4116340,7060408090,7060014930,2,train
GRDC_4133400,7060411100,7060034520,1,val
camels_04063700,7060411100,7060034520,1,val
hysets_04060500,7060411100,7060034520,1,val
hysets_04060993,7060411100,7060034520,1,val
camels_05291000,7060411940,7060047060,0,test
hysets_05291000,7060411940,7060047060,0,test
hysets_05293000,7060411940,7060047060,0,test
hysets_05294000,7060411940,7060047060,0,test
hysets_05300000,7060412280,7060047060,1,val
hysets_04067958,7060414120,7060034520,1,val
hysets_04069416,7060414120,7060034520,1,val
hysets_04071000,7060414400,7060034520,2,train
hysets_04082400,7060414400,7060034520,2,train
hysets_040851385,7060414400,7060034520,2,train
hysets_05304500,7060414530,7060047060,0,test
GRDC_4134800,7060414930,7060034520,4,train
hysets_05283500,7060415850,7060047060,1,val
hysets_05288580,7060415850,7060047060,1,val
hysets_05289800,7060415850,7060047060,1,val
GRDC_4119460,7060415980,7060047060,0,test
hysets_05325000,7060415980,7060047060,0,test
hysets_05330000,7060415980,7060047060,0,test
GRDC_4120125,7060416820,7060047060,0,test
camels_06280300,7060416820,7060047060,0,test
GRDC_4120121,7060416830,7060047060,0,test
camels_06221400,7060416830,7060047060,0,test
camels_06224000,7060416830,7060047060,0,test
camels_06278300,7060416830,7060047060,0,test
hysets_06221400,7060416830,7060047060,0,test
hysets_06224000,7060416830,7060047060,0,test
GRDC_4119080,7060420200,7060047060,4,train
hysets_05331833,7060420200,7060047060,4,train
hysets_05333500,7060420200,7060047060,4,train
hysets_05336700,7060420200,7060047060,4,train
hysets_05338500,7060420200,7060047060,4,train
hysets_05341752,7060420200,7060047060,4,train
hysets_05342000,7060420200,7060047060,4,train
GRDC_4119100,7060420340,7060047060,3,train
GRDC_4116333,7060421620,7060014930,4,train
GRDC_4116360,7060421620,7060014930,4,train
hysets_13295000,7060421620,7060014930,4,train
hysets_13296000,7060421620,7060014930,4,train
hysets_13296500,7060421620,7060014930,4,train
hysets_13297355,7060421620,7060014930,4,train
GRDC_4116370,7060421730,7060014930,2,train
GRDC_4234680,7060422720,7060034520,1,val
GRDC_4133800,7060424420,7060034520,3,train
GRDC_4133801,7060424420,7060034520,3,train
camels_04124000,7060424420,7060034520,3,train
hysets_04124000,7060424420,7060034520,3,train
hysets_04124500,7060424420,7060034520,3,train
hysets_04125460,7060424420,7060034520,3,train
GRDC_4121141,7060424530,7060047060,0,test
GRDC_4121145,7060429220,7060047060,3,train
GRDC_4121146,7060429220,7060047060,3,train
GRDC_4121147,7060429220,7060047060,3,train
camels_06431500,7060429220,7060047060,3,train
hysets_06429905,7060429220,7060047060,3,train
hysets_06436180,7060429220,7060047060,3,train
hysets_06436198,7060429220,7060047060,3,train
GRDC_4121140,7060429360,7060047060,0,test
GRDC_4121142,7060429360,7060047060,0,test
camels_06404000,7060429360,7060047060,0,test
camels_06406000,7060429360,7060047060,0,test
camels_06408700,7060429360,7060047060,0,test
camels_06409000,7060429360,7060047060,0,test
hysets_06400875,7060429360,7060047060,0,test
hysets_06404000,7060429360,7060047060,0,test
hysets_06409000,7060429360,7060047060,0,test
hysets_06422500,7060429360,7060047060,0,test
GRDC_4119440,7060429560,7060047060,1,val
GRDC_4119441,7060429560,7060047060,1,val
GRDC_4119442,7060429560,7060047060,1,val
GRDC_4119445,7060429560,7060047060,1,val
GRDC_4119447,7060429560,7060047060,1,val
camels_05362000,7060429560,7060047060,1,val
hysets_05362000,7060429560,7060047060,1,val
hysets_05367500,7060429560,7060047060,1,val
hysets_05344500,7060429630,7060047060,4,train
hysets_05353800,7060429630,7060047060,4,train
hysets_05355200,7060429630,7060047060,4,train
GRDC_4234700,7060431350,7060034520,4,train
GRDC_4234701,7060431350,7060034520,4,train
GRDC_4234720,7060431350,7060034520,4,train
hysets_02FC016,7060431350,7060034520,4,train
GRDC_4119461,7060432240,7060047060,3,train
hysets_05313500,7060432240,7060047060,3,train
hysets_05316500,7060432240,7060047060,3,train
hysets_05317000,7060432540,7060047060,4,train
GRDC_4134700,7060433760,7060034520,2,train
hysets_04135700,7060433760,7060034520,2,train
hysets_04136000,7060433760,7060034520,2,train
hysets_04142000,7060433870,7060034520,3,train
GRDC_4236700,7060434140,7060034520,0,test
hysets_02HJ001,7060434140,7060034520,0,test
hysets_02HJ006,7060434140,7060034520,0,test
hysets_02HL003,7060434140,7060034520,0,test
hysets_02HL004,7060434140,7060034520,0,test
GRDC_4136500,7060434190,7060034520,1,val
camels_04256000,7060434190,7060034520,1,val
hysets_04250750,7060434190,7060034520,1,val
hysets_04085427,7060434930,7060034520,2,train
GRDC_4119090,7060435970,7060047060,0,test
hysets_05319500,7060435970,7060047060,0,test
hysets_05320500,7060435970,7060047060,0,test
camels_04122500,7060437180,7060034520,4,train
hysets_04122500,7060437180,7060034520,4,train
hysets_04086000,7060437290,7060034520,1,val
GRDC_4133260,7060437890,7060034520,3,train
camels_04074950,7060437890,7060034520,3,train
hysets_04074950,7060437890,7060034520,3,train
hysets_04079000,7060437890,7060034520,3,train
GRDC_4133250,7060438060,7060034520,3,train
hysets_04073365,7060438060,7060034520,3,train
GRDC_4116185,7060438790,7060014930,0,test
GRDC_4136400,7060439780,7060034520,2,train
hysets_04233255,7060439780,7060034520,2,train
hysets_04234000,7060439780,7060034520,2,train
hysets_04235250,7060439780,7060034520,2,train
hysets_04235299,7060439780,7060034520,2,train
hysets_04242500,7060439780,7060034520,2,train
GRDC_4116460,7060444390,7060014930,2,train
GRDC_4116461,7060444390,7060014930,2,train
hysets_13185000,7060444390,7060014930,2,train
hysets_13186000,7060444390,7060014930,2,train
GRDC_4116450,7060445150,7060014930,4,train
GRDC_4116451,7060445150,7060014930,4,train
GRDC_4116452,7060445150,7060014930,4,train
GRDC_4116186,7060445160,7060014930,2,train
hysets_13171620,7060445160,7060014930,2,train
GRDC_4116470,7060446330,7060014930,3,train
GRDC_4116471,7060446330,7060014930,3,train
hysets_13046995,7060446330,7060014930,3,train
GRDC_4116191,7060446380,7060014930,0,test
GRDC_4116192,7060446380,7060014930,0,test
GRDC_4116193,7060446380,7060014930,0,test
camels_13011500,7060446380,7060014930,0,test
camels_13011900,7060446380,7060014930,0,test
camels_13018300,7060446380,7060014930,0,test
camels_13023000,7060446380,7060014930,0,test
hysets_13010065,7060446380,7060014930,0,test
hysets_13011000,7060446380,7060014930,0,test
hysets_13011500,7060446380,7060014930,0,test
hysets_13011900,7060446380,7060014930,0,test
hysets_13018750,7060446380,7060014930,0,test
hysets_13022500,7060446380,7060014930,0,test
hysets_13023000,7060446380,7060014930,0,test
hysets_13025500,7060446380,7060014930,0,test
hysets_02FD001,7060446550,7060034520,4,train
hysets_02FE008,7060446640,7060034520,2,train
hysets_02FE009,7060446640,7060034520,2,train
hysets_02FE010,7060446640,7060034520,2,train
camels_04122200,7060447550,7060034520,3,train
GRDC_4121160,7060448140,7060047060,4,train
GRDC_4121161,7060448140,7060047060,4,train
GRDC_4121162,7060448140,7060047060,4,train
camels_06447000,7060448140,7060047060,4,train
camels_06447500,7060448140,7060047060,4,train
camels_06450500,7060448140,7060047060,4,train
camels_06452000,7060448140,7060047060,4,train
hysets_06445685,7060448140,7060047060,4,train
hysets_06446000,7060448140,7060047060,4,train
hysets_06446500,7060448140,7060047060,4,train
hysets_06447000,7060448140,7060047060,4,train
hysets_06447230,7060448140,7060047060,4,train
hysets_06447450,7060448140,7060047060,4,train
hysets_06447500,7060448140,7060047060,4,train
hysets_06452000,7060448140,7060047060,4,train
GRDC_4121150,7060448300,7060047060,1,val
camels_06440200,7060448300,7060047060,1,val
camels_06441500,7060448300,7060047060,1,val
hysets_06440200,7060448300,7060047060,1,val
hysets_06441500,7060448300,7060047060,1,val
hysets_06442900,7060448300,7060047060,1,val
GRDC_4133700,7060450160,7060034520,1,val
GRDC_4133701,7060450160,7060034520,1,val
hysets_04121300,7060450160,7060034520,1,val
hysets_04121500,7060450160,7060034520,1,val
hysets_04152238,7060450170,7060034520,2,train
GRDC_4134350,7060450440,7060034520,1,val
hysets_04154000,7060450440,7060034520,1,val
GRDC_4236500,7060450680,7060034520,0,test
hysets_02HD012,7060450680,7060034520,0,test
GRDC_4136301,7060450950,7060034520,2,train
camels_04221000,7060450950,7060034520,2,train
camels_04224775,7060450950,7060034520,2,train
hysets_04223000,7060450950,7060034520,2,train
hysets_04226000,7060450950,7060034520,2,train
hysets_04227000,7060450950,7060034520,2,train
hysets_04230500,7060450950,7060034520,2,train
GRDC_4236050,7060453370,7060034520,0,test
GRDC_4236100,7060453370,7060034520,0,test
GRDC_4236300,7060453370,7060034520,0,test
hysets_02HA006,7060453370,7060034520,0,test
hysets_02HA020,7060453370,7060034520,0,test
hysets_02HB004,7060453370,7060034520,0,test
hysets_02HB029,7060453370,7060034520,0,test
hysets_02HC009,7060453370,7060034520,0,test
GRDC_4135800,7060453430,7060034520,4,train
GRDC_4236010,7060453430,7060034520,4,train
camels_04216418,7060453430,7060034520,4,train
hysets_04213500,7060453430,7060034520,4,train
hysets_04214500,7060453430,7060034520,4,train
hysets_04215000,7060453430,7060034520,4,train
hysets_04215500,7060453430,7060034520,4,train
hysets_04217000,7060453430,7060034520,4,train
GRDC_4133300,7060453930,7060034520,3,train
GRDC_4133651,7060453930,7060034520,3,train
GRDC_4133652,7060453930,7060034520,3,train
camels_04105700,7060453930,7060034520,3,train
hysets_04086500,7060453930,7060034520,3,train
hysets_04086600,7060453930,7060034520,3,train
hysets_04087170,7060453930,7060034520,3,train
hysets_04108660,7060453930,7060034520,3,train
GRDC_4133750,7060453940,7060034520,4,train
GRDC_4133751,7060453940,7060034520,4,train
camels_04115265,7060453940,7060034520,4,train
hysets_04111000,7060453940,7060034520,4,train
hysets_04111379,7060453940,7060034520,4,train
hysets_04112500,7060453940,7060034520,4,train
hysets_04114000,7060453940,7060034520,4,train
hysets_04116000,7060453940,7060034520,4,train
hysets_04119000,7060453940,7060034520,4,train
GRDC_4134300,7060455940,7060034520,4,train
hysets_04156000,7060455940,7060034520,4,train
GRDC_4134500,7060456090,7060034520,0,test
hysets_04146063,7060456090,7060034520,0,test
hysets_04148140,7060456090,7060034520,0,test
hysets_04148500,7060456090,7060034520,0,test
hysets_04151500,7060456100,7060034520,1,val
GRDC_4147502,7060457640,7060039870,0,test
GRDC_4147505,7060457790,7060039870,3,train
hysets_01321000,7060457790,7060039870,3,train
GRDC_4116190,7060461870,7060014930,4,train
GRDC_4116480,7060461980,7060014930,2,train
GRDC_4116481,7060461980,7060014930,2,train
hysets_05459500,7060464320,7060047060,3,train
GRDC_4119430,7060465780,7060047060,0,test
GRDC_4119431,7060465780,7060047060,0,test
hysets_05372995,7060465780,7060047060,0,test
hysets_05378500,7060465780,7060047060,0,test
hysets_05379400,7060465780,7060047060,0,test
hysets_05379500,7060465780,7060047060,0,test
hysets_05381000,7060465780,7060047060,0,test
hysets_05382267,7060465780,7060047060,0,test
hysets_05382325,7060465780,7060047060,0,test
hysets_05383075,7060465780,7060047060,0,test
hysets_05383950,7060465780,7060047060,0,test
hysets_05385000,7060465780,7060047060,0,test
hysets_05385500,7060465780,7060047060,0,test
hysets_05387440,7060465780,7060047060,0,test
hysets_05387500,7060465780,7060047060,0,test
hysets_05389000,7060465780,7060047060,0,test
GRDC_4119450,7060465790,7060047060,4,train
GRDC_4119451,7060465790,7060047060,4,train
GRDC_4119452,7060465790,7060047060,4,train
GRDC_4119453,7060465790,7060047060,4,train
GRDC_4119454,7060465790,7060047060,4,train
camels_05393500,7060465790,7060047060,4,train
camels_05399500,7060465790,7060047060,4,train
camels_05408000,7060465790,7060047060,4,train
hysets_05397500,7060465790,7060047060,4,train
hysets_05399500,7060465790,7060047060,4,train
hysets_05405000,7060465790,7060047060,4,train
hysets_05408000,7060465790,7060047060,4,train
hysets_05410490,7060465790,7060047060,4,train
GRDC_4116187,7060466540,7060014930,1,val
hysets_13153500,7060466540,7060014930,1,val
GRDC_4116350,7060466690,7060014930,1,val
GRDC_4116351,7060466690,7060014930,1,val
camels_13161500,7060466690,7060014930,1,val
GRDC_4147501,7060467060,7060039870,0,test
hysets_01329490,7060467060,7060039870,0,test
camels_01333000,7060467130,7060039870,4,train
hysets_01333000,7060467130,7060039870,4,train
hysets_01334000,7060467130,7060039870,4,train
hysets_01334500,7060467130,7060039870,4,train
hysets_13135500,7060468670,7060014930,4,train
hysets_13137500,7060468670,7060014930,4,train
GRDC_4121300,7060468870,7060047060,4,train
GRDC_4121301,7060468870,7060047060,4,train
GRDC_4121304,7060468870,7060047060,4,train
camels_06468170,7060468870,7060047060,4,train
camels_06468250,7060468870,7060047060,4,train
camels_06470800,7060468870,7060047060,4,train
camels_06477500,7060468870,7060047060,4,train
hysets_06469400,7060468870,7060047060,4,train
hysets_06472000,7060468870,7060047060,4,train
hysets_06473000,7060468870,7060047060,4,train
hysets_06475000,7060468870,7060047060,4,train
hysets_06476000,7060468870,7060047060,4,train
hysets_06477000,7060468870,7060047060,4,train
hysets_06477500,7060468870,7060047060,4,train
hysets_06478500,7060468870,7060047060,4,train
hysets_06478513,7060468870,7060047060,4,train
hysets_06466500,7060468930,7060047060,2,train
camels_06453600,7060470820,7060047060,0,test
hysets_06452320,7060470820,7060047060,0,test
hysets_06453600,7060470820,7060047060,0,test
GRDC_4121400,7060470900,7060047060,0,test
GRDC_4121401,7060470900,7060047060,0,test
camels_06464500,7060470900,7060047060,0,test
hysets_06463500,7060470900,7060047060,0,test
hysets_06464100,7060470900,7060047060,0,test
hysets_06464500,7060470900,7060047060,0,test
camels_01350000,7060471140,7060039870,4,train
camels_01350080,7060471140,7060039870,4,train
camels_01350140,7060471140,7060039870,4,train
hysets_01343060,7060471140,7060039870,4,train
hysets_01348000,7060471140,7060039870,4,train
hysets_01349000,7060471140,7060039870,4,train
hysets_01335754,7060471150,7060039870,1,val
GRDC_4116188,7060472220,7060014930,4,train
GRDC_4116189,7060472220,7060014930,4,train
camels_13083000,7060472220,7060014930,4,train
hysets_05476000,7060473370,7060047060,3,train
hysets_05476750,7060473370,7060047060,3,train
GRDC_4119283,7060473380,7060047060,3,train
hysets_05478265,7060473380,7060047060,3,train
hysets_05479000,7060473380,7060047060,3,train
GRDC_4119265,7060474480,7060047060,2,train
hysets_05462000,7060474480,7060047060,2,train
hysets_05458900,7060474550,7060047060,0,test
GRDC_4235100,7060474840,7060034520,2,train
GRDC_4235101,7060474840,7060034520,2,train
GRDC_4235490,7060474840,7060034520,2,train
GRDC_4235500,7060474840,7060034520,2,train
hysets_02GA005,7060474840,7060034520,2,train
hysets_02GA010,7060474840,7060034520,2,train
hysets_02GA018,7060474840,7060034520,2,train
hysets_02GA047,7060474840,7060034520,2,train
GRDC_4135500,7060475060,7060034520,3,train
GRDC_4235400,7060475060,7060034520,3,train
camels_04213000,7060475060,7060034520,3,train
camels_04213075,7060475060,7060034520,3,train
hysets_02GC010,7060475060,7060034520,3,train
hysets_04199500,7060475060,7060034520,3,train
hysets_04201500,7060475060,7060034520,3,train
hysets_04208504,7060475060,7060034520,3,train
hysets_04212100,7060475060,7060034520,3,train
GRDC_4119262,7060475160,7060047060,1,val
GRDC_4119263,7060475160,7060047060,1,val
camels_05458000,7060475160,7060047060,1,val
hysets_05457700,7060475160,7060047060,1,val
hysets_05458000,7060475160,7060047060,1,val
hysets_05458300,7060475160,7060047060,1,val
hysets_05458500,7060475160,7060047060,1,val
GRDC_4146141,7060476020,7060014200,1,val
hysets_11493500,7060476020,7060014200,1,val
GRDC_4146145,7060476350,7060014200,0,test
hysets_11501000,7060476350,7060014200,0,test
GRDC_4121320,7060478320,7060047060,2,train
GRDC_4121321,7060478320,7060047060,2,train
camels_06479215,7060478320,7060047060,2,train
camels_06479438,7060478320,7060047060,2,train
hysets_06479215,7060478320,7060047060,2,train
hysets_06480650,7060478320,7060047060,2,train
hysets_06481500,7060478320,7060047060,2,train
hysets_06482610,7060478320,7060047060,2,train
hysets_06483290,7060478320,7060047060,2,train
hysets_06483500,7060478320,7060047060,2,train
hysets_06485500,7060478320,7060047060,2,train
GRDC_4121311,7060478560,7060047060,4,train
hysets_06478690,7060478560,7060047060,4,train
GRDC_4135300,7060480440,7060034520,0,test
GRDC_4234850,7060480440,7060034520,0,test
GRDC_4234900,7060480440,7060034520,0,test
hysets_02FF013,7060480440,7060034520,0,test
hysets_04159492,7060480440,7060034520,0,test
hysets_04159900,7060480440,7060034520,0,test
hysets_04164500,7060480440,7060034520,0,test
GRDC_4235190,7060480630,7060034520,4,train
GRDC_4235191,7060480630,7060034520,4,train
GRDC_4235200,7060480630,7060034520,4,train
hysets_02GG002,7060480630,7060034520,4,train
hysets_02GG003,7060480630,7060034520,4,train
hysets_02GG006,7060480630,7060034520,4,train
hysets_02GG009,7060480630,7060034520,4,train
hysets_04093000,7060481280,7060034520,4,train
GRDC_4133500,7060481290,7060034520,2,train
GRDC_4133501,7060481290,7060034520,2,train
GRDC_4133550,7060481290,7060034520,2,train
hysets_04096515,7060481290,7060034520,2,train
hysets_04097500,7060481290,7060034520,2,train
hysets_04099750,7060481290,7060034520,2,train
hysets_04100500,7060481290,7060034520,2,train
hysets_04101500,7060481290,7060034520,2,train
hysets_04102500,7060481290,7060034520,2,train
GRDC_4235300,7060481890,7060034520,4,train
GRDC_4235301,7060481890,7060034520,4,train
hysets_02GD010,7060481890,7060034520,4,train
hysets_02GD021,7060481890,7060034520,4,train
hysets_02GD027,7060481890,7060034520,4,train
GRDC_4119282,7060483020,7060047060,3,train
hysets_05480500,7060483020,7060047060,3,train
GRDC_4119288,7060483120,7060047060,2,train
hysets_05481000,7060483120,7060047060,2,train
GRDC_4122151,7060485210,7060047060,1,val
GRDC_4122153,7060485210,7060047060,1,val
GRDC_4122154,7060485210,7060047060,1,val
GRDC_4122155,7060485210,7060047060,1,val
camels_06614800,7060485210,7060047060,1,val
camels_06622700,7060485210,7060047060,1,val
camels_06623800,7060485210,7060047060,1,val
camels_06632400,7060485210,7060047060,1,val
hysets_06623800,7060485210,7060047060,1,val
GRDC_4147710,7060488160,7060041050,3,train
camels_01510000,7060488160,7060041050,3,train
hysets_01505000,7060488160,7060041050,3,train
hysets_01505810,7060488160,7060041050,3,train
hysets_01507000,7060488160,7060041050,3,train
hysets_01509000,7060488160,7060041050,3,train
hysets_01510000,7060488160,7060041050,3,train
GRDC_4147701,7060488320,7060041050,3,train
GRDC_4147702,7060488320,7060041050,3,train
hysets_01502500,7060488320,7060041050,3,train
hysets_01502632,7060488320,7060041050,3,train
hysets_01502731,7060488320,7060041050,3,train
hysets_01503000,7060488320,7060041050,3,train
GRDC_4135400,7060490010,7060034520,3,train
hysets_01513500,7060491800,7060041050,3,train
hysets_01513831,7060491800,7060041050,3,train
hysets_01514000,7060491800,7060041050,3,train
hysets_01515000,7060491800,7060041050,3,train
GRDC_4147715,7060492010,7060041050,2,train
camels_01516500,7060492010,7060041050,2,train
camels_01518862,7060492010,7060041050,2,train
hysets_01516350,7060492010,7060041050,2,train
GRDC_4147500,7060493000,7060039870,1,val
hysets_01358000,7060493000,7060039870,1,val
hysets_01361000,7060493000,7060039870,1,val
hysets_01362200,7060493000,7060039870,1,val
GRDC_4147510,7060493120,7060039870,2,train
camels_01365000,7060493120,7060039870,2,train
hysets_01371500,7060493120,7060039870,2,train
GRDC_4135100,7060494540,7060034520,1,val
GRDC_4135200,7060494540,7060034520,1,val
GRDC_4135201,7060494540,7060034520,1,val
GRDC_4135205,7060494540,7060034520,1,val
camels_04185000,7060494540,7060034520,1,val
hysets_04176500,7060494540,7060034520,1,val
hysets_04178000,7060494540,7060034520,1,val
hysets_04183500,7060494540,7060034520,1,val
hysets_04185000,7060494540,7060034520,1,val
hysets_04188100,7060494540,7060034520,1,val
hysets_04188337,7060494540,7060034520,1,val
hysets_04190000,7060494540,7060034520,1,val
hysets_04192500,7060494540,7060034520,1,val
hysets_04193500,7060494540,7060034520,1,val
GRDC_4146112,7060494970,7060014200,1,val
GRDC_4146140,7060494970,7060014200,1,val
hysets_11502500,7060494970,7060014200,1,val
GRDC_4146130,7060495280,7060014200,2,train
hysets_11519500,7060496450,7060014200,1,val
hysets_04195500,7060498570,7060034520,0,test
GRDC_4135210,7060498700,7060034520,2,train
camels_04196800,7060498700,7060034520,2,train
camels_04197100,7060498700,7060034520,2,train
camels_04197170,7060498700,7060034520,2,train
hysets_04196500,7060498700,7060034520,2,train
hysets_04196800,7060498700,7060034520,2,train
hysets_04198000,7060498700,7060034520,2,train
GRDC_4119281,7060500660,7060047060,0,test
hysets_05481300,7060500660,7060047060,0,test
hysets_05481950,7060500660,7060047060,0,test
GRDC_4119285,7060500890,7060047060,0,test
GRDC_4119286,7060500890,7060047060,0,test
hysets_05482300,7060500890,7060047060,0,test
hysets_05482500,7060500890,7060047060,0,test
hysets_05483450,7060500890,7060047060,0,test
hysets_05484000,7060500890,7060047060,0,test
hysets_05484500,7060500890,7060047060,0,test
hysets_05484650,7060500890,7060047060,0,test
hysets_05484800,7060500890,7060047060,0,test
GRDC_4119150,7060502840,7060047060,1,val
GRDC_4119170,7060502840,7060047060,1,val
GRDC_4119510,7060502840,7060047060,1,val
GRDC_4119650,7060502840,7060047060,1,val
camels_05412500,7060502840,7060047060,1,val
camels_05413500,7060502840,7060047060,1,val
camels_05414000,7060502840,7060047060,1,val
hysets_05411600,7060502840,7060047060,1,val
hysets_05411850,7060502840,7060047060,1,val
hysets_05412020,7060502840,7060047060,1,val
hysets_05412400,7060502840,7060047060,1,val
hysets_05412500,7060502840,7060047060,1,val
hysets_05413500,7060502840,7060047060,1,val
hysets_05414000,7060502840,7060047060,1,val
hysets_05416900,7060502840,7060047060,1,val
hysets_05418400,7060502840,7060047060,1,val
hysets_05418500,7060502840,7060047060,1,val
hysets_05419000,7060502840,7060047060,1,val
hysets_05420680,7060502840,7060047060,1,val
hysets_05421000,7060502840,7060047060,1,val
hysets_05421740,7060502840,7060047060,1,val
hysets_05422000,7060502840,7060047060,1,val
hysets_05422600,7060502840,7060047060,1,val
hysets_05486490,7060502970,7060047060,4,train
hysets_05487470,7060503080,7060047060,3,train
GRDC_4119200,7060503090,7060047060,2,train
GRDC_4119201,7060503090,7060047060,2,train
GRDC_4119210,7060503090,7060047060,2,train
GRDC_4119220,7060503090,7060047060,2,train
GRDC_4119230,7060503090,7060047060,2,train
camels_05444000,7060503090,7060047060,2,train
hysets_05427085,7060503090,7060047060,2,train
hysets_05427530,7060503090,7060047060,2,train
hysets_05427718,7060503090,7060047060,2,train
hysets_05429700,7060503090,7060047060,2,train
hysets_05435500,7060503090,7060047060,2,train
hysets_05435950,7060503090,7060047060,2,train
hysets_05437050,7060503090,7060047060,2,train
hysets_05437500,7060503090,7060047060,2,train
hysets_05438500,7060503090,7060047060,2,train
hysets_05439500,7060503090,7060047060,2,train
hysets_05440000,7060503090,7060047060,2,train
hysets_05440700,7060503090,7060047060,2,train
hysets_05443500,7060503090,7060047060,2,train
hysets_05444000,7060503090,7060047060,2,train
hysets_05447500,7060503090,7060047060,2,train
hysets_05448000,7060503090,7060047060,2,train
GRDC_4122111,7060505540,7060047060,1,val
GRDC_4122630,7060505540,7060047060,1,val
GRDC_4122635,7060505540,7060047060,1,val
GRDC_4122636,7060505540,7060047060,1,val
GRDC_4122637,7060505540,7060047060,1,val
GRDC_4122638,7060505540,7060047060,1,val
GRDC_4122639,7060505540,7060047060,1,val
camels_06784000,7060505540,7060047060,1,val
hysets_06784000,7060505540,7060047060,1,val
hysets_06785500,7060505540,7060047060,1,val
hysets_06794000,7060505540,7060047060,1,val
GRDC_4122602,7060505760,7060047060,1,val
GRDC_4122603,7060505760,7060047060,1,val
GRDC_4119317,7060506940,7060047060,2,train
hysets_05543830,7060506940,7060047060,2,train
hysets_05545750,7060506940,7060047060,2,train
hysets_05550001,7060506940,7060047060,2,train
hysets_05551000,7060506940,7060047060,2,train
hysets_05551540,7060506940,7060047060,2,train
GRDC_4119310,7060507040,7060047060,4,train
GRDC_4119600,7060507040,7060047060,4,train
hysets_05527500,7060507040,7060047060,4,train
hysets_05529000,7060507040,7060047060,4,train
hysets_05531300,7060507040,7060047060,4,train
hysets_05532500,7060507040,7060047060,4,train
hysets_05540250,7060507040,7060047060,4,train
hysets_05540500,7060507040,7060047060,4,train
hysets_05541710,7060507040,7060047060,4,train
hysets_05542000,7060507040,7060047060,4,train
GRDC_4152570,7060508340,7060008710,4,train
camels_09223000,7060508340,7060008710,4,train
hysets_09222400,7060508340,7060008710,4,train
GRDC_4152552,7060508350,7060008710,0,test
GRDC_4152553,7060508350,7060008710,0,test
camels_09210500,7060508350,7060008710,0,test
hysets_09196500,7060508350,7060008710,0,test
GRDC_4119260,7060508690,7060047060,3,train
GRDC_4119261,7060508690,7060047060,3,train
GRDC_4119264,7060508690,7060047060,3,train
hysets_05463000,7060508690,7060047060,3,train
hysets_05463050,7060508690,7060047060,3,train
hysets_05463500,7060508690,7060047060,3,train
hysets_05464000,7060508690,7060047060,3,train
hysets_05464220,7060508690,7060047060,3,train
hysets_05464315,7060508690,7060047060,3,train
hysets_05464500,7060508690,7060047060,3,train
GRDC_4119251,7060508820,7060047060,3,train
GRDC_4119252,7060508820,7060047060,3,train
camels_05454000,7060508820,7060047060,3,train
hysets_05449500,7060508820,7060047060,3,train
hysets_05451210,7060508820,7060047060,3,train
hysets_05451500,7060508820,7060047060,3,train
hysets_05451700,7060508820,7060047060,3,train
hysets_05451900,7060508820,7060047060,3,train
hysets_05452500,7060508820,7060047060,3,train
hysets_05453000,7060508820,7060047060,3,train
hysets_05453100,7060508820,7060047060,3,train
hysets_05454220,7060508820,7060047060,3,train
hysets_05454300,7060508820,7060047060,3,train
hysets_05455100,7060508820,7060047060,3,train
hysets_05455500,7060508820,7060047060,3,train
camels_10023000,7060511050,7060073620,1,val
hysets_10011500,7060511050,7060073620,1,val
hysets_10023000,7060511050,7060073620,1,val
hysets_10105900,7060511050,7060073620,1,val
hysets_10109000,7060511050,7060073620,1,val
hysets_10109001,7060511050,7060073620,1,val
hysets_10113500,7060511050,7060073620,1,val
hysets_10128500,7060511170,7060073620,3,train
hysets_10131000,7060511170,7060073620,3,train
hysets_10137000,7060511170,7060073620,3,train
GRDC_4146111,7060511270,7060014200,4,train
camels_11522500,7060511270,7060014200,4,train
hysets_11521500,7060511270,7060014200,4,train
hysets_11522500,7060511270,7060014200,4,train
GRDC_4146115,7060511360,7060014200,3,train
camels_11523200,7060511360,7060014200,3,train
camels_11528700,7060511360,7060014200,3,train
hysets_11523200,7060511360,7060014200,3,train
hysets_11528700,7060511360,7060014200,3,train
camels_10166430,7060511880,7060073620,2,train
camels_10172700,7060511880,7060073620,2,train
camels_10172800,7060511880,7060073620,2,train
GRDC_4119250,7060512060,7060047060,2,train
hysets_06795500,7060512440,7060047060,1,val
GRDC_4122100,7060512450,7060047060,4,train
GRDC_4122105,7060512450,7060047060,4,train
hysets_06797500,7060512450,7060047060,4,train
hysets_06799000,7060512450,7060047060,4,train
hysets_06799100,7060512450,7060047060,4,train
hysets_06799350,7060512450,7060047060,4,train
hysets_06799500,7060512450,7060047060,4,train
hysets_06800000,7060512450,7060047060,4,train
hysets_06800500,7060512450,7060047060,4,train
GRDC_4122152,7060513060,7060047060,0,test
GRDC_4122130,7060513230,7060047060,3,train
camels_06746095,7060513230,7060047060,3,train
hysets_06708800,7060513230,7060047060,3,train
hysets_06709000,7060513230,7060047060,3,train
hysets_06709530,7060513230,7060047060,3,train
hysets_06712000,7060513230,7060047060,3,train
hysets_06718550,7060513230,7060047060,3,train
hysets_06719505,7060513230,7060047060,3,train
hysets_394839104570300,7060513230,7060047060,3,train
GRDC_4119315,7060514260,7060047060,2,train
camels_05525500,7060514260,7060047060,2,train
hysets_05525000,7060514260,7060047060,2,train
hysets_05525500,7060514260,7060047060,2,train
hysets_05526000,7060514260,7060047060,2,train
GRDC_4119311,7060514270,7060047060,2,train
GRDC_4119312,7060514270,7060047060,2,train
GRDC_4119313,7060514270,7060047060,2,train
hysets_05515500,7060514270,7060047060,2,train
hysets_05517000,7060514270,7060047060,2,train
hysets_05517500,7060514270,7060047060,2,train
hysets_05517530,7060514270,7060047060,2,train
hysets_05518000,7060514270,7060047060,2,train
hysets_05520500,7060514270,7060047060,2,train
GRDC_4121330,7060514490,7060047060,1,val
GRDC_4121340,7060514490,7060047060,1,val
GRDC_4121341,7060514490,7060047060,1,val
GRDC_4121350,7060514490,7060047060,1,val
GRDC_4121801,7060514490,7060047060,1,val
camels_06601000,7060514490,7060047060,1,val
hysets_06600100,7060514490,7060047060,1,val
hysets_06600500,7060514490,7060047060,1,val
hysets_06600900,7060514490,7060047060,1,val
hysets_06601000,7060514490,7060047060,1,val
hysets_06602020,7060514490,7060047060,1,val
hysets_06605000,7060514490,7060047060,1,val
hysets_06605850,7060514490,7060047060,1,val
hysets_06606600,7060514490,7060047060,1,val
hysets_06607200,7060514490,7060047060,1,val
hysets_06608500,7060514490,7060047060,1,val
hysets_06609500,7060514490,7060047060,1,val
hysets_06610770,7060514490,7060047060,1,val
GRDC_4122600,7060514640,7060047060,2,train
GRDC_4122601,7060514640,7060047060,2,train
GRDC_4122620,7060514640,7060047060,2,train
camels_06803510,7060514640,7060047060,2,train
camels_06803530,7060514640,7060047060,2,train
hysets_06803510,7060514640,7060047060,2,train
hysets_06803520,7060514640,7060047060,2,train
hysets_06803530,7060514640,7060047060,2,train
hysets_06804000,7060514640,7060047060,2,train
hysets_06804700,7060514640,7060047060,2,train
GRDC_4147725,7060519270,7060041050,0,test
GRDC_4147726,7060519270,7060041050,0,test
camels_01542810,7060519270,7060041050,0,test
camels_01543000,7060519270,7060041050,0,test
camels_01543500,7060519270,7060041050,0,test
camels_01544500,7060519270,7060041050,0,test
camels_01545600,7060519270,7060041050,0,test
camels_01547700,7060519270,7060041050,0,test
camels_01548500,7060519270,7060041050,0,test
camels_01549500,7060519270,7060041050,0,test
camels_01550000,7060519270,7060041050,0,test
camels_01552000,7060519270,7060041050,0,test
camels_01552500,7060519270,7060041050,0,test
hysets_01541000,7060519270,7060041050,0,test
hysets_01543000,7060519270,7060041050,0,test
hysets_01543500,7060519270,7060041050,0,test
hysets_01547100,7060519270,7060041050,0,test
hysets_01547700,7060519270,7060041050,0,test
hysets_01547950,7060519270,7060041050,0,test
hysets_01548500,7060519270,7060041050,0,test
hysets_01550000,7060519270,7060041050,0,test
hysets_01552000,7060519270,7060041050,0,test
GRDC_4147704,7060519280,7060041050,1,val
camels_01532000,7060519280,7060041050,1,val
camels_01539000,7060519280,7060041050,1,val
hysets_01532000,7060519280,7060041050,1,val
hysets_01534000,7060519280,7060041050,1,val
hysets_01538700,7060519280,7060041050,1,val
hysets_01539000,7060519280,7060041050,1,val
hysets_01540500,7060519280,7060041050,1,val
hysets_11367500,7060521410,7060013550,1,val
hysets_11367760,7060521410,7060013550,1,val
hysets_11367800,7060521410,7060013550,1,val
hysets_03102500,7060523060,7060047060,0,test
hysets_03106000,7060523060,7060047060,0,test
hysets_03106500,7060523060,7060047060,0,test
hysets_03085500,7060523200,7060047060,4,train
GRDC_4152580,7060527230,7060008710,1,val
GRDC_4152700,7060527230,7060008710,1,val
GRDC_4152701,7060527230,7060008710,1,val
hysets_09239500,7060527230,7060008710,1,val
hysets_09242500,7060527230,7060008710,1,val
hysets_09246200,7060527230,7060008710,1,val
hysets_09253000,7060527230,7060008710,1,val
hysets_09255000,7060527230,7060008710,1,val
hysets_09260000,7060527230,7060008710,1,val
GRDC_4123136,7060527470,7060047060,4,train
hysets_03331500,7060527470,7060047060,4,train
hysets_03331753,7060527470,7060047060,4,train
GRDC_4123135,7060527530,7060047060,3,train
hysets_03328000,7060527530,7060047060,3,train
hysets_03328500,7060527530,7060047060,3,train
hysets_03329700,7060527530,7060047060,3,train
GRDC_4122650,7060527750,7060047060,0,test
hysets_06806500,7060527750,7060047060,0,test
GRDC_4122160,7060527760,7060047060,0,test
GRDC_4122165,7060527760,7060047060,0,test
hysets_06807410,7060527760,7060047060,0,test
hysets_06808500,7060527760,7060047060,0,test
hysets_06809210,7060527760,7060047060,0,test
hysets_06809500,7060527760,7060047060,0,test
hysets_06810000,7060527760,7060047060,0,test
GRDC_4123350,7060529340,7060047060,2,train
GRDC_4123351,7060529340,7060047060,2,train
GRDC_4123352,7060529340,7060047060,2,train
GRDC_4123355,7060529340,7060047060,2,train
GRDC_4123357,7060529340,7060047060,2,train
camels_03010655,7060529340,7060047060,2,train
camels_03011800,7060529340,7060047060,2,train
camels_03015500,7060529340,7060047060,2,train
camels_03021350,7060529340,7060047060,2,train
camels_03026500,7060529340,7060047060,2,train
camels_03028000,7060529340,7060047060,2,train
camels_03049800,7060529340,7060047060,2,train
hysets_03007800,7060529340,7060047060,2,train
hysets_03010500,7060529340,7060047060,2,train
hysets_03010655,7060529340,7060047060,2,train
hysets_03011020,7060529340,7060047060,2,train
hysets_03015310,7060529340,7060047060,2,train
hysets_03015500,7060529340,7060047060,2,train
hysets_03017500,7060529340,7060047060,2,train
hysets_03020500,7060529340,7060047060,2,train
hysets_03029500,7060529340,7060047060,2,train
hysets_03032500,7060529340,7060047060,2,train
hysets_03034000,7060529340,7060047060,2,train
hysets_03042000,7060529340,7060047060,2,train
GRDC_4123330,7060529460,7060047060,3,train
GRDC_4123331,7060529460,7060047060,3,train
GRDC_4123335,7060529460,7060047060,3,train
GRDC_4123341,7060529460,7060047060,3,train
GRDC_4123345,7060529460,7060047060,3,train
GRDC_4123347,7060529460,7060047060,3,train
camels_03050000,7060529460,7060047060,3,train
camels_03066000,7060529460,7060047060,3,train
camels_03069500,7060529460,7060047060,3,train
camels_03070500,7060529460,7060047060,3,train
camels_03076600,7060529460,7060047060,3,train
camels_03078000,7060529460,7060047060,3,train
hysets_03050000,7060529460,7060047060,3,train
hysets_03051000,7060529460,7060047060,3,train
hysets_03052000,7060529460,7060047060,3,train
hysets_03053500,7060529460,7060047060,3,train
hysets_03054500,7060529460,7060047060,3,train
hysets_03056250,7060529460,7060047060,3,train
hysets_03065000,7060529460,7060047060,3,train
hysets_03066000,7060529460,7060047060,3,train
hysets_03067510,7060529460,7060047060,3,train
hysets_03068800,7060529460,7060047060,3,train
hysets_03069500,7060529460,7060047060,3,train
hysets_03070260,7060529460,7060047060,3,train
hysets_03070500,7060529460,7060047060,3,train
hysets_03072000,7060529460,7060047060,3,train
hysets_03073000,7060529460,7060047060,3,train
hysets_03076600,7060529460,7060047060,3,train
hysets_03078000,7060529460,7060047060,3,train
hysets_03079000,7060529460,7060047060,3,train
hysets_03080000,7060529460,7060047060,3,train
GRDC_4147720,7060530380,7060041050,1,val
GRDC_4147721,7060530380,7060041050,1,val
camels_01557500,7060530380,7060041050,1,val
hysets_01556000,7060530380,7060041050,1,val
hysets_01558000,7060530380,7060041050,1,val
hysets_01559000,7060530380,7060041050,1,val
hysets_01560000,7060530380,7060041050,1,val
hysets_01562000,7060530380,7060041050,1,val
hysets_01565000,7060530380,7060041050,1,val
hysets_01566000,7060530380,7060041050,1,val
hysets_01555000,7060530520,7060041050,4,train
hysets_01555500,7060530520,7060041050,4,train
hysets_11342000,7060530980,7060013550,3,train
hysets_11374000,7060530980,7060013550,3,train
hysets_11376000,7060531120,7060013550,3,train
GRDC_4119280,7060531210,7060047060,4,train
camels_05487980,7060531210,7060047060,4,train
camels_05488200,7060531210,7060047060,4,train
camels_05489000,7060531210,7060047060,4,train
hysets_05487980,7060531210,7060047060,4,train
hysets_05489000,7060531210,7060047060,4,train
hysets_05490600,7060531210,7060047060,4,train
GRDC_4119270,7060531330,7060047060,3,train
GRDC_4119271,7060531330,7060047060,3,train
GRDC_4119300,7060531330,7060047060,3,train
camels_05466500,7060531330,7060047060,3,train
hysets_05466500,7060531330,7060047060,3,train
hysets_05467000,7060531330,7060047060,3,train
hysets_05469000,7060531330,7060047060,3,train
hysets_05470000,7060531330,7060047060,3,train
hysets_05470500,7060531330,7060047060,3,train
hysets_05471000,7060531330,7060047060,3,train
hysets_05471200,7060531330,7060047060,3,train
hysets_05471500,7060531330,7060047060,3,train
hysets_05472500,7060531330,7060047060,3,train
hysets_05473400,7060531330,7060047060,3,train
hysets_05473450,7060531330,7060047060,3,train
hysets_05474000,7060531330,7060047060,3,train
GRDC_4119318,7060533070,7060047060,0,test
GRDC_4119401,7060533070,7060047060,0,test
camels_05556500,7060533070,7060047060,0,test
hysets_05554500,7060533070,7060047060,0,test
hysets_05555300,7060533070,7060047060,0,test
hysets_05556500,7060533070,7060047060,0,test
hysets_05567500,7060533070,7060047060,0,test
hysets_05568000,7060533070,7060047060,0,test
GRDC_4119321,7060533210,7060047060,1,val
GRDC_4119322,7060533210,7060047060,1,val
hysets_05568800,7060533210,7060047060,1,val
hysets_05569500,7060533210,7060047060,1,val
hysets_05570000,7060533210,7060047060,1,val
GRDC_4122370,7060534960,7060047060,2,train
GRDC_4122352,7060535230,7060047060,2,train
hysets_06827000,7060535230,7060047060,2,train
GRDC_4122351,7060537550,7060047060,1,val
hysets_06836500,7060537550,7060047060,1,val
GRDC_4122360,7060537830,7060047060,0,test
hysets_06845110,7060537830,7060047060,0,test
hysets_06846500,7060537830,7060047060,0,test
hysets_06847000,7060537830,7060047060,0,test
hysets_06847500,7060537830,7060047060,0,test
GRDC_4152610,7060538950,7060008710,2,train
hysets_09292000,7060538950,7060008710,2,train
hysets_09292500,7060538950,7060008710,2,train
hysets_09299500,7060538950,7060008710,2,train
GRDC_4152551,7060538960,7060008710,0,test
hysets_09266500,7060538960,7060008710,0,test
GRDC_4152590,7060539540,7060008710,3,train
camels_09306242,7060539540,7060008710,3,train
hysets_09304200,7060539540,7060008710,3,train
hysets_09304500,7060539540,7060008710,3,train
hysets_09304800,7060539540,7060008710,3,train
hysets_09306222,7060539540,7060008710,3,train
hysets_09306255,7060539540,7060008710,3,train
GRDC_4122170,7060540960,7060047060,1,val
GRDC_4122903,7060540960,7060047060,1,val
hysets_06811500,7060540960,7060047060,1,val
hysets_06813000,7060540960,7060047060,1,val
GRDC_4119325,7060540990,7060047060,4,train
GRDC_4119410,7060540990,7060047060,4,train
hysets_05572000,7060540990,7060047060,4,train
hysets_05576500,7060540990,7060047060,4,train
hysets_05578000,7060540990,7060047060,4,train
hysets_05579500,7060540990,7060047060,4,train
hysets_05582000,7060540990,7060047060,4,train
hysets_05583000,7060540990,7060047060,4,train
GRDC_4122180,7060541090,7060047060,4,train
camels_06814000,7060541090,7060047060,4,train
hysets_06814000,7060541090,7060047060,4,train
hysets_06814500,7060541090,7060047060,4,train
hysets_06815000,7060541090,7060047060,4,train
hysets_06817000,7060543580,7060047060,3,train
hysets_06817500,7060543580,7060047060,3,train
hysets_06817700,7060543580,7060047060,3,train
camels_11381500,7060548690,7060013550,0,test
camels_11383500,7060548690,7060013550,0,test
hysets_11376150,7060548690,7060013550,0,test
hysets_11376160,7060548690,7060013550,0,test
hysets_11376460,7060548690,7060013550,0,test
hysets_11376550,7060548690,7060013550,0,test
hysets_11377100,7060548690,7060013550,0,test
hysets_11379500,7060548690,7060013550,0,test
hysets_11381500,7060548690,7060013550,0,test
hysets_11383500,7060548690,7060013550,0,test
camels_09034900,7060549350,7060008710,0,test
camels_09035900,7060549350,7060008710,0,test
camels_09047700,7060549350,7060008710,0,test
hysets_09041090,7060549350,7060008710,0,test
camels_09065500,7060549460,7060008710,3,train
camels_09066000,7060549460,7060008710,3,train
camels_09066200,7060549460,7060008710,3,train
camels_09066300,7060549460,7060008710,3,train
hysets_09070000,7060549460,7060008710,3,train
GRDC_4147902,7060550230,7060041400,4,train
hysets_01609000,7060550230,7060041400,4,train
hysets_01610000,7060550230,7060041400,4,train
hysets_01610155,7060550230,7060041400,4,train
hysets_01611500,7060550350,7060041400,1,val
camels_09081600,7060552010,7060008710,4,train
hysets_09081600,7060552010,7060008710,4,train
camels_01594950,7060552560,7060041400,1,val
camels_01596500,7060552560,7060041400,1,val
hysets_01595000,7060552560,7060041400,1,val
hysets_01595300,7060552560,7060041400,1,val
hysets_01599000,7060552560,7060041400,1,val
hysets_01601500,7060552560,7060041400,1,val
GRDC_4147903,7060552690,7060041400,2,train
camels_01605500,7060552690,7060041400,2,train
camels_01606500,7060552690,7060041400,2,train
hysets_01605500,7060552690,7060041400,2,train
hysets_01606000,7060552690,7060041400,2,train
hysets_01606500,7060552690,7060041400,2,train
hysets_01608500,7060552690,7060041400,2,train
GRDC_4123400,7060555510,7060047060,0,test
camels_03140000,7060555510,7060047060,0,test
camels_03144000,7060555510,7060047060,0,test
hysets_03117500,7060555510,7060047060,0,test
hysets_03118500,7060555510,7060047060,0,test
hysets_03139000,7060555510,7060047060,0,test
hysets_03144816,7060555510,7060047060,0,test
hysets_03146500,7060555510,7060047060,0,test
hysets_03149500,7060555510,7060047060,0,test
GRDC_4123290,7060555650,7060047060,4,train
GRDC_4123320,7060555650,7060047060,4,train
hysets_03108000,7060555650,7060047060,4,train
hysets_03109500,7060555650,7060047060,4,train
hysets_03110000,7060555650,7060047060,4,train
hysets_03110830,7060555650,7060047060,4,train
hysets_03111500,7060555650,7060047060,4,train
hysets_03111548,7060555650,7060047060,4,train
hysets_03113990,7060555650,7060047060,4,train
hysets_03114500,7060555650,7060047060,4,train
GRDC_4122250,7060556150,7060047060,3,train
GRDC_4122251,7060556150,7060047060,3,train
GRDC_4122255,7060556150,7060047060,3,train
hysets_06897000,7060556150,7060047060,3,train
hysets_06897500,7060556150,7060047060,3,train
hysets_06898000,7060556150,7060047060,3,train
hysets_06899500,7060556150,7060047060,3,train
hysets_06900050,7060556150,7060047060,3,train
hysets_06901500,7060556150,7060047060,3,train
hysets_06902000,7060556150,7060047060,3,train
GRDC_4122902,7060556270,7060047060,2,train
hysets_06893100,7060556270,7060047060,2,train
hysets_06893150,7060556270,7060047060,2,train
hysets_06893390,7060556270,7060047060,2,train
hysets_06893578,7060556270,7060047060,2,train
hysets_06893820,7060556270,7060047060,2,train
hysets_06893890,7060556270,7060047060,2,train
hysets_06894000,7060556270,7060047060,2,train
hysets_06895000,7060556270,7060047060,2,train
hysets_06896000,7060556270,7060047060,2,train
GRDC_4147901,7060557610,7060041400,0,test
camels_01613050,7060557610,7060041400,0,test
hysets_01613000,7060557610,7060041400,0,test
hysets_01613095,7060557610,7060041400,0,test
hysets_01613525,7060557610,7060041400,0,test
hysets_01614000,7060557610,7060041400,0,test
hysets_01614500,7060557610,7060041400,0,test
hysets_01615000,7060557610,7060041400,0,test
hysets_01616500,7060557610,7060041400,0,test
hysets_01618000,7060557610,7060041400,0,test
hysets_01619500,7060557610,7060041400,0,test
GRDC_4147907,7060557800,7060041400,2,train
camels_01620500,7060557800,7060041400,2,train
camels_01632000,7060557800,7060041400,2,train
camels_01632900,7060557800,7060041400,2,train
camels_01634500,7060557800,7060041400,2,train
hysets_01622000,7060557800,7060041400,2,train
hysets_01625000,7060557800,7060041400,2,train
hysets_01626000,7060557800,7060041400,2,train
hysets_01626850,7060557800,7060041400,2,train
hysets_01627500,7060557800,7060041400,2,train
hysets_01628500,7060557800,7060041400,2,train
hysets_01629500,7060557800,7060041400,2,train
hysets_01631000,7060557800,7060041400,2,train
hysets_01632000,7060557800,7060041400,2,train
hysets_01632082,7060557800,7060041400,2,train
hysets_01632900,7060557800,7060041400,2,train
hysets_01633000,7060557800,7060041400,2,train
hysets_01634000,7060557800,7060041400,2,train
hysets_01634500,7060557800,7060041400,2,train
hysets_01635500,7060557800,7060041400,2,train
hysets_01636500,7060557800,7060041400,2,train
hysets_03154000,7060558980,7060047060,3,train
hysets_03155220,7060558980,7060047060,3,train
GRDC_4122190,7060559140,7060047060,3,train
hysets_06820410,7060559140,7060047060,3,train
hysets_06820500,7060559140,7060047060,3,train
hysets_06821190,7060559140,7060047060,3,train
GRDC_4118850,7060559270,7060073650,2,train
camels_10205030,7060559270,7060073650,2,train
hysets_10194200,7060559270,7060073650,2,train
hysets_10205030,7060559270,7060073650,2,train
camels_01638480,7060559650,7060041400,1,val
hysets_01637500,7060559650,7060041400,1,val
hysets_01638480,7060559650,7060041400,1,val
hysets_01638500,7060559650,7060041400,1,val
GRDC_4147905,7060559710,7060041400,0,test
camels_01639500,7060559710,7060041400,0,test
hysets_01639500,7060559710,7060041400,0,test
hysets_01642190,7060559710,7060041400,0,test
hysets_01643000,7060559710,7060041400,0,test
hysets_01643500,7060559710,7060041400,0,test
GRDC_4122201,7060560490,7060047060,0,test
GRDC_4122211,7060560490,7060047060,0,test
GRDC_4122212,7060560490,7060047060,0,test
camels_06885500,7060560490,7060047060,0,test
hysets_06880800,7060560490,7060047060,0,test
hysets_06881000,7060560490,7060047060,0,test
hysets_06882000,7060560490,7060047060,0,test
hysets_06882510,7060560490,7060047060,0,test
hysets_06883000,7060560490,7060047060,0,test
hysets_06884000,7060560490,7060047060,0,test
hysets_06884025,7060560490,7060047060,0,test
hysets_06884200,7060560490,7060047060,0,test
hysets_06884400,7060560490,7060047060,0,test
hysets_06885500,7060560490,7060047060,0,test
camels_06879650,7060560580,7060047060,0,test
camels_10234500,7060561290,7060073650,2,train
camels_10242000,7060561290,7060073650,2,train
hysets_10242000,7060561290,7060073650,2,train
GRDC_4122700,7060562140,7060047060,1,val
GRDC_4122701,7060562140,7060047060,1,val
camels_06888500,7060562140,7060047060,1,val
camels_06889200,7060562140,7060047060,1,val
camels_06889500,7060562140,7060047060,1,val
camels_06892000,7060562140,7060047060,1,val
hysets_06888000,7060562140,7060047060,1,val
hysets_06888500,7060562140,7060047060,1,val
hysets_06889200,7060562140,7060047060,1,val
hysets_06889500,7060562140,7060047060,1,val
hysets_06890100,7060562140,7060047060,1,val
hysets_06891260,7060562140,7060047060,1,val
hysets_06892000,7060562140,7060047060,1,val
hysets_06892360,7060562140,7060047060,1,val
hysets_06892513,7060562140,7060047060,1,val
GRDC_4123230,7060562230,7060047060,3,train
GRDC_4123235,7060562230,7060047060,3,train
GRDC_4123510,7060562230,7060047060,3,train
hysets_03261500,7060562230,7060047060,3,train
hysets_03267900,7060562230,7060047060,3,train
hysets_03271000,7060562230,7060047060,3,train
hysets_03275000,7060562230,7060047060,3,train
hysets_03275600,7060562230,7060047060,3,train
GRDC_4123250,7060562310,7060047060,4,train
GRDC_4123251,7060562310,7060047060,4,train
GRDC_4123255,7060562310,7060047060,4,train
camels_03237280,7060562310,7060047060,4,train
camels_03237500,7060562310,7060047060,4,train
camels_03241500,7060562310,7060047060,4,train
hysets_03237500,7060562310,7060047060,4,train
hysets_03240000,7060562310,7060047060,4,train
hysets_03241500,7060562310,7060047060,4,train
hysets_03244936,7060562310,7060047060,4,train
hysets_03246500,7060562310,7060047060,4,train
hysets_03251200,7060562310,7060047060,4,train
hysets_03252300,7060562310,7060047060,4,train
hysets_03253000,7060562310,7060047060,4,train
GRDC_4122350,7060563320,7060047060,2,train
camels_06847900,7060563320,7060047060,2,train
camels_06853800,7060563320,7060047060,2,train
hysets_06847900,7060563320,7060047060,2,train
hysets_06853800,7060563320,7060047060,2,train
GRDC_4122220,7060563480,7060047060,0,test
GRDC_4122221,7060563480,7060047060,0,test
GRDC_4122222,7060563480,7060047060,0,test
GRDC_4122230,7060563480,7060047060,0,test
GRDC_4122240,7060563480,7060047060,0,test
camels_06876700,7060563480,7060047060,0,test
camels_06878000,7060563480,7060047060,0,test
hysets_06860000,7060563480,7060047060,0,test
hysets_06861000,7060563480,7060047060,0,test
hysets_06863500,7060563480,7060047060,0,test
hysets_06867000,7060563480,7060047060,0,test
hysets_06869950,7060563480,7060047060,0,test
hysets_06871000,7060563480,7060047060,0,test
hysets_06871500,7060563480,7060047060,0,test
hysets_06873000,7060563480,7060047060,0,test
hysets_06876440,7060563480,7060047060,0,test
hysets_06876700,7060563480,7060047060,0,test
hysets_06878000,7060563480,7060047060,0,test
GRDC_4152650,7060563580,7060008710,4,train
GRDC_4152651,7060563580,7060008710,4,train
GRDC_4152652,7060563580,7060008710,4,train
camels_09107000,7060563580,7060008710,4,train
hysets_09107000,7060563580,7060008710,4,train
hysets_09112200,7060563580,7060008710,4,train
hysets_09112500,7060563580,7060008710,4,train
hysets_09119000,7060563580,7060008710,4,train
hysets_09124500,7060563580,7060008710,4,train
hysets_09146020,7060563580,7060008710,4,train
hysets_09146200,7060563580,7060008710,4,train
camels_06903400,7060565330,7060047060,2,train
hysets_06906000,7060565330,7060047060,2,train
GRDC_4122260,7060565660,7060047060,0,test
camels_06906800,7060565660,7060047060,0,test
hysets_06906800,7060565660,7060047060,0,test
hysets_06908000,7060565660,7060047060,0,test
GRDC_4119327,7060566040,7060047060,1,val
GRDC_4119400,7060566040,7060047060,1,val
camels_05584500,7060566040,7060047060,1,val
camels_05585000,7060566040,7060047060,1,val
hysets_05584500,7060566040,7060047060,1,val
hysets_05585000,7060566040,7060047060,1,val
hysets_05587000,7060566040,7060047060,1,val
GRDC_4119290,7060566090,7060047060,2,train
GRDC_4119295,7060566090,7060047060,2,train
camels_05495000,7060566090,7060047060,2,train
camels_05495500,7060566090,7060047060,2,train
camels_05501000,7060566090,7060047060,2,train
camels_05503800,7060566090,7060047060,2,train
camels_05507600,7060566090,7060047060,2,train
camels_05508805,7060566090,7060047060,2,train
camels_05514500,7060566090,7060047060,2,train
hysets_05495000,7060566090,7060047060,2,train
hysets_05495500,7060566090,7060047060,2,train
hysets_05496000,7060566090,7060047060,2,train
hysets_05497150,7060566090,7060047060,2,train
hysets_05498150,7060566090,7060047060,2,train
hysets_05498700,7060566090,7060047060,2,train
hysets_05500000,7060566090,7060047060,2,train
hysets_05501000,7060566090,7060047060,2,train
hysets_05502300,7060566090,7060047060,2,train
hysets_05502500,7060566090,7060047060,2,train
hysets_05504800,7060566090,7060047060,2,train
hysets_05506100,7060566090,7060047060,2,train
hysets_05506350,7060566090,7060047060,2,train
hysets_05508805,7060566090,7060047060,2,train
hysets_05514500,7060566090,7060047060,2,train
hysets_05514860,7060566090,7060047060,2,train
GRDC_4123280,7060568950,7060047060,4,train
camels_03159540,7060568950,7060047060,4,train
hysets_03157000,7060568950,7060047060,4,train
hysets_03157500,7060568950,7060047060,4,train
hysets_03159500,7060568950,7060047060,4,train
hysets_03159540,7060568950,7060047060,4,train
GRDC_4152660,7060569390,7060008710,1,val
hysets_09165000,7060569390,7060008710,1,val
hysets_09166500,7060569390,7060008710,1,val
hysets_11389500,7060569580,7060013550,0,test
hysets_11389720,7060569580,7060013550,0,test
hysets_11390500,7060569580,7060013550,0,test
GRDC_4122900,7060569640,7060047060,1,val
hysets_06936475,7060569640,7060047060,1,val
hysets_05587900,7060569650,7060047060,4,train
hysets_11396200,7060570240,7060013550,3,train
hysets_11402000,7060570240,7060013550,3,train
hysets_11413000,7060570240,7060013550,3,train
hysets_11413517,7060570240,7060013550,3,train
hysets_11418000,7060570240,7060013550,3,train
hysets_11421000,7060570240,7060013550,3,train
GRDC_4123260,7060571810,7060047060,1,val
hysets_03219500,7060571810,7060047060,1,val
hysets_03230500,7060571810,7060047060,1,val
hysets_03230800,7060571810,7060047060,1,val
hysets_03232000,7060571810,7060047060,1,val
camels_03213700,7060571990,7060047060,4,train
hysets_03202000,7060571990,7060047060,4,train
hysets_03202400,7060571990,7060047060,4,train
hysets_03202750,7060571990,7060047060,4,train
hysets_03205470,7060571990,7060047060,4,train
hysets_03207800,7060571990,7060047060,4,train
hysets_03208500,7060571990,7060047060,4,train
hysets_03210000,7060571990,7060047060,4,train
hysets_03212980,7060571990,7060047060,4,train
hysets_03213700,7060571990,7060047060,4,train
hysets_03214500,7060571990,7060047060,4,train
hysets_03217000,7060571990,7060047060,4,train
GRDC_4123240,7060572890,7060047060,3,train
camels_03280700,7060572890,7060047060,3,train
camels_03281100,7060572890,7060047060,3,train
camels_03281500,7060572890,7060047060,3,train
camels_03285000,7060572890,7060047060,3,train
hysets_03277300,7060572890,7060047060,3,train
hysets_03281100,7060572890,7060047060,3,train
hysets_03281500,7060572890,7060047060,3,train
hysets_03282500,7060572890,7060047060,3,train
hysets_03286200,7060572890,7060047060,3,train
hysets_03288100,7060572890,7060047060,3,train
hysets_03289500,7060572890,7060047060,3,train
hysets_03291500,7060572890,7060047060,3,train
hysets_06927240,7060573000,7060047060,3,train
GRDC_4122280,7060573090,7060047060,3,train
GRDC_4122281,7060573090,7060047060,3,train
camels_06934000,7060573090,7060047060,3,train
hysets_06928000,7060573090,7060047060,3,train
hysets_06928300,7060573090,7060047060,3,train
hysets_06928420,7060573090,7060047060,3,train
hysets_06930000,7060573090,7060047060,3,train
hysets_06930060,7060573090,7060047060,3,train
hysets_06932000,7060573090,7060047060,3,train
hysets_06933500,7060573090,7060047060,3,train
hysets_06934000,7060573090,7060047060,3,train
GRDC_4123137,7060573670,7060047060,2,train
camels_03346000,7060573670,7060047060,2,train
hysets_03343400,7060573670,7060047060,2,train
hysets_03345500,7060573670,7060047060,2,train
hysets_03346000,7060573670,7060047060,2,train
hysets_03346500,7060573670,7060047060,2,train
GRDC_4123131,7060573680,7060047060,1,val
camels_03340800,7060573680,7060047060,1,val
hysets_03335000,7060573680,7060047060,1,val
hysets_03336645,7060573680,7060047060,1,val
hysets_03336900,7060573680,7060047060,1,val
hysets_03339500,7060573680,7060047060,1,val
GRDC_4146250,7060574630,7060013550,0,test
GRDC_4146281,7060574630,7060013550,0,test
camels_11451100,7060574630,7060013550,0,test
hysets_11451100,7060574630,7060013550,0,test
hysets_11451715,7060574630,7060013550,0,test
GRDC_4146270,7060574760,7060013550,4,train
hysets_11428800,7060574760,7060013550,4,train
hysets_11433300,7060574760,7060013550,4,train
hysets_11441900,7060574760,7060013550,4,train
GRDC_4122901,7060574920,7060047060,4,train
hysets_06909500,7060574920,7060047060,4,train
hysets_06910750,7060574920,7060047060,4,train
GRDC_4122270,7060575000,7060047060,4,train
GRDC_4122271,7060575000,7060047060,4,train
GRDC_4122300,7060575000,7060047060,4,train
camels_06910800,7060575000,7060047060,4,train
camels_06911900,7060575000,7060047060,4,train
camels_06917000,7060575000,7060047060,4,train
camels_06918460,7060575000,7060047060,4,train
camels_06919500,7060575000,7060047060,4,train
camels_06921070,7060575000,7060047060,4,train
camels_06921200,7060575000,7060047060,4,train
hysets_06911900,7060575000,7060047060,4,train
hysets_06914000,7060575000,7060047060,4,train
hysets_06914500,7060575000,7060047060,4,train
hysets_06917000,7060575000,7060047060,4,train
hysets_06917060,7060575000,7060047060,4,train
hysets_06917240,7060575000,7060047060,4,train
hysets_06917500,7060575000,7060047060,4,train
hysets_06917560,7060575000,7060047060,4,train
hysets_06918060,7060575000,7060047060,4,train
hysets_06918440,7060575000,7060047060,4,train
hysets_06918460,7060575000,7060047060,4,train
hysets_06918740,7060575000,7060047060,4,train
hysets_06919500,7060575000,7060047060,4,train
hysets_06921070,7060575000,7060047060,4,train
hysets_06921200,7060575000,7060047060,4,train
hysets_06921590,7060575000,7060047060,4,train
hysets_06921720,7060575000,7060047060,4,train
hysets_06923250,7060575000,7060047060,4,train
hysets_06923950,7060575000,7060047060,4,train
hysets_06927000,7060575000,7060047060,4,train
GRDC_4123200,7060579270,7060047060,2,train
GRDC_4123201,7060579270,7060047060,2,train
GRDC_4123202,7060579270,7060047060,2,train
GRDC_4123205,7060579270,7060047060,2,train
GRDC_4123206,7060579270,7060047060,2,train
GRDC_4123207,7060579270,7060047060,2,train
GRDC_4123208,7060579270,7060047060,2,train
GRDC_4123209,7060579270,7060047060,2,train
GRDC_4123210,7060579270,7060047060,2,train
GRDC_4123310,7060579270,7060047060,2,train
camels_03357350,7060579270,7060047060,2,train
camels_03364500,7060579270,7060047060,2,train
camels_03366500,7060579270,7060047060,2,train
camels_03368000,7060579270,7060047060,2,train
hysets_03348000,7060579270,7060047060,2,train
hysets_03353200,7060579270,7060047060,2,train
hysets_03353800,7060579270,7060047060,2,train
hysets_03358000,7060579270,7060047060,2,train
hysets_03361500,7060579270,7060047060,2,train
hysets_03362000,7060579270,7060047060,2,train
hysets_03362500,7060579270,7060047060,2,train
hysets_03363000,7060579270,7060047060,2,train
hysets_03363500,7060579270,7060047060,2,train
hysets_03363900,7060579270,7060047060,2,train
hysets_03364000,7060579270,7060047060,2,train
hysets_03364500,7060579270,7060047060,2,train
hysets_03364650,7060579270,7060047060,2,train
hysets_03365500,7060579270,7060047060,2,train
hysets_03371500,7060579270,7060047060,2,train
hysets_03373508,7060579270,7060047060,2,train
hysets_03373560,7060579270,7060047060,2,train
GRDC_4123265,7060579680,7060047060,3,train
hysets_03198350,7060579680,7060047060,3,train
hysets_03198500,7060579680,7060047060,3,train
hysets_03200500,7060579680,7060047060,3,train
GRDC_4127100,7060579820,7060047060,1,val
camels_07014500,7060579820,7060047060,1,val
hysets_07010350,7060579820,7060047060,1,val
hysets_07013000,7060579820,7060047060,1,val
hysets_07014000,7060579820,7060047060,1,val
hysets_07014500,7060579820,7060047060,1,val
hysets_07016500,7060579820,7060047060,1,val
hysets_07018100,7060579820,7060047060,1,val
hysets_07018500,7060579820,7060047060,1,val
hysets_07019000,7060579820,7060047060,1,val
GRDC_4127503,7060579830,7060047060,2,train
camels_07180500,7060579990,7060047060,1,val
hysets_03194700,7060580820,7060047060,0,test
hysets_03197790,7060580820,7060047060,0,test
GRDC_4123268,7060580930,7060047060,0,test
GRDC_4118800,7060583840,7060073650,3,train
camels_10173450,7060583840,7060073650,3,train
hysets_10174500,7060583840,7060073650,3,train
GRDC_4152550,7060585110,7060008710,2,train
camels_09312600,7060585110,7060008710,2,train
hysets_09326500,7060585110,7060008710,2,train
GRDC_4152460,7060585120,7060008710,4,train
GRDC_4125100,7060585430,7060047060,1,val
hysets_07140900,7060585430,7060047060,1,val
hysets_07141200,7060585430,7060047060,1,val
camels_03186500,7060585550,7060047060,4,train
camels_03187500,7060585550,7060047060,4,train
hysets_03186500,7060585550,7060047060,4,train
hysets_03189100,7060585550,7060047060,4,train
hysets_03190000,7060585550,7060047060,4,train
hysets_07134100,7060586890,7060047060,3,train
hysets_11314500,7060587130,7060013550,0,test
hysets_11316100,7060587130,7060013550,0,test
hysets_11316670,7060587130,7060013550,0,test
hysets_11316700,7060587130,7060013550,0,test
hysets_11317000,7060587130,7060013550,0,test
hysets_11318500,7060587130,7060013550,0,test
hysets_11335000,7060587130,7060013550,0,test
GRDC_4146360,7060587260,7060013550,0,test
camels_11299600,7060587260,7060013550,0,test
hysets_11292900,7060587260,7060013550,0,test
hysets_11295270,7060587260,7060013550,0,test
hysets_11295300,7060587260,7060013550,0,test
hysets_11302000,7060587260,7060013550,0,test
camels_07083000,7060587790,7060047060,4,train
hysets_07096250,7060587790,7060047060,4,train
hysets_07099230,7060587790,7060047060,4,train
hysets_07105600,7060587790,7060047060,4,train
hysets_07105900,7060587790,7060047060,4,train
hysets_07106000,7060587790,7060047060,4,train
hysets_07116500,7060587790,7060047060,4,train
hysets_07119500,7060587790,7060047060,4,train
hysets_07121500,7060587790,7060047060,4,train
hysets_07124200,7060587910,7060047060,0,test
hysets_07126300,7060587910,7060047060,0,test
hysets_07128500,7060587910,7060047060,0,test
hysets_11453500,7060587960,7060013550,2,train
GRDC_4127200,7060589830,7060047060,4,train
GRDC_4127201,7060589830,7060047060,4,train
GRDC_4127202,7060589830,7060047060,4,train
camels_05591550,7060589830,7060047060,4,train
camels_05592050,7060589830,7060047060,4,train
camels_05592575,7060589830,7060047060,4,train
camels_05593575,7060589830,7060047060,4,train
camels_05593900,7060589830,7060047060,4,train
hysets_05591200,7060589830,7060047060,4,train
hysets_05591700,7060589830,7060047060,4,train
hysets_05592050,7060589830,7060047060,4,train
hysets_05592800,7060589830,7060047060,4,train
hysets_05593575,7060589830,7060047060,4,train
hysets_05593945,7060589830,7060047060,4,train
hysets_05594000,7060589830,7060047060,4,train
hysets_05594450,7060589830,7060047060,4,train
hysets_05594800,7060589830,7060047060,4,train
hysets_05595200,7060589830,7060047060,4,train
GRDC_4123225,7060591460,7060047060,2,train
GRDC_4123245,7060591460,7060047060,2,train
GRDC_4123300,7060591460,7060047060,2,train
camels_03291780,7060591460,7060047060,2,train
camels_03300400,7060591460,7060047060,2,train
hysets_03292470,7060591460,7060047060,2,train
hysets_03294000,7060591460,7060047060,2,train
hysets_03295400,7060591460,7060047060,2,train
hysets_03295890,7060591460,7060047060,2,train
hysets_03297900,7060591460,7060047060,2,train
hysets_03298000,7060591460,7060047060,2,train
hysets_03298200,7060591460,7060047060,2,train
hysets_03300400,7060591460,7060047060,2,train
hysets_03301000,7060591460,7060047060,2,train
hysets_03301500,7060591460,7060047060,2,train
hysets_03302220,7060591460,7060047060,2,train
hysets_03302800,7060591460,7060047060,2,train
hysets_03303000,7060591460,7060047060,2,train
GRDC_4123220,7060591570,7060047060,3,train
hysets_03309000,7060591570,7060047060,3,train
hysets_03310300,7060591570,7060047060,3,train
hysets_03310400,7060591570,7060047060,3,train
hysets_03313700,7060591570,7060047060,3,train
hysets_03314000,7060591570,7060047060,3,train
hysets_03319600,7060591570,7060047060,3,train
hysets_03320500,7060591570,7060047060,3,train
hysets_03321350,7060591570,7060047060,3,train
GRDC_4123090,7060591780,7060047060,3,train
GRDC_4123110,7060591780,7060047060,3,train
GRDC_4123111,7060591780,7060047060,3,train
hysets_03379500,7060591780,7060047060,3,train
hysets_03380500,7060591780,7060047060,3,train
GRDC_4123120,7060591790,7060047060,2,train
GRDC_4123130,7060591790,7060047060,2,train
GRDC_4123140,7060591790,7060047060,2,train
hysets_03378000,7060591790,7060047060,2,train
hysets_03378500,7060591790,7060047060,2,train
GRDC_4123270,7060597680,7060047060,2,train
GRDC_4123271,7060597680,7060047060,2,train
GRDC_4123272,7060597680,7060047060,2,train
camels_03180500,7060597680,7060047060,2,train
camels_03182500,7060597680,7060047060,2,train
hysets_03182500,7060597680,7060047060,2,train
hysets_03182700,7060597680,7060047060,2,train
hysets_03183500,7060597680,7060047060,2,train
hysets_03184000,7060597680,7060047060,2,train
GRDC_4123275,7060597760,7060047060,1,val
GRDC_4123277,7060597760,7060047060,1,val
GRDC_4123278,7060597760,7060047060,1,val
camels_03161000,7060597760,7060047060,1,val
camels_03164000,7060597760,7060047060,1,val
camels_03165000,7060597760,7060047060,1,val
camels_03170000,7060597760,7060047060,1,val
camels_03173000,7060597760,7060047060,1,val
hysets_03161000,7060597760,7060047060,1,val
hysets_03164000,7060597760,7060047060,1,val
hysets_03167000,7060597760,7060047060,1,val
hysets_03168000,7060597760,7060047060,1,val
hysets_03170000,7060597760,7060047060,1,val
hysets_03173000,7060597760,7060047060,1,val
hysets_03175500,7060597760,7060047060,1,val
hysets_03179000,7060597760,7060047060,1,val
camels_11284400,7060598410,7060013550,2,train
hysets_11274790,7060598410,7060013550,2,train
hysets_11276600,7060598410,7060013550,2,train
hysets_11276900,7060598410,7060013550,2,train
hysets_11277300,7060598410,7060013550,2,train
hysets_11278400,7060598410,7060013550,2,train
hysets_11289650,7060598410,7060013550,2,train
hysets_11289651,7060598410,7060013550,2,train
camels_11274500,7060598590,7060013550,4,train
camels_11274630,7060598590,7060013550,4,train
hysets_11274500,7060598590,7060013550,4,train
GRDC_4127502,7060599170,7060047060,4,train
hysets_07020550,7060599170,7060047060,4,train
camels_05595730,7060599260,7060047060,3,train
hysets_05595730,7060599260,7060047060,3,train
hysets_05595820,7060599260,7060047060,3,train
GRDC_4151805,7060602100,7060049270,1,val
GRDC_4125075,7060602590,7060047060,3,train
hysets_07155590,7060602590,7060047060,3,train
camels_11264500,7060603670,7060013550,4,train
camels_11266500,7060603670,7060013550,4,train
hysets_11264500,7060603670,7060013550,4,train
hysets_11266500,7060603670,7060013550,4,train
hysets_11270900,7060603670,7060013550,4,train
hysets_11271290,7060603670,7060013550,4,train
hysets_11255575,7060603720,7060013550,0,test
GRDC_4152601,7060607440,7060008710,3,train
camels_09378170,7060607440,7060008710,3,train
camels_09378630,7060607440,7060008710,3,train
hysets_09371000,7060607440,7060008710,3,train
hysets_09371520,7060607440,7060008710,3,train
hysets_09372000,7060607440,7060008710,3,train
hysets_09379200,7060607590,7060008710,4,train
GRDC_4152620,7060607990,7060008710,2,train
hysets_09330500,7060607990,7060008710,2,train
GRDC_4152600,7060608130,7060008710,3,train
camels_03384450,7060609610,7060047060,2,train
hysets_03382100,7060609610,7060047060,2,train
hysets_03383000,7060609610,7060047060,2,train
hysets_03384100,7060609610,7060047060,2,train
hysets_03436690,7060609780,7060047060,1,val
hysets_03438000,7060609780,7060047060,1,val
hysets_03606500,7060610850,7060047060,0,test
hysets_03610000,7060610850,7060047060,0,test
GRDC_4123082,7060612660,7060047060,2,train
GRDC_4123083,7060612660,7060047060,2,train
hysets_03400500,7060612660,7060047060,2,train
hysets_03403910,7060612660,7060047060,2,train
hysets_03404900,7060612660,7060047060,2,train
hysets_03406500,7060612660,7060047060,2,train
GRDC_4127501,7060612840,7060047060,2,train
hysets_03408500,7060612900,7060047060,2,train
hysets_03409500,7060612900,7060047060,2,train
hysets_03410210,7060612900,7060047060,2,train
GRDC_4125064,7060613780,7060047060,1,val
GRDC_4125025,7060617540,7060047060,1,val
GRDC_4125026,7060617540,7060047060,1,val
GRDC_4125027,7060617540,7060047060,1,val
camels_07184000,7060617540,7060047060,1,val
hysets_07184000,7060617540,7060047060,1,val
hysets_07184500,7060617540,7060047060,1,val
camels_11230500,7060617620,7060013550,0,test
camels_11237500,7060617620,7060013550,0,test
hysets_11230500,7060617620,7060013550,0,test
hysets_11231600,7060617620,7060013550,0,test
hysets_11234750,7060617620,7060013550,0,test
hysets_11246700,7060617620,7060013550,0,test
GRDC_4125020,7060617740,7060047060,4,train
hysets_07185700,7060617740,7060047060,4,train
hysets_07185765,7060617740,7060047060,4,train
hysets_07186000,7060617740,7060047060,4,train
hysets_07187000,7060617740,7060047060,4,train
hysets_07187600,7060617740,7060047060,4,train
camels_11224500,7060617820,7060013550,4,train
camels_11253310,7060617820,7060013550,4,train
hysets_11214600,7060617820,7060013550,4,train
hysets_11216200,7060617820,7060013550,4,train
hysets_11216500,7060617820,7060013550,4,train
hysets_11218400,7060617820,7060013550,4,train
hysets_11253310,7060617820,7060013550,4,train
GRDC_4152602,7060618130,7060008710,0,test
camels_09352900,7060619150,7060008710,1,val
hysets_09342500,7060619150,7060008710,1,val
hysets_09349800,7060619150,7060008710,1,val
hysets_09361500,7060619360,7060008710,4,train
hysets_07188653,7060621060,7060047060,0,test
hysets_07188838,7060621060,7060047060,0,test
hysets_07188885,7060621060,7060047060,0,test
GRDC_4125080,7060622700,7060047060,3,train
camels_07148400,7060622700,7060047060,3,train
camels_07149000,7060622700,7060047060,3,train
camels_07151500,7060622700,7060047060,3,train
hysets_07148400,7060622700,7060047060,3,train
hysets_07149000,7060622700,7060047060,3,train
hysets_07151500,7060622700,7060047060,3,train
GRDC_4125070,7060622710,7060047060,4,train
GRDC_4125110,7060622710,7060047060,4,train
GRDC_4125801,7060622710,7060047060,4,train
GRDC_4125802,7060622710,7060047060,4,train
GRDC_4125810,7060622710,7060047060,4,train
camels_07142300,7060622710,7060047060,4,train
camels_07145700,7060622710,7060047060,4,train
hysets_07141780,7060622710,7060047060,4,train
hysets_07141900,7060622710,7060047060,4,train
hysets_07142300,7060622710,7060047060,4,train
hysets_07142575,7060622710,7060047060,4,train
hysets_07143300,7060622710,7060047060,4,train
hysets_07143672,7060622710,7060047060,4,train
hysets_07144100,7060622710,7060047060,4,train
hysets_07144200,7060622710,7060047060,4,train
hysets_07144300,7060622710,7060047060,4,train
hysets_07144550,7060622710,7060047060,4,train
hysets_07144780,7060622710,7060047060,4,train
hysets_07145200,7060622710,7060047060,4,train
hysets_07145700,7060622710,7060047060,4,train
hysets_03436100,7060624370,7060047060,3,train
hysets_03431060,7060624500,7060047060,1,val
hysets_03432350,7060624500,7060047060,1,val
hysets_03432400,7060624500,7060047060,1,val
hysets_03433500,7060624500,7060047060,1,val
hysets_03434500,7060624500,7060047060,1,val
GRDC_4152800,7060626100,7060008710,2,train
camels_09404450,7060626100,7060008710,2,train
hysets_09404450,7060626100,7060008710,2,train
hysets_09405500,7060626100,7060008710,2,train
hysets_09406000,7060626100,7060008710,2,train
hysets_09406100,7060626100,7060008710,2,train
hysets_09408135,7060626100,7060008710,2,train
GRDC_4152110,7060626220,7060008710,2,train
hysets_09403600,7060627380,7060008710,1,val
hysets_09404110,7060629700,7060008710,0,test
hysets_03413200,7060631120,7060047060,4,train
hysets_03415000,7060631120,7060047060,4,train
hysets_03416000,7060631120,7060047060,4,train
hysets_03421000,7060631300,7060047060,4,train
hysets_03424730,7060631300,7060047060,4,train
GRDC_4125904,7060631790,7060047060,0,test
GRDC_4125920,7060631790,7060047060,0,test
GRDC_4125925,7060631790,7060047060,0,test
GRDC_4125930,7060631790,7060047060,0,test
camels_07056000,7060631790,7060047060,0,test
hysets_07048550,7060631790,7060047060,0,test
hysets_07049000,7060631790,7060047060,0,test
hysets_07050500,7060631790,7060047060,0,test
hysets_07052160,7060631790,7060047060,0,test
hysets_07052345,7060631790,7060047060,0,test
hysets_07052500,7060631790,7060047060,0,test
hysets_07052820,7060631790,7060047060,0,test
hysets_07053810,7060631790,7060047060,0,test
hysets_07055607,7060631790,7060047060,0,test
hysets_07055646,7060631790,7060047060,0,test
hysets_07055660,7060631790,7060047060,0,test
hysets_07055875,7060631790,7060047060,0,test
hysets_07056000,7060631790,7060047060,0,test
hysets_07056515,7060631790,7060047060,0,test
hysets_07056700,7060631790,7060047060,0,test
hysets_07057370,7060631790,7060047060,0,test
camels_07057500,7060631800,7060047060,3,train
hysets_07057500,7060631800,7060047060,3,train
hysets_07058000,7060631800,7060047060,3,train
GRDC_4152450,7060632150,7060008710,2,train
hysets_09381800,7060632150,7060008710,2,train
hysets_09382000,7060632150,7060008710,2,train
GRDC_4152465,7060632220,7060008710,4,train
hysets_03427500,7060632290,7060047060,3,train
hysets_03428200,7060632290,7060047060,3,train
GRDC_4125061,7060632870,7060047060,3,train
hysets_09404208,7060633600,7060008710,2,train
hysets_09404222,7060633600,7060008710,2,train
GRDC_4151650,7060636470,7060049270,1,val
GRDC_4151651,7060636470,7060049270,1,val
hysets_08284100,7060636470,7060049270,1,val
hysets_08289000,7060636470,7060049270,1,val
GRDC_4151803,7060636480,7060049270,3,train
camels_08267500,7060636480,7060049270,3,train
camels_08269000,7060636480,7060049270,3,train
camels_08271000,7060636480,7060049270,3,train
hysets_08247500,7060636480,7060049270,3,train
hysets_08279000,7060636480,7060049270,3,train
GRDC_4125062,7060637840,7060047060,1,val
GRDC_4125063,7060637840,7060047060,1,val
hysets_07157940,7060637840,7060047060,1,val
camels_03471500,7060638110,7060047060,3,train
camels_03473000,7060638110,7060047060,3,train
camels_03479000,7060638110,7060047060,3,train
camels_03488000,7060638110,7060047060,3,train
hysets_03471500,7060638110,7060047060,3,train
hysets_03473000,7060638110,7060047060,3,train
hysets_03474000,7060638110,7060047060,3,train
hysets_03479000,7060638110,7060047060,3,train
hysets_03485500,7060638110,7060047060,3,train
hysets_03488000,7060638110,7060047060,3,train
hysets_03490000,7060638110,7060047060,3,train
hysets_03491000,7060638110,7060047060,3,train
GRDC_4123380,7060638230,7060047060,0,test
GRDC_4123382,7060638230,7060047060,0,test
GRDC_4123385,7060638230,7060047060,0,test
camels_03439000,7060638230,7060047060,0,test
camels_03450000,7060638230,7060047060,0,test
camels_03455500,7060638230,7060047060,0,test
camels_03456500,7060638230,7060047060,0,test
camels_03460000,7060638230,7060047060,0,test
camels_03463300,7060638230,7060047060,0,test
hysets_03439000,7060638230,7060047060,0,test
hysets_03443000,7060638230,7060047060,0,test
hysets_03447687,7060638230,7060047060,0,test
hysets_03451000,7060638230,7060047060,0,test
hysets_03451500,7060638230,7060047060,0,test
hysets_03453000,7060638230,7060047060,0,test
hysets_03453500,7060638230,7060047060,0,test
hysets_03455000,7060638230,7060047060,0,test
hysets_03456500,7060638230,7060047060,0,test
hysets_03465500,7060638230,7060047060,0,test
hysets_03466208,7060638230,7060047060,0,test
hysets_03466500,7060638230,7060047060,0,test
hysets_03467609,7060638230,7060047060,0,test
hysets_03470000,7060638230,7060047060,0,test
GRDC_4123095,7060638690,7060047060,1,val
camels_03604000,7060638690,7060047060,1,val
hysets_03597590,7060638690,7060047060,1,val
hysets_03597860,7060638690,7060047060,1,val
hysets_03599450,7060638690,7060047060,1,val
hysets_03602500,7060638690,7060047060,1,val
hysets_03604000,7060638690,7060047060,1,val
hysets_03604400,7060638690,7060047060,1,val
camels_03574500,7060638810,7060047060,2,train
hysets_03567340,7060638810,7060047060,2,train
hysets_03567500,7060638810,7060047060,2,train
hysets_03568933,7060638810,7060047060,2,train
hysets_03571000,7060638810,7060047060,2,train
hysets_03574500,7060638810,7060047060,2,train
hysets_03575100,7060638810,7060047060,2,train
hysets_03576250,7060638810,7060047060,2,train
hysets_03578000,7060638810,7060047060,2,train
hysets_03588500,7060638810,7060047060,2,train
hysets_03590000,7060638810,7060047060,2,train
hysets_03593800,7060638810,7060047060,2,train
GRDC_4127400,7060639390,7060047060,2,train
hysets_07024500,7060639390,7060047060,2,train
hysets_07025400,7060639390,7060047060,2,train
hysets_07026040,7060639390,7060047060,2,train
hysets_07027720,7060639390,7060047060,2,train
hysets_07028960,7060639390,7060047060,2,train
hysets_09401260,7060639670,7060008710,2,train
hysets_09401110,7060639920,7060008710,1,val
GRDC_4123370,7060640420,7060047060,3,train
GRDC_4123375,7060640420,7060047060,3,train
hysets_03524000,7060640420,7060047060,3,train
hysets_03527000,7060640420,7060047060,3,train
hysets_03527220,7060640420,7060047060,3,train
hysets_03528000,7060640420,7060047060,3,train
hysets_03529500,7060640420,7060047060,3,train
hysets_03531500,7060640420,7060047060,3,train
hysets_03532000,7060640420,7060047060,3,train
hysets_03535400,7060640420,7060047060,3,train
hysets_03539600,7060640420,7060047060,3,train
hysets_03539778,7060640420,7060047060,3,train
hysets_03539800,7060640420,7060047060,3,train
hysets_03540500,7060640420,7060047060,3,train
GRDC_4123360,7060640560,7060047060,2,train
GRDC_4123365,7060640560,7060047060,2,train
camels_03498500,7060640560,7060047060,2,train
camels_03500000,7060640560,7060047060,2,train
camels_03504000,7060640560,7060047060,2,train
hysets_03497300,7060640560,7060047060,2,train
hysets_03498500,7060640560,7060047060,2,train
hysets_03498850,7060640560,7060047060,2,train
hysets_03500000,7060640560,7060047060,2,train
hysets_03512000,7060640560,7060047060,2,train
hysets_03518500,7060640560,7060047060,2,train
GRDC_4125050,7060641790,7060047060,1,val
GRDC_4125055,7060641790,7060047060,1,val
camels_07167500,7060641790,7060047060,1,val
hysets_07165750,7060641790,7060047060,1,val
hysets_07167500,7060641790,7060047060,1,val
hysets_07169800,7060641790,7060047060,1,val
hysets_07172000,7060641790,7060047060,1,val
GRDC_4125500,7060641910,7060047060,0,test
GRDC_4125028,7060642090,7060047060,0,test
hysets_07191160,7060642090,7060047060,0,test
hysets_07191179,7060642090,7060047060,0,test
hysets_071912213,7060642090,7060047060,0,test
hysets_07191222,7060642090,7060047060,0,test
hysets_07216500,7060643600,7060047060,4,train
GRDC_4125552,7060643680,7060047060,0,test
camels_07208500,7060643680,7060047060,0,test
hysets_07203000,7060643680,7060047060,0,test
hysets_07211500,7060643680,7060047060,0,test
GRDC_4125910,7060645560,7060047060,2,train
GRDC_4125911,7060645560,7060047060,2,train
GRDC_4125915,7060645560,7060047060,2,train
GRDC_4125917,7060645560,7060047060,2,train
GRDC_4125918,7060645560,7060047060,2,train
GRDC_4125940,7060645560,7060047060,2,train
GRDC_4125941,7060645560,7060047060,2,train
GRDC_4125942,7060645560,7060047060,2,train
GRDC_4125943,7060645560,7060047060,2,train
GRDC_4125944,7060645560,7060047060,2,train
GRDC_4125950,7060645560,7060047060,2,train
camels_07066000,7060645560,7060047060,2,train
camels_07067000,7060645560,7060047060,2,train
camels_07068000,7060645560,7060047060,2,train
camels_07071500,7060645560,7060047060,2,train
hysets_07061900,7060645560,7060047060,2,train
hysets_07064533,7060645560,7060047060,2,train
hysets_07065200,7060645560,7060047060,2,train
hysets_07065495,7060645560,7060047060,2,train
hysets_07066000,7060645560,7060047060,2,train
hysets_07067000,7060645560,7060047060,2,train
hysets_07068000,7060645560,7060047060,2,train
hysets_07069305,7060645560,7060047060,2,train
hysets_07069500,7060645560,7060047060,2,train
hysets_07071500,7060645560,7060047060,2,train
hysets_07072000,7060645560,7060047060,2,train
hysets_07072500,7060645560,7060047060,2,train
hysets_07074420,7060645560,7060047060,2,train
camels_07060710,7060645680,7060047060,3,train
GRDC_4127150,7060647780,7060047060,4,train
hysets_07029270,7060647780,7060047060,4,train
hysets_07029500,7060647780,7060047060,4,train
hysets_07030050,7060647780,7060047060,4,train
hysets_07227100,7060647890,7060047060,2,train
hysets_07227420,7060647900,7060047060,1,val
GRDC_4125550,7060649900,7060047060,0,test
GRDC_4125010,7060649910,7060047060,0,test
camels_07195800,7060649910,7060047060,0,test
camels_07196900,7060649910,7060047060,0,test
camels_07197000,7060649910,7060047060,0,test
hysets_07194800,7060649910,7060047060,0,test
hysets_07195400,7060649910,7060047060,0,test
hysets_07195430,7060649910,7060047060,0,test
hysets_07197360,7060649910,7060047060,0,test
hysets_03543500,7060650370,7060047060,4,train
hysets_03550000,7060650450,7060047060,1,val
hysets_03558000,7060650450,7060047060,1,val
GRDC_4125200,7060650970,7060047060,3,train
GRDC_4125205,7060650970,7060047060,3,train
GRDC_4125210,7060650970,7060047060,3,train
hysets_07249400,7060650970,7060047060,3,train
camels_07226500,7060651590,7060047060,0,test
hysets_07226500,7060651590,7060047060,0,test
GRDC_4125555,7060653440,7060047060,2,train
GRDC_4125560,7060653440,7060047060,2,train
GRDC_4125565,7060653440,7060047060,2,train
hysets_07233500,7060653440,7060047060,2,train
hysets_09400568,7060653540,7060008710,3,train
GRDC_4125551,7060653580,7060047060,2,train
GRDC_4152467,7060653630,7060008710,4,train
hysets_09397000,7060653630,7060008710,4,train
hysets_09397300,7060653630,7060008710,4,train
hysets_09399400,7060653630,7060008710,4,train
hysets_09400350,7060653630,7060008710,4,train
GRDC_4125901,7060655510,7060047060,4,train
hysets_07074850,7060655510,7060047060,4,train
hysets_07075000,7060655590,7060047060,3,train
hysets_07076517,7060655590,7060047060,3,train
hysets_07249920,7060655770,7060047060,0,test
hysets_07257006,7060655770,7060047060,0,test
hysets_07257500,7060655770,7060047060,0,test
hysets_07258500,7060655900,7060047060,1,val
camels_02143000,7060656220,7060043160,1,val
camels_02143040,7060656220,7060043160,1,val
hysets_02143500,7060656220,7060043160,1,val
hysets_02145000,7060656220,7060043160,1,val
camels_02137727,7060656320,7060043160,0,test
camels_02140991,7060656320,7060043160,0,test
hysets_02137727,7060656320,7060043160,0,test
hysets_02140991,7060656320,7060043160,0,test
GRDC_4148321,7060656440,7060043090,4,train
camels_02111180,7060656440,7060043090,4,train
camels_02111500,7060656440,7060043090,4,train
camels_02118500,7060656440,7060043090,4,train
hysets_02111180,7060656440,7060043090,4,train
hysets_02111500,7060656440,7060043090,4,train
hysets_02113850,7060656440,7060043090,4,train
hysets_02118000,7060656440,7060043090,4,train
hysets_02120780,7060656440,7060043090,4,train
GRDC_4148325,7060656490,7060043090,2,train
hysets_0212433550,7060656490,7060043090,2,train
camels_07261000,7060660530,7060047060,4,train
hysets_07260673,7060660530,7060047060,4,train
hysets_07261000,7060660530,7060047060,4,train
hysets_07261500,7060660610,7060047060,0,test
hysets_02146381,7060661200,7060043160,1,val
hysets_02146507,7060661200,7060043160,1,val
hysets_02146530,7060661200,7060043160,1,val
hysets_02146750,7060661200,7060043160,1,val
hysets_0214676115,7060661200,7060043160,1,val
hysets_02146800,7060661200,7060043160,1,val
GRDC_4148546,7060661260,7060043160,4,train
GRDC_4152470,7060662290,7060008710,1,val
hysets_09396100,7060662290,7060008710,1,val
GRDC_4152466,7060662440,7060008710,3,train
hysets_09502800,7060662960,7060008710,0,test
hysets_09503700,7060662960,7060008710,0,test
hysets_07077380,7060666670,7060047060,2,train
GRDC_4125900,7060666880,7060047060,1,val
hysets_09504000,7060667020,7060008710,0,test
hysets_09504500,7060667030,7060008710,4,train
camels_09386900,7060668050,7060008710,4,train
hysets_09386900,7060668050,7060008710,4,train
hysets_09385700,7060668200,7060008710,3,train
hysets_07030240,7060668250,7060047060,3,train
hysets_07030392,7060668250,7060047060,3,train
hysets_07030500,7060668250,7060047060,3,train
hysets_07031650,7060668250,7060047060,3,train
hysets_07031740,7060668250,7060047060,3,train
hysets_07035800,7060668390,7060047060,0,test
hysets_07036100,7060668390,7060047060,0,test
hysets_07037300,7060668390,7060047060,0,test
hysets_07037500,7060668390,7060047060,0,test
hysets_07047942,7060668390,7060047060,0,test
hysets_07047950,7060668390,7060047060,0,test
GRDC_4148545,7060669130,7060043160,2,train
GRDC_4151600,7060674060,7060049270,3,train
hysets_08334000,7060674060,7060049270,3,train
hysets_08340500,7060674060,7060049270,3,train
GRDC_4151802,7060674070,7060049270,2,train
camels_08324000,7060674070,7060049270,2,train
hysets_08291000,7060674070,7060049270,2,train
hysets_08324000,7060674070,7060049270,2,train
hysets_08330600,7060674070,7060049270,2,train
GRDC_4126810,7060674630,7060047060,1,val
GRDC_4126815,7060674630,7060047060,1,val
camels_07301410,7060674630,7060047060,1,val
camels_07301500,7060674630,7060047060,1,val
hysets_07301410,7060674630,7060047060,1,val
camels_07299670,7060674750,7060047060,2,train
hysets_07298500,7060674750,7060047060,2,train
hysets_07299670,7060674750,7060047060,2,train
GRDC_4152103,7060675400,7060008710,1,val
GRDC_4152120,7060675410,7060008710,1,val
hysets_09424447,7060675410,7060008710,1,val
hysets_09424900,7060675410,7060008710,1,val
GRDC_4149430,7060676360,7060046590,1,val
camels_02381600,7060676360,7060046590,1,val
camels_02384540,7060676360,7060046590,1,val
hysets_02379500,7060676360,7060046590,1,val
hysets_02380500,7060676360,7060046590,1,val
hysets_02381090,7060676360,7060046590,1,val
hysets_02384500,7060676360,7060046590,1,val
hysets_02385170,7060676360,7060046590,1,val
hysets_02385800,7060676360,7060046590,1,val
hysets_02387000,7060676360,7060046590,1,val
hysets_02387600,7060676360,7060046590,1,val
hysets_02388350,7060676360,7060046590,1,val
camels_02395120,7060676410,7060046590,0,test
hysets_02389150,7060676410,7060046590,0,test
hysets_02390000,7060676410,7060046590,0,test
hysets_02390140,7060676410,7060046590,0,test
hysets_02391540,7060676410,7060046590,0,test
hysets_02391860,7060676410,7060046590,0,test
hysets_02392780,7060676410,7060046590,0,test
GRDC_4126851,7060677450,7060047060,3,train
hysets_07308200,7060677450,7060047060,3,train
GRDC_4126803,7060678990,7060047060,0,test
GRDC_4126351,7060679160,7060047060,0,test
GRDC_4126352,7060679160,7060047060,0,test
hysets_07311700,7060679160,7060047060,0,test
hysets_07311800,7060679160,7060047060,0,test
hysets_07311900,7060679160,7060047060,0,test
GRDC_4125804,7060679700,7060047060,0,test
camels_07263295,7060679700,7060047060,0,test
hysets_07263300,7060679700,7060047060,0,test
camels_07315200,7060683600,7060047060,2,train
hysets_07315200,7060683600,7060047060,2,train
GRDC_4126805,7060683890,7060047060,4,train
camels_07315700,7060683890,7060047060,4,train
hysets_07315700,7060683890,7060047060,4,train
GRDC_4148300,7060684690,7060043090,4,train
camels_02128000,7060684690,7060043090,4,train
hysets_02128000,7060684690,7060043090,4,train
hysets_02130561,7060684690,7060043090,4,train
hysets_02130900,7060684690,7060043090,4,train
hysets_02130980,7060684690,7060043090,4,train
hysets_02131500,7060684850,7060043090,4,train
GRDC_4148410,7060686940,7060043160,4,train
GRDC_4148530,7060686940,7060043160,4,train
GRDC_4148535,7060686940,7060043160,4,train
camels_02149000,7060686940,7060043160,4,train
camels_02152100,7060686940,7060043160,4,train
hysets_02149000,7060686940,7060043160,4,train
hysets_02150495,7060686940,7060043160,4,train
hysets_02151500,7060686940,7060043160,4,train
hysets_02152100,7060686940,7060043160,4,train
hysets_02152474,7060686940,7060043160,4,train
hysets_02156300,7060686940,7060043160,4,train
hysets_02156500,7060686940,7060043160,4,train
hysets_02160105,7060686940,7060043160,4,train
hysets_02160390,7060686940,7060043160,4,train
hysets_02160700,7060686940,7060043160,4,train
hysets_02161000,7060686940,7060043160,4,train
hysets_02162500,7060686940,7060043160,4,train
hysets_02163500,7060686940,7060043160,4,train
hysets_02164110,7060686940,7060043160,4,train
hysets_02167450,7060686940,7060043160,4,train
hysets_02167582,7060686940,7060043160,4,train
hysets_02169570,7060686940,7060043160,4,train
GRDC_4148541,7060686950,7060043160,1,val
hysets_02147500,7060686950,7060043160,1,val
GRDC_4148310,7060687690,7060043090,4,train
hysets_02133624,7060687690,7060043090,4,train
hysets_02134170,7060687690,7060043090,4,train
hysets_02134500,7060687690,7060043090,4,train
hysets_02135000,7060687690,7060043090,4,train
GRDC_4126100,7060689550,7060047060,3,train
camels_07340300,7060689550,7060047060,3,train
hysets_07337900,7060689550,7060047060,3,train
hysets_07338750,7060689550,7060047060,3,train
hysets_07340300,7060689550,7060047060,3,train
GRDC_4126300,7060689810,7060047060,4,train
GRDC_4126301,7060689810,7060047060,4,train
GRDC_4126801,7060689810,7060047060,4,train
GRDC_4126802,7060689810,7060047060,4,train
GRDC_4126804,7060689810,7060047060,4,train
camels_07335700,7060689810,7060047060,4,train
hysets_07332390,7060689810,7060047060,4,train
hysets_02135200,7060689850,7060043090,3,train
hysets_02110500,7060689970,7060043090,0,test
hysets_02110704,7060689970,7060043090,0,test
GRDC_4151420,7060690100,7060049270,0,test
GRDC_4151421,7060690100,7060049270,0,test
GRDC_4151512,7060690100,7060049270,0,test
GRDC_4151513,7060690100,7060049270,0,test
GRDC_4151514,7060690100,7060049270,0,test
camels_08377900,7060690100,7060049270,0,test
camels_08378500,7060690100,7060049270,0,test
camels_08380500,7060690100,7060049270,0,test
hysets_08378500,7060690100,7060049270,0,test
hysets_08379500,7060690100,7060049270,0,test
camels_02450250,7060690750,7060046590,3,train
hysets_02450180,7060690750,7060046590,3,train
hysets_02450825,7060690750,7060046590,3,train
hysets_02453000,7060690750,7060046590,3,train
hysets_02453500,7060690750,7060046590,3,train
hysets_02454055,7060690750,7060046590,3,train
GRDC_4149415,7060690760,7060046590,2,train
hysets_02455000,7060690760,7060046590,2,train
hysets_02456000,7060690760,7060046590,2,train
hysets_02456500,7060690760,7060046590,2,train
hysets_02457595,7060690760,7060046590,2,train
GRDC_4152400,7060690850,7060008710,0,test
camels_09505200,7060690850,7060008710,0,test
camels_09505350,7060690850,7060008710,0,test
camels_09505800,7060690850,7060008710,0,test
camels_09508300,7060690850,7060008710,0,test
camels_09510200,7060690850,7060008710,0,test
hysets_09505350,7060690850,7060008710,0,test
hysets_09505800,7060690850,7060008710,0,test
hysets_09506000,7060690850,7060008710,0,test
hysets_09507980,7060690850,7060008710,0,test
hysets_09508500,7060690850,7060008710,0,test
hysets_09510200,7060690850,7060008710,0,test
GRDC_4152300,7060690970,7060008710,2,train
GRDC_4152301,7060690970,7060008710,2,train
camels_09492400,7060690970,7060008710,2,train
camels_09494000,7060690970,7060008710,2,train
camels_09497800,7060690970,7060008710,2,train
camels_09497980,7060690970,7060008710,2,train
hysets_09489500,7060690970,7060008710,2,train
hysets_09490500,7060690970,7060008710,2,train
hysets_09494000,7060690970,7060008710,2,train
hysets_09496500,7060690970,7060008710,2,train
hysets_09497500,7060690970,7060008710,2,train
hysets_09497800,7060690970,7060008710,2,train
hysets_09497980,7060690970,7060008710,2,train
hysets_09498400,7060690970,7060008710,2,train
hysets_09499000,7060690970,7060008710,2,train
hysets_02207220,7060693970,7060043640,4,train
hysets_02207335,7060693970,7060043640,4,train
hysets_02207448,7060693970,7060043640,4,train
hysets_02208000,7060693970,7060043640,4,train
camels_09513780,7060693990,7060008710,2,train
hysets_09512450,7060693990,7060008710,2,train
hysets_09512500,7060693990,7060008710,2,train
hysets_09512800,7060693990,7060008710,2,train
hysets_09513780,7060693990,7060008710,2,train
hysets_09513860,7060693990,7060008710,2,train
hysets_02203900,7060694040,7060043640,4,train
hysets_02204520,7060694040,7060043640,4,train
camels_09512280,7060694150,7060008710,2,train
GRDC_4151400,7060694700,7060049270,3,train
hysets_08390500,7060694700,7060049270,3,train
hysets_09516500,7060695490,7060008710,2,train
hysets_09517000,7060695490,7060008710,2,train
GRDC_4150507,7060696340,7060048300,1,val
hysets_08080700,7060696340,7060048300,1,val
GRDC_4150509,7060696350,7060048300,0,test
camels_08079600,7060696350,7060048300,0,test
camels_09480000,7060696970,7060008710,0,test
camels_09484000,7060696970,7060008710,0,test
camels_09484600,7060696970,7060008710,0,test
hysets_09481740,7060696970,7060008710,0,test
hysets_09482000,7060696970,7060008710,0,test
hysets_09484500,7060696970,7060008710,0,test
hysets_09484600,7060696970,7060008710,0,test
hysets_09485450,7060696970,7060008710,0,test
hysets_09485700,7060696970,7060008710,0,test
hysets_09486055,7060696970,7060008710,0,test
hysets_09486350,7060696970,7060008710,0,test
hysets_09486500,7060696970,7060008710,0,test
hysets_09486520,7060696970,7060008710,0,test
hysets_09486800,7060696970,7060008710,0,test
hysets_09487000,7060696970,7060008710,0,test
camels_02464000,7060697240,7060046590,4,train
hysets_02464000,7060697240,7060046590,4,train
hysets_02461500,7060697250,7060046590,1,val
GRDC_4126750,7060698800,7060047060,3,train
camels_07362587,7060698800,7060047060,3,train
hysets_07363000,7060698800,7060047060,3,train
hysets_07363200,7060698800,7060047060,3,train
hysets_07363400,7060698800,7060047060,3,train
hysets_07363500,7060698800,7060047060,3,train
GRDC_4126701,7060698850,7060047060,4,train
camels_07359610,7060698850,7060047060,4,train
camels_07362100,7060698850,7060047060,4,train
hysets_07356000,7060698850,7060047060,4,train
hysets_07359002,7060698850,7060047060,4,train
hysets_07359610,7060698850,7060047060,4,train
hysets_07361500,7060698850,7060047060,4,train
hysets_07362100,7060698850,7060047060,4,train
hysets_07343000,7060699700,7060047060,0,test
GRDC_4150503,7060701650,7060048300,3,train
camels_08082700,7060701650,7060048300,3,train
hysets_08082700,7060701650,7060048300,3,train
GRDC_4150505,7060701750,7060048300,3,train
camels_08086212,7060701750,7060048300,3,train
camels_08086290,7060701750,7060048300,3,train
hysets_08083230,7060701750,7060048300,3,train
hysets_08084800,7060701750,7060048300,3,train
hysets_08086050,7060701750,7060048300,3,train
hysets_08086212,7060701750,7060048300,3,train
camels_09447800,7060702370,7060008710,1,val
hysets_09447000,7060702370,7060008710,1,val
hysets_09447800,7060702370,7060008710,1,val
hysets_09466500,7060702370,7060008710,1,val
hysets_09468500,7060702370,7060008710,1,val
GRDC_4152500,7060702450,7060008710,2,train
hysets_09470500,7060702450,7060008710,2,train
hysets_09471000,7060702450,7060008710,2,train
hysets_09471400,7060702450,7060008710,2,train
hysets_09471550,7060702450,7060008710,2,train
hysets_09472050,7060702450,7060008710,2,train
hysets_09473000,7060702450,7060008710,2,train
GRDC_4152900,7060702460,7060008710,3,train
hysets_09444000,7060702460,7060008710,3,train
hysets_09444200,7060702460,7060008710,3,train
hysets_09444500,7060702460,7060008710,3,train
GRDC_4152200,7060702590,7060008710,3,train
GRDC_4152201,7060702590,7060008710,3,train
camels_09430500,7060702590,7060008710,3,train
camels_09430600,7060702590,7060008710,3,train
hysets_09430500,7060702590,7060008710,3,train
hysets_09430600,7060702590,7060008710,3,train
hysets_09431500,7060702590,7060008710,3,train
hysets_09432000,7060702590,7060008710,3,train
hysets_09442000,7060702590,7060008710,3,train
hysets_09520280,7060706120,7060008710,4,train
GRDC_4150605,7060706180,7060047970,3,train
camels_08050800,7060706180,7060047970,3,train
hysets_08048800,7060706280,7060047970,2,train
hysets_08048970,7060706280,7060047970,2,train
GRDC_4152202,7060707810,7060008710,3,train
camels_02465493,7060712030,7060046590,1,val
hysets_02465000,7060712030,7060046590,1,val
camels_02430085,7060712110,7060046590,1,val
hysets_02430680,7060712110,7060046590,1,val
hysets_02436500,7060712110,7060046590,1,val
hysets_02438000,7060712110,7060046590,1,val
hysets_02439400,7060712110,7060046590,1,val
hysets_02443500,7060712110,7060046590,1,val
hysets_02444160,7060712110,7060046590,1,val
hysets_02446500,7060712110,7060046590,1,val
hysets_02447025,7060712110,7060046590,1,val
hysets_02448000,7060712110,7060046590,1,val
hysets_02448900,7060712110,7060046590,1,val
GRDC_4126806,7060712260,7060047060,2,train
GRDC_4126150,7060712340,7060047060,0,test
camels_07346045,7060712340,7060047060,0,test
hysets_07346045,7060712340,7060047060,0,test
hysets_07346050,7060712340,7060047060,0,test
hysets_07346070,7060712340,7060047060,0,test
GRDC_4149441,7060712410,7060046590,4,train
camels_02408540,7060712410,7060046590,4,train
hysets_02397500,7060712410,7060046590,4,train
hysets_02398300,7060712410,7060046590,4,train
hysets_02399200,7060712410,7060046590,4,train
hysets_02400100,7060712410,7060046590,4,train
hysets_02401000,7060712410,7060046590,4,train
hysets_02404400,7060712410,7060046590,4,train
hysets_02405500,7060712410,7060046590,4,train
hysets_02406500,7060712410,7060046590,4,train
hysets_02407000,7060712410,7060046590,4,train
hysets_02408540,7060712410,7060046590,4,train
GRDC_4149405,7060712470,7060046590,2,train
camels_02415000,7060712470,7060046590,2,train
hysets_02411930,7060712470,7060046590,2,train
hysets_02412000,7060712470,7060046590,2,train
hysets_02413000,7060712470,7060046590,2,train
hysets_02413300,7060712470,7060046590,2,train
hysets_02414500,7060712470,7060046590,2,train
hysets_02414715,7060712470,7060046590,2,train
hysets_02418230,7060712470,7060046590,2,train
hysets_02418760,7060712470,7060046590,2,train
hysets_02419000,7060712470,7060046590,2,train
hysets_08061540,7060712530,7060047970,1,val
GRDC_4149410,7060713800,7060046590,0,test
hysets_02467000,7060713800,7060046590,0,test
hysets_02467500,7060713890,7060046590,0,test
GRDC_4149670,7060714720,7060045890,3,train
hysets_02331000,7060714720,7060045890,3,train
hysets_023312495,7060714720,7060045890,3,train
hysets_02331600,7060714720,7060045890,3,train
hysets_02335815,7060714720,7060045890,3,train
hysets_02336968,7060714720,7060045890,3,train
hysets_02337000,7060714720,7060045890,3,train
hysets_02337040,7060714720,7060045890,3,train
hysets_02337410,7060714720,7060045890,3,train
hysets_02338660,7060714720,7060045890,3,train
hysets_02338840,7060714720,7060045890,3,train
hysets_02339495,7060714720,7060045890,3,train
hysets_02341800,7060714730,7060045890,4,train
GRDC_4127310,7060715640,7060047060,1,val
GRDC_4127600,7060715640,7060047060,1,val
GRDC_4127610,7060715640,7060047060,1,val
hysets_07268000,7060715640,7060047060,1,val
hysets_07274000,7060715640,7060047060,1,val
hysets_07275900,7060715640,7060047060,1,val
hysets_07283000,7060715640,7060047060,1,val
hysets_07288955,7060715640,7060047060,1,val
hysets_02423380,7060715790,7060046590,1,val
hysets_02423414,7060715790,7060046590,1,val
hysets_02423496,7060715790,7060046590,1,val
hysets_02423500,7060715790,7060046590,1,val
hysets_02423630,7060715790,7060046590,1,val
hysets_02424000,7060715790,7060046590,1,val
hysets_02425000,7060715790,7060046590,1,val
camels_02422500,7060715800,7060046590,2,train
hysets_02420000,7060715800,7060046590,2,train
hysets_02421000,7060715800,7060046590,2,train
hysets_02422500,7060715800,7060046590,2,train
hysets_07348700,7060718510,7060047060,3,train
hysets_08120500,7060718740,7060048410,2,train
hysets_08123800,7060718850,7060048410,1,val
GRDC_4127800,7060721140,7060047060,0,test
GRDC_4127700,7060721150,7060047060,1,val
GRDC_4127701,7060721150,7060047060,1,val
hysets_07289730,7060721150,7060047060,1,val
hysets_07290000,7060721150,7060047060,1,val
camels_02221525,7060723190,7060043640,3,train
hysets_02217475,7060723190,7060043640,3,train
hysets_02217500,7060723190,7060043640,3,train
hysets_02217615,7060723190,7060043640,3,train
hysets_02217770,7060723190,7060043640,3,train
hysets_02218300,7060723190,7060043640,3,train
hysets_02219000,7060723190,7060043640,3,train
hysets_02220900,7060723190,7060043640,3,train
hysets_02221525,7060723190,7060043640,3,train
hysets_02223248,7060723190,7060043640,3,train
hysets_02223360,7060723190,7060043640,3,train
hysets_02223500,7060723190,7060043640,3,train
hysets_02224500,7060723190,7060043640,3,train
hysets_02342500,7060723410,7060045890,4,train
hysets_02342850,7060723410,7060045890,4,train
camels_02216180,7060723900,7060043640,3,train
hysets_02215900,7060723900,7060043640,3,train
camels_02212600,7060724010,7060043640,0,test
camels_02215100,7060724010,7060043640,0,test
hysets_02208450,7060724010,7060043640,0,test
hysets_02209000,7060724010,7060043640,0,test
hysets_02212600,7060724010,7060043640,0,test
hysets_02212735,7060724010,7060043640,0,test
hysets_02213000,7060724010,7060043640,0,test
hysets_02215000,7060724010,7060043640,0,test
hysets_02215100,7060724010,7060043640,0,test
hysets_02215500,7060724010,7060043640,0,test
camels_07290650,7060724090,7060047060,2,train
hysets_07290650,7060724090,7060047060,2,train
hysets_02225500,7060724490,7060043640,4,train
hysets_02225000,7060724640,7060043640,3,train
hysets_08064700,7060724910,7060047970,2,train
hysets_07364133,7060724920,7060047060,0,test
hysets_07364150,7060724920,7060047060,0,test
hysets_07364300,7060724920,7060047060,0,test
hysets_07367005,7060724920,7060047060,0,test
hysets_07351750,7060727830,7060047060,1,val
hysets_07352000,7060727840,7060047060,0,test
GRDC_4150471,7060730500,7060048410,0,test
GRDC_4150475,7060730500,7060048410,0,test
hysets_08130700,7060730500,7060048410,0,test
hysets_08131400,7060730500,7060048410,0,test
hysets_08133250,7060730500,7060048410,0,test
hysets_08134000,7060730500,7060048410,0,test
hysets_08134250,7060730500,7060048410,0,test
GRDC_4151300,7060733840,7060049270,1,val
GRDC_4151410,7060733840,7060049270,1,val
GRDC_4151511,7060733840,7060049270,1,val
hysets_08394500,7060733840,7060049270,1,val
hysets_08397600,7060733840,7060049270,1,val
hysets_08397620,7060733840,7060049270,1,val
hysets_08398500,7060733840,7060049270,1,val
hysets_08401200,7060733840,7060049270,1,val
hysets_08401900,7060733840,7060049270,1,val
hysets_08405105,7060733840,7060049270,1,val
hysets_08405150,7060733840,7060049270,1,val
hysets_08405500,7060733840,7060049270,1,val
hysets_08406000,7060733840,7060049270,1,val
hysets_08408500,7060733840,7060049270,1,val
hysets_08433000,7060733990,7060049270,4,train
camels_07373000,7060735130,7060047060,2,train
hysets_07372050,7060735130,7060047060,2,train
hysets_07372200,7060735130,7060047060,2,train
GRDC_4127910,7060736120,7060047060,4,train
camels_07291000,7060736120,7060047060,4,train
camels_07292500,7060736120,7060047060,4,train
hysets_07291000,7060736120,7060047060,4,train
hysets_07292500,7060736120,7060047060,4,train
GRDC_4150465,7060737080,7060048410,3,train
GRDC_4149413,7060739170,7060046590,4,train
camels_02469800,7060739170,7060046590,4,train
hysets_02469761,7060739170,7060046590,4,train
hysets_02469800,7060739170,7060046590,4,train
GRDC_4149401,7060739180,7060046590,3,train
camels_02427250,7060739180,7060046590,3,train
hysets_02427250,7060739180,7060046590,3,train
hysets_02428400,7060739180,7060046590,3,train
GRDC_4127920,7060741770,7060047060,1,val
camels_07295000,7060741770,7060047060,1,val
hysets_07295000,7060741770,7060047060,1,val
camels_08023080,7060743800,7060047850,1,val
camels_08025500,7060743800,7060047850,1,val
hysets_08023080,7060743800,7060047850,1,val
hysets_08025500,7060743800,7060047850,1,val
hysets_08028000,7060743810,7060047850,2,train
GRDC_4150250,7060744090,7060048300,3,train
GRDC_4150501,7060744090,7060048300,3,train
GRDC_4150502,7060744090,7060048300,3,train
GRDC_4150510,7060744090,7060048300,3,train
hysets_08095300,7060744090,7060048300,3,train
GRDC_4150515,7060744170,7060048300,2,train
camels_08101000,7060744170,7060048300,2,train
camels_08103900,7060744170,7060048300,2,train
camels_08104900,7060744170,7060048300,2,train
hysets_08101000,7060744170,7060048300,2,train
hysets_0810464660,7060744170,7060048300,2,train
hysets_08104900,7060744170,7060048300,2,train
hysets_08105095,7060744170,7060048300,2,train
hysets_08106350,7060744170,7060048300,2,train
hysets_02343225,7060746030,7060045890,1,val
hysets_02343801,7060746030,7060045890,1,val
GRDC_4149680,7060746040,7060045890,4,train
GRDC_4149682,7060746040,7060045890,4,train
camels_02349900,7060746040,7060045890,4,train
camels_02350900,7060746040,7060045890,4,train
hysets_02344396,7060746040,7060045890,4,train
hysets_02344500,7060746040,7060045890,4,train
hysets_02344700,7060746040,7060045890,4,train
hysets_02346180,7060746040,7060045890,4,train
hysets_02347500,7060746040,7060045890,4,train
hysets_02349605,7060746040,7060045890,4,train
hysets_02350512,7060746040,7060045890,4,train
hysets_02350600,7060746040,7060045890,4,train
hysets_02350900,7060746040,7060045890,4,train
hysets_02351500,7060746040,7060045890,4,train
hysets_02352500,7060746040,7060045890,4,train
hysets_02353000,7060746040,7060045890,4,train
hysets_02353265,7060746040,7060045890,4,train
hysets_02353500,7060746040,7060045890,4,train
hysets_02354500,7060746040,7060045890,4,train
hysets_02354800,7060746040,7060045890,4,train
hysets_02355350,7060746040,7060045890,4,train
hysets_02355662,7060746040,7060045890,4,train
hysets_02357150,7060746040,7060045890,4,train
GRDC_4150460,7060747570,7060048410,0,test
GRDC_4150461,7060747570,7060048410,0,test
GRDC_4150462,7060747570,7060048410,0,test
camels_08150800,7060747570,7060048410,0,test
hysets_08148500,7060747570,7060048410,0,test
hysets_08150000,7060747570,7060048410,0,test
hysets_08150700,7060747570,7060048410,0,test
hysets_08150800,7060747570,7060048410,0,test
camels_08109700,7060752460,7060048300,0,test
hysets_08109700,7060752460,7060048300,0,test
hysets_08110100,7060752460,7060048300,0,test
hysets_08110430,7060752470,7060048300,1,val
GRDC_4149630,7060757700,7060045890,4,train
GRDC_4149631,7060757700,7060045890,4,train
hysets_02358000,7060757700,7060045890,4,train
GRDC_4149610,7060757750,7060045890,3,train
hysets_02358789,7060757750,7060045890,3,train
hysets_02359000,7060757750,7060045890,3,train
GRDC_4150680,7060759730,7060047850,4,train
GRDC_4150681,7060759730,7060047850,4,train
GRDC_4150682,7060759730,7060047850,4,train
hysets_08033900,7060759730,7060047850,4,train
hysets_08040600,7060759730,7060047850,4,train
hysets_08041500,7060759730,7060047850,4,train
hysets_08041749,7060759730,7060047850,4,train
hysets_08041780,7060759730,7060047850,4,train
GRDC_4150700,7060759790,7060047850,0,test
camels_08029500,7060759790,7060047850,0,test
GRDC_4151515,7060761710,7060049270,2,train
hysets_08447020,7060761710,7060049270,2,train
hysets_08447300,7060761710,7060049270,2,train
hysets_09537500,7060763700,7060007830,0,test
camels_08190500,7060766650,7060048860,4,train
hysets_08190500,7060766650,7060048860,4,train
camels_08190000,7060766660,7060048860,4,train
GRDC_4150585,7060775830,7060048860,4,train
camels_08195000,7060775830,7060048860,4,train
camels_08196000,7060775830,7060048860,4,train
camels_08198500,7060775830,7060048860,4,train
camels_08200000,7060775830,7060048860,4,train
camels_08202700,7060775830,7060048860,4,train
hysets_08195000,7060775830,7060048860,4,train
hysets_08196000,7060775830,7060048860,4,train
hysets_08198000,7060775830,7060048860,4,train
hysets_08198500,7060775830,7060048860,4,train
hysets_08200000,7060775830,7060048860,4,train
hysets_08202700,7060775830,7060048860,4,train
hysets_08205500,7060775830,7060048860,4,train
hysets_08206600,7060775830,7060048860,4,train
hysets_08207500,7060775830,7060048860,4,train
GRDC_4150282,7060775890,7060048860,3,train
camels_08194200,7060778820,7060048860,3,train
hysets_08194200,7060778820,7060048860,3,train
GRDC_4105060,8060000060,8060000060,4,train
GRDC_4205100,8060000060,8060000060,4,train
GRDC_4205110,8060000060,8060000060,4,train
GRDC_4205120,8060000060,8060000060,4,train
GRDC_4205130,8060000060,8060000060,4,train
GRDC_4205140,8060000060,8060000060,4,train
GRDC_4205210,8060000060,8060000060,4,train
GRDC_4105710,8060000810,8060000810,2,train
GRDC_4105850,8060001790,8060001790,2,train
GRDC_4105852,8060001790,8060001790,2,train
GRDC_4105310,8060002160,8060002160,1,val
GRDC_4101200,8060007190,8060007190,0,test
GRDC_4101700,8060008020,8060008020,4,train
GRDC_4101400,8060008470,8060008470,3,train
GRDC_4101451,8060008510,8060008510,2,train
GRDC_4101300,8060008640,8060008640,1,val
GRDC_4101501,8060090390,8060008380,0,test
GRDC_4203060,8060119620,8060005510,4,train
GRDC_4208025,8060122010,8060009560,3,train
GRDC_4103710,8060130480,8060005510,2,train
GRDC_4101900,8060132980,8060007020,1,val
GRDC_4103800,8060153970,8060005510,0,test
GRDC_4208043,8060159800,8060009560,4,train
GRDC_4208168,8060162560,8060009560,3,train
GRDC_4208110,8060164290,8060009560,1,val
GRDC_4208150,8060164290,8060009560,1,val
GRDC_4103550,8060176060,8060005510,2,train
GRDC_4208160,8060183070,8060009560,1,val
GRDC_4103630,8060185330,8060005510,1,val
GRDC_4103633,8060185330,8060005510,1,val
GRDC_4103635,8060185330,8060005510,1,val
GRDC_4103602,8060185450,8060005510,0,test
GRDC_4103600,8060190880,8060005510,4,train
GRDC_4103650,8060191680,8060005510,3,train
GRDC_4103820,8060194110,8060005510,2,train
GRDC_4208210,8060197650,8060009560,1,val
GRDC_4103615,8060200690,8060005510,0,test
GRDC_4203220,8060202510,8060005510,4,train
GRDC_4203210,8060202520,8060005510,0,test
GRDC_4203215,8060202520,8060005510,0,test
GRDC_4203165,8060214100,8060005510,3,train
GRDC_4203520,8060216310,8060005510,2,train
GRDC_4203152,8060219130,8060005510,1,val
GRDC_4203250,8060221510,8060005510,0,test
GRDC_4208357,8060226210,8060009560,4,train
GRDC_4208350,8060229140,8060009560,3,train
GRDC_4203500,8060231190,8060005510,2,train
GRDC_4203340,8060231240,8060005510,1,val
GRDC_4203300,8060234860,8060005510,0,test
GRDC_4203501,8060236470,8060005510,4,train
GRDC_4105820,8060241920,8060002260,3,train
GRDC_4105450,8060242630,8060002260,2,train
GRDC_4208005,8060243400,8060009560,4,train
GRDC_4208345,8060243400,8060009560,4,train
GRDC_4208370,8060245770,8060009560,3,train
GRDC_4208371,8060245770,8060009560,3,train
GRDC_4208379,8060245940,8060009560,1,val
GRDC_4208395,8060246110,8060009560,2,train
GRDC_4208410,8060246110,8060009560,2,train
GRDC_4103200,8060248210,8060005510,0,test
GRDC_4203510,8060249210,8060005510,1,val
GRDC_4203535,8060249210,8060005510,1,val
GRDC_4203335,8060252130,8060005510,4,train
GRDC_4208230,8060252760,8060009560,0,test
GRDC_4208271,8060252760,8060009560,0,test
GRDC_4102100,8060258770,8060004910,3,train
GRDC_4203790,8060259590,8060005510,2,train
GRDC_4105720,8060260470,8060000810,1,val
GRDC_4208335,8060264760,8060009560,0,test
GRDC_4208400,8060264770,8060009560,4,train
GRDC_4208477,8060269450,8060009560,3,train
GRDC_4208280,8060270520,8060009560,2,train
GRDC_4208440,8060272130,8060009560,1,val
GRDC_4208431,8060283050,8060009560,4,train
GRDC_4208433,8060283050,8060009560,4,train
GRDC_4208290,8060285990,8060009560,0,test
GRDC_4208295,8060287650,8060009560,3,train
GRDC_4208297,8060287650,8060009560,3,train
GRDC_4208275,8060292590,8060009560,4,train
GRDC_4208267,8060292670,8060009560,3,train
GRDC_4208190,8060293820,8060009560,2,train
GRDC_4102200,8060297740,8060004480,1,val
GRDC_4208441,8060298910,8060009560,0,test
GRDC_4208270,8060302210,8060009560,0,test
GRDC_4208288,8060302210,8060009560,0,test
GRDC_4208289,8060302210,8060009560,0,test
GRDC_4208325,8060302220,8060009560,4,train
GRDC_4208987,8060303080,8060009560,3,train
GRDC_4208971,8060303240,8060009560,2,train
GRDC_4208978,8060305050,8060009560,1,val
GRDC_4208450,8060307380,8060009560,0,test
GRDC_4208461,8060308720,8060009560,4,train
GRDC_4208307,8060309320,8060009560,0,test
GRDC_4208308,8060309320,8060009560,0,test
GRDC_4208360,8060309320,8060009560,0,test
GRDC_4208383,8060309320,8060009560,0,test
GRDC_4208983,8060311060,8060009560,3,train
GRDC_4208720,8060311100,8060009560,1,val
GRDC_4208730,8060311100,8060009560,1,val
GRDC_4208843,8060311100,8060009560,1,val
GRDC_4208871,8060311100,8060009560,1,val
GRDC_4208887,8060311100,8060009560,1,val
GRDC_4208888,8060311100,8060009560,1,val
GRDC_4208889,8060311100,8060009560,1,val
GRDC_4208890,8060311100,8060009560,1,val
GRDC_4208893,8060311100,8060009560,1,val
GRDC_4208916,8060311100,8060009560,1,val
GRDC_4208919,8060311100,8060009560,1,val
GRDC_4208835,8060311330,8060009560,2,train
GRDC_4208452,8060314150,8060009560,1,val
GRDC_4208821,8060315650,8060009560,0,test
GRDC_4208397,8060316070,8060009560,4,train
GRDC_4208399,8060316110,8060009560,3,train
GRDC_4208487,8060327650,8060009560,2,train
GRDC_4208491,8060327650,8060009560,2,train
GRDC_4208510,8060327690,8060009560,2,train
GRDC_4208857,8060327990,8060009560,2,train
GRDC_4208858,8060327990,8060009560,2,train
GRDC_4208861,8060327990,8060009560,2,train
GRDC_4208862,8060327990,8060009560,2,train
GRDC_4208870,8060327990,8060009560,2,train
GRDC_4208740,8060328000,8060009560,1,val
GRDC_4208880,8060328000,8060009560,1,val
GRDC_4208630,8060328330,8060009560,0,test
GRDC_4208650,8060328330,8060009560,0,test
GRDC_4208881,8060328810,8060009560,1,val
GRDC_4208864,8060328820,8060009560,4,train
GRDC_4208865,8060328820,8060009560,4,train
GRDC_4208867,8060328820,8060009560,4,train
GRDC_4208480,8060331740,8060009560,2,train
GRDC_4208561,8060331740,8060009560,2,train
GRDC_4208562,8060331740,8060009560,2,train
GRDC_4208536,8060331910,8060009560,0,test
GRDC_4208094,8060331970,8060009560,4,train
GRDC_4208456,8060331970,8060009560,4,train
GRDC_4208580,8060331970,8060009560,4,train
GRDC_4208585,8060331970,8060009560,4,train
GRDC_4208640,8060331980,8060009560,4,train
GRDC_4208458,8060332200,8060009560,3,train
GRDC_4208485,8060332210,8060009560,2,train
GRDC_4208540,8060332270,8060009560,2,train
GRDC_4208541,8060332270,8060009560,2,train
GRDC_4208544,8060332270,8060009560,2,train
GRDC_4208545,8060332270,8060009560,2,train
GRDC_4208547,8060332270,8060009560,2,train
GRDC_4208570,8060332270,8060009560,2,train
GRDC_4208530,8060332600,8060009560,4,train
GRDC_4208565,8060332600,8060009560,4,train
GRDC_4208457,8060332620,8060009560,1,val
GRDC_4208500,8060332850,8060009560,1,val
GRDC_4208505,8060332850,8060009560,1,val
GRDC_4208507,8060332850,8060009560,1,val
GRDC_4208515,8060333260,8060009560,3,train
GRDC_4208520,8060333260,8060009560,3,train
GRDC_4208527,8060333260,8060009560,3,train
GRDC_4208590,8060333260,8060009560,3,train
GRDC_4208645,8060335620,8060009560,3,train
GRDC_4208648,8060335620,8060009560,3,train
GRDC_4208770,8060338740,8060009560,0,test
GRDC_4208793,8060338740,8060009560,0,test
GRDC_4208798,8060338740,8060009560,0,test
GRDC_4208962,8060340710,8060009560,0,test
GRDC_4208755,8060342260,8060009560,4,train
GRDC_4208733,8060342750,8060009560,3,train
GRDC_4208940,8060342780,8060009560,3,train
GRDC_4208941,8060342780,8060009560,3,train
GRDC_4208734,8060343130,8060009560,4,train
GRDC_4208920,8060343130,8060009560,4,train
GRDC_4208921,8060343130,8060009560,4,train
