[INFO] 14:12:05.930 (logging_utils.py:setup_logging) -- Logging to /usr/local/google/home/kruparell/openhydronets_next/pretrained-models/google-floodhub-settings-55-epochs-nse-filtered-0.5-85-epochs/output.log initialized.
[WARNING] 14:12:05.937 (_py_warnings.py:_showwarnmsg) -- /usr/local/google/_blaze_kruparell/72787aa92579b56e308bdaa1f461a9e9_buildrabbit/execroot/google3/blaze-out/k8-fastbuild/bin/third_party/py/googlehydrology/run.runfiles/google3/third_party/py/dask/config.py:835: FutureWarning: Dask configuration key 'shuffle' has been deprecated; please use 'dataframe.shuffle.algorithm' instead
  warnings.warn(

[WARNING] 14:12:07.948 (flop_counter.py:<module>) -- triton not found; flop counting will not work for triton kernels
[INFO] 14:12:09.323 (registry.py:decorator) -- Registered template heuristic: ATenConfigHeuristics for template_name=aten::bmm_dtype, device_type=xpu, op_name=None
[INFO] 14:12:09.327 (registry.py:decorator) -- Registered template heuristic: ATenConfigHeuristics for template_name=aten::bmm_dtype, device_type=cuda, op_name=None
[INFO] 14:12:09.328 (registry.py:decorator) -- Registered template heuristic: ATenConfigHeuristics for template_name=aten::_mm_plus_mm, device_type=None, op_name=None
[INFO] 14:12:09.328 (registry.py:decorator) -- Registered template heuristic: ATenConfigHeuristics for template_name=aten::bmm, device_type=None, op_name=None
[INFO] 14:12:09.328 (registry.py:decorator) -- Registered template heuristic: ATenConfigHeuristics for template_name=aten::_int_mm, device_type=None, op_name=None
[INFO] 14:12:09.328 (registry.py:decorator) -- Registered template heuristic: ATenConfigHeuristics for template_name=aten::_scaled_mm, device_type=None, op_name=None
[INFO] 14:12:09.328 (registry.py:decorator) -- Registered template heuristic: ATenConfigHeuristics for template_name=aten::mm_dtype, device_type=xpu, op_name=None
[INFO] 14:12:09.328 (registry.py:decorator) -- Registered template heuristic: ATenConfigHeuristics for template_name=aten::mm_dtype, device_type=cuda, op_name=None
[INFO] 14:12:09.329 (registry.py:decorator) -- Registered template heuristic: ATenConfigHeuristics for template_name=aten::mm, device_type=None, op_name=None
[INFO] 14:12:09.329 (registry.py:decorator) -- Registered template heuristic: ATenAddMMConfigHeuristics for template_name=aten::baddbmm, device_type=None, op_name=baddbmm
[INFO] 14:12:09.329 (registry.py:decorator) -- Registered template heuristic: ATenAddMMConfigHeuristics for template_name=aten::addmm, device_type=None, op_name=addmm
[INFO] 14:12:09.329 (registry.py:decorator) -- Registered template heuristic: ATenBiasAddMMConfigHeuristics for template_name=aten::bias_addmm, device_type=None, op_name=addmm
[INFO] 14:12:09.330 (registry.py:decorator) -- Registered template heuristic: EmptyContiguousMMConfigHeuristics for template_name=contiguous_addmm, device_type=None, op_name=addmm
[INFO] 14:12:09.330 (registry.py:decorator) -- Registered template heuristic: EmptyContiguousMMConfigHeuristics for template_name=contiguous_mm, device_type=None, op_name=mm
[INFO] 14:12:09.331 (registry.py:decorator) -- Registered template heuristic: EmptyDecomposeKConfigHeuristics for template_name=decompose_k, device_type=None, op_name=mm
[INFO] 14:12:09.331 (registry.py:decorator) -- Registered template heuristic: DecomposeKConfigHeuristics for template_name=decompose_k, device_type=cuda, op_name=mm
[INFO] 14:12:09.331 (registry.py:decorator) -- Registered template heuristic: DecomposeKConfigHeuristics for template_name=decompose_k, device_type=xpu, op_name=mm
[INFO] 14:12:09.342 (registry.py:decorator) -- Registered template heuristic: CUDAMMTemplateConfigHeuristic for template_name=triton::bmm, device_type=cuda, op_name=None
[INFO] 14:12:09.342 (registry.py:decorator) -- Registered template heuristic: CUDAMMTemplateConfigHeuristic for template_name=triton::mm, device_type=cuda, op_name=None
[INFO] 14:12:09.343 (registry.py:decorator) -- Registered template heuristic: CUDAAddMMTemplateConfigHeuristic for template_name=triton::bmm, device_type=cuda, op_name=baddbmm
[INFO] 14:12:09.343 (registry.py:decorator) -- Registered template heuristic: CUDAAddMMTemplateConfigHeuristic for template_name=triton::mm, device_type=cuda, op_name=addmm
[INFO] 14:12:09.343 (registry.py:decorator) -- Registered template heuristic: CUDAMMAHTemplateConfigHeuristic for template_name=triton::mm, device_type=cuda, op_name=mm-ah
[INFO] 14:12:09.344 (registry.py:decorator) -- Registered template heuristic: CUDAPersistentTMATemplateConfigHeuristic for template_name=triton::mm_persistent_tma, device_type=cuda, op_name=None
[INFO] 14:12:09.344 (registry.py:decorator) -- Registered template heuristic: CUDABlackwellPersistentTMATemplateConfigHeuristic for template_name=triton::blackwell_ws_persistent_device_tma, device_type=cuda, op_name=None
[INFO] 14:12:09.344 (registry.py:decorator) -- Registered template heuristic: CUDAAddmmPersistentTMATemplateConfigHeuristic for template_name=triton::mm_persistent_tma, device_type=cuda, op_name=addmm
[INFO] 14:12:09.345 (registry.py:decorator) -- Registered template heuristic: CUDABlackwellAddmmPersistentTMATemplateConfigHeuristic for template_name=triton::blackwell_ws_persistent_device_tma, device_type=cuda, op_name=addmm
[INFO] 14:12:09.345 (registry.py:decorator) -- Registered template heuristic: CUDAScaledMMTemplateConfigHeuristic for template_name=triton::mm, device_type=cuda, op_name=scaled_mm
[INFO] 14:12:09.345 (registry.py:decorator) -- Registered template heuristic: CUDAScaledTMAEpilogueScalingTemplateConfigHeuristic for template_name=triton::scaled_mm_device_tma_epilogue_scaling, device_type=cuda, op_name=scaled_mm
[INFO] 14:12:09.346 (registry.py:decorator) -- Registered template heuristic: CUDAScaledTMAMainLoopScalingTemplateConfigHeuristic for template_name=triton::scaled_mm_device_tma_main_loop_scaling, device_type=cuda, op_name=scaled_mm
[INFO] 14:12:09.346 (registry.py:decorator) -- Registered template heuristic: CUDAScaledBlackwellTMATemplateConfigHeuristic for template_name=triton::blackwell_ws_persistent_device_tma, device_type=cuda, op_name=scaled_mm
[INFO] 14:12:09.346 (registry.py:decorator) -- Registered template heuristic: CUDAMMPlusMMTemplateConfigHeuristic for template_name=triton::mm_plus_mm, device_type=cuda, op_name=None
[INFO] 14:12:09.346 (registry.py:decorator) -- Registered template heuristic: CUDAInt8MMTemplateConfigHeuristic for template_name=triton::mm, device_type=cuda, op_name=int_mm
[INFO] 14:12:09.347 (registry.py:decorator) -- Registered template heuristic: CPUMMTemplateConfigHeuristic for template_name=triton::bmm, device_type=cpu, op_name=None
[INFO] 14:12:09.347 (registry.py:decorator) -- Registered template heuristic: CPUMMTemplateConfigHeuristic for template_name=triton::mm, device_type=cpu, op_name=None
[INFO] 14:12:09.348 (registry.py:decorator) -- Registered template heuristic: CPUAddmmTemplateConfigHeuristic for template_name=triton::bmm, device_type=cpu, op_name=baddbmm
[INFO] 14:12:09.348 (registry.py:decorator) -- Registered template heuristic: CPUAddmmTemplateConfigHeuristic for template_name=triton::mm, device_type=cpu, op_name=addmm
[INFO] 14:12:09.348 (registry.py:decorator) -- Registered template heuristic: CPUScaledMMTemplateConfigHeuristic for template_name=triton::mm, device_type=cpu, op_name=scaled_mm
[INFO] 14:12:09.348 (registry.py:decorator) -- Registered template heuristic: CPUInt8MMTemplateConfigHeuristic for template_name=triton::mm, device_type=cpu, op_name=int_mm
[INFO] 14:12:09.349 (registry.py:decorator) -- Registered template heuristic: CPUMMPlusMMTemplateConfigHeuristic for template_name=triton::mm_plus_mm, device_type=cpu, op_name=None
[INFO] 14:12:09.349 (registry.py:decorator) -- Registered template heuristic: XPUMMTemplateConfigHeuristic for template_name=triton::bmm, device_type=xpu, op_name=None
[INFO] 14:12:09.349 (registry.py:decorator) -- Registered template heuristic: XPUMMTemplateConfigHeuristic for template_name=triton::mm, device_type=xpu, op_name=None
[INFO] 14:12:09.350 (registry.py:decorator) -- Registered template heuristic: XPUAddmmTemplateConfigHeuristic for template_name=triton::bmm, device_type=xpu, op_name=baddbmm
[INFO] 14:12:09.350 (registry.py:decorator) -- Registered template heuristic: XPUAddmmTemplateConfigHeuristic for template_name=triton::mm, device_type=xpu, op_name=addmm
[INFO] 14:12:09.350 (registry.py:decorator) -- Registered template heuristic: XPUPersistentTMATemplateConfigHeuristic for template_name=triton::mm_persistent_tma, device_type=xpu, op_name=None
[INFO] 14:12:09.350 (registry.py:decorator) -- Registered template heuristic: XPUAddmmPersistentTMATemplateConfigHeuristic for template_name=triton::mm_persistent_tma, device_type=xpu, op_name=addmm
[INFO] 14:12:09.351 (registry.py:decorator) -- Registered template heuristic: XPUScaledMMTemplateConfigHeuristic for template_name=triton::mm, device_type=xpu, op_name=scaled_mm
[INFO] 14:12:09.351 (registry.py:decorator) -- Registered template heuristic: XPUInt8MMTemplateConfigHeuristic for template_name=triton::mm, device_type=xpu, op_name=int_mm
[INFO] 14:12:09.351 (registry.py:decorator) -- Registered template heuristic: XPUMMPlusMMTemplateConfigHeuristic for template_name=triton::mm_plus_mm, device_type=xpu, op_name=None
[INFO] 14:12:09.352 (registry.py:decorator) -- Registered template heuristic: MTIAMMTemplateConfigHeuristic for template_name=triton::bmm, device_type=mtia, op_name=None
[INFO] 14:12:09.352 (registry.py:decorator) -- Registered template heuristic: MTIAMMTemplateConfigHeuristic for template_name=triton::mm, device_type=mtia, op_name=None
[INFO] 14:12:09.352 (registry.py:decorator) -- Registered template heuristic: MTIAAddMMTemplateConfigHeuristic for template_name=triton::bmm, device_type=mtia, op_name=baddbmm
[INFO] 14:12:09.352 (registry.py:decorator) -- Registered template heuristic: MTIAAddMMTemplateConfigHeuristic for template_name=triton::mm, device_type=mtia, op_name=addmm
[INFO] 14:12:09.353 (registry.py:decorator) -- Registered template heuristic: MTIAScaledMMTemplateConfigHeuristic for template_name=triton::mm, device_type=mtia, op_name=scaled_mm
[INFO] 14:12:09.353 (registry.py:decorator) -- Registered template heuristic: MTIAInt8MMTemplateConfigHeuristic for template_name=triton::mm, device_type=mtia, op_name=int_mm
[INFO] 14:12:09.353 (registry.py:decorator) -- Registered template heuristic: MTIAMMPlusMMTemplateConfigHeuristic for template_name=triton::mm_plus_mm, device_type=mtia, op_name=None
[ERROR] 14:12:09.522 (app.py:handle) -- Top-level exception: Torch not compiled with CUDA enabled
[ERROR] 14:12:09.538 (app.py:handle) -- Traceback (most recent call last):
  File "/usr/local/google/_blaze_kruparell/72787aa92579b56e308bdaa1f461a9e9_buildrabbit/execroot/google3/blaze-out/k8-fastbuild/bin/third_party/py/googlehydrology/run.runfiles/google3/third_party/py/absl/app.py", line 609, in run
    _run_main(main, args)
    ~~~~~~~~~^^^^^^^^^^^^
  File "/usr/local/google/_blaze_kruparell/72787aa92579b56e308bdaa1f461a9e9_buildrabbit/execroot/google3/blaze-out/k8-fastbuild/bin/third_party/py/googlehydrology/run.runfiles/google3/third_party/py/absl/app.py", line 529, in _run_main
    sys.exit(main(argv))
             ~~~~^^^^^^
  File "/usr/local/google/_blaze_kruparell/72787aa92579b56e308bdaa1f461a9e9_buildrabbit/execroot/google3/blaze-out/k8-fastbuild/bin/third_party/py/googlehydrology/run.runfiles/google3/third_party/py/googlehydrology/run.py", line 292, in <lambda>
    lambda _: _main(),
              ~~~~~^^
  File "/usr/local/google/_blaze_kruparell/72787aa92579b56e308bdaa1f461a9e9_buildrabbit/execroot/google3/blaze-out/k8-fastbuild/bin/third_party/py/googlehydrology/run.runfiles/google3/third_party/py/googlehydrology/run.py", line 150, in _main
    eval_run(
    ~~~~~~~~^
            config,
            ^^^^^^^
    ...<3 lines>...
            gpu=args['gpu'],
            ^^^^^^^^^^^^^^^^
        )
        ^
  File "/usr/local/google/_blaze_kruparell/72787aa92579b56e308bdaa1f461a9e9_buildrabbit/execroot/google3/blaze-out/k8-fastbuild/bin/third_party/py/googlehydrology/run.runfiles/google3/third_party/py/googlehydrology/run.py", line 284, in eval_run
    start_evaluation(cfg=config, run_dir=run_dir, epoch=epoch, period=period)
    ~~~~~~~~~~~~~~~~^^^^^^^^^^^^^^^^^^^^^^^^^^^^^^^^^^^^^^^^^^^^^^^^^^^^^^^^^
  File "/usr/local/google/_blaze_kruparell/72787aa92579b56e308bdaa1f461a9e9_buildrabbit/execroot/google3/blaze-out/k8-fastbuild/bin/third_party/py/googlehydrology/run.runfiles/google3/third_party/py/googlehydrology/evaluation/evaluate.py", line 44, in start_evaluation
    tester = get_tester(cfg=cfg, run_dir=run_dir, period=period, init_model=True)
  File "/usr/local/google/_blaze_kruparell/72787aa92579b56e308bdaa1f461a9e9_buildrabbit/execroot/google3/blaze-out/k8-fastbuild/bin/third_party/py/googlehydrology/run.runfiles/google3/third_party/py/googlehydrology/evaluation/__init__.py", line 57, in get_tester
    return Tester(
        cfg=cfg, run_dir=run_dir, period=period, init_model=init_model
    )
  File "/usr/local/google/_blaze_kruparell/72787aa92579b56e308bdaa1f461a9e9_buildrabbit/execroot/google3/blaze-out/k8-fastbuild/bin/third_party/py/googlehydrology/run.runfiles/google3/third_party/py/googlehydrology/evaluation/tester.py", line 982, in __init__
    super(UncertaintyTester, self).__init__(
    ~~~~~~~~~~~~~~~~~~~~~~~~~~~~~~~~~~~~~~~^
        cfg, run_dir, period, init_model
        ^^^^^^^^^^^^^^^^^^^^^^^^^^^^^^^^
    )
    ^
  File "/usr/local/google/_blaze_kruparell/72787aa92579b56e308bdaa1f461a9e9_buildrabbit/execroot/google3/blaze-out/k8-fastbuild/bin/third_party/py/googlehydrology/run.runfiles/google3/third_party/py/googlehydrology/evaluation/tester.py", line 111, in __init__
    self.model = get_model(cfg).to(self.device)
                 ~~~~~~~~~~~~~~~~~^^^^^^^^^^^^^
  File "/usr/local/google/_blaze_kruparell/72787aa92579b56e308bdaa1f461a9e9_buildrabbit/execroot/google3/blaze-out/k8-fastbuild/bin/third_party/py/googlehydrology/run.runfiles/google3/third_party/py/torch/nn/modules/module.py", line 1392, in to
    return self._apply(convert)
           ~~~~~~~~~~~^^^^^^^^^
  File "/usr/local/google/_blaze_kruparell/72787aa92579b56e308bdaa1f461a9e9_buildrabbit/execroot/google3/blaze-out/k8-fastbuild/bin/third_party/py/googlehydrology/run.runfiles/google3/third_party/py/torch/nn/modules/module.py", line 933, in _apply
    module._apply(fn)
    ~~~~~~~~~~~~~^^^^
  File "/usr/local/google/_blaze_kruparell/72787aa92579b56e308bdaa1f461a9e9_buildrabbit/execroot/google3/blaze-out/k8-fastbuild/bin/third_party/py/googlehydrology/run.runfiles/google3/third_party/py/torch/nn/modules/module.py", line 933, in _apply
    module._apply(fn)
    ~~~~~~~~~~~~~^^^^
  File "/usr/local/google/_blaze_kruparell/72787aa92579b56e308bdaa1f461a9e9_buildrabbit/execroot/google3/blaze-out/k8-fastbuild/bin/third_party/py/googlehydrology/run.runfiles/google3/third_party/py/torch/nn/modules/module.py", line 933, in _apply
    module._apply(fn)
    ~~~~~~~~~~~~~^^^^
  [Previous line repeated 1 more time]
  File "/usr/local/google/_blaze_kruparell/72787aa92579b56e308bdaa1f461a9e9_buildrabbit/execroot/google3/blaze-out/k8-fastbuild/bin/third_party/py/googlehydrology/run.runfiles/google3/third_party/py/torch/nn/modules/module.py", line 966, in _apply
    param_applied = fn(param)
  File "/usr/local/google/_blaze_kruparell/72787aa92579b56e308bdaa1f461a9e9_buildrabbit/execroot/google3/blaze-out/k8-fastbuild/bin/third_party/py/googlehydrology/run.runfiles/google3/third_party/py/torch/nn/modules/module.py", line 1374, in convert
    return t.to(
           ~~~~^
        device,
        ^^^^^^^
        dtype if t.is_floating_point() or t.is_complex() else None,
        ^^^^^^^^^^^^^^^^^^^^^^^^^^^^^^^^^^^^^^^^^^^^^^^^^^^^^^^^^^^
        non_blocking,
        ^^^^^^^^^^^^^
    )
    ^
  File "/usr/local/google/_blaze_kruparell/72787aa92579b56e308bdaa1f461a9e9_buildrabbit/execroot/google3/blaze-out/k8-fastbuild/bin/third_party/py/googlehydrology/run.runfiles/google3/third_party/py/torch/cuda/__init__.py", line 596, in _lazy_init
    raise AssertionError("Torch not compiled with CUDA enabled")
AssertionError: Torch not compiled with CUDA enabled

[ERROR] 14:12:09.538 (logging_utils.py:exception_logging) -- Uncaught exception
Traceback (most recent call last):
  File "<embedded module '_launcher'>", line 153, in run_filename_as_main
  File "<embedded module '_launcher'>", line 35, in _run_code_in_main
  File "/usr/local/google/_blaze_kruparell/72787aa92579b56e308bdaa1f461a9e9_buildrabbit/execroot/google3/blaze-out/k8-fastbuild/bin/third_party/py/googlehydrology/run.runfiles/google3/third_party/py/googlehydrology/run.py", line 291, in <module>
    absl.app.run(
    ~~~~~~~~~~~~^
        lambda _: _main(),
        ^^^^^^^^^^^^^^^^^^
    ...<5 lines>...
        + [a for a in argv if a in ('--help', '-h')],
        ^^^^^^^^^^^^^^^^^^^^^^^^^^^^^^^^^^^^^^^^^^^^^
    )
    ^
  File "/usr/local/google/_blaze_kruparell/72787aa92579b56e308bdaa1f461a9e9_buildrabbit/execroot/google3/blaze-out/k8-fastbuild/bin/third_party/py/googlehydrology/run.runfiles/google3/third_party/py/absl/app.py", line 609, in run
    _run_main(main, args)
    ~~~~~~~~~^^^^^^^^^^^^
  File "/usr/local/google/_blaze_kruparell/72787aa92579b56e308bdaa1f461a9e9_buildrabbit/execroot/google3/blaze-out/k8-fastbuild/bin/third_party/py/googlehydrology/run.runfiles/google3/third_party/py/absl/app.py", line 529, in _run_main
    sys.exit(main(argv))
             ~~~~^^^^^^
  File "/usr/local/google/_blaze_kruparell/72787aa92579b56e308bdaa1f461a9e9_buildrabbit/execroot/google3/blaze-out/k8-fastbuild/bin/third_party/py/googlehydrology/run.runfiles/google3/third_party/py/googlehydrology/run.py", line 292, in <lambda>
    lambda _: _main(),
              ~~~~~^^
  File "/usr/local/google/_blaze_kruparell/72787aa92579b56e308bdaa1f461a9e9_buildrabbit/execroot/google3/blaze-out/k8-fastbuild/bin/third_party/py/googlehydrology/run.runfiles/google3/third_party/py/googlehydrology/run.py", line 150, in _main
    eval_run(
    ~~~~~~~~^
            config,
            ^^^^^^^
    ...<3 lines>...
            gpu=args['gpu'],
            ^^^^^^^^^^^^^^^^
        )
        ^
  File "/usr/local/google/_blaze_kruparell/72787aa92579b56e308bdaa1f461a9e9_buildrabbit/execroot/google3/blaze-out/k8-fastbuild/bin/third_party/py/googlehydrology/run.runfiles/google3/third_party/py/googlehydrology/run.py", line 284, in eval_run
    start_evaluation(cfg=config, run_dir=run_dir, epoch=epoch, period=period)
    ~~~~~~~~~~~~~~~~^^^^^^^^^^^^^^^^^^^^^^^^^^^^^^^^^^^^^^^^^^^^^^^^^^^^^^^^^
  File "/usr/local/google/_blaze_kruparell/72787aa92579b56e308bdaa1f461a9e9_buildrabbit/execroot/google3/blaze-out/k8-fastbuild/bin/third_party/py/googlehydrology/run.runfiles/google3/third_party/py/googlehydrology/evaluation/evaluate.py", line 44, in start_evaluation
    tester = get_tester(cfg=cfg, run_dir=run_dir, period=period, init_model=True)
  File "/usr/local/google/_blaze_kruparell/72787aa92579b56e308bdaa1f461a9e9_buildrabbit/execroot/google3/blaze-out/k8-fastbuild/bin/third_party/py/googlehydrology/run.runfiles/google3/third_party/py/googlehydrology/evaluation/__init__.py", line 57, in get_tester
    return Tester(
        cfg=cfg, run_dir=run_dir, period=period, init_model=init_model
    )
  File "/usr/local/google/_blaze_kruparell/72787aa92579b56e308bdaa1f461a9e9_buildrabbit/execroot/google3/blaze-out/k8-fastbuild/bin/third_party/py/googlehydrology/run.runfiles/google3/third_party/py/googlehydrology/evaluation/tester.py", line 982, in __init__
    super(UncertaintyTester, self).__init__(
    ~~~~~~~~~~~~~~~~~~~~~~~~~~~~~~~~~~~~~~~^
        cfg, run_dir, period, init_model
        ^^^^^^^^^^^^^^^^^^^^^^^^^^^^^^^^
    )
    ^
  File "/usr/local/google/_blaze_kruparell/72787aa92579b56e308bdaa1f461a9e9_buildrabbit/execroot/google3/blaze-out/k8-fastbuild/bin/third_party/py/googlehydrology/run.runfiles/google3/third_party/py/googlehydrology/evaluation/tester.py", line 111, in __init__
    self.model = get_model(cfg).to(self.device)
                 ~~~~~~~~~~~~~~~~~^^^^^^^^^^^^^
  File "/usr/local/google/_blaze_kruparell/72787aa92579b56e308bdaa1f461a9e9_buildrabbit/execroot/google3/blaze-out/k8-fastbuild/bin/third_party/py/googlehydrology/run.runfiles/google3/third_party/py/torch/nn/modules/module.py", line 1392, in to
    return self._apply(convert)
           ~~~~~~~~~~~^^^^^^^^^
  File "/usr/local/google/_blaze_kruparell/72787aa92579b56e308bdaa1f461a9e9_buildrabbit/execroot/google3/blaze-out/k8-fastbuild/bin/third_party/py/googlehydrology/run.runfiles/google3/third_party/py/torch/nn/modules/module.py", line 933, in _apply
    module._apply(fn)
    ~~~~~~~~~~~~~^^^^
  File "/usr/local/google/_blaze_kruparell/72787aa92579b56e308bdaa1f461a9e9_buildrabbit/execroot/google3/blaze-out/k8-fastbuild/bin/third_party/py/googlehydrology/run.runfiles/google3/third_party/py/torch/nn/modules/module.py", line 933, in _apply
    module._apply(fn)
    ~~~~~~~~~~~~~^^^^
  File "/usr/local/google/_blaze_kruparell/72787aa92579b56e308bdaa1f461a9e9_buildrabbit/execroot/google3/blaze-out/k8-fastbuild/bin/third_party/py/googlehydrology/run.runfiles/google3/third_party/py/torch/nn/modules/module.py", line 933, in _apply
    module._apply(fn)
    ~~~~~~~~~~~~~^^^^
  [Previous line repeated 1 more time]
  File "/usr/local/google/_blaze_kruparell/72787aa92579b56e308bdaa1f461a9e9_buildrabbit/execroot/google3/blaze-out/k8-fastbuild/bin/third_party/py/googlehydrology/run.runfiles/google3/third_party/py/torch/nn/modules/module.py", line 966, in _apply
    param_applied = fn(param)
  File "/usr/local/google/_blaze_kruparell/72787aa92579b56e308bdaa1f461a9e9_buildrabbit/execroot/google3/blaze-out/k8-fastbuild/bin/third_party/py/googlehydrology/run.runfiles/google3/third_party/py/torch/nn/modules/module.py", line 1374, in convert
    return t.to(
           ~~~~^
        device,
        ^^^^^^^
        dtype if t.is_floating_point() or t.is_complex() else None,
        ^^^^^^^^^^^^^^^^^^^^^^^^^^^^^^^^^^^^^^^^^^^^^^^^^^^^^^^^^^^
        non_blocking,
        ^^^^^^^^^^^^^
    )
    ^
  File "/usr/local/google/_blaze_kruparell/72787aa92579b56e308bdaa1f461a9e9_buildrabbit/execroot/google3/blaze-out/k8-fastbuild/bin/third_party/py/googlehydrology/run.runfiles/google3/third_party/py/torch/cuda/__init__.py", line 596, in _lazy_init
    raise AssertionError("Torch not compiled with CUDA enabled")
AssertionError: Torch not compiled with CUDA enabled
[INFO] 14:12:09.546 (remote_cache.py:dump_cache_stats) -- Cache Metrics: None

[INFO] 14:12:09.548 (eval_frame.py:_log_traced_frames) -- TorchDynamo attempted to trace the following frames: [

]
[INFO] 14:12:09.572 (utils.py:dump_compile_times) -- TorchDynamo compilation metrics:
Function    Runtimes (s)
----------  --------------
[INFO] 14:12:09.574 (fake_tensor.py:dump_cache_stats) -- FakeTensor cache stats:
[INFO] 14:12:09.576 (fake_tensor.py:dump_cache_stats) --   cache_hits: 0
[INFO] 14:12:09.577 (fake_tensor.py:dump_cache_stats) --   cache_misses: 0
[INFO] 14:14:07.480 (logging_utils.py:setup_logging) -- Logging to /usr/local/google/home/kruparell/openhydronets_next/pretrained-models/google-floodhub-settings-55-epochs-nse-filtered-0.5-85-epochs/output.log initialized.
[WARNING] 14:14:07.484 (_py_warnings.py:_showwarnmsg) -- /usr/local/google/_blaze_kruparell/72787aa92579b56e308bdaa1f461a9e9_buildrabbit/execroot/google3/blaze-out/k8-fastbuild/bin/third_party/py/googlehydrology/run.runfiles/google3/third_party/py/dask/config.py:835: FutureWarning: Dask configuration key 'shuffle' has been deprecated; please use 'dataframe.shuffle.algorithm' instead
  warnings.warn(

[WARNING] 14:14:09.379 (flop_counter.py:<module>) -- triton not found; flop counting will not work for triton kernels
[INFO] 14:14:10.791 (registry.py:decorator) -- Registered template heuristic: ATenConfigHeuristics for template_name=aten::bmm_dtype, device_type=xpu, op_name=None
[INFO] 14:14:10.794 (registry.py:decorator) -- Registered template heuristic: ATenConfigHeuristics for template_name=aten::bmm_dtype, device_type=cuda, op_name=None
[INFO] 14:14:10.794 (registry.py:decorator) -- Registered template heuristic: ATenConfigHeuristics for template_name=aten::_mm_plus_mm, device_type=None, op_name=None
[INFO] 14:14:10.794 (registry.py:decorator) -- Registered template heuristic: ATenConfigHeuristics for template_name=aten::bmm, device_type=None, op_name=None
[INFO] 14:14:10.795 (registry.py:decorator) -- Registered template heuristic: ATenConfigHeuristics for template_name=aten::_int_mm, device_type=None, op_name=None
[INFO] 14:14:10.795 (registry.py:decorator) -- Registered template heuristic: ATenConfigHeuristics for template_name=aten::_scaled_mm, device_type=None, op_name=None
[INFO] 14:14:10.795 (registry.py:decorator) -- Registered template heuristic: ATenConfigHeuristics for template_name=aten::mm_dtype, device_type=xpu, op_name=None
[INFO] 14:14:10.795 (registry.py:decorator) -- Registered template heuristic: ATenConfigHeuristics for template_name=aten::mm_dtype, device_type=cuda, op_name=None
[INFO] 14:14:10.795 (registry.py:decorator) -- Registered template heuristic: ATenConfigHeuristics for template_name=aten::mm, device_type=None, op_name=None
[INFO] 14:14:10.796 (registry.py:decorator) -- Registered template heuristic: ATenAddMMConfigHeuristics for template_name=aten::baddbmm, device_type=None, op_name=baddbmm
[INFO] 14:14:10.796 (registry.py:decorator) -- Registered template heuristic: ATenAddMMConfigHeuristics for template_name=aten::addmm, device_type=None, op_name=addmm
[INFO] 14:14:10.796 (registry.py:decorator) -- Registered template heuristic: ATenBiasAddMMConfigHeuristics for template_name=aten::bias_addmm, device_type=None, op_name=addmm
[INFO] 14:14:10.796 (registry.py:decorator) -- Registered template heuristic: EmptyContiguousMMConfigHeuristics for template_name=contiguous_addmm, device_type=None, op_name=addmm
[INFO] 14:14:10.797 (registry.py:decorator) -- Registered template heuristic: EmptyContiguousMMConfigHeuristics for template_name=contiguous_mm, device_type=None, op_name=mm
[INFO] 14:14:10.797 (registry.py:decorator) -- Registered template heuristic: EmptyDecomposeKConfigHeuristics for template_name=decompose_k, device_type=None, op_name=mm
[INFO] 14:14:10.797 (registry.py:decorator) -- Registered template heuristic: DecomposeKConfigHeuristics for template_name=decompose_k, device_type=cuda, op_name=mm
[INFO] 14:14:10.798 (registry.py:decorator) -- Registered template heuristic: DecomposeKConfigHeuristics for template_name=decompose_k, device_type=xpu, op_name=mm
[INFO] 14:14:10.809 (registry.py:decorator) -- Registered template heuristic: CUDAMMTemplateConfigHeuristic for template_name=triton::bmm, device_type=cuda, op_name=None
[INFO] 14:14:10.811 (registry.py:decorator) -- Registered template heuristic: CUDAMMTemplateConfigHeuristic for template_name=triton::mm, device_type=cuda, op_name=None
[INFO] 14:14:10.811 (registry.py:decorator) -- Registered template heuristic: CUDAAddMMTemplateConfigHeuristic for template_name=triton::bmm, device_type=cuda, op_name=baddbmm
[INFO] 14:14:10.811 (registry.py:decorator) -- Registered template heuristic: CUDAAddMMTemplateConfigHeuristic for template_name=triton::mm, device_type=cuda, op_name=addmm
[INFO] 14:14:10.811 (registry.py:decorator) -- Registered template heuristic: CUDAMMAHTemplateConfigHeuristic for template_name=triton::mm, device_type=cuda, op_name=mm-ah
[INFO] 14:14:10.812 (registry.py:decorator) -- Registered template heuristic: CUDAPersistentTMATemplateConfigHeuristic for template_name=triton::mm_persistent_tma, device_type=cuda, op_name=None
[INFO] 14:14:10.812 (registry.py:decorator) -- Registered template heuristic: CUDABlackwellPersistentTMATemplateConfigHeuristic for template_name=triton::blackwell_ws_persistent_device_tma, device_type=cuda, op_name=None
[INFO] 14:14:10.812 (registry.py:decorator) -- Registered template heuristic: CUDAAddmmPersistentTMATemplateConfigHeuristic for template_name=triton::mm_persistent_tma, device_type=cuda, op_name=addmm
[INFO] 14:14:10.812 (registry.py:decorator) -- Registered template heuristic: CUDABlackwellAddmmPersistentTMATemplateConfigHeuristic for template_name=triton::blackwell_ws_persistent_device_tma, device_type=cuda, op_name=addmm
[INFO] 14:14:10.813 (registry.py:decorator) -- Registered template heuristic: CUDAScaledMMTemplateConfigHeuristic for template_name=triton::mm, device_type=cuda, op_name=scaled_mm
[INFO] 14:14:10.813 (registry.py:decorator) -- Registered template heuristic: CUDAScaledTMAEpilogueScalingTemplateConfigHeuristic for template_name=triton::scaled_mm_device_tma_epilogue_scaling, device_type=cuda, op_name=scaled_mm
[INFO] 14:14:10.813 (registry.py:decorator) -- Registered template heuristic: CUDAScaledTMAMainLoopScalingTemplateConfigHeuristic for template_name=triton::scaled_mm_device_tma_main_loop_scaling, device_type=cuda, op_name=scaled_mm
[INFO] 14:14:10.813 (registry.py:decorator) -- Registered template heuristic: CUDAScaledBlackwellTMATemplateConfigHeuristic for template_name=triton::blackwell_ws_persistent_device_tma, device_type=cuda, op_name=scaled_mm
[INFO] 14:14:10.813 (registry.py:decorator) -- Registered template heuristic: CUDAMMPlusMMTemplateConfigHeuristic for template_name=triton::mm_plus_mm, device_type=cuda, op_name=None
[INFO] 14:14:10.814 (registry.py:decorator) -- Registered template heuristic: CUDAInt8MMTemplateConfigHeuristic for template_name=triton::mm, device_type=cuda, op_name=int_mm
[INFO] 14:14:10.814 (registry.py:decorator) -- Registered template heuristic: CPUMMTemplateConfigHeuristic for template_name=triton::bmm, device_type=cpu, op_name=None
[INFO] 14:14:10.814 (registry.py:decorator) -- Registered template heuristic: CPUMMTemplateConfigHeuristic for template_name=triton::mm, device_type=cpu, op_name=None
[INFO] 14:14:10.814 (registry.py:decorator) -- Registered template heuristic: CPUAddmmTemplateConfigHeuristic for template_name=triton::bmm, device_type=cpu, op_name=baddbmm
[INFO] 14:14:10.815 (registry.py:decorator) -- Registered template heuristic: CPUAddmmTemplateConfigHeuristic for template_name=triton::mm, device_type=cpu, op_name=addmm
[INFO] 14:14:10.815 (registry.py:decorator) -- Registered template heuristic: CPUScaledMMTemplateConfigHeuristic for template_name=triton::mm, device_type=cpu, op_name=scaled_mm
[INFO] 14:14:10.815 (registry.py:decorator) -- Registered template heuristic: CPUInt8MMTemplateConfigHeuristic for template_name=triton::mm, device_type=cpu, op_name=int_mm
[INFO] 14:14:10.815 (registry.py:decorator) -- Registered template heuristic: CPUMMPlusMMTemplateConfigHeuristic for template_name=triton::mm_plus_mm, device_type=cpu, op_name=None
[INFO] 14:14:10.816 (registry.py:decorator) -- Registered template heuristic: XPUMMTemplateConfigHeuristic for template_name=triton::bmm, device_type=xpu, op_name=None
[INFO] 14:14:10.816 (registry.py:decorator) -- Registered template heuristic: XPUMMTemplateConfigHeuristic for template_name=triton::mm, device_type=xpu, op_name=None
[INFO] 14:14:10.816 (registry.py:decorator) -- Registered template heuristic: XPUAddmmTemplateConfigHeuristic for template_name=triton::bmm, device_type=xpu, op_name=baddbmm
[INFO] 14:14:10.816 (registry.py:decorator) -- Registered template heuristic: XPUAddmmTemplateConfigHeuristic for template_name=triton::mm, device_type=xpu, op_name=addmm
[INFO] 14:14:10.816 (registry.py:decorator) -- Registered template heuristic: XPUPersistentTMATemplateConfigHeuristic for template_name=triton::mm_persistent_tma, device_type=xpu, op_name=None
[INFO] 14:14:10.817 (registry.py:decorator) -- Registered template heuristic: XPUAddmmPersistentTMATemplateConfigHeuristic for template_name=triton::mm_persistent_tma, device_type=xpu, op_name=addmm
[INFO] 14:14:10.817 (registry.py:decorator) -- Registered template heuristic: XPUScaledMMTemplateConfigHeuristic for template_name=triton::mm, device_type=xpu, op_name=scaled_mm
[INFO] 14:14:10.817 (registry.py:decorator) -- Registered template heuristic: XPUInt8MMTemplateConfigHeuristic for template_name=triton::mm, device_type=xpu, op_name=int_mm
[INFO] 14:14:10.817 (registry.py:decorator) -- Registered template heuristic: XPUMMPlusMMTemplateConfigHeuristic for template_name=triton::mm_plus_mm, device_type=xpu, op_name=None
[INFO] 14:14:10.818 (registry.py:decorator) -- Registered template heuristic: MTIAMMTemplateConfigHeuristic for template_name=triton::bmm, device_type=mtia, op_name=None
[INFO] 14:14:10.818 (registry.py:decorator) -- Registered template heuristic: MTIAMMTemplateConfigHeuristic for template_name=triton::mm, device_type=mtia, op_name=None
[INFO] 14:14:10.818 (registry.py:decorator) -- Registered template heuristic: MTIAAddMMTemplateConfigHeuristic for template_name=triton::bmm, device_type=mtia, op_name=baddbmm
[INFO] 14:14:10.818 (registry.py:decorator) -- Registered template heuristic: MTIAAddMMTemplateConfigHeuristic for template_name=triton::mm, device_type=mtia, op_name=addmm
[INFO] 14:14:10.819 (registry.py:decorator) -- Registered template heuristic: MTIAScaledMMTemplateConfigHeuristic for template_name=triton::mm, device_type=mtia, op_name=scaled_mm
[INFO] 14:14:10.819 (registry.py:decorator) -- Registered template heuristic: MTIAInt8MMTemplateConfigHeuristic for template_name=triton::mm, device_type=mtia, op_name=int_mm
[INFO] 14:14:10.819 (registry.py:decorator) -- Registered template heuristic: MTIAMMPlusMMTemplateConfigHeuristic for template_name=triton::mm_plus_mm, device_type=mtia, op_name=None
[ERROR] 14:14:11.400 (app.py:handle) -- Top-level exception: Could not find subdataset directories for ['camelsgb', 'camelsaus', 'hysets', 'camelsbr', 'camels', 'camelscl', 'lamah'] in /usr/local/google/home/kruparell/Caravan-nc.
[ERROR] 14:14:11.360 (app.py:handle) -- Traceback (most recent call last):
  File "/usr/local/google/_blaze_kruparell/72787aa92579b56e308bdaa1f461a9e9_buildrabbit/execroot/google3/blaze-out/k8-fastbuild/bin/third_party/py/googlehydrology/run.runfiles/google3/third_party/py/absl/app.py", line 609, in run
    _run_main(main, args)
    ~~~~~~~~~^^^^^^^^^^^^
  File "/usr/local/google/_blaze_kruparell/72787aa92579b56e308bdaa1f461a9e9_buildrabbit/execroot/google3/blaze-out/k8-fastbuild/bin/third_party/py/googlehydrology/run.runfiles/google3/third_party/py/absl/app.py", line 529, in _run_main
    sys.exit(main(argv))
             ~~~~^^^^^^
  File "/usr/local/google/_blaze_kruparell/72787aa92579b56e308bdaa1f461a9e9_buildrabbit/execroot/google3/blaze-out/k8-fastbuild/bin/third_party/py/googlehydrology/run.runfiles/google3/third_party/py/googlehydrology/run.py", line 308, in <lambda>
    lambda _: _main(),
              ~~~~~^^
  File "/usr/local/google/_blaze_kruparell/72787aa92579b56e308bdaa1f461a9e9_buildrabbit/execroot/google3/blaze-out/k8-fastbuild/bin/third_party/py/googlehydrology/run.runfiles/google3/third_party/py/googlehydrology/run.py", line 156, in _main
    eval_run(
    ~~~~~~~~^
            config,
            ^^^^^^^
    ...<4 lines>...
            assimilate=args['assimilate'],
            ^^^^^^^^^^^^^^^^^^^^^^^^^^^^^^
        )
        ^
  File "/usr/local/google/_blaze_kruparell/72787aa92579b56e308bdaa1f461a9e9_buildrabbit/execroot/google3/blaze-out/k8-fastbuild/bin/third_party/py/googlehydrology/run.runfiles/google3/third_party/py/googlehydrology/run.py", line 294, in eval_run
    start_evaluation(
    ~~~~~~~~~~~~~~~~^
        cfg=config,
        ^^^^^^^^^^^
    ...<3 lines>...
        data_assimilation=assimilate,
        ^^^^^^^^^^^^^^^^^^^^^^^^^^^^^
    )
    ^
  File "/usr/local/google/_blaze_kruparell/72787aa92579b56e308bdaa1f461a9e9_buildrabbit/execroot/google3/blaze-out/k8-fastbuild/bin/third_party/py/googlehydrology/run.runfiles/google3/third_party/py/googlehydrology/evaluation/evaluate.py", line 44, in start_evaluation
    tester = get_tester(cfg=cfg, run_dir=run_dir, period=period, init_model=True)
  File "/usr/local/google/_blaze_kruparell/72787aa92579b56e308bdaa1f461a9e9_buildrabbit/execroot/google3/blaze-out/k8-fastbuild/bin/third_party/py/googlehydrology/run.runfiles/google3/third_party/py/googlehydrology/evaluation/__init__.py", line 57, in get_tester
    return Tester(
        cfg=cfg, run_dir=run_dir, period=period, init_model=init_model
    )
  File "/usr/local/google/_blaze_kruparell/72787aa92579b56e308bdaa1f461a9e9_buildrabbit/execroot/google3/blaze-out/k8-fastbuild/bin/third_party/py/googlehydrology/run.runfiles/google3/third_party/py/googlehydrology/evaluation/tester.py", line 982, in __init__
    super(UncertaintyTester, self).__init__(
    ~~~~~~~~~~~~~~~~~~~~~~~~~~~~~~~~~~~~~~~^
        cfg, run_dir, period, init_model
        ^^^^^^^^^^^^^^^^^^^^^^^^^^^^^^^^
    )
    ^
  File "/usr/local/google/_blaze_kruparell/72787aa92579b56e308bdaa1f461a9e9_buildrabbit/execroot/google3/blaze-out/k8-fastbuild/bin/third_party/py/googlehydrology/run.runfiles/google3/third_party/py/googlehydrology/evaluation/tester.py", line 126, in __init__
    self.dataset = self._get_dataset_all()
                   ~~~~~~~~~~~~~~~~~~~~~^^
  File "/usr/local/google/_blaze_kruparell/72787aa92579b56e308bdaa1f461a9e9_buildrabbit/execroot/google3/blaze-out/k8-fastbuild/bin/third_party/py/googlehydrology/run.runfiles/google3/third_party/py/googlehydrology/evaluation/tester.py", line 198, in _get_dataset_all
    return get_dataset(
        cfg=self.cfg,
    ...<3 lines>...
        compute_scaler=False,
    )
  File "/usr/local/google/_blaze_kruparell/72787aa92579b56e308bdaa1f461a9e9_buildrabbit/execroot/google3/blaze-out/k8-fastbuild/bin/third_party/py/googlehydrology/run.runfiles/google3/third_party/py/googlehydrology/datasetzoo/__init__.py", line 68, in get_dataset
    return _datasetZooRegistry.instantiate_dataset(
           ~~~~~~~~~~~~~~~~~~~~~~~~~~~~~~~~~~~~~~~^
        cfg, is_train, period, basins, compute_scaler
        ^^^^^^^^^^^^^^^^^^^^^^^^^^^^^^^^^^^^^^^^^^^^^
    )
    ^
  File "/usr/local/google/_blaze_kruparell/72787aa92579b56e308bdaa1f461a9e9_buildrabbit/execroot/google3/blaze-out/k8-fastbuild/bin/third_party/py/googlehydrology/run.runfiles/google3/third_party/py/googlehydrology/datasetzoo/datasetregistry.py", line 103, in instantiate_dataset
    return dataset_cls(
        cfg=cfg,
    ...<3 lines>...
        compute_scaler=compute_scaler,
    )
  File "/usr/local/google/_blaze_kruparell/72787aa92579b56e308bdaa1f461a9e9_buildrabbit/execroot/google3/blaze-out/k8-fastbuild/bin/third_party/py/googlehydrology/run.runfiles/google3/third_party/py/googlehydrology/datasetzoo/multimet.py", line 230, in __init__
    self._dataset = self._load_data()
                    ~~~~~~~~~~~~~~~^^
  File "/usr/local/google/_blaze_kruparell/72787aa92579b56e308bdaa1f461a9e9_buildrabbit/execroot/google3/blaze-out/k8-fastbuild/bin/third_party/py/googlehydrology/run.runfiles/google3/third_party/py/googlehydrology/datasetzoo/multimet.py", line 719, in _load_data
    datasets.append(self._load_static_features())
                    ~~~~~~~~~~~~~~~~~~~~~~~~~~^^
  File "/usr/local/google/_blaze_kruparell/72787aa92579b56e308bdaa1f461a9e9_buildrabbit/execroot/google3/blaze-out/k8-fastbuild/bin/third_party/py/googlehydrology/run.runfiles/google3/third_party/py/googlehydrology/datasetzoo/multimet.py", line 941, in _load_static_features
    return load_caravan_attributes(
            data_dir=self._statics_data_path,
            basins=self._basins,
            features=self._static_features,
        )
  File "/usr/local/google/_blaze_kruparell/72787aa92579b56e308bdaa1f461a9e9_buildrabbit/execroot/google3/blaze-out/k8-fastbuild/bin/third_party/py/googlehydrology/run.runfiles/google3/third_party/py/googlehydrology/datasetzoo/caravan.py", line 362, in load_caravan_attributes
    raise FileNotFoundError(
    ...<2 lines>...
    )
FileNotFoundError: Could not find subdataset directories for ['camelsgb', 'camelsaus', 'hysets', 'camelsbr', 'camels', 'camelscl', 'lamah'] in /usr/local/google/home/kruparell/Caravan-nc.

[ERROR] 14:14:11.360 (logging_utils.py:exception_logging) -- Uncaught exception
Traceback (most recent call last):
  File "<embedded module '_launcher'>", line 153, in run_filename_as_main
  File "<embedded module '_launcher'>", line 35, in _run_code_in_main
  File "/usr/local/google/_blaze_kruparell/72787aa92579b56e308bdaa1f461a9e9_buildrabbit/execroot/google3/blaze-out/k8-fastbuild/bin/third_party/py/googlehydrology/run.runfiles/google3/third_party/py/googlehydrology/run.py", line 307, in <module>
    absl.app.run(
    ~~~~~~~~~~~~^
        lambda _: _main(),
        ^^^^^^^^^^^^^^^^^^
    ...<5 lines>...
        + [a for a in argv if a in ('--help', '-h')],
        ^^^^^^^^^^^^^^^^^^^^^^^^^^^^^^^^^^^^^^^^^^^^^
    )
    ^
  File "/usr/local/google/_blaze_kruparell/72787aa92579b56e308bdaa1f461a9e9_buildrabbit/execroot/google3/blaze-out/k8-fastbuild/bin/third_party/py/googlehydrology/run.runfiles/google3/third_party/py/absl/app.py", line 609, in run
    _run_main(main, args)
    ~~~~~~~~~^^^^^^^^^^^^
  File "/usr/local/google/_blaze_kruparell/72787aa92579b56e308bdaa1f461a9e9_buildrabbit/execroot/google3/blaze-out/k8-fastbuild/bin/third_party/py/googlehydrology/run.runfiles/google3/third_party/py/absl/app.py", line 529, in _run_main
    sys.exit(main(argv))
             ~~~~^^^^^^
  File "/usr/local/google/_blaze_kruparell/72787aa92579b56e308bdaa1f461a9e9_buildrabbit/execroot/google3/blaze-out/k8-fastbuild/bin/third_party/py/googlehydrology/run.runfiles/google3/third_party/py/googlehydrology/run.py", line 308, in <lambda>
    lambda _: _main(),
              ~~~~~^^
  File "/usr/local/google/_blaze_kruparell/72787aa92579b56e308bdaa1f461a9e9_buildrabbit/execroot/google3/blaze-out/k8-fastbuild/bin/third_party/py/googlehydrology/run.runfiles/google3/third_party/py/googlehydrology/run.py", line 156, in _main
    eval_run(
    ~~~~~~~~^
            config,
            ^^^^^^^
    ...<4 lines>...
            assimilate=args['assimilate'],
            ^^^^^^^^^^^^^^^^^^^^^^^^^^^^^^
        )
        ^
  File "/usr/local/google/_blaze_kruparell/72787aa92579b56e308bdaa1f461a9e9_buildrabbit/execroot/google3/blaze-out/k8-fastbuild/bin/third_party/py/googlehydrology/run.runfiles/google3/third_party/py/googlehydrology/run.py", line 294, in eval_run
    start_evaluation(
    ~~~~~~~~~~~~~~~~^
        cfg=config,
        ^^^^^^^^^^^
    ...<3 lines>...
        data_assimilation=assimilate,
        ^^^^^^^^^^^^^^^^^^^^^^^^^^^^^
    )
    ^
  File "/usr/local/google/_blaze_kruparell/72787aa92579b56e308bdaa1f461a9e9_buildrabbit/execroot/google3/blaze-out/k8-fastbuild/bin/third_party/py/googlehydrology/run.runfiles/google3/third_party/py/googlehydrology/evaluation/evaluate.py", line 44, in start_evaluation
    tester = get_tester(cfg=cfg, run_dir=run_dir, period=period, init_model=True)
  File "/usr/local/google/_blaze_kruparell/72787aa92579b56e308bdaa1f461a9e9_buildrabbit/execroot/google3/blaze-out/k8-fastbuild/bin/third_party/py/googlehydrology/run.runfiles/google3/third_party/py/googlehydrology/evaluation/__init__.py", line 57, in get_tester
    return Tester(
        cfg=cfg, run_dir=run_dir, period=period, init_model=init_model
    )
  File "/usr/local/google/_blaze_kruparell/72787aa92579b56e308bdaa1f461a9e9_buildrabbit/execroot/google3/blaze-out/k8-fastbuild/bin/third_party/py/googlehydrology/run.runfiles/google3/third_party/py/googlehydrology/evaluation/tester.py", line 982, in __init__
    super(UncertaintyTester, self).__init__(
    ~~~~~~~~~~~~~~~~~~~~~~~~~~~~~~~~~~~~~~~^
        cfg, run_dir, period, init_model
        ^^^^^^^^^^^^^^^^^^^^^^^^^^^^^^^^
    )
    ^
  File "/usr/local/google/_blaze_kruparell/72787aa92579b56e308bdaa1f461a9e9_buildrabbit/execroot/google3/blaze-out/k8-fastbuild/bin/third_party/py/googlehydrology/run.runfiles/google3/third_party/py/googlehydrology/evaluation/tester.py", line 126, in __init__
    self.dataset = self._get_dataset_all()
                   ~~~~~~~~~~~~~~~~~~~~~^^
  File "/usr/local/google/_blaze_kruparell/72787aa92579b56e308bdaa1f461a9e9_buildrabbit/execroot/google3/blaze-out/k8-fastbuild/bin/third_party/py/googlehydrology/run.runfiles/google3/third_party/py/googlehydrology/evaluation/tester.py", line 198, in _get_dataset_all
    return get_dataset(
        cfg=self.cfg,
    ...<3 lines>...
        compute_scaler=False,
    )
  File "/usr/local/google/_blaze_kruparell/72787aa92579b56e308bdaa1f461a9e9_buildrabbit/execroot/google3/blaze-out/k8-fastbuild/bin/third_party/py/googlehydrology/run.runfiles/google3/third_party/py/googlehydrology/datasetzoo/__init__.py", line 68, in get_dataset
    return _datasetZooRegistry.instantiate_dataset(
           ~~~~~~~~~~~~~~~~~~~~~~~~~~~~~~~~~~~~~~~^
        cfg, is_train, period, basins, compute_scaler
        ^^^^^^^^^^^^^^^^^^^^^^^^^^^^^^^^^^^^^^^^^^^^^
    )
    ^
  File "/usr/local/google/_blaze_kruparell/72787aa92579b56e308bdaa1f461a9e9_buildrabbit/execroot/google3/blaze-out/k8-fastbuild/bin/third_party/py/googlehydrology/run.runfiles/google3/third_party/py/googlehydrology/datasetzoo/datasetregistry.py", line 103, in instantiate_dataset
    return dataset_cls(
        cfg=cfg,
    ...<3 lines>...
        compute_scaler=compute_scaler,
    )
  File "/usr/local/google/_blaze_kruparell/72787aa92579b56e308bdaa1f461a9e9_buildrabbit/execroot/google3/blaze-out/k8-fastbuild/bin/third_party/py/googlehydrology/run.runfiles/google3/third_party/py/googlehydrology/datasetzoo/multimet.py", line 230, in __init__
    self._dataset = self._load_data()
                    ~~~~~~~~~~~~~~~^^
  File "/usr/local/google/_blaze_kruparell/72787aa92579b56e308bdaa1f461a9e9_buildrabbit/execroot/google3/blaze-out/k8-fastbuild/bin/third_party/py/googlehydrology/run.runfiles/google3/third_party/py/googlehydrology/datasetzoo/multimet.py", line 719, in _load_data
    datasets.append(self._load_static_features())
                    ~~~~~~~~~~~~~~~~~~~~~~~~~~^^
  File "/usr/local/google/_blaze_kruparell/72787aa92579b56e308bdaa1f461a9e9_buildrabbit/execroot/google3/blaze-out/k8-fastbuild/bin/third_party/py/googlehydrology/run.runfiles/google3/third_party/py/googlehydrology/datasetzoo/multimet.py", line 941, in _load_static_features
    return load_caravan_attributes(
            data_dir=self._statics_data_path,
            basins=self._basins,
            features=self._static_features,
        )
  File "/usr/local/google/_blaze_kruparell/72787aa92579b56e308bdaa1f461a9e9_buildrabbit/execroot/google3/blaze-out/k8-fastbuild/bin/third_party/py/googlehydrology/run.runfiles/google3/third_party/py/googlehydrology/datasetzoo/caravan.py", line 362, in load_caravan_attributes
    raise FileNotFoundError(
    ...<2 lines>...
    )
FileNotFoundError: Could not find subdataset directories for ['camelsgb', 'camelsaus', 'hysets', 'camelsbr', 'camels', 'camelscl', 'lamah'] in /usr/local/google/home/kruparell/Caravan-nc.
[INFO] 14:14:11.430 (remote_cache.py:dump_cache_stats) -- Cache Metrics: None

[INFO] 14:14:11.460 (eval_frame.py:_log_traced_frames) -- TorchDynamo attempted to trace the following frames: [

]
[INFO] 14:14:11.690 (utils.py:dump_compile_times) -- TorchDynamo compilation metrics:
Function    Runtimes (s)
----------  --------------
[INFO] 14:14:11.710 (fake_tensor.py:dump_cache_stats) -- FakeTensor cache stats:
[INFO] 14:14:11.730 (fake_tensor.py:dump_cache_stats) --   cache_hits: 0
[INFO] 14:14:11.740 (fake_tensor.py:dump_cache_stats) --   cache_misses: 0
[INFO] 14:15:04.383 (logging_utils.py:setup_logging) -- Logging to /usr/local/google/home/kruparell/openhydronets_next/pretrained-models/google-floodhub-settings-55-epochs-nse-filtered-0.5-85-epochs/output.log initialized.
[WARNING] 14:15:04.386 (_py_warnings.py:_showwarnmsg) -- /usr/local/google/_blaze_kruparell/72787aa92579b56e308bdaa1f461a9e9_buildrabbit/execroot/google3/blaze-out/k8-fastbuild/bin/third_party/py/googlehydrology/run.runfiles/google3/third_party/py/dask/config.py:835: FutureWarning: Dask configuration key 'shuffle' has been deprecated; please use 'dataframe.shuffle.algorithm' instead
  warnings.warn(

[WARNING] 14:15:06.294 (flop_counter.py:<module>) -- triton not found; flop counting will not work for triton kernels
[INFO] 14:15:07.585 (registry.py:decorator) -- Registered template heuristic: ATenConfigHeuristics for template_name=aten::bmm_dtype, device_type=xpu, op_name=None
[INFO] 14:15:07.587 (registry.py:decorator) -- Registered template heuristic: ATenConfigHeuristics for template_name=aten::bmm_dtype, device_type=cuda, op_name=None
[INFO] 14:15:07.587 (registry.py:decorator) -- Registered template heuristic: ATenConfigHeuristics for template_name=aten::_mm_plus_mm, device_type=None, op_name=None
[INFO] 14:15:07.588 (registry.py:decorator) -- Registered template heuristic: ATenConfigHeuristics for template_name=aten::bmm, device_type=None, op_name=None
[INFO] 14:15:07.588 (registry.py:decorator) -- Registered template heuristic: ATenConfigHeuristics for template_name=aten::_int_mm, device_type=None, op_name=None
[INFO] 14:15:07.588 (registry.py:decorator) -- Registered template heuristic: ATenConfigHeuristics for template_name=aten::_scaled_mm, device_type=None, op_name=None
[INFO] 14:15:07.588 (registry.py:decorator) -- Registered template heuristic: ATenConfigHeuristics for template_name=aten::mm_dtype, device_type=xpu, op_name=None
[INFO] 14:15:07.588 (registry.py:decorator) -- Registered template heuristic: ATenConfigHeuristics for template_name=aten::mm_dtype, device_type=cuda, op_name=None
[INFO] 14:15:07.589 (registry.py:decorator) -- Registered template heuristic: ATenConfigHeuristics for template_name=aten::mm, device_type=None, op_name=None
[INFO] 14:15:07.589 (registry.py:decorator) -- Registered template heuristic: ATenAddMMConfigHeuristics for template_name=aten::baddbmm, device_type=None, op_name=baddbmm
[INFO] 14:15:07.589 (registry.py:decorator) -- Registered template heuristic: ATenAddMMConfigHeuristics for template_name=aten::addmm, device_type=None, op_name=addmm
[INFO] 14:15:07.589 (registry.py:decorator) -- Registered template heuristic: ATenBiasAddMMConfigHeuristics for template_name=aten::bias_addmm, device_type=None, op_name=addmm
[INFO] 14:15:07.590 (registry.py:decorator) -- Registered template heuristic: EmptyContiguousMMConfigHeuristics for template_name=contiguous_addmm, device_type=None, op_name=addmm
[INFO] 14:15:07.590 (registry.py:decorator) -- Registered template heuristic: EmptyContiguousMMConfigHeuristics for template_name=contiguous_mm, device_type=None, op_name=mm
[INFO] 14:15:07.590 (registry.py:decorator) -- Registered template heuristic: EmptyDecomposeKConfigHeuristics for template_name=decompose_k, device_type=None, op_name=mm
[INFO] 14:15:07.591 (registry.py:decorator) -- Registered template heuristic: DecomposeKConfigHeuristics for template_name=decompose_k, device_type=cuda, op_name=mm
[INFO] 14:15:07.591 (registry.py:decorator) -- Registered template heuristic: DecomposeKConfigHeuristics for template_name=decompose_k, device_type=xpu, op_name=mm
[INFO] 14:15:07.602 (registry.py:decorator) -- Registered template heuristic: CUDAMMTemplateConfigHeuristic for template_name=triton::bmm, device_type=cuda, op_name=None
[INFO] 14:15:07.602 (registry.py:decorator) -- Registered template heuristic: CUDAMMTemplateConfigHeuristic for template_name=triton::mm, device_type=cuda, op_name=None
[INFO] 14:15:07.602 (registry.py:decorator) -- Registered template heuristic: CUDAAddMMTemplateConfigHeuristic for template_name=triton::bmm, device_type=cuda, op_name=baddbmm
[INFO] 14:15:07.602 (registry.py:decorator) -- Registered template heuristic: CUDAAddMMTemplateConfigHeuristic for template_name=triton::mm, device_type=cuda, op_name=addmm
[INFO] 14:15:07.603 (registry.py:decorator) -- Registered template heuristic: CUDAMMAHTemplateConfigHeuristic for template_name=triton::mm, device_type=cuda, op_name=mm-ah
[INFO] 14:15:07.603 (registry.py:decorator) -- Registered template heuristic: CUDAPersistentTMATemplateConfigHeuristic for template_name=triton::mm_persistent_tma, device_type=cuda, op_name=None
[INFO] 14:15:07.603 (registry.py:decorator) -- Registered template heuristic: CUDABlackwellPersistentTMATemplateConfigHeuristic for template_name=triton::blackwell_ws_persistent_device_tma, device_type=cuda, op_name=None
[INFO] 14:15:07.603 (registry.py:decorator) -- Registered template heuristic: CUDAAddmmPersistentTMATemplateConfigHeuristic for template_name=triton::mm_persistent_tma, device_type=cuda, op_name=addmm
[INFO] 14:15:07.604 (registry.py:decorator) -- Registered template heuristic: CUDABlackwellAddmmPersistentTMATemplateConfigHeuristic for template_name=triton::blackwell_ws_persistent_device_tma, device_type=cuda, op_name=addmm
[INFO] 14:15:07.604 (registry.py:decorator) -- Registered template heuristic: CUDAScaledMMTemplateConfigHeuristic for template_name=triton::mm, device_type=cuda, op_name=scaled_mm
[INFO] 14:15:07.604 (registry.py:decorator) -- Registered template heuristic: CUDAScaledTMAEpilogueScalingTemplateConfigHeuristic for template_name=triton::scaled_mm_device_tma_epilogue_scaling, device_type=cuda, op_name=scaled_mm
[INFO] 14:15:07.604 (registry.py:decorator) -- Registered template heuristic: CUDAScaledTMAMainLoopScalingTemplateConfigHeuristic for template_name=triton::scaled_mm_device_tma_main_loop_scaling, device_type=cuda, op_name=scaled_mm
[INFO] 14:15:07.604 (registry.py:decorator) -- Registered template heuristic: CUDAScaledBlackwellTMATemplateConfigHeuristic for template_name=triton::blackwell_ws_persistent_device_tma, device_type=cuda, op_name=scaled_mm
[INFO] 14:15:07.605 (registry.py:decorator) -- Registered template heuristic: CUDAMMPlusMMTemplateConfigHeuristic for template_name=triton::mm_plus_mm, device_type=cuda, op_name=None
[INFO] 14:15:07.605 (registry.py:decorator) -- Registered template heuristic: CUDAInt8MMTemplateConfigHeuristic for template_name=triton::mm, device_type=cuda, op_name=int_mm
[INFO] 14:15:07.605 (registry.py:decorator) -- Registered template heuristic: CPUMMTemplateConfigHeuristic for template_name=triton::bmm, device_type=cpu, op_name=None
[INFO] 14:15:07.606 (registry.py:decorator) -- Registered template heuristic: CPUMMTemplateConfigHeuristic for template_name=triton::mm, device_type=cpu, op_name=None
[INFO] 14:15:07.606 (registry.py:decorator) -- Registered template heuristic: CPUAddmmTemplateConfigHeuristic for template_name=triton::bmm, device_type=cpu, op_name=baddbmm
[INFO] 14:15:07.606 (registry.py:decorator) -- Registered template heuristic: CPUAddmmTemplateConfigHeuristic for template_name=triton::mm, device_type=cpu, op_name=addmm
[INFO] 14:15:07.606 (registry.py:decorator) -- Registered template heuristic: CPUScaledMMTemplateConfigHeuristic for template_name=triton::mm, device_type=cpu, op_name=scaled_mm
[INFO] 14:15:07.606 (registry.py:decorator) -- Registered template heuristic: CPUInt8MMTemplateConfigHeuristic for template_name=triton::mm, device_type=cpu, op_name=int_mm
[INFO] 14:15:07.607 (registry.py:decorator) -- Registered template heuristic: CPUMMPlusMMTemplateConfigHeuristic for template_name=triton::mm_plus_mm, device_type=cpu, op_name=None
[INFO] 14:15:07.607 (registry.py:decorator) -- Registered template heuristic: XPUMMTemplateConfigHeuristic for template_name=triton::bmm, device_type=xpu, op_name=None
[INFO] 14:15:07.607 (registry.py:decorator) -- Registered template heuristic: XPUMMTemplateConfigHeuristic for template_name=triton::mm, device_type=xpu, op_name=None
[INFO] 14:15:07.607 (registry.py:decorator) -- Registered template heuristic: XPUAddmmTemplateConfigHeuristic for template_name=triton::bmm, device_type=xpu, op_name=baddbmm
[INFO] 14:15:07.607 (registry.py:decorator) -- Registered template heuristic: XPUAddmmTemplateConfigHeuristic for template_name=triton::mm, device_type=xpu, op_name=addmm
[INFO] 14:15:07.608 (registry.py:decorator) -- Registered template heuristic: XPUPersistentTMATemplateConfigHeuristic for template_name=triton::mm_persistent_tma, device_type=xpu, op_name=None
[INFO] 14:15:07.608 (registry.py:decorator) -- Registered template heuristic: XPUAddmmPersistentTMATemplateConfigHeuristic for template_name=triton::mm_persistent_tma, device_type=xpu, op_name=addmm
[INFO] 14:15:07.608 (registry.py:decorator) -- Registered template heuristic: XPUScaledMMTemplateConfigHeuristic for template_name=triton::mm, device_type=xpu, op_name=scaled_mm
[INFO] 14:15:07.608 (registry.py:decorator) -- Registered template heuristic: XPUInt8MMTemplateConfigHeuristic for template_name=triton::mm, device_type=xpu, op_name=int_mm
[INFO] 14:15:07.608 (registry.py:decorator) -- Registered template heuristic: XPUMMPlusMMTemplateConfigHeuristic for template_name=triton::mm_plus_mm, device_type=xpu, op_name=None
[INFO] 14:15:07.609 (registry.py:decorator) -- Registered template heuristic: MTIAMMTemplateConfigHeuristic for template_name=triton::bmm, device_type=mtia, op_name=None
[INFO] 14:15:07.609 (registry.py:decorator) -- Registered template heuristic: MTIAMMTemplateConfigHeuristic for template_name=triton::mm, device_type=mtia, op_name=None
[INFO] 14:15:07.609 (registry.py:decorator) -- Registered template heuristic: MTIAAddMMTemplateConfigHeuristic for template_name=triton::bmm, device_type=mtia, op_name=baddbmm
[INFO] 14:15:07.609 (registry.py:decorator) -- Registered template heuristic: MTIAAddMMTemplateConfigHeuristic for template_name=triton::mm, device_type=mtia, op_name=addmm
[INFO] 14:15:07.609 (registry.py:decorator) -- Registered template heuristic: MTIAScaledMMTemplateConfigHeuristic for template_name=triton::mm, device_type=mtia, op_name=scaled_mm
[INFO] 14:15:07.610 (registry.py:decorator) -- Registered template heuristic: MTIAInt8MMTemplateConfigHeuristic for template_name=triton::mm, device_type=mtia, op_name=int_mm
[INFO] 14:15:07.610 (registry.py:decorator) -- Registered template heuristic: MTIAMMPlusMMTemplateConfigHeuristic for template_name=triton::mm_plus_mm, device_type=mtia, op_name=None
[INFO] 14:15:07.984 (multimet.py:_load_hindcast_as_zarr) -- Loading hindcast product 'CPC' with bands ['cpc_precipitation']
[INFO] 14:15:08.840 (multimet.py:_load_hindcast_as_zarr) -- Loading hindcast product 'GRAPHCAST' with bands ['graphcast_temperature_2m', 'graphcast_total_precipitation']
[INFO] 14:15:08.189 (multimet.py:_load_hindcast_as_zarr) -- Loading hindcast product 'HRES' with bands ['hres_surface_net_solar_radiation', 'hres_surface_net_thermal_radiation', 'hres_surface_pressure', 'hres_temperature_2m', 'hres_total_precipitation']
[INFO] 14:15:08.288 (multimet.py:_load_hindcast_as_zarr) -- Loading hindcast product 'IMERG' with bands ['imerg_precipitation']
[INFO] 14:15:08.374 (multimet.py:_load_hindcast_as_zarr) -- Loading hindcast product 'ERA5_LAND' with bands ['era5land_total_precipitation', 'era5land_temperature_2m', 'era5land_surface_net_solar_radiation', 'era5land_surface_net_thermal_radiation', 'era5land_surface_pressure']
[INFO] 14:15:08.486 (multimet.py:_load_forecast_as_zarr) -- Loading forecast product 'GRAPHCAST' with bands ['graphcast_temperature_2m', 'graphcast_total_precipitation']
[INFO] 14:15:08.526 (multimet.py:_load_forecast_as_zarr) -- Loading forecast product 'HRES' with bands ['hres_surface_net_solar_radiation', 'hres_surface_net_thermal_radiation', 'hres_surface_pressure', 'hres_temperature_2m', 'hres_total_precipitation']
[INFO] 14:15:16.493 (tester.py:_load_weights) -- Using the model weights from /usr/local/google/home/kruparell/openhydronets_next/pretrained-models/google-floodhub-settings-55-epochs-nse-filtered-0.5-85-epochs/model_epoch085.pt
[INFO] 14:15:42.711 (remote_cache.py:dump_cache_stats) -- Cache Metrics: None

[INFO] 14:15:42.717 (eval_frame.py:_log_traced_frames) -- TorchDynamo attempted to trace the following frames: [

]
[INFO] 14:15:42.739 (utils.py:dump_compile_times) -- TorchDynamo compilation metrics:
Function    Runtimes (s)
----------  --------------
[INFO] 14:15:42.741 (fake_tensor.py:dump_cache_stats) -- FakeTensor cache stats:
[INFO] 14:15:42.743 (fake_tensor.py:dump_cache_stats) --   cache_hits: 0
[INFO] 14:15:42.743 (fake_tensor.py:dump_cache_stats) --   cache_misses: 0
[INFO] 14:16:08.462 (logging_utils.py:setup_logging) -- Logging to /usr/local/google/home/kruparell/openhydronets_next/pretrained-models/google-floodhub-settings-55-epochs-nse-filtered-0.5-85-epochs/output.log initialized.
[WARNING] 14:16:08.466 (_py_warnings.py:_showwarnmsg) -- /usr/local/google/_blaze_kruparell/72787aa92579b56e308bdaa1f461a9e9_buildrabbit/execroot/google3/blaze-out/k8-fastbuild/bin/third_party/py/googlehydrology/run.runfiles/google3/third_party/py/dask/config.py:835: FutureWarning: Dask configuration key 'shuffle' has been deprecated; please use 'dataframe.shuffle.algorithm' instead
  warnings.warn(

[WARNING] 14:16:10.353 (flop_counter.py:<module>) -- triton not found; flop counting will not work for triton kernels
[INFO] 14:16:11.574 (registry.py:decorator) -- Registered template heuristic: ATenConfigHeuristics for template_name=aten::bmm_dtype, device_type=xpu, op_name=None
[INFO] 14:16:11.576 (registry.py:decorator) -- Registered template heuristic: ATenConfigHeuristics for template_name=aten::bmm_dtype, device_type=cuda, op_name=None
[INFO] 14:16:11.576 (registry.py:decorator) -- Registered template heuristic: ATenConfigHeuristics for template_name=aten::_mm_plus_mm, device_type=None, op_name=None
[INFO] 14:16:11.577 (registry.py:decorator) -- Registered template heuristic: ATenConfigHeuristics for template_name=aten::bmm, device_type=None, op_name=None
[INFO] 14:16:11.577 (registry.py:decorator) -- Registered template heuristic: ATenConfigHeuristics for template_name=aten::_int_mm, device_type=None, op_name=None
[INFO] 14:16:11.577 (registry.py:decorator) -- Registered template heuristic: ATenConfigHeuristics for template_name=aten::_scaled_mm, device_type=None, op_name=None
[INFO] 14:16:11.577 (registry.py:decorator) -- Registered template heuristic: ATenConfigHeuristics for template_name=aten::mm_dtype, device_type=xpu, op_name=None
[INFO] 14:16:11.578 (registry.py:decorator) -- Registered template heuristic: ATenConfigHeuristics for template_name=aten::mm_dtype, device_type=cuda, op_name=None
[INFO] 14:16:11.578 (registry.py:decorator) -- Registered template heuristic: ATenConfigHeuristics for template_name=aten::mm, device_type=None, op_name=None
[INFO] 14:16:11.578 (registry.py:decorator) -- Registered template heuristic: ATenAddMMConfigHeuristics for template_name=aten::baddbmm, device_type=None, op_name=baddbmm
[INFO] 14:16:11.578 (registry.py:decorator) -- Registered template heuristic: ATenAddMMConfigHeuristics for template_name=aten::addmm, device_type=None, op_name=addmm
[INFO] 14:16:11.579 (registry.py:decorator) -- Registered template heuristic: ATenBiasAddMMConfigHeuristics for template_name=aten::bias_addmm, device_type=None, op_name=addmm
[INFO] 14:16:11.579 (registry.py:decorator) -- Registered template heuristic: EmptyContiguousMMConfigHeuristics for template_name=contiguous_addmm, device_type=None, op_name=addmm
[INFO] 14:16:11.579 (registry.py:decorator) -- Registered template heuristic: EmptyContiguousMMConfigHeuristics for template_name=contiguous_mm, device_type=None, op_name=mm
[INFO] 14:16:11.580 (registry.py:decorator) -- Registered template heuristic: EmptyDecomposeKConfigHeuristics for template_name=decompose_k, device_type=None, op_name=mm
[INFO] 14:16:11.580 (registry.py:decorator) -- Registered template heuristic: DecomposeKConfigHeuristics for template_name=decompose_k, device_type=cuda, op_name=mm
[INFO] 14:16:11.580 (registry.py:decorator) -- Registered template heuristic: DecomposeKConfigHeuristics for template_name=decompose_k, device_type=xpu, op_name=mm
[INFO] 14:16:11.592 (registry.py:decorator) -- Registered template heuristic: CUDAMMTemplateConfigHeuristic for template_name=triton::bmm, device_type=cuda, op_name=None
[INFO] 14:16:11.592 (registry.py:decorator) -- Registered template heuristic: CUDAMMTemplateConfigHeuristic for template_name=triton::mm, device_type=cuda, op_name=None
[INFO] 14:16:11.593 (registry.py:decorator) -- Registered template heuristic: CUDAAddMMTemplateConfigHeuristic for template_name=triton::bmm, device_type=cuda, op_name=baddbmm
[INFO] 14:16:11.593 (registry.py:decorator) -- Registered template heuristic: CUDAAddMMTemplateConfigHeuristic for template_name=triton::mm, device_type=cuda, op_name=addmm
[INFO] 14:16:11.593 (registry.py:decorator) -- Registered template heuristic: CUDAMMAHTemplateConfigHeuristic for template_name=triton::mm, device_type=cuda, op_name=mm-ah
[INFO] 14:16:11.593 (registry.py:decorator) -- Registered template heuristic: CUDAPersistentTMATemplateConfigHeuristic for template_name=triton::mm_persistent_tma, device_type=cuda, op_name=None
[INFO] 14:16:11.594 (registry.py:decorator) -- Registered template heuristic: CUDABlackwellPersistentTMATemplateConfigHeuristic for template_name=triton::blackwell_ws_persistent_device_tma, device_type=cuda, op_name=None
[INFO] 14:16:11.594 (registry.py:decorator) -- Registered template heuristic: CUDAAddmmPersistentTMATemplateConfigHeuristic for template_name=triton::mm_persistent_tma, device_type=cuda, op_name=addmm
[INFO] 14:16:11.594 (registry.py:decorator) -- Registered template heuristic: CUDABlackwellAddmmPersistentTMATemplateConfigHeuristic for template_name=triton::blackwell_ws_persistent_device_tma, device_type=cuda, op_name=addmm
[INFO] 14:16:11.595 (registry.py:decorator) -- Registered template heuristic: CUDAScaledMMTemplateConfigHeuristic for template_name=triton::mm, device_type=cuda, op_name=scaled_mm
[INFO] 14:16:11.595 (registry.py:decorator) -- Registered template heuristic: CUDAScaledTMAEpilogueScalingTemplateConfigHeuristic for template_name=triton::scaled_mm_device_tma_epilogue_scaling, device_type=cuda, op_name=scaled_mm
[INFO] 14:16:11.595 (registry.py:decorator) -- Registered template heuristic: CUDAScaledTMAMainLoopScalingTemplateConfigHeuristic for template_name=triton::scaled_mm_device_tma_main_loop_scaling, device_type=cuda, op_name=scaled_mm
[INFO] 14:16:11.595 (registry.py:decorator) -- Registered template heuristic: CUDAScaledBlackwellTMATemplateConfigHeuristic for template_name=triton::blackwell_ws_persistent_device_tma, device_type=cuda, op_name=scaled_mm
[INFO] 14:16:11.596 (registry.py:decorator) -- Registered template heuristic: CUDAMMPlusMMTemplateConfigHeuristic for template_name=triton::mm_plus_mm, device_type=cuda, op_name=None
[INFO] 14:16:11.596 (registry.py:decorator) -- Registered template heuristic: CUDAInt8MMTemplateConfigHeuristic for template_name=triton::mm, device_type=cuda, op_name=int_mm
[INFO] 14:16:11.596 (registry.py:decorator) -- Registered template heuristic: CPUMMTemplateConfigHeuristic for template_name=triton::bmm, device_type=cpu, op_name=None
[INFO] 14:16:11.597 (registry.py:decorator) -- Registered template heuristic: CPUMMTemplateConfigHeuristic for template_name=triton::mm, device_type=cpu, op_name=None
[INFO] 14:16:11.597 (registry.py:decorator) -- Registered template heuristic: CPUAddmmTemplateConfigHeuristic for template_name=triton::bmm, device_type=cpu, op_name=baddbmm
[INFO] 14:16:11.597 (registry.py:decorator) -- Registered template heuristic: CPUAddmmTemplateConfigHeuristic for template_name=triton::mm, device_type=cpu, op_name=addmm
[INFO] 14:16:11.598 (registry.py:decorator) -- Registered template heuristic: CPUScaledMMTemplateConfigHeuristic for template_name=triton::mm, device_type=cpu, op_name=scaled_mm
[INFO] 14:16:11.598 (registry.py:decorator) -- Registered template heuristic: CPUInt8MMTemplateConfigHeuristic for template_name=triton::mm, device_type=cpu, op_name=int_mm
[INFO] 14:16:11.598 (registry.py:decorator) -- Registered template heuristic: CPUMMPlusMMTemplateConfigHeuristic for template_name=triton::mm_plus_mm, device_type=cpu, op_name=None
[INFO] 14:16:11.598 (registry.py:decorator) -- Registered template heuristic: XPUMMTemplateConfigHeuristic for template_name=triton::bmm, device_type=xpu, op_name=None
[INFO] 14:16:11.599 (registry.py:decorator) -- Registered template heuristic: XPUMMTemplateConfigHeuristic for template_name=triton::mm, device_type=xpu, op_name=None
[INFO] 14:16:11.599 (registry.py:decorator) -- Registered template heuristic: XPUAddmmTemplateConfigHeuristic for template_name=triton::bmm, device_type=xpu, op_name=baddbmm
[INFO] 14:16:11.599 (registry.py:decorator) -- Registered template heuristic: XPUAddmmTemplateConfigHeuristic for template_name=triton::mm, device_type=xpu, op_name=addmm
[INFO] 14:16:11.599 (registry.py:decorator) -- Registered template heuristic: XPUPersistentTMATemplateConfigHeuristic for template_name=triton::mm_persistent_tma, device_type=xpu, op_name=None
[INFO] 14:16:11.600 (registry.py:decorator) -- Registered template heuristic: XPUAddmmPersistentTMATemplateConfigHeuristic for template_name=triton::mm_persistent_tma, device_type=xpu, op_name=addmm
[INFO] 14:16:11.600 (registry.py:decorator) -- Registered template heuristic: XPUScaledMMTemplateConfigHeuristic for template_name=triton::mm, device_type=xpu, op_name=scaled_mm
[INFO] 14:16:11.600 (registry.py:decorator) -- Registered template heuristic: XPUInt8MMTemplateConfigHeuristic for template_name=triton::mm, device_type=xpu, op_name=int_mm
[INFO] 14:16:11.600 (registry.py:decorator) -- Registered template heuristic: XPUMMPlusMMTemplateConfigHeuristic for template_name=triton::mm_plus_mm, device_type=xpu, op_name=None
[INFO] 14:16:11.601 (registry.py:decorator) -- Registered template heuristic: MTIAMMTemplateConfigHeuristic for template_name=triton::bmm, device_type=mtia, op_name=None
[INFO] 14:16:11.601 (registry.py:decorator) -- Registered template heuristic: MTIAMMTemplateConfigHeuristic for template_name=triton::mm, device_type=mtia, op_name=None
[INFO] 14:16:11.601 (registry.py:decorator) -- Registered template heuristic: MTIAAddMMTemplateConfigHeuristic for template_name=triton::bmm, device_type=mtia, op_name=baddbmm
[INFO] 14:16:11.601 (registry.py:decorator) -- Registered template heuristic: MTIAAddMMTemplateConfigHeuristic for template_name=triton::mm, device_type=mtia, op_name=addmm
[INFO] 14:16:11.602 (registry.py:decorator) -- Registered template heuristic: MTIAScaledMMTemplateConfigHeuristic for template_name=triton::mm, device_type=mtia, op_name=scaled_mm
[INFO] 14:16:11.602 (registry.py:decorator) -- Registered template heuristic: MTIAInt8MMTemplateConfigHeuristic for template_name=triton::mm, device_type=mtia, op_name=int_mm
[INFO] 14:16:11.602 (registry.py:decorator) -- Registered template heuristic: MTIAMMPlusMMTemplateConfigHeuristic for template_name=triton::mm_plus_mm, device_type=mtia, op_name=None
[INFO] 14:16:11.947 (multimet.py:_load_hindcast_as_zarr) -- Loading hindcast product 'CPC' with bands ['cpc_precipitation']
[INFO] 14:16:12.390 (multimet.py:_load_hindcast_as_zarr) -- Loading hindcast product 'GRAPHCAST' with bands ['graphcast_temperature_2m', 'graphcast_total_precipitation']
[INFO] 14:16:12.137 (multimet.py:_load_hindcast_as_zarr) -- Loading hindcast product 'HRES' with bands ['hres_surface_net_solar_radiation', 'hres_surface_net_thermal_radiation', 'hres_surface_pressure', 'hres_temperature_2m', 'hres_total_precipitation']
[INFO] 14:16:12.226 (multimet.py:_load_hindcast_as_zarr) -- Loading hindcast product 'IMERG' with bands ['imerg_precipitation']
[INFO] 14:16:12.307 (multimet.py:_load_hindcast_as_zarr) -- Loading hindcast product 'ERA5_LAND' with bands ['era5land_total_precipitation', 'era5land_temperature_2m', 'era5land_surface_net_solar_radiation', 'era5land_surface_net_thermal_radiation', 'era5land_surface_pressure']
[INFO] 14:16:12.406 (multimet.py:_load_forecast_as_zarr) -- Loading forecast product 'GRAPHCAST' with bands ['graphcast_temperature_2m', 'graphcast_total_precipitation']
[INFO] 14:16:12.444 (multimet.py:_load_forecast_as_zarr) -- Loading forecast product 'HRES' with bands ['hres_surface_net_solar_radiation', 'hres_surface_net_thermal_radiation', 'hres_surface_pressure', 'hres_temperature_2m', 'hres_total_precipitation']
[INFO] 14:16:19.972 (tester.py:_load_weights) -- Using the model weights from /usr/local/google/home/kruparell/openhydronets_next/pretrained-models/google-floodhub-settings-55-epochs-nse-filtered-0.5-85-epochs/model_epoch085.pt
[INFO] 14:16:46.820 (remote_cache.py:dump_cache_stats) -- Cache Metrics: None

[INFO] 14:16:46.880 (eval_frame.py:_log_traced_frames) -- TorchDynamo attempted to trace the following frames: [

]
[INFO] 14:16:46.109 (utils.py:dump_compile_times) -- TorchDynamo compilation metrics:
Function    Runtimes (s)
----------  --------------
[INFO] 14:16:46.111 (fake_tensor.py:dump_cache_stats) -- FakeTensor cache stats:
[INFO] 14:16:46.113 (fake_tensor.py:dump_cache_stats) --   cache_hits: 0
[INFO] 14:16:46.113 (fake_tensor.py:dump_cache_stats) --   cache_misses: 0
[INFO] 14:19:34.498 (logging_utils.py:setup_logging) -- Logging to /usr/local/google/home/kruparell/openhydronets_next/pretrained-models/google-floodhub-settings-55-epochs-nse-filtered-0.5-85-epochs/output.log initialized.
[WARNING] 14:19:34.502 (_py_warnings.py:_showwarnmsg) -- /usr/local/google/_blaze_kruparell/72787aa92579b56e308bdaa1f461a9e9_buildrabbit/execroot/google3/blaze-out/k8-fastbuild/bin/third_party/py/googlehydrology/run.runfiles/google3/third_party/py/dask/config.py:835: FutureWarning: Dask configuration key 'shuffle' has been deprecated; please use 'dataframe.shuffle.algorithm' instead
  warnings.warn(

[WARNING] 14:19:36.398 (flop_counter.py:<module>) -- triton not found; flop counting will not work for triton kernels
[INFO] 14:19:37.627 (registry.py:decorator) -- Registered template heuristic: ATenConfigHeuristics for template_name=aten::bmm_dtype, device_type=xpu, op_name=None
[INFO] 14:19:37.629 (registry.py:decorator) -- Registered template heuristic: ATenConfigHeuristics for template_name=aten::bmm_dtype, device_type=cuda, op_name=None
[INFO] 14:19:37.629 (registry.py:decorator) -- Registered template heuristic: ATenConfigHeuristics for template_name=aten::_mm_plus_mm, device_type=None, op_name=None
[INFO] 14:19:37.629 (registry.py:decorator) -- Registered template heuristic: ATenConfigHeuristics for template_name=aten::bmm, device_type=None, op_name=None
[INFO] 14:19:37.630 (registry.py:decorator) -- Registered template heuristic: ATenConfigHeuristics for template_name=aten::_int_mm, device_type=None, op_name=None
[INFO] 14:19:37.630 (registry.py:decorator) -- Registered template heuristic: ATenConfigHeuristics for template_name=aten::_scaled_mm, device_type=None, op_name=None
[INFO] 14:19:37.630 (registry.py:decorator) -- Registered template heuristic: ATenConfigHeuristics for template_name=aten::mm_dtype, device_type=xpu, op_name=None
[INFO] 14:19:37.630 (registry.py:decorator) -- Registered template heuristic: ATenConfigHeuristics for template_name=aten::mm_dtype, device_type=cuda, op_name=None
[INFO] 14:19:37.630 (registry.py:decorator) -- Registered template heuristic: ATenConfigHeuristics for template_name=aten::mm, device_type=None, op_name=None
[INFO] 14:19:37.630 (registry.py:decorator) -- Registered template heuristic: ATenAddMMConfigHeuristics for template_name=aten::baddbmm, device_type=None, op_name=baddbmm
[INFO] 14:19:37.631 (registry.py:decorator) -- Registered template heuristic: ATenAddMMConfigHeuristics for template_name=aten::addmm, device_type=None, op_name=addmm
[INFO] 14:19:37.631 (registry.py:decorator) -- Registered template heuristic: ATenBiasAddMMConfigHeuristics for template_name=aten::bias_addmm, device_type=None, op_name=addmm
[INFO] 14:19:37.631 (registry.py:decorator) -- Registered template heuristic: EmptyContiguousMMConfigHeuristics for template_name=contiguous_addmm, device_type=None, op_name=addmm
[INFO] 14:19:37.631 (registry.py:decorator) -- Registered template heuristic: EmptyContiguousMMConfigHeuristics for template_name=contiguous_mm, device_type=None, op_name=mm
[INFO] 14:19:37.632 (registry.py:decorator) -- Registered template heuristic: EmptyDecomposeKConfigHeuristics for template_name=decompose_k, device_type=None, op_name=mm
[INFO] 14:19:37.632 (registry.py:decorator) -- Registered template heuristic: DecomposeKConfigHeuristics for template_name=decompose_k, device_type=cuda, op_name=mm
[INFO] 14:19:37.632 (registry.py:decorator) -- Registered template heuristic: DecomposeKConfigHeuristics for template_name=decompose_k, device_type=xpu, op_name=mm
[INFO] 14:19:37.643 (registry.py:decorator) -- Registered template heuristic: CUDAMMTemplateConfigHeuristic for template_name=triton::bmm, device_type=cuda, op_name=None
[INFO] 14:19:37.644 (registry.py:decorator) -- Registered template heuristic: CUDAMMTemplateConfigHeuristic for template_name=triton::mm, device_type=cuda, op_name=None
[INFO] 14:19:37.644 (registry.py:decorator) -- Registered template heuristic: CUDAAddMMTemplateConfigHeuristic for template_name=triton::bmm, device_type=cuda, op_name=baddbmm
[INFO] 14:19:37.644 (registry.py:decorator) -- Registered template heuristic: CUDAAddMMTemplateConfigHeuristic for template_name=triton::mm, device_type=cuda, op_name=addmm
[INFO] 14:19:37.644 (registry.py:decorator) -- Registered template heuristic: CUDAMMAHTemplateConfigHeuristic for template_name=triton::mm, device_type=cuda, op_name=mm-ah
[INFO] 14:19:37.644 (registry.py:decorator) -- Registered template heuristic: CUDAPersistentTMATemplateConfigHeuristic for template_name=triton::mm_persistent_tma, device_type=cuda, op_name=None
[INFO] 14:19:37.645 (registry.py:decorator) -- Registered template heuristic: CUDABlackwellPersistentTMATemplateConfigHeuristic for template_name=triton::blackwell_ws_persistent_device_tma, device_type=cuda, op_name=None
[INFO] 14:19:37.645 (registry.py:decorator) -- Registered template heuristic: CUDAAddmmPersistentTMATemplateConfigHeuristic for template_name=triton::mm_persistent_tma, device_type=cuda, op_name=addmm
[INFO] 14:19:37.645 (registry.py:decorator) -- Registered template heuristic: CUDABlackwellAddmmPersistentTMATemplateConfigHeuristic for template_name=triton::blackwell_ws_persistent_device_tma, device_type=cuda, op_name=addmm
[INFO] 14:19:37.646 (registry.py:decorator) -- Registered template heuristic: CUDAScaledMMTemplateConfigHeuristic for template_name=triton::mm, device_type=cuda, op_name=scaled_mm
[INFO] 14:19:37.646 (registry.py:decorator) -- Registered template heuristic: CUDAScaledTMAEpilogueScalingTemplateConfigHeuristic for template_name=triton::scaled_mm_device_tma_epilogue_scaling, device_type=cuda, op_name=scaled_mm
[INFO] 14:19:37.646 (registry.py:decorator) -- Registered template heuristic: CUDAScaledTMAMainLoopScalingTemplateConfigHeuristic for template_name=triton::scaled_mm_device_tma_main_loop_scaling, device_type=cuda, op_name=scaled_mm
[INFO] 14:19:37.646 (registry.py:decorator) -- Registered template heuristic: CUDAScaledBlackwellTMATemplateConfigHeuristic for template_name=triton::blackwell_ws_persistent_device_tma, device_type=cuda, op_name=scaled_mm
[INFO] 14:19:37.647 (registry.py:decorator) -- Registered template heuristic: CUDAMMPlusMMTemplateConfigHeuristic for template_name=triton::mm_plus_mm, device_type=cuda, op_name=None
[INFO] 14:19:37.647 (registry.py:decorator) -- Registered template heuristic: CUDAInt8MMTemplateConfigHeuristic for template_name=triton::mm, device_type=cuda, op_name=int_mm
[INFO] 14:19:37.647 (registry.py:decorator) -- Registered template heuristic: CPUMMTemplateConfigHeuristic for template_name=triton::bmm, device_type=cpu, op_name=None
[INFO] 14:19:37.647 (registry.py:decorator) -- Registered template heuristic: CPUMMTemplateConfigHeuristic for template_name=triton::mm, device_type=cpu, op_name=None
[INFO] 14:19:37.648 (registry.py:decorator) -- Registered template heuristic: CPUAddmmTemplateConfigHeuristic for template_name=triton::bmm, device_type=cpu, op_name=baddbmm
[INFO] 14:19:37.648 (registry.py:decorator) -- Registered template heuristic: CPUAddmmTemplateConfigHeuristic for template_name=triton::mm, device_type=cpu, op_name=addmm
[INFO] 14:19:37.648 (registry.py:decorator) -- Registered template heuristic: CPUScaledMMTemplateConfigHeuristic for template_name=triton::mm, device_type=cpu, op_name=scaled_mm
[INFO] 14:19:37.648 (registry.py:decorator) -- Registered template heuristic: CPUInt8MMTemplateConfigHeuristic for template_name=triton::mm, device_type=cpu, op_name=int_mm
[INFO] 14:19:37.648 (registry.py:decorator) -- Registered template heuristic: CPUMMPlusMMTemplateConfigHeuristic for template_name=triton::mm_plus_mm, device_type=cpu, op_name=None
[INFO] 14:19:37.649 (registry.py:decorator) -- Registered template heuristic: XPUMMTemplateConfigHeuristic for template_name=triton::bmm, device_type=xpu, op_name=None
[INFO] 14:19:37.649 (registry.py:decorator) -- Registered template heuristic: XPUMMTemplateConfigHeuristic for template_name=triton::mm, device_type=xpu, op_name=None
[INFO] 14:19:37.649 (registry.py:decorator) -- Registered template heuristic: XPUAddmmTemplateConfigHeuristic for template_name=triton::bmm, device_type=xpu, op_name=baddbmm
[INFO] 14:19:37.649 (registry.py:decorator) -- Registered template heuristic: XPUAddmmTemplateConfigHeuristic for template_name=triton::mm, device_type=xpu, op_name=addmm
[INFO] 14:19:37.649 (registry.py:decorator) -- Registered template heuristic: XPUPersistentTMATemplateConfigHeuristic for template_name=triton::mm_persistent_tma, device_type=xpu, op_name=None
[INFO] 14:19:37.649 (registry.py:decorator) -- Registered template heuristic: XPUAddmmPersistentTMATemplateConfigHeuristic for template_name=triton::mm_persistent_tma, device_type=xpu, op_name=addmm
[INFO] 14:19:37.650 (registry.py:decorator) -- Registered template heuristic: XPUScaledMMTemplateConfigHeuristic for template_name=triton::mm, device_type=xpu, op_name=scaled_mm
[INFO] 14:19:37.650 (registry.py:decorator) -- Registered template heuristic: XPUInt8MMTemplateConfigHeuristic for template_name=triton::mm, device_type=xpu, op_name=int_mm
[INFO] 14:19:37.650 (registry.py:decorator) -- Registered template heuristic: XPUMMPlusMMTemplateConfigHeuristic for template_name=triton::mm_plus_mm, device_type=xpu, op_name=None
[INFO] 14:19:37.650 (registry.py:decorator) -- Registered template heuristic: MTIAMMTemplateConfigHeuristic for template_name=triton::bmm, device_type=mtia, op_name=None
[INFO] 14:19:37.651 (registry.py:decorator) -- Registered template heuristic: MTIAMMTemplateConfigHeuristic for template_name=triton::mm, device_type=mtia, op_name=None
[INFO] 14:19:37.651 (registry.py:decorator) -- Registered template heuristic: MTIAAddMMTemplateConfigHeuristic for template_name=triton::bmm, device_type=mtia, op_name=baddbmm
[INFO] 14:19:37.651 (registry.py:decorator) -- Registered template heuristic: MTIAAddMMTemplateConfigHeuristic for template_name=triton::mm, device_type=mtia, op_name=addmm
[INFO] 14:19:37.651 (registry.py:decorator) -- Registered template heuristic: MTIAScaledMMTemplateConfigHeuristic for template_name=triton::mm, device_type=mtia, op_name=scaled_mm
[INFO] 14:19:37.651 (registry.py:decorator) -- Registered template heuristic: MTIAInt8MMTemplateConfigHeuristic for template_name=triton::mm, device_type=mtia, op_name=int_mm
[INFO] 14:19:37.652 (registry.py:decorator) -- Registered template heuristic: MTIAMMPlusMMTemplateConfigHeuristic for template_name=triton::mm_plus_mm, device_type=mtia, op_name=None
[INFO] 14:19:40.840 (multimet.py:_load_hindcast_as_zarr) -- Loading hindcast product 'CPC' with bands ['cpc_precipitation']
[INFO] 14:19:40.172 (multimet.py:_load_hindcast_as_zarr) -- Loading hindcast product 'GRAPHCAST' with bands ['graphcast_temperature_2m', 'graphcast_total_precipitation']
[INFO] 14:19:40.265 (multimet.py:_load_hindcast_as_zarr) -- Loading hindcast product 'HRES' with bands ['hres_surface_net_solar_radiation', 'hres_surface_net_thermal_radiation', 'hres_surface_pressure', 'hres_temperature_2m', 'hres_total_precipitation']
[INFO] 14:19:40.362 (multimet.py:_load_hindcast_as_zarr) -- Loading hindcast product 'IMERG' with bands ['imerg_precipitation']
[INFO] 14:19:40.444 (multimet.py:_load_hindcast_as_zarr) -- Loading hindcast product 'ERA5_LAND' with bands ['era5land_total_precipitation', 'era5land_temperature_2m', 'era5land_surface_net_solar_radiation', 'era5land_surface_net_thermal_radiation', 'era5land_surface_pressure']
[INFO] 14:19:40.546 (multimet.py:_load_forecast_as_zarr) -- Loading forecast product 'GRAPHCAST' with bands ['graphcast_temperature_2m', 'graphcast_total_precipitation']
[INFO] 14:19:40.586 (multimet.py:_load_forecast_as_zarr) -- Loading forecast product 'HRES' with bands ['hres_surface_net_solar_radiation', 'hres_surface_net_thermal_radiation', 'hres_surface_pressure', 'hres_temperature_2m', 'hres_total_precipitation']
[INFO] 14:19:49.226 (tester.py:_load_weights) -- Using the model weights from /usr/local/google/home/kruparell/openhydronets_next/pretrained-models/google-floodhub-settings-55-epochs-nse-filtered-0.5-85-epochs/model_epoch085.pt
[INFO] 14:20:16.126 (tester.py:evaluate) -- 1D NSE median=0.845373
[INFO] 14:20:16.127 (tester.py:evaluate) -- 1D KGE median=0.700916
[INFO] 14:20:16.179 (remote_cache.py:dump_cache_stats) -- Cache Metrics: None

[INFO] 14:20:16.184 (eval_frame.py:_log_traced_frames) -- TorchDynamo attempted to trace the following frames: [

]
[INFO] 14:20:16.207 (utils.py:dump_compile_times) -- TorchDynamo compilation metrics:
Function    Runtimes (s)
----------  --------------
[INFO] 14:20:16.210 (fake_tensor.py:dump_cache_stats) -- FakeTensor cache stats:
[INFO] 14:20:16.212 (fake_tensor.py:dump_cache_stats) --   cache_hits: 0
[INFO] 14:20:16.213 (fake_tensor.py:dump_cache_stats) --   cache_misses: 0
[INFO] 14:25:55.610 (logging_utils.py:setup_logging) -- Logging to /usr/local/google/home/kruparell/openhydronets_next/pretrained-models/google-floodhub-settings-55-epochs-nse-filtered-0.5-85-epochs/output.log initialized.
[WARNING] 14:25:55.614 (_py_warnings.py:_showwarnmsg) -- /usr/local/google/_blaze_kruparell/72787aa92579b56e308bdaa1f461a9e9_buildrabbit/execroot/google3/blaze-out/k8-fastbuild/bin/third_party/py/googlehydrology/run.runfiles/google3/third_party/py/dask/config.py:835: FutureWarning: Dask configuration key 'shuffle' has been deprecated; please use 'dataframe.shuffle.algorithm' instead
  warnings.warn(

[WARNING] 14:25:57.448 (flop_counter.py:<module>) -- triton not found; flop counting will not work for triton kernels
[INFO] 14:25:58.619 (registry.py:decorator) -- Registered template heuristic: ATenConfigHeuristics for template_name=aten::bmm_dtype, device_type=xpu, op_name=None
[INFO] 14:25:58.622 (registry.py:decorator) -- Registered template heuristic: ATenConfigHeuristics for template_name=aten::bmm_dtype, device_type=cuda, op_name=None
[INFO] 14:25:58.622 (registry.py:decorator) -- Registered template heuristic: ATenConfigHeuristics for template_name=aten::_mm_plus_mm, device_type=None, op_name=None
[INFO] 14:25:58.622 (registry.py:decorator) -- Registered template heuristic: ATenConfigHeuristics for template_name=aten::bmm, device_type=None, op_name=None
[INFO] 14:25:58.622 (registry.py:decorator) -- Registered template heuristic: ATenConfigHeuristics for template_name=aten::_int_mm, device_type=None, op_name=None
[INFO] 14:25:58.622 (registry.py:decorator) -- Registered template heuristic: ATenConfigHeuristics for template_name=aten::_scaled_mm, device_type=None, op_name=None
[INFO] 14:25:58.623 (registry.py:decorator) -- Registered template heuristic: ATenConfigHeuristics for template_name=aten::mm_dtype, device_type=xpu, op_name=None
[INFO] 14:25:58.623 (registry.py:decorator) -- Registered template heuristic: ATenConfigHeuristics for template_name=aten::mm_dtype, device_type=cuda, op_name=None
[INFO] 14:25:58.623 (registry.py:decorator) -- Registered template heuristic: ATenConfigHeuristics for template_name=aten::mm, device_type=None, op_name=None
[INFO] 14:25:58.623 (registry.py:decorator) -- Registered template heuristic: ATenAddMMConfigHeuristics for template_name=aten::baddbmm, device_type=None, op_name=baddbmm
[INFO] 14:25:58.623 (registry.py:decorator) -- Registered template heuristic: ATenAddMMConfigHeuristics for template_name=aten::addmm, device_type=None, op_name=addmm
[INFO] 14:25:58.623 (registry.py:decorator) -- Registered template heuristic: ATenBiasAddMMConfigHeuristics for template_name=aten::bias_addmm, device_type=None, op_name=addmm
[INFO] 14:25:58.624 (registry.py:decorator) -- Registered template heuristic: EmptyContiguousMMConfigHeuristics for template_name=contiguous_addmm, device_type=None, op_name=addmm
[INFO] 14:25:58.624 (registry.py:decorator) -- Registered template heuristic: EmptyContiguousMMConfigHeuristics for template_name=contiguous_mm, device_type=None, op_name=mm
[INFO] 14:25:58.624 (registry.py:decorator) -- Registered template heuristic: EmptyDecomposeKConfigHeuristics for template_name=decompose_k, device_type=None, op_name=mm
[INFO] 14:25:58.625 (registry.py:decorator) -- Registered template heuristic: DecomposeKConfigHeuristics for template_name=decompose_k, device_type=cuda, op_name=mm
[INFO] 14:25:58.625 (registry.py:decorator) -- Registered template heuristic: DecomposeKConfigHeuristics for template_name=decompose_k, device_type=xpu, op_name=mm
[INFO] 14:25:58.636 (registry.py:decorator) -- Registered template heuristic: CUDAMMTemplateConfigHeuristic for template_name=triton::bmm, device_type=cuda, op_name=None
[INFO] 14:25:58.636 (registry.py:decorator) -- Registered template heuristic: CUDAMMTemplateConfigHeuristic for template_name=triton::mm, device_type=cuda, op_name=None
[INFO] 14:25:58.636 (registry.py:decorator) -- Registered template heuristic: CUDAAddMMTemplateConfigHeuristic for template_name=triton::bmm, device_type=cuda, op_name=baddbmm
[INFO] 14:25:58.636 (registry.py:decorator) -- Registered template heuristic: CUDAAddMMTemplateConfigHeuristic for template_name=triton::mm, device_type=cuda, op_name=addmm
[INFO] 14:25:58.637 (registry.py:decorator) -- Registered template heuristic: CUDAMMAHTemplateConfigHeuristic for template_name=triton::mm, device_type=cuda, op_name=mm-ah
[INFO] 14:25:58.637 (registry.py:decorator) -- Registered template heuristic: CUDAPersistentTMATemplateConfigHeuristic for template_name=triton::mm_persistent_tma, device_type=cuda, op_name=None
[INFO] 14:25:58.637 (registry.py:decorator) -- Registered template heuristic: CUDABlackwellPersistentTMATemplateConfigHeuristic for template_name=triton::blackwell_ws_persistent_device_tma, device_type=cuda, op_name=None
[INFO] 14:25:58.637 (registry.py:decorator) -- Registered template heuristic: CUDAAddmmPersistentTMATemplateConfigHeuristic for template_name=triton::mm_persistent_tma, device_type=cuda, op_name=addmm
[INFO] 14:25:58.638 (registry.py:decorator) -- Registered template heuristic: CUDABlackwellAddmmPersistentTMATemplateConfigHeuristic for template_name=triton::blackwell_ws_persistent_device_tma, device_type=cuda, op_name=addmm
[INFO] 14:25:58.638 (registry.py:decorator) -- Registered template heuristic: CUDAScaledMMTemplateConfigHeuristic for template_name=triton::mm, device_type=cuda, op_name=scaled_mm
[INFO] 14:25:58.638 (registry.py:decorator) -- Registered template heuristic: CUDAScaledTMAEpilogueScalingTemplateConfigHeuristic for template_name=triton::scaled_mm_device_tma_epilogue_scaling, device_type=cuda, op_name=scaled_mm
[INFO] 14:25:58.638 (registry.py:decorator) -- Registered template heuristic: CUDAScaledTMAMainLoopScalingTemplateConfigHeuristic for template_name=triton::scaled_mm_device_tma_main_loop_scaling, device_type=cuda, op_name=scaled_mm
[INFO] 14:25:58.638 (registry.py:decorator) -- Registered template heuristic: CUDAScaledBlackwellTMATemplateConfigHeuristic for template_name=triton::blackwell_ws_persistent_device_tma, device_type=cuda, op_name=scaled_mm
[INFO] 14:25:58.639 (registry.py:decorator) -- Registered template heuristic: CUDAMMPlusMMTemplateConfigHeuristic for template_name=triton::mm_plus_mm, device_type=cuda, op_name=None
[INFO] 14:25:58.639 (registry.py:decorator) -- Registered template heuristic: CUDAInt8MMTemplateConfigHeuristic for template_name=triton::mm, device_type=cuda, op_name=int_mm
[INFO] 14:25:58.639 (registry.py:decorator) -- Registered template heuristic: CPUMMTemplateConfigHeuristic for template_name=triton::bmm, device_type=cpu, op_name=None
[INFO] 14:25:58.639 (registry.py:decorator) -- Registered template heuristic: CPUMMTemplateConfigHeuristic for template_name=triton::mm, device_type=cpu, op_name=None
[INFO] 14:25:58.640 (registry.py:decorator) -- Registered template heuristic: CPUAddmmTemplateConfigHeuristic for template_name=triton::bmm, device_type=cpu, op_name=baddbmm
[INFO] 14:25:58.640 (registry.py:decorator) -- Registered template heuristic: CPUAddmmTemplateConfigHeuristic for template_name=triton::mm, device_type=cpu, op_name=addmm
[INFO] 14:25:58.640 (registry.py:decorator) -- Registered template heuristic: CPUScaledMMTemplateConfigHeuristic for template_name=triton::mm, device_type=cpu, op_name=scaled_mm
[INFO] 14:25:58.640 (registry.py:decorator) -- Registered template heuristic: CPUInt8MMTemplateConfigHeuristic for template_name=triton::mm, device_type=cpu, op_name=int_mm
[INFO] 14:25:58.640 (registry.py:decorator) -- Registered template heuristic: CPUMMPlusMMTemplateConfigHeuristic for template_name=triton::mm_plus_mm, device_type=cpu, op_name=None
[INFO] 14:25:58.641 (registry.py:decorator) -- Registered template heuristic: XPUMMTemplateConfigHeuristic for template_name=triton::bmm, device_type=xpu, op_name=None
[INFO] 14:25:58.641 (registry.py:decorator) -- Registered template heuristic: XPUMMTemplateConfigHeuristic for template_name=triton::mm, device_type=xpu, op_name=None
[INFO] 14:25:58.641 (registry.py:decorator) -- Registered template heuristic: XPUAddmmTemplateConfigHeuristic for template_name=triton::bmm, device_type=xpu, op_name=baddbmm
[INFO] 14:25:58.641 (registry.py:decorator) -- Registered template heuristic: XPUAddmmTemplateConfigHeuristic for template_name=triton::mm, device_type=xpu, op_name=addmm
[INFO] 14:25:58.641 (registry.py:decorator) -- Registered template heuristic: XPUPersistentTMATemplateConfigHeuristic for template_name=triton::mm_persistent_tma, device_type=xpu, op_name=None
[INFO] 14:25:58.642 (registry.py:decorator) -- Registered template heuristic: XPUAddmmPersistentTMATemplateConfigHeuristic for template_name=triton::mm_persistent_tma, device_type=xpu, op_name=addmm
[INFO] 14:25:58.642 (registry.py:decorator) -- Registered template heuristic: XPUScaledMMTemplateConfigHeuristic for template_name=triton::mm, device_type=xpu, op_name=scaled_mm
[INFO] 14:25:58.642 (registry.py:decorator) -- Registered template heuristic: XPUInt8MMTemplateConfigHeuristic for template_name=triton::mm, device_type=xpu, op_name=int_mm
[INFO] 14:25:58.642 (registry.py:decorator) -- Registered template heuristic: XPUMMPlusMMTemplateConfigHeuristic for template_name=triton::mm_plus_mm, device_type=xpu, op_name=None
[INFO] 14:25:58.642 (registry.py:decorator) -- Registered template heuristic: MTIAMMTemplateConfigHeuristic for template_name=triton::bmm, device_type=mtia, op_name=None
[INFO] 14:25:58.643 (registry.py:decorator) -- Registered template heuristic: MTIAMMTemplateConfigHeuristic for template_name=triton::mm, device_type=mtia, op_name=None
[INFO] 14:25:58.643 (registry.py:decorator) -- Registered template heuristic: MTIAAddMMTemplateConfigHeuristic for template_name=triton::bmm, device_type=mtia, op_name=baddbmm
[INFO] 14:25:58.643 (registry.py:decorator) -- Registered template heuristic: MTIAAddMMTemplateConfigHeuristic for template_name=triton::mm, device_type=mtia, op_name=addmm
[INFO] 14:25:58.643 (registry.py:decorator) -- Registered template heuristic: MTIAScaledMMTemplateConfigHeuristic for template_name=triton::mm, device_type=mtia, op_name=scaled_mm
[INFO] 14:25:58.643 (registry.py:decorator) -- Registered template heuristic: MTIAInt8MMTemplateConfigHeuristic for template_name=triton::mm, device_type=mtia, op_name=int_mm
[INFO] 14:25:58.643 (registry.py:decorator) -- Registered template heuristic: MTIAMMPlusMMTemplateConfigHeuristic for template_name=triton::mm_plus_mm, device_type=mtia, op_name=None
[INFO] 14:25:58.993 (multimet.py:_load_hindcast_as_zarr) -- Loading hindcast product 'CPC' with bands ['cpc_precipitation']
[INFO] 14:25:59.870 (multimet.py:_load_hindcast_as_zarr) -- Loading hindcast product 'GRAPHCAST' with bands ['graphcast_temperature_2m', 'graphcast_total_precipitation']
[INFO] 14:25:59.184 (multimet.py:_load_hindcast_as_zarr) -- Loading hindcast product 'HRES' with bands ['hres_surface_net_solar_radiation', 'hres_surface_net_thermal_radiation', 'hres_surface_pressure', 'hres_temperature_2m', 'hres_total_precipitation']
[INFO] 14:25:59.274 (multimet.py:_load_hindcast_as_zarr) -- Loading hindcast product 'IMERG' with bands ['imerg_precipitation']
[INFO] 14:25:59.357 (multimet.py:_load_hindcast_as_zarr) -- Loading hindcast product 'ERA5_LAND' with bands ['era5land_total_precipitation', 'era5land_temperature_2m', 'era5land_surface_net_solar_radiation', 'era5land_surface_net_thermal_radiation', 'era5land_surface_pressure']
[INFO] 14:25:59.462 (multimet.py:_load_forecast_as_zarr) -- Loading forecast product 'GRAPHCAST' with bands ['graphcast_temperature_2m', 'graphcast_total_precipitation']
[INFO] 14:25:59.503 (multimet.py:_load_forecast_as_zarr) -- Loading forecast product 'HRES' with bands ['hres_surface_net_solar_radiation', 'hres_surface_net_thermal_radiation', 'hres_surface_pressure', 'hres_temperature_2m', 'hres_total_precipitation']
[INFO] 14:26:07.341 (tester.py:_load_weights) -- Using the model weights from /usr/local/google/home/kruparell/openhydronets_next/pretrained-models/google-floodhub-settings-55-epochs-nse-filtered-0.5-85-epochs/model_epoch085.pt
[INFO] 14:26:33.822 (remote_cache.py:dump_cache_stats) -- Cache Metrics: None

[INFO] 14:26:33.827 (eval_frame.py:_log_traced_frames) -- TorchDynamo attempted to trace the following frames: [

]
[INFO] 14:26:33.850 (utils.py:dump_compile_times) -- TorchDynamo compilation metrics:
Function    Runtimes (s)
----------  --------------
[INFO] 14:26:33.852 (fake_tensor.py:dump_cache_stats) -- FakeTensor cache stats:
[INFO] 14:26:33.854 (fake_tensor.py:dump_cache_stats) --   cache_hits: 0
[INFO] 14:26:33.854 (fake_tensor.py:dump_cache_stats) --   cache_misses: 0
[INFO] 14:27:09.902 (logging_utils.py:setup_logging) -- Logging to /usr/local/google/home/kruparell/openhydronets_next/pretrained-models/google-floodhub-settings-55-epochs-nse-filtered-0.5-85-epochs/output.log initialized.
[WARNING] 14:27:09.906 (_py_warnings.py:_showwarnmsg) -- /usr/local/google/_blaze_kruparell/72787aa92579b56e308bdaa1f461a9e9_buildrabbit/execroot/google3/blaze-out/k8-fastbuild/bin/third_party/py/googlehydrology/run.runfiles/google3/third_party/py/dask/config.py:835: FutureWarning: Dask configuration key 'shuffle' has been deprecated; please use 'dataframe.shuffle.algorithm' instead
  warnings.warn(

[WARNING] 14:27:11.732 (flop_counter.py:<module>) -- triton not found; flop counting will not work for triton kernels
[INFO] 14:27:12.920 (registry.py:decorator) -- Registered template heuristic: ATenConfigHeuristics for template_name=aten::bmm_dtype, device_type=xpu, op_name=None
[INFO] 14:27:12.923 (registry.py:decorator) -- Registered template heuristic: ATenConfigHeuristics for template_name=aten::bmm_dtype, device_type=cuda, op_name=None
[INFO] 14:27:12.923 (registry.py:decorator) -- Registered template heuristic: ATenConfigHeuristics for template_name=aten::_mm_plus_mm, device_type=None, op_name=None
[INFO] 14:27:12.923 (registry.py:decorator) -- Registered template heuristic: ATenConfigHeuristics for template_name=aten::bmm, device_type=None, op_name=None
[INFO] 14:27:12.923 (registry.py:decorator) -- Registered template heuristic: ATenConfigHeuristics for template_name=aten::_int_mm, device_type=None, op_name=None
[INFO] 14:27:12.923 (registry.py:decorator) -- Registered template heuristic: ATenConfigHeuristics for template_name=aten::_scaled_mm, device_type=None, op_name=None
[INFO] 14:27:12.923 (registry.py:decorator) -- Registered template heuristic: ATenConfigHeuristics for template_name=aten::mm_dtype, device_type=xpu, op_name=None
[INFO] 14:27:12.924 (registry.py:decorator) -- Registered template heuristic: ATenConfigHeuristics for template_name=aten::mm_dtype, device_type=cuda, op_name=None
[INFO] 14:27:12.924 (registry.py:decorator) -- Registered template heuristic: ATenConfigHeuristics for template_name=aten::mm, device_type=None, op_name=None
[INFO] 14:27:12.924 (registry.py:decorator) -- Registered template heuristic: ATenAddMMConfigHeuristics for template_name=aten::baddbmm, device_type=None, op_name=baddbmm
[INFO] 14:27:12.924 (registry.py:decorator) -- Registered template heuristic: ATenAddMMConfigHeuristics for template_name=aten::addmm, device_type=None, op_name=addmm
[INFO] 14:27:12.924 (registry.py:decorator) -- Registered template heuristic: ATenBiasAddMMConfigHeuristics for template_name=aten::bias_addmm, device_type=None, op_name=addmm
[INFO] 14:27:12.925 (registry.py:decorator) -- Registered template heuristic: EmptyContiguousMMConfigHeuristics for template_name=contiguous_addmm, device_type=None, op_name=addmm
[INFO] 14:27:12.925 (registry.py:decorator) -- Registered template heuristic: EmptyContiguousMMConfigHeuristics for template_name=contiguous_mm, device_type=None, op_name=mm
[INFO] 14:27:12.926 (registry.py:decorator) -- Registered template heuristic: EmptyDecomposeKConfigHeuristics for template_name=decompose_k, device_type=None, op_name=mm
[INFO] 14:27:12.926 (registry.py:decorator) -- Registered template heuristic: DecomposeKConfigHeuristics for template_name=decompose_k, device_type=cuda, op_name=mm
[INFO] 14:27:12.926 (registry.py:decorator) -- Registered template heuristic: DecomposeKConfigHeuristics for template_name=decompose_k, device_type=xpu, op_name=mm
[INFO] 14:27:12.938 (registry.py:decorator) -- Registered template heuristic: CUDAMMTemplateConfigHeuristic for template_name=triton::bmm, device_type=cuda, op_name=None
[INFO] 14:27:12.938 (registry.py:decorator) -- Registered template heuristic: CUDAMMTemplateConfigHeuristic for template_name=triton::mm, device_type=cuda, op_name=None
[INFO] 14:27:12.938 (registry.py:decorator) -- Registered template heuristic: CUDAAddMMTemplateConfigHeuristic for template_name=triton::bmm, device_type=cuda, op_name=baddbmm
[INFO] 14:27:12.938 (registry.py:decorator) -- Registered template heuristic: CUDAAddMMTemplateConfigHeuristic for template_name=triton::mm, device_type=cuda, op_name=addmm
[INFO] 14:27:12.939 (registry.py:decorator) -- Registered template heuristic: CUDAMMAHTemplateConfigHeuristic for template_name=triton::mm, device_type=cuda, op_name=mm-ah
[INFO] 14:27:12.939 (registry.py:decorator) -- Registered template heuristic: CUDAPersistentTMATemplateConfigHeuristic for template_name=triton::mm_persistent_tma, device_type=cuda, op_name=None
[INFO] 14:27:12.939 (registry.py:decorator) -- Registered template heuristic: CUDABlackwellPersistentTMATemplateConfigHeuristic for template_name=triton::blackwell_ws_persistent_device_tma, device_type=cuda, op_name=None
[INFO] 14:27:12.939 (registry.py:decorator) -- Registered template heuristic: CUDAAddmmPersistentTMATemplateConfigHeuristic for template_name=triton::mm_persistent_tma, device_type=cuda, op_name=addmm
[INFO] 14:27:12.940 (registry.py:decorator) -- Registered template heuristic: CUDABlackwellAddmmPersistentTMATemplateConfigHeuristic for template_name=triton::blackwell_ws_persistent_device_tma, device_type=cuda, op_name=addmm
[INFO] 14:27:12.940 (registry.py:decorator) -- Registered template heuristic: CUDAScaledMMTemplateConfigHeuristic for template_name=triton::mm, device_type=cuda, op_name=scaled_mm
[INFO] 14:27:12.940 (registry.py:decorator) -- Registered template heuristic: CUDAScaledTMAEpilogueScalingTemplateConfigHeuristic for template_name=triton::scaled_mm_device_tma_epilogue_scaling, device_type=cuda, op_name=scaled_mm
[INFO] 14:27:12.941 (registry.py:decorator) -- Registered template heuristic: CUDAScaledTMAMainLoopScalingTemplateConfigHeuristic for template_name=triton::scaled_mm_device_tma_main_loop_scaling, device_type=cuda, op_name=scaled_mm
[INFO] 14:27:12.941 (registry.py:decorator) -- Registered template heuristic: CUDAScaledBlackwellTMATemplateConfigHeuristic for template_name=triton::blackwell_ws_persistent_device_tma, device_type=cuda, op_name=scaled_mm
[INFO] 14:27:12.941 (registry.py:decorator) -- Registered template heuristic: CUDAMMPlusMMTemplateConfigHeuristic for template_name=triton::mm_plus_mm, device_type=cuda, op_name=None
[INFO] 14:27:12.941 (registry.py:decorator) -- Registered template heuristic: CUDAInt8MMTemplateConfigHeuristic for template_name=triton::mm, device_type=cuda, op_name=int_mm
[INFO] 14:27:12.942 (registry.py:decorator) -- Registered template heuristic: CPUMMTemplateConfigHeuristic for template_name=triton::bmm, device_type=cpu, op_name=None
[INFO] 14:27:12.942 (registry.py:decorator) -- Registered template heuristic: CPUMMTemplateConfigHeuristic for template_name=triton::mm, device_type=cpu, op_name=None
[INFO] 14:27:12.942 (registry.py:decorator) -- Registered template heuristic: CPUAddmmTemplateConfigHeuristic for template_name=triton::bmm, device_type=cpu, op_name=baddbmm
[INFO] 14:27:12.942 (registry.py:decorator) -- Registered template heuristic: CPUAddmmTemplateConfigHeuristic for template_name=triton::mm, device_type=cpu, op_name=addmm
[INFO] 14:27:12.943 (registry.py:decorator) -- Registered template heuristic: CPUScaledMMTemplateConfigHeuristic for template_name=triton::mm, device_type=cpu, op_name=scaled_mm
[INFO] 14:27:12.943 (registry.py:decorator) -- Registered template heuristic: CPUInt8MMTemplateConfigHeuristic for template_name=triton::mm, device_type=cpu, op_name=int_mm
[INFO] 14:27:12.943 (registry.py:decorator) -- Registered template heuristic: CPUMMPlusMMTemplateConfigHeuristic for template_name=triton::mm_plus_mm, device_type=cpu, op_name=None
[INFO] 14:27:12.943 (registry.py:decorator) -- Registered template heuristic: XPUMMTemplateConfigHeuristic for template_name=triton::bmm, device_type=xpu, op_name=None
[INFO] 14:27:12.943 (registry.py:decorator) -- Registered template heuristic: XPUMMTemplateConfigHeuristic for template_name=triton::mm, device_type=xpu, op_name=None
[INFO] 14:27:12.944 (registry.py:decorator) -- Registered template heuristic: XPUAddmmTemplateConfigHeuristic for template_name=triton::bmm, device_type=xpu, op_name=baddbmm
[INFO] 14:27:12.944 (registry.py:decorator) -- Registered template heuristic: XPUAddmmTemplateConfigHeuristic for template_name=triton::mm, device_type=xpu, op_name=addmm
[INFO] 14:27:12.944 (registry.py:decorator) -- Registered template heuristic: XPUPersistentTMATemplateConfigHeuristic for template_name=triton::mm_persistent_tma, device_type=xpu, op_name=None
[INFO] 14:27:12.944 (registry.py:decorator) -- Registered template heuristic: XPUAddmmPersistentTMATemplateConfigHeuristic for template_name=triton::mm_persistent_tma, device_type=xpu, op_name=addmm
[INFO] 14:27:12.944 (registry.py:decorator) -- Registered template heuristic: XPUScaledMMTemplateConfigHeuristic for template_name=triton::mm, device_type=xpu, op_name=scaled_mm
[INFO] 14:27:12.945 (registry.py:decorator) -- Registered template heuristic: XPUInt8MMTemplateConfigHeuristic for template_name=triton::mm, device_type=xpu, op_name=int_mm
[INFO] 14:27:12.945 (registry.py:decorator) -- Registered template heuristic: XPUMMPlusMMTemplateConfigHeuristic for template_name=triton::mm_plus_mm, device_type=xpu, op_name=None
[INFO] 14:27:12.945 (registry.py:decorator) -- Registered template heuristic: MTIAMMTemplateConfigHeuristic for template_name=triton::bmm, device_type=mtia, op_name=None
[INFO] 14:27:12.945 (registry.py:decorator) -- Registered template heuristic: MTIAMMTemplateConfigHeuristic for template_name=triton::mm, device_type=mtia, op_name=None
[INFO] 14:27:12.946 (registry.py:decorator) -- Registered template heuristic: MTIAAddMMTemplateConfigHeuristic for template_name=triton::bmm, device_type=mtia, op_name=baddbmm
[INFO] 14:27:12.946 (registry.py:decorator) -- Registered template heuristic: MTIAAddMMTemplateConfigHeuristic for template_name=triton::mm, device_type=mtia, op_name=addmm
[INFO] 14:27:12.946 (registry.py:decorator) -- Registered template heuristic: MTIAScaledMMTemplateConfigHeuristic for template_name=triton::mm, device_type=mtia, op_name=scaled_mm
[INFO] 14:27:12.946 (registry.py:decorator) -- Registered template heuristic: MTIAInt8MMTemplateConfigHeuristic for template_name=triton::mm, device_type=mtia, op_name=int_mm
[INFO] 14:27:12.947 (registry.py:decorator) -- Registered template heuristic: MTIAMMPlusMMTemplateConfigHeuristic for template_name=triton::mm_plus_mm, device_type=mtia, op_name=None
[INFO] 14:27:15.379 (multimet.py:_load_hindcast_as_zarr) -- Loading hindcast product 'CPC' with bands ['cpc_precipitation']
[INFO] 14:27:15.468 (multimet.py:_load_hindcast_as_zarr) -- Loading hindcast product 'GRAPHCAST' with bands ['graphcast_temperature_2m', 'graphcast_total_precipitation']
[INFO] 14:27:15.567 (multimet.py:_load_hindcast_as_zarr) -- Loading hindcast product 'HRES' with bands ['hres_surface_net_solar_radiation', 'hres_surface_net_thermal_radiation', 'hres_surface_pressure', 'hres_temperature_2m', 'hres_total_precipitation']
[INFO] 14:27:15.663 (multimet.py:_load_hindcast_as_zarr) -- Loading hindcast product 'IMERG' with bands ['imerg_precipitation']
[INFO] 14:27:15.752 (multimet.py:_load_hindcast_as_zarr) -- Loading hindcast product 'ERA5_LAND' with bands ['era5land_total_precipitation', 'era5land_temperature_2m', 'era5land_surface_net_solar_radiation', 'era5land_surface_net_thermal_radiation', 'era5land_surface_pressure']
[INFO] 14:27:15.860 (multimet.py:_load_forecast_as_zarr) -- Loading forecast product 'GRAPHCAST' with bands ['graphcast_temperature_2m', 'graphcast_total_precipitation']
[INFO] 14:27:15.900 (multimet.py:_load_forecast_as_zarr) -- Loading forecast product 'HRES' with bands ['hres_surface_net_solar_radiation', 'hres_surface_net_thermal_radiation', 'hres_surface_pressure', 'hres_temperature_2m', 'hres_total_precipitation']
[INFO] 14:27:24.499 (tester.py:_load_weights) -- Using the model weights from /usr/local/google/home/kruparell/openhydronets_next/pretrained-models/google-floodhub-settings-55-epochs-nse-filtered-0.5-85-epochs/model_epoch085.pt
[INFO] 14:27:51.900 (tester.py:evaluate) -- 1D NSE median=0.839705
[INFO] 14:27:51.100 (tester.py:evaluate) -- 1D KGE median=0.682350
[INFO] 14:27:51.590 (remote_cache.py:dump_cache_stats) -- Cache Metrics: None

[INFO] 14:27:51.650 (eval_frame.py:_log_traced_frames) -- TorchDynamo attempted to trace the following frames: [

]
[INFO] 14:27:51.960 (utils.py:dump_compile_times) -- TorchDynamo compilation metrics:
Function    Runtimes (s)
----------  --------------
[INFO] 14:27:51.990 (fake_tensor.py:dump_cache_stats) -- FakeTensor cache stats:
[INFO] 14:27:51.101 (fake_tensor.py:dump_cache_stats) --   cache_hits: 0
[INFO] 14:27:51.101 (fake_tensor.py:dump_cache_stats) --   cache_misses: 0
[INFO] 14:36:12.694 (logging_utils.py:setup_logging) -- Logging to /usr/local/google/home/kruparell/openhydronets_next/pretrained-models/google-floodhub-settings-55-epochs-nse-filtered-0.5-85-epochs/output.log initialized.
[WARNING] 14:36:12.698 (_py_warnings.py:_showwarnmsg) -- /usr/local/google/_blaze_kruparell/72787aa92579b56e308bdaa1f461a9e9_buildrabbit/execroot/google3/blaze-out/k8-fastbuild/bin/third_party/py/googlehydrology/run.runfiles/google3/third_party/py/dask/config.py:835: FutureWarning: Dask configuration key 'shuffle' has been deprecated; please use 'dataframe.shuffle.algorithm' instead
  warnings.warn(

[WARNING] 14:36:14.610 (flop_counter.py:<module>) -- triton not found; flop counting will not work for triton kernels
[INFO] 14:36:15.860 (registry.py:decorator) -- Registered template heuristic: ATenConfigHeuristics for template_name=aten::bmm_dtype, device_type=xpu, op_name=None
[INFO] 14:36:15.863 (registry.py:decorator) -- Registered template heuristic: ATenConfigHeuristics for template_name=aten::bmm_dtype, device_type=cuda, op_name=None
[INFO] 14:36:15.863 (registry.py:decorator) -- Registered template heuristic: ATenConfigHeuristics for template_name=aten::_mm_plus_mm, device_type=None, op_name=None
[INFO] 14:36:15.864 (registry.py:decorator) -- Registered template heuristic: ATenConfigHeuristics for template_name=aten::bmm, device_type=None, op_name=None
[INFO] 14:36:15.864 (registry.py:decorator) -- Registered template heuristic: ATenConfigHeuristics for template_name=aten::_int_mm, device_type=None, op_name=None
[INFO] 14:36:15.864 (registry.py:decorator) -- Registered template heuristic: ATenConfigHeuristics for template_name=aten::_scaled_mm, device_type=None, op_name=None
[INFO] 14:36:15.864 (registry.py:decorator) -- Registered template heuristic: ATenConfigHeuristics for template_name=aten::mm_dtype, device_type=xpu, op_name=None
[INFO] 14:36:15.865 (registry.py:decorator) -- Registered template heuristic: ATenConfigHeuristics for template_name=aten::mm_dtype, device_type=cuda, op_name=None
[INFO] 14:36:15.865 (registry.py:decorator) -- Registered template heuristic: ATenConfigHeuristics for template_name=aten::mm, device_type=None, op_name=None
[INFO] 14:36:15.865 (registry.py:decorator) -- Registered template heuristic: ATenAddMMConfigHeuristics for template_name=aten::baddbmm, device_type=None, op_name=baddbmm
[INFO] 14:36:15.865 (registry.py:decorator) -- Registered template heuristic: ATenAddMMConfigHeuristics for template_name=aten::addmm, device_type=None, op_name=addmm
[INFO] 14:36:15.865 (registry.py:decorator) -- Registered template heuristic: ATenBiasAddMMConfigHeuristics for template_name=aten::bias_addmm, device_type=None, op_name=addmm
[INFO] 14:36:15.866 (registry.py:decorator) -- Registered template heuristic: EmptyContiguousMMConfigHeuristics for template_name=contiguous_addmm, device_type=None, op_name=addmm
[INFO] 14:36:15.866 (registry.py:decorator) -- Registered template heuristic: EmptyContiguousMMConfigHeuristics for template_name=contiguous_mm, device_type=None, op_name=mm
[INFO] 14:36:15.867 (registry.py:decorator) -- Registered template heuristic: EmptyDecomposeKConfigHeuristics for template_name=decompose_k, device_type=None, op_name=mm
[INFO] 14:36:15.867 (registry.py:decorator) -- Registered template heuristic: DecomposeKConfigHeuristics for template_name=decompose_k, device_type=cuda, op_name=mm
[INFO] 14:36:15.867 (registry.py:decorator) -- Registered template heuristic: DecomposeKConfigHeuristics for template_name=decompose_k, device_type=xpu, op_name=mm
[INFO] 14:36:15.878 (registry.py:decorator) -- Registered template heuristic: CUDAMMTemplateConfigHeuristic for template_name=triton::bmm, device_type=cuda, op_name=None
[INFO] 14:36:15.878 (registry.py:decorator) -- Registered template heuristic: CUDAMMTemplateConfigHeuristic for template_name=triton::mm, device_type=cuda, op_name=None
[INFO] 14:36:15.879 (registry.py:decorator) -- Registered template heuristic: CUDAAddMMTemplateConfigHeuristic for template_name=triton::bmm, device_type=cuda, op_name=baddbmm
[INFO] 14:36:15.879 (registry.py:decorator) -- Registered template heuristic: CUDAAddMMTemplateConfigHeuristic for template_name=triton::mm, device_type=cuda, op_name=addmm
[INFO] 14:36:15.879 (registry.py:decorator) -- Registered template heuristic: CUDAMMAHTemplateConfigHeuristic for template_name=triton::mm, device_type=cuda, op_name=mm-ah
[INFO] 14:36:15.879 (registry.py:decorator) -- Registered template heuristic: CUDAPersistentTMATemplateConfigHeuristic for template_name=triton::mm_persistent_tma, device_type=cuda, op_name=None
[INFO] 14:36:15.879 (registry.py:decorator) -- Registered template heuristic: CUDABlackwellPersistentTMATemplateConfigHeuristic for template_name=triton::blackwell_ws_persistent_device_tma, device_type=cuda, op_name=None
[INFO] 14:36:15.880 (registry.py:decorator) -- Registered template heuristic: CUDAAddmmPersistentTMATemplateConfigHeuristic for template_name=triton::mm_persistent_tma, device_type=cuda, op_name=addmm
[INFO] 14:36:15.880 (registry.py:decorator) -- Registered template heuristic: CUDABlackwellAddmmPersistentTMATemplateConfigHeuristic for template_name=triton::blackwell_ws_persistent_device_tma, device_type=cuda, op_name=addmm
[INFO] 14:36:15.880 (registry.py:decorator) -- Registered template heuristic: CUDAScaledMMTemplateConfigHeuristic for template_name=triton::mm, device_type=cuda, op_name=scaled_mm
[INFO] 14:36:15.880 (registry.py:decorator) -- Registered template heuristic: CUDAScaledTMAEpilogueScalingTemplateConfigHeuristic for template_name=triton::scaled_mm_device_tma_epilogue_scaling, device_type=cuda, op_name=scaled_mm
[INFO] 14:36:15.880 (registry.py:decorator) -- Registered template heuristic: CUDAScaledTMAMainLoopScalingTemplateConfigHeuristic for template_name=triton::scaled_mm_device_tma_main_loop_scaling, device_type=cuda, op_name=scaled_mm
[INFO] 14:36:15.881 (registry.py:decorator) -- Registered template heuristic: CUDAScaledBlackwellTMATemplateConfigHeuristic for template_name=triton::blackwell_ws_persistent_device_tma, device_type=cuda, op_name=scaled_mm
[INFO] 14:36:15.881 (registry.py:decorator) -- Registered template heuristic: CUDAMMPlusMMTemplateConfigHeuristic for template_name=triton::mm_plus_mm, device_type=cuda, op_name=None
[INFO] 14:36:15.881 (registry.py:decorator) -- Registered template heuristic: CUDAInt8MMTemplateConfigHeuristic for template_name=triton::mm, device_type=cuda, op_name=int_mm
[INFO] 14:36:15.882 (registry.py:decorator) -- Registered template heuristic: CPUMMTemplateConfigHeuristic for template_name=triton::bmm, device_type=cpu, op_name=None
[INFO] 14:36:15.882 (registry.py:decorator) -- Registered template heuristic: CPUMMTemplateConfigHeuristic for template_name=triton::mm, device_type=cpu, op_name=None
[INFO] 14:36:15.882 (registry.py:decorator) -- Registered template heuristic: CPUAddmmTemplateConfigHeuristic for template_name=triton::bmm, device_type=cpu, op_name=baddbmm
[INFO] 14:36:15.882 (registry.py:decorator) -- Registered template heuristic: CPUAddmmTemplateConfigHeuristic for template_name=triton::mm, device_type=cpu, op_name=addmm
[INFO] 14:36:15.882 (registry.py:decorator) -- Registered template heuristic: CPUScaledMMTemplateConfigHeuristic for template_name=triton::mm, device_type=cpu, op_name=scaled_mm
[INFO] 14:36:15.882 (registry.py:decorator) -- Registered template heuristic: CPUInt8MMTemplateConfigHeuristic for template_name=triton::mm, device_type=cpu, op_name=int_mm
[INFO] 14:36:15.883 (registry.py:decorator) -- Registered template heuristic: CPUMMPlusMMTemplateConfigHeuristic for template_name=triton::mm_plus_mm, device_type=cpu, op_name=None
[INFO] 14:36:15.883 (registry.py:decorator) -- Registered template heuristic: XPUMMTemplateConfigHeuristic for template_name=triton::bmm, device_type=xpu, op_name=None
[INFO] 14:36:15.883 (registry.py:decorator) -- Registered template heuristic: XPUMMTemplateConfigHeuristic for template_name=triton::mm, device_type=xpu, op_name=None
[INFO] 14:36:15.883 (registry.py:decorator) -- Registered template heuristic: XPUAddmmTemplateConfigHeuristic for template_name=triton::bmm, device_type=xpu, op_name=baddbmm
[INFO] 14:36:15.883 (registry.py:decorator) -- Registered template heuristic: XPUAddmmTemplateConfigHeuristic for template_name=triton::mm, device_type=xpu, op_name=addmm
[INFO] 14:36:15.884 (registry.py:decorator) -- Registered template heuristic: XPUPersistentTMATemplateConfigHeuristic for template_name=triton::mm_persistent_tma, device_type=xpu, op_name=None
[INFO] 14:36:15.884 (registry.py:decorator) -- Registered template heuristic: XPUAddmmPersistentTMATemplateConfigHeuristic for template_name=triton::mm_persistent_tma, device_type=xpu, op_name=addmm
[INFO] 14:36:15.884 (registry.py:decorator) -- Registered template heuristic: XPUScaledMMTemplateConfigHeuristic for template_name=triton::mm, device_type=xpu, op_name=scaled_mm
[INFO] 14:36:15.884 (registry.py:decorator) -- Registered template heuristic: XPUInt8MMTemplateConfigHeuristic for template_name=triton::mm, device_type=xpu, op_name=int_mm
[INFO] 14:36:15.884 (registry.py:decorator) -- Registered template heuristic: XPUMMPlusMMTemplateConfigHeuristic for template_name=triton::mm_plus_mm, device_type=xpu, op_name=None
[INFO] 14:36:15.885 (registry.py:decorator) -- Registered template heuristic: MTIAMMTemplateConfigHeuristic for template_name=triton::bmm, device_type=mtia, op_name=None
[INFO] 14:36:15.885 (registry.py:decorator) -- Registered template heuristic: MTIAMMTemplateConfigHeuristic for template_name=triton::mm, device_type=mtia, op_name=None
[INFO] 14:36:15.885 (registry.py:decorator) -- Registered template heuristic: MTIAAddMMTemplateConfigHeuristic for template_name=triton::bmm, device_type=mtia, op_name=baddbmm
[INFO] 14:36:15.885 (registry.py:decorator) -- Registered template heuristic: MTIAAddMMTemplateConfigHeuristic for template_name=triton::mm, device_type=mtia, op_name=addmm
[INFO] 14:36:15.885 (registry.py:decorator) -- Registered template heuristic: MTIAScaledMMTemplateConfigHeuristic for template_name=triton::mm, device_type=mtia, op_name=scaled_mm
[INFO] 14:36:15.886 (registry.py:decorator) -- Registered template heuristic: MTIAInt8MMTemplateConfigHeuristic for template_name=triton::mm, device_type=mtia, op_name=int_mm
[INFO] 14:36:15.886 (registry.py:decorator) -- Registered template heuristic: MTIAMMPlusMMTemplateConfigHeuristic for template_name=triton::mm_plus_mm, device_type=mtia, op_name=None
[INFO] 14:36:18.416 (multimet.py:_load_hindcast_as_zarr) -- Loading hindcast product 'CPC' with bands ['cpc_precipitation']
[INFO] 14:36:18.502 (multimet.py:_load_hindcast_as_zarr) -- Loading hindcast product 'GRAPHCAST' with bands ['graphcast_temperature_2m', 'graphcast_total_precipitation']
[INFO] 14:36:18.597 (multimet.py:_load_hindcast_as_zarr) -- Loading hindcast product 'HRES' with bands ['hres_surface_net_solar_radiation', 'hres_surface_net_thermal_radiation', 'hres_surface_pressure', 'hres_temperature_2m', 'hres_total_precipitation']
[INFO] 14:36:18.700 (multimet.py:_load_hindcast_as_zarr) -- Loading hindcast product 'IMERG' with bands ['imerg_precipitation']
[INFO] 14:36:18.783 (multimet.py:_load_hindcast_as_zarr) -- Loading hindcast product 'ERA5_LAND' with bands ['era5land_total_precipitation', 'era5land_temperature_2m', 'era5land_surface_net_solar_radiation', 'era5land_surface_net_thermal_radiation', 'era5land_surface_pressure']
[INFO] 14:36:18.891 (multimet.py:_load_forecast_as_zarr) -- Loading forecast product 'GRAPHCAST' with bands ['graphcast_temperature_2m', 'graphcast_total_precipitation']
[INFO] 14:36:18.930 (multimet.py:_load_forecast_as_zarr) -- Loading forecast product 'HRES' with bands ['hres_surface_net_solar_radiation', 'hres_surface_net_thermal_radiation', 'hres_surface_pressure', 'hres_temperature_2m', 'hres_total_precipitation']
[INFO] 14:36:27.654 (tester.py:_load_weights) -- Using the model weights from /usr/local/google/home/kruparell/openhydronets_next/pretrained-models/google-floodhub-settings-55-epochs-nse-filtered-0.5-85-epochs/model_epoch085.pt
[INFO] 14:36:54.731 (tester.py:evaluate) -- 1D NSE median=0.839705
[INFO] 14:36:54.731 (tester.py:evaluate) -- 1D KGE median=0.682350
[INFO] 14:36:54.782 (remote_cache.py:dump_cache_stats) -- Cache Metrics: None

[INFO] 14:36:54.786 (eval_frame.py:_log_traced_frames) -- TorchDynamo attempted to trace the following frames: [

]
[INFO] 14:36:54.808 (utils.py:dump_compile_times) -- TorchDynamo compilation metrics:
Function    Runtimes (s)
----------  --------------
[INFO] 14:36:54.810 (fake_tensor.py:dump_cache_stats) -- FakeTensor cache stats:
[INFO] 14:36:54.812 (fake_tensor.py:dump_cache_stats) --   cache_hits: 0
[INFO] 14:36:54.812 (fake_tensor.py:dump_cache_stats) --   cache_misses: 0
[INFO] 14:57:14.200 (logging_utils.py:setup_logging) -- Logging to /usr/local/google/home/kruparell/openhydronets_next/pretrained-models/google-floodhub-settings-55-epochs-nse-filtered-0.5-85-epochs/output.log initialized.
[WARNING] 14:57:14.204 (_py_warnings.py:_showwarnmsg) -- /usr/local/google/_blaze_kruparell/72787aa92579b56e308bdaa1f461a9e9_buildrabbit/execroot/google3/blaze-out/k8-fastbuild/bin/third_party/py/googlehydrology/run.runfiles/google3/third_party/py/dask/config.py:835: FutureWarning: Dask configuration key 'shuffle' has been deprecated; please use 'dataframe.shuffle.algorithm' instead
  warnings.warn(

[WARNING] 14:57:16.600 (flop_counter.py:<module>) -- triton not found; flop counting will not work for triton kernels
[INFO] 14:57:17.217 (registry.py:decorator) -- Registered template heuristic: ATenConfigHeuristics for template_name=aten::bmm_dtype, device_type=xpu, op_name=None
[INFO] 14:57:17.220 (registry.py:decorator) -- Registered template heuristic: ATenConfigHeuristics for template_name=aten::bmm_dtype, device_type=cuda, op_name=None
[INFO] 14:57:17.220 (registry.py:decorator) -- Registered template heuristic: ATenConfigHeuristics for template_name=aten::_mm_plus_mm, device_type=None, op_name=None
[INFO] 14:57:17.220 (registry.py:decorator) -- Registered template heuristic: ATenConfigHeuristics for template_name=aten::bmm, device_type=None, op_name=None
[INFO] 14:57:17.220 (registry.py:decorator) -- Registered template heuristic: ATenConfigHeuristics for template_name=aten::_int_mm, device_type=None, op_name=None
[INFO] 14:57:17.221 (registry.py:decorator) -- Registered template heuristic: ATenConfigHeuristics for template_name=aten::_scaled_mm, device_type=None, op_name=None
[INFO] 14:57:17.221 (registry.py:decorator) -- Registered template heuristic: ATenConfigHeuristics for template_name=aten::mm_dtype, device_type=xpu, op_name=None
[INFO] 14:57:17.221 (registry.py:decorator) -- Registered template heuristic: ATenConfigHeuristics for template_name=aten::mm_dtype, device_type=cuda, op_name=None
[INFO] 14:57:17.221 (registry.py:decorator) -- Registered template heuristic: ATenConfigHeuristics for template_name=aten::mm, device_type=None, op_name=None
[INFO] 14:57:17.221 (registry.py:decorator) -- Registered template heuristic: ATenAddMMConfigHeuristics for template_name=aten::baddbmm, device_type=None, op_name=baddbmm
[INFO] 14:57:17.222 (registry.py:decorator) -- Registered template heuristic: ATenAddMMConfigHeuristics for template_name=aten::addmm, device_type=None, op_name=addmm
[INFO] 14:57:17.222 (registry.py:decorator) -- Registered template heuristic: ATenBiasAddMMConfigHeuristics for template_name=aten::bias_addmm, device_type=None, op_name=addmm
[INFO] 14:57:17.222 (registry.py:decorator) -- Registered template heuristic: EmptyContiguousMMConfigHeuristics for template_name=contiguous_addmm, device_type=None, op_name=addmm
[INFO] 14:57:17.222 (registry.py:decorator) -- Registered template heuristic: EmptyContiguousMMConfigHeuristics for template_name=contiguous_mm, device_type=None, op_name=mm
[INFO] 14:57:17.223 (registry.py:decorator) -- Registered template heuristic: EmptyDecomposeKConfigHeuristics for template_name=decompose_k, device_type=None, op_name=mm
[INFO] 14:57:17.223 (registry.py:decorator) -- Registered template heuristic: DecomposeKConfigHeuristics for template_name=decompose_k, device_type=cuda, op_name=mm
[INFO] 14:57:17.223 (registry.py:decorator) -- Registered template heuristic: DecomposeKConfigHeuristics for template_name=decompose_k, device_type=xpu, op_name=mm
[INFO] 14:57:17.234 (registry.py:decorator) -- Registered template heuristic: CUDAMMTemplateConfigHeuristic for template_name=triton::bmm, device_type=cuda, op_name=None
[INFO] 14:57:17.234 (registry.py:decorator) -- Registered template heuristic: CUDAMMTemplateConfigHeuristic for template_name=triton::mm, device_type=cuda, op_name=None
[INFO] 14:57:17.234 (registry.py:decorator) -- Registered template heuristic: CUDAAddMMTemplateConfigHeuristic for template_name=triton::bmm, device_type=cuda, op_name=baddbmm
[INFO] 14:57:17.234 (registry.py:decorator) -- Registered template heuristic: CUDAAddMMTemplateConfigHeuristic for template_name=triton::mm, device_type=cuda, op_name=addmm
[INFO] 14:57:17.235 (registry.py:decorator) -- Registered template heuristic: CUDAMMAHTemplateConfigHeuristic for template_name=triton::mm, device_type=cuda, op_name=mm-ah
[INFO] 14:57:17.235 (registry.py:decorator) -- Registered template heuristic: CUDAPersistentTMATemplateConfigHeuristic for template_name=triton::mm_persistent_tma, device_type=cuda, op_name=None
[INFO] 14:57:17.235 (registry.py:decorator) -- Registered template heuristic: CUDABlackwellPersistentTMATemplateConfigHeuristic for template_name=triton::blackwell_ws_persistent_device_tma, device_type=cuda, op_name=None
[INFO] 14:57:17.235 (registry.py:decorator) -- Registered template heuristic: CUDAAddmmPersistentTMATemplateConfigHeuristic for template_name=triton::mm_persistent_tma, device_type=cuda, op_name=addmm
[INFO] 14:57:17.236 (registry.py:decorator) -- Registered template heuristic: CUDABlackwellAddmmPersistentTMATemplateConfigHeuristic for template_name=triton::blackwell_ws_persistent_device_tma, device_type=cuda, op_name=addmm
[INFO] 14:57:17.236 (registry.py:decorator) -- Registered template heuristic: CUDAScaledMMTemplateConfigHeuristic for template_name=triton::mm, device_type=cuda, op_name=scaled_mm
[INFO] 14:57:17.236 (registry.py:decorator) -- Registered template heuristic: CUDAScaledTMAEpilogueScalingTemplateConfigHeuristic for template_name=triton::scaled_mm_device_tma_epilogue_scaling, device_type=cuda, op_name=scaled_mm
[INFO] 14:57:17.236 (registry.py:decorator) -- Registered template heuristic: CUDAScaledTMAMainLoopScalingTemplateConfigHeuristic for template_name=triton::scaled_mm_device_tma_main_loop_scaling, device_type=cuda, op_name=scaled_mm
[INFO] 14:57:17.236 (registry.py:decorator) -- Registered template heuristic: CUDAScaledBlackwellTMATemplateConfigHeuristic for template_name=triton::blackwell_ws_persistent_device_tma, device_type=cuda, op_name=scaled_mm
[INFO] 14:57:17.237 (registry.py:decorator) -- Registered template heuristic: CUDAMMPlusMMTemplateConfigHeuristic for template_name=triton::mm_plus_mm, device_type=cuda, op_name=None
[INFO] 14:57:17.237 (registry.py:decorator) -- Registered template heuristic: CUDAInt8MMTemplateConfigHeuristic for template_name=triton::mm, device_type=cuda, op_name=int_mm
[INFO] 14:57:17.237 (registry.py:decorator) -- Registered template heuristic: CPUMMTemplateConfigHeuristic for template_name=triton::bmm, device_type=cpu, op_name=None
[INFO] 14:57:17.238 (registry.py:decorator) -- Registered template heuristic: CPUMMTemplateConfigHeuristic for template_name=triton::mm, device_type=cpu, op_name=None
[INFO] 14:57:17.238 (registry.py:decorator) -- Registered template heuristic: CPUAddmmTemplateConfigHeuristic for template_name=triton::bmm, device_type=cpu, op_name=baddbmm
[INFO] 14:57:17.238 (registry.py:decorator) -- Registered template heuristic: CPUAddmmTemplateConfigHeuristic for template_name=triton::mm, device_type=cpu, op_name=addmm
[INFO] 14:57:17.239 (registry.py:decorator) -- Registered template heuristic: CPUScaledMMTemplateConfigHeuristic for template_name=triton::mm, device_type=cpu, op_name=scaled_mm
[INFO] 14:57:17.239 (registry.py:decorator) -- Registered template heuristic: CPUInt8MMTemplateConfigHeuristic for template_name=triton::mm, device_type=cpu, op_name=int_mm
[INFO] 14:57:17.239 (registry.py:decorator) -- Registered template heuristic: CPUMMPlusMMTemplateConfigHeuristic for template_name=triton::mm_plus_mm, device_type=cpu, op_name=None
[INFO] 14:57:17.239 (registry.py:decorator) -- Registered template heuristic: XPUMMTemplateConfigHeuristic for template_name=triton::bmm, device_type=xpu, op_name=None
[INFO] 14:57:17.239 (registry.py:decorator) -- Registered template heuristic: XPUMMTemplateConfigHeuristic for template_name=triton::mm, device_type=xpu, op_name=None
[INFO] 14:57:17.240 (registry.py:decorator) -- Registered template heuristic: XPUAddmmTemplateConfigHeuristic for template_name=triton::bmm, device_type=xpu, op_name=baddbmm
[INFO] 14:57:17.240 (registry.py:decorator) -- Registered template heuristic: XPUAddmmTemplateConfigHeuristic for template_name=triton::mm, device_type=xpu, op_name=addmm
[INFO] 14:57:17.240 (registry.py:decorator) -- Registered template heuristic: XPUPersistentTMATemplateConfigHeuristic for template_name=triton::mm_persistent_tma, device_type=xpu, op_name=None
[INFO] 14:57:17.240 (registry.py:decorator) -- Registered template heuristic: XPUAddmmPersistentTMATemplateConfigHeuristic for template_name=triton::mm_persistent_tma, device_type=xpu, op_name=addmm
[INFO] 14:57:17.240 (registry.py:decorator) -- Registered template heuristic: XPUScaledMMTemplateConfigHeuristic for template_name=triton::mm, device_type=xpu, op_name=scaled_mm
[INFO] 14:57:17.241 (registry.py:decorator) -- Registered template heuristic: XPUInt8MMTemplateConfigHeuristic for template_name=triton::mm, device_type=xpu, op_name=int_mm
[INFO] 14:57:17.241 (registry.py:decorator) -- Registered template heuristic: XPUMMPlusMMTemplateConfigHeuristic for template_name=triton::mm_plus_mm, device_type=xpu, op_name=None
[INFO] 14:57:17.241 (registry.py:decorator) -- Registered template heuristic: MTIAMMTemplateConfigHeuristic for template_name=triton::bmm, device_type=mtia, op_name=None
[INFO] 14:57:17.241 (registry.py:decorator) -- Registered template heuristic: MTIAMMTemplateConfigHeuristic for template_name=triton::mm, device_type=mtia, op_name=None
[INFO] 14:57:17.241 (registry.py:decorator) -- Registered template heuristic: MTIAAddMMTemplateConfigHeuristic for template_name=triton::bmm, device_type=mtia, op_name=baddbmm
[INFO] 14:57:17.242 (registry.py:decorator) -- Registered template heuristic: MTIAAddMMTemplateConfigHeuristic for template_name=triton::mm, device_type=mtia, op_name=addmm
[INFO] 14:57:17.242 (registry.py:decorator) -- Registered template heuristic: MTIAScaledMMTemplateConfigHeuristic for template_name=triton::mm, device_type=mtia, op_name=scaled_mm
[INFO] 14:57:17.242 (registry.py:decorator) -- Registered template heuristic: MTIAInt8MMTemplateConfigHeuristic for template_name=triton::mm, device_type=mtia, op_name=int_mm
[INFO] 14:57:17.242 (registry.py:decorator) -- Registered template heuristic: MTIAMMPlusMMTemplateConfigHeuristic for template_name=triton::mm_plus_mm, device_type=mtia, op_name=None
[INFO] 14:57:19.680 (multimet.py:_load_hindcast_as_zarr) -- Loading hindcast product 'CPC' with bands ['cpc_precipitation']
[INFO] 14:57:19.767 (multimet.py:_load_hindcast_as_zarr) -- Loading hindcast product 'GRAPHCAST' with bands ['graphcast_temperature_2m', 'graphcast_total_precipitation']
[INFO] 14:57:19.861 (multimet.py:_load_hindcast_as_zarr) -- Loading hindcast product 'HRES' with bands ['hres_surface_net_solar_radiation', 'hres_surface_net_thermal_radiation', 'hres_surface_pressure', 'hres_temperature_2m', 'hres_total_precipitation']
[INFO] 14:57:19.952 (multimet.py:_load_hindcast_as_zarr) -- Loading hindcast product 'IMERG' with bands ['imerg_precipitation']
[INFO] 14:57:20.450 (multimet.py:_load_hindcast_as_zarr) -- Loading hindcast product 'ERA5_LAND' with bands ['era5land_total_precipitation', 'era5land_temperature_2m', 'era5land_surface_net_solar_radiation', 'era5land_surface_net_thermal_radiation', 'era5land_surface_pressure']
[INFO] 14:57:20.155 (multimet.py:_load_forecast_as_zarr) -- Loading forecast product 'GRAPHCAST' with bands ['graphcast_temperature_2m', 'graphcast_total_precipitation']
[INFO] 14:57:20.195 (multimet.py:_load_forecast_as_zarr) -- Loading forecast product 'HRES' with bands ['hres_surface_net_solar_radiation', 'hres_surface_net_thermal_radiation', 'hres_surface_pressure', 'hres_temperature_2m', 'hres_total_precipitation']
[INFO] 14:57:28.717 (tester.py:_load_weights) -- Using the model weights from /usr/local/google/home/kruparell/openhydronets_next/pretrained-models/google-floodhub-settings-55-epochs-nse-filtered-0.5-85-epochs/model_epoch085.pt
[INFO] 14:57:54.829 (tester.py:evaluate) -- 1D NSE median=0.839705
[INFO] 14:57:54.829 (tester.py:evaluate) -- 1D KGE median=0.682350
[INFO] 14:57:54.874 (remote_cache.py:dump_cache_stats) -- Cache Metrics: None

[INFO] 14:57:54.879 (eval_frame.py:_log_traced_frames) -- TorchDynamo attempted to trace the following frames: [

]
[INFO] 14:57:54.901 (utils.py:dump_compile_times) -- TorchDynamo compilation metrics:
Function    Runtimes (s)
----------  --------------
[INFO] 14:57:54.903 (fake_tensor.py:dump_cache_stats) -- FakeTensor cache stats:
[INFO] 14:57:54.906 (fake_tensor.py:dump_cache_stats) --   cache_hits: 0
[INFO] 14:57:54.906 (fake_tensor.py:dump_cache_stats) --   cache_misses: 0
[INFO] 15:20:12.384 (logging_utils.py:setup_logging) -- Logging to /usr/local/google/home/kruparell/openhydronets_next/pretrained-models/google-floodhub-settings-55-epochs-nse-filtered-0.5-85-epochs/output.log initialized.
[WARNING] 15:20:12.388 (_py_warnings.py:_showwarnmsg) -- /usr/local/google/_blaze_kruparell/72787aa92579b56e308bdaa1f461a9e9_buildrabbit/execroot/google3/blaze-out/k8-fastbuild/bin/third_party/py/googlehydrology/run.runfiles/google3/third_party/py/dask/config.py:835: FutureWarning: Dask configuration key 'shuffle' has been deprecated; please use 'dataframe.shuffle.algorithm' instead
  warnings.warn(

[WARNING] 15:20:14.256 (flop_counter.py:<module>) -- triton not found; flop counting will not work for triton kernels
[INFO] 15:20:15.428 (registry.py:decorator) -- Registered template heuristic: ATenConfigHeuristics for template_name=aten::bmm_dtype, device_type=xpu, op_name=None
[INFO] 15:20:15.431 (registry.py:decorator) -- Registered template heuristic: ATenConfigHeuristics for template_name=aten::bmm_dtype, device_type=cuda, op_name=None
[INFO] 15:20:15.432 (registry.py:decorator) -- Registered template heuristic: ATenConfigHeuristics for template_name=aten::_mm_plus_mm, device_type=None, op_name=None
[INFO] 15:20:15.432 (registry.py:decorator) -- Registered template heuristic: ATenConfigHeuristics for template_name=aten::bmm, device_type=None, op_name=None
[INFO] 15:20:15.432 (registry.py:decorator) -- Registered template heuristic: ATenConfigHeuristics for template_name=aten::_int_mm, device_type=None, op_name=None
[INFO] 15:20:15.432 (registry.py:decorator) -- Registered template heuristic: ATenConfigHeuristics for template_name=aten::_scaled_mm, device_type=None, op_name=None
[INFO] 15:20:15.432 (registry.py:decorator) -- Registered template heuristic: ATenConfigHeuristics for template_name=aten::mm_dtype, device_type=xpu, op_name=None
[INFO] 15:20:15.433 (registry.py:decorator) -- Registered template heuristic: ATenConfigHeuristics for template_name=aten::mm_dtype, device_type=cuda, op_name=None
[INFO] 15:20:15.433 (registry.py:decorator) -- Registered template heuristic: ATenConfigHeuristics for template_name=aten::mm, device_type=None, op_name=None
[INFO] 15:20:15.433 (registry.py:decorator) -- Registered template heuristic: ATenAddMMConfigHeuristics for template_name=aten::baddbmm, device_type=None, op_name=baddbmm
[INFO] 15:20:15.433 (registry.py:decorator) -- Registered template heuristic: ATenAddMMConfigHeuristics for template_name=aten::addmm, device_type=None, op_name=addmm
[INFO] 15:20:15.433 (registry.py:decorator) -- Registered template heuristic: ATenBiasAddMMConfigHeuristics for template_name=aten::bias_addmm, device_type=None, op_name=addmm
[INFO] 15:20:15.434 (registry.py:decorator) -- Registered template heuristic: EmptyContiguousMMConfigHeuristics for template_name=contiguous_addmm, device_type=None, op_name=addmm
[INFO] 15:20:15.434 (registry.py:decorator) -- Registered template heuristic: EmptyContiguousMMConfigHeuristics for template_name=contiguous_mm, device_type=None, op_name=mm
[INFO] 15:20:15.434 (registry.py:decorator) -- Registered template heuristic: EmptyDecomposeKConfigHeuristics for template_name=decompose_k, device_type=None, op_name=mm
[INFO] 15:20:15.435 (registry.py:decorator) -- Registered template heuristic: DecomposeKConfigHeuristics for template_name=decompose_k, device_type=cuda, op_name=mm
[INFO] 15:20:15.435 (registry.py:decorator) -- Registered template heuristic: DecomposeKConfigHeuristics for template_name=decompose_k, device_type=xpu, op_name=mm
[INFO] 15:20:15.447 (registry.py:decorator) -- Registered template heuristic: CUDAMMTemplateConfigHeuristic for template_name=triton::bmm, device_type=cuda, op_name=None
[INFO] 15:20:15.447 (registry.py:decorator) -- Registered template heuristic: CUDAMMTemplateConfigHeuristic for template_name=triton::mm, device_type=cuda, op_name=None
[INFO] 15:20:15.448 (registry.py:decorator) -- Registered template heuristic: CUDAAddMMTemplateConfigHeuristic for template_name=triton::bmm, device_type=cuda, op_name=baddbmm
[INFO] 15:20:15.448 (registry.py:decorator) -- Registered template heuristic: CUDAAddMMTemplateConfigHeuristic for template_name=triton::mm, device_type=cuda, op_name=addmm
[INFO] 15:20:15.448 (registry.py:decorator) -- Registered template heuristic: CUDAMMAHTemplateConfigHeuristic for template_name=triton::mm, device_type=cuda, op_name=mm-ah
[INFO] 15:20:15.448 (registry.py:decorator) -- Registered template heuristic: CUDAPersistentTMATemplateConfigHeuristic for template_name=triton::mm_persistent_tma, device_type=cuda, op_name=None
[INFO] 15:20:15.448 (registry.py:decorator) -- Registered template heuristic: CUDABlackwellPersistentTMATemplateConfigHeuristic for template_name=triton::blackwell_ws_persistent_device_tma, device_type=cuda, op_name=None
[INFO] 15:20:15.449 (registry.py:decorator) -- Registered template heuristic: CUDAAddmmPersistentTMATemplateConfigHeuristic for template_name=triton::mm_persistent_tma, device_type=cuda, op_name=addmm
[INFO] 15:20:15.449 (registry.py:decorator) -- Registered template heuristic: CUDABlackwellAddmmPersistentTMATemplateConfigHeuristic for template_name=triton::blackwell_ws_persistent_device_tma, device_type=cuda, op_name=addmm
[INFO] 15:20:15.449 (registry.py:decorator) -- Registered template heuristic: CUDAScaledMMTemplateConfigHeuristic for template_name=triton::mm, device_type=cuda, op_name=scaled_mm
[INFO] 15:20:15.449 (registry.py:decorator) -- Registered template heuristic: CUDAScaledTMAEpilogueScalingTemplateConfigHeuristic for template_name=triton::scaled_mm_device_tma_epilogue_scaling, device_type=cuda, op_name=scaled_mm
[INFO] 15:20:15.450 (registry.py:decorator) -- Registered template heuristic: CUDAScaledTMAMainLoopScalingTemplateConfigHeuristic for template_name=triton::scaled_mm_device_tma_main_loop_scaling, device_type=cuda, op_name=scaled_mm
[INFO] 15:20:15.450 (registry.py:decorator) -- Registered template heuristic: CUDAScaledBlackwellTMATemplateConfigHeuristic for template_name=triton::blackwell_ws_persistent_device_tma, device_type=cuda, op_name=scaled_mm
[INFO] 15:20:15.450 (registry.py:decorator) -- Registered template heuristic: CUDAMMPlusMMTemplateConfigHeuristic for template_name=triton::mm_plus_mm, device_type=cuda, op_name=None
[INFO] 15:20:15.450 (registry.py:decorator) -- Registered template heuristic: CUDAInt8MMTemplateConfigHeuristic for template_name=triton::mm, device_type=cuda, op_name=int_mm
[INFO] 15:20:15.451 (registry.py:decorator) -- Registered template heuristic: CPUMMTemplateConfigHeuristic for template_name=triton::bmm, device_type=cpu, op_name=None
[INFO] 15:20:15.451 (registry.py:decorator) -- Registered template heuristic: CPUMMTemplateConfigHeuristic for template_name=triton::mm, device_type=cpu, op_name=None
[INFO] 15:20:15.451 (registry.py:decorator) -- Registered template heuristic: CPUAddmmTemplateConfigHeuristic for template_name=triton::bmm, device_type=cpu, op_name=baddbmm
[INFO] 15:20:15.451 (registry.py:decorator) -- Registered template heuristic: CPUAddmmTemplateConfigHeuristic for template_name=triton::mm, device_type=cpu, op_name=addmm
[INFO] 15:20:15.451 (registry.py:decorator) -- Registered template heuristic: CPUScaledMMTemplateConfigHeuristic for template_name=triton::mm, device_type=cpu, op_name=scaled_mm
[INFO] 15:20:15.451 (registry.py:decorator) -- Registered template heuristic: CPUInt8MMTemplateConfigHeuristic for template_name=triton::mm, device_type=cpu, op_name=int_mm
[INFO] 15:20:15.452 (registry.py:decorator) -- Registered template heuristic: CPUMMPlusMMTemplateConfigHeuristic for template_name=triton::mm_plus_mm, device_type=cpu, op_name=None
[INFO] 15:20:15.452 (registry.py:decorator) -- Registered template heuristic: XPUMMTemplateConfigHeuristic for template_name=triton::bmm, device_type=xpu, op_name=None
[INFO] 15:20:15.452 (registry.py:decorator) -- Registered template heuristic: XPUMMTemplateConfigHeuristic for template_name=triton::mm, device_type=xpu, op_name=None
[INFO] 15:20:15.452 (registry.py:decorator) -- Registered template heuristic: XPUAddmmTemplateConfigHeuristic for template_name=triton::bmm, device_type=xpu, op_name=baddbmm
[INFO] 15:20:15.452 (registry.py:decorator) -- Registered template heuristic: XPUAddmmTemplateConfigHeuristic for template_name=triton::mm, device_type=xpu, op_name=addmm
[INFO] 15:20:15.453 (registry.py:decorator) -- Registered template heuristic: XPUPersistentTMATemplateConfigHeuristic for template_name=triton::mm_persistent_tma, device_type=xpu, op_name=None
[INFO] 15:20:15.453 (registry.py:decorator) -- Registered template heuristic: XPUAddmmPersistentTMATemplateConfigHeuristic for template_name=triton::mm_persistent_tma, device_type=xpu, op_name=addmm
[INFO] 15:20:15.453 (registry.py:decorator) -- Registered template heuristic: XPUScaledMMTemplateConfigHeuristic for template_name=triton::mm, device_type=xpu, op_name=scaled_mm
[INFO] 15:20:15.453 (registry.py:decorator) -- Registered template heuristic: XPUInt8MMTemplateConfigHeuristic for template_name=triton::mm, device_type=xpu, op_name=int_mm
[INFO] 15:20:15.454 (registry.py:decorator) -- Registered template heuristic: XPUMMPlusMMTemplateConfigHeuristic for template_name=triton::mm_plus_mm, device_type=xpu, op_name=None
[INFO] 15:20:15.454 (registry.py:decorator) -- Registered template heuristic: MTIAMMTemplateConfigHeuristic for template_name=triton::bmm, device_type=mtia, op_name=None
[INFO] 15:20:15.454 (registry.py:decorator) -- Registered template heuristic: MTIAMMTemplateConfigHeuristic for template_name=triton::mm, device_type=mtia, op_name=None
[INFO] 15:20:15.454 (registry.py:decorator) -- Registered template heuristic: MTIAAddMMTemplateConfigHeuristic for template_name=triton::bmm, device_type=mtia, op_name=baddbmm
[INFO] 15:20:15.454 (registry.py:decorator) -- Registered template heuristic: MTIAAddMMTemplateConfigHeuristic for template_name=triton::mm, device_type=mtia, op_name=addmm
[INFO] 15:20:15.454 (registry.py:decorator) -- Registered template heuristic: MTIAScaledMMTemplateConfigHeuristic for template_name=triton::mm, device_type=mtia, op_name=scaled_mm
[INFO] 15:20:15.455 (registry.py:decorator) -- Registered template heuristic: MTIAInt8MMTemplateConfigHeuristic for template_name=triton::mm, device_type=mtia, op_name=int_mm
[INFO] 15:20:15.455 (registry.py:decorator) -- Registered template heuristic: MTIAMMPlusMMTemplateConfigHeuristic for template_name=triton::mm_plus_mm, device_type=mtia, op_name=None
[INFO] 15:20:17.857 (multimet.py:_load_hindcast_as_zarr) -- Loading hindcast product 'CPC' with bands ['cpc_precipitation']
[INFO] 15:20:17.939 (multimet.py:_load_hindcast_as_zarr) -- Loading hindcast product 'GRAPHCAST' with bands ['graphcast_temperature_2m', 'graphcast_total_precipitation']
[INFO] 15:20:18.400 (multimet.py:_load_hindcast_as_zarr) -- Loading hindcast product 'HRES' with bands ['hres_surface_net_solar_radiation', 'hres_surface_net_thermal_radiation', 'hres_surface_pressure', 'hres_temperature_2m', 'hres_total_precipitation']
[INFO] 15:20:18.134 (multimet.py:_load_hindcast_as_zarr) -- Loading hindcast product 'IMERG' with bands ['imerg_precipitation']
[INFO] 15:20:18.216 (multimet.py:_load_hindcast_as_zarr) -- Loading hindcast product 'ERA5_LAND' with bands ['era5land_total_precipitation', 'era5land_temperature_2m', 'era5land_surface_net_solar_radiation', 'era5land_surface_net_thermal_radiation', 'era5land_surface_pressure']
[INFO] 15:20:18.317 (multimet.py:_load_forecast_as_zarr) -- Loading forecast product 'GRAPHCAST' with bands ['graphcast_temperature_2m', 'graphcast_total_precipitation']
[INFO] 15:20:18.357 (multimet.py:_load_forecast_as_zarr) -- Loading forecast product 'HRES' with bands ['hres_surface_net_solar_radiation', 'hres_surface_net_thermal_radiation', 'hres_surface_pressure', 'hres_temperature_2m', 'hres_total_precipitation']
[INFO] 15:20:26.420 (tester.py:_load_weights) -- Using the model weights from /usr/local/google/home/kruparell/openhydronets_next/pretrained-models/google-floodhub-settings-55-epochs-nse-filtered-0.5-85-epochs/model_epoch085.pt
[INFO] 15:20:52.304 (tester.py:evaluate) -- 1D NSE median=0.839705
[INFO] 15:20:52.304 (tester.py:evaluate) -- 1D KGE median=0.682350
[INFO] 15:20:52.351 (remote_cache.py:dump_cache_stats) -- Cache Metrics: None

[INFO] 15:20:52.356 (eval_frame.py:_log_traced_frames) -- TorchDynamo attempted to trace the following frames: [

]
[INFO] 15:20:52.378 (utils.py:dump_compile_times) -- TorchDynamo compilation metrics:
Function    Runtimes (s)
----------  --------------
[INFO] 15:20:52.380 (fake_tensor.py:dump_cache_stats) -- FakeTensor cache stats:
[INFO] 15:20:52.383 (fake_tensor.py:dump_cache_stats) --   cache_hits: 0
[INFO] 15:20:52.383 (fake_tensor.py:dump_cache_stats) --   cache_misses: 0
[INFO] 15:24:01.570 (logging_utils.py:setup_logging) -- Logging to /usr/local/google/home/kruparell/openhydronets_next/pretrained-models/google-floodhub-settings-55-epochs-nse-filtered-0.5-85-epochs/output.log initialized.
[WARNING] 15:24:01.620 (_py_warnings.py:_showwarnmsg) -- /usr/local/google/_blaze_kruparell/72787aa92579b56e308bdaa1f461a9e9_buildrabbit/execroot/google3/blaze-out/k8-fastbuild/bin/third_party/py/googlehydrology/run.runfiles/google3/third_party/py/dask/config.py:835: FutureWarning: Dask configuration key 'shuffle' has been deprecated; please use 'dataframe.shuffle.algorithm' instead
  warnings.warn(

[WARNING] 15:24:03.320 (flop_counter.py:<module>) -- triton not found; flop counting will not work for triton kernels
[INFO] 15:24:04.325 (registry.py:decorator) -- Registered template heuristic: ATenConfigHeuristics for template_name=aten::bmm_dtype, device_type=xpu, op_name=None
[INFO] 15:24:04.328 (registry.py:decorator) -- Registered template heuristic: ATenConfigHeuristics for template_name=aten::bmm_dtype, device_type=cuda, op_name=None
[INFO] 15:24:04.328 (registry.py:decorator) -- Registered template heuristic: ATenConfigHeuristics for template_name=aten::_mm_plus_mm, device_type=None, op_name=None
[INFO] 15:24:04.328 (registry.py:decorator) -- Registered template heuristic: ATenConfigHeuristics for template_name=aten::bmm, device_type=None, op_name=None
[INFO] 15:24:04.328 (registry.py:decorator) -- Registered template heuristic: ATenConfigHeuristics for template_name=aten::_int_mm, device_type=None, op_name=None
[INFO] 15:24:04.329 (registry.py:decorator) -- Registered template heuristic: ATenConfigHeuristics for template_name=aten::_scaled_mm, device_type=None, op_name=None
[INFO] 15:24:04.329 (registry.py:decorator) -- Registered template heuristic: ATenConfigHeuristics for template_name=aten::mm_dtype, device_type=xpu, op_name=None
[INFO] 15:24:04.329 (registry.py:decorator) -- Registered template heuristic: ATenConfigHeuristics for template_name=aten::mm_dtype, device_type=cuda, op_name=None
[INFO] 15:24:04.329 (registry.py:decorator) -- Registered template heuristic: ATenConfigHeuristics for template_name=aten::mm, device_type=None, op_name=None
[INFO] 15:24:04.329 (registry.py:decorator) -- Registered template heuristic: ATenAddMMConfigHeuristics for template_name=aten::baddbmm, device_type=None, op_name=baddbmm
[INFO] 15:24:04.330 (registry.py:decorator) -- Registered template heuristic: ATenAddMMConfigHeuristics for template_name=aten::addmm, device_type=None, op_name=addmm
[INFO] 15:24:04.330 (registry.py:decorator) -- Registered template heuristic: ATenBiasAddMMConfigHeuristics for template_name=aten::bias_addmm, device_type=None, op_name=addmm
[INFO] 15:24:04.330 (registry.py:decorator) -- Registered template heuristic: EmptyContiguousMMConfigHeuristics for template_name=contiguous_addmm, device_type=None, op_name=addmm
[INFO] 15:24:04.331 (registry.py:decorator) -- Registered template heuristic: EmptyContiguousMMConfigHeuristics for template_name=contiguous_mm, device_type=None, op_name=mm
[INFO] 15:24:04.331 (registry.py:decorator) -- Registered template heuristic: EmptyDecomposeKConfigHeuristics for template_name=decompose_k, device_type=None, op_name=mm
[INFO] 15:24:04.331 (registry.py:decorator) -- Registered template heuristic: DecomposeKConfigHeuristics for template_name=decompose_k, device_type=cuda, op_name=mm
[INFO] 15:24:04.332 (registry.py:decorator) -- Registered template heuristic: DecomposeKConfigHeuristics for template_name=decompose_k, device_type=xpu, op_name=mm
[INFO] 15:24:04.343 (registry.py:decorator) -- Registered template heuristic: CUDAMMTemplateConfigHeuristic for template_name=triton::bmm, device_type=cuda, op_name=None
[INFO] 15:24:04.343 (registry.py:decorator) -- Registered template heuristic: CUDAMMTemplateConfigHeuristic for template_name=triton::mm, device_type=cuda, op_name=None
[INFO] 15:24:04.343 (registry.py:decorator) -- Registered template heuristic: CUDAAddMMTemplateConfigHeuristic for template_name=triton::bmm, device_type=cuda, op_name=baddbmm
[INFO] 15:24:04.344 (registry.py:decorator) -- Registered template heuristic: CUDAAddMMTemplateConfigHeuristic for template_name=triton::mm, device_type=cuda, op_name=addmm
[INFO] 15:24:04.344 (registry.py:decorator) -- Registered template heuristic: CUDAMMAHTemplateConfigHeuristic for template_name=triton::mm, device_type=cuda, op_name=mm-ah
[INFO] 15:24:04.344 (registry.py:decorator) -- Registered template heuristic: CUDAPersistentTMATemplateConfigHeuristic for template_name=triton::mm_persistent_tma, device_type=cuda, op_name=None
[INFO] 15:24:04.344 (registry.py:decorator) -- Registered template heuristic: CUDABlackwellPersistentTMATemplateConfigHeuristic for template_name=triton::blackwell_ws_persistent_device_tma, device_type=cuda, op_name=None
[INFO] 15:24:04.345 (registry.py:decorator) -- Registered template heuristic: CUDAAddmmPersistentTMATemplateConfigHeuristic for template_name=triton::mm_persistent_tma, device_type=cuda, op_name=addmm
[INFO] 15:24:04.345 (registry.py:decorator) -- Registered template heuristic: CUDABlackwellAddmmPersistentTMATemplateConfigHeuristic for template_name=triton::blackwell_ws_persistent_device_tma, device_type=cuda, op_name=addmm
[INFO] 15:24:04.345 (registry.py:decorator) -- Registered template heuristic: CUDAScaledMMTemplateConfigHeuristic for template_name=triton::mm, device_type=cuda, op_name=scaled_mm
[INFO] 15:24:04.346 (registry.py:decorator) -- Registered template heuristic: CUDAScaledTMAEpilogueScalingTemplateConfigHeuristic for template_name=triton::scaled_mm_device_tma_epilogue_scaling, device_type=cuda, op_name=scaled_mm
[INFO] 15:24:04.346 (registry.py:decorator) -- Registered template heuristic: CUDAScaledTMAMainLoopScalingTemplateConfigHeuristic for template_name=triton::scaled_mm_device_tma_main_loop_scaling, device_type=cuda, op_name=scaled_mm
[INFO] 15:24:04.346 (registry.py:decorator) -- Registered template heuristic: CUDAScaledBlackwellTMATemplateConfigHeuristic for template_name=triton::blackwell_ws_persistent_device_tma, device_type=cuda, op_name=scaled_mm
[INFO] 15:24:04.346 (registry.py:decorator) -- Registered template heuristic: CUDAMMPlusMMTemplateConfigHeuristic for template_name=triton::mm_plus_mm, device_type=cuda, op_name=None
[INFO] 15:24:04.347 (registry.py:decorator) -- Registered template heuristic: CUDAInt8MMTemplateConfigHeuristic for template_name=triton::mm, device_type=cuda, op_name=int_mm
[INFO] 15:24:04.347 (registry.py:decorator) -- Registered template heuristic: CPUMMTemplateConfigHeuristic for template_name=triton::bmm, device_type=cpu, op_name=None
[INFO] 15:24:04.347 (registry.py:decorator) -- Registered template heuristic: CPUMMTemplateConfigHeuristic for template_name=triton::mm, device_type=cpu, op_name=None
[INFO] 15:24:04.347 (registry.py:decorator) -- Registered template heuristic: CPUAddmmTemplateConfigHeuristic for template_name=triton::bmm, device_type=cpu, op_name=baddbmm
[INFO] 15:24:04.348 (registry.py:decorator) -- Registered template heuristic: CPUAddmmTemplateConfigHeuristic for template_name=triton::mm, device_type=cpu, op_name=addmm
[INFO] 15:24:04.348 (registry.py:decorator) -- Registered template heuristic: CPUScaledMMTemplateConfigHeuristic for template_name=triton::mm, device_type=cpu, op_name=scaled_mm
[INFO] 15:24:04.348 (registry.py:decorator) -- Registered template heuristic: CPUInt8MMTemplateConfigHeuristic for template_name=triton::mm, device_type=cpu, op_name=int_mm
[INFO] 15:24:04.348 (registry.py:decorator) -- Registered template heuristic: CPUMMPlusMMTemplateConfigHeuristic for template_name=triton::mm_plus_mm, device_type=cpu, op_name=None
[INFO] 15:24:04.349 (registry.py:decorator) -- Registered template heuristic: XPUMMTemplateConfigHeuristic for template_name=triton::bmm, device_type=xpu, op_name=None
[INFO] 15:24:04.349 (registry.py:decorator) -- Registered template heuristic: XPUMMTemplateConfigHeuristic for template_name=triton::mm, device_type=xpu, op_name=None
[INFO] 15:24:04.349 (registry.py:decorator) -- Registered template heuristic: XPUAddmmTemplateConfigHeuristic for template_name=triton::bmm, device_type=xpu, op_name=baddbmm
[INFO] 15:24:04.349 (registry.py:decorator) -- Registered template heuristic: XPUAddmmTemplateConfigHeuristic for template_name=triton::mm, device_type=xpu, op_name=addmm
[INFO] 15:24:04.350 (registry.py:decorator) -- Registered template heuristic: XPUPersistentTMATemplateConfigHeuristic for template_name=triton::mm_persistent_tma, device_type=xpu, op_name=None
[INFO] 15:24:04.350 (registry.py:decorator) -- Registered template heuristic: XPUAddmmPersistentTMATemplateConfigHeuristic for template_name=triton::mm_persistent_tma, device_type=xpu, op_name=addmm
[INFO] 15:24:04.350 (registry.py:decorator) -- Registered template heuristic: XPUScaledMMTemplateConfigHeuristic for template_name=triton::mm, device_type=xpu, op_name=scaled_mm
[INFO] 15:24:04.350 (registry.py:decorator) -- Registered template heuristic: XPUInt8MMTemplateConfigHeuristic for template_name=triton::mm, device_type=xpu, op_name=int_mm
[INFO] 15:24:04.351 (registry.py:decorator) -- Registered template heuristic: XPUMMPlusMMTemplateConfigHeuristic for template_name=triton::mm_plus_mm, device_type=xpu, op_name=None
[INFO] 15:24:04.351 (registry.py:decorator) -- Registered template heuristic: MTIAMMTemplateConfigHeuristic for template_name=triton::bmm, device_type=mtia, op_name=None
[INFO] 15:24:04.351 (registry.py:decorator) -- Registered template heuristic: MTIAMMTemplateConfigHeuristic for template_name=triton::mm, device_type=mtia, op_name=None
[INFO] 15:24:04.351 (registry.py:decorator) -- Registered template heuristic: MTIAAddMMTemplateConfigHeuristic for template_name=triton::bmm, device_type=mtia, op_name=baddbmm
[INFO] 15:24:04.352 (registry.py:decorator) -- Registered template heuristic: MTIAAddMMTemplateConfigHeuristic for template_name=triton::mm, device_type=mtia, op_name=addmm
[INFO] 15:24:04.352 (registry.py:decorator) -- Registered template heuristic: MTIAScaledMMTemplateConfigHeuristic for template_name=triton::mm, device_type=mtia, op_name=scaled_mm
[INFO] 15:24:04.352 (registry.py:decorator) -- Registered template heuristic: MTIAInt8MMTemplateConfigHeuristic for template_name=triton::mm, device_type=mtia, op_name=int_mm
[INFO] 15:24:04.352 (registry.py:decorator) -- Registered template heuristic: MTIAMMPlusMMTemplateConfigHeuristic for template_name=triton::mm_plus_mm, device_type=mtia, op_name=None
[INFO] 15:24:06.795 (multimet.py:_load_hindcast_as_zarr) -- Loading hindcast product 'CPC' with bands ['cpc_precipitation']
[INFO] 15:24:06.883 (multimet.py:_load_hindcast_as_zarr) -- Loading hindcast product 'GRAPHCAST' with bands ['graphcast_temperature_2m', 'graphcast_total_precipitation']
[INFO] 15:24:06.979 (multimet.py:_load_hindcast_as_zarr) -- Loading hindcast product 'HRES' with bands ['hres_surface_net_solar_radiation', 'hres_surface_net_thermal_radiation', 'hres_surface_pressure', 'hres_temperature_2m', 'hres_total_precipitation']
[INFO] 15:24:07.103 (multimet.py:_load_hindcast_as_zarr) -- Loading hindcast product 'IMERG' with bands ['imerg_precipitation']
[INFO] 15:24:07.186 (multimet.py:_load_hindcast_as_zarr) -- Loading hindcast product 'ERA5_LAND' with bands ['era5land_total_precipitation', 'era5land_temperature_2m', 'era5land_surface_net_solar_radiation', 'era5land_surface_net_thermal_radiation', 'era5land_surface_pressure']
[INFO] 15:24:07.289 (multimet.py:_load_forecast_as_zarr) -- Loading forecast product 'GRAPHCAST' with bands ['graphcast_temperature_2m', 'graphcast_total_precipitation']
[INFO] 15:24:07.328 (multimet.py:_load_forecast_as_zarr) -- Loading forecast product 'HRES' with bands ['hres_surface_net_solar_radiation', 'hres_surface_net_thermal_radiation', 'hres_surface_pressure', 'hres_temperature_2m', 'hres_total_precipitation']
[INFO] 15:24:15.730 (tester.py:_load_weights) -- Using the model weights from /usr/local/google/home/kruparell/openhydronets_next/pretrained-models/google-floodhub-settings-55-epochs-nse-filtered-0.5-85-epochs/model_epoch085.pt
[INFO] 15:24:41.796 (tester.py:evaluate) -- 1D NSE median=0.839705
[INFO] 15:24:41.796 (tester.py:evaluate) -- 1D KGE median=0.682350
[INFO] 15:24:41.839 (remote_cache.py:dump_cache_stats) -- Cache Metrics: None

[INFO] 15:24:41.843 (eval_frame.py:_log_traced_frames) -- TorchDynamo attempted to trace the following frames: [

]
[INFO] 15:24:41.864 (utils.py:dump_compile_times) -- TorchDynamo compilation metrics:
Function    Runtimes (s)
----------  --------------
[INFO] 15:24:41.867 (fake_tensor.py:dump_cache_stats) -- FakeTensor cache stats:
[INFO] 15:24:41.869 (fake_tensor.py:dump_cache_stats) --   cache_hits: 0
[INFO] 15:24:41.869 (fake_tensor.py:dump_cache_stats) --   cache_misses: 0
[INFO] 15:25:35.146 (logging_utils.py:setup_logging) -- Logging to /usr/local/google/home/kruparell/openhydronets_next/pretrained-models/google-floodhub-settings-55-epochs-nse-filtered-0.5-85-epochs/output.log initialized.
[WARNING] 15:25:35.149 (_py_warnings.py:_showwarnmsg) -- /usr/local/google/_blaze_kruparell/72787aa92579b56e308bdaa1f461a9e9_buildrabbit/execroot/google3/blaze-out/k8-fastbuild/bin/third_party/py/googlehydrology/run.runfiles/google3/third_party/py/dask/config.py:835: FutureWarning: Dask configuration key 'shuffle' has been deprecated; please use 'dataframe.shuffle.algorithm' instead
  warnings.warn(

[WARNING] 15:25:36.997 (flop_counter.py:<module>) -- triton not found; flop counting will not work for triton kernels
[INFO] 15:25:38.201 (registry.py:decorator) -- Registered template heuristic: ATenConfigHeuristics for template_name=aten::bmm_dtype, device_type=xpu, op_name=None
[INFO] 15:25:38.205 (registry.py:decorator) -- Registered template heuristic: ATenConfigHeuristics for template_name=aten::bmm_dtype, device_type=cuda, op_name=None
[INFO] 15:25:38.206 (registry.py:decorator) -- Registered template heuristic: ATenConfigHeuristics for template_name=aten::_mm_plus_mm, device_type=None, op_name=None
[INFO] 15:25:38.206 (registry.py:decorator) -- Registered template heuristic: ATenConfigHeuristics for template_name=aten::bmm, device_type=None, op_name=None
[INFO] 15:25:38.206 (registry.py:decorator) -- Registered template heuristic: ATenConfigHeuristics for template_name=aten::_int_mm, device_type=None, op_name=None
[INFO] 15:25:38.206 (registry.py:decorator) -- Registered template heuristic: ATenConfigHeuristics for template_name=aten::_scaled_mm, device_type=None, op_name=None
[INFO] 15:25:38.206 (registry.py:decorator) -- Registered template heuristic: ATenConfigHeuristics for template_name=aten::mm_dtype, device_type=xpu, op_name=None
[INFO] 15:25:38.206 (registry.py:decorator) -- Registered template heuristic: ATenConfigHeuristics for template_name=aten::mm_dtype, device_type=cuda, op_name=None
[INFO] 15:25:38.207 (registry.py:decorator) -- Registered template heuristic: ATenConfigHeuristics for template_name=aten::mm, device_type=None, op_name=None
[INFO] 15:25:38.207 (registry.py:decorator) -- Registered template heuristic: ATenAddMMConfigHeuristics for template_name=aten::baddbmm, device_type=None, op_name=baddbmm
[INFO] 15:25:38.207 (registry.py:decorator) -- Registered template heuristic: ATenAddMMConfigHeuristics for template_name=aten::addmm, device_type=None, op_name=addmm
[INFO] 15:25:38.207 (registry.py:decorator) -- Registered template heuristic: ATenBiasAddMMConfigHeuristics for template_name=aten::bias_addmm, device_type=None, op_name=addmm
[INFO] 15:25:38.208 (registry.py:decorator) -- Registered template heuristic: EmptyContiguousMMConfigHeuristics for template_name=contiguous_addmm, device_type=None, op_name=addmm
[INFO] 15:25:38.208 (registry.py:decorator) -- Registered template heuristic: EmptyContiguousMMConfigHeuristics for template_name=contiguous_mm, device_type=None, op_name=mm
[INFO] 15:25:38.208 (registry.py:decorator) -- Registered template heuristic: EmptyDecomposeKConfigHeuristics for template_name=decompose_k, device_type=None, op_name=mm
[INFO] 15:25:38.209 (registry.py:decorator) -- Registered template heuristic: DecomposeKConfigHeuristics for template_name=decompose_k, device_type=cuda, op_name=mm
[INFO] 15:25:38.209 (registry.py:decorator) -- Registered template heuristic: DecomposeKConfigHeuristics for template_name=decompose_k, device_type=xpu, op_name=mm
[INFO] 15:25:38.221 (registry.py:decorator) -- Registered template heuristic: CUDAMMTemplateConfigHeuristic for template_name=triton::bmm, device_type=cuda, op_name=None
[INFO] 15:25:38.221 (registry.py:decorator) -- Registered template heuristic: CUDAMMTemplateConfigHeuristic for template_name=triton::mm, device_type=cuda, op_name=None
[INFO] 15:25:38.222 (registry.py:decorator) -- Registered template heuristic: CUDAAddMMTemplateConfigHeuristic for template_name=triton::bmm, device_type=cuda, op_name=baddbmm
[INFO] 15:25:38.222 (registry.py:decorator) -- Registered template heuristic: CUDAAddMMTemplateConfigHeuristic for template_name=triton::mm, device_type=cuda, op_name=addmm
[INFO] 15:25:38.222 (registry.py:decorator) -- Registered template heuristic: CUDAMMAHTemplateConfigHeuristic for template_name=triton::mm, device_type=cuda, op_name=mm-ah
[INFO] 15:25:38.222 (registry.py:decorator) -- Registered template heuristic: CUDAPersistentTMATemplateConfigHeuristic for template_name=triton::mm_persistent_tma, device_type=cuda, op_name=None
[INFO] 15:25:38.223 (registry.py:decorator) -- Registered template heuristic: CUDABlackwellPersistentTMATemplateConfigHeuristic for template_name=triton::blackwell_ws_persistent_device_tma, device_type=cuda, op_name=None
[INFO] 15:25:38.223 (registry.py:decorator) -- Registered template heuristic: CUDAAddmmPersistentTMATemplateConfigHeuristic for template_name=triton::mm_persistent_tma, device_type=cuda, op_name=addmm
[INFO] 15:25:38.223 (registry.py:decorator) -- Registered template heuristic: CUDABlackwellAddmmPersistentTMATemplateConfigHeuristic for template_name=triton::blackwell_ws_persistent_device_tma, device_type=cuda, op_name=addmm
[INFO] 15:25:38.223 (registry.py:decorator) -- Registered template heuristic: CUDAScaledMMTemplateConfigHeuristic for template_name=triton::mm, device_type=cuda, op_name=scaled_mm
[INFO] 15:25:38.223 (registry.py:decorator) -- Registered template heuristic: CUDAScaledTMAEpilogueScalingTemplateConfigHeuristic for template_name=triton::scaled_mm_device_tma_epilogue_scaling, device_type=cuda, op_name=scaled_mm
[INFO] 15:25:38.224 (registry.py:decorator) -- Registered template heuristic: CUDAScaledTMAMainLoopScalingTemplateConfigHeuristic for template_name=triton::scaled_mm_device_tma_main_loop_scaling, device_type=cuda, op_name=scaled_mm
[INFO] 15:25:38.224 (registry.py:decorator) -- Registered template heuristic: CUDAScaledBlackwellTMATemplateConfigHeuristic for template_name=triton::blackwell_ws_persistent_device_tma, device_type=cuda, op_name=scaled_mm
[INFO] 15:25:38.224 (registry.py:decorator) -- Registered template heuristic: CUDAMMPlusMMTemplateConfigHeuristic for template_name=triton::mm_plus_mm, device_type=cuda, op_name=None
[INFO] 15:25:38.224 (registry.py:decorator) -- Registered template heuristic: CUDAInt8MMTemplateConfigHeuristic for template_name=triton::mm, device_type=cuda, op_name=int_mm
[INFO] 15:25:38.225 (registry.py:decorator) -- Registered template heuristic: CPUMMTemplateConfigHeuristic for template_name=triton::bmm, device_type=cpu, op_name=None
[INFO] 15:25:38.225 (registry.py:decorator) -- Registered template heuristic: CPUMMTemplateConfigHeuristic for template_name=triton::mm, device_type=cpu, op_name=None
[INFO] 15:25:38.225 (registry.py:decorator) -- Registered template heuristic: CPUAddmmTemplateConfigHeuristic for template_name=triton::bmm, device_type=cpu, op_name=baddbmm
[INFO] 15:25:38.226 (registry.py:decorator) -- Registered template heuristic: CPUAddmmTemplateConfigHeuristic for template_name=triton::mm, device_type=cpu, op_name=addmm
[INFO] 15:25:38.226 (registry.py:decorator) -- Registered template heuristic: CPUScaledMMTemplateConfigHeuristic for template_name=triton::mm, device_type=cpu, op_name=scaled_mm
[INFO] 15:25:38.226 (registry.py:decorator) -- Registered template heuristic: CPUInt8MMTemplateConfigHeuristic for template_name=triton::mm, device_type=cpu, op_name=int_mm
[INFO] 15:25:38.226 (registry.py:decorator) -- Registered template heuristic: CPUMMPlusMMTemplateConfigHeuristic for template_name=triton::mm_plus_mm, device_type=cpu, op_name=None
[INFO] 15:25:38.227 (registry.py:decorator) -- Registered template heuristic: XPUMMTemplateConfigHeuristic for template_name=triton::bmm, device_type=xpu, op_name=None
[INFO] 15:25:38.227 (registry.py:decorator) -- Registered template heuristic: XPUMMTemplateConfigHeuristic for template_name=triton::mm, device_type=xpu, op_name=None
[INFO] 15:25:38.227 (registry.py:decorator) -- Registered template heuristic: XPUAddmmTemplateConfigHeuristic for template_name=triton::bmm, device_type=xpu, op_name=baddbmm
[INFO] 15:25:38.227 (registry.py:decorator) -- Registered template heuristic: XPUAddmmTemplateConfigHeuristic for template_name=triton::mm, device_type=xpu, op_name=addmm
[INFO] 15:25:38.227 (registry.py:decorator) -- Registered template heuristic: XPUPersistentTMATemplateConfigHeuristic for template_name=triton::mm_persistent_tma, device_type=xpu, op_name=None
[INFO] 15:25:38.227 (registry.py:decorator) -- Registered template heuristic: XPUAddmmPersistentTMATemplateConfigHeuristic for template_name=triton::mm_persistent_tma, device_type=xpu, op_name=addmm
[INFO] 15:25:38.228 (registry.py:decorator) -- Registered template heuristic: XPUScaledMMTemplateConfigHeuristic for template_name=triton::mm, device_type=xpu, op_name=scaled_mm
[INFO] 15:25:38.228 (registry.py:decorator) -- Registered template heuristic: XPUInt8MMTemplateConfigHeuristic for template_name=triton::mm, device_type=xpu, op_name=int_mm
[INFO] 15:25:38.228 (registry.py:decorator) -- Registered template heuristic: XPUMMPlusMMTemplateConfigHeuristic for template_name=triton::mm_plus_mm, device_type=xpu, op_name=None
[INFO] 15:25:38.228 (registry.py:decorator) -- Registered template heuristic: MTIAMMTemplateConfigHeuristic for template_name=triton::bmm, device_type=mtia, op_name=None
[INFO] 15:25:38.229 (registry.py:decorator) -- Registered template heuristic: MTIAMMTemplateConfigHeuristic for template_name=triton::mm, device_type=mtia, op_name=None
[INFO] 15:25:38.229 (registry.py:decorator) -- Registered template heuristic: MTIAAddMMTemplateConfigHeuristic for template_name=triton::bmm, device_type=mtia, op_name=baddbmm
[INFO] 15:25:38.229 (registry.py:decorator) -- Registered template heuristic: MTIAAddMMTemplateConfigHeuristic for template_name=triton::mm, device_type=mtia, op_name=addmm
[INFO] 15:25:38.229 (registry.py:decorator) -- Registered template heuristic: MTIAScaledMMTemplateConfigHeuristic for template_name=triton::mm, device_type=mtia, op_name=scaled_mm
[INFO] 15:25:38.229 (registry.py:decorator) -- Registered template heuristic: MTIAInt8MMTemplateConfigHeuristic for template_name=triton::mm, device_type=mtia, op_name=int_mm
[INFO] 15:25:38.230 (registry.py:decorator) -- Registered template heuristic: MTIAMMPlusMMTemplateConfigHeuristic for template_name=triton::mm_plus_mm, device_type=mtia, op_name=None
[INFO] 15:25:40.627 (multimet.py:_load_hindcast_as_zarr) -- Loading hindcast product 'CPC' with bands ['cpc_precipitation']
[INFO] 15:25:40.709 (multimet.py:_load_hindcast_as_zarr) -- Loading hindcast product 'GRAPHCAST' with bands ['graphcast_temperature_2m', 'graphcast_total_precipitation']
[INFO] 15:25:40.797 (multimet.py:_load_hindcast_as_zarr) -- Loading hindcast product 'HRES' with bands ['hres_surface_net_solar_radiation', 'hres_surface_net_thermal_radiation', 'hres_surface_pressure', 'hres_temperature_2m', 'hres_total_precipitation']
[INFO] 15:25:40.890 (multimet.py:_load_hindcast_as_zarr) -- Loading hindcast product 'IMERG' with bands ['imerg_precipitation']
[INFO] 15:25:40.969 (multimet.py:_load_hindcast_as_zarr) -- Loading hindcast product 'ERA5_LAND' with bands ['era5land_total_precipitation', 'era5land_temperature_2m', 'era5land_surface_net_solar_radiation', 'era5land_surface_net_thermal_radiation', 'era5land_surface_pressure']
[INFO] 15:25:41.750 (multimet.py:_load_forecast_as_zarr) -- Loading forecast product 'GRAPHCAST' with bands ['graphcast_temperature_2m', 'graphcast_total_precipitation']
[INFO] 15:25:41.114 (multimet.py:_load_forecast_as_zarr) -- Loading forecast product 'HRES' with bands ['hres_surface_net_solar_radiation', 'hres_surface_net_thermal_radiation', 'hres_surface_pressure', 'hres_temperature_2m', 'hres_total_precipitation']
[INFO] 15:25:49.374 (tester.py:_load_weights) -- Using the model weights from /usr/local/google/home/kruparell/openhydronets_next/pretrained-models/google-floodhub-settings-55-epochs-nse-filtered-0.5-85-epochs/model_epoch085.pt
[INFO] 15:26:27.167 (tester.py:evaluate) -- 1D NSE median=0.169843
[INFO] 15:26:27.167 (tester.py:evaluate) -- 1D KGE median=0.403615
[INFO] 15:26:27.216 (remote_cache.py:dump_cache_stats) -- Cache Metrics: None

[INFO] 15:26:27.221 (eval_frame.py:_log_traced_frames) -- TorchDynamo attempted to trace the following frames: [

]
[INFO] 15:26:27.242 (utils.py:dump_compile_times) -- TorchDynamo compilation metrics:
Function    Runtimes (s)
----------  --------------
[INFO] 15:26:27.244 (fake_tensor.py:dump_cache_stats) -- FakeTensor cache stats:
[INFO] 15:26:27.247 (fake_tensor.py:dump_cache_stats) --   cache_hits: 0
[INFO] 15:26:27.247 (fake_tensor.py:dump_cache_stats) --   cache_misses: 0
[INFO] 15:27:11.514 (logging_utils.py:setup_logging) -- Logging to /usr/local/google/home/kruparell/openhydronets_next/pretrained-models/google-floodhub-settings-55-epochs-nse-filtered-0.5-85-epochs/output.log initialized.
[WARNING] 15:27:11.518 (_py_warnings.py:_showwarnmsg) -- /usr/local/google/_blaze_kruparell/72787aa92579b56e308bdaa1f461a9e9_buildrabbit/execroot/google3/blaze-out/k8-fastbuild/bin/third_party/py/googlehydrology/run.runfiles/google3/third_party/py/dask/config.py:835: FutureWarning: Dask configuration key 'shuffle' has been deprecated; please use 'dataframe.shuffle.algorithm' instead
  warnings.warn(

[WARNING] 15:27:13.393 (flop_counter.py:<module>) -- triton not found; flop counting will not work for triton kernels
[INFO] 15:27:14.682 (registry.py:decorator) -- Registered template heuristic: ATenConfigHeuristics for template_name=aten::bmm_dtype, device_type=xpu, op_name=None
[INFO] 15:27:14.685 (registry.py:decorator) -- Registered template heuristic: ATenConfigHeuristics for template_name=aten::bmm_dtype, device_type=cuda, op_name=None
[INFO] 15:27:14.685 (registry.py:decorator) -- Registered template heuristic: ATenConfigHeuristics for template_name=aten::_mm_plus_mm, device_type=None, op_name=None
[INFO] 15:27:14.685 (registry.py:decorator) -- Registered template heuristic: ATenConfigHeuristics for template_name=aten::bmm, device_type=None, op_name=None
[INFO] 15:27:14.685 (registry.py:decorator) -- Registered template heuristic: ATenConfigHeuristics for template_name=aten::_int_mm, device_type=None, op_name=None
[INFO] 15:27:14.686 (registry.py:decorator) -- Registered template heuristic: ATenConfigHeuristics for template_name=aten::_scaled_mm, device_type=None, op_name=None
[INFO] 15:27:14.686 (registry.py:decorator) -- Registered template heuristic: ATenConfigHeuristics for template_name=aten::mm_dtype, device_type=xpu, op_name=None
[INFO] 15:27:14.686 (registry.py:decorator) -- Registered template heuristic: ATenConfigHeuristics for template_name=aten::mm_dtype, device_type=cuda, op_name=None
[INFO] 15:27:14.686 (registry.py:decorator) -- Registered template heuristic: ATenConfigHeuristics for template_name=aten::mm, device_type=None, op_name=None
[INFO] 15:27:14.686 (registry.py:decorator) -- Registered template heuristic: ATenAddMMConfigHeuristics for template_name=aten::baddbmm, device_type=None, op_name=baddbmm
[INFO] 15:27:14.686 (registry.py:decorator) -- Registered template heuristic: ATenAddMMConfigHeuristics for template_name=aten::addmm, device_type=None, op_name=addmm
[INFO] 15:27:14.687 (registry.py:decorator) -- Registered template heuristic: ATenBiasAddMMConfigHeuristics for template_name=aten::bias_addmm, device_type=None, op_name=addmm
[INFO] 15:27:14.687 (registry.py:decorator) -- Registered template heuristic: EmptyContiguousMMConfigHeuristics for template_name=contiguous_addmm, device_type=None, op_name=addmm
[INFO] 15:27:14.687 (registry.py:decorator) -- Registered template heuristic: EmptyContiguousMMConfigHeuristics for template_name=contiguous_mm, device_type=None, op_name=mm
[INFO] 15:27:14.688 (registry.py:decorator) -- Registered template heuristic: EmptyDecomposeKConfigHeuristics for template_name=decompose_k, device_type=None, op_name=mm
[INFO] 15:27:14.688 (registry.py:decorator) -- Registered template heuristic: DecomposeKConfigHeuristics for template_name=decompose_k, device_type=cuda, op_name=mm
[INFO] 15:27:14.688 (registry.py:decorator) -- Registered template heuristic: DecomposeKConfigHeuristics for template_name=decompose_k, device_type=xpu, op_name=mm
[INFO] 15:27:14.699 (registry.py:decorator) -- Registered template heuristic: CUDAMMTemplateConfigHeuristic for template_name=triton::bmm, device_type=cuda, op_name=None
[INFO] 15:27:14.699 (registry.py:decorator) -- Registered template heuristic: CUDAMMTemplateConfigHeuristic for template_name=triton::mm, device_type=cuda, op_name=None
[INFO] 15:27:14.699 (registry.py:decorator) -- Registered template heuristic: CUDAAddMMTemplateConfigHeuristic for template_name=triton::bmm, device_type=cuda, op_name=baddbmm
[INFO] 15:27:14.699 (registry.py:decorator) -- Registered template heuristic: CUDAAddMMTemplateConfigHeuristic for template_name=triton::mm, device_type=cuda, op_name=addmm
[INFO] 15:27:14.700 (registry.py:decorator) -- Registered template heuristic: CUDAMMAHTemplateConfigHeuristic for template_name=triton::mm, device_type=cuda, op_name=mm-ah
[INFO] 15:27:14.700 (registry.py:decorator) -- Registered template heuristic: CUDAPersistentTMATemplateConfigHeuristic for template_name=triton::mm_persistent_tma, device_type=cuda, op_name=None
[INFO] 15:27:14.700 (registry.py:decorator) -- Registered template heuristic: CUDABlackwellPersistentTMATemplateConfigHeuristic for template_name=triton::blackwell_ws_persistent_device_tma, device_type=cuda, op_name=None
[INFO] 15:27:14.700 (registry.py:decorator) -- Registered template heuristic: CUDAAddmmPersistentTMATemplateConfigHeuristic for template_name=triton::mm_persistent_tma, device_type=cuda, op_name=addmm
[INFO] 15:27:14.700 (registry.py:decorator) -- Registered template heuristic: CUDABlackwellAddmmPersistentTMATemplateConfigHeuristic for template_name=triton::blackwell_ws_persistent_device_tma, device_type=cuda, op_name=addmm
[INFO] 15:27:14.701 (registry.py:decorator) -- Registered template heuristic: CUDAScaledMMTemplateConfigHeuristic for template_name=triton::mm, device_type=cuda, op_name=scaled_mm
[INFO] 15:27:14.701 (registry.py:decorator) -- Registered template heuristic: CUDAScaledTMAEpilogueScalingTemplateConfigHeuristic for template_name=triton::scaled_mm_device_tma_epilogue_scaling, device_type=cuda, op_name=scaled_mm
[INFO] 15:27:14.701 (registry.py:decorator) -- Registered template heuristic: CUDAScaledTMAMainLoopScalingTemplateConfigHeuristic for template_name=triton::scaled_mm_device_tma_main_loop_scaling, device_type=cuda, op_name=scaled_mm
[INFO] 15:27:14.701 (registry.py:decorator) -- Registered template heuristic: CUDAScaledBlackwellTMATemplateConfigHeuristic for template_name=triton::blackwell_ws_persistent_device_tma, device_type=cuda, op_name=scaled_mm
[INFO] 15:27:14.701 (registry.py:decorator) -- Registered template heuristic: CUDAMMPlusMMTemplateConfigHeuristic for template_name=triton::mm_plus_mm, device_type=cuda, op_name=None
[INFO] 15:27:14.702 (registry.py:decorator) -- Registered template heuristic: CUDAInt8MMTemplateConfigHeuristic for template_name=triton::mm, device_type=cuda, op_name=int_mm
[INFO] 15:27:14.702 (registry.py:decorator) -- Registered template heuristic: CPUMMTemplateConfigHeuristic for template_name=triton::bmm, device_type=cpu, op_name=None
[INFO] 15:27:14.702 (registry.py:decorator) -- Registered template heuristic: CPUMMTemplateConfigHeuristic for template_name=triton::mm, device_type=cpu, op_name=None
[INFO] 15:27:14.702 (registry.py:decorator) -- Registered template heuristic: CPUAddmmTemplateConfigHeuristic for template_name=triton::bmm, device_type=cpu, op_name=baddbmm
[INFO] 15:27:14.703 (registry.py:decorator) -- Registered template heuristic: CPUAddmmTemplateConfigHeuristic for template_name=triton::mm, device_type=cpu, op_name=addmm
[INFO] 15:27:14.703 (registry.py:decorator) -- Registered template heuristic: CPUScaledMMTemplateConfigHeuristic for template_name=triton::mm, device_type=cpu, op_name=scaled_mm
[INFO] 15:27:14.703 (registry.py:decorator) -- Registered template heuristic: CPUInt8MMTemplateConfigHeuristic for template_name=triton::mm, device_type=cpu, op_name=int_mm
[INFO] 15:27:14.703 (registry.py:decorator) -- Registered template heuristic: CPUMMPlusMMTemplateConfigHeuristic for template_name=triton::mm_plus_mm, device_type=cpu, op_name=None
[INFO] 15:27:14.703 (registry.py:decorator) -- Registered template heuristic: XPUMMTemplateConfigHeuristic for template_name=triton::bmm, device_type=xpu, op_name=None
[INFO] 15:27:14.704 (registry.py:decorator) -- Registered template heuristic: XPUMMTemplateConfigHeuristic for template_name=triton::mm, device_type=xpu, op_name=None
[INFO] 15:27:14.704 (registry.py:decorator) -- Registered template heuristic: XPUAddmmTemplateConfigHeuristic for template_name=triton::bmm, device_type=xpu, op_name=baddbmm
[INFO] 15:27:14.704 (registry.py:decorator) -- Registered template heuristic: XPUAddmmTemplateConfigHeuristic for template_name=triton::mm, device_type=xpu, op_name=addmm
[INFO] 15:27:14.704 (registry.py:decorator) -- Registered template heuristic: XPUPersistentTMATemplateConfigHeuristic for template_name=triton::mm_persistent_tma, device_type=xpu, op_name=None
[INFO] 15:27:14.704 (registry.py:decorator) -- Registered template heuristic: XPUAddmmPersistentTMATemplateConfigHeuristic for template_name=triton::mm_persistent_tma, device_type=xpu, op_name=addmm
[INFO] 15:27:14.704 (registry.py:decorator) -- Registered template heuristic: XPUScaledMMTemplateConfigHeuristic for template_name=triton::mm, device_type=xpu, op_name=scaled_mm
[INFO] 15:27:14.705 (registry.py:decorator) -- Registered template heuristic: XPUInt8MMTemplateConfigHeuristic for template_name=triton::mm, device_type=xpu, op_name=int_mm
[INFO] 15:27:14.705 (registry.py:decorator) -- Registered template heuristic: XPUMMPlusMMTemplateConfigHeuristic for template_name=triton::mm_plus_mm, device_type=xpu, op_name=None
[INFO] 15:27:14.705 (registry.py:decorator) -- Registered template heuristic: MTIAMMTemplateConfigHeuristic for template_name=triton::bmm, device_type=mtia, op_name=None
[INFO] 15:27:14.705 (registry.py:decorator) -- Registered template heuristic: MTIAMMTemplateConfigHeuristic for template_name=triton::mm, device_type=mtia, op_name=None
[INFO] 15:27:14.705 (registry.py:decorator) -- Registered template heuristic: MTIAAddMMTemplateConfigHeuristic for template_name=triton::bmm, device_type=mtia, op_name=baddbmm
[INFO] 15:27:14.706 (registry.py:decorator) -- Registered template heuristic: MTIAAddMMTemplateConfigHeuristic for template_name=triton::mm, device_type=mtia, op_name=addmm
[INFO] 15:27:14.706 (registry.py:decorator) -- Registered template heuristic: MTIAScaledMMTemplateConfigHeuristic for template_name=triton::mm, device_type=mtia, op_name=scaled_mm
[INFO] 15:27:14.706 (registry.py:decorator) -- Registered template heuristic: MTIAInt8MMTemplateConfigHeuristic for template_name=triton::mm, device_type=mtia, op_name=int_mm
[INFO] 15:27:14.706 (registry.py:decorator) -- Registered template heuristic: MTIAMMPlusMMTemplateConfigHeuristic for template_name=triton::mm_plus_mm, device_type=mtia, op_name=None
[INFO] 15:27:17.104 (multimet.py:_load_hindcast_as_zarr) -- Loading hindcast product 'CPC' with bands ['cpc_precipitation']
[INFO] 15:27:17.188 (multimet.py:_load_hindcast_as_zarr) -- Loading hindcast product 'GRAPHCAST' with bands ['graphcast_temperature_2m', 'graphcast_total_precipitation']
[INFO] 15:27:17.287 (multimet.py:_load_hindcast_as_zarr) -- Loading hindcast product 'HRES' with bands ['hres_surface_net_solar_radiation', 'hres_surface_net_thermal_radiation', 'hres_surface_pressure', 'hres_temperature_2m', 'hres_total_precipitation']
[INFO] 15:27:17.376 (multimet.py:_load_hindcast_as_zarr) -- Loading hindcast product 'IMERG' with bands ['imerg_precipitation']
[INFO] 15:27:17.456 (multimet.py:_load_hindcast_as_zarr) -- Loading hindcast product 'ERA5_LAND' with bands ['era5land_total_precipitation', 'era5land_temperature_2m', 'era5land_surface_net_solar_radiation', 'era5land_surface_net_thermal_radiation', 'era5land_surface_pressure']
[INFO] 15:27:17.588 (multimet.py:_load_forecast_as_zarr) -- Loading forecast product 'GRAPHCAST' with bands ['graphcast_temperature_2m', 'graphcast_total_precipitation']
[INFO] 15:27:17.628 (multimet.py:_load_forecast_as_zarr) -- Loading forecast product 'HRES' with bands ['hres_surface_net_solar_radiation', 'hres_surface_net_thermal_radiation', 'hres_surface_pressure', 'hres_temperature_2m', 'hres_total_precipitation']
[INFO] 15:27:26.140 (tester.py:_load_weights) -- Using the model weights from /usr/local/google/home/kruparell/openhydronets_next/pretrained-models/google-floodhub-settings-55-epochs-nse-filtered-0.5-85-epochs/model_epoch085.pt
[INFO] 15:28:03.639 (tester.py:evaluate) -- 1D NSE median=0.169843
[INFO] 15:28:03.639 (tester.py:evaluate) -- 1D KGE median=0.403615
[INFO] 15:28:03.685 (remote_cache.py:dump_cache_stats) -- Cache Metrics: None

[INFO] 15:28:03.690 (eval_frame.py:_log_traced_frames) -- TorchDynamo attempted to trace the following frames: [

]
[INFO] 15:28:03.713 (utils.py:dump_compile_times) -- TorchDynamo compilation metrics:
Function    Runtimes (s)
----------  --------------
[INFO] 15:28:03.715 (fake_tensor.py:dump_cache_stats) -- FakeTensor cache stats:
[INFO] 15:28:03.717 (fake_tensor.py:dump_cache_stats) --   cache_hits: 0
[INFO] 15:28:03.717 (fake_tensor.py:dump_cache_stats) --   cache_misses: 0
[INFO] 15:30:33.450 (logging_utils.py:setup_logging) -- Logging to /usr/local/google/home/kruparell/openhydronets_next/pretrained-models/google-floodhub-settings-55-epochs-nse-filtered-0.5-85-epochs/output.log initialized.
[WARNING] 15:30:33.454 (_py_warnings.py:_showwarnmsg) -- /usr/local/google/_blaze_kruparell/72787aa92579b56e308bdaa1f461a9e9_buildrabbit/execroot/google3/blaze-out/k8-fastbuild/bin/third_party/py/googlehydrology/run.runfiles/google3/third_party/py/dask/config.py:835: FutureWarning: Dask configuration key 'shuffle' has been deprecated; please use 'dataframe.shuffle.algorithm' instead
  warnings.warn(

[WARNING] 15:30:35.357 (flop_counter.py:<module>) -- triton not found; flop counting will not work for triton kernels
[INFO] 15:30:36.600 (registry.py:decorator) -- Registered template heuristic: ATenConfigHeuristics for template_name=aten::bmm_dtype, device_type=xpu, op_name=None
[INFO] 15:30:36.603 (registry.py:decorator) -- Registered template heuristic: ATenConfigHeuristics for template_name=aten::bmm_dtype, device_type=cuda, op_name=None
[INFO] 15:30:36.603 (registry.py:decorator) -- Registered template heuristic: ATenConfigHeuristics for template_name=aten::_mm_plus_mm, device_type=None, op_name=None
[INFO] 15:30:36.603 (registry.py:decorator) -- Registered template heuristic: ATenConfigHeuristics for template_name=aten::bmm, device_type=None, op_name=None
[INFO] 15:30:36.604 (registry.py:decorator) -- Registered template heuristic: ATenConfigHeuristics for template_name=aten::_int_mm, device_type=None, op_name=None
[INFO] 15:30:36.604 (registry.py:decorator) -- Registered template heuristic: ATenConfigHeuristics for template_name=aten::_scaled_mm, device_type=None, op_name=None
[INFO] 15:30:36.604 (registry.py:decorator) -- Registered template heuristic: ATenConfigHeuristics for template_name=aten::mm_dtype, device_type=xpu, op_name=None
[INFO] 15:30:36.604 (registry.py:decorator) -- Registered template heuristic: ATenConfigHeuristics for template_name=aten::mm_dtype, device_type=cuda, op_name=None
[INFO] 15:30:36.605 (registry.py:decorator) -- Registered template heuristic: ATenConfigHeuristics for template_name=aten::mm, device_type=None, op_name=None
[INFO] 15:30:36.605 (registry.py:decorator) -- Registered template heuristic: ATenAddMMConfigHeuristics for template_name=aten::baddbmm, device_type=None, op_name=baddbmm
[INFO] 15:30:36.605 (registry.py:decorator) -- Registered template heuristic: ATenAddMMConfigHeuristics for template_name=aten::addmm, device_type=None, op_name=addmm
[INFO] 15:30:36.605 (registry.py:decorator) -- Registered template heuristic: ATenBiasAddMMConfigHeuristics for template_name=aten::bias_addmm, device_type=None, op_name=addmm
[INFO] 15:30:36.606 (registry.py:decorator) -- Registered template heuristic: EmptyContiguousMMConfigHeuristics for template_name=contiguous_addmm, device_type=None, op_name=addmm
[INFO] 15:30:36.606 (registry.py:decorator) -- Registered template heuristic: EmptyContiguousMMConfigHeuristics for template_name=contiguous_mm, device_type=None, op_name=mm
[INFO] 15:30:36.606 (registry.py:decorator) -- Registered template heuristic: EmptyDecomposeKConfigHeuristics for template_name=decompose_k, device_type=None, op_name=mm
[INFO] 15:30:36.607 (registry.py:decorator) -- Registered template heuristic: DecomposeKConfigHeuristics for template_name=decompose_k, device_type=cuda, op_name=mm
[INFO] 15:30:36.607 (registry.py:decorator) -- Registered template heuristic: DecomposeKConfigHeuristics for template_name=decompose_k, device_type=xpu, op_name=mm
[INFO] 15:30:36.617 (registry.py:decorator) -- Registered template heuristic: CUDAMMTemplateConfigHeuristic for template_name=triton::bmm, device_type=cuda, op_name=None
[INFO] 15:30:36.618 (registry.py:decorator) -- Registered template heuristic: CUDAMMTemplateConfigHeuristic for template_name=triton::mm, device_type=cuda, op_name=None
[INFO] 15:30:36.618 (registry.py:decorator) -- Registered template heuristic: CUDAAddMMTemplateConfigHeuristic for template_name=triton::bmm, device_type=cuda, op_name=baddbmm
[INFO] 15:30:36.618 (registry.py:decorator) -- Registered template heuristic: CUDAAddMMTemplateConfigHeuristic for template_name=triton::mm, device_type=cuda, op_name=addmm
[INFO] 15:30:36.618 (registry.py:decorator) -- Registered template heuristic: CUDAMMAHTemplateConfigHeuristic for template_name=triton::mm, device_type=cuda, op_name=mm-ah
[INFO] 15:30:36.619 (registry.py:decorator) -- Registered template heuristic: CUDAPersistentTMATemplateConfigHeuristic for template_name=triton::mm_persistent_tma, device_type=cuda, op_name=None
[INFO] 15:30:36.619 (registry.py:decorator) -- Registered template heuristic: CUDABlackwellPersistentTMATemplateConfigHeuristic for template_name=triton::blackwell_ws_persistent_device_tma, device_type=cuda, op_name=None
[INFO] 15:30:36.619 (registry.py:decorator) -- Registered template heuristic: CUDAAddmmPersistentTMATemplateConfigHeuristic for template_name=triton::mm_persistent_tma, device_type=cuda, op_name=addmm
[INFO] 15:30:36.619 (registry.py:decorator) -- Registered template heuristic: CUDABlackwellAddmmPersistentTMATemplateConfigHeuristic for template_name=triton::blackwell_ws_persistent_device_tma, device_type=cuda, op_name=addmm
[INFO] 15:30:36.619 (registry.py:decorator) -- Registered template heuristic: CUDAScaledMMTemplateConfigHeuristic for template_name=triton::mm, device_type=cuda, op_name=scaled_mm
[INFO] 15:30:36.620 (registry.py:decorator) -- Registered template heuristic: CUDAScaledTMAEpilogueScalingTemplateConfigHeuristic for template_name=triton::scaled_mm_device_tma_epilogue_scaling, device_type=cuda, op_name=scaled_mm
[INFO] 15:30:36.620 (registry.py:decorator) -- Registered template heuristic: CUDAScaledTMAMainLoopScalingTemplateConfigHeuristic for template_name=triton::scaled_mm_device_tma_main_loop_scaling, device_type=cuda, op_name=scaled_mm
[INFO] 15:30:36.620 (registry.py:decorator) -- Registered template heuristic: CUDAScaledBlackwellTMATemplateConfigHeuristic for template_name=triton::blackwell_ws_persistent_device_tma, device_type=cuda, op_name=scaled_mm
[INFO] 15:30:36.621 (registry.py:decorator) -- Registered template heuristic: CUDAMMPlusMMTemplateConfigHeuristic for template_name=triton::mm_plus_mm, device_type=cuda, op_name=None
[INFO] 15:30:36.621 (registry.py:decorator) -- Registered template heuristic: CUDAInt8MMTemplateConfigHeuristic for template_name=triton::mm, device_type=cuda, op_name=int_mm
[INFO] 15:30:36.621 (registry.py:decorator) -- Registered template heuristic: CPUMMTemplateConfigHeuristic for template_name=triton::bmm, device_type=cpu, op_name=None
[INFO] 15:30:36.622 (registry.py:decorator) -- Registered template heuristic: CPUMMTemplateConfigHeuristic for template_name=triton::mm, device_type=cpu, op_name=None
[INFO] 15:30:36.622 (registry.py:decorator) -- Registered template heuristic: CPUAddmmTemplateConfigHeuristic for template_name=triton::bmm, device_type=cpu, op_name=baddbmm
[INFO] 15:30:36.622 (registry.py:decorator) -- Registered template heuristic: CPUAddmmTemplateConfigHeuristic for template_name=triton::mm, device_type=cpu, op_name=addmm
[INFO] 15:30:36.622 (registry.py:decorator) -- Registered template heuristic: CPUScaledMMTemplateConfigHeuristic for template_name=triton::mm, device_type=cpu, op_name=scaled_mm
[INFO] 15:30:36.623 (registry.py:decorator) -- Registered template heuristic: CPUInt8MMTemplateConfigHeuristic for template_name=triton::mm, device_type=cpu, op_name=int_mm
[INFO] 15:30:36.623 (registry.py:decorator) -- Registered template heuristic: CPUMMPlusMMTemplateConfigHeuristic for template_name=triton::mm_plus_mm, device_type=cpu, op_name=None
[INFO] 15:30:36.623 (registry.py:decorator) -- Registered template heuristic: XPUMMTemplateConfigHeuristic for template_name=triton::bmm, device_type=xpu, op_name=None
[INFO] 15:30:36.623 (registry.py:decorator) -- Registered template heuristic: XPUMMTemplateConfigHeuristic for template_name=triton::mm, device_type=xpu, op_name=None
[INFO] 15:30:36.623 (registry.py:decorator) -- Registered template heuristic: XPUAddmmTemplateConfigHeuristic for template_name=triton::bmm, device_type=xpu, op_name=baddbmm
[INFO] 15:30:36.624 (registry.py:decorator) -- Registered template heuristic: XPUAddmmTemplateConfigHeuristic for template_name=triton::mm, device_type=xpu, op_name=addmm
[INFO] 15:30:36.624 (registry.py:decorator) -- Registered template heuristic: XPUPersistentTMATemplateConfigHeuristic for template_name=triton::mm_persistent_tma, device_type=xpu, op_name=None
[INFO] 15:30:36.624 (registry.py:decorator) -- Registered template heuristic: XPUAddmmPersistentTMATemplateConfigHeuristic for template_name=triton::mm_persistent_tma, device_type=xpu, op_name=addmm
[INFO] 15:30:36.624 (registry.py:decorator) -- Registered template heuristic: XPUScaledMMTemplateConfigHeuristic for template_name=triton::mm, device_type=xpu, op_name=scaled_mm
[INFO] 15:30:36.625 (registry.py:decorator) -- Registered template heuristic: XPUInt8MMTemplateConfigHeuristic for template_name=triton::mm, device_type=xpu, op_name=int_mm
[INFO] 15:30:36.625 (registry.py:decorator) -- Registered template heuristic: XPUMMPlusMMTemplateConfigHeuristic for template_name=triton::mm_plus_mm, device_type=xpu, op_name=None
[INFO] 15:30:36.625 (registry.py:decorator) -- Registered template heuristic: MTIAMMTemplateConfigHeuristic for template_name=triton::bmm, device_type=mtia, op_name=None
[INFO] 15:30:36.625 (registry.py:decorator) -- Registered template heuristic: MTIAMMTemplateConfigHeuristic for template_name=triton::mm, device_type=mtia, op_name=None
[INFO] 15:30:36.626 (registry.py:decorator) -- Registered template heuristic: MTIAAddMMTemplateConfigHeuristic for template_name=triton::bmm, device_type=mtia, op_name=baddbmm
[INFO] 15:30:36.626 (registry.py:decorator) -- Registered template heuristic: MTIAAddMMTemplateConfigHeuristic for template_name=triton::mm, device_type=mtia, op_name=addmm
[INFO] 15:30:36.626 (registry.py:decorator) -- Registered template heuristic: MTIAScaledMMTemplateConfigHeuristic for template_name=triton::mm, device_type=mtia, op_name=scaled_mm
[INFO] 15:30:36.626 (registry.py:decorator) -- Registered template heuristic: MTIAInt8MMTemplateConfigHeuristic for template_name=triton::mm, device_type=mtia, op_name=int_mm
[INFO] 15:30:36.626 (registry.py:decorator) -- Registered template heuristic: MTIAMMPlusMMTemplateConfigHeuristic for template_name=triton::mm_plus_mm, device_type=mtia, op_name=None
[INFO] 15:30:38.958 (multimet.py:_load_hindcast_as_zarr) -- Loading hindcast product 'CPC' with bands ['cpc_precipitation']
[INFO] 15:30:39.490 (multimet.py:_load_hindcast_as_zarr) -- Loading hindcast product 'GRAPHCAST' with bands ['graphcast_temperature_2m', 'graphcast_total_precipitation']
[INFO] 15:30:39.145 (multimet.py:_load_hindcast_as_zarr) -- Loading hindcast product 'HRES' with bands ['hres_surface_net_solar_radiation', 'hres_surface_net_thermal_radiation', 'hres_surface_pressure', 'hres_temperature_2m', 'hres_total_precipitation']
[INFO] 15:30:39.250 (multimet.py:_load_hindcast_as_zarr) -- Loading hindcast product 'IMERG' with bands ['imerg_precipitation']
[INFO] 15:30:39.338 (multimet.py:_load_hindcast_as_zarr) -- Loading hindcast product 'ERA5_LAND' with bands ['era5land_total_precipitation', 'era5land_temperature_2m', 'era5land_surface_net_solar_radiation', 'era5land_surface_net_thermal_radiation', 'era5land_surface_pressure']
[INFO] 15:30:39.463 (multimet.py:_load_forecast_as_zarr) -- Loading forecast product 'GRAPHCAST' with bands ['graphcast_temperature_2m', 'graphcast_total_precipitation']
[INFO] 15:30:39.501 (multimet.py:_load_forecast_as_zarr) -- Loading forecast product 'HRES' with bands ['hres_surface_net_solar_radiation', 'hres_surface_net_thermal_radiation', 'hres_surface_pressure', 'hres_temperature_2m', 'hres_total_precipitation']
[INFO] 15:30:47.553 (tester.py:_load_weights) -- Using the model weights from /usr/local/google/home/kruparell/openhydronets_next/pretrained-models/google-floodhub-settings-55-epochs-nse-filtered-0.5-85-epochs/model_epoch085.pt
[INFO] 15:31:25.135 (tester.py:evaluate) -- 1D NSE median=0.169843
[INFO] 15:31:25.135 (tester.py:evaluate) -- 1D KGE median=0.403615
[INFO] 15:31:25.185 (remote_cache.py:dump_cache_stats) -- Cache Metrics: None

[INFO] 15:31:25.190 (eval_frame.py:_log_traced_frames) -- TorchDynamo attempted to trace the following frames: [

]
[INFO] 15:31:25.215 (utils.py:dump_compile_times) -- TorchDynamo compilation metrics:
Function    Runtimes (s)
----------  --------------
[INFO] 15:31:25.217 (fake_tensor.py:dump_cache_stats) -- FakeTensor cache stats:
[INFO] 15:31:25.220 (fake_tensor.py:dump_cache_stats) --   cache_hits: 0
[INFO] 15:31:25.220 (fake_tensor.py:dump_cache_stats) --   cache_misses: 0
